file,tool,attempted,status,success,returncode,finding_count,line,severity,check_id,message,evidence,log_path
/home/yichen/Desktop/Qwen_GSCP05/F001.c,cppcheck,True,success,True,0,6,2,information,missingIncludeSystem,Include file: <stdio.h> not found. Please note: Cppcheck does not need standard library headers to get proper results.,/home/yichen/Desktop/Qwen_GSCP05/F001.c|2|information|missingIncludeSystem|Include file: <stdio.h> not found. Please note: Cppcheck does not need standard library headers to get proper results.,/home/yichen/Desktop/Qwen_GSCP_Results05/logs/F001_cppcheck.log
/home/yichen/Desktop/Qwen_GSCP05/F001.c,cppcheck,True,success,True,0,6,3,information,missingIncludeSystem,Include file: <stdlib.h> not found. Please note: Cppcheck does not need standard library headers to get proper results.,/home/yichen/Desktop/Qwen_GSCP05/F001.c|3|information|missingIncludeSystem|Include file: <stdlib.h> not found. Please note: Cppcheck does not need standard library headers to get proper results.,/home/yichen/Desktop/Qwen_GSCP_Results05/logs/F001_cppcheck.log
/home/yichen/Desktop/Qwen_GSCP05/F001.c,cppcheck,True,success,True,0,6,4,information,missingIncludeSystem,Include file: <string.h> not found. Please note: Cppcheck does not need standard library headers to get proper results.,/home/yichen/Desktop/Qwen_GSCP05/F001.c|4|information|missingIncludeSystem|Include file: <string.h> not found. Please note: Cppcheck does not need standard library headers to get proper results.,/home/yichen/Desktop/Qwen_GSCP_Results05/logs/F001_cppcheck.log
/home/yichen/Desktop/Qwen_GSCP05/F001.c,cppcheck,True,success,True,0,6,35,warning,invalidscanf,sscanf() without field width limits can crash with huge input data.,/home/yichen/Desktop/Qwen_GSCP05/F001.c|35|warning|invalidscanf|sscanf() without field width limits can crash with huge input data.,/home/yichen/Desktop/Qwen_GSCP_Results05/logs/F001_cppcheck.log
/home/yichen/Desktop/Qwen_GSCP05/F001.c,cppcheck,True,success,True,0,6,15,error,memleakOnRealloc,Common realloc mistake: 'paras' nulled but not freed upon failure,/home/yichen/Desktop/Qwen_GSCP05/F001.c|15|error|memleakOnRealloc|Common realloc mistake: 'paras' nulled but not freed upon failure,/home/yichen/Desktop/Qwen_GSCP_Results05/logs/F001_cppcheck.log
nofile,cppcheck,True,success,True,0,6,0,information,checkersReport,Active checkers: 113/592 (use --checkers-report=<filename> to see details),nofile|0|information|checkersReport|Active checkers: 113/592 (use --checkers-report=<filename> to see details),/home/yichen/Desktop/Qwen_GSCP_Results05/logs/F001_cppcheck.log
/home/yichen/Desktop/Qwen_GSCP05/F002.c,cppcheck,True,success,True,0,6,2,information,missingIncludeSystem,Include file: <stdio.h> not found. Please note: Cppcheck does not need standard library headers to get proper results.,/home/yichen/Desktop/Qwen_GSCP05/F002.c|2|information|missingIncludeSystem|Include file: <stdio.h> not found. Please note: Cppcheck does not need standard library headers to get proper results.,/home/yichen/Desktop/Qwen_GSCP_Results05/logs/F002_cppcheck.log
/home/yichen/Desktop/Qwen_GSCP05/F002.c,cppcheck,True,success,True,0,6,3,information,missingIncludeSystem,Include file: <stdlib.h> not found. Please note: Cppcheck does not need standard library headers to get proper results.,/home/yichen/Desktop/Qwen_GSCP05/F002.c|3|information|missingIncludeSystem|Include file: <stdlib.h> not found. Please note: Cppcheck does not need standard library headers to get proper results.,/home/yichen/Desktop/Qwen_GSCP_Results05/logs/F002_cppcheck.log
/home/yichen/Desktop/Qwen_GSCP05/F002.c,cppcheck,True,success,True,0,6,4,information,missingIncludeSystem,Include file: <string.h> not found. Please note: Cppcheck does not need standard library headers to get proper results.,/home/yichen/Desktop/Qwen_GSCP05/F002.c|4|information|missingIncludeSystem|Include file: <string.h> not found. Please note: Cppcheck does not need standard library headers to get proper results.,/home/yichen/Desktop/Qwen_GSCP_Results05/logs/F002_cppcheck.log
/home/yichen/Desktop/Qwen_GSCP05/F002.c,cppcheck,True,success,True,0,6,26,error,memleakOnRealloc,Common realloc mistake: 'recs' nulled but not freed upon failure,/home/yichen/Desktop/Qwen_GSCP05/F002.c|26|error|memleakOnRealloc|Common realloc mistake: 'recs' nulled but not freed upon failure,/home/yichen/Desktop/Qwen_GSCP_Results05/logs/F002_cppcheck.log
/home/yichen/Desktop/Qwen_GSCP05/F002.c,cppcheck,True,success,True,0,6,34,error,memleakOnRealloc,Common realloc mistake: 'recs' nulled but not freed upon failure,/home/yichen/Desktop/Qwen_GSCP05/F002.c|34|error|memleakOnRealloc|Common realloc mistake: 'recs' nulled but not freed upon failure,/home/yichen/Desktop/Qwen_GSCP_Results05/logs/F002_cppcheck.log
nofile,cppcheck,True,success,True,0,6,0,information,checkersReport,Active checkers: 113/592 (use --checkers-report=<filename> to see details),nofile|0|information|checkersReport|Active checkers: 113/592 (use --checkers-report=<filename> to see details),/home/yichen/Desktop/Qwen_GSCP_Results05/logs/F002_cppcheck.log
/home/yichen/Desktop/Qwen_GSCP05/F003.c,cppcheck,True,success,True,0,6,2,information,missingIncludeSystem,Include file: <stdio.h> not found. Please note: Cppcheck does not need standard library headers to get proper results.,/home/yichen/Desktop/Qwen_GSCP05/F003.c|2|information|missingIncludeSystem|Include file: <stdio.h> not found. Please note: Cppcheck does not need standard library headers to get proper results.,/home/yichen/Desktop/Qwen_GSCP_Results05/logs/F003_cppcheck.log
/home/yichen/Desktop/Qwen_GSCP05/F003.c,cppcheck,True,success,True,0,6,3,information,missingIncludeSystem,Include file: <stdlib.h> not found. Please note: Cppcheck does not need standard library headers to get proper results.,/home/yichen/Desktop/Qwen_GSCP05/F003.c|3|information|missingIncludeSystem|Include file: <stdlib.h> not found. Please note: Cppcheck does not need standard library headers to get proper results.,/home/yichen/Desktop/Qwen_GSCP_Results05/logs/F003_cppcheck.log
/home/yichen/Desktop/Qwen_GSCP05/F003.c,cppcheck,True,success,True,0,6,4,information,missingIncludeSystem,Include file: <string.h> not found. Please note: Cppcheck does not need standard library headers to get proper results.,/home/yichen/Desktop/Qwen_GSCP05/F003.c|4|information|missingIncludeSystem|Include file: <string.h> not found. Please note: Cppcheck does not need standard library headers to get proper results.,/home/yichen/Desktop/Qwen_GSCP_Results05/logs/F003_cppcheck.log
/home/yichen/Desktop/Qwen_GSCP05/F003.c,cppcheck,True,success,True,0,6,21,error,invalidScanfFormatWidth,"Width 700 given in format string (no. 3) is larger than destination buffer 'c3[700]', use %699[^\n] to prevent overflowing it.","/home/yichen/Desktop/Qwen_GSCP05/F003.c|21|error|invalidScanfFormatWidth|Width 700 given in format string (no. 3) is larger than destination buffer 'c3[700]', use %699[^\n] to prevent overflowing it.",/home/yichen/Desktop/Qwen_GSCP_Results05/logs/F003_cppcheck.log
/home/yichen/Desktop/Qwen_GSCP05/F003.c,cppcheck,True,success,True,0,6,26,error,memleakOnRealloc,Common realloc mistake: 'als' nulled but not freed upon failure,/home/yichen/Desktop/Qwen_GSCP05/F003.c|26|error|memleakOnRealloc|Common realloc mistake: 'als' nulled but not freed upon failure,/home/yichen/Desktop/Qwen_GSCP_Results05/logs/F003_cppcheck.log
nofile,cppcheck,True,success,True,0,6,0,information,checkersReport,Active checkers: 113/592 (use --checkers-report=<filename> to see details),nofile|0|information|checkersReport|Active checkers: 113/592 (use --checkers-report=<filename> to see details),/home/yichen/Desktop/Qwen_GSCP_Results05/logs/F003_cppcheck.log
/home/yichen/Desktop/Qwen_GSCP05/F004.c,cppcheck,True,success,True,0,7,2,information,missingIncludeSystem,Include file: <stdio.h> not found. Please note: Cppcheck does not need standard library headers to get proper results.,/home/yichen/Desktop/Qwen_GSCP05/F004.c|2|information|missingIncludeSystem|Include file: <stdio.h> not found. Please note: Cppcheck does not need standard library headers to get proper results.,/home/yichen/Desktop/Qwen_GSCP_Results05/logs/F004_cppcheck.log
/home/yichen/Desktop/Qwen_GSCP05/F004.c,cppcheck,True,success,True,0,7,3,information,missingIncludeSystem,Include file: <stdlib.h> not found. Please note: Cppcheck does not need standard library headers to get proper results.,/home/yichen/Desktop/Qwen_GSCP05/F004.c|3|information|missingIncludeSystem|Include file: <stdlib.h> not found. Please note: Cppcheck does not need standard library headers to get proper results.,/home/yichen/Desktop/Qwen_GSCP_Results05/logs/F004_cppcheck.log
/home/yichen/Desktop/Qwen_GSCP05/F004.c,cppcheck,True,success,True,0,7,4,information,missingIncludeSystem,Include file: <string.h> not found. Please note: Cppcheck does not need standard library headers to get proper results.,/home/yichen/Desktop/Qwen_GSCP05/F004.c|4|information|missingIncludeSystem|Include file: <string.h> not found. Please note: Cppcheck does not need standard library headers to get proper results.,/home/yichen/Desktop/Qwen_GSCP_Results05/logs/F004_cppcheck.log
/home/yichen/Desktop/Qwen_GSCP05/F004.c,cppcheck,True,success,True,0,7,21,error,invalidScanfFormatWidth,"Width 700 given in format string (no. 3) is larger than destination buffer 'c3[700]', use %699[^\n] to prevent overflowing it.","/home/yichen/Desktop/Qwen_GSCP05/F004.c|21|error|invalidScanfFormatWidth|Width 700 given in format string (no. 3) is larger than destination buffer 'c3[700]', use %699[^\n] to prevent overflowing it.",/home/yichen/Desktop/Qwen_GSCP_Results05/logs/F004_cppcheck.log
/home/yichen/Desktop/Qwen_GSCP05/F004.c,cppcheck,True,success,True,0,7,26,error,memleakOnRealloc,Common realloc mistake: 'vars' nulled but not freed upon failure,/home/yichen/Desktop/Qwen_GSCP05/F004.c|26|error|memleakOnRealloc|Common realloc mistake: 'vars' nulled but not freed upon failure,/home/yichen/Desktop/Qwen_GSCP_Results05/logs/F004_cppcheck.log
/home/yichen/Desktop/Qwen_GSCP05/F004.c,cppcheck,True,success,True,0,7,47,style,constVariable,Variable 't' can be declared as const array,/home/yichen/Desktop/Qwen_GSCP05/F004.c|47|style|constVariable|Variable 't' can be declared as const array,/home/yichen/Desktop/Qwen_GSCP_Results05/logs/F004_cppcheck.log
nofile,cppcheck,True,success,True,0,7,0,information,checkersReport,Active checkers: 113/592 (use --checkers-report=<filename> to see details),nofile|0|information|checkersReport|Active checkers: 113/592 (use --checkers-report=<filename> to see details),/home/yichen/Desktop/Qwen_GSCP_Results05/logs/F004_cppcheck.log
/home/yichen/Desktop/Qwen_GSCP05/F005.c,cppcheck,True,success,True,0,8,2,information,missingIncludeSystem,Include file: <stdio.h> not found. Please note: Cppcheck does not need standard library headers to get proper results.,/home/yichen/Desktop/Qwen_GSCP05/F005.c|2|information|missingIncludeSystem|Include file: <stdio.h> not found. Please note: Cppcheck does not need standard library headers to get proper results.,/home/yichen/Desktop/Qwen_GSCP_Results05/logs/F005_cppcheck.log
/home/yichen/Desktop/Qwen_GSCP05/F005.c,cppcheck,True,success,True,0,8,3,information,missingIncludeSystem,Include file: <stdlib.h> not found. Please note: Cppcheck does not need standard library headers to get proper results.,/home/yichen/Desktop/Qwen_GSCP05/F005.c|3|information|missingIncludeSystem|Include file: <stdlib.h> not found. Please note: Cppcheck does not need standard library headers to get proper results.,/home/yichen/Desktop/Qwen_GSCP_Results05/logs/F005_cppcheck.log
/home/yichen/Desktop/Qwen_GSCP05/F005.c,cppcheck,True,success,True,0,8,4,information,missingIncludeSystem,Include file: <string.h> not found. Please note: Cppcheck does not need standard library headers to get proper results.,/home/yichen/Desktop/Qwen_GSCP05/F005.c|4|information|missingIncludeSystem|Include file: <string.h> not found. Please note: Cppcheck does not need standard library headers to get proper results.,/home/yichen/Desktop/Qwen_GSCP_Results05/logs/F005_cppcheck.log
/home/yichen/Desktop/Qwen_GSCP05/F005.c,cppcheck,True,success,True,0,8,15,error,invalidScanfFormatWidth,"Width 700 given in format string (no. 3) is larger than destination buffer 'c3[700]', use %699[^\n] to prevent overflowing it.","/home/yichen/Desktop/Qwen_GSCP05/F005.c|15|error|invalidScanfFormatWidth|Width 700 given in format string (no. 3) is larger than destination buffer 'c3[700]', use %699[^\n] to prevent overflowing it.",/home/yichen/Desktop/Qwen_GSCP_Results05/logs/F005_cppcheck.log
/home/yichen/Desktop/Qwen_GSCP05/F005.c,cppcheck,True,success,True,0,8,16,error,invalidScanfFormatWidth,"Width 700 given in format string (no. 2) is larger than destination buffer 'c3[700]', use %699[^\n] to prevent overflowing it.","/home/yichen/Desktop/Qwen_GSCP05/F005.c|16|error|invalidScanfFormatWidth|Width 700 given in format string (no. 2) is larger than destination buffer 'c3[700]', use %699[^\n] to prevent overflowing it.",/home/yichen/Desktop/Qwen_GSCP_Results05/logs/F005_cppcheck.log
/home/yichen/Desktop/Qwen_GSCP05/F005.c,cppcheck,True,success,True,0,8,20,error,memleakOnRealloc,Common realloc mistake: 'lines' nulled but not freed upon failure,/home/yichen/Desktop/Qwen_GSCP05/F005.c|20|error|memleakOnRealloc|Common realloc mistake: 'lines' nulled but not freed upon failure,/home/yichen/Desktop/Qwen_GSCP_Results05/logs/F005_cppcheck.log
/home/yichen/Desktop/Qwen_GSCP05/F005.c,cppcheck,True,success,True,0,8,24,error,memleakOnRealloc,Common realloc mistake: 'lines' nulled but not freed upon failure,/home/yichen/Desktop/Qwen_GSCP05/F005.c|24|error|memleakOnRealloc|Common realloc mistake: 'lines' nulled but not freed upon failure,/home/yichen/Desktop/Qwen_GSCP_Results05/logs/F005_cppcheck.log
nofile,cppcheck,True,success,True,0,8,0,information,checkersReport,Active checkers: 113/592 (use --checkers-report=<filename> to see details),nofile|0|information|checkersReport|Active checkers: 113/592 (use --checkers-report=<filename> to see details),/home/yichen/Desktop/Qwen_GSCP_Results05/logs/F005_cppcheck.log
/home/yichen/Desktop/Qwen_GSCP05/F006.c,cppcheck,True,success,True,0,5,2,information,missingIncludeSystem,Include file: <stdio.h> not found. Please note: Cppcheck does not need standard library headers to get proper results.,/home/yichen/Desktop/Qwen_GSCP05/F006.c|2|information|missingIncludeSystem|Include file: <stdio.h> not found. Please note: Cppcheck does not need standard library headers to get proper results.,/home/yichen/Desktop/Qwen_GSCP_Results05/logs/F006_cppcheck.log
/home/yichen/Desktop/Qwen_GSCP05/F006.c,cppcheck,True,success,True,0,5,3,information,missingIncludeSystem,Include file: <stdlib.h> not found. Please note: Cppcheck does not need standard library headers to get proper results.,/home/yichen/Desktop/Qwen_GSCP05/F006.c|3|information|missingIncludeSystem|Include file: <stdlib.h> not found. Please note: Cppcheck does not need standard library headers to get proper results.,/home/yichen/Desktop/Qwen_GSCP_Results05/logs/F006_cppcheck.log
/home/yichen/Desktop/Qwen_GSCP05/F006.c,cppcheck,True,success,True,0,5,4,information,missingIncludeSystem,Include file: <string.h> not found. Please note: Cppcheck does not need standard library headers to get proper results.,/home/yichen/Desktop/Qwen_GSCP05/F006.c|4|information|missingIncludeSystem|Include file: <string.h> not found. Please note: Cppcheck does not need standard library headers to get proper results.,/home/yichen/Desktop/Qwen_GSCP_Results05/logs/F006_cppcheck.log
/home/yichen/Desktop/Qwen_GSCP05/F006.c,cppcheck,True,success,True,0,5,26,error,memleakOnRealloc,Common realloc mistake: 'inv' nulled but not freed upon failure,/home/yichen/Desktop/Qwen_GSCP05/F006.c|26|error|memleakOnRealloc|Common realloc mistake: 'inv' nulled but not freed upon failure,/home/yichen/Desktop/Qwen_GSCP_Results05/logs/F006_cppcheck.log
nofile,cppcheck,True,success,True,0,5,0,information,checkersReport,Active checkers: 113/592 (use --checkers-report=<filename> to see details),nofile|0|information|checkersReport|Active checkers: 113/592 (use --checkers-report=<filename> to see details),/home/yichen/Desktop/Qwen_GSCP_Results05/logs/F006_cppcheck.log
/home/yichen/Desktop/Qwen_GSCP05/F007.c,cppcheck,True,success,True,0,8,2,information,missingIncludeSystem,Include file: <stdio.h> not found. Please note: Cppcheck does not need standard library headers to get proper results.,/home/yichen/Desktop/Qwen_GSCP05/F007.c|2|information|missingIncludeSystem|Include file: <stdio.h> not found. Please note: Cppcheck does not need standard library headers to get proper results.,/home/yichen/Desktop/Qwen_GSCP_Results05/logs/F007_cppcheck.log
/home/yichen/Desktop/Qwen_GSCP05/F007.c,cppcheck,True,success,True,0,8,3,information,missingIncludeSystem,Include file: <stdlib.h> not found. Please note: Cppcheck does not need standard library headers to get proper results.,/home/yichen/Desktop/Qwen_GSCP05/F007.c|3|information|missingIncludeSystem|Include file: <stdlib.h> not found. Please note: Cppcheck does not need standard library headers to get proper results.,/home/yichen/Desktop/Qwen_GSCP_Results05/logs/F007_cppcheck.log
/home/yichen/Desktop/Qwen_GSCP05/F007.c,cppcheck,True,success,True,0,8,4,information,missingIncludeSystem,Include file: <string.h> not found. Please note: Cppcheck does not need standard library headers to get proper results.,/home/yichen/Desktop/Qwen_GSCP05/F007.c|4|information|missingIncludeSystem|Include file: <string.h> not found. Please note: Cppcheck does not need standard library headers to get proper results.,/home/yichen/Desktop/Qwen_GSCP_Results05/logs/F007_cppcheck.log
/home/yichen/Desktop/Qwen_GSCP05/F007.c,cppcheck,True,success,True,0,8,22,error,invalidScanfFormatWidth,"Width 700 given in format string (no. 4) is larger than destination buffer 'c4[700]', use %699[^\n] to prevent overflowing it.","/home/yichen/Desktop/Qwen_GSCP05/F007.c|22|error|invalidScanfFormatWidth|Width 700 given in format string (no. 4) is larger than destination buffer 'c4[700]', use %699[^\n] to prevent overflowing it.",/home/yichen/Desktop/Qwen_GSCP_Results05/logs/F007_cppcheck.log
/home/yichen/Desktop/Qwen_GSCP05/F007.c,cppcheck,True,success,True,0,8,25,error,memleakOnRealloc,Common realloc mistake: 'acts' nulled but not freed upon failure,/home/yichen/Desktop/Qwen_GSCP05/F007.c|25|error|memleakOnRealloc|Common realloc mistake: 'acts' nulled but not freed upon failure,/home/yichen/Desktop/Qwen_GSCP_Results05/logs/F007_cppcheck.log
/home/yichen/Desktop/Qwen_GSCP05/F007.c,cppcheck,True,success,True,0,8,10,style,constVariablePointer,Variable 'x' can be declared as pointer to const,/home/yichen/Desktop/Qwen_GSCP05/F007.c|10|style|constVariablePointer|Variable 'x' can be declared as pointer to const,/home/yichen/Desktop/Qwen_GSCP_Results05/logs/F007_cppcheck.log
/home/yichen/Desktop/Qwen_GSCP05/F007.c,cppcheck,True,success,True,0,8,10,style,constVariablePointer,Variable 'y' can be declared as pointer to const,/home/yichen/Desktop/Qwen_GSCP05/F007.c|10|style|constVariablePointer|Variable 'y' can be declared as pointer to const,/home/yichen/Desktop/Qwen_GSCP_Results05/logs/F007_cppcheck.log
nofile,cppcheck,True,success,True,0,8,0,information,checkersReport,Active checkers: 113/592 (use --checkers-report=<filename> to see details),nofile|0|information|checkersReport|Active checkers: 113/592 (use --checkers-report=<filename> to see details),/home/yichen/Desktop/Qwen_GSCP_Results05/logs/F007_cppcheck.log
/home/yichen/Desktop/Qwen_GSCP05/F008.c,cppcheck,True,success,True,0,6,2,information,missingIncludeSystem,Include file: <stdio.h> not found. Please note: Cppcheck does not need standard library headers to get proper results.,/home/yichen/Desktop/Qwen_GSCP05/F008.c|2|information|missingIncludeSystem|Include file: <stdio.h> not found. Please note: Cppcheck does not need standard library headers to get proper results.,/home/yichen/Desktop/Qwen_GSCP_Results05/logs/F008_cppcheck.log
/home/yichen/Desktop/Qwen_GSCP05/F008.c,cppcheck,True,success,True,0,6,3,information,missingIncludeSystem,Include file: <stdlib.h> not found. Please note: Cppcheck does not need standard library headers to get proper results.,/home/yichen/Desktop/Qwen_GSCP05/F008.c|3|information|missingIncludeSystem|Include file: <stdlib.h> not found. Please note: Cppcheck does not need standard library headers to get proper results.,/home/yichen/Desktop/Qwen_GSCP_Results05/logs/F008_cppcheck.log
/home/yichen/Desktop/Qwen_GSCP05/F008.c,cppcheck,True,success,True,0,6,4,information,missingIncludeSystem,Include file: <string.h> not found. Please note: Cppcheck does not need standard library headers to get proper results.,/home/yichen/Desktop/Qwen_GSCP05/F008.c|4|information|missingIncludeSystem|Include file: <string.h> not found. Please note: Cppcheck does not need standard library headers to get proper results.,/home/yichen/Desktop/Qwen_GSCP_Results05/logs/F008_cppcheck.log
/home/yichen/Desktop/Qwen_GSCP05/F008.c,cppcheck,True,success,True,0,6,21,error,invalidScanfFormatWidth,"Width 700 given in format string (no. 4) is larger than destination buffer 'c4[700]', use %699[^\n] to prevent overflowing it.","/home/yichen/Desktop/Qwen_GSCP05/F008.c|21|error|invalidScanfFormatWidth|Width 700 given in format string (no. 4) is larger than destination buffer 'c4[700]', use %699[^\n] to prevent overflowing it.",/home/yichen/Desktop/Qwen_GSCP_Results05/logs/F008_cppcheck.log
/home/yichen/Desktop/Qwen_GSCP05/F008.c,cppcheck,True,success,True,0,6,26,error,memleakOnRealloc,Common realloc mistake: 'stus' nulled but not freed upon failure,/home/yichen/Desktop/Qwen_GSCP05/F008.c|26|error|memleakOnRealloc|Common realloc mistake: 'stus' nulled but not freed upon failure,/home/yichen/Desktop/Qwen_GSCP_Results05/logs/F008_cppcheck.log
nofile,cppcheck,True,success,True,0,6,0,information,checkersReport,Active checkers: 113/592 (use --checkers-report=<filename> to see details),nofile|0|information|checkersReport|Active checkers: 113/592 (use --checkers-report=<filename> to see details),/home/yichen/Desktop/Qwen_GSCP_Results05/logs/F008_cppcheck.log
/home/yichen/Desktop/Qwen_GSCP05/F009.c,cppcheck,True,success,True,0,6,2,information,missingIncludeSystem,Include file: <stdio.h> not found. Please note: Cppcheck does not need standard library headers to get proper results.,/home/yichen/Desktop/Qwen_GSCP05/F009.c|2|information|missingIncludeSystem|Include file: <stdio.h> not found. Please note: Cppcheck does not need standard library headers to get proper results.,/home/yichen/Desktop/Qwen_GSCP_Results05/logs/F009_cppcheck.log
/home/yichen/Desktop/Qwen_GSCP05/F009.c,cppcheck,True,success,True,0,6,3,information,missingIncludeSystem,Include file: <stdlib.h> not found. Please note: Cppcheck does not need standard library headers to get proper results.,/home/yichen/Desktop/Qwen_GSCP05/F009.c|3|information|missingIncludeSystem|Include file: <stdlib.h> not found. Please note: Cppcheck does not need standard library headers to get proper results.,/home/yichen/Desktop/Qwen_GSCP_Results05/logs/F009_cppcheck.log
/home/yichen/Desktop/Qwen_GSCP05/F009.c,cppcheck,True,success,True,0,6,4,information,missingIncludeSystem,Include file: <string.h> not found. Please note: Cppcheck does not need standard library headers to get proper results.,/home/yichen/Desktop/Qwen_GSCP05/F009.c|4|information|missingIncludeSystem|Include file: <string.h> not found. Please note: Cppcheck does not need standard library headers to get proper results.,/home/yichen/Desktop/Qwen_GSCP_Results05/logs/F009_cppcheck.log
/home/yichen/Desktop/Qwen_GSCP05/F009.c,cppcheck,True,success,True,0,6,26,error,memleakOnRealloc,Common realloc mistake: 'grps' nulled but not freed upon failure,/home/yichen/Desktop/Qwen_GSCP05/F009.c|26|error|memleakOnRealloc|Common realloc mistake: 'grps' nulled but not freed upon failure,/home/yichen/Desktop/Qwen_GSCP_Results05/logs/F009_cppcheck.log
/home/yichen/Desktop/Qwen_GSCP05/F009.c,cppcheck,True,success,True,0,6,33,error,memleakOnRealloc,Common realloc mistake: 'grps' nulled but not freed upon failure,/home/yichen/Desktop/Qwen_GSCP05/F009.c|33|error|memleakOnRealloc|Common realloc mistake: 'grps' nulled but not freed upon failure,/home/yichen/Desktop/Qwen_GSCP_Results05/logs/F009_cppcheck.log
nofile,cppcheck,True,success,True,0,6,0,information,checkersReport,Active checkers: 113/592 (use --checkers-report=<filename> to see details),nofile|0|information|checkersReport|Active checkers: 113/592 (use --checkers-report=<filename> to see details),/home/yichen/Desktop/Qwen_GSCP_Results05/logs/F009_cppcheck.log
/home/yichen/Desktop/Qwen_GSCP05/F010.c,cppcheck,True,success,True,0,5,2,information,missingIncludeSystem,Include file: <stdio.h> not found. Please note: Cppcheck does not need standard library headers to get proper results.,/home/yichen/Desktop/Qwen_GSCP05/F010.c|2|information|missingIncludeSystem|Include file: <stdio.h> not found. Please note: Cppcheck does not need standard library headers to get proper results.,/home/yichen/Desktop/Qwen_GSCP_Results05/logs/F010_cppcheck.log
/home/yichen/Desktop/Qwen_GSCP05/F010.c,cppcheck,True,success,True,0,5,3,information,missingIncludeSystem,Include file: <stdlib.h> not found. Please note: Cppcheck does not need standard library headers to get proper results.,/home/yichen/Desktop/Qwen_GSCP05/F010.c|3|information|missingIncludeSystem|Include file: <stdlib.h> not found. Please note: Cppcheck does not need standard library headers to get proper results.,/home/yichen/Desktop/Qwen_GSCP_Results05/logs/F010_cppcheck.log
/home/yichen/Desktop/Qwen_GSCP05/F010.c,cppcheck,True,success,True,0,5,4,information,missingIncludeSystem,Include file: <string.h> not found. Please note: Cppcheck does not need standard library headers to get proper results.,/home/yichen/Desktop/Qwen_GSCP05/F010.c|4|information|missingIncludeSystem|Include file: <string.h> not found. Please note: Cppcheck does not need standard library headers to get proper results.,/home/yichen/Desktop/Qwen_GSCP_Results05/logs/F010_cppcheck.log
/home/yichen/Desktop/Qwen_GSCP05/F010.c,cppcheck,True,success,True,0,5,25,error,memleakOnRealloc,Common realloc mistake: 'idxs' nulled but not freed upon failure,/home/yichen/Desktop/Qwen_GSCP05/F010.c|25|error|memleakOnRealloc|Common realloc mistake: 'idxs' nulled but not freed upon failure,/home/yichen/Desktop/Qwen_GSCP_Results05/logs/F010_cppcheck.log
nofile,cppcheck,True,success,True,0,5,0,information,checkersReport,Active checkers: 113/592 (use --checkers-report=<filename> to see details),nofile|0|information|checkersReport|Active checkers: 113/592 (use --checkers-report=<filename> to see details),/home/yichen/Desktop/Qwen_GSCP_Results05/logs/F010_cppcheck.log
/home/yichen/Desktop/Qwen_GSCP05/F011.c,cppcheck,True,success,True,0,8,2,information,missingIncludeSystem,Include file: <stdio.h> not found. Please note: Cppcheck does not need standard library headers to get proper results.,/home/yichen/Desktop/Qwen_GSCP05/F011.c|2|information|missingIncludeSystem|Include file: <stdio.h> not found. Please note: Cppcheck does not need standard library headers to get proper results.,/home/yichen/Desktop/Qwen_GSCP_Results05/logs/F011_cppcheck.log
/home/yichen/Desktop/Qwen_GSCP05/F011.c,cppcheck,True,success,True,0,8,3,information,missingIncludeSystem,Include file: <stdlib.h> not found. Please note: Cppcheck does not need standard library headers to get proper results.,/home/yichen/Desktop/Qwen_GSCP05/F011.c|3|information|missingIncludeSystem|Include file: <stdlib.h> not found. Please note: Cppcheck does not need standard library headers to get proper results.,/home/yichen/Desktop/Qwen_GSCP_Results05/logs/F011_cppcheck.log
/home/yichen/Desktop/Qwen_GSCP05/F011.c,cppcheck,True,success,True,0,8,4,information,missingIncludeSystem,Include file: <string.h> not found. Please note: Cppcheck does not need standard library headers to get proper results.,/home/yichen/Desktop/Qwen_GSCP05/F011.c|4|information|missingIncludeSystem|Include file: <string.h> not found. Please note: Cppcheck does not need standard library headers to get proper results.,/home/yichen/Desktop/Qwen_GSCP_Results05/logs/F011_cppcheck.log
/home/yichen/Desktop/Qwen_GSCP05/F011.c,cppcheck,True,success,True,0,8,22,error,invalidScanfFormatWidth,"Width 700 given in format string (no. 3) is larger than destination buffer 'c3[700]', use %699[^\n] to prevent overflowing it.","/home/yichen/Desktop/Qwen_GSCP05/F011.c|22|error|invalidScanfFormatWidth|Width 700 given in format string (no. 3) is larger than destination buffer 'c3[700]', use %699[^\n] to prevent overflowing it.",/home/yichen/Desktop/Qwen_GSCP_Results05/logs/F011_cppcheck.log
/home/yichen/Desktop/Qwen_GSCP05/F011.c,cppcheck,True,success,True,0,8,26,error,memleakOnRealloc,Common realloc mistake: 'drafts' nulled but not freed upon failure,/home/yichen/Desktop/Qwen_GSCP05/F011.c|26|error|memleakOnRealloc|Common realloc mistake: 'drafts' nulled but not freed upon failure,/home/yichen/Desktop/Qwen_GSCP_Results05/logs/F011_cppcheck.log
/home/yichen/Desktop/Qwen_GSCP05/F011.c,cppcheck,True,success,True,0,8,33,error,memleakOnRealloc,Common realloc mistake: 'discarded' nulled but not freed upon failure,/home/yichen/Desktop/Qwen_GSCP05/F011.c|33|error|memleakOnRealloc|Common realloc mistake: 'discarded' nulled but not freed upon failure,/home/yichen/Desktop/Qwen_GSCP_Results05/logs/F011_cppcheck.log
/home/yichen/Desktop/Qwen_GSCP05/F011.c,cppcheck,True,success,True,0,8,43,error,memleakOnRealloc,Common realloc mistake: 'drafts' nulled but not freed upon failure,/home/yichen/Desktop/Qwen_GSCP05/F011.c|43|error|memleakOnRealloc|Common realloc mistake: 'drafts' nulled but not freed upon failure,/home/yichen/Desktop/Qwen_GSCP_Results05/logs/F011_cppcheck.log
nofile,cppcheck,True,success,True,0,8,0,information,checkersReport,Active checkers: 113/592 (use --checkers-report=<filename> to see details),nofile|0|information|checkersReport|Active checkers: 113/592 (use --checkers-report=<filename> to see details),/home/yichen/Desktop/Qwen_GSCP_Results05/logs/F011_cppcheck.log
/home/yichen/Desktop/Qwen_GSCP05/F012.c,cppcheck,True,success,True,0,6,2,information,missingIncludeSystem,Include file: <stdio.h> not found. Please note: Cppcheck does not need standard library headers to get proper results.,/home/yichen/Desktop/Qwen_GSCP05/F012.c|2|information|missingIncludeSystem|Include file: <stdio.h> not found. Please note: Cppcheck does not need standard library headers to get proper results.,/home/yichen/Desktop/Qwen_GSCP_Results05/logs/F012_cppcheck.log
/home/yichen/Desktop/Qwen_GSCP05/F012.c,cppcheck,True,success,True,0,6,3,information,missingIncludeSystem,Include file: <stdlib.h> not found. Please note: Cppcheck does not need standard library headers to get proper results.,/home/yichen/Desktop/Qwen_GSCP05/F012.c|3|information|missingIncludeSystem|Include file: <stdlib.h> not found. Please note: Cppcheck does not need standard library headers to get proper results.,/home/yichen/Desktop/Qwen_GSCP_Results05/logs/F012_cppcheck.log
/home/yichen/Desktop/Qwen_GSCP05/F012.c,cppcheck,True,success,True,0,6,4,information,missingIncludeSystem,Include file: <string.h> not found. Please note: Cppcheck does not need standard library headers to get proper results.,/home/yichen/Desktop/Qwen_GSCP05/F012.c|4|information|missingIncludeSystem|Include file: <string.h> not found. Please note: Cppcheck does not need standard library headers to get proper results.,/home/yichen/Desktop/Qwen_GSCP_Results05/logs/F012_cppcheck.log
/home/yichen/Desktop/Qwen_GSCP05/F012.c,cppcheck,True,success,True,0,6,21,error,invalidScanfFormatWidth,"Width 700 given in format string (no. 3) is larger than destination buffer 'c3[700]', use %699[^\n] to prevent overflowing it.","/home/yichen/Desktop/Qwen_GSCP05/F012.c|21|error|invalidScanfFormatWidth|Width 700 given in format string (no. 3) is larger than destination buffer 'c3[700]', use %699[^\n] to prevent overflowing it.",/home/yichen/Desktop/Qwen_GSCP_Results05/logs/F012_cppcheck.log
/home/yichen/Desktop/Qwen_GSCP05/F012.c,cppcheck,True,success,True,0,6,24,error,memleakOnRealloc,Common realloc mistake: 'q' nulled but not freed upon failure,/home/yichen/Desktop/Qwen_GSCP05/F012.c|24|error|memleakOnRealloc|Common realloc mistake: 'q' nulled but not freed upon failure,/home/yichen/Desktop/Qwen_GSCP_Results05/logs/F012_cppcheck.log
nofile,cppcheck,True,success,True,0,6,0,information,checkersReport,Active checkers: 113/592 (use --checkers-report=<filename> to see details),nofile|0|information|checkersReport|Active checkers: 113/592 (use --checkers-report=<filename> to see details),/home/yichen/Desktop/Qwen_GSCP_Results05/logs/F012_cppcheck.log
/home/yichen/Desktop/Qwen_GSCP05/F013.c,cppcheck,True,success,True,0,7,2,information,missingIncludeSystem,Include file: <stdio.h> not found. Please note: Cppcheck does not need standard library headers to get proper results.,/home/yichen/Desktop/Qwen_GSCP05/F013.c|2|information|missingIncludeSystem|Include file: <stdio.h> not found. Please note: Cppcheck does not need standard library headers to get proper results.,/home/yichen/Desktop/Qwen_GSCP_Results05/logs/F013_cppcheck.log
/home/yichen/Desktop/Qwen_GSCP05/F013.c,cppcheck,True,success,True,0,7,3,information,missingIncludeSystem,Include file: <stdlib.h> not found. Please note: Cppcheck does not need standard library headers to get proper results.,/home/yichen/Desktop/Qwen_GSCP05/F013.c|3|information|missingIncludeSystem|Include file: <stdlib.h> not found. Please note: Cppcheck does not need standard library headers to get proper results.,/home/yichen/Desktop/Qwen_GSCP_Results05/logs/F013_cppcheck.log
/home/yichen/Desktop/Qwen_GSCP05/F013.c,cppcheck,True,success,True,0,7,4,information,missingIncludeSystem,Include file: <string.h> not found. Please note: Cppcheck does not need standard library headers to get proper results.,/home/yichen/Desktop/Qwen_GSCP05/F013.c|4|information|missingIncludeSystem|Include file: <string.h> not found. Please note: Cppcheck does not need standard library headers to get proper results.,/home/yichen/Desktop/Qwen_GSCP_Results05/logs/F013_cppcheck.log
/home/yichen/Desktop/Qwen_GSCP05/F013.c,cppcheck,True,success,True,0,7,33,error,invalidScanfFormatWidth,"Width 700 given in format string (no. 3) is larger than destination buffer 'c3[700]', use %699[^\n] to prevent overflowing it.","/home/yichen/Desktop/Qwen_GSCP05/F013.c|33|error|invalidScanfFormatWidth|Width 700 given in format string (no. 3) is larger than destination buffer 'c3[700]', use %699[^\n] to prevent overflowing it.",/home/yichen/Desktop/Qwen_GSCP_Results05/logs/F013_cppcheck.log
/home/yichen/Desktop/Qwen_GSCP05/F013.c,cppcheck,True,success,True,0,7,36,error,memleakOnRealloc,Common realloc mistake: 'todo' nulled but not freed upon failure,/home/yichen/Desktop/Qwen_GSCP05/F013.c|36|error|memleakOnRealloc|Common realloc mistake: 'todo' nulled but not freed upon failure,/home/yichen/Desktop/Qwen_GSCP_Results05/logs/F013_cppcheck.log
/home/yichen/Desktop/Qwen_GSCP05/F013.c,cppcheck,True,success,True,0,7,10,style,constParameterPointer,Parameter 'arr' can be declared as pointer to const,/home/yichen/Desktop/Qwen_GSCP05/F013.c|10|style|constParameterPointer|Parameter 'arr' can be declared as pointer to const,/home/yichen/Desktop/Qwen_GSCP_Results05/logs/F013_cppcheck.log
nofile,cppcheck,True,success,True,0,7,0,information,checkersReport,Active checkers: 113/592 (use --checkers-report=<filename> to see details),nofile|0|information|checkersReport|Active checkers: 113/592 (use --checkers-report=<filename> to see details),/home/yichen/Desktop/Qwen_GSCP_Results05/logs/F013_cppcheck.log
/home/yichen/Desktop/Qwen_GSCP05/F014.c,cppcheck,True,success,True,0,5,2,information,missingIncludeSystem,Include file: <stdio.h> not found. Please note: Cppcheck does not need standard library headers to get proper results.,/home/yichen/Desktop/Qwen_GSCP05/F014.c|2|information|missingIncludeSystem|Include file: <stdio.h> not found. Please note: Cppcheck does not need standard library headers to get proper results.,/home/yichen/Desktop/Qwen_GSCP_Results05/logs/F014_cppcheck.log
/home/yichen/Desktop/Qwen_GSCP05/F014.c,cppcheck,True,success,True,0,5,3,information,missingIncludeSystem,Include file: <stdlib.h> not found. Please note: Cppcheck does not need standard library headers to get proper results.,/home/yichen/Desktop/Qwen_GSCP05/F014.c|3|information|missingIncludeSystem|Include file: <stdlib.h> not found. Please note: Cppcheck does not need standard library headers to get proper results.,/home/yichen/Desktop/Qwen_GSCP_Results05/logs/F014_cppcheck.log
/home/yichen/Desktop/Qwen_GSCP05/F014.c,cppcheck,True,success,True,0,5,4,information,missingIncludeSystem,Include file: <string.h> not found. Please note: Cppcheck does not need standard library headers to get proper results.,/home/yichen/Desktop/Qwen_GSCP05/F014.c|4|information|missingIncludeSystem|Include file: <string.h> not found. Please note: Cppcheck does not need standard library headers to get proper results.,/home/yichen/Desktop/Qwen_GSCP_Results05/logs/F014_cppcheck.log
/home/yichen/Desktop/Qwen_GSCP05/F014.c,cppcheck,True,success,True,0,5,25,error,memleakOnRealloc,Common realloc mistake: 'items' nulled but not freed upon failure,/home/yichen/Desktop/Qwen_GSCP05/F014.c|25|error|memleakOnRealloc|Common realloc mistake: 'items' nulled but not freed upon failure,/home/yichen/Desktop/Qwen_GSCP_Results05/logs/F014_cppcheck.log
nofile,cppcheck,True,success,True,0,5,0,information,checkersReport,Active checkers: 113/592 (use --checkers-report=<filename> to see details),nofile|0|information|checkersReport|Active checkers: 113/592 (use --checkers-report=<filename> to see details),/home/yichen/Desktop/Qwen_GSCP_Results05/logs/F014_cppcheck.log
/home/yichen/Desktop/Qwen_GSCP05/F015.c,cppcheck,True,success,True,0,5,2,information,missingIncludeSystem,Include file: <stdio.h> not found. Please note: Cppcheck does not need standard library headers to get proper results.,/home/yichen/Desktop/Qwen_GSCP05/F015.c|2|information|missingIncludeSystem|Include file: <stdio.h> not found. Please note: Cppcheck does not need standard library headers to get proper results.,/home/yichen/Desktop/Qwen_GSCP_Results05/logs/F015_cppcheck.log
/home/yichen/Desktop/Qwen_GSCP05/F015.c,cppcheck,True,success,True,0,5,3,information,missingIncludeSystem,Include file: <stdlib.h> not found. Please note: Cppcheck does not need standard library headers to get proper results.,/home/yichen/Desktop/Qwen_GSCP05/F015.c|3|information|missingIncludeSystem|Include file: <stdlib.h> not found. Please note: Cppcheck does not need standard library headers to get proper results.,/home/yichen/Desktop/Qwen_GSCP_Results05/logs/F015_cppcheck.log
/home/yichen/Desktop/Qwen_GSCP05/F015.c,cppcheck,True,success,True,0,5,4,information,missingIncludeSystem,Include file: <string.h> not found. Please note: Cppcheck does not need standard library headers to get proper results.,/home/yichen/Desktop/Qwen_GSCP05/F015.c|4|information|missingIncludeSystem|Include file: <string.h> not found. Please note: Cppcheck does not need standard library headers to get proper results.,/home/yichen/Desktop/Qwen_GSCP_Results05/logs/F015_cppcheck.log
/home/yichen/Desktop/Qwen_GSCP05/F015.c,cppcheck,True,success,True,0,5,25,error,memleakOnRealloc,Common realloc mistake: 'cons' nulled but not freed upon failure,/home/yichen/Desktop/Qwen_GSCP05/F015.c|25|error|memleakOnRealloc|Common realloc mistake: 'cons' nulled but not freed upon failure,/home/yichen/Desktop/Qwen_GSCP_Results05/logs/F015_cppcheck.log
nofile,cppcheck,True,success,True,0,5,0,information,checkersReport,Active checkers: 113/592 (use --checkers-report=<filename> to see details),nofile|0|information|checkersReport|Active checkers: 113/592 (use --checkers-report=<filename> to see details),/home/yichen/Desktop/Qwen_GSCP_Results05/logs/F015_cppcheck.log
/home/yichen/Desktop/Qwen_GSCP05/F016.c,cppcheck,True,success,True,0,9,2,information,missingIncludeSystem,Include file: <stdio.h> not found. Please note: Cppcheck does not need standard library headers to get proper results.,/home/yichen/Desktop/Qwen_GSCP05/F016.c|2|information|missingIncludeSystem|Include file: <stdio.h> not found. Please note: Cppcheck does not need standard library headers to get proper results.,/home/yichen/Desktop/Qwen_GSCP_Results05/logs/F016_cppcheck.log
/home/yichen/Desktop/Qwen_GSCP05/F016.c,cppcheck,True,success,True,0,9,3,information,missingIncludeSystem,Include file: <stdlib.h> not found. Please note: Cppcheck does not need standard library headers to get proper results.,/home/yichen/Desktop/Qwen_GSCP05/F016.c|3|information|missingIncludeSystem|Include file: <stdlib.h> not found. Please note: Cppcheck does not need standard library headers to get proper results.,/home/yichen/Desktop/Qwen_GSCP_Results05/logs/F016_cppcheck.log
/home/yichen/Desktop/Qwen_GSCP05/F016.c,cppcheck,True,success,True,0,9,4,information,missingIncludeSystem,Include file: <string.h> not found. Please note: Cppcheck does not need standard library headers to get proper results.,/home/yichen/Desktop/Qwen_GSCP05/F016.c|4|information|missingIncludeSystem|Include file: <string.h> not found. Please note: Cppcheck does not need standard library headers to get proper results.,/home/yichen/Desktop/Qwen_GSCP_Results05/logs/F016_cppcheck.log
/home/yichen/Desktop/Qwen_GSCP05/F016.c,cppcheck,True,success,True,0,9,16,error,memleakOnRealloc,Common realloc mistake: 'cons' nulled but not freed upon failure,/home/yichen/Desktop/Qwen_GSCP05/F016.c|16|error|memleakOnRealloc|Common realloc mistake: 'cons' nulled but not freed upon failure,/home/yichen/Desktop/Qwen_GSCP_Results05/logs/F016_cppcheck.log
/home/yichen/Desktop/Qwen_GSCP05/F016.c,cppcheck,True,success,True,0,9,21,style,constParameter,Parameter 'argv' can be declared as const array,/home/yichen/Desktop/Qwen_GSCP05/F016.c|21|style|constParameter|Parameter 'argv' can be declared as const array,/home/yichen/Desktop/Qwen_GSCP_Results05/logs/F016_cppcheck.log
/home/yichen/Desktop/Qwen_GSCP05/F016.c,cppcheck,True,success,True,0,9,28,style,constVariablePointer,Variable 'n' can be declared as pointer to const,/home/yichen/Desktop/Qwen_GSCP05/F016.c|28|style|constVariablePointer|Variable 'n' can be declared as pointer to const,/home/yichen/Desktop/Qwen_GSCP_Results05/logs/F016_cppcheck.log
/home/yichen/Desktop/Qwen_GSCP05/F016.c,cppcheck,True,success,True,0,9,28,style,constVariablePointer,Variable 'e' can be declared as pointer to const,/home/yichen/Desktop/Qwen_GSCP05/F016.c|28|style|constVariablePointer|Variable 'e' can be declared as pointer to const,/home/yichen/Desktop/Qwen_GSCP_Results05/logs/F016_cppcheck.log
/home/yichen/Desktop/Qwen_GSCP05/F016.c,cppcheck,True,success,True,0,9,28,style,constVariablePointer,Variable 'p' can be declared as pointer to const,/home/yichen/Desktop/Qwen_GSCP05/F016.c|28|style|constVariablePointer|Variable 'p' can be declared as pointer to const,/home/yichen/Desktop/Qwen_GSCP_Results05/logs/F016_cppcheck.log
nofile,cppcheck,True,success,True,0,9,0,information,checkersReport,Active checkers: 113/592 (use --checkers-report=<filename> to see details),nofile|0|information|checkersReport|Active checkers: 113/592 (use --checkers-report=<filename> to see details),/home/yichen/Desktop/Qwen_GSCP_Results05/logs/F016_cppcheck.log
/home/yichen/Desktop/Qwen_GSCP05/F017.c,cppcheck,True,success,True,0,8,2,information,missingIncludeSystem,Include file: <stdio.h> not found. Please note: Cppcheck does not need standard library headers to get proper results.,/home/yichen/Desktop/Qwen_GSCP05/F017.c|2|information|missingIncludeSystem|Include file: <stdio.h> not found. Please note: Cppcheck does not need standard library headers to get proper results.,/home/yichen/Desktop/Qwen_GSCP_Results05/logs/F017_cppcheck.log
/home/yichen/Desktop/Qwen_GSCP05/F017.c,cppcheck,True,success,True,0,8,3,information,missingIncludeSystem,Include file: <stdlib.h> not found. Please note: Cppcheck does not need standard library headers to get proper results.,/home/yichen/Desktop/Qwen_GSCP05/F017.c|3|information|missingIncludeSystem|Include file: <stdlib.h> not found. Please note: Cppcheck does not need standard library headers to get proper results.,/home/yichen/Desktop/Qwen_GSCP_Results05/logs/F017_cppcheck.log
/home/yichen/Desktop/Qwen_GSCP05/F017.c,cppcheck,True,success,True,0,8,4,information,missingIncludeSystem,Include file: <string.h> not found. Please note: Cppcheck does not need standard library headers to get proper results.,/home/yichen/Desktop/Qwen_GSCP05/F017.c|4|information|missingIncludeSystem|Include file: <string.h> not found. Please note: Cppcheck does not need standard library headers to get proper results.,/home/yichen/Desktop/Qwen_GSCP_Results05/logs/F017_cppcheck.log
/home/yichen/Desktop/Qwen_GSCP05/F017.c,cppcheck,True,success,True,0,8,38,error,invalidScanfFormatWidth,"Width 700 given in format string (no. 3) is larger than destination buffer 'c3[700]', use %699[^\n] to prevent overflowing it.","/home/yichen/Desktop/Qwen_GSCP05/F017.c|38|error|invalidScanfFormatWidth|Width 700 given in format string (no. 3) is larger than destination buffer 'c3[700]', use %699[^\n] to prevent overflowing it.",/home/yichen/Desktop/Qwen_GSCP_Results05/logs/F017_cppcheck.log
/home/yichen/Desktop/Qwen_GSCP05/F017.c,cppcheck,True,success,True,0,8,26,error,memleakOnRealloc,Common realloc mistake: 'kvs' nulled but not freed upon failure,/home/yichen/Desktop/Qwen_GSCP05/F017.c|26|error|memleakOnRealloc|Common realloc mistake: 'kvs' nulled but not freed upon failure,/home/yichen/Desktop/Qwen_GSCP_Results05/logs/F017_cppcheck.log
/home/yichen/Desktop/Qwen_GSCP05/F017.c,cppcheck,True,success,True,0,8,43,error,memleakOnRealloc,Common realloc mistake: 'kvs' nulled but not freed upon failure,/home/yichen/Desktop/Qwen_GSCP05/F017.c|43|error|memleakOnRealloc|Common realloc mistake: 'kvs' nulled but not freed upon failure,/home/yichen/Desktop/Qwen_GSCP_Results05/logs/F017_cppcheck.log
/home/yichen/Desktop/Qwen_GSCP05/F017.c,cppcheck,True,success,True,0,8,14,style,constParameter,Parameter 'argv' can be declared as const array,/home/yichen/Desktop/Qwen_GSCP05/F017.c|14|style|constParameter|Parameter 'argv' can be declared as const array,/home/yichen/Desktop/Qwen_GSCP_Results05/logs/F017_cppcheck.log
nofile,cppcheck,True,success,True,0,8,0,information,checkersReport,Active checkers: 113/592 (use --checkers-report=<filename> to see details),nofile|0|information|checkersReport|Active checkers: 113/592 (use --checkers-report=<filename> to see details),/home/yichen/Desktop/Qwen_GSCP_Results05/logs/F017_cppcheck.log
/home/yichen/Desktop/Qwen_GSCP05/F018.c,cppcheck,True,success,True,0,8,2,information,missingIncludeSystem,Include file: <stdio.h> not found. Please note: Cppcheck does not need standard library headers to get proper results.,/home/yichen/Desktop/Qwen_GSCP05/F018.c|2|information|missingIncludeSystem|Include file: <stdio.h> not found. Please note: Cppcheck does not need standard library headers to get proper results.,/home/yichen/Desktop/Qwen_GSCP_Results05/logs/F018_cppcheck.log
/home/yichen/Desktop/Qwen_GSCP05/F018.c,cppcheck,True,success,True,0,8,3,information,missingIncludeSystem,Include file: <stdlib.h> not found. Please note: Cppcheck does not need standard library headers to get proper results.,/home/yichen/Desktop/Qwen_GSCP05/F018.c|3|information|missingIncludeSystem|Include file: <stdlib.h> not found. Please note: Cppcheck does not need standard library headers to get proper results.,/home/yichen/Desktop/Qwen_GSCP_Results05/logs/F018_cppcheck.log
/home/yichen/Desktop/Qwen_GSCP05/F018.c,cppcheck,True,success,True,0,8,4,information,missingIncludeSystem,Include file: <string.h> not found. Please note: Cppcheck does not need standard library headers to get proper results.,/home/yichen/Desktop/Qwen_GSCP05/F018.c|4|information|missingIncludeSystem|Include file: <string.h> not found. Please note: Cppcheck does not need standard library headers to get proper results.,/home/yichen/Desktop/Qwen_GSCP_Results05/logs/F018_cppcheck.log
/home/yichen/Desktop/Qwen_GSCP05/F018.c,cppcheck,True,success,True,0,8,38,error,invalidScanfFormatWidth,"Width 700 given in format string (no. 2) is larger than destination buffer 'c2[700]', use %699[^\n] to prevent overflowing it.","/home/yichen/Desktop/Qwen_GSCP05/F018.c|38|error|invalidScanfFormatWidth|Width 700 given in format string (no. 2) is larger than destination buffer 'c2[700]', use %699[^\n] to prevent overflowing it.",/home/yichen/Desktop/Qwen_GSCP_Results05/logs/F018_cppcheck.log
/home/yichen/Desktop/Qwen_GSCP05/F018.c,cppcheck,True,success,True,0,8,27,error,memleakOnRealloc,Common realloc mistake: 'wfs' nulled but not freed upon failure,/home/yichen/Desktop/Qwen_GSCP05/F018.c|27|error|memleakOnRealloc|Common realloc mistake: 'wfs' nulled but not freed upon failure,/home/yichen/Desktop/Qwen_GSCP_Results05/logs/F018_cppcheck.log
/home/yichen/Desktop/Qwen_GSCP05/F018.c,cppcheck,True,success,True,0,8,43,error,memleakOnRealloc,Common realloc mistake: 'wfs' nulled but not freed upon failure,/home/yichen/Desktop/Qwen_GSCP05/F018.c|43|error|memleakOnRealloc|Common realloc mistake: 'wfs' nulled but not freed upon failure,/home/yichen/Desktop/Qwen_GSCP_Results05/logs/F018_cppcheck.log
/home/yichen/Desktop/Qwen_GSCP05/F018.c,cppcheck,True,success,True,0,8,18,style,constParameter,Parameter 'argv' can be declared as const array,/home/yichen/Desktop/Qwen_GSCP05/F018.c|18|style|constParameter|Parameter 'argv' can be declared as const array,/home/yichen/Desktop/Qwen_GSCP_Results05/logs/F018_cppcheck.log
nofile,cppcheck,True,success,True,0,8,0,information,checkersReport,Active checkers: 113/592 (use --checkers-report=<filename> to see details),nofile|0|information|checkersReport|Active checkers: 113/592 (use --checkers-report=<filename> to see details),/home/yichen/Desktop/Qwen_GSCP_Results05/logs/F018_cppcheck.log
/home/yichen/Desktop/Qwen_GSCP05/F019.c,cppcheck,True,success,True,0,9,2,information,missingIncludeSystem,Include file: <stdio.h> not found. Please note: Cppcheck does not need standard library headers to get proper results.,/home/yichen/Desktop/Qwen_GSCP05/F019.c|2|information|missingIncludeSystem|Include file: <stdio.h> not found. Please note: Cppcheck does not need standard library headers to get proper results.,/home/yichen/Desktop/Qwen_GSCP_Results05/logs/F019_cppcheck.log
/home/yichen/Desktop/Qwen_GSCP05/F019.c,cppcheck,True,success,True,0,9,3,information,missingIncludeSystem,Include file: <stdlib.h> not found. Please note: Cppcheck does not need standard library headers to get proper results.,/home/yichen/Desktop/Qwen_GSCP05/F019.c|3|information|missingIncludeSystem|Include file: <stdlib.h> not found. Please note: Cppcheck does not need standard library headers to get proper results.,/home/yichen/Desktop/Qwen_GSCP_Results05/logs/F019_cppcheck.log
/home/yichen/Desktop/Qwen_GSCP05/F019.c,cppcheck,True,success,True,0,9,4,information,missingIncludeSystem,Include file: <string.h> not found. Please note: Cppcheck does not need standard library headers to get proper results.,/home/yichen/Desktop/Qwen_GSCP05/F019.c|4|information|missingIncludeSystem|Include file: <string.h> not found. Please note: Cppcheck does not need standard library headers to get proper results.,/home/yichen/Desktop/Qwen_GSCP_Results05/logs/F019_cppcheck.log
/home/yichen/Desktop/Qwen_GSCP05/F019.c,cppcheck,True,success,True,0,9,17,error,invalidScanfFormatWidth,"Width 700 given in format string (no. 3) is larger than destination buffer 'memo[700]', use %699[^\n] to prevent overflowing it.","/home/yichen/Desktop/Qwen_GSCP05/F019.c|17|error|invalidScanfFormatWidth|Width 700 given in format string (no. 3) is larger than destination buffer 'memo[700]', use %699[^\n] to prevent overflowing it.",/home/yichen/Desktop/Qwen_GSCP_Results05/logs/F019_cppcheck.log
/home/yichen/Desktop/Qwen_GSCP05/F019.c,cppcheck,True,success,True,0,9,31,error,invalidScanfFormatWidth,"Width 700 given in format string (no. 4) is larger than destination buffer 'c4[700]', use %699[^\n] to prevent overflowing it.","/home/yichen/Desktop/Qwen_GSCP05/F019.c|31|error|invalidScanfFormatWidth|Width 700 given in format string (no. 4) is larger than destination buffer 'c4[700]', use %699[^\n] to prevent overflowing it.",/home/yichen/Desktop/Qwen_GSCP_Results05/logs/F019_cppcheck.log
/home/yichen/Desktop/Qwen_GSCP05/F019.c,cppcheck,True,success,True,0,9,18,error,memleakOnRealloc,Common realloc mistake: 'txs' nulled but not freed upon failure,/home/yichen/Desktop/Qwen_GSCP05/F019.c|18|error|memleakOnRealloc|Common realloc mistake: 'txs' nulled but not freed upon failure,/home/yichen/Desktop/Qwen_GSCP_Results05/logs/F019_cppcheck.log
/home/yichen/Desktop/Qwen_GSCP05/F019.c,cppcheck,True,success,True,0,9,34,error,memleakOnRealloc,Common realloc mistake: 'txs' nulled but not freed upon failure,/home/yichen/Desktop/Qwen_GSCP05/F019.c|34|error|memleakOnRealloc|Common realloc mistake: 'txs' nulled but not freed upon failure,/home/yichen/Desktop/Qwen_GSCP_Results05/logs/F019_cppcheck.log
/home/yichen/Desktop/Qwen_GSCP05/F019.c,cppcheck,True,success,True,0,9,9,style,constParameter,Parameter 'argv' can be declared as const array,/home/yichen/Desktop/Qwen_GSCP05/F019.c|9|style|constParameter|Parameter 'argv' can be declared as const array,/home/yichen/Desktop/Qwen_GSCP_Results05/logs/F019_cppcheck.log
nofile,cppcheck,True,success,True,0,9,0,information,checkersReport,Active checkers: 113/592 (use --checkers-report=<filename> to see details),nofile|0|information|checkersReport|Active checkers: 113/592 (use --checkers-report=<filename> to see details),/home/yichen/Desktop/Qwen_GSCP_Results05/logs/F019_cppcheck.log
/home/yichen/Desktop/Qwen_GSCP05/F020.c,cppcheck,True,success,True,0,7,2,information,missingIncludeSystem,Include file: <stdio.h> not found. Please note: Cppcheck does not need standard library headers to get proper results.,/home/yichen/Desktop/Qwen_GSCP05/F020.c|2|information|missingIncludeSystem|Include file: <stdio.h> not found. Please note: Cppcheck does not need standard library headers to get proper results.,/home/yichen/Desktop/Qwen_GSCP_Results05/logs/F020_cppcheck.log
/home/yichen/Desktop/Qwen_GSCP05/F020.c,cppcheck,True,success,True,0,7,3,information,missingIncludeSystem,Include file: <stdlib.h> not found. Please note: Cppcheck does not need standard library headers to get proper results.,/home/yichen/Desktop/Qwen_GSCP05/F020.c|3|information|missingIncludeSystem|Include file: <stdlib.h> not found. Please note: Cppcheck does not need standard library headers to get proper results.,/home/yichen/Desktop/Qwen_GSCP_Results05/logs/F020_cppcheck.log
/home/yichen/Desktop/Qwen_GSCP05/F020.c,cppcheck,True,success,True,0,7,4,information,missingIncludeSystem,Include file: <string.h> not found. Please note: Cppcheck does not need standard library headers to get proper results.,/home/yichen/Desktop/Qwen_GSCP05/F020.c|4|information|missingIncludeSystem|Include file: <string.h> not found. Please note: Cppcheck does not need standard library headers to get proper results.,/home/yichen/Desktop/Qwen_GSCP_Results05/logs/F020_cppcheck.log
/home/yichen/Desktop/Qwen_GSCP05/F020.c,cppcheck,True,success,True,0,7,22,error,memleakOnRealloc,Common realloc mistake: 'recs' nulled but not freed upon failure,/home/yichen/Desktop/Qwen_GSCP05/F020.c|22|error|memleakOnRealloc|Common realloc mistake: 'recs' nulled but not freed upon failure,/home/yichen/Desktop/Qwen_GSCP_Results05/logs/F020_cppcheck.log
/home/yichen/Desktop/Qwen_GSCP05/F020.c,cppcheck,True,success,True,0,7,59,error,memleakOnRealloc,Common realloc mistake: 'recs' nulled but not freed upon failure,/home/yichen/Desktop/Qwen_GSCP05/F020.c|59|error|memleakOnRealloc|Common realloc mistake: 'recs' nulled but not freed upon failure,/home/yichen/Desktop/Qwen_GSCP_Results05/logs/F020_cppcheck.log
/home/yichen/Desktop/Qwen_GSCP05/F020.c,cppcheck,True,success,True,0,7,14,style,constParameter,Parameter 'argv' can be declared as const array,/home/yichen/Desktop/Qwen_GSCP05/F020.c|14|style|constParameter|Parameter 'argv' can be declared as const array,/home/yichen/Desktop/Qwen_GSCP_Results05/logs/F020_cppcheck.log
nofile,cppcheck,True,success,True,0,7,0,information,checkersReport,Active checkers: 113/592 (use --checkers-report=<filename> to see details),nofile|0|information|checkersReport|Active checkers: 113/592 (use --checkers-report=<filename> to see details),/home/yichen/Desktop/Qwen_GSCP_Results05/logs/F020_cppcheck.log
/home/yichen/Desktop/Qwen_GSCP05/F021.c,cppcheck,True,success,True,0,5,2,information,missingIncludeSystem,Include file: <stdio.h> not found. Please note: Cppcheck does not need standard library headers to get proper results.,/home/yichen/Desktop/Qwen_GSCP05/F021.c|2|information|missingIncludeSystem|Include file: <stdio.h> not found. Please note: Cppcheck does not need standard library headers to get proper results.,/home/yichen/Desktop/Qwen_GSCP_Results05/logs/F021_cppcheck.log
/home/yichen/Desktop/Qwen_GSCP05/F021.c,cppcheck,True,success,True,0,5,3,information,missingIncludeSystem,Include file: <stdlib.h> not found. Please note: Cppcheck does not need standard library headers to get proper results.,/home/yichen/Desktop/Qwen_GSCP05/F021.c|3|information|missingIncludeSystem|Include file: <stdlib.h> not found. Please note: Cppcheck does not need standard library headers to get proper results.,/home/yichen/Desktop/Qwen_GSCP_Results05/logs/F021_cppcheck.log
/home/yichen/Desktop/Qwen_GSCP05/F021.c,cppcheck,True,success,True,0,5,4,information,missingIncludeSystem,Include file: <string.h> not found. Please note: Cppcheck does not need standard library headers to get proper results.,/home/yichen/Desktop/Qwen_GSCP05/F021.c|4|information|missingIncludeSystem|Include file: <string.h> not found. Please note: Cppcheck does not need standard library headers to get proper results.,/home/yichen/Desktop/Qwen_GSCP_Results05/logs/F021_cppcheck.log
/home/yichen/Desktop/Qwen_GSCP05/F021.c,cppcheck,True,success,True,0,5,51,error,memleakOnRealloc,Common realloc mistake: 'recipes' nulled but not freed upon failure,/home/yichen/Desktop/Qwen_GSCP05/F021.c|51|error|memleakOnRealloc|Common realloc mistake: 'recipes' nulled but not freed upon failure,/home/yichen/Desktop/Qwen_GSCP_Results05/logs/F021_cppcheck.log
nofile,cppcheck,True,success,True,0,5,0,information,checkersReport,Active checkers: 113/592 (use --checkers-report=<filename> to see details),nofile|0|information|checkersReport|Active checkers: 113/592 (use --checkers-report=<filename> to see details),/home/yichen/Desktop/Qwen_GSCP_Results05/logs/F021_cppcheck.log
/home/yichen/Desktop/Qwen_GSCP05/F022.c,cppcheck,True,success,True,0,5,2,information,missingIncludeSystem,Include file: <stdio.h> not found. Please note: Cppcheck does not need standard library headers to get proper results.,/home/yichen/Desktop/Qwen_GSCP05/F022.c|2|information|missingIncludeSystem|Include file: <stdio.h> not found. Please note: Cppcheck does not need standard library headers to get proper results.,/home/yichen/Desktop/Qwen_GSCP_Results05/logs/F022_cppcheck.log
/home/yichen/Desktop/Qwen_GSCP05/F022.c,cppcheck,True,success,True,0,5,3,information,missingIncludeSystem,Include file: <stdlib.h> not found. Please note: Cppcheck does not need standard library headers to get proper results.,/home/yichen/Desktop/Qwen_GSCP05/F022.c|3|information|missingIncludeSystem|Include file: <stdlib.h> not found. Please note: Cppcheck does not need standard library headers to get proper results.,/home/yichen/Desktop/Qwen_GSCP_Results05/logs/F022_cppcheck.log
/home/yichen/Desktop/Qwen_GSCP05/F022.c,cppcheck,True,success,True,0,5,4,information,missingIncludeSystem,Include file: <string.h> not found. Please note: Cppcheck does not need standard library headers to get proper results.,/home/yichen/Desktop/Qwen_GSCP05/F022.c|4|information|missingIncludeSystem|Include file: <string.h> not found. Please note: Cppcheck does not need standard library headers to get proper results.,/home/yichen/Desktop/Qwen_GSCP_Results05/logs/F022_cppcheck.log
/home/yichen/Desktop/Qwen_GSCP05/F022.c,cppcheck,True,success,True,0,5,54,error,memleakOnRealloc,Common realloc mistake: 'projects' nulled but not freed upon failure,/home/yichen/Desktop/Qwen_GSCP05/F022.c|54|error|memleakOnRealloc|Common realloc mistake: 'projects' nulled but not freed upon failure,/home/yichen/Desktop/Qwen_GSCP_Results05/logs/F022_cppcheck.log
nofile,cppcheck,True,success,True,0,5,0,information,checkersReport,Active checkers: 113/592 (use --checkers-report=<filename> to see details),nofile|0|information|checkersReport|Active checkers: 113/592 (use --checkers-report=<filename> to see details),/home/yichen/Desktop/Qwen_GSCP_Results05/logs/F022_cppcheck.log
/home/yichen/Desktop/Qwen_GSCP05/F023.c,cppcheck,True,success,True,0,5,2,information,missingIncludeSystem,Include file: <stdio.h> not found. Please note: Cppcheck does not need standard library headers to get proper results.,/home/yichen/Desktop/Qwen_GSCP05/F023.c|2|information|missingIncludeSystem|Include file: <stdio.h> not found. Please note: Cppcheck does not need standard library headers to get proper results.,/home/yichen/Desktop/Qwen_GSCP_Results05/logs/F023_cppcheck.log
/home/yichen/Desktop/Qwen_GSCP05/F023.c,cppcheck,True,success,True,0,5,3,information,missingIncludeSystem,Include file: <stdlib.h> not found. Please note: Cppcheck does not need standard library headers to get proper results.,/home/yichen/Desktop/Qwen_GSCP05/F023.c|3|information|missingIncludeSystem|Include file: <stdlib.h> not found. Please note: Cppcheck does not need standard library headers to get proper results.,/home/yichen/Desktop/Qwen_GSCP_Results05/logs/F023_cppcheck.log
/home/yichen/Desktop/Qwen_GSCP05/F023.c,cppcheck,True,success,True,0,5,4,information,missingIncludeSystem,Include file: <string.h> not found. Please note: Cppcheck does not need standard library headers to get proper results.,/home/yichen/Desktop/Qwen_GSCP05/F023.c|4|information|missingIncludeSystem|Include file: <string.h> not found. Please note: Cppcheck does not need standard library headers to get proper results.,/home/yichen/Desktop/Qwen_GSCP_Results05/logs/F023_cppcheck.log
/home/yichen/Desktop/Qwen_GSCP05/F023.c,cppcheck,True,success,True,0,5,40,error,memleakOnRealloc,Common realloc mistake: 'mails' nulled but not freed upon failure,/home/yichen/Desktop/Qwen_GSCP05/F023.c|40|error|memleakOnRealloc|Common realloc mistake: 'mails' nulled but not freed upon failure,/home/yichen/Desktop/Qwen_GSCP_Results05/logs/F023_cppcheck.log
nofile,cppcheck,True,success,True,0,5,0,information,checkersReport,Active checkers: 113/592 (use --checkers-report=<filename> to see details),nofile|0|information|checkersReport|Active checkers: 113/592 (use --checkers-report=<filename> to see details),/home/yichen/Desktop/Qwen_GSCP_Results05/logs/F023_cppcheck.log
/home/yichen/Desktop/Qwen_GSCP05/F024.c,cppcheck,True,success,True,0,6,2,information,missingIncludeSystem,Include file: <stdio.h> not found. Please note: Cppcheck does not need standard library headers to get proper results.,/home/yichen/Desktop/Qwen_GSCP05/F024.c|2|information|missingIncludeSystem|Include file: <stdio.h> not found. Please note: Cppcheck does not need standard library headers to get proper results.,/home/yichen/Desktop/Qwen_GSCP_Results05/logs/F024_cppcheck.log
/home/yichen/Desktop/Qwen_GSCP05/F024.c,cppcheck,True,success,True,0,6,3,information,missingIncludeSystem,Include file: <stdlib.h> not found. Please note: Cppcheck does not need standard library headers to get proper results.,/home/yichen/Desktop/Qwen_GSCP05/F024.c|3|information|missingIncludeSystem|Include file: <stdlib.h> not found. Please note: Cppcheck does not need standard library headers to get proper results.,/home/yichen/Desktop/Qwen_GSCP_Results05/logs/F024_cppcheck.log
/home/yichen/Desktop/Qwen_GSCP05/F024.c,cppcheck,True,success,True,0,6,4,information,missingIncludeSystem,Include file: <string.h> not found. Please note: Cppcheck does not need standard library headers to get proper results.,/home/yichen/Desktop/Qwen_GSCP05/F024.c|4|information|missingIncludeSystem|Include file: <string.h> not found. Please note: Cppcheck does not need standard library headers to get proper results.,/home/yichen/Desktop/Qwen_GSCP_Results05/logs/F024_cppcheck.log
/home/yichen/Desktop/Qwen_GSCP05/F024.c,cppcheck,True,success,True,0,6,40,error,memleakOnRealloc,Common realloc mistake: 'books' nulled but not freed upon failure,/home/yichen/Desktop/Qwen_GSCP05/F024.c|40|error|memleakOnRealloc|Common realloc mistake: 'books' nulled but not freed upon failure,/home/yichen/Desktop/Qwen_GSCP_Results05/logs/F024_cppcheck.log
/home/yichen/Desktop/Qwen_GSCP05/F024.c,cppcheck,True,success,True,0,6,31,style,variableScope,The scope of the variable 'yr' can be reduced.,/home/yichen/Desktop/Qwen_GSCP05/F024.c|31|style|variableScope|The scope of the variable 'yr' can be reduced.,/home/yichen/Desktop/Qwen_GSCP_Results05/logs/F024_cppcheck.log
nofile,cppcheck,True,success,True,0,6,0,information,checkersReport,Active checkers: 113/592 (use --checkers-report=<filename> to see details),nofile|0|information|checkersReport|Active checkers: 113/592 (use --checkers-report=<filename> to see details),/home/yichen/Desktop/Qwen_GSCP_Results05/logs/F024_cppcheck.log
/home/yichen/Desktop/Qwen_GSCP05/F025.c,cppcheck,True,success,True,0,5,2,information,missingIncludeSystem,Include file: <stdio.h> not found. Please note: Cppcheck does not need standard library headers to get proper results.,/home/yichen/Desktop/Qwen_GSCP05/F025.c|2|information|missingIncludeSystem|Include file: <stdio.h> not found. Please note: Cppcheck does not need standard library headers to get proper results.,/home/yichen/Desktop/Qwen_GSCP_Results05/logs/F025_cppcheck.log
/home/yichen/Desktop/Qwen_GSCP05/F025.c,cppcheck,True,success,True,0,5,3,information,missingIncludeSystem,Include file: <stdlib.h> not found. Please note: Cppcheck does not need standard library headers to get proper results.,/home/yichen/Desktop/Qwen_GSCP05/F025.c|3|information|missingIncludeSystem|Include file: <stdlib.h> not found. Please note: Cppcheck does not need standard library headers to get proper results.,/home/yichen/Desktop/Qwen_GSCP_Results05/logs/F025_cppcheck.log
/home/yichen/Desktop/Qwen_GSCP05/F025.c,cppcheck,True,success,True,0,5,4,information,missingIncludeSystem,Include file: <string.h> not found. Please note: Cppcheck does not need standard library headers to get proper results.,/home/yichen/Desktop/Qwen_GSCP05/F025.c|4|information|missingIncludeSystem|Include file: <string.h> not found. Please note: Cppcheck does not need standard library headers to get proper results.,/home/yichen/Desktop/Qwen_GSCP_Results05/logs/F025_cppcheck.log
/home/yichen/Desktop/Qwen_GSCP05/F025.c,cppcheck,True,success,True,0,5,53,error,memleakOnRealloc,Common realloc mistake: 'classes' nulled but not freed upon failure,/home/yichen/Desktop/Qwen_GSCP05/F025.c|53|error|memleakOnRealloc|Common realloc mistake: 'classes' nulled but not freed upon failure,/home/yichen/Desktop/Qwen_GSCP_Results05/logs/F025_cppcheck.log
nofile,cppcheck,True,success,True,0,5,0,information,checkersReport,Active checkers: 113/592 (use --checkers-report=<filename> to see details),nofile|0|information|checkersReport|Active checkers: 113/592 (use --checkers-report=<filename> to see details),/home/yichen/Desktop/Qwen_GSCP_Results05/logs/F025_cppcheck.log
/home/yichen/Desktop/Qwen_GSCP05/F026.c,cppcheck,True,success,True,0,5,2,information,missingIncludeSystem,Include file: <stdio.h> not found. Please note: Cppcheck does not need standard library headers to get proper results.,/home/yichen/Desktop/Qwen_GSCP05/F026.c|2|information|missingIncludeSystem|Include file: <stdio.h> not found. Please note: Cppcheck does not need standard library headers to get proper results.,/home/yichen/Desktop/Qwen_GSCP_Results05/logs/F026_cppcheck.log
/home/yichen/Desktop/Qwen_GSCP05/F026.c,cppcheck,True,success,True,0,5,3,information,missingIncludeSystem,Include file: <stdlib.h> not found. Please note: Cppcheck does not need standard library headers to get proper results.,/home/yichen/Desktop/Qwen_GSCP05/F026.c|3|information|missingIncludeSystem|Include file: <stdlib.h> not found. Please note: Cppcheck does not need standard library headers to get proper results.,/home/yichen/Desktop/Qwen_GSCP_Results05/logs/F026_cppcheck.log
/home/yichen/Desktop/Qwen_GSCP05/F026.c,cppcheck,True,success,True,0,5,4,information,missingIncludeSystem,Include file: <string.h> not found. Please note: Cppcheck does not need standard library headers to get proper results.,/home/yichen/Desktop/Qwen_GSCP05/F026.c|4|information|missingIncludeSystem|Include file: <string.h> not found. Please note: Cppcheck does not need standard library headers to get proper results.,/home/yichen/Desktop/Qwen_GSCP_Results05/logs/F026_cppcheck.log
/home/yichen/Desktop/Qwen_GSCP05/F026.c,cppcheck,True,success,True,0,5,28,error,memleakOnRealloc,Common realloc mistake: 'notes' nulled but not freed upon failure,/home/yichen/Desktop/Qwen_GSCP05/F026.c|28|error|memleakOnRealloc|Common realloc mistake: 'notes' nulled but not freed upon failure,/home/yichen/Desktop/Qwen_GSCP_Results05/logs/F026_cppcheck.log
nofile,cppcheck,True,success,True,0,5,0,information,checkersReport,Active checkers: 113/592 (use --checkers-report=<filename> to see details),nofile|0|information|checkersReport|Active checkers: 113/592 (use --checkers-report=<filename> to see details),/home/yichen/Desktop/Qwen_GSCP_Results05/logs/F026_cppcheck.log
/home/yichen/Desktop/Qwen_GSCP05/F027.c,cppcheck,True,success,True,0,5,2,information,missingIncludeSystem,Include file: <stdio.h> not found. Please note: Cppcheck does not need standard library headers to get proper results.,/home/yichen/Desktop/Qwen_GSCP05/F027.c|2|information|missingIncludeSystem|Include file: <stdio.h> not found. Please note: Cppcheck does not need standard library headers to get proper results.,/home/yichen/Desktop/Qwen_GSCP_Results05/logs/F027_cppcheck.log
/home/yichen/Desktop/Qwen_GSCP05/F027.c,cppcheck,True,success,True,0,5,3,information,missingIncludeSystem,Include file: <stdlib.h> not found. Please note: Cppcheck does not need standard library headers to get proper results.,/home/yichen/Desktop/Qwen_GSCP05/F027.c|3|information|missingIncludeSystem|Include file: <stdlib.h> not found. Please note: Cppcheck does not need standard library headers to get proper results.,/home/yichen/Desktop/Qwen_GSCP_Results05/logs/F027_cppcheck.log
/home/yichen/Desktop/Qwen_GSCP05/F027.c,cppcheck,True,success,True,0,5,4,information,missingIncludeSystem,Include file: <string.h> not found. Please note: Cppcheck does not need standard library headers to get proper results.,/home/yichen/Desktop/Qwen_GSCP05/F027.c|4|information|missingIncludeSystem|Include file: <string.h> not found. Please note: Cppcheck does not need standard library headers to get proper results.,/home/yichen/Desktop/Qwen_GSCP_Results05/logs/F027_cppcheck.log
/home/yichen/Desktop/Qwen_GSCP05/F027.c,cppcheck,True,success,True,0,5,47,error,memleakOnRealloc,Common realloc mistake: 'rems' nulled but not freed upon failure,/home/yichen/Desktop/Qwen_GSCP05/F027.c|47|error|memleakOnRealloc|Common realloc mistake: 'rems' nulled but not freed upon failure,/home/yichen/Desktop/Qwen_GSCP_Results05/logs/F027_cppcheck.log
nofile,cppcheck,True,success,True,0,5,0,information,checkersReport,Active checkers: 113/592 (use --checkers-report=<filename> to see details),nofile|0|information|checkersReport|Active checkers: 113/592 (use --checkers-report=<filename> to see details),/home/yichen/Desktop/Qwen_GSCP_Results05/logs/F027_cppcheck.log
/home/yichen/Desktop/Qwen_GSCP05/F028.c,cppcheck,True,success,True,0,6,2,information,missingIncludeSystem,Include file: <stdio.h> not found. Please note: Cppcheck does not need standard library headers to get proper results.,/home/yichen/Desktop/Qwen_GSCP05/F028.c|2|information|missingIncludeSystem|Include file: <stdio.h> not found. Please note: Cppcheck does not need standard library headers to get proper results.,/home/yichen/Desktop/Qwen_GSCP_Results05/logs/F028_cppcheck.log
/home/yichen/Desktop/Qwen_GSCP05/F028.c,cppcheck,True,success,True,0,6,3,information,missingIncludeSystem,Include file: <stdlib.h> not found. Please note: Cppcheck does not need standard library headers to get proper results.,/home/yichen/Desktop/Qwen_GSCP05/F028.c|3|information|missingIncludeSystem|Include file: <stdlib.h> not found. Please note: Cppcheck does not need standard library headers to get proper results.,/home/yichen/Desktop/Qwen_GSCP_Results05/logs/F028_cppcheck.log
/home/yichen/Desktop/Qwen_GSCP05/F028.c,cppcheck,True,success,True,0,6,4,information,missingIncludeSystem,Include file: <string.h> not found. Please note: Cppcheck does not need standard library headers to get proper results.,/home/yichen/Desktop/Qwen_GSCP05/F028.c|4|information|missingIncludeSystem|Include file: <string.h> not found. Please note: Cppcheck does not need standard library headers to get proper results.,/home/yichen/Desktop/Qwen_GSCP_Results05/logs/F028_cppcheck.log
/home/yichen/Desktop/Qwen_GSCP05/F028.c,cppcheck,True,success,True,0,6,32,error,memleakOnRealloc,Common realloc mistake: 'stops' nulled but not freed upon failure,/home/yichen/Desktop/Qwen_GSCP05/F028.c|32|error|memleakOnRealloc|Common realloc mistake: 'stops' nulled but not freed upon failure,/home/yichen/Desktop/Qwen_GSCP_Results05/logs/F028_cppcheck.log
/home/yichen/Desktop/Qwen_GSCP05/F028.c,cppcheck,True,success,True,0,6,43,error,memleakOnRealloc,Common realloc mistake: 'stops' nulled but not freed upon failure,/home/yichen/Desktop/Qwen_GSCP05/F028.c|43|error|memleakOnRealloc|Common realloc mistake: 'stops' nulled but not freed upon failure,/home/yichen/Desktop/Qwen_GSCP_Results05/logs/F028_cppcheck.log
nofile,cppcheck,True,success,True,0,6,0,information,checkersReport,Active checkers: 113/592 (use --checkers-report=<filename> to see details),nofile|0|information|checkersReport|Active checkers: 113/592 (use --checkers-report=<filename> to see details),/home/yichen/Desktop/Qwen_GSCP_Results05/logs/F028_cppcheck.log
/home/yichen/Desktop/Qwen_GSCP05/F029.c,cppcheck,True,success,True,0,5,2,information,missingIncludeSystem,Include file: <stdio.h> not found. Please note: Cppcheck does not need standard library headers to get proper results.,/home/yichen/Desktop/Qwen_GSCP05/F029.c|2|information|missingIncludeSystem|Include file: <stdio.h> not found. Please note: Cppcheck does not need standard library headers to get proper results.,/home/yichen/Desktop/Qwen_GSCP_Results05/logs/F029_cppcheck.log
/home/yichen/Desktop/Qwen_GSCP05/F029.c,cppcheck,True,success,True,0,5,3,information,missingIncludeSystem,Include file: <stdlib.h> not found. Please note: Cppcheck does not need standard library headers to get proper results.,/home/yichen/Desktop/Qwen_GSCP05/F029.c|3|information|missingIncludeSystem|Include file: <stdlib.h> not found. Please note: Cppcheck does not need standard library headers to get proper results.,/home/yichen/Desktop/Qwen_GSCP_Results05/logs/F029_cppcheck.log
/home/yichen/Desktop/Qwen_GSCP05/F029.c,cppcheck,True,success,True,0,5,4,information,missingIncludeSystem,Include file: <string.h> not found. Please note: Cppcheck does not need standard library headers to get proper results.,/home/yichen/Desktop/Qwen_GSCP05/F029.c|4|information|missingIncludeSystem|Include file: <string.h> not found. Please note: Cppcheck does not need standard library headers to get proper results.,/home/yichen/Desktop/Qwen_GSCP_Results05/logs/F029_cppcheck.log
/home/yichen/Desktop/Qwen_GSCP05/F029.c,cppcheck,True,success,True,0,5,28,error,memleakOnRealloc,Common realloc mistake: 'recs' nulled but not freed upon failure,/home/yichen/Desktop/Qwen_GSCP05/F029.c|28|error|memleakOnRealloc|Common realloc mistake: 'recs' nulled but not freed upon failure,/home/yichen/Desktop/Qwen_GSCP_Results05/logs/F029_cppcheck.log
nofile,cppcheck,True,success,True,0,5,0,information,checkersReport,Active checkers: 113/592 (use --checkers-report=<filename> to see details),nofile|0|information|checkersReport|Active checkers: 113/592 (use --checkers-report=<filename> to see details),/home/yichen/Desktop/Qwen_GSCP_Results05/logs/F029_cppcheck.log
/home/yichen/Desktop/Qwen_GSCP05/F030.c,cppcheck,True,success,True,0,6,2,information,missingIncludeSystem,Include file: <stdio.h> not found. Please note: Cppcheck does not need standard library headers to get proper results.,/home/yichen/Desktop/Qwen_GSCP05/F030.c|2|information|missingIncludeSystem|Include file: <stdio.h> not found. Please note: Cppcheck does not need standard library headers to get proper results.,/home/yichen/Desktop/Qwen_GSCP_Results05/logs/F030_cppcheck.log
/home/yichen/Desktop/Qwen_GSCP05/F030.c,cppcheck,True,success,True,0,6,3,information,missingIncludeSystem,Include file: <stdlib.h> not found. Please note: Cppcheck does not need standard library headers to get proper results.,/home/yichen/Desktop/Qwen_GSCP05/F030.c|3|information|missingIncludeSystem|Include file: <stdlib.h> not found. Please note: Cppcheck does not need standard library headers to get proper results.,/home/yichen/Desktop/Qwen_GSCP_Results05/logs/F030_cppcheck.log
/home/yichen/Desktop/Qwen_GSCP05/F030.c,cppcheck,True,success,True,0,6,4,information,missingIncludeSystem,Include file: <string.h> not found. Please note: Cppcheck does not need standard library headers to get proper results.,/home/yichen/Desktop/Qwen_GSCP05/F030.c|4|information|missingIncludeSystem|Include file: <string.h> not found. Please note: Cppcheck does not need standard library headers to get proper results.,/home/yichen/Desktop/Qwen_GSCP_Results05/logs/F030_cppcheck.log
/home/yichen/Desktop/Qwen_GSCP05/F030.c,cppcheck,True,success,True,0,6,28,error,memleakOnRealloc,Common realloc mistake: 'rules' nulled but not freed upon failure,/home/yichen/Desktop/Qwen_GSCP05/F030.c|28|error|memleakOnRealloc|Common realloc mistake: 'rules' nulled but not freed upon failure,/home/yichen/Desktop/Qwen_GSCP_Results05/logs/F030_cppcheck.log
/home/yichen/Desktop/Qwen_GSCP05/F030.c,cppcheck,True,success,True,0,6,37,style,constVariablePointer,Variable 'pos' can be declared as pointer to const,/home/yichen/Desktop/Qwen_GSCP05/F030.c|37|style|constVariablePointer|Variable 'pos' can be declared as pointer to const,/home/yichen/Desktop/Qwen_GSCP_Results05/logs/F030_cppcheck.log
nofile,cppcheck,True,success,True,0,6,0,information,checkersReport,Active checkers: 113/592 (use --checkers-report=<filename> to see details),nofile|0|information|checkersReport|Active checkers: 113/592 (use --checkers-report=<filename> to see details),/home/yichen/Desktop/Qwen_GSCP_Results05/logs/F030_cppcheck.log
/home/yichen/Desktop/Qwen_GSCP05/F031.c,cppcheck,True,success,True,0,5,2,information,missingIncludeSystem,Include file: <stdio.h> not found. Please note: Cppcheck does not need standard library headers to get proper results.,/home/yichen/Desktop/Qwen_GSCP05/F031.c|2|information|missingIncludeSystem|Include file: <stdio.h> not found. Please note: Cppcheck does not need standard library headers to get proper results.,/home/yichen/Desktop/Qwen_GSCP_Results05/logs/F031_cppcheck.log
/home/yichen/Desktop/Qwen_GSCP05/F031.c,cppcheck,True,success,True,0,5,3,information,missingIncludeSystem,Include file: <stdlib.h> not found. Please note: Cppcheck does not need standard library headers to get proper results.,/home/yichen/Desktop/Qwen_GSCP05/F031.c|3|information|missingIncludeSystem|Include file: <stdlib.h> not found. Please note: Cppcheck does not need standard library headers to get proper results.,/home/yichen/Desktop/Qwen_GSCP_Results05/logs/F031_cppcheck.log
/home/yichen/Desktop/Qwen_GSCP05/F031.c,cppcheck,True,success,True,0,5,4,information,missingIncludeSystem,Include file: <string.h> not found. Please note: Cppcheck does not need standard library headers to get proper results.,/home/yichen/Desktop/Qwen_GSCP05/F031.c|4|information|missingIncludeSystem|Include file: <string.h> not found. Please note: Cppcheck does not need standard library headers to get proper results.,/home/yichen/Desktop/Qwen_GSCP_Results05/logs/F031_cppcheck.log
/home/yichen/Desktop/Qwen_GSCP05/F031.c,cppcheck,True,success,True,0,5,66,error,memleakOnRealloc,Common realloc mistake: 'recs' nulled but not freed upon failure,/home/yichen/Desktop/Qwen_GSCP05/F031.c|66|error|memleakOnRealloc|Common realloc mistake: 'recs' nulled but not freed upon failure,/home/yichen/Desktop/Qwen_GSCP_Results05/logs/F031_cppcheck.log
nofile,cppcheck,True,success,True,0,5,0,information,checkersReport,Active checkers: 113/592 (use --checkers-report=<filename> to see details),nofile|0|information|checkersReport|Active checkers: 113/592 (use --checkers-report=<filename> to see details),/home/yichen/Desktop/Qwen_GSCP_Results05/logs/F031_cppcheck.log
/home/yichen/Desktop/Qwen_GSCP05/F032.c,cppcheck,True,success,True,0,8,2,information,missingIncludeSystem,Include file: <stdio.h> not found. Please note: Cppcheck does not need standard library headers to get proper results.,/home/yichen/Desktop/Qwen_GSCP05/F032.c|2|information|missingIncludeSystem|Include file: <stdio.h> not found. Please note: Cppcheck does not need standard library headers to get proper results.,/home/yichen/Desktop/Qwen_GSCP_Results05/logs/F032_cppcheck.log
/home/yichen/Desktop/Qwen_GSCP05/F032.c,cppcheck,True,success,True,0,8,3,information,missingIncludeSystem,Include file: <stdlib.h> not found. Please note: Cppcheck does not need standard library headers to get proper results.,/home/yichen/Desktop/Qwen_GSCP05/F032.c|3|information|missingIncludeSystem|Include file: <stdlib.h> not found. Please note: Cppcheck does not need standard library headers to get proper results.,/home/yichen/Desktop/Qwen_GSCP_Results05/logs/F032_cppcheck.log
/home/yichen/Desktop/Qwen_GSCP05/F032.c,cppcheck,True,success,True,0,8,4,information,missingIncludeSystem,Include file: <string.h> not found. Please note: Cppcheck does not need standard library headers to get proper results.,/home/yichen/Desktop/Qwen_GSCP05/F032.c|4|information|missingIncludeSystem|Include file: <string.h> not found. Please note: Cppcheck does not need standard library headers to get proper results.,/home/yichen/Desktop/Qwen_GSCP_Results05/logs/F032_cppcheck.log
/home/yichen/Desktop/Qwen_GSCP05/F032.c,cppcheck,True,success,True,0,8,43,error,memleakOnRealloc,Common realloc mistake: 'committed' nulled but not freed upon failure,/home/yichen/Desktop/Qwen_GSCP05/F032.c|43|error|memleakOnRealloc|Common realloc mistake: 'committed' nulled but not freed upon failure,/home/yichen/Desktop/Qwen_GSCP_Results05/logs/F032_cppcheck.log
/home/yichen/Desktop/Qwen_GSCP05/F032.c,cppcheck,True,success,True,0,8,62,error,memleakOnRealloc,Common realloc mistake: 'staged' nulled but not freed upon failure,/home/yichen/Desktop/Qwen_GSCP05/F032.c|62|error|memleakOnRealloc|Common realloc mistake: 'staged' nulled but not freed upon failure,/home/yichen/Desktop/Qwen_GSCP_Results05/logs/F032_cppcheck.log
/home/yichen/Desktop/Qwen_GSCP05/F032.c,cppcheck,True,success,True,0,8,75,error,memleakOnRealloc,Common realloc mistake: 'committed' nulled but not freed upon failure,/home/yichen/Desktop/Qwen_GSCP05/F032.c|75|error|memleakOnRealloc|Common realloc mistake: 'committed' nulled but not freed upon failure,/home/yichen/Desktop/Qwen_GSCP_Results05/logs/F032_cppcheck.log
/home/yichen/Desktop/Qwen_GSCP05/F032.c,cppcheck,True,success,True,0,8,17,style,constParameterPointer,Parameter 'arr' can be declared as pointer to const,/home/yichen/Desktop/Qwen_GSCP05/F032.c|17|style|constParameterPointer|Parameter 'arr' can be declared as pointer to const,/home/yichen/Desktop/Qwen_GSCP_Results05/logs/F032_cppcheck.log
nofile,cppcheck,True,success,True,0,8,0,information,checkersReport,Active checkers: 113/592 (use --checkers-report=<filename> to see details),nofile|0|information|checkersReport|Active checkers: 113/592 (use --checkers-report=<filename> to see details),/home/yichen/Desktop/Qwen_GSCP_Results05/logs/F032_cppcheck.log
/home/yichen/Desktop/Qwen_GSCP05/F033.c,cppcheck,True,success,True,0,5,2,information,missingIncludeSystem,Include file: <stdio.h> not found. Please note: Cppcheck does not need standard library headers to get proper results.,/home/yichen/Desktop/Qwen_GSCP05/F033.c|2|information|missingIncludeSystem|Include file: <stdio.h> not found. Please note: Cppcheck does not need standard library headers to get proper results.,/home/yichen/Desktop/Qwen_GSCP_Results05/logs/F033_cppcheck.log
/home/yichen/Desktop/Qwen_GSCP05/F033.c,cppcheck,True,success,True,0,5,3,information,missingIncludeSystem,Include file: <stdlib.h> not found. Please note: Cppcheck does not need standard library headers to get proper results.,/home/yichen/Desktop/Qwen_GSCP05/F033.c|3|information|missingIncludeSystem|Include file: <stdlib.h> not found. Please note: Cppcheck does not need standard library headers to get proper results.,/home/yichen/Desktop/Qwen_GSCP_Results05/logs/F033_cppcheck.log
/home/yichen/Desktop/Qwen_GSCP05/F033.c,cppcheck,True,success,True,0,5,4,information,missingIncludeSystem,Include file: <string.h> not found. Please note: Cppcheck does not need standard library headers to get proper results.,/home/yichen/Desktop/Qwen_GSCP05/F033.c|4|information|missingIncludeSystem|Include file: <string.h> not found. Please note: Cppcheck does not need standard library headers to get proper results.,/home/yichen/Desktop/Qwen_GSCP_Results05/logs/F033_cppcheck.log
/home/yichen/Desktop/Qwen_GSCP05/F033.c,cppcheck,True,success,True,0,5,42,error,memleakOnRealloc,Common realloc mistake: 'emps' nulled but not freed upon failure,/home/yichen/Desktop/Qwen_GSCP05/F033.c|42|error|memleakOnRealloc|Common realloc mistake: 'emps' nulled but not freed upon failure,/home/yichen/Desktop/Qwen_GSCP_Results05/logs/F033_cppcheck.log
nofile,cppcheck,True,success,True,0,5,0,information,checkersReport,Active checkers: 113/592 (use --checkers-report=<filename> to see details),nofile|0|information|checkersReport|Active checkers: 113/592 (use --checkers-report=<filename> to see details),/home/yichen/Desktop/Qwen_GSCP_Results05/logs/F033_cppcheck.log
/home/yichen/Desktop/Qwen_GSCP05/F034.c,cppcheck,True,success,True,0,7,2,information,missingIncludeSystem,Include file: <stdio.h> not found. Please note: Cppcheck does not need standard library headers to get proper results.,/home/yichen/Desktop/Qwen_GSCP05/F034.c|2|information|missingIncludeSystem|Include file: <stdio.h> not found. Please note: Cppcheck does not need standard library headers to get proper results.,/home/yichen/Desktop/Qwen_GSCP_Results05/logs/F034_cppcheck.log
/home/yichen/Desktop/Qwen_GSCP05/F034.c,cppcheck,True,success,True,0,7,3,information,missingIncludeSystem,Include file: <stdlib.h> not found. Please note: Cppcheck does not need standard library headers to get proper results.,/home/yichen/Desktop/Qwen_GSCP05/F034.c|3|information|missingIncludeSystem|Include file: <stdlib.h> not found. Please note: Cppcheck does not need standard library headers to get proper results.,/home/yichen/Desktop/Qwen_GSCP_Results05/logs/F034_cppcheck.log
/home/yichen/Desktop/Qwen_GSCP05/F034.c,cppcheck,True,success,True,0,7,4,information,missingIncludeSystem,Include file: <string.h> not found. Please note: Cppcheck does not need standard library headers to get proper results.,/home/yichen/Desktop/Qwen_GSCP05/F034.c|4|information|missingIncludeSystem|Include file: <string.h> not found. Please note: Cppcheck does not need standard library headers to get proper results.,/home/yichen/Desktop/Qwen_GSCP_Results05/logs/F034_cppcheck.log
/home/yichen/Desktop/Qwen_GSCP05/F034.c,cppcheck,True,success,True,0,7,53,error,memleakOnRealloc,Common realloc mistake: 'tmp' nulled but not freed upon failure,/home/yichen/Desktop/Qwen_GSCP05/F034.c|53|error|memleakOnRealloc|Common realloc mistake: 'tmp' nulled but not freed upon failure,/home/yichen/Desktop/Qwen_GSCP_Results05/logs/F034_cppcheck.log
/home/yichen/Desktop/Qwen_GSCP05/F034.c,cppcheck,True,success,True,0,7,93,error,memleakOnRealloc,Common realloc mistake: 'notes' nulled but not freed upon failure,/home/yichen/Desktop/Qwen_GSCP05/F034.c|93|error|memleakOnRealloc|Common realloc mistake: 'notes' nulled but not freed upon failure,/home/yichen/Desktop/Qwen_GSCP_Results05/logs/F034_cppcheck.log
/home/yichen/Desktop/Qwen_GSCP05/F034.c,cppcheck,True,success,True,0,7,69,style,constParameter,Parameter 'argv' can be declared as const array,/home/yichen/Desktop/Qwen_GSCP05/F034.c|69|style|constParameter|Parameter 'argv' can be declared as const array,/home/yichen/Desktop/Qwen_GSCP_Results05/logs/F034_cppcheck.log
nofile,cppcheck,True,success,True,0,7,0,information,checkersReport,Active checkers: 113/592 (use --checkers-report=<filename> to see details),nofile|0|information|checkersReport|Active checkers: 113/592 (use --checkers-report=<filename> to see details),/home/yichen/Desktop/Qwen_GSCP_Results05/logs/F034_cppcheck.log
/home/yichen/Desktop/Qwen_GSCP05/F035.c,cppcheck,True,success,True,0,6,2,information,missingIncludeSystem,Include file: <stdio.h> not found. Please note: Cppcheck does not need standard library headers to get proper results.,/home/yichen/Desktop/Qwen_GSCP05/F035.c|2|information|missingIncludeSystem|Include file: <stdio.h> not found. Please note: Cppcheck does not need standard library headers to get proper results.,/home/yichen/Desktop/Qwen_GSCP_Results05/logs/F035_cppcheck.log
/home/yichen/Desktop/Qwen_GSCP05/F035.c,cppcheck,True,success,True,0,6,3,information,missingIncludeSystem,Include file: <stdlib.h> not found. Please note: Cppcheck does not need standard library headers to get proper results.,/home/yichen/Desktop/Qwen_GSCP05/F035.c|3|information|missingIncludeSystem|Include file: <stdlib.h> not found. Please note: Cppcheck does not need standard library headers to get proper results.,/home/yichen/Desktop/Qwen_GSCP_Results05/logs/F035_cppcheck.log
/home/yichen/Desktop/Qwen_GSCP05/F035.c,cppcheck,True,success,True,0,6,4,information,missingIncludeSystem,Include file: <string.h> not found. Please note: Cppcheck does not need standard library headers to get proper results.,/home/yichen/Desktop/Qwen_GSCP05/F035.c|4|information|missingIncludeSystem|Include file: <string.h> not found. Please note: Cppcheck does not need standard library headers to get proper results.,/home/yichen/Desktop/Qwen_GSCP_Results05/logs/F035_cppcheck.log
/home/yichen/Desktop/Qwen_GSCP05/F035.c,cppcheck,True,success,True,0,6,37,error,memleakOnRealloc,Common realloc mistake: 'jobs' nulled but not freed upon failure,/home/yichen/Desktop/Qwen_GSCP05/F035.c|37|error|memleakOnRealloc|Common realloc mistake: 'jobs' nulled but not freed upon failure,/home/yichen/Desktop/Qwen_GSCP_Results05/logs/F035_cppcheck.log
/home/yichen/Desktop/Qwen_GSCP05/F035.c,cppcheck,True,success,True,0,6,45,error,memleakOnRealloc,Common realloc mistake: 'jobs' nulled but not freed upon failure,/home/yichen/Desktop/Qwen_GSCP05/F035.c|45|error|memleakOnRealloc|Common realloc mistake: 'jobs' nulled but not freed upon failure,/home/yichen/Desktop/Qwen_GSCP_Results05/logs/F035_cppcheck.log
nofile,cppcheck,True,success,True,0,6,0,information,checkersReport,Active checkers: 113/592 (use --checkers-report=<filename> to see details),nofile|0|information|checkersReport|Active checkers: 113/592 (use --checkers-report=<filename> to see details),/home/yichen/Desktop/Qwen_GSCP_Results05/logs/F035_cppcheck.log
/home/yichen/Desktop/Qwen_GSCP05/F036.c,cppcheck,True,success,True,0,6,2,information,missingIncludeSystem,Include file: <stdio.h> not found. Please note: Cppcheck does not need standard library headers to get proper results.,/home/yichen/Desktop/Qwen_GSCP05/F036.c|2|information|missingIncludeSystem|Include file: <stdio.h> not found. Please note: Cppcheck does not need standard library headers to get proper results.,/home/yichen/Desktop/Qwen_GSCP_Results05/logs/F036_cppcheck.log
/home/yichen/Desktop/Qwen_GSCP05/F036.c,cppcheck,True,success,True,0,6,3,information,missingIncludeSystem,Include file: <stdlib.h> not found. Please note: Cppcheck does not need standard library headers to get proper results.,/home/yichen/Desktop/Qwen_GSCP05/F036.c|3|information|missingIncludeSystem|Include file: <stdlib.h> not found. Please note: Cppcheck does not need standard library headers to get proper results.,/home/yichen/Desktop/Qwen_GSCP_Results05/logs/F036_cppcheck.log
/home/yichen/Desktop/Qwen_GSCP05/F036.c,cppcheck,True,success,True,0,6,4,information,missingIncludeSystem,Include file: <string.h> not found. Please note: Cppcheck does not need standard library headers to get proper results.,/home/yichen/Desktop/Qwen_GSCP05/F036.c|4|information|missingIncludeSystem|Include file: <string.h> not found. Please note: Cppcheck does not need standard library headers to get proper results.,/home/yichen/Desktop/Qwen_GSCP_Results05/logs/F036_cppcheck.log
/home/yichen/Desktop/Qwen_GSCP05/F036.c,cppcheck,True,success,True,0,6,46,error,memleakOnRealloc,Common realloc mistake: 'recs' nulled but not freed upon failure,/home/yichen/Desktop/Qwen_GSCP05/F036.c|46|error|memleakOnRealloc|Common realloc mistake: 'recs' nulled but not freed upon failure,/home/yichen/Desktop/Qwen_GSCP_Results05/logs/F036_cppcheck.log
/home/yichen/Desktop/Qwen_GSCP05/F036.c,cppcheck,True,success,True,0,6,40,style,constVariablePointer,Variable 'data_start' can be declared as pointer to const,/home/yichen/Desktop/Qwen_GSCP05/F036.c|40|style|constVariablePointer|Variable 'data_start' can be declared as pointer to const,/home/yichen/Desktop/Qwen_GSCP_Results05/logs/F036_cppcheck.log
nofile,cppcheck,True,success,True,0,6,0,information,checkersReport,Active checkers: 113/592 (use --checkers-report=<filename> to see details),nofile|0|information|checkersReport|Active checkers: 113/592 (use --checkers-report=<filename> to see details),/home/yichen/Desktop/Qwen_GSCP_Results05/logs/F036_cppcheck.log
/home/yichen/Desktop/Qwen_GSCP05/F037.c,cppcheck,True,success,True,0,5,2,information,missingIncludeSystem,Include file: <stdio.h> not found. Please note: Cppcheck does not need standard library headers to get proper results.,/home/yichen/Desktop/Qwen_GSCP05/F037.c|2|information|missingIncludeSystem|Include file: <stdio.h> not found. Please note: Cppcheck does not need standard library headers to get proper results.,/home/yichen/Desktop/Qwen_GSCP_Results05/logs/F037_cppcheck.log
/home/yichen/Desktop/Qwen_GSCP05/F037.c,cppcheck,True,success,True,0,5,3,information,missingIncludeSystem,Include file: <stdlib.h> not found. Please note: Cppcheck does not need standard library headers to get proper results.,/home/yichen/Desktop/Qwen_GSCP05/F037.c|3|information|missingIncludeSystem|Include file: <stdlib.h> not found. Please note: Cppcheck does not need standard library headers to get proper results.,/home/yichen/Desktop/Qwen_GSCP_Results05/logs/F037_cppcheck.log
/home/yichen/Desktop/Qwen_GSCP05/F037.c,cppcheck,True,success,True,0,5,4,information,missingIncludeSystem,Include file: <string.h> not found. Please note: Cppcheck does not need standard library headers to get proper results.,/home/yichen/Desktop/Qwen_GSCP05/F037.c|4|information|missingIncludeSystem|Include file: <string.h> not found. Please note: Cppcheck does not need standard library headers to get proper results.,/home/yichen/Desktop/Qwen_GSCP_Results05/logs/F037_cppcheck.log
/home/yichen/Desktop/Qwen_GSCP05/F037.c,cppcheck,True,success,True,0,5,63,error,memleakOnRealloc,Common realloc mistake: 'bufs' nulled but not freed upon failure,/home/yichen/Desktop/Qwen_GSCP05/F037.c|63|error|memleakOnRealloc|Common realloc mistake: 'bufs' nulled but not freed upon failure,/home/yichen/Desktop/Qwen_GSCP_Results05/logs/F037_cppcheck.log
nofile,cppcheck,True,success,True,0,5,0,information,checkersReport,Active checkers: 113/592 (use --checkers-report=<filename> to see details),nofile|0|information|checkersReport|Active checkers: 113/592 (use --checkers-report=<filename> to see details),/home/yichen/Desktop/Qwen_GSCP_Results05/logs/F037_cppcheck.log
/home/yichen/Desktop/Qwen_GSCP05/F038.c,cppcheck,True,success,True,0,5,2,information,missingIncludeSystem,Include file: <stdio.h> not found. Please note: Cppcheck does not need standard library headers to get proper results.,/home/yichen/Desktop/Qwen_GSCP05/F038.c|2|information|missingIncludeSystem|Include file: <stdio.h> not found. Please note: Cppcheck does not need standard library headers to get proper results.,/home/yichen/Desktop/Qwen_GSCP_Results05/logs/F038_cppcheck.log
/home/yichen/Desktop/Qwen_GSCP05/F038.c,cppcheck,True,success,True,0,5,3,information,missingIncludeSystem,Include file: <stdlib.h> not found. Please note: Cppcheck does not need standard library headers to get proper results.,/home/yichen/Desktop/Qwen_GSCP05/F038.c|3|information|missingIncludeSystem|Include file: <stdlib.h> not found. Please note: Cppcheck does not need standard library headers to get proper results.,/home/yichen/Desktop/Qwen_GSCP_Results05/logs/F038_cppcheck.log
/home/yichen/Desktop/Qwen_GSCP05/F038.c,cppcheck,True,success,True,0,5,4,information,missingIncludeSystem,Include file: <string.h> not found. Please note: Cppcheck does not need standard library headers to get proper results.,/home/yichen/Desktop/Qwen_GSCP05/F038.c|4|information|missingIncludeSystem|Include file: <string.h> not found. Please note: Cppcheck does not need standard library headers to get proper results.,/home/yichen/Desktop/Qwen_GSCP_Results05/logs/F038_cppcheck.log
/home/yichen/Desktop/Qwen_GSCP05/F038.c,cppcheck,True,success,True,0,5,60,error,memleakOnRealloc,Common realloc mistake: 'entries' nulled but not freed upon failure,/home/yichen/Desktop/Qwen_GSCP05/F038.c|60|error|memleakOnRealloc|Common realloc mistake: 'entries' nulled but not freed upon failure,/home/yichen/Desktop/Qwen_GSCP_Results05/logs/F038_cppcheck.log
nofile,cppcheck,True,success,True,0,5,0,information,checkersReport,Active checkers: 113/592 (use --checkers-report=<filename> to see details),nofile|0|information|checkersReport|Active checkers: 113/592 (use --checkers-report=<filename> to see details),/home/yichen/Desktop/Qwen_GSCP_Results05/logs/F038_cppcheck.log
/home/yichen/Desktop/Qwen_GSCP05/F039.c,cppcheck,True,success,True,0,5,2,information,missingIncludeSystem,Include file: <stdio.h> not found. Please note: Cppcheck does not need standard library headers to get proper results.,/home/yichen/Desktop/Qwen_GSCP05/F039.c|2|information|missingIncludeSystem|Include file: <stdio.h> not found. Please note: Cppcheck does not need standard library headers to get proper results.,/home/yichen/Desktop/Qwen_GSCP_Results05/logs/F039_cppcheck.log
/home/yichen/Desktop/Qwen_GSCP05/F039.c,cppcheck,True,success,True,0,5,3,information,missingIncludeSystem,Include file: <stdlib.h> not found. Please note: Cppcheck does not need standard library headers to get proper results.,/home/yichen/Desktop/Qwen_GSCP05/F039.c|3|information|missingIncludeSystem|Include file: <stdlib.h> not found. Please note: Cppcheck does not need standard library headers to get proper results.,/home/yichen/Desktop/Qwen_GSCP_Results05/logs/F039_cppcheck.log
/home/yichen/Desktop/Qwen_GSCP05/F039.c,cppcheck,True,success,True,0,5,4,information,missingIncludeSystem,Include file: <string.h> not found. Please note: Cppcheck does not need standard library headers to get proper results.,/home/yichen/Desktop/Qwen_GSCP05/F039.c|4|information|missingIncludeSystem|Include file: <string.h> not found. Please note: Cppcheck does not need standard library headers to get proper results.,/home/yichen/Desktop/Qwen_GSCP_Results05/logs/F039_cppcheck.log
/home/yichen/Desktop/Qwen_GSCP05/F039.c,cppcheck,True,success,True,0,5,56,error,memleakOnRealloc,Common realloc mistake: 'tables' nulled but not freed upon failure,/home/yichen/Desktop/Qwen_GSCP05/F039.c|56|error|memleakOnRealloc|Common realloc mistake: 'tables' nulled but not freed upon failure,/home/yichen/Desktop/Qwen_GSCP_Results05/logs/F039_cppcheck.log
nofile,cppcheck,True,success,True,0,5,0,information,checkersReport,Active checkers: 113/592 (use --checkers-report=<filename> to see details),nofile|0|information|checkersReport|Active checkers: 113/592 (use --checkers-report=<filename> to see details),/home/yichen/Desktop/Qwen_GSCP_Results05/logs/F039_cppcheck.log
/home/yichen/Desktop/Qwen_GSCP05/F040.c,cppcheck,True,success,True,0,5,2,information,missingIncludeSystem,Include file: <stdio.h> not found. Please note: Cppcheck does not need standard library headers to get proper results.,/home/yichen/Desktop/Qwen_GSCP05/F040.c|2|information|missingIncludeSystem|Include file: <stdio.h> not found. Please note: Cppcheck does not need standard library headers to get proper results.,/home/yichen/Desktop/Qwen_GSCP_Results05/logs/F040_cppcheck.log
/home/yichen/Desktop/Qwen_GSCP05/F040.c,cppcheck,True,success,True,0,5,3,information,missingIncludeSystem,Include file: <stdlib.h> not found. Please note: Cppcheck does not need standard library headers to get proper results.,/home/yichen/Desktop/Qwen_GSCP05/F040.c|3|information|missingIncludeSystem|Include file: <stdlib.h> not found. Please note: Cppcheck does not need standard library headers to get proper results.,/home/yichen/Desktop/Qwen_GSCP_Results05/logs/F040_cppcheck.log
/home/yichen/Desktop/Qwen_GSCP05/F040.c,cppcheck,True,success,True,0,5,4,information,missingIncludeSystem,Include file: <string.h> not found. Please note: Cppcheck does not need standard library headers to get proper results.,/home/yichen/Desktop/Qwen_GSCP05/F040.c|4|information|missingIncludeSystem|Include file: <string.h> not found. Please note: Cppcheck does not need standard library headers to get proper results.,/home/yichen/Desktop/Qwen_GSCP_Results05/logs/F040_cppcheck.log
/home/yichen/Desktop/Qwen_GSCP05/F040.c,cppcheck,True,success,True,0,5,47,error,memleakOnRealloc,Common realloc mistake: 'packets' nulled but not freed upon failure,/home/yichen/Desktop/Qwen_GSCP05/F040.c|47|error|memleakOnRealloc|Common realloc mistake: 'packets' nulled but not freed upon failure,/home/yichen/Desktop/Qwen_GSCP_Results05/logs/F040_cppcheck.log
nofile,cppcheck,True,success,True,0,5,0,information,checkersReport,Active checkers: 113/592 (use --checkers-report=<filename> to see details),nofile|0|information|checkersReport|Active checkers: 113/592 (use --checkers-report=<filename> to see details),/home/yichen/Desktop/Qwen_GSCP_Results05/logs/F040_cppcheck.log
