file,tool,attempted,status,success,returncode,finding_count,line,severity,check_id,message,evidence,log_path
/home/yichen/Desktop/Deepseek_SDF03/F001.c,cppcheck,True,success,True,0,10,2,information,missingIncludeSystem,Include file: <stdio.h> not found. Please note: Cppcheck does not need standard library headers to get proper results.,/home/yichen/Desktop/Deepseek_SDF03/F001.c|2|information|missingIncludeSystem|Include file: <stdio.h> not found. Please note: Cppcheck does not need standard library headers to get proper results.,/home/yichen/Desktop/Deepseek_SDF_Results03/logs/F001_cppcheck.log
/home/yichen/Desktop/Deepseek_SDF03/F001.c,cppcheck,True,success,True,0,10,3,information,missingIncludeSystem,Include file: <stdlib.h> not found. Please note: Cppcheck does not need standard library headers to get proper results.,/home/yichen/Desktop/Deepseek_SDF03/F001.c|3|information|missingIncludeSystem|Include file: <stdlib.h> not found. Please note: Cppcheck does not need standard library headers to get proper results.,/home/yichen/Desktop/Deepseek_SDF_Results03/logs/F001_cppcheck.log
/home/yichen/Desktop/Deepseek_SDF03/F001.c,cppcheck,True,success,True,0,10,4,information,missingIncludeSystem,Include file: <string.h> not found. Please note: Cppcheck does not need standard library headers to get proper results.,/home/yichen/Desktop/Deepseek_SDF03/F001.c|4|information|missingIncludeSystem|Include file: <string.h> not found. Please note: Cppcheck does not need standard library headers to get proper results.,/home/yichen/Desktop/Deepseek_SDF_Results03/logs/F001_cppcheck.log
/home/yichen/Desktop/Deepseek_SDF03/F001.c,cppcheck,True,success,True,0,10,5,information,missingIncludeSystem,Include file: <ctype.h> not found. Please note: Cppcheck does not need standard library headers to get proper results.,/home/yichen/Desktop/Deepseek_SDF03/F001.c|5|information|missingIncludeSystem|Include file: <ctype.h> not found. Please note: Cppcheck does not need standard library headers to get proper results.,/home/yichen/Desktop/Deepseek_SDF_Results03/logs/F001_cppcheck.log
/home/yichen/Desktop/Deepseek_SDF03/F001.c,cppcheck,True,success,True,0,10,38,style,constParameterPointer,Parameter 'line' can be declared as pointer to const,/home/yichen/Desktop/Deepseek_SDF03/F001.c|38|style|constParameterPointer|Parameter 'line' can be declared as pointer to const,/home/yichen/Desktop/Deepseek_SDF_Results03/logs/F001_cppcheck.log
/home/yichen/Desktop/Deepseek_SDF03/F001.c,cppcheck,True,success,True,0,10,52,style,constParameterPointer,Parameter 'line' can be declared as pointer to const,/home/yichen/Desktop/Deepseek_SDF03/F001.c|52|style|constParameterPointer|Parameter 'line' can be declared as pointer to const,/home/yichen/Desktop/Deepseek_SDF_Results03/logs/F001_cppcheck.log
/home/yichen/Desktop/Deepseek_SDF03/F001.c,cppcheck,True,success,True,0,10,65,style,constParameterPointer,Parameter 'line' can be declared as pointer to const,/home/yichen/Desktop/Deepseek_SDF03/F001.c|65|style|constParameterPointer|Parameter 'line' can be declared as pointer to const,/home/yichen/Desktop/Deepseek_SDF_Results03/logs/F001_cppcheck.log
/home/yichen/Desktop/Deepseek_SDF03/F001.c,cppcheck,True,success,True,0,10,75,style,constParameterPointer,Parameter 'line' can be declared as pointer to const,/home/yichen/Desktop/Deepseek_SDF03/F001.c|75|style|constParameterPointer|Parameter 'line' can be declared as pointer to const,/home/yichen/Desktop/Deepseek_SDF_Results03/logs/F001_cppcheck.log
/home/yichen/Desktop/Deepseek_SDF03/F001.c,cppcheck,True,success,True,0,10,91,style,constParameterPointer,Parameter 'line' can be declared as pointer to const,/home/yichen/Desktop/Deepseek_SDF03/F001.c|91|style|constParameterPointer|Parameter 'line' can be declared as pointer to const,/home/yichen/Desktop/Deepseek_SDF_Results03/logs/F001_cppcheck.log
nofile,cppcheck,True,success,True,0,10,0,information,checkersReport,Active checkers: 113/592 (use --checkers-report=<filename> to see details),nofile|0|information|checkersReport|Active checkers: 113/592 (use --checkers-report=<filename> to see details),/home/yichen/Desktop/Deepseek_SDF_Results03/logs/F001_cppcheck.log
/home/yichen/Desktop/Deepseek_SDF03/F002.c,cppcheck,True,success,True,0,11,2,information,missingIncludeSystem,Include file: <stdio.h> not found. Please note: Cppcheck does not need standard library headers to get proper results.,/home/yichen/Desktop/Deepseek_SDF03/F002.c|2|information|missingIncludeSystem|Include file: <stdio.h> not found. Please note: Cppcheck does not need standard library headers to get proper results.,/home/yichen/Desktop/Deepseek_SDF_Results03/logs/F002_cppcheck.log
/home/yichen/Desktop/Deepseek_SDF03/F002.c,cppcheck,True,success,True,0,11,3,information,missingIncludeSystem,Include file: <stdlib.h> not found. Please note: Cppcheck does not need standard library headers to get proper results.,/home/yichen/Desktop/Deepseek_SDF03/F002.c|3|information|missingIncludeSystem|Include file: <stdlib.h> not found. Please note: Cppcheck does not need standard library headers to get proper results.,/home/yichen/Desktop/Deepseek_SDF_Results03/logs/F002_cppcheck.log
/home/yichen/Desktop/Deepseek_SDF03/F002.c,cppcheck,True,success,True,0,11,4,information,missingIncludeSystem,Include file: <string.h> not found. Please note: Cppcheck does not need standard library headers to get proper results.,/home/yichen/Desktop/Deepseek_SDF03/F002.c|4|information|missingIncludeSystem|Include file: <string.h> not found. Please note: Cppcheck does not need standard library headers to get proper results.,/home/yichen/Desktop/Deepseek_SDF_Results03/logs/F002_cppcheck.log
/home/yichen/Desktop/Deepseek_SDF03/F002.c,cppcheck,True,success,True,0,11,5,information,missingIncludeSystem,Include file: <ctype.h> not found. Please note: Cppcheck does not need standard library headers to get proper results.,/home/yichen/Desktop/Deepseek_SDF03/F002.c|5|information|missingIncludeSystem|Include file: <ctype.h> not found. Please note: Cppcheck does not need standard library headers to get proper results.,/home/yichen/Desktop/Deepseek_SDF_Results03/logs/F002_cppcheck.log
/home/yichen/Desktop/Deepseek_SDF03/F002.c,cppcheck,True,success,True,0,11,53,style,constParameterPointer,Parameter 'line' can be declared as pointer to const,/home/yichen/Desktop/Deepseek_SDF03/F002.c|53|style|constParameterPointer|Parameter 'line' can be declared as pointer to const,/home/yichen/Desktop/Deepseek_SDF_Results03/logs/F002_cppcheck.log
/home/yichen/Desktop/Deepseek_SDF03/F002.c,cppcheck,True,success,True,0,11,66,style,constParameterPointer,Parameter 'line' can be declared as pointer to const,/home/yichen/Desktop/Deepseek_SDF03/F002.c|66|style|constParameterPointer|Parameter 'line' can be declared as pointer to const,/home/yichen/Desktop/Deepseek_SDF_Results03/logs/F002_cppcheck.log
/home/yichen/Desktop/Deepseek_SDF03/F002.c,cppcheck,True,success,True,0,11,69,style,constVariablePointer,Variable 'm1' can be declared as pointer to const,/home/yichen/Desktop/Deepseek_SDF03/F002.c|69|style|constVariablePointer|Variable 'm1' can be declared as pointer to const,/home/yichen/Desktop/Deepseek_SDF_Results03/logs/F002_cppcheck.log
/home/yichen/Desktop/Deepseek_SDF03/F002.c,cppcheck,True,success,True,0,11,70,style,constVariablePointer,Variable 'm2' can be declared as pointer to const,/home/yichen/Desktop/Deepseek_SDF03/F002.c|70|style|constVariablePointer|Variable 'm2' can be declared as pointer to const,/home/yichen/Desktop/Deepseek_SDF_Results03/logs/F002_cppcheck.log
/home/yichen/Desktop/Deepseek_SDF03/F002.c,cppcheck,True,success,True,0,11,83,style,constParameterPointer,Parameter 'line' can be declared as pointer to const,/home/yichen/Desktop/Deepseek_SDF03/F002.c|83|style|constParameterPointer|Parameter 'line' can be declared as pointer to const,/home/yichen/Desktop/Deepseek_SDF_Results03/logs/F002_cppcheck.log
/home/yichen/Desktop/Deepseek_SDF03/F002.c,cppcheck,True,success,True,0,11,89,style,constParameterPointer,Parameter 'line' can be declared as pointer to const,/home/yichen/Desktop/Deepseek_SDF03/F002.c|89|style|constParameterPointer|Parameter 'line' can be declared as pointer to const,/home/yichen/Desktop/Deepseek_SDF_Results03/logs/F002_cppcheck.log
nofile,cppcheck,True,success,True,0,11,0,information,checkersReport,Active checkers: 113/592 (use --checkers-report=<filename> to see details),nofile|0|information|checkersReport|Active checkers: 113/592 (use --checkers-report=<filename> to see details),/home/yichen/Desktop/Deepseek_SDF_Results03/logs/F002_cppcheck.log
/home/yichen/Desktop/Deepseek_SDF03/F003.c,cppcheck,True,success,True,0,9,2,information,missingIncludeSystem,Include file: <stdio.h> not found. Please note: Cppcheck does not need standard library headers to get proper results.,/home/yichen/Desktop/Deepseek_SDF03/F003.c|2|information|missingIncludeSystem|Include file: <stdio.h> not found. Please note: Cppcheck does not need standard library headers to get proper results.,/home/yichen/Desktop/Deepseek_SDF_Results03/logs/F003_cppcheck.log
/home/yichen/Desktop/Deepseek_SDF03/F003.c,cppcheck,True,success,True,0,9,3,information,missingIncludeSystem,Include file: <stdlib.h> not found. Please note: Cppcheck does not need standard library headers to get proper results.,/home/yichen/Desktop/Deepseek_SDF03/F003.c|3|information|missingIncludeSystem|Include file: <stdlib.h> not found. Please note: Cppcheck does not need standard library headers to get proper results.,/home/yichen/Desktop/Deepseek_SDF_Results03/logs/F003_cppcheck.log
/home/yichen/Desktop/Deepseek_SDF03/F003.c,cppcheck,True,success,True,0,9,4,information,missingIncludeSystem,Include file: <string.h> not found. Please note: Cppcheck does not need standard library headers to get proper results.,/home/yichen/Desktop/Deepseek_SDF03/F003.c|4|information|missingIncludeSystem|Include file: <string.h> not found. Please note: Cppcheck does not need standard library headers to get proper results.,/home/yichen/Desktop/Deepseek_SDF_Results03/logs/F003_cppcheck.log
/home/yichen/Desktop/Deepseek_SDF03/F003.c,cppcheck,True,success,True,0,9,5,information,missingIncludeSystem,Include file: <ctype.h> not found. Please note: Cppcheck does not need standard library headers to get proper results.,/home/yichen/Desktop/Deepseek_SDF03/F003.c|5|information|missingIncludeSystem|Include file: <ctype.h> not found. Please note: Cppcheck does not need standard library headers to get proper results.,/home/yichen/Desktop/Deepseek_SDF_Results03/logs/F003_cppcheck.log
/home/yichen/Desktop/Deepseek_SDF03/F003.c,cppcheck,True,success,True,0,9,38,style,constParameterPointer,Parameter 'line' can be declared as pointer to const,/home/yichen/Desktop/Deepseek_SDF03/F003.c|38|style|constParameterPointer|Parameter 'line' can be declared as pointer to const,/home/yichen/Desktop/Deepseek_SDF_Results03/logs/F003_cppcheck.log
/home/yichen/Desktop/Deepseek_SDF03/F003.c,cppcheck,True,success,True,0,9,55,style,constParameterPointer,Parameter 'line' can be declared as pointer to const,/home/yichen/Desktop/Deepseek_SDF03/F003.c|55|style|constParameterPointer|Parameter 'line' can be declared as pointer to const,/home/yichen/Desktop/Deepseek_SDF_Results03/logs/F003_cppcheck.log
/home/yichen/Desktop/Deepseek_SDF03/F003.c,cppcheck,True,success,True,0,9,67,style,constParameterPointer,Parameter 'line' can be declared as pointer to const,/home/yichen/Desktop/Deepseek_SDF03/F003.c|67|style|constParameterPointer|Parameter 'line' can be declared as pointer to const,/home/yichen/Desktop/Deepseek_SDF_Results03/logs/F003_cppcheck.log
/home/yichen/Desktop/Deepseek_SDF03/F003.c,cppcheck,True,success,True,0,9,76,style,constParameterPointer,Parameter 'line' can be declared as pointer to const,/home/yichen/Desktop/Deepseek_SDF03/F003.c|76|style|constParameterPointer|Parameter 'line' can be declared as pointer to const,/home/yichen/Desktop/Deepseek_SDF_Results03/logs/F003_cppcheck.log
nofile,cppcheck,True,success,True,0,9,0,information,checkersReport,Active checkers: 113/592 (use --checkers-report=<filename> to see details),nofile|0|information|checkersReport|Active checkers: 113/592 (use --checkers-report=<filename> to see details),/home/yichen/Desktop/Deepseek_SDF_Results03/logs/F003_cppcheck.log
/home/yichen/Desktop/Deepseek_SDF03/F004.c,cppcheck,True,success,True,0,10,2,information,missingIncludeSystem,Include file: <stdio.h> not found. Please note: Cppcheck does not need standard library headers to get proper results.,/home/yichen/Desktop/Deepseek_SDF03/F004.c|2|information|missingIncludeSystem|Include file: <stdio.h> not found. Please note: Cppcheck does not need standard library headers to get proper results.,/home/yichen/Desktop/Deepseek_SDF_Results03/logs/F004_cppcheck.log
/home/yichen/Desktop/Deepseek_SDF03/F004.c,cppcheck,True,success,True,0,10,3,information,missingIncludeSystem,Include file: <stdlib.h> not found. Please note: Cppcheck does not need standard library headers to get proper results.,/home/yichen/Desktop/Deepseek_SDF03/F004.c|3|information|missingIncludeSystem|Include file: <stdlib.h> not found. Please note: Cppcheck does not need standard library headers to get proper results.,/home/yichen/Desktop/Deepseek_SDF_Results03/logs/F004_cppcheck.log
/home/yichen/Desktop/Deepseek_SDF03/F004.c,cppcheck,True,success,True,0,10,4,information,missingIncludeSystem,Include file: <string.h> not found. Please note: Cppcheck does not need standard library headers to get proper results.,/home/yichen/Desktop/Deepseek_SDF03/F004.c|4|information|missingIncludeSystem|Include file: <string.h> not found. Please note: Cppcheck does not need standard library headers to get proper results.,/home/yichen/Desktop/Deepseek_SDF_Results03/logs/F004_cppcheck.log
/home/yichen/Desktop/Deepseek_SDF03/F004.c,cppcheck,True,success,True,0,10,5,information,missingIncludeSystem,Include file: <ctype.h> not found. Please note: Cppcheck does not need standard library headers to get proper results.,/home/yichen/Desktop/Deepseek_SDF03/F004.c|5|information|missingIncludeSystem|Include file: <ctype.h> not found. Please note: Cppcheck does not need standard library headers to get proper results.,/home/yichen/Desktop/Deepseek_SDF_Results03/logs/F004_cppcheck.log
/home/yichen/Desktop/Deepseek_SDF03/F004.c,cppcheck,True,success,True,0,10,38,style,constParameterPointer,Parameter 'line' can be declared as pointer to const,/home/yichen/Desktop/Deepseek_SDF03/F004.c|38|style|constParameterPointer|Parameter 'line' can be declared as pointer to const,/home/yichen/Desktop/Deepseek_SDF_Results03/logs/F004_cppcheck.log
/home/yichen/Desktop/Deepseek_SDF03/F004.c,cppcheck,True,success,True,0,10,55,style,constParameterPointer,Parameter 'line' can be declared as pointer to const,/home/yichen/Desktop/Deepseek_SDF03/F004.c|55|style|constParameterPointer|Parameter 'line' can be declared as pointer to const,/home/yichen/Desktop/Deepseek_SDF_Results03/logs/F004_cppcheck.log
/home/yichen/Desktop/Deepseek_SDF03/F004.c,cppcheck,True,success,True,0,10,71,style,constParameterPointer,Parameter 'line' can be declared as pointer to const,/home/yichen/Desktop/Deepseek_SDF03/F004.c|71|style|constParameterPointer|Parameter 'line' can be declared as pointer to const,/home/yichen/Desktop/Deepseek_SDF_Results03/logs/F004_cppcheck.log
/home/yichen/Desktop/Deepseek_SDF03/F004.c,cppcheck,True,success,True,0,10,87,style,constVariablePointer,Variable 'v' can be declared as pointer to const,/home/yichen/Desktop/Deepseek_SDF03/F004.c|87|style|constVariablePointer|Variable 'v' can be declared as pointer to const,/home/yichen/Desktop/Deepseek_SDF_Results03/logs/F004_cppcheck.log
/home/yichen/Desktop/Deepseek_SDF03/F004.c,cppcheck,True,success,True,0,10,96,style,constVariable,Variable 'tmp' can be declared as const array,/home/yichen/Desktop/Deepseek_SDF03/F004.c|96|style|constVariable|Variable 'tmp' can be declared as const array,/home/yichen/Desktop/Deepseek_SDF_Results03/logs/F004_cppcheck.log
nofile,cppcheck,True,success,True,0,10,0,information,checkersReport,Active checkers: 113/592 (use --checkers-report=<filename> to see details),nofile|0|information|checkersReport|Active checkers: 113/592 (use --checkers-report=<filename> to see details),/home/yichen/Desktop/Deepseek_SDF_Results03/logs/F004_cppcheck.log
/home/yichen/Desktop/Deepseek_SDF03/F005.c,cppcheck,True,success,True,0,9,2,information,missingIncludeSystem,Include file: <stdio.h> not found. Please note: Cppcheck does not need standard library headers to get proper results.,/home/yichen/Desktop/Deepseek_SDF03/F005.c|2|information|missingIncludeSystem|Include file: <stdio.h> not found. Please note: Cppcheck does not need standard library headers to get proper results.,/home/yichen/Desktop/Deepseek_SDF_Results03/logs/F005_cppcheck.log
/home/yichen/Desktop/Deepseek_SDF03/F005.c,cppcheck,True,success,True,0,9,3,information,missingIncludeSystem,Include file: <stdlib.h> not found. Please note: Cppcheck does not need standard library headers to get proper results.,/home/yichen/Desktop/Deepseek_SDF03/F005.c|3|information|missingIncludeSystem|Include file: <stdlib.h> not found. Please note: Cppcheck does not need standard library headers to get proper results.,/home/yichen/Desktop/Deepseek_SDF_Results03/logs/F005_cppcheck.log
/home/yichen/Desktop/Deepseek_SDF03/F005.c,cppcheck,True,success,True,0,9,4,information,missingIncludeSystem,Include file: <string.h> not found. Please note: Cppcheck does not need standard library headers to get proper results.,/home/yichen/Desktop/Deepseek_SDF03/F005.c|4|information|missingIncludeSystem|Include file: <string.h> not found. Please note: Cppcheck does not need standard library headers to get proper results.,/home/yichen/Desktop/Deepseek_SDF_Results03/logs/F005_cppcheck.log
/home/yichen/Desktop/Deepseek_SDF03/F005.c,cppcheck,True,success,True,0,9,5,information,missingIncludeSystem,Include file: <ctype.h> not found. Please note: Cppcheck does not need standard library headers to get proper results.,/home/yichen/Desktop/Deepseek_SDF03/F005.c|5|information|missingIncludeSystem|Include file: <ctype.h> not found. Please note: Cppcheck does not need standard library headers to get proper results.,/home/yichen/Desktop/Deepseek_SDF_Results03/logs/F005_cppcheck.log
/home/yichen/Desktop/Deepseek_SDF03/F005.c,cppcheck,True,success,True,0,9,36,style,constParameterPointer,Parameter 'line' can be declared as pointer to const,/home/yichen/Desktop/Deepseek_SDF03/F005.c|36|style|constParameterPointer|Parameter 'line' can be declared as pointer to const,/home/yichen/Desktop/Deepseek_SDF_Results03/logs/F005_cppcheck.log
/home/yichen/Desktop/Deepseek_SDF03/F005.c,cppcheck,True,success,True,0,9,55,style,constParameterPointer,Parameter 'line' can be declared as pointer to const,/home/yichen/Desktop/Deepseek_SDF03/F005.c|55|style|constParameterPointer|Parameter 'line' can be declared as pointer to const,/home/yichen/Desktop/Deepseek_SDF_Results03/logs/F005_cppcheck.log
/home/yichen/Desktop/Deepseek_SDF03/F005.c,cppcheck,True,success,True,0,9,72,style,constParameterPointer,Parameter 'line' can be declared as pointer to const,/home/yichen/Desktop/Deepseek_SDF03/F005.c|72|style|constParameterPointer|Parameter 'line' can be declared as pointer to const,/home/yichen/Desktop/Deepseek_SDF_Results03/logs/F005_cppcheck.log
/home/yichen/Desktop/Deepseek_SDF03/F005.c,cppcheck,True,success,True,0,9,89,style,constParameterPointer,Parameter 'line' can be declared as pointer to const,/home/yichen/Desktop/Deepseek_SDF03/F005.c|89|style|constParameterPointer|Parameter 'line' can be declared as pointer to const,/home/yichen/Desktop/Deepseek_SDF_Results03/logs/F005_cppcheck.log
nofile,cppcheck,True,success,True,0,9,0,information,checkersReport,Active checkers: 113/592 (use --checkers-report=<filename> to see details),nofile|0|information|checkersReport|Active checkers: 113/592 (use --checkers-report=<filename> to see details),/home/yichen/Desktop/Deepseek_SDF_Results03/logs/F005_cppcheck.log
/home/yichen/Desktop/Deepseek_SDF03/F006.c,cppcheck,True,success,True,0,10,2,information,missingIncludeSystem,Include file: <stdio.h> not found. Please note: Cppcheck does not need standard library headers to get proper results.,/home/yichen/Desktop/Deepseek_SDF03/F006.c|2|information|missingIncludeSystem|Include file: <stdio.h> not found. Please note: Cppcheck does not need standard library headers to get proper results.,/home/yichen/Desktop/Deepseek_SDF_Results03/logs/F006_cppcheck.log
/home/yichen/Desktop/Deepseek_SDF03/F006.c,cppcheck,True,success,True,0,10,3,information,missingIncludeSystem,Include file: <stdlib.h> not found. Please note: Cppcheck does not need standard library headers to get proper results.,/home/yichen/Desktop/Deepseek_SDF03/F006.c|3|information|missingIncludeSystem|Include file: <stdlib.h> not found. Please note: Cppcheck does not need standard library headers to get proper results.,/home/yichen/Desktop/Deepseek_SDF_Results03/logs/F006_cppcheck.log
/home/yichen/Desktop/Deepseek_SDF03/F006.c,cppcheck,True,success,True,0,10,4,information,missingIncludeSystem,Include file: <string.h> not found. Please note: Cppcheck does not need standard library headers to get proper results.,/home/yichen/Desktop/Deepseek_SDF03/F006.c|4|information|missingIncludeSystem|Include file: <string.h> not found. Please note: Cppcheck does not need standard library headers to get proper results.,/home/yichen/Desktop/Deepseek_SDF_Results03/logs/F006_cppcheck.log
/home/yichen/Desktop/Deepseek_SDF03/F006.c,cppcheck,True,success,True,0,10,5,information,missingIncludeSystem,Include file: <ctype.h> not found. Please note: Cppcheck does not need standard library headers to get proper results.,/home/yichen/Desktop/Deepseek_SDF03/F006.c|5|information|missingIncludeSystem|Include file: <ctype.h> not found. Please note: Cppcheck does not need standard library headers to get proper results.,/home/yichen/Desktop/Deepseek_SDF_Results03/logs/F006_cppcheck.log
/home/yichen/Desktop/Deepseek_SDF03/F006.c,cppcheck,True,success,True,0,10,37,style,constParameterPointer,Parameter 'line' can be declared as pointer to const,/home/yichen/Desktop/Deepseek_SDF03/F006.c|37|style|constParameterPointer|Parameter 'line' can be declared as pointer to const,/home/yichen/Desktop/Deepseek_SDF_Results03/logs/F006_cppcheck.log
/home/yichen/Desktop/Deepseek_SDF03/F006.c,cppcheck,True,success,True,0,10,55,style,constParameterPointer,Parameter 'line' can be declared as pointer to const,/home/yichen/Desktop/Deepseek_SDF03/F006.c|55|style|constParameterPointer|Parameter 'line' can be declared as pointer to const,/home/yichen/Desktop/Deepseek_SDF_Results03/logs/F006_cppcheck.log
/home/yichen/Desktop/Deepseek_SDF03/F006.c,cppcheck,True,success,True,0,10,66,style,constParameterPointer,Parameter 'line' can be declared as pointer to const,/home/yichen/Desktop/Deepseek_SDF03/F006.c|66|style|constParameterPointer|Parameter 'line' can be declared as pointer to const,/home/yichen/Desktop/Deepseek_SDF_Results03/logs/F006_cppcheck.log
/home/yichen/Desktop/Deepseek_SDF03/F006.c,cppcheck,True,success,True,0,10,82,style,constParameterPointer,Parameter 'line' can be declared as pointer to const,/home/yichen/Desktop/Deepseek_SDF03/F006.c|82|style|constParameterPointer|Parameter 'line' can be declared as pointer to const,/home/yichen/Desktop/Deepseek_SDF_Results03/logs/F006_cppcheck.log
/home/yichen/Desktop/Deepseek_SDF03/F006.c,cppcheck,True,success,True,0,10,85,style,constVariablePointer,Variable 'i' can be declared as pointer to const,/home/yichen/Desktop/Deepseek_SDF03/F006.c|85|style|constVariablePointer|Variable 'i' can be declared as pointer to const,/home/yichen/Desktop/Deepseek_SDF_Results03/logs/F006_cppcheck.log
nofile,cppcheck,True,success,True,0,10,0,information,checkersReport,Active checkers: 113/592 (use --checkers-report=<filename> to see details),nofile|0|information|checkersReport|Active checkers: 113/592 (use --checkers-report=<filename> to see details),/home/yichen/Desktop/Deepseek_SDF_Results03/logs/F006_cppcheck.log
/home/yichen/Desktop/Deepseek_SDF03/F007.c,cppcheck,True,success,True,0,11,2,information,missingIncludeSystem,Include file: <stdio.h> not found. Please note: Cppcheck does not need standard library headers to get proper results.,/home/yichen/Desktop/Deepseek_SDF03/F007.c|2|information|missingIncludeSystem|Include file: <stdio.h> not found. Please note: Cppcheck does not need standard library headers to get proper results.,/home/yichen/Desktop/Deepseek_SDF_Results03/logs/F007_cppcheck.log
/home/yichen/Desktop/Deepseek_SDF03/F007.c,cppcheck,True,success,True,0,11,3,information,missingIncludeSystem,Include file: <stdlib.h> not found. Please note: Cppcheck does not need standard library headers to get proper results.,/home/yichen/Desktop/Deepseek_SDF03/F007.c|3|information|missingIncludeSystem|Include file: <stdlib.h> not found. Please note: Cppcheck does not need standard library headers to get proper results.,/home/yichen/Desktop/Deepseek_SDF_Results03/logs/F007_cppcheck.log
/home/yichen/Desktop/Deepseek_SDF03/F007.c,cppcheck,True,success,True,0,11,4,information,missingIncludeSystem,Include file: <string.h> not found. Please note: Cppcheck does not need standard library headers to get proper results.,/home/yichen/Desktop/Deepseek_SDF03/F007.c|4|information|missingIncludeSystem|Include file: <string.h> not found. Please note: Cppcheck does not need standard library headers to get proper results.,/home/yichen/Desktop/Deepseek_SDF_Results03/logs/F007_cppcheck.log
/home/yichen/Desktop/Deepseek_SDF03/F007.c,cppcheck,True,success,True,0,11,5,information,missingIncludeSystem,Include file: <ctype.h> not found. Please note: Cppcheck does not need standard library headers to get proper results.,/home/yichen/Desktop/Deepseek_SDF03/F007.c|5|information|missingIncludeSystem|Include file: <ctype.h> not found. Please note: Cppcheck does not need standard library headers to get proper results.,/home/yichen/Desktop/Deepseek_SDF_Results03/logs/F007_cppcheck.log
/home/yichen/Desktop/Deepseek_SDF03/F007.c,cppcheck,True,success,True,0,11,31,style,constParameterPointer,Parameter 'line' can be declared as pointer to const,/home/yichen/Desktop/Deepseek_SDF03/F007.c|31|style|constParameterPointer|Parameter 'line' can be declared as pointer to const,/home/yichen/Desktop/Deepseek_SDF_Results03/logs/F007_cppcheck.log
/home/yichen/Desktop/Deepseek_SDF03/F007.c,cppcheck,True,success,True,0,11,44,style,constParameterPointer,Parameter 'line' can be declared as pointer to const,/home/yichen/Desktop/Deepseek_SDF03/F007.c|44|style|constParameterPointer|Parameter 'line' can be declared as pointer to const,/home/yichen/Desktop/Deepseek_SDF_Results03/logs/F007_cppcheck.log
/home/yichen/Desktop/Deepseek_SDF03/F007.c,cppcheck,True,success,True,0,11,61,style,constParameterPointer,Parameter 'line' can be declared as pointer to const,/home/yichen/Desktop/Deepseek_SDF03/F007.c|61|style|constParameterPointer|Parameter 'line' can be declared as pointer to const,/home/yichen/Desktop/Deepseek_SDF_Results03/logs/F007_cppcheck.log
/home/yichen/Desktop/Deepseek_SDF03/F007.c,cppcheck,True,success,True,0,11,65,style,constVariablePointer,Variable 'earliest' can be declared as pointer to const,/home/yichen/Desktop/Deepseek_SDF03/F007.c|65|style|constVariablePointer|Variable 'earliest' can be declared as pointer to const,/home/yichen/Desktop/Deepseek_SDF_Results03/logs/F007_cppcheck.log
/home/yichen/Desktop/Deepseek_SDF03/F007.c,cppcheck,True,success,True,0,11,80,style,constVariablePointer,Variable 'a1' can be declared as pointer to const,/home/yichen/Desktop/Deepseek_SDF03/F007.c|80|style|constVariablePointer|Variable 'a1' can be declared as pointer to const,/home/yichen/Desktop/Deepseek_SDF_Results03/logs/F007_cppcheck.log
/home/yichen/Desktop/Deepseek_SDF03/F007.c,cppcheck,True,success,True,0,11,81,style,constVariablePointer,Variable 'a2' can be declared as pointer to const,/home/yichen/Desktop/Deepseek_SDF03/F007.c|81|style|constVariablePointer|Variable 'a2' can be declared as pointer to const,/home/yichen/Desktop/Deepseek_SDF_Results03/logs/F007_cppcheck.log
nofile,cppcheck,True,success,True,0,11,0,information,checkersReport,Active checkers: 113/592 (use --checkers-report=<filename> to see details),nofile|0|information|checkersReport|Active checkers: 113/592 (use --checkers-report=<filename> to see details),/home/yichen/Desktop/Deepseek_SDF_Results03/logs/F007_cppcheck.log
/home/yichen/Desktop/Deepseek_SDF03/F008.c,cppcheck,True,success,True,0,8,2,information,missingIncludeSystem,Include file: <stdio.h> not found. Please note: Cppcheck does not need standard library headers to get proper results.,/home/yichen/Desktop/Deepseek_SDF03/F008.c|2|information|missingIncludeSystem|Include file: <stdio.h> not found. Please note: Cppcheck does not need standard library headers to get proper results.,/home/yichen/Desktop/Deepseek_SDF_Results03/logs/F008_cppcheck.log
/home/yichen/Desktop/Deepseek_SDF03/F008.c,cppcheck,True,success,True,0,8,3,information,missingIncludeSystem,Include file: <stdlib.h> not found. Please note: Cppcheck does not need standard library headers to get proper results.,/home/yichen/Desktop/Deepseek_SDF03/F008.c|3|information|missingIncludeSystem|Include file: <stdlib.h> not found. Please note: Cppcheck does not need standard library headers to get proper results.,/home/yichen/Desktop/Deepseek_SDF_Results03/logs/F008_cppcheck.log
/home/yichen/Desktop/Deepseek_SDF03/F008.c,cppcheck,True,success,True,0,8,4,information,missingIncludeSystem,Include file: <string.h> not found. Please note: Cppcheck does not need standard library headers to get proper results.,/home/yichen/Desktop/Deepseek_SDF03/F008.c|4|information|missingIncludeSystem|Include file: <string.h> not found. Please note: Cppcheck does not need standard library headers to get proper results.,/home/yichen/Desktop/Deepseek_SDF_Results03/logs/F008_cppcheck.log
/home/yichen/Desktop/Deepseek_SDF03/F008.c,cppcheck,True,success,True,0,8,5,information,missingIncludeSystem,Include file: <ctype.h> not found. Please note: Cppcheck does not need standard library headers to get proper results.,/home/yichen/Desktop/Deepseek_SDF03/F008.c|5|information|missingIncludeSystem|Include file: <ctype.h> not found. Please note: Cppcheck does not need standard library headers to get proper results.,/home/yichen/Desktop/Deepseek_SDF_Results03/logs/F008_cppcheck.log
/home/yichen/Desktop/Deepseek_SDF03/F008.c,cppcheck,True,success,True,0,8,41,style,constParameterPointer,Parameter 'line' can be declared as pointer to const,/home/yichen/Desktop/Deepseek_SDF03/F008.c|41|style|constParameterPointer|Parameter 'line' can be declared as pointer to const,/home/yichen/Desktop/Deepseek_SDF_Results03/logs/F008_cppcheck.log
/home/yichen/Desktop/Deepseek_SDF03/F008.c,cppcheck,True,success,True,0,8,58,style,constParameterPointer,Parameter 'line' can be declared as pointer to const,/home/yichen/Desktop/Deepseek_SDF03/F008.c|58|style|constParameterPointer|Parameter 'line' can be declared as pointer to const,/home/yichen/Desktop/Deepseek_SDF_Results03/logs/F008_cppcheck.log
/home/yichen/Desktop/Deepseek_SDF03/F008.c,cppcheck,True,success,True,0,8,70,style,constParameterPointer,Parameter 'line' can be declared as pointer to const,/home/yichen/Desktop/Deepseek_SDF03/F008.c|70|style|constParameterPointer|Parameter 'line' can be declared as pointer to const,/home/yichen/Desktop/Deepseek_SDF_Results03/logs/F008_cppcheck.log
nofile,cppcheck,True,success,True,0,8,0,information,checkersReport,Active checkers: 113/592 (use --checkers-report=<filename> to see details),nofile|0|information|checkersReport|Active checkers: 113/592 (use --checkers-report=<filename> to see details),/home/yichen/Desktop/Deepseek_SDF_Results03/logs/F008_cppcheck.log
/home/yichen/Desktop/Deepseek_SDF03/F009.c,cppcheck,True,success,True,0,9,2,information,missingIncludeSystem,Include file: <stdio.h> not found. Please note: Cppcheck does not need standard library headers to get proper results.,/home/yichen/Desktop/Deepseek_SDF03/F009.c|2|information|missingIncludeSystem|Include file: <stdio.h> not found. Please note: Cppcheck does not need standard library headers to get proper results.,/home/yichen/Desktop/Deepseek_SDF_Results03/logs/F009_cppcheck.log
/home/yichen/Desktop/Deepseek_SDF03/F009.c,cppcheck,True,success,True,0,9,3,information,missingIncludeSystem,Include file: <stdlib.h> not found. Please note: Cppcheck does not need standard library headers to get proper results.,/home/yichen/Desktop/Deepseek_SDF03/F009.c|3|information|missingIncludeSystem|Include file: <stdlib.h> not found. Please note: Cppcheck does not need standard library headers to get proper results.,/home/yichen/Desktop/Deepseek_SDF_Results03/logs/F009_cppcheck.log
/home/yichen/Desktop/Deepseek_SDF03/F009.c,cppcheck,True,success,True,0,9,4,information,missingIncludeSystem,Include file: <string.h> not found. Please note: Cppcheck does not need standard library headers to get proper results.,/home/yichen/Desktop/Deepseek_SDF03/F009.c|4|information|missingIncludeSystem|Include file: <string.h> not found. Please note: Cppcheck does not need standard library headers to get proper results.,/home/yichen/Desktop/Deepseek_SDF_Results03/logs/F009_cppcheck.log
/home/yichen/Desktop/Deepseek_SDF03/F009.c,cppcheck,True,success,True,0,9,5,information,missingIncludeSystem,Include file: <ctype.h> not found. Please note: Cppcheck does not need standard library headers to get proper results.,/home/yichen/Desktop/Deepseek_SDF03/F009.c|5|information|missingIncludeSystem|Include file: <ctype.h> not found. Please note: Cppcheck does not need standard library headers to get proper results.,/home/yichen/Desktop/Deepseek_SDF_Results03/logs/F009_cppcheck.log
/home/yichen/Desktop/Deepseek_SDF03/F009.c,cppcheck,True,success,True,0,9,52,style,constParameterPointer,Parameter 'line' can be declared as pointer to const,/home/yichen/Desktop/Deepseek_SDF03/F009.c|52|style|constParameterPointer|Parameter 'line' can be declared as pointer to const,/home/yichen/Desktop/Deepseek_SDF_Results03/logs/F009_cppcheck.log
/home/yichen/Desktop/Deepseek_SDF03/F009.c,cppcheck,True,success,True,0,9,72,style,constParameterPointer,Parameter 'line' can be declared as pointer to const,/home/yichen/Desktop/Deepseek_SDF03/F009.c|72|style|constParameterPointer|Parameter 'line' can be declared as pointer to const,/home/yichen/Desktop/Deepseek_SDF_Results03/logs/F009_cppcheck.log
/home/yichen/Desktop/Deepseek_SDF03/F009.c,cppcheck,True,success,True,0,9,106,style,constParameterPointer,Parameter 'line' can be declared as pointer to const,/home/yichen/Desktop/Deepseek_SDF03/F009.c|106|style|constParameterPointer|Parameter 'line' can be declared as pointer to const,/home/yichen/Desktop/Deepseek_SDF_Results03/logs/F009_cppcheck.log
/home/yichen/Desktop/Deepseek_SDF03/F009.c,cppcheck,True,success,True,0,9,123,style,constParameterPointer,Parameter 'line' can be declared as pointer to const,/home/yichen/Desktop/Deepseek_SDF03/F009.c|123|style|constParameterPointer|Parameter 'line' can be declared as pointer to const,/home/yichen/Desktop/Deepseek_SDF_Results03/logs/F009_cppcheck.log
nofile,cppcheck,True,success,True,0,9,0,information,checkersReport,Active checkers: 113/592 (use --checkers-report=<filename> to see details),nofile|0|information|checkersReport|Active checkers: 113/592 (use --checkers-report=<filename> to see details),/home/yichen/Desktop/Deepseek_SDF_Results03/logs/F009_cppcheck.log
/home/yichen/Desktop/Deepseek_SDF03/F010.c,cppcheck,True,success,True,0,9,2,information,missingIncludeSystem,Include file: <stdio.h> not found. Please note: Cppcheck does not need standard library headers to get proper results.,/home/yichen/Desktop/Deepseek_SDF03/F010.c|2|information|missingIncludeSystem|Include file: <stdio.h> not found. Please note: Cppcheck does not need standard library headers to get proper results.,/home/yichen/Desktop/Deepseek_SDF_Results03/logs/F010_cppcheck.log
/home/yichen/Desktop/Deepseek_SDF03/F010.c,cppcheck,True,success,True,0,9,3,information,missingIncludeSystem,Include file: <stdlib.h> not found. Please note: Cppcheck does not need standard library headers to get proper results.,/home/yichen/Desktop/Deepseek_SDF03/F010.c|3|information|missingIncludeSystem|Include file: <stdlib.h> not found. Please note: Cppcheck does not need standard library headers to get proper results.,/home/yichen/Desktop/Deepseek_SDF_Results03/logs/F010_cppcheck.log
/home/yichen/Desktop/Deepseek_SDF03/F010.c,cppcheck,True,success,True,0,9,4,information,missingIncludeSystem,Include file: <string.h> not found. Please note: Cppcheck does not need standard library headers to get proper results.,/home/yichen/Desktop/Deepseek_SDF03/F010.c|4|information|missingIncludeSystem|Include file: <string.h> not found. Please note: Cppcheck does not need standard library headers to get proper results.,/home/yichen/Desktop/Deepseek_SDF_Results03/logs/F010_cppcheck.log
/home/yichen/Desktop/Deepseek_SDF03/F010.c,cppcheck,True,success,True,0,9,5,information,missingIncludeSystem,Include file: <ctype.h> not found. Please note: Cppcheck does not need standard library headers to get proper results.,/home/yichen/Desktop/Deepseek_SDF03/F010.c|5|information|missingIncludeSystem|Include file: <ctype.h> not found. Please note: Cppcheck does not need standard library headers to get proper results.,/home/yichen/Desktop/Deepseek_SDF_Results03/logs/F010_cppcheck.log
/home/yichen/Desktop/Deepseek_SDF03/F010.c,cppcheck,True,success,True,0,9,52,style,constParameterPointer,Parameter 'line' can be declared as pointer to const,/home/yichen/Desktop/Deepseek_SDF03/F010.c|52|style|constParameterPointer|Parameter 'line' can be declared as pointer to const,/home/yichen/Desktop/Deepseek_SDF_Results03/logs/F010_cppcheck.log
/home/yichen/Desktop/Deepseek_SDF03/F010.c,cppcheck,True,success,True,0,9,72,style,constParameterPointer,Parameter 'line' can be declared as pointer to const,/home/yichen/Desktop/Deepseek_SDF03/F010.c|72|style|constParameterPointer|Parameter 'line' can be declared as pointer to const,/home/yichen/Desktop/Deepseek_SDF_Results03/logs/F010_cppcheck.log
/home/yichen/Desktop/Deepseek_SDF03/F010.c,cppcheck,True,success,True,0,9,91,style,constParameterPointer,Parameter 'line' can be declared as pointer to const,/home/yichen/Desktop/Deepseek_SDF03/F010.c|91|style|constParameterPointer|Parameter 'line' can be declared as pointer to const,/home/yichen/Desktop/Deepseek_SDF_Results03/logs/F010_cppcheck.log
/home/yichen/Desktop/Deepseek_SDF03/F010.c,cppcheck,True,success,True,0,9,108,style,constParameterPointer,Parameter 'line' can be declared as pointer to const,/home/yichen/Desktop/Deepseek_SDF03/F010.c|108|style|constParameterPointer|Parameter 'line' can be declared as pointer to const,/home/yichen/Desktop/Deepseek_SDF_Results03/logs/F010_cppcheck.log
nofile,cppcheck,True,success,True,0,9,0,information,checkersReport,Active checkers: 113/592 (use --checkers-report=<filename> to see details),nofile|0|information|checkersReport|Active checkers: 113/592 (use --checkers-report=<filename> to see details),/home/yichen/Desktop/Deepseek_SDF_Results03/logs/F010_cppcheck.log
/home/yichen/Desktop/Deepseek_SDF03/F011.c,cppcheck,True,success,True,0,10,2,information,missingIncludeSystem,Include file: <stdio.h> not found. Please note: Cppcheck does not need standard library headers to get proper results.,/home/yichen/Desktop/Deepseek_SDF03/F011.c|2|information|missingIncludeSystem|Include file: <stdio.h> not found. Please note: Cppcheck does not need standard library headers to get proper results.,/home/yichen/Desktop/Deepseek_SDF_Results03/logs/F011_cppcheck.log
/home/yichen/Desktop/Deepseek_SDF03/F011.c,cppcheck,True,success,True,0,10,3,information,missingIncludeSystem,Include file: <stdlib.h> not found. Please note: Cppcheck does not need standard library headers to get proper results.,/home/yichen/Desktop/Deepseek_SDF03/F011.c|3|information|missingIncludeSystem|Include file: <stdlib.h> not found. Please note: Cppcheck does not need standard library headers to get proper results.,/home/yichen/Desktop/Deepseek_SDF_Results03/logs/F011_cppcheck.log
/home/yichen/Desktop/Deepseek_SDF03/F011.c,cppcheck,True,success,True,0,10,4,information,missingIncludeSystem,Include file: <string.h> not found. Please note: Cppcheck does not need standard library headers to get proper results.,/home/yichen/Desktop/Deepseek_SDF03/F011.c|4|information|missingIncludeSystem|Include file: <string.h> not found. Please note: Cppcheck does not need standard library headers to get proper results.,/home/yichen/Desktop/Deepseek_SDF_Results03/logs/F011_cppcheck.log
/home/yichen/Desktop/Deepseek_SDF03/F011.c,cppcheck,True,success,True,0,10,5,information,missingIncludeSystem,Include file: <ctype.h> not found. Please note: Cppcheck does not need standard library headers to get proper results.,/home/yichen/Desktop/Deepseek_SDF03/F011.c|5|information|missingIncludeSystem|Include file: <ctype.h> not found. Please note: Cppcheck does not need standard library headers to get proper results.,/home/yichen/Desktop/Deepseek_SDF_Results03/logs/F011_cppcheck.log
/home/yichen/Desktop/Deepseek_SDF03/F011.c,cppcheck,True,success,True,0,10,44,style,constParameterPointer,Parameter 'line' can be declared as pointer to const,/home/yichen/Desktop/Deepseek_SDF03/F011.c|44|style|constParameterPointer|Parameter 'line' can be declared as pointer to const,/home/yichen/Desktop/Deepseek_SDF_Results03/logs/F011_cppcheck.log
/home/yichen/Desktop/Deepseek_SDF03/F011.c,cppcheck,True,success,True,0,10,57,style,constParameterPointer,Parameter 'line' can be declared as pointer to const,/home/yichen/Desktop/Deepseek_SDF03/F011.c|57|style|constParameterPointer|Parameter 'line' can be declared as pointer to const,/home/yichen/Desktop/Deepseek_SDF_Results03/logs/F011_cppcheck.log
/home/yichen/Desktop/Deepseek_SDF03/F011.c,cppcheck,True,success,True,0,10,66,style,constParameterPointer,Parameter 'line' can be declared as pointer to const,/home/yichen/Desktop/Deepseek_SDF03/F011.c|66|style|constParameterPointer|Parameter 'line' can be declared as pointer to const,/home/yichen/Desktop/Deepseek_SDF_Results03/logs/F011_cppcheck.log
/home/yichen/Desktop/Deepseek_SDF03/F011.c,cppcheck,True,success,True,0,10,91,style,constParameterPointer,Parameter 'line' can be declared as pointer to const,/home/yichen/Desktop/Deepseek_SDF03/F011.c|91|style|constParameterPointer|Parameter 'line' can be declared as pointer to const,/home/yichen/Desktop/Deepseek_SDF_Results03/logs/F011_cppcheck.log
/home/yichen/Desktop/Deepseek_SDF03/F011.c,cppcheck,True,success,True,0,10,94,style,constVariablePointer,Variable 'd' can be declared as pointer to const,/home/yichen/Desktop/Deepseek_SDF03/F011.c|94|style|constVariablePointer|Variable 'd' can be declared as pointer to const,/home/yichen/Desktop/Deepseek_SDF_Results03/logs/F011_cppcheck.log
nofile,cppcheck,True,success,True,0,10,0,information,checkersReport,Active checkers: 113/592 (use --checkers-report=<filename> to see details),nofile|0|information|checkersReport|Active checkers: 113/592 (use --checkers-report=<filename> to see details),/home/yichen/Desktop/Deepseek_SDF_Results03/logs/F011_cppcheck.log
/home/yichen/Desktop/Deepseek_SDF03/F012.c,cppcheck,True,success,True,0,10,2,information,missingIncludeSystem,Include file: <stdio.h> not found. Please note: Cppcheck does not need standard library headers to get proper results.,/home/yichen/Desktop/Deepseek_SDF03/F012.c|2|information|missingIncludeSystem|Include file: <stdio.h> not found. Please note: Cppcheck does not need standard library headers to get proper results.,/home/yichen/Desktop/Deepseek_SDF_Results03/logs/F012_cppcheck.log
/home/yichen/Desktop/Deepseek_SDF03/F012.c,cppcheck,True,success,True,0,10,3,information,missingIncludeSystem,Include file: <stdlib.h> not found. Please note: Cppcheck does not need standard library headers to get proper results.,/home/yichen/Desktop/Deepseek_SDF03/F012.c|3|information|missingIncludeSystem|Include file: <stdlib.h> not found. Please note: Cppcheck does not need standard library headers to get proper results.,/home/yichen/Desktop/Deepseek_SDF_Results03/logs/F012_cppcheck.log
/home/yichen/Desktop/Deepseek_SDF03/F012.c,cppcheck,True,success,True,0,10,4,information,missingIncludeSystem,Include file: <string.h> not found. Please note: Cppcheck does not need standard library headers to get proper results.,/home/yichen/Desktop/Deepseek_SDF03/F012.c|4|information|missingIncludeSystem|Include file: <string.h> not found. Please note: Cppcheck does not need standard library headers to get proper results.,/home/yichen/Desktop/Deepseek_SDF_Results03/logs/F012_cppcheck.log
/home/yichen/Desktop/Deepseek_SDF03/F012.c,cppcheck,True,success,True,0,10,5,information,missingIncludeSystem,Include file: <ctype.h> not found. Please note: Cppcheck does not need standard library headers to get proper results.,/home/yichen/Desktop/Deepseek_SDF03/F012.c|5|information|missingIncludeSystem|Include file: <ctype.h> not found. Please note: Cppcheck does not need standard library headers to get proper results.,/home/yichen/Desktop/Deepseek_SDF_Results03/logs/F012_cppcheck.log
/home/yichen/Desktop/Deepseek_SDF03/F012.c,cppcheck,True,success,True,0,10,39,style,constParameterPointer,Parameter 'line' can be declared as pointer to const,/home/yichen/Desktop/Deepseek_SDF03/F012.c|39|style|constParameterPointer|Parameter 'line' can be declared as pointer to const,/home/yichen/Desktop/Deepseek_SDF_Results03/logs/F012_cppcheck.log
/home/yichen/Desktop/Deepseek_SDF03/F012.c,cppcheck,True,success,True,0,10,63,style,constParameterPointer,Parameter 'line' can be declared as pointer to const,/home/yichen/Desktop/Deepseek_SDF03/F012.c|63|style|constParameterPointer|Parameter 'line' can be declared as pointer to const,/home/yichen/Desktop/Deepseek_SDF_Results03/logs/F012_cppcheck.log
/home/yichen/Desktop/Deepseek_SDF03/F012.c,cppcheck,True,success,True,0,10,80,style,constParameterPointer,Parameter 'line' can be declared as pointer to const,/home/yichen/Desktop/Deepseek_SDF03/F012.c|80|style|constParameterPointer|Parameter 'line' can be declared as pointer to const,/home/yichen/Desktop/Deepseek_SDF_Results03/logs/F012_cppcheck.log
/home/yichen/Desktop/Deepseek_SDF03/F012.c,cppcheck,True,success,True,0,10,108,style,constParameterPointer,Parameter 'line' can be declared as pointer to const,/home/yichen/Desktop/Deepseek_SDF03/F012.c|108|style|constParameterPointer|Parameter 'line' can be declared as pointer to const,/home/yichen/Desktop/Deepseek_SDF_Results03/logs/F012_cppcheck.log
/home/yichen/Desktop/Deepseek_SDF03/F012.c,cppcheck,True,success,True,0,10,111,style,constVariablePointer,Variable 'p' can be declared as pointer to const,/home/yichen/Desktop/Deepseek_SDF03/F012.c|111|style|constVariablePointer|Variable 'p' can be declared as pointer to const,/home/yichen/Desktop/Deepseek_SDF_Results03/logs/F012_cppcheck.log
nofile,cppcheck,True,success,True,0,10,0,information,checkersReport,Active checkers: 113/592 (use --checkers-report=<filename> to see details),nofile|0|information|checkersReport|Active checkers: 113/592 (use --checkers-report=<filename> to see details),/home/yichen/Desktop/Deepseek_SDF_Results03/logs/F012_cppcheck.log
/home/yichen/Desktop/Deepseek_SDF03/F013.c,cppcheck,True,success,True,0,11,2,information,missingIncludeSystem,Include file: <stdio.h> not found. Please note: Cppcheck does not need standard library headers to get proper results.,/home/yichen/Desktop/Deepseek_SDF03/F013.c|2|information|missingIncludeSystem|Include file: <stdio.h> not found. Please note: Cppcheck does not need standard library headers to get proper results.,/home/yichen/Desktop/Deepseek_SDF_Results03/logs/F013_cppcheck.log
/home/yichen/Desktop/Deepseek_SDF03/F013.c,cppcheck,True,success,True,0,11,3,information,missingIncludeSystem,Include file: <stdlib.h> not found. Please note: Cppcheck does not need standard library headers to get proper results.,/home/yichen/Desktop/Deepseek_SDF03/F013.c|3|information|missingIncludeSystem|Include file: <stdlib.h> not found. Please note: Cppcheck does not need standard library headers to get proper results.,/home/yichen/Desktop/Deepseek_SDF_Results03/logs/F013_cppcheck.log
/home/yichen/Desktop/Deepseek_SDF03/F013.c,cppcheck,True,success,True,0,11,4,information,missingIncludeSystem,Include file: <string.h> not found. Please note: Cppcheck does not need standard library headers to get proper results.,/home/yichen/Desktop/Deepseek_SDF03/F013.c|4|information|missingIncludeSystem|Include file: <string.h> not found. Please note: Cppcheck does not need standard library headers to get proper results.,/home/yichen/Desktop/Deepseek_SDF_Results03/logs/F013_cppcheck.log
/home/yichen/Desktop/Deepseek_SDF03/F013.c,cppcheck,True,success,True,0,11,5,information,missingIncludeSystem,Include file: <ctype.h> not found. Please note: Cppcheck does not need standard library headers to get proper results.,/home/yichen/Desktop/Deepseek_SDF03/F013.c|5|information|missingIncludeSystem|Include file: <ctype.h> not found. Please note: Cppcheck does not need standard library headers to get proper results.,/home/yichen/Desktop/Deepseek_SDF_Results03/logs/F013_cppcheck.log
/home/yichen/Desktop/Deepseek_SDF03/F013.c,cppcheck,True,success,True,0,11,92,style,constParameterPointer,Parameter 'line' can be declared as pointer to const,/home/yichen/Desktop/Deepseek_SDF03/F013.c|92|style|constParameterPointer|Parameter 'line' can be declared as pointer to const,/home/yichen/Desktop/Deepseek_SDF_Results03/logs/F013_cppcheck.log
/home/yichen/Desktop/Deepseek_SDF03/F013.c,cppcheck,True,success,True,0,11,127,style,constParameterPointer,Parameter 'line' can be declared as pointer to const,/home/yichen/Desktop/Deepseek_SDF03/F013.c|127|style|constParameterPointer|Parameter 'line' can be declared as pointer to const,/home/yichen/Desktop/Deepseek_SDF_Results03/logs/F013_cppcheck.log
/home/yichen/Desktop/Deepseek_SDF03/F013.c,cppcheck,True,success,True,0,11,135,style,constParameterPointer,Parameter 'line' can be declared as pointer to const,/home/yichen/Desktop/Deepseek_SDF03/F013.c|135|style|constParameterPointer|Parameter 'line' can be declared as pointer to const,/home/yichen/Desktop/Deepseek_SDF_Results03/logs/F013_cppcheck.log
/home/yichen/Desktop/Deepseek_SDF03/F013.c,cppcheck,True,success,True,0,11,143,style,constParameterPointer,Parameter 'line' can be declared as pointer to const,/home/yichen/Desktop/Deepseek_SDF03/F013.c|143|style|constParameterPointer|Parameter 'line' can be declared as pointer to const,/home/yichen/Desktop/Deepseek_SDF_Results03/logs/F013_cppcheck.log
/home/yichen/Desktop/Deepseek_SDF03/F013.c,cppcheck,True,success,True,0,11,155,style,constParameterPointer,Parameter 'line' can be declared as pointer to const,/home/yichen/Desktop/Deepseek_SDF03/F013.c|155|style|constParameterPointer|Parameter 'line' can be declared as pointer to const,/home/yichen/Desktop/Deepseek_SDF_Results03/logs/F013_cppcheck.log
/home/yichen/Desktop/Deepseek_SDF03/F013.c,cppcheck,True,success,True,0,11,159,style,constVariablePointer,Variable 't' can be declared as pointer to const,/home/yichen/Desktop/Deepseek_SDF03/F013.c|159|style|constVariablePointer|Variable 't' can be declared as pointer to const,/home/yichen/Desktop/Deepseek_SDF_Results03/logs/F013_cppcheck.log
nofile,cppcheck,True,success,True,0,11,0,information,checkersReport,Active checkers: 113/592 (use --checkers-report=<filename> to see details),nofile|0|information|checkersReport|Active checkers: 113/592 (use --checkers-report=<filename> to see details),/home/yichen/Desktop/Deepseek_SDF_Results03/logs/F013_cppcheck.log
/home/yichen/Desktop/Deepseek_SDF03/F014.c,cppcheck,True,success,True,0,10,2,information,missingIncludeSystem,Include file: <stdio.h> not found. Please note: Cppcheck does not need standard library headers to get proper results.,/home/yichen/Desktop/Deepseek_SDF03/F014.c|2|information|missingIncludeSystem|Include file: <stdio.h> not found. Please note: Cppcheck does not need standard library headers to get proper results.,/home/yichen/Desktop/Deepseek_SDF_Results03/logs/F014_cppcheck.log
/home/yichen/Desktop/Deepseek_SDF03/F014.c,cppcheck,True,success,True,0,10,3,information,missingIncludeSystem,Include file: <stdlib.h> not found. Please note: Cppcheck does not need standard library headers to get proper results.,/home/yichen/Desktop/Deepseek_SDF03/F014.c|3|information|missingIncludeSystem|Include file: <stdlib.h> not found. Please note: Cppcheck does not need standard library headers to get proper results.,/home/yichen/Desktop/Deepseek_SDF_Results03/logs/F014_cppcheck.log
/home/yichen/Desktop/Deepseek_SDF03/F014.c,cppcheck,True,success,True,0,10,4,information,missingIncludeSystem,Include file: <string.h> not found. Please note: Cppcheck does not need standard library headers to get proper results.,/home/yichen/Desktop/Deepseek_SDF03/F014.c|4|information|missingIncludeSystem|Include file: <string.h> not found. Please note: Cppcheck does not need standard library headers to get proper results.,/home/yichen/Desktop/Deepseek_SDF_Results03/logs/F014_cppcheck.log
/home/yichen/Desktop/Deepseek_SDF03/F014.c,cppcheck,True,success,True,0,10,5,information,missingIncludeSystem,Include file: <ctype.h> not found. Please note: Cppcheck does not need standard library headers to get proper results.,/home/yichen/Desktop/Deepseek_SDF03/F014.c|5|information|missingIncludeSystem|Include file: <ctype.h> not found. Please note: Cppcheck does not need standard library headers to get proper results.,/home/yichen/Desktop/Deepseek_SDF_Results03/logs/F014_cppcheck.log
/home/yichen/Desktop/Deepseek_SDF03/F014.c,cppcheck,True,success,True,0,10,54,style,constParameterPointer,Parameter 'line' can be declared as pointer to const,/home/yichen/Desktop/Deepseek_SDF03/F014.c|54|style|constParameterPointer|Parameter 'line' can be declared as pointer to const,/home/yichen/Desktop/Deepseek_SDF_Results03/logs/F014_cppcheck.log
/home/yichen/Desktop/Deepseek_SDF03/F014.c,cppcheck,True,success,True,0,10,68,style,constParameterPointer,Parameter 'line' can be declared as pointer to const,/home/yichen/Desktop/Deepseek_SDF03/F014.c|68|style|constParameterPointer|Parameter 'line' can be declared as pointer to const,/home/yichen/Desktop/Deepseek_SDF_Results03/logs/F014_cppcheck.log
/home/yichen/Desktop/Deepseek_SDF03/F014.c,cppcheck,True,success,True,0,10,85,style,constParameterPointer,Parameter 'line' can be declared as pointer to const,/home/yichen/Desktop/Deepseek_SDF03/F014.c|85|style|constParameterPointer|Parameter 'line' can be declared as pointer to const,/home/yichen/Desktop/Deepseek_SDF_Results03/logs/F014_cppcheck.log
/home/yichen/Desktop/Deepseek_SDF03/F014.c,cppcheck,True,success,True,0,10,103,style,constParameterPointer,Parameter 'line' can be declared as pointer to const,/home/yichen/Desktop/Deepseek_SDF03/F014.c|103|style|constParameterPointer|Parameter 'line' can be declared as pointer to const,/home/yichen/Desktop/Deepseek_SDF_Results03/logs/F014_cppcheck.log
/home/yichen/Desktop/Deepseek_SDF03/F014.c,cppcheck,True,success,True,0,10,120,style,constParameterPointer,Parameter 'line' can be declared as pointer to const,/home/yichen/Desktop/Deepseek_SDF03/F014.c|120|style|constParameterPointer|Parameter 'line' can be declared as pointer to const,/home/yichen/Desktop/Deepseek_SDF_Results03/logs/F014_cppcheck.log
nofile,cppcheck,True,success,True,0,10,0,information,checkersReport,Active checkers: 113/592 (use --checkers-report=<filename> to see details),nofile|0|information|checkersReport|Active checkers: 113/592 (use --checkers-report=<filename> to see details),/home/yichen/Desktop/Deepseek_SDF_Results03/logs/F014_cppcheck.log
/home/yichen/Desktop/Deepseek_SDF03/F015.c,cppcheck,True,success,True,0,11,2,information,missingIncludeSystem,Include file: <stdio.h> not found. Please note: Cppcheck does not need standard library headers to get proper results.,/home/yichen/Desktop/Deepseek_SDF03/F015.c|2|information|missingIncludeSystem|Include file: <stdio.h> not found. Please note: Cppcheck does not need standard library headers to get proper results.,/home/yichen/Desktop/Deepseek_SDF_Results03/logs/F015_cppcheck.log
/home/yichen/Desktop/Deepseek_SDF03/F015.c,cppcheck,True,success,True,0,11,3,information,missingIncludeSystem,Include file: <stdlib.h> not found. Please note: Cppcheck does not need standard library headers to get proper results.,/home/yichen/Desktop/Deepseek_SDF03/F015.c|3|information|missingIncludeSystem|Include file: <stdlib.h> not found. Please note: Cppcheck does not need standard library headers to get proper results.,/home/yichen/Desktop/Deepseek_SDF_Results03/logs/F015_cppcheck.log
/home/yichen/Desktop/Deepseek_SDF03/F015.c,cppcheck,True,success,True,0,11,4,information,missingIncludeSystem,Include file: <string.h> not found. Please note: Cppcheck does not need standard library headers to get proper results.,/home/yichen/Desktop/Deepseek_SDF03/F015.c|4|information|missingIncludeSystem|Include file: <string.h> not found. Please note: Cppcheck does not need standard library headers to get proper results.,/home/yichen/Desktop/Deepseek_SDF_Results03/logs/F015_cppcheck.log
/home/yichen/Desktop/Deepseek_SDF03/F015.c,cppcheck,True,success,True,0,11,5,information,missingIncludeSystem,Include file: <ctype.h> not found. Please note: Cppcheck does not need standard library headers to get proper results.,/home/yichen/Desktop/Deepseek_SDF03/F015.c|5|information|missingIncludeSystem|Include file: <ctype.h> not found. Please note: Cppcheck does not need standard library headers to get proper results.,/home/yichen/Desktop/Deepseek_SDF_Results03/logs/F015_cppcheck.log
/home/yichen/Desktop/Deepseek_SDF03/F015.c,cppcheck,True,success,True,0,11,42,style,constParameterPointer,Parameter 'line' can be declared as pointer to const,/home/yichen/Desktop/Deepseek_SDF03/F015.c|42|style|constParameterPointer|Parameter 'line' can be declared as pointer to const,/home/yichen/Desktop/Deepseek_SDF_Results03/logs/F015_cppcheck.log
/home/yichen/Desktop/Deepseek_SDF03/F015.c,cppcheck,True,success,True,0,11,56,style,constParameterPointer,Parameter 'line' can be declared as pointer to const,/home/yichen/Desktop/Deepseek_SDF03/F015.c|56|style|constParameterPointer|Parameter 'line' can be declared as pointer to const,/home/yichen/Desktop/Deepseek_SDF_Results03/logs/F015_cppcheck.log
/home/yichen/Desktop/Deepseek_SDF03/F015.c,cppcheck,True,success,True,0,11,65,style,constParameterPointer,Parameter 'line' can be declared as pointer to const,/home/yichen/Desktop/Deepseek_SDF03/F015.c|65|style|constParameterPointer|Parameter 'line' can be declared as pointer to const,/home/yichen/Desktop/Deepseek_SDF_Results03/logs/F015_cppcheck.log
/home/yichen/Desktop/Deepseek_SDF03/F015.c,cppcheck,True,success,True,0,11,90,style,constParameterPointer,Parameter 'line' can be declared as pointer to const,/home/yichen/Desktop/Deepseek_SDF03/F015.c|90|style|constParameterPointer|Parameter 'line' can be declared as pointer to const,/home/yichen/Desktop/Deepseek_SDF_Results03/logs/F015_cppcheck.log
/home/yichen/Desktop/Deepseek_SDF03/F015.c,cppcheck,True,success,True,0,11,106,style,constParameterPointer,Parameter 'line' can be declared as pointer to const,/home/yichen/Desktop/Deepseek_SDF03/F015.c|106|style|constParameterPointer|Parameter 'line' can be declared as pointer to const,/home/yichen/Desktop/Deepseek_SDF_Results03/logs/F015_cppcheck.log
/home/yichen/Desktop/Deepseek_SDF03/F015.c,cppcheck,True,success,True,0,11,109,style,constVariablePointer,Variable 'c' can be declared as pointer to const,/home/yichen/Desktop/Deepseek_SDF03/F015.c|109|style|constVariablePointer|Variable 'c' can be declared as pointer to const,/home/yichen/Desktop/Deepseek_SDF_Results03/logs/F015_cppcheck.log
nofile,cppcheck,True,success,True,0,11,0,information,checkersReport,Active checkers: 113/592 (use --checkers-report=<filename> to see details),nofile|0|information|checkersReport|Active checkers: 113/592 (use --checkers-report=<filename> to see details),/home/yichen/Desktop/Deepseek_SDF_Results03/logs/F015_cppcheck.log
/home/yichen/Desktop/Deepseek_SDF03/F016.c,cppcheck,True,success,True,0,9,2,information,missingIncludeSystem,Include file: <stdio.h> not found. Please note: Cppcheck does not need standard library headers to get proper results.,/home/yichen/Desktop/Deepseek_SDF03/F016.c|2|information|missingIncludeSystem|Include file: <stdio.h> not found. Please note: Cppcheck does not need standard library headers to get proper results.,/home/yichen/Desktop/Deepseek_SDF_Results03/logs/F016_cppcheck.log
/home/yichen/Desktop/Deepseek_SDF03/F016.c,cppcheck,True,success,True,0,9,3,information,missingIncludeSystem,Include file: <stdlib.h> not found. Please note: Cppcheck does not need standard library headers to get proper results.,/home/yichen/Desktop/Deepseek_SDF03/F016.c|3|information|missingIncludeSystem|Include file: <stdlib.h> not found. Please note: Cppcheck does not need standard library headers to get proper results.,/home/yichen/Desktop/Deepseek_SDF_Results03/logs/F016_cppcheck.log
/home/yichen/Desktop/Deepseek_SDF03/F016.c,cppcheck,True,success,True,0,9,4,information,missingIncludeSystem,Include file: <string.h> not found. Please note: Cppcheck does not need standard library headers to get proper results.,/home/yichen/Desktop/Deepseek_SDF03/F016.c|4|information|missingIncludeSystem|Include file: <string.h> not found. Please note: Cppcheck does not need standard library headers to get proper results.,/home/yichen/Desktop/Deepseek_SDF_Results03/logs/F016_cppcheck.log
/home/yichen/Desktop/Deepseek_SDF03/F016.c,cppcheck,True,success,True,0,9,5,information,missingIncludeSystem,Include file: <ctype.h> not found. Please note: Cppcheck does not need standard library headers to get proper results.,/home/yichen/Desktop/Deepseek_SDF03/F016.c|5|information|missingIncludeSystem|Include file: <ctype.h> not found. Please note: Cppcheck does not need standard library headers to get proper results.,/home/yichen/Desktop/Deepseek_SDF_Results03/logs/F016_cppcheck.log
/home/yichen/Desktop/Deepseek_SDF03/F016.c,cppcheck,True,success,True,0,9,61,style,constParameterPointer,Parameter 'line' can be declared as pointer to const,/home/yichen/Desktop/Deepseek_SDF03/F016.c|61|style|constParameterPointer|Parameter 'line' can be declared as pointer to const,/home/yichen/Desktop/Deepseek_SDF_Results03/logs/F016_cppcheck.log
/home/yichen/Desktop/Deepseek_SDF03/F016.c,cppcheck,True,success,True,0,9,74,style,constParameterPointer,Parameter 'line' can be declared as pointer to const,/home/yichen/Desktop/Deepseek_SDF03/F016.c|74|style|constParameterPointer|Parameter 'line' can be declared as pointer to const,/home/yichen/Desktop/Deepseek_SDF_Results03/logs/F016_cppcheck.log
/home/yichen/Desktop/Deepseek_SDF03/F016.c,cppcheck,True,success,True,0,9,90,style,constParameterPointer,Parameter 'line' can be declared as pointer to const,/home/yichen/Desktop/Deepseek_SDF03/F016.c|90|style|constParameterPointer|Parameter 'line' can be declared as pointer to const,/home/yichen/Desktop/Deepseek_SDF_Results03/logs/F016_cppcheck.log
/home/yichen/Desktop/Deepseek_SDF03/F016.c,cppcheck,True,success,True,0,9,93,style,constVariablePointer,Variable 'c' can be declared as pointer to const,/home/yichen/Desktop/Deepseek_SDF03/F016.c|93|style|constVariablePointer|Variable 'c' can be declared as pointer to const,/home/yichen/Desktop/Deepseek_SDF_Results03/logs/F016_cppcheck.log
nofile,cppcheck,True,success,True,0,9,0,information,checkersReport,Active checkers: 113/592 (use --checkers-report=<filename> to see details),nofile|0|information|checkersReport|Active checkers: 113/592 (use --checkers-report=<filename> to see details),/home/yichen/Desktop/Deepseek_SDF_Results03/logs/F016_cppcheck.log
/home/yichen/Desktop/Deepseek_SDF03/F017.c,cppcheck,True,success,True,0,9,2,information,missingIncludeSystem,Include file: <stdio.h> not found. Please note: Cppcheck does not need standard library headers to get proper results.,/home/yichen/Desktop/Deepseek_SDF03/F017.c|2|information|missingIncludeSystem|Include file: <stdio.h> not found. Please note: Cppcheck does not need standard library headers to get proper results.,/home/yichen/Desktop/Deepseek_SDF_Results03/logs/F017_cppcheck.log
/home/yichen/Desktop/Deepseek_SDF03/F017.c,cppcheck,True,success,True,0,9,3,information,missingIncludeSystem,Include file: <stdlib.h> not found. Please note: Cppcheck does not need standard library headers to get proper results.,/home/yichen/Desktop/Deepseek_SDF03/F017.c|3|information|missingIncludeSystem|Include file: <stdlib.h> not found. Please note: Cppcheck does not need standard library headers to get proper results.,/home/yichen/Desktop/Deepseek_SDF_Results03/logs/F017_cppcheck.log
/home/yichen/Desktop/Deepseek_SDF03/F017.c,cppcheck,True,success,True,0,9,4,information,missingIncludeSystem,Include file: <string.h> not found. Please note: Cppcheck does not need standard library headers to get proper results.,/home/yichen/Desktop/Deepseek_SDF03/F017.c|4|information|missingIncludeSystem|Include file: <string.h> not found. Please note: Cppcheck does not need standard library headers to get proper results.,/home/yichen/Desktop/Deepseek_SDF_Results03/logs/F017_cppcheck.log
/home/yichen/Desktop/Deepseek_SDF03/F017.c,cppcheck,True,success,True,0,9,5,information,missingIncludeSystem,Include file: <ctype.h> not found. Please note: Cppcheck does not need standard library headers to get proper results.,/home/yichen/Desktop/Deepseek_SDF03/F017.c|5|information|missingIncludeSystem|Include file: <ctype.h> not found. Please note: Cppcheck does not need standard library headers to get proper results.,/home/yichen/Desktop/Deepseek_SDF_Results03/logs/F017_cppcheck.log
/home/yichen/Desktop/Deepseek_SDF03/F017.c,cppcheck,True,success,True,0,9,58,style,constParameterPointer,Parameter 'line' can be declared as pointer to const,/home/yichen/Desktop/Deepseek_SDF03/F017.c|58|style|constParameterPointer|Parameter 'line' can be declared as pointer to const,/home/yichen/Desktop/Deepseek_SDF_Results03/logs/F017_cppcheck.log
/home/yichen/Desktop/Deepseek_SDF03/F017.c,cppcheck,True,success,True,0,9,75,style,constParameterPointer,Parameter 'line' can be declared as pointer to const,/home/yichen/Desktop/Deepseek_SDF03/F017.c|75|style|constParameterPointer|Parameter 'line' can be declared as pointer to const,/home/yichen/Desktop/Deepseek_SDF_Results03/logs/F017_cppcheck.log
/home/yichen/Desktop/Deepseek_SDF03/F017.c,cppcheck,True,success,True,0,9,91,style,constParameterPointer,Parameter 'line' can be declared as pointer to const,/home/yichen/Desktop/Deepseek_SDF03/F017.c|91|style|constParameterPointer|Parameter 'line' can be declared as pointer to const,/home/yichen/Desktop/Deepseek_SDF_Results03/logs/F017_cppcheck.log
/home/yichen/Desktop/Deepseek_SDF03/F017.c,cppcheck,True,success,True,0,9,94,style,constVariablePointer,Variable 'c' can be declared as pointer to const,/home/yichen/Desktop/Deepseek_SDF03/F017.c|94|style|constVariablePointer|Variable 'c' can be declared as pointer to const,/home/yichen/Desktop/Deepseek_SDF_Results03/logs/F017_cppcheck.log
nofile,cppcheck,True,success,True,0,9,0,information,checkersReport,Active checkers: 113/592 (use --checkers-report=<filename> to see details),nofile|0|information|checkersReport|Active checkers: 113/592 (use --checkers-report=<filename> to see details),/home/yichen/Desktop/Deepseek_SDF_Results03/logs/F017_cppcheck.log
/home/yichen/Desktop/Deepseek_SDF03/F018.c,cppcheck,True,success,True,0,9,2,information,missingIncludeSystem,Include file: <stdio.h> not found. Please note: Cppcheck does not need standard library headers to get proper results.,/home/yichen/Desktop/Deepseek_SDF03/F018.c|2|information|missingIncludeSystem|Include file: <stdio.h> not found. Please note: Cppcheck does not need standard library headers to get proper results.,/home/yichen/Desktop/Deepseek_SDF_Results03/logs/F018_cppcheck.log
/home/yichen/Desktop/Deepseek_SDF03/F018.c,cppcheck,True,success,True,0,9,3,information,missingIncludeSystem,Include file: <stdlib.h> not found. Please note: Cppcheck does not need standard library headers to get proper results.,/home/yichen/Desktop/Deepseek_SDF03/F018.c|3|information|missingIncludeSystem|Include file: <stdlib.h> not found. Please note: Cppcheck does not need standard library headers to get proper results.,/home/yichen/Desktop/Deepseek_SDF_Results03/logs/F018_cppcheck.log
/home/yichen/Desktop/Deepseek_SDF03/F018.c,cppcheck,True,success,True,0,9,4,information,missingIncludeSystem,Include file: <string.h> not found. Please note: Cppcheck does not need standard library headers to get proper results.,/home/yichen/Desktop/Deepseek_SDF03/F018.c|4|information|missingIncludeSystem|Include file: <string.h> not found. Please note: Cppcheck does not need standard library headers to get proper results.,/home/yichen/Desktop/Deepseek_SDF_Results03/logs/F018_cppcheck.log
/home/yichen/Desktop/Deepseek_SDF03/F018.c,cppcheck,True,success,True,0,9,5,information,missingIncludeSystem,Include file: <ctype.h> not found. Please note: Cppcheck does not need standard library headers to get proper results.,/home/yichen/Desktop/Deepseek_SDF03/F018.c|5|information|missingIncludeSystem|Include file: <ctype.h> not found. Please note: Cppcheck does not need standard library headers to get proper results.,/home/yichen/Desktop/Deepseek_SDF_Results03/logs/F018_cppcheck.log
/home/yichen/Desktop/Deepseek_SDF03/F018.c,cppcheck,True,success,True,0,9,69,style,constParameterPointer,Parameter 'line' can be declared as pointer to const,/home/yichen/Desktop/Deepseek_SDF03/F018.c|69|style|constParameterPointer|Parameter 'line' can be declared as pointer to const,/home/yichen/Desktop/Deepseek_SDF_Results03/logs/F018_cppcheck.log
/home/yichen/Desktop/Deepseek_SDF03/F018.c,cppcheck,True,success,True,0,9,85,style,constParameterPointer,Parameter 'line' can be declared as pointer to const,/home/yichen/Desktop/Deepseek_SDF03/F018.c|85|style|constParameterPointer|Parameter 'line' can be declared as pointer to const,/home/yichen/Desktop/Deepseek_SDF_Results03/logs/F018_cppcheck.log
/home/yichen/Desktop/Deepseek_SDF03/F018.c,cppcheck,True,success,True,0,9,101,style,constParameterPointer,Parameter 'line' can be declared as pointer to const,/home/yichen/Desktop/Deepseek_SDF03/F018.c|101|style|constParameterPointer|Parameter 'line' can be declared as pointer to const,/home/yichen/Desktop/Deepseek_SDF_Results03/logs/F018_cppcheck.log
/home/yichen/Desktop/Deepseek_SDF03/F018.c,cppcheck,True,success,True,0,9,104,style,constVariablePointer,Variable 'w' can be declared as pointer to const,/home/yichen/Desktop/Deepseek_SDF03/F018.c|104|style|constVariablePointer|Variable 'w' can be declared as pointer to const,/home/yichen/Desktop/Deepseek_SDF_Results03/logs/F018_cppcheck.log
nofile,cppcheck,True,success,True,0,9,0,information,checkersReport,Active checkers: 113/592 (use --checkers-report=<filename> to see details),nofile|0|information|checkersReport|Active checkers: 113/592 (use --checkers-report=<filename> to see details),/home/yichen/Desktop/Deepseek_SDF_Results03/logs/F018_cppcheck.log
/home/yichen/Desktop/Deepseek_SDF03/F019.c,cppcheck,True,success,True,0,8,2,information,missingIncludeSystem,Include file: <stdio.h> not found. Please note: Cppcheck does not need standard library headers to get proper results.,/home/yichen/Desktop/Deepseek_SDF03/F019.c|2|information|missingIncludeSystem|Include file: <stdio.h> not found. Please note: Cppcheck does not need standard library headers to get proper results.,/home/yichen/Desktop/Deepseek_SDF_Results03/logs/F019_cppcheck.log
/home/yichen/Desktop/Deepseek_SDF03/F019.c,cppcheck,True,success,True,0,8,3,information,missingIncludeSystem,Include file: <stdlib.h> not found. Please note: Cppcheck does not need standard library headers to get proper results.,/home/yichen/Desktop/Deepseek_SDF03/F019.c|3|information|missingIncludeSystem|Include file: <stdlib.h> not found. Please note: Cppcheck does not need standard library headers to get proper results.,/home/yichen/Desktop/Deepseek_SDF_Results03/logs/F019_cppcheck.log
/home/yichen/Desktop/Deepseek_SDF03/F019.c,cppcheck,True,success,True,0,8,4,information,missingIncludeSystem,Include file: <string.h> not found. Please note: Cppcheck does not need standard library headers to get proper results.,/home/yichen/Desktop/Deepseek_SDF03/F019.c|4|information|missingIncludeSystem|Include file: <string.h> not found. Please note: Cppcheck does not need standard library headers to get proper results.,/home/yichen/Desktop/Deepseek_SDF_Results03/logs/F019_cppcheck.log
/home/yichen/Desktop/Deepseek_SDF03/F019.c,cppcheck,True,success,True,0,8,5,information,missingIncludeSystem,Include file: <ctype.h> not found. Please note: Cppcheck does not need standard library headers to get proper results.,/home/yichen/Desktop/Deepseek_SDF03/F019.c|5|information|missingIncludeSystem|Include file: <ctype.h> not found. Please note: Cppcheck does not need standard library headers to get proper results.,/home/yichen/Desktop/Deepseek_SDF_Results03/logs/F019_cppcheck.log
/home/yichen/Desktop/Deepseek_SDF03/F019.c,cppcheck,True,success,True,0,8,51,style,constParameterPointer,Parameter 'line' can be declared as pointer to const,/home/yichen/Desktop/Deepseek_SDF03/F019.c|51|style|constParameterPointer|Parameter 'line' can be declared as pointer to const,/home/yichen/Desktop/Deepseek_SDF_Results03/logs/F019_cppcheck.log
/home/yichen/Desktop/Deepseek_SDF03/F019.c,cppcheck,True,success,True,0,8,64,style,constParameterPointer,Parameter 'line' can be declared as pointer to const,/home/yichen/Desktop/Deepseek_SDF03/F019.c|64|style|constParameterPointer|Parameter 'line' can be declared as pointer to const,/home/yichen/Desktop/Deepseek_SDF_Results03/logs/F019_cppcheck.log
/home/yichen/Desktop/Deepseek_SDF03/F019.c,cppcheck,True,success,True,0,8,77,style,constParameterPointer,Parameter 'line' can be declared as pointer to const,/home/yichen/Desktop/Deepseek_SDF03/F019.c|77|style|constParameterPointer|Parameter 'line' can be declared as pointer to const,/home/yichen/Desktop/Deepseek_SDF_Results03/logs/F019_cppcheck.log
nofile,cppcheck,True,success,True,0,8,0,information,checkersReport,Active checkers: 113/592 (use --checkers-report=<filename> to see details),nofile|0|information|checkersReport|Active checkers: 113/592 (use --checkers-report=<filename> to see details),/home/yichen/Desktop/Deepseek_SDF_Results03/logs/F019_cppcheck.log
/home/yichen/Desktop/Deepseek_SDF03/F020.c,cppcheck,True,success,True,0,8,2,information,missingIncludeSystem,Include file: <stdio.h> not found. Please note: Cppcheck does not need standard library headers to get proper results.,/home/yichen/Desktop/Deepseek_SDF03/F020.c|2|information|missingIncludeSystem|Include file: <stdio.h> not found. Please note: Cppcheck does not need standard library headers to get proper results.,/home/yichen/Desktop/Deepseek_SDF_Results03/logs/F020_cppcheck.log
/home/yichen/Desktop/Deepseek_SDF03/F020.c,cppcheck,True,success,True,0,8,3,information,missingIncludeSystem,Include file: <stdlib.h> not found. Please note: Cppcheck does not need standard library headers to get proper results.,/home/yichen/Desktop/Deepseek_SDF03/F020.c|3|information|missingIncludeSystem|Include file: <stdlib.h> not found. Please note: Cppcheck does not need standard library headers to get proper results.,/home/yichen/Desktop/Deepseek_SDF_Results03/logs/F020_cppcheck.log
/home/yichen/Desktop/Deepseek_SDF03/F020.c,cppcheck,True,success,True,0,8,4,information,missingIncludeSystem,Include file: <string.h> not found. Please note: Cppcheck does not need standard library headers to get proper results.,/home/yichen/Desktop/Deepseek_SDF03/F020.c|4|information|missingIncludeSystem|Include file: <string.h> not found. Please note: Cppcheck does not need standard library headers to get proper results.,/home/yichen/Desktop/Deepseek_SDF_Results03/logs/F020_cppcheck.log
/home/yichen/Desktop/Deepseek_SDF03/F020.c,cppcheck,True,success,True,0,8,5,information,missingIncludeSystem,Include file: <ctype.h> not found. Please note: Cppcheck does not need standard library headers to get proper results.,/home/yichen/Desktop/Deepseek_SDF03/F020.c|5|information|missingIncludeSystem|Include file: <ctype.h> not found. Please note: Cppcheck does not need standard library headers to get proper results.,/home/yichen/Desktop/Deepseek_SDF_Results03/logs/F020_cppcheck.log
/home/yichen/Desktop/Deepseek_SDF03/F020.c,cppcheck,True,success,True,0,8,69,style,constParameterPointer,Parameter 'line' can be declared as pointer to const,/home/yichen/Desktop/Deepseek_SDF03/F020.c|69|style|constParameterPointer|Parameter 'line' can be declared as pointer to const,/home/yichen/Desktop/Deepseek_SDF_Results03/logs/F020_cppcheck.log
/home/yichen/Desktop/Deepseek_SDF03/F020.c,cppcheck,True,success,True,0,8,72,style,constVariablePointer,Variable 'r' can be declared as pointer to const,/home/yichen/Desktop/Deepseek_SDF03/F020.c|72|style|constVariablePointer|Variable 'r' can be declared as pointer to const,/home/yichen/Desktop/Deepseek_SDF_Results03/logs/F020_cppcheck.log
/home/yichen/Desktop/Deepseek_SDF03/F020.c,cppcheck,True,success,True,0,8,77,style,constParameterPointer,Parameter 'line' can be declared as pointer to const,/home/yichen/Desktop/Deepseek_SDF03/F020.c|77|style|constParameterPointer|Parameter 'line' can be declared as pointer to const,/home/yichen/Desktop/Deepseek_SDF_Results03/logs/F020_cppcheck.log
nofile,cppcheck,True,success,True,0,8,0,information,checkersReport,Active checkers: 113/592 (use --checkers-report=<filename> to see details),nofile|0|information|checkersReport|Active checkers: 113/592 (use --checkers-report=<filename> to see details),/home/yichen/Desktop/Deepseek_SDF_Results03/logs/F020_cppcheck.log
/home/yichen/Desktop/Deepseek_SDF03/F021.c,cppcheck,True,success,True,0,10,2,information,missingIncludeSystem,Include file: <stdio.h> not found. Please note: Cppcheck does not need standard library headers to get proper results.,/home/yichen/Desktop/Deepseek_SDF03/F021.c|2|information|missingIncludeSystem|Include file: <stdio.h> not found. Please note: Cppcheck does not need standard library headers to get proper results.,/home/yichen/Desktop/Deepseek_SDF_Results03/logs/F021_cppcheck.log
/home/yichen/Desktop/Deepseek_SDF03/F021.c,cppcheck,True,success,True,0,10,3,information,missingIncludeSystem,Include file: <stdlib.h> not found. Please note: Cppcheck does not need standard library headers to get proper results.,/home/yichen/Desktop/Deepseek_SDF03/F021.c|3|information|missingIncludeSystem|Include file: <stdlib.h> not found. Please note: Cppcheck does not need standard library headers to get proper results.,/home/yichen/Desktop/Deepseek_SDF_Results03/logs/F021_cppcheck.log
/home/yichen/Desktop/Deepseek_SDF03/F021.c,cppcheck,True,success,True,0,10,4,information,missingIncludeSystem,Include file: <string.h> not found. Please note: Cppcheck does not need standard library headers to get proper results.,/home/yichen/Desktop/Deepseek_SDF03/F021.c|4|information|missingIncludeSystem|Include file: <string.h> not found. Please note: Cppcheck does not need standard library headers to get proper results.,/home/yichen/Desktop/Deepseek_SDF_Results03/logs/F021_cppcheck.log
/home/yichen/Desktop/Deepseek_SDF03/F021.c,cppcheck,True,success,True,0,10,5,information,missingIncludeSystem,Include file: <ctype.h> not found. Please note: Cppcheck does not need standard library headers to get proper results.,/home/yichen/Desktop/Deepseek_SDF03/F021.c|5|information|missingIncludeSystem|Include file: <ctype.h> not found. Please note: Cppcheck does not need standard library headers to get proper results.,/home/yichen/Desktop/Deepseek_SDF_Results03/logs/F021_cppcheck.log
/home/yichen/Desktop/Deepseek_SDF03/F021.c,cppcheck,True,success,True,0,10,63,style,constParameterPointer,Parameter 'line' can be declared as pointer to const,/home/yichen/Desktop/Deepseek_SDF03/F021.c|63|style|constParameterPointer|Parameter 'line' can be declared as pointer to const,/home/yichen/Desktop/Deepseek_SDF_Results03/logs/F021_cppcheck.log
/home/yichen/Desktop/Deepseek_SDF03/F021.c,cppcheck,True,success,True,0,10,75,style,constParameterPointer,Parameter 'line' can be declared as pointer to const,/home/yichen/Desktop/Deepseek_SDF03/F021.c|75|style|constParameterPointer|Parameter 'line' can be declared as pointer to const,/home/yichen/Desktop/Deepseek_SDF_Results03/logs/F021_cppcheck.log
/home/yichen/Desktop/Deepseek_SDF03/F021.c,cppcheck,True,success,True,0,10,90,style,constParameterPointer,Parameter 'line' can be declared as pointer to const,/home/yichen/Desktop/Deepseek_SDF03/F021.c|90|style|constParameterPointer|Parameter 'line' can be declared as pointer to const,/home/yichen/Desktop/Deepseek_SDF_Results03/logs/F021_cppcheck.log
/home/yichen/Desktop/Deepseek_SDF03/F021.c,cppcheck,True,success,True,0,10,108,style,constParameterPointer,Parameter 'line' can be declared as pointer to const,/home/yichen/Desktop/Deepseek_SDF03/F021.c|108|style|constParameterPointer|Parameter 'line' can be declared as pointer to const,/home/yichen/Desktop/Deepseek_SDF_Results03/logs/F021_cppcheck.log
/home/yichen/Desktop/Deepseek_SDF03/F021.c,cppcheck,True,success,True,0,10,125,style,constParameterPointer,Parameter 'line' can be declared as pointer to const,/home/yichen/Desktop/Deepseek_SDF03/F021.c|125|style|constParameterPointer|Parameter 'line' can be declared as pointer to const,/home/yichen/Desktop/Deepseek_SDF_Results03/logs/F021_cppcheck.log
nofile,cppcheck,True,success,True,0,10,0,information,checkersReport,Active checkers: 113/592 (use --checkers-report=<filename> to see details),nofile|0|information|checkersReport|Active checkers: 113/592 (use --checkers-report=<filename> to see details),/home/yichen/Desktop/Deepseek_SDF_Results03/logs/F021_cppcheck.log
/home/yichen/Desktop/Deepseek_SDF03/F022.c,cppcheck,True,success,True,0,10,2,information,missingIncludeSystem,Include file: <stdio.h> not found. Please note: Cppcheck does not need standard library headers to get proper results.,/home/yichen/Desktop/Deepseek_SDF03/F022.c|2|information|missingIncludeSystem|Include file: <stdio.h> not found. Please note: Cppcheck does not need standard library headers to get proper results.,/home/yichen/Desktop/Deepseek_SDF_Results03/logs/F022_cppcheck.log
/home/yichen/Desktop/Deepseek_SDF03/F022.c,cppcheck,True,success,True,0,10,3,information,missingIncludeSystem,Include file: <stdlib.h> not found. Please note: Cppcheck does not need standard library headers to get proper results.,/home/yichen/Desktop/Deepseek_SDF03/F022.c|3|information|missingIncludeSystem|Include file: <stdlib.h> not found. Please note: Cppcheck does not need standard library headers to get proper results.,/home/yichen/Desktop/Deepseek_SDF_Results03/logs/F022_cppcheck.log
/home/yichen/Desktop/Deepseek_SDF03/F022.c,cppcheck,True,success,True,0,10,4,information,missingIncludeSystem,Include file: <string.h> not found. Please note: Cppcheck does not need standard library headers to get proper results.,/home/yichen/Desktop/Deepseek_SDF03/F022.c|4|information|missingIncludeSystem|Include file: <string.h> not found. Please note: Cppcheck does not need standard library headers to get proper results.,/home/yichen/Desktop/Deepseek_SDF_Results03/logs/F022_cppcheck.log
/home/yichen/Desktop/Deepseek_SDF03/F022.c,cppcheck,True,success,True,0,10,5,information,missingIncludeSystem,Include file: <ctype.h> not found. Please note: Cppcheck does not need standard library headers to get proper results.,/home/yichen/Desktop/Deepseek_SDF03/F022.c|5|information|missingIncludeSystem|Include file: <ctype.h> not found. Please note: Cppcheck does not need standard library headers to get proper results.,/home/yichen/Desktop/Deepseek_SDF_Results03/logs/F022_cppcheck.log
/home/yichen/Desktop/Deepseek_SDF03/F022.c,cppcheck,True,success,True,0,10,64,style,constParameterPointer,Parameter 'line' can be declared as pointer to const,/home/yichen/Desktop/Deepseek_SDF03/F022.c|64|style|constParameterPointer|Parameter 'line' can be declared as pointer to const,/home/yichen/Desktop/Deepseek_SDF_Results03/logs/F022_cppcheck.log
/home/yichen/Desktop/Deepseek_SDF03/F022.c,cppcheck,True,success,True,0,10,76,style,constParameterPointer,Parameter 'line' can be declared as pointer to const,/home/yichen/Desktop/Deepseek_SDF03/F022.c|76|style|constParameterPointer|Parameter 'line' can be declared as pointer to const,/home/yichen/Desktop/Deepseek_SDF_Results03/logs/F022_cppcheck.log
/home/yichen/Desktop/Deepseek_SDF03/F022.c,cppcheck,True,success,True,0,10,92,style,constParameterPointer,Parameter 'line' can be declared as pointer to const,/home/yichen/Desktop/Deepseek_SDF03/F022.c|92|style|constParameterPointer|Parameter 'line' can be declared as pointer to const,/home/yichen/Desktop/Deepseek_SDF_Results03/logs/F022_cppcheck.log
/home/yichen/Desktop/Deepseek_SDF03/F022.c,cppcheck,True,success,True,0,10,116,style,constParameterPointer,Parameter 'line' can be declared as pointer to const,/home/yichen/Desktop/Deepseek_SDF03/F022.c|116|style|constParameterPointer|Parameter 'line' can be declared as pointer to const,/home/yichen/Desktop/Deepseek_SDF_Results03/logs/F022_cppcheck.log
/home/yichen/Desktop/Deepseek_SDF03/F022.c,cppcheck,True,success,True,0,10,126,style,constParameterPointer,Parameter 'line' can be declared as pointer to const,/home/yichen/Desktop/Deepseek_SDF03/F022.c|126|style|constParameterPointer|Parameter 'line' can be declared as pointer to const,/home/yichen/Desktop/Deepseek_SDF_Results03/logs/F022_cppcheck.log
nofile,cppcheck,True,success,True,0,10,0,information,checkersReport,Active checkers: 113/592 (use --checkers-report=<filename> to see details),nofile|0|information|checkersReport|Active checkers: 113/592 (use --checkers-report=<filename> to see details),/home/yichen/Desktop/Deepseek_SDF_Results03/logs/F022_cppcheck.log
/home/yichen/Desktop/Deepseek_SDF03/F023.c,cppcheck,True,success,True,0,10,2,information,missingIncludeSystem,Include file: <stdio.h> not found. Please note: Cppcheck does not need standard library headers to get proper results.,/home/yichen/Desktop/Deepseek_SDF03/F023.c|2|information|missingIncludeSystem|Include file: <stdio.h> not found. Please note: Cppcheck does not need standard library headers to get proper results.,/home/yichen/Desktop/Deepseek_SDF_Results03/logs/F023_cppcheck.log
/home/yichen/Desktop/Deepseek_SDF03/F023.c,cppcheck,True,success,True,0,10,3,information,missingIncludeSystem,Include file: <stdlib.h> not found. Please note: Cppcheck does not need standard library headers to get proper results.,/home/yichen/Desktop/Deepseek_SDF03/F023.c|3|information|missingIncludeSystem|Include file: <stdlib.h> not found. Please note: Cppcheck does not need standard library headers to get proper results.,/home/yichen/Desktop/Deepseek_SDF_Results03/logs/F023_cppcheck.log
/home/yichen/Desktop/Deepseek_SDF03/F023.c,cppcheck,True,success,True,0,10,4,information,missingIncludeSystem,Include file: <string.h> not found. Please note: Cppcheck does not need standard library headers to get proper results.,/home/yichen/Desktop/Deepseek_SDF03/F023.c|4|information|missingIncludeSystem|Include file: <string.h> not found. Please note: Cppcheck does not need standard library headers to get proper results.,/home/yichen/Desktop/Deepseek_SDF_Results03/logs/F023_cppcheck.log
/home/yichen/Desktop/Deepseek_SDF03/F023.c,cppcheck,True,success,True,0,10,5,information,missingIncludeSystem,Include file: <ctype.h> not found. Please note: Cppcheck does not need standard library headers to get proper results.,/home/yichen/Desktop/Deepseek_SDF03/F023.c|5|information|missingIncludeSystem|Include file: <ctype.h> not found. Please note: Cppcheck does not need standard library headers to get proper results.,/home/yichen/Desktop/Deepseek_SDF_Results03/logs/F023_cppcheck.log
/home/yichen/Desktop/Deepseek_SDF03/F023.c,cppcheck,True,success,True,0,10,42,style,constParameterPointer,Parameter 'line' can be declared as pointer to const,/home/yichen/Desktop/Deepseek_SDF03/F023.c|42|style|constParameterPointer|Parameter 'line' can be declared as pointer to const,/home/yichen/Desktop/Deepseek_SDF_Results03/logs/F023_cppcheck.log
/home/yichen/Desktop/Deepseek_SDF03/F023.c,cppcheck,True,success,True,0,10,57,style,constParameterPointer,Parameter 'line' can be declared as pointer to const,/home/yichen/Desktop/Deepseek_SDF03/F023.c|57|style|constParameterPointer|Parameter 'line' can be declared as pointer to const,/home/yichen/Desktop/Deepseek_SDF_Results03/logs/F023_cppcheck.log
/home/yichen/Desktop/Deepseek_SDF03/F023.c,cppcheck,True,success,True,0,10,67,style,constParameterPointer,Parameter 'line' can be declared as pointer to const,/home/yichen/Desktop/Deepseek_SDF03/F023.c|67|style|constParameterPointer|Parameter 'line' can be declared as pointer to const,/home/yichen/Desktop/Deepseek_SDF_Results03/logs/F023_cppcheck.log
/home/yichen/Desktop/Deepseek_SDF03/F023.c,cppcheck,True,success,True,0,10,81,style,constParameterPointer,Parameter 'line' can be declared as pointer to const,/home/yichen/Desktop/Deepseek_SDF03/F023.c|81|style|constParameterPointer|Parameter 'line' can be declared as pointer to const,/home/yichen/Desktop/Deepseek_SDF_Results03/logs/F023_cppcheck.log
/home/yichen/Desktop/Deepseek_SDF03/F023.c,cppcheck,True,success,True,0,10,97,style,constParameterPointer,Parameter 'line' can be declared as pointer to const,/home/yichen/Desktop/Deepseek_SDF03/F023.c|97|style|constParameterPointer|Parameter 'line' can be declared as pointer to const,/home/yichen/Desktop/Deepseek_SDF_Results03/logs/F023_cppcheck.log
nofile,cppcheck,True,success,True,0,10,0,information,checkersReport,Active checkers: 113/592 (use --checkers-report=<filename> to see details),nofile|0|information|checkersReport|Active checkers: 113/592 (use --checkers-report=<filename> to see details),/home/yichen/Desktop/Deepseek_SDF_Results03/logs/F023_cppcheck.log
/home/yichen/Desktop/Deepseek_SDF03/F024.c,cppcheck,True,success,True,0,10,2,information,missingIncludeSystem,Include file: <stdio.h> not found. Please note: Cppcheck does not need standard library headers to get proper results.,/home/yichen/Desktop/Deepseek_SDF03/F024.c|2|information|missingIncludeSystem|Include file: <stdio.h> not found. Please note: Cppcheck does not need standard library headers to get proper results.,/home/yichen/Desktop/Deepseek_SDF_Results03/logs/F024_cppcheck.log
/home/yichen/Desktop/Deepseek_SDF03/F024.c,cppcheck,True,success,True,0,10,3,information,missingIncludeSystem,Include file: <stdlib.h> not found. Please note: Cppcheck does not need standard library headers to get proper results.,/home/yichen/Desktop/Deepseek_SDF03/F024.c|3|information|missingIncludeSystem|Include file: <stdlib.h> not found. Please note: Cppcheck does not need standard library headers to get proper results.,/home/yichen/Desktop/Deepseek_SDF_Results03/logs/F024_cppcheck.log
/home/yichen/Desktop/Deepseek_SDF03/F024.c,cppcheck,True,success,True,0,10,4,information,missingIncludeSystem,Include file: <string.h> not found. Please note: Cppcheck does not need standard library headers to get proper results.,/home/yichen/Desktop/Deepseek_SDF03/F024.c|4|information|missingIncludeSystem|Include file: <string.h> not found. Please note: Cppcheck does not need standard library headers to get proper results.,/home/yichen/Desktop/Deepseek_SDF_Results03/logs/F024_cppcheck.log
/home/yichen/Desktop/Deepseek_SDF03/F024.c,cppcheck,True,success,True,0,10,5,information,missingIncludeSystem,Include file: <ctype.h> not found. Please note: Cppcheck does not need standard library headers to get proper results.,/home/yichen/Desktop/Deepseek_SDF03/F024.c|5|information|missingIncludeSystem|Include file: <ctype.h> not found. Please note: Cppcheck does not need standard library headers to get proper results.,/home/yichen/Desktop/Deepseek_SDF_Results03/logs/F024_cppcheck.log
/home/yichen/Desktop/Deepseek_SDF03/F024.c,cppcheck,True,success,True,0,10,62,style,constParameterPointer,Parameter 'line' can be declared as pointer to const,/home/yichen/Desktop/Deepseek_SDF03/F024.c|62|style|constParameterPointer|Parameter 'line' can be declared as pointer to const,/home/yichen/Desktop/Deepseek_SDF_Results03/logs/F024_cppcheck.log
/home/yichen/Desktop/Deepseek_SDF03/F024.c,cppcheck,True,success,True,0,10,76,style,constParameterPointer,Parameter 'line' can be declared as pointer to const,/home/yichen/Desktop/Deepseek_SDF03/F024.c|76|style|constParameterPointer|Parameter 'line' can be declared as pointer to const,/home/yichen/Desktop/Deepseek_SDF_Results03/logs/F024_cppcheck.log
/home/yichen/Desktop/Deepseek_SDF03/F024.c,cppcheck,True,success,True,0,10,89,style,constParameterPointer,Parameter 'line' can be declared as pointer to const,/home/yichen/Desktop/Deepseek_SDF03/F024.c|89|style|constParameterPointer|Parameter 'line' can be declared as pointer to const,/home/yichen/Desktop/Deepseek_SDF_Results03/logs/F024_cppcheck.log
/home/yichen/Desktop/Deepseek_SDF03/F024.c,cppcheck,True,success,True,0,10,107,style,constParameterPointer,Parameter 'line' can be declared as pointer to const,/home/yichen/Desktop/Deepseek_SDF03/F024.c|107|style|constParameterPointer|Parameter 'line' can be declared as pointer to const,/home/yichen/Desktop/Deepseek_SDF_Results03/logs/F024_cppcheck.log
/home/yichen/Desktop/Deepseek_SDF03/F024.c,cppcheck,True,success,True,0,10,124,style,constParameterPointer,Parameter 'line' can be declared as pointer to const,/home/yichen/Desktop/Deepseek_SDF03/F024.c|124|style|constParameterPointer|Parameter 'line' can be declared as pointer to const,/home/yichen/Desktop/Deepseek_SDF_Results03/logs/F024_cppcheck.log
nofile,cppcheck,True,success,True,0,10,0,information,checkersReport,Active checkers: 113/592 (use --checkers-report=<filename> to see details),nofile|0|information|checkersReport|Active checkers: 113/592 (use --checkers-report=<filename> to see details),/home/yichen/Desktop/Deepseek_SDF_Results03/logs/F024_cppcheck.log
/home/yichen/Desktop/Deepseek_SDF03/F025.c,cppcheck,True,success,True,0,10,2,information,missingIncludeSystem,Include file: <stdio.h> not found. Please note: Cppcheck does not need standard library headers to get proper results.,/home/yichen/Desktop/Deepseek_SDF03/F025.c|2|information|missingIncludeSystem|Include file: <stdio.h> not found. Please note: Cppcheck does not need standard library headers to get proper results.,/home/yichen/Desktop/Deepseek_SDF_Results03/logs/F025_cppcheck.log
/home/yichen/Desktop/Deepseek_SDF03/F025.c,cppcheck,True,success,True,0,10,3,information,missingIncludeSystem,Include file: <stdlib.h> not found. Please note: Cppcheck does not need standard library headers to get proper results.,/home/yichen/Desktop/Deepseek_SDF03/F025.c|3|information|missingIncludeSystem|Include file: <stdlib.h> not found. Please note: Cppcheck does not need standard library headers to get proper results.,/home/yichen/Desktop/Deepseek_SDF_Results03/logs/F025_cppcheck.log
/home/yichen/Desktop/Deepseek_SDF03/F025.c,cppcheck,True,success,True,0,10,4,information,missingIncludeSystem,Include file: <string.h> not found. Please note: Cppcheck does not need standard library headers to get proper results.,/home/yichen/Desktop/Deepseek_SDF03/F025.c|4|information|missingIncludeSystem|Include file: <string.h> not found. Please note: Cppcheck does not need standard library headers to get proper results.,/home/yichen/Desktop/Deepseek_SDF_Results03/logs/F025_cppcheck.log
/home/yichen/Desktop/Deepseek_SDF03/F025.c,cppcheck,True,success,True,0,10,5,information,missingIncludeSystem,Include file: <ctype.h> not found. Please note: Cppcheck does not need standard library headers to get proper results.,/home/yichen/Desktop/Deepseek_SDF03/F025.c|5|information|missingIncludeSystem|Include file: <ctype.h> not found. Please note: Cppcheck does not need standard library headers to get proper results.,/home/yichen/Desktop/Deepseek_SDF_Results03/logs/F025_cppcheck.log
/home/yichen/Desktop/Deepseek_SDF03/F025.c,cppcheck,True,success,True,0,10,63,style,constParameterPointer,Parameter 'line' can be declared as pointer to const,/home/yichen/Desktop/Deepseek_SDF03/F025.c|63|style|constParameterPointer|Parameter 'line' can be declared as pointer to const,/home/yichen/Desktop/Deepseek_SDF_Results03/logs/F025_cppcheck.log
/home/yichen/Desktop/Deepseek_SDF03/F025.c,cppcheck,True,success,True,0,10,75,style,constParameterPointer,Parameter 'line' can be declared as pointer to const,/home/yichen/Desktop/Deepseek_SDF03/F025.c|75|style|constParameterPointer|Parameter 'line' can be declared as pointer to const,/home/yichen/Desktop/Deepseek_SDF_Results03/logs/F025_cppcheck.log
/home/yichen/Desktop/Deepseek_SDF03/F025.c,cppcheck,True,success,True,0,10,90,style,constParameterPointer,Parameter 'line' can be declared as pointer to const,/home/yichen/Desktop/Deepseek_SDF03/F025.c|90|style|constParameterPointer|Parameter 'line' can be declared as pointer to const,/home/yichen/Desktop/Deepseek_SDF_Results03/logs/F025_cppcheck.log
/home/yichen/Desktop/Deepseek_SDF03/F025.c,cppcheck,True,success,True,0,10,114,style,constParameterPointer,Parameter 'line' can be declared as pointer to const,/home/yichen/Desktop/Deepseek_SDF03/F025.c|114|style|constParameterPointer|Parameter 'line' can be declared as pointer to const,/home/yichen/Desktop/Deepseek_SDF_Results03/logs/F025_cppcheck.log
/home/yichen/Desktop/Deepseek_SDF03/F025.c,cppcheck,True,success,True,0,10,132,style,constParameterPointer,Parameter 'line' can be declared as pointer to const,/home/yichen/Desktop/Deepseek_SDF03/F025.c|132|style|constParameterPointer|Parameter 'line' can be declared as pointer to const,/home/yichen/Desktop/Deepseek_SDF_Results03/logs/F025_cppcheck.log
nofile,cppcheck,True,success,True,0,10,0,information,checkersReport,Active checkers: 113/592 (use --checkers-report=<filename> to see details),nofile|0|information|checkersReport|Active checkers: 113/592 (use --checkers-report=<filename> to see details),/home/yichen/Desktop/Deepseek_SDF_Results03/logs/F025_cppcheck.log
/home/yichen/Desktop/Deepseek_SDF03/F026.c,cppcheck,True,success,True,0,9,2,information,missingIncludeSystem,Include file: <stdio.h> not found. Please note: Cppcheck does not need standard library headers to get proper results.,/home/yichen/Desktop/Deepseek_SDF03/F026.c|2|information|missingIncludeSystem|Include file: <stdio.h> not found. Please note: Cppcheck does not need standard library headers to get proper results.,/home/yichen/Desktop/Deepseek_SDF_Results03/logs/F026_cppcheck.log
/home/yichen/Desktop/Deepseek_SDF03/F026.c,cppcheck,True,success,True,0,9,3,information,missingIncludeSystem,Include file: <stdlib.h> not found. Please note: Cppcheck does not need standard library headers to get proper results.,/home/yichen/Desktop/Deepseek_SDF03/F026.c|3|information|missingIncludeSystem|Include file: <stdlib.h> not found. Please note: Cppcheck does not need standard library headers to get proper results.,/home/yichen/Desktop/Deepseek_SDF_Results03/logs/F026_cppcheck.log
/home/yichen/Desktop/Deepseek_SDF03/F026.c,cppcheck,True,success,True,0,9,4,information,missingIncludeSystem,Include file: <string.h> not found. Please note: Cppcheck does not need standard library headers to get proper results.,/home/yichen/Desktop/Deepseek_SDF03/F026.c|4|information|missingIncludeSystem|Include file: <string.h> not found. Please note: Cppcheck does not need standard library headers to get proper results.,/home/yichen/Desktop/Deepseek_SDF_Results03/logs/F026_cppcheck.log
/home/yichen/Desktop/Deepseek_SDF03/F026.c,cppcheck,True,success,True,0,9,5,information,missingIncludeSystem,Include file: <ctype.h> not found. Please note: Cppcheck does not need standard library headers to get proper results.,/home/yichen/Desktop/Deepseek_SDF03/F026.c|5|information|missingIncludeSystem|Include file: <ctype.h> not found. Please note: Cppcheck does not need standard library headers to get proper results.,/home/yichen/Desktop/Deepseek_SDF_Results03/logs/F026_cppcheck.log
/home/yichen/Desktop/Deepseek_SDF03/F026.c,cppcheck,True,success,True,0,9,29,style,constParameterPointer,Parameter 'line' can be declared as pointer to const,/home/yichen/Desktop/Deepseek_SDF03/F026.c|29|style|constParameterPointer|Parameter 'line' can be declared as pointer to const,/home/yichen/Desktop/Deepseek_SDF_Results03/logs/F026_cppcheck.log
/home/yichen/Desktop/Deepseek_SDF03/F026.c,cppcheck,True,success,True,0,9,41,style,constParameterPointer,Parameter 'line' can be declared as pointer to const,/home/yichen/Desktop/Deepseek_SDF03/F026.c|41|style|constParameterPointer|Parameter 'line' can be declared as pointer to const,/home/yichen/Desktop/Deepseek_SDF_Results03/logs/F026_cppcheck.log
/home/yichen/Desktop/Deepseek_SDF03/F026.c,cppcheck,True,success,True,0,9,58,style,constParameterPointer,Parameter 'line' can be declared as pointer to const,/home/yichen/Desktop/Deepseek_SDF03/F026.c|58|style|constParameterPointer|Parameter 'line' can be declared as pointer to const,/home/yichen/Desktop/Deepseek_SDF_Results03/logs/F026_cppcheck.log
/home/yichen/Desktop/Deepseek_SDF03/F026.c,cppcheck,True,success,True,0,9,75,style,constParameterPointer,Parameter 'line' can be declared as pointer to const,/home/yichen/Desktop/Deepseek_SDF03/F026.c|75|style|constParameterPointer|Parameter 'line' can be declared as pointer to const,/home/yichen/Desktop/Deepseek_SDF_Results03/logs/F026_cppcheck.log
nofile,cppcheck,True,success,True,0,9,0,information,checkersReport,Active checkers: 113/592 (use --checkers-report=<filename> to see details),nofile|0|information|checkersReport|Active checkers: 113/592 (use --checkers-report=<filename> to see details),/home/yichen/Desktop/Deepseek_SDF_Results03/logs/F026_cppcheck.log
/home/yichen/Desktop/Deepseek_SDF03/F027.c,cppcheck,True,success,True,0,9,2,information,missingIncludeSystem,Include file: <stdio.h> not found. Please note: Cppcheck does not need standard library headers to get proper results.,/home/yichen/Desktop/Deepseek_SDF03/F027.c|2|information|missingIncludeSystem|Include file: <stdio.h> not found. Please note: Cppcheck does not need standard library headers to get proper results.,/home/yichen/Desktop/Deepseek_SDF_Results03/logs/F027_cppcheck.log
/home/yichen/Desktop/Deepseek_SDF03/F027.c,cppcheck,True,success,True,0,9,3,information,missingIncludeSystem,Include file: <stdlib.h> not found. Please note: Cppcheck does not need standard library headers to get proper results.,/home/yichen/Desktop/Deepseek_SDF03/F027.c|3|information|missingIncludeSystem|Include file: <stdlib.h> not found. Please note: Cppcheck does not need standard library headers to get proper results.,/home/yichen/Desktop/Deepseek_SDF_Results03/logs/F027_cppcheck.log
/home/yichen/Desktop/Deepseek_SDF03/F027.c,cppcheck,True,success,True,0,9,4,information,missingIncludeSystem,Include file: <string.h> not found. Please note: Cppcheck does not need standard library headers to get proper results.,/home/yichen/Desktop/Deepseek_SDF03/F027.c|4|information|missingIncludeSystem|Include file: <string.h> not found. Please note: Cppcheck does not need standard library headers to get proper results.,/home/yichen/Desktop/Deepseek_SDF_Results03/logs/F027_cppcheck.log
/home/yichen/Desktop/Deepseek_SDF03/F027.c,cppcheck,True,success,True,0,9,5,information,missingIncludeSystem,Include file: <ctype.h> not found. Please note: Cppcheck does not need standard library headers to get proper results.,/home/yichen/Desktop/Deepseek_SDF03/F027.c|5|information|missingIncludeSystem|Include file: <ctype.h> not found. Please note: Cppcheck does not need standard library headers to get proper results.,/home/yichen/Desktop/Deepseek_SDF_Results03/logs/F027_cppcheck.log
/home/yichen/Desktop/Deepseek_SDF03/F027.c,cppcheck,True,success,True,0,9,40,style,constParameterPointer,Parameter 'line' can be declared as pointer to const,/home/yichen/Desktop/Deepseek_SDF03/F027.c|40|style|constParameterPointer|Parameter 'line' can be declared as pointer to const,/home/yichen/Desktop/Deepseek_SDF_Results03/logs/F027_cppcheck.log
/home/yichen/Desktop/Deepseek_SDF03/F027.c,cppcheck,True,success,True,0,9,55,style,constParameterPointer,Parameter 'line' can be declared as pointer to const,/home/yichen/Desktop/Deepseek_SDF03/F027.c|55|style|constParameterPointer|Parameter 'line' can be declared as pointer to const,/home/yichen/Desktop/Deepseek_SDF_Results03/logs/F027_cppcheck.log
/home/yichen/Desktop/Deepseek_SDF03/F027.c,cppcheck,True,success,True,0,9,64,style,constParameterPointer,Parameter 'line' can be declared as pointer to const,/home/yichen/Desktop/Deepseek_SDF03/F027.c|64|style|constParameterPointer|Parameter 'line' can be declared as pointer to const,/home/yichen/Desktop/Deepseek_SDF_Results03/logs/F027_cppcheck.log
/home/yichen/Desktop/Deepseek_SDF03/F027.c,cppcheck,True,success,True,0,9,86,style,constParameterPointer,Parameter 'line' can be declared as pointer to const,/home/yichen/Desktop/Deepseek_SDF03/F027.c|86|style|constParameterPointer|Parameter 'line' can be declared as pointer to const,/home/yichen/Desktop/Deepseek_SDF_Results03/logs/F027_cppcheck.log
nofile,cppcheck,True,success,True,0,9,0,information,checkersReport,Active checkers: 113/592 (use --checkers-report=<filename> to see details),nofile|0|information|checkersReport|Active checkers: 113/592 (use --checkers-report=<filename> to see details),/home/yichen/Desktop/Deepseek_SDF_Results03/logs/F027_cppcheck.log
/home/yichen/Desktop/Deepseek_SDF03/F028.c,cppcheck,True,success,True,0,10,2,information,missingIncludeSystem,Include file: <stdio.h> not found. Please note: Cppcheck does not need standard library headers to get proper results.,/home/yichen/Desktop/Deepseek_SDF03/F028.c|2|information|missingIncludeSystem|Include file: <stdio.h> not found. Please note: Cppcheck does not need standard library headers to get proper results.,/home/yichen/Desktop/Deepseek_SDF_Results03/logs/F028_cppcheck.log
/home/yichen/Desktop/Deepseek_SDF03/F028.c,cppcheck,True,success,True,0,10,3,information,missingIncludeSystem,Include file: <stdlib.h> not found. Please note: Cppcheck does not need standard library headers to get proper results.,/home/yichen/Desktop/Deepseek_SDF03/F028.c|3|information|missingIncludeSystem|Include file: <stdlib.h> not found. Please note: Cppcheck does not need standard library headers to get proper results.,/home/yichen/Desktop/Deepseek_SDF_Results03/logs/F028_cppcheck.log
/home/yichen/Desktop/Deepseek_SDF03/F028.c,cppcheck,True,success,True,0,10,4,information,missingIncludeSystem,Include file: <string.h> not found. Please note: Cppcheck does not need standard library headers to get proper results.,/home/yichen/Desktop/Deepseek_SDF03/F028.c|4|information|missingIncludeSystem|Include file: <string.h> not found. Please note: Cppcheck does not need standard library headers to get proper results.,/home/yichen/Desktop/Deepseek_SDF_Results03/logs/F028_cppcheck.log
/home/yichen/Desktop/Deepseek_SDF03/F028.c,cppcheck,True,success,True,0,10,5,information,missingIncludeSystem,Include file: <ctype.h> not found. Please note: Cppcheck does not need standard library headers to get proper results.,/home/yichen/Desktop/Deepseek_SDF03/F028.c|5|information|missingIncludeSystem|Include file: <ctype.h> not found. Please note: Cppcheck does not need standard library headers to get proper results.,/home/yichen/Desktop/Deepseek_SDF_Results03/logs/F028_cppcheck.log
/home/yichen/Desktop/Deepseek_SDF03/F028.c,cppcheck,True,success,True,0,10,38,style,constParameterPointer,Parameter 'line' can be declared as pointer to const,/home/yichen/Desktop/Deepseek_SDF03/F028.c|38|style|constParameterPointer|Parameter 'line' can be declared as pointer to const,/home/yichen/Desktop/Deepseek_SDF_Results03/logs/F028_cppcheck.log
/home/yichen/Desktop/Deepseek_SDF03/F028.c,cppcheck,True,success,True,0,10,57,style,constParameterPointer,Parameter 'line' can be declared as pointer to const,/home/yichen/Desktop/Deepseek_SDF03/F028.c|57|style|constParameterPointer|Parameter 'line' can be declared as pointer to const,/home/yichen/Desktop/Deepseek_SDF_Results03/logs/F028_cppcheck.log
/home/yichen/Desktop/Deepseek_SDF03/F028.c,cppcheck,True,success,True,0,10,78,style,constParameterPointer,Parameter 'line' can be declared as pointer to const,/home/yichen/Desktop/Deepseek_SDF03/F028.c|78|style|constParameterPointer|Parameter 'line' can be declared as pointer to const,/home/yichen/Desktop/Deepseek_SDF_Results03/logs/F028_cppcheck.log
/home/yichen/Desktop/Deepseek_SDF03/F028.c,cppcheck,True,success,True,0,10,100,style,constParameterPointer,Parameter 'line' can be declared as pointer to const,/home/yichen/Desktop/Deepseek_SDF03/F028.c|100|style|constParameterPointer|Parameter 'line' can be declared as pointer to const,/home/yichen/Desktop/Deepseek_SDF_Results03/logs/F028_cppcheck.log
/home/yichen/Desktop/Deepseek_SDF03/F028.c,cppcheck,True,success,True,0,10,117,style,constParameterPointer,Parameter 'line' can be declared as pointer to const,/home/yichen/Desktop/Deepseek_SDF03/F028.c|117|style|constParameterPointer|Parameter 'line' can be declared as pointer to const,/home/yichen/Desktop/Deepseek_SDF_Results03/logs/F028_cppcheck.log
nofile,cppcheck,True,success,True,0,10,0,information,checkersReport,Active checkers: 113/592 (use --checkers-report=<filename> to see details),nofile|0|information|checkersReport|Active checkers: 113/592 (use --checkers-report=<filename> to see details),/home/yichen/Desktop/Deepseek_SDF_Results03/logs/F028_cppcheck.log
/home/yichen/Desktop/Deepseek_SDF03/F029.c,cppcheck,True,success,True,0,8,2,information,missingIncludeSystem,Include file: <stdio.h> not found. Please note: Cppcheck does not need standard library headers to get proper results.,/home/yichen/Desktop/Deepseek_SDF03/F029.c|2|information|missingIncludeSystem|Include file: <stdio.h> not found. Please note: Cppcheck does not need standard library headers to get proper results.,/home/yichen/Desktop/Deepseek_SDF_Results03/logs/F029_cppcheck.log
/home/yichen/Desktop/Deepseek_SDF03/F029.c,cppcheck,True,success,True,0,8,3,information,missingIncludeSystem,Include file: <stdlib.h> not found. Please note: Cppcheck does not need standard library headers to get proper results.,/home/yichen/Desktop/Deepseek_SDF03/F029.c|3|information|missingIncludeSystem|Include file: <stdlib.h> not found. Please note: Cppcheck does not need standard library headers to get proper results.,/home/yichen/Desktop/Deepseek_SDF_Results03/logs/F029_cppcheck.log
/home/yichen/Desktop/Deepseek_SDF03/F029.c,cppcheck,True,success,True,0,8,4,information,missingIncludeSystem,Include file: <string.h> not found. Please note: Cppcheck does not need standard library headers to get proper results.,/home/yichen/Desktop/Deepseek_SDF03/F029.c|4|information|missingIncludeSystem|Include file: <string.h> not found. Please note: Cppcheck does not need standard library headers to get proper results.,/home/yichen/Desktop/Deepseek_SDF_Results03/logs/F029_cppcheck.log
/home/yichen/Desktop/Deepseek_SDF03/F029.c,cppcheck,True,success,True,0,8,5,information,missingIncludeSystem,Include file: <ctype.h> not found. Please note: Cppcheck does not need standard library headers to get proper results.,/home/yichen/Desktop/Deepseek_SDF03/F029.c|5|information|missingIncludeSystem|Include file: <ctype.h> not found. Please note: Cppcheck does not need standard library headers to get proper results.,/home/yichen/Desktop/Deepseek_SDF_Results03/logs/F029_cppcheck.log
/home/yichen/Desktop/Deepseek_SDF03/F029.c,cppcheck,True,success,True,0,8,47,style,constParameterPointer,Parameter 'line' can be declared as pointer to const,/home/yichen/Desktop/Deepseek_SDF03/F029.c|47|style|constParameterPointer|Parameter 'line' can be declared as pointer to const,/home/yichen/Desktop/Deepseek_SDF_Results03/logs/F029_cppcheck.log
/home/yichen/Desktop/Deepseek_SDF03/F029.c,cppcheck,True,success,True,0,8,89,style,constParameterPointer,Parameter 'line' can be declared as pointer to const,/home/yichen/Desktop/Deepseek_SDF03/F029.c|89|style|constParameterPointer|Parameter 'line' can be declared as pointer to const,/home/yichen/Desktop/Deepseek_SDF_Results03/logs/F029_cppcheck.log
/home/yichen/Desktop/Deepseek_SDF03/F029.c,cppcheck,True,success,True,0,8,106,style,constParameterPointer,Parameter 'line' can be declared as pointer to const,/home/yichen/Desktop/Deepseek_SDF03/F029.c|106|style|constParameterPointer|Parameter 'line' can be declared as pointer to const,/home/yichen/Desktop/Deepseek_SDF_Results03/logs/F029_cppcheck.log
nofile,cppcheck,True,success,True,0,8,0,information,checkersReport,Active checkers: 113/592 (use --checkers-report=<filename> to see details),nofile|0|information|checkersReport|Active checkers: 113/592 (use --checkers-report=<filename> to see details),/home/yichen/Desktop/Deepseek_SDF_Results03/logs/F029_cppcheck.log
/home/yichen/Desktop/Deepseek_SDF03/F030.c,cppcheck,True,success,True,0,10,2,information,missingIncludeSystem,Include file: <stdio.h> not found. Please note: Cppcheck does not need standard library headers to get proper results.,/home/yichen/Desktop/Deepseek_SDF03/F030.c|2|information|missingIncludeSystem|Include file: <stdio.h> not found. Please note: Cppcheck does not need standard library headers to get proper results.,/home/yichen/Desktop/Deepseek_SDF_Results03/logs/F030_cppcheck.log
/home/yichen/Desktop/Deepseek_SDF03/F030.c,cppcheck,True,success,True,0,10,3,information,missingIncludeSystem,Include file: <stdlib.h> not found. Please note: Cppcheck does not need standard library headers to get proper results.,/home/yichen/Desktop/Deepseek_SDF03/F030.c|3|information|missingIncludeSystem|Include file: <stdlib.h> not found. Please note: Cppcheck does not need standard library headers to get proper results.,/home/yichen/Desktop/Deepseek_SDF_Results03/logs/F030_cppcheck.log
/home/yichen/Desktop/Deepseek_SDF03/F030.c,cppcheck,True,success,True,0,10,4,information,missingIncludeSystem,Include file: <string.h> not found. Please note: Cppcheck does not need standard library headers to get proper results.,/home/yichen/Desktop/Deepseek_SDF03/F030.c|4|information|missingIncludeSystem|Include file: <string.h> not found. Please note: Cppcheck does not need standard library headers to get proper results.,/home/yichen/Desktop/Deepseek_SDF_Results03/logs/F030_cppcheck.log
/home/yichen/Desktop/Deepseek_SDF03/F030.c,cppcheck,True,success,True,0,10,5,information,missingIncludeSystem,Include file: <ctype.h> not found. Please note: Cppcheck does not need standard library headers to get proper results.,/home/yichen/Desktop/Deepseek_SDF03/F030.c|5|information|missingIncludeSystem|Include file: <ctype.h> not found. Please note: Cppcheck does not need standard library headers to get proper results.,/home/yichen/Desktop/Deepseek_SDF_Results03/logs/F030_cppcheck.log
/home/yichen/Desktop/Deepseek_SDF03/F030.c,cppcheck,True,success,True,0,10,38,style,constParameterPointer,Parameter 'line' can be declared as pointer to const,/home/yichen/Desktop/Deepseek_SDF03/F030.c|38|style|constParameterPointer|Parameter 'line' can be declared as pointer to const,/home/yichen/Desktop/Deepseek_SDF_Results03/logs/F030_cppcheck.log
/home/yichen/Desktop/Deepseek_SDF03/F030.c,cppcheck,True,success,True,0,10,51,style,constParameterPointer,Parameter 'line' can be declared as pointer to const,/home/yichen/Desktop/Deepseek_SDF03/F030.c|51|style|constParameterPointer|Parameter 'line' can be declared as pointer to const,/home/yichen/Desktop/Deepseek_SDF_Results03/logs/F030_cppcheck.log
/home/yichen/Desktop/Deepseek_SDF03/F030.c,cppcheck,True,success,True,0,10,57,style,constVariablePointer,Variable 'pos' can be declared as pointer to const,/home/yichen/Desktop/Deepseek_SDF03/F030.c|57|style|constVariablePointer|Variable 'pos' can be declared as pointer to const,/home/yichen/Desktop/Deepseek_SDF_Results03/logs/F030_cppcheck.log
/home/yichen/Desktop/Deepseek_SDF03/F030.c,cppcheck,True,success,True,0,10,75,style,constParameterPointer,Parameter 'line' can be declared as pointer to const,/home/yichen/Desktop/Deepseek_SDF03/F030.c|75|style|constParameterPointer|Parameter 'line' can be declared as pointer to const,/home/yichen/Desktop/Deepseek_SDF_Results03/logs/F030_cppcheck.log
/home/yichen/Desktop/Deepseek_SDF03/F030.c,cppcheck,True,success,True,0,10,92,style,constParameterPointer,Parameter 'line' can be declared as pointer to const,/home/yichen/Desktop/Deepseek_SDF03/F030.c|92|style|constParameterPointer|Parameter 'line' can be declared as pointer to const,/home/yichen/Desktop/Deepseek_SDF_Results03/logs/F030_cppcheck.log
nofile,cppcheck,True,success,True,0,10,0,information,checkersReport,Active checkers: 113/592 (use --checkers-report=<filename> to see details),nofile|0|information|checkersReport|Active checkers: 113/592 (use --checkers-report=<filename> to see details),/home/yichen/Desktop/Deepseek_SDF_Results03/logs/F030_cppcheck.log
/home/yichen/Desktop/Deepseek_SDF03/F031.c,cppcheck,True,success,True,0,9,2,information,missingIncludeSystem,Include file: <stdio.h> not found. Please note: Cppcheck does not need standard library headers to get proper results.,/home/yichen/Desktop/Deepseek_SDF03/F031.c|2|information|missingIncludeSystem|Include file: <stdio.h> not found. Please note: Cppcheck does not need standard library headers to get proper results.,/home/yichen/Desktop/Deepseek_SDF_Results03/logs/F031_cppcheck.log
/home/yichen/Desktop/Deepseek_SDF03/F031.c,cppcheck,True,success,True,0,9,3,information,missingIncludeSystem,Include file: <stdlib.h> not found. Please note: Cppcheck does not need standard library headers to get proper results.,/home/yichen/Desktop/Deepseek_SDF03/F031.c|3|information|missingIncludeSystem|Include file: <stdlib.h> not found. Please note: Cppcheck does not need standard library headers to get proper results.,/home/yichen/Desktop/Deepseek_SDF_Results03/logs/F031_cppcheck.log
/home/yichen/Desktop/Deepseek_SDF03/F031.c,cppcheck,True,success,True,0,9,4,information,missingIncludeSystem,Include file: <string.h> not found. Please note: Cppcheck does not need standard library headers to get proper results.,/home/yichen/Desktop/Deepseek_SDF03/F031.c|4|information|missingIncludeSystem|Include file: <string.h> not found. Please note: Cppcheck does not need standard library headers to get proper results.,/home/yichen/Desktop/Deepseek_SDF_Results03/logs/F031_cppcheck.log
/home/yichen/Desktop/Deepseek_SDF03/F031.c,cppcheck,True,success,True,0,9,5,information,missingIncludeSystem,Include file: <ctype.h> not found. Please note: Cppcheck does not need standard library headers to get proper results.,/home/yichen/Desktop/Deepseek_SDF03/F031.c|5|information|missingIncludeSystem|Include file: <ctype.h> not found. Please note: Cppcheck does not need standard library headers to get proper results.,/home/yichen/Desktop/Deepseek_SDF_Results03/logs/F031_cppcheck.log
/home/yichen/Desktop/Deepseek_SDF03/F031.c,cppcheck,True,success,True,0,9,67,style,constParameterPointer,Parameter 'line' can be declared as pointer to const,/home/yichen/Desktop/Deepseek_SDF03/F031.c|67|style|constParameterPointer|Parameter 'line' can be declared as pointer to const,/home/yichen/Desktop/Deepseek_SDF_Results03/logs/F031_cppcheck.log
/home/yichen/Desktop/Deepseek_SDF03/F031.c,cppcheck,True,success,True,0,9,83,style,constParameterPointer,Parameter 'line' can be declared as pointer to const,/home/yichen/Desktop/Deepseek_SDF03/F031.c|83|style|constParameterPointer|Parameter 'line' can be declared as pointer to const,/home/yichen/Desktop/Deepseek_SDF_Results03/logs/F031_cppcheck.log
/home/yichen/Desktop/Deepseek_SDF03/F031.c,cppcheck,True,success,True,0,9,86,style,constVariablePointer,Variable 'r' can be declared as pointer to const,/home/yichen/Desktop/Deepseek_SDF03/F031.c|86|style|constVariablePointer|Variable 'r' can be declared as pointer to const,/home/yichen/Desktop/Deepseek_SDF_Results03/logs/F031_cppcheck.log
/home/yichen/Desktop/Deepseek_SDF03/F031.c,cppcheck,True,success,True,0,9,57,style,unreadVariable,Variable 'valid' is assigned a value that is never used.,/home/yichen/Desktop/Deepseek_SDF03/F031.c|57|style|unreadVariable|Variable 'valid' is assigned a value that is never used.,/home/yichen/Desktop/Deepseek_SDF_Results03/logs/F031_cppcheck.log
nofile,cppcheck,True,success,True,0,9,0,information,checkersReport,Active checkers: 113/592 (use --checkers-report=<filename> to see details),nofile|0|information|checkersReport|Active checkers: 113/592 (use --checkers-report=<filename> to see details),/home/yichen/Desktop/Deepseek_SDF_Results03/logs/F031_cppcheck.log
/home/yichen/Desktop/Deepseek_SDF03/F032.c,cppcheck,True,success,True,0,9,2,information,missingIncludeSystem,Include file: <stdio.h> not found. Please note: Cppcheck does not need standard library headers to get proper results.,/home/yichen/Desktop/Deepseek_SDF03/F032.c|2|information|missingIncludeSystem|Include file: <stdio.h> not found. Please note: Cppcheck does not need standard library headers to get proper results.,/home/yichen/Desktop/Deepseek_SDF_Results03/logs/F032_cppcheck.log
/home/yichen/Desktop/Deepseek_SDF03/F032.c,cppcheck,True,success,True,0,9,3,information,missingIncludeSystem,Include file: <stdlib.h> not found. Please note: Cppcheck does not need standard library headers to get proper results.,/home/yichen/Desktop/Deepseek_SDF03/F032.c|3|information|missingIncludeSystem|Include file: <stdlib.h> not found. Please note: Cppcheck does not need standard library headers to get proper results.,/home/yichen/Desktop/Deepseek_SDF_Results03/logs/F032_cppcheck.log
/home/yichen/Desktop/Deepseek_SDF03/F032.c,cppcheck,True,success,True,0,9,4,information,missingIncludeSystem,Include file: <string.h> not found. Please note: Cppcheck does not need standard library headers to get proper results.,/home/yichen/Desktop/Deepseek_SDF03/F032.c|4|information|missingIncludeSystem|Include file: <string.h> not found. Please note: Cppcheck does not need standard library headers to get proper results.,/home/yichen/Desktop/Deepseek_SDF_Results03/logs/F032_cppcheck.log
/home/yichen/Desktop/Deepseek_SDF03/F032.c,cppcheck,True,success,True,0,9,5,information,missingIncludeSystem,Include file: <ctype.h> not found. Please note: Cppcheck does not need standard library headers to get proper results.,/home/yichen/Desktop/Deepseek_SDF03/F032.c|5|information|missingIncludeSystem|Include file: <ctype.h> not found. Please note: Cppcheck does not need standard library headers to get proper results.,/home/yichen/Desktop/Deepseek_SDF_Results03/logs/F032_cppcheck.log
/home/yichen/Desktop/Deepseek_SDF03/F032.c,cppcheck,True,success,True,0,9,39,style,constParameterPointer,Parameter 'line' can be declared as pointer to const,/home/yichen/Desktop/Deepseek_SDF03/F032.c|39|style|constParameterPointer|Parameter 'line' can be declared as pointer to const,/home/yichen/Desktop/Deepseek_SDF_Results03/logs/F032_cppcheck.log
/home/yichen/Desktop/Deepseek_SDF03/F032.c,cppcheck,True,success,True,0,9,63,style,constParameterPointer,Parameter 'line' can be declared as pointer to const,/home/yichen/Desktop/Deepseek_SDF03/F032.c|63|style|constParameterPointer|Parameter 'line' can be declared as pointer to const,/home/yichen/Desktop/Deepseek_SDF_Results03/logs/F032_cppcheck.log
/home/yichen/Desktop/Deepseek_SDF03/F032.c,cppcheck,True,success,True,0,9,111,style,constParameterPointer,Parameter 'line' can be declared as pointer to const,/home/yichen/Desktop/Deepseek_SDF03/F032.c|111|style|constParameterPointer|Parameter 'line' can be declared as pointer to const,/home/yichen/Desktop/Deepseek_SDF_Results03/logs/F032_cppcheck.log
/home/yichen/Desktop/Deepseek_SDF03/F032.c,cppcheck,True,success,True,0,9,114,style,constVariablePointer,Variable 's' can be declared as pointer to const,/home/yichen/Desktop/Deepseek_SDF03/F032.c|114|style|constVariablePointer|Variable 's' can be declared as pointer to const,/home/yichen/Desktop/Deepseek_SDF_Results03/logs/F032_cppcheck.log
nofile,cppcheck,True,success,True,0,9,0,information,checkersReport,Active checkers: 113/592 (use --checkers-report=<filename> to see details),nofile|0|information|checkersReport|Active checkers: 113/592 (use --checkers-report=<filename> to see details),/home/yichen/Desktop/Deepseek_SDF_Results03/logs/F032_cppcheck.log
/home/yichen/Desktop/Deepseek_SDF03/F033.c,cppcheck,True,success,True,0,10,2,information,missingIncludeSystem,Include file: <stdio.h> not found. Please note: Cppcheck does not need standard library headers to get proper results.,/home/yichen/Desktop/Deepseek_SDF03/F033.c|2|information|missingIncludeSystem|Include file: <stdio.h> not found. Please note: Cppcheck does not need standard library headers to get proper results.,/home/yichen/Desktop/Deepseek_SDF_Results03/logs/F033_cppcheck.log
/home/yichen/Desktop/Deepseek_SDF03/F033.c,cppcheck,True,success,True,0,10,3,information,missingIncludeSystem,Include file: <stdlib.h> not found. Please note: Cppcheck does not need standard library headers to get proper results.,/home/yichen/Desktop/Deepseek_SDF03/F033.c|3|information|missingIncludeSystem|Include file: <stdlib.h> not found. Please note: Cppcheck does not need standard library headers to get proper results.,/home/yichen/Desktop/Deepseek_SDF_Results03/logs/F033_cppcheck.log
/home/yichen/Desktop/Deepseek_SDF03/F033.c,cppcheck,True,success,True,0,10,4,information,missingIncludeSystem,Include file: <string.h> not found. Please note: Cppcheck does not need standard library headers to get proper results.,/home/yichen/Desktop/Deepseek_SDF03/F033.c|4|information|missingIncludeSystem|Include file: <string.h> not found. Please note: Cppcheck does not need standard library headers to get proper results.,/home/yichen/Desktop/Deepseek_SDF_Results03/logs/F033_cppcheck.log
/home/yichen/Desktop/Deepseek_SDF03/F033.c,cppcheck,True,success,True,0,10,5,information,missingIncludeSystem,Include file: <ctype.h> not found. Please note: Cppcheck does not need standard library headers to get proper results.,/home/yichen/Desktop/Deepseek_SDF03/F033.c|5|information|missingIncludeSystem|Include file: <ctype.h> not found. Please note: Cppcheck does not need standard library headers to get proper results.,/home/yichen/Desktop/Deepseek_SDF_Results03/logs/F033_cppcheck.log
/home/yichen/Desktop/Deepseek_SDF03/F033.c,cppcheck,True,success,True,0,10,42,style,constParameterPointer,Parameter 'line' can be declared as pointer to const,/home/yichen/Desktop/Deepseek_SDF03/F033.c|42|style|constParameterPointer|Parameter 'line' can be declared as pointer to const,/home/yichen/Desktop/Deepseek_SDF_Results03/logs/F033_cppcheck.log
/home/yichen/Desktop/Deepseek_SDF03/F033.c,cppcheck,True,success,True,0,10,57,style,constParameterPointer,Parameter 'line' can be declared as pointer to const,/home/yichen/Desktop/Deepseek_SDF03/F033.c|57|style|constParameterPointer|Parameter 'line' can be declared as pointer to const,/home/yichen/Desktop/Deepseek_SDF_Results03/logs/F033_cppcheck.log
/home/yichen/Desktop/Deepseek_SDF03/F033.c,cppcheck,True,success,True,0,10,68,style,constParameterPointer,Parameter 'line' can be declared as pointer to const,/home/yichen/Desktop/Deepseek_SDF03/F033.c|68|style|constParameterPointer|Parameter 'line' can be declared as pointer to const,/home/yichen/Desktop/Deepseek_SDF_Results03/logs/F033_cppcheck.log
/home/yichen/Desktop/Deepseek_SDF03/F033.c,cppcheck,True,success,True,0,10,84,style,constParameterPointer,Parameter 'line' can be declared as pointer to const,/home/yichen/Desktop/Deepseek_SDF03/F033.c|84|style|constParameterPointer|Parameter 'line' can be declared as pointer to const,/home/yichen/Desktop/Deepseek_SDF_Results03/logs/F033_cppcheck.log
/home/yichen/Desktop/Deepseek_SDF03/F033.c,cppcheck,True,success,True,0,10,87,style,constVariablePointer,Variable 'e' can be declared as pointer to const,/home/yichen/Desktop/Deepseek_SDF03/F033.c|87|style|constVariablePointer|Variable 'e' can be declared as pointer to const,/home/yichen/Desktop/Deepseek_SDF_Results03/logs/F033_cppcheck.log
nofile,cppcheck,True,success,True,0,10,0,information,checkersReport,Active checkers: 113/592 (use --checkers-report=<filename> to see details),nofile|0|information|checkersReport|Active checkers: 113/592 (use --checkers-report=<filename> to see details),/home/yichen/Desktop/Deepseek_SDF_Results03/logs/F033_cppcheck.log
/home/yichen/Desktop/Deepseek_SDF03/F034.c,cppcheck,True,success,True,0,8,2,information,missingIncludeSystem,Include file: <stdio.h> not found. Please note: Cppcheck does not need standard library headers to get proper results.,/home/yichen/Desktop/Deepseek_SDF03/F034.c|2|information|missingIncludeSystem|Include file: <stdio.h> not found. Please note: Cppcheck does not need standard library headers to get proper results.,/home/yichen/Desktop/Deepseek_SDF_Results03/logs/F034_cppcheck.log
/home/yichen/Desktop/Deepseek_SDF03/F034.c,cppcheck,True,success,True,0,8,3,information,missingIncludeSystem,Include file: <stdlib.h> not found. Please note: Cppcheck does not need standard library headers to get proper results.,/home/yichen/Desktop/Deepseek_SDF03/F034.c|3|information|missingIncludeSystem|Include file: <stdlib.h> not found. Please note: Cppcheck does not need standard library headers to get proper results.,/home/yichen/Desktop/Deepseek_SDF_Results03/logs/F034_cppcheck.log
/home/yichen/Desktop/Deepseek_SDF03/F034.c,cppcheck,True,success,True,0,8,4,information,missingIncludeSystem,Include file: <string.h> not found. Please note: Cppcheck does not need standard library headers to get proper results.,/home/yichen/Desktop/Deepseek_SDF03/F034.c|4|information|missingIncludeSystem|Include file: <string.h> not found. Please note: Cppcheck does not need standard library headers to get proper results.,/home/yichen/Desktop/Deepseek_SDF_Results03/logs/F034_cppcheck.log
/home/yichen/Desktop/Deepseek_SDF03/F034.c,cppcheck,True,success,True,0,8,5,information,missingIncludeSystem,Include file: <ctype.h> not found. Please note: Cppcheck does not need standard library headers to get proper results.,/home/yichen/Desktop/Deepseek_SDF03/F034.c|5|information|missingIncludeSystem|Include file: <ctype.h> not found. Please note: Cppcheck does not need standard library headers to get proper results.,/home/yichen/Desktop/Deepseek_SDF_Results03/logs/F034_cppcheck.log
/home/yichen/Desktop/Deepseek_SDF03/F034.c,cppcheck,True,success,True,0,8,76,style,constParameterPointer,Parameter 'line' can be declared as pointer to const,/home/yichen/Desktop/Deepseek_SDF03/F034.c|76|style|constParameterPointer|Parameter 'line' can be declared as pointer to const,/home/yichen/Desktop/Deepseek_SDF_Results03/logs/F034_cppcheck.log
/home/yichen/Desktop/Deepseek_SDF03/F034.c,cppcheck,True,success,True,0,8,89,style,constParameterPointer,Parameter 'line' can be declared as pointer to const,/home/yichen/Desktop/Deepseek_SDF03/F034.c|89|style|constParameterPointer|Parameter 'line' can be declared as pointer to const,/home/yichen/Desktop/Deepseek_SDF_Results03/logs/F034_cppcheck.log
/home/yichen/Desktop/Deepseek_SDF03/F034.c,cppcheck,True,success,True,0,8,115,style,constVariablePointer,Variable 'filename' can be declared as pointer to const,/home/yichen/Desktop/Deepseek_SDF03/F034.c|115|style|constVariablePointer|Variable 'filename' can be declared as pointer to const,/home/yichen/Desktop/Deepseek_SDF_Results03/logs/F034_cppcheck.log
nofile,cppcheck,True,success,True,0,8,0,information,checkersReport,Active checkers: 113/592 (use --checkers-report=<filename> to see details),nofile|0|information|checkersReport|Active checkers: 113/592 (use --checkers-report=<filename> to see details),/home/yichen/Desktop/Deepseek_SDF_Results03/logs/F034_cppcheck.log
/home/yichen/Desktop/Deepseek_SDF03/F035.c,cppcheck,True,success,True,0,10,2,information,missingIncludeSystem,Include file: <stdio.h> not found. Please note: Cppcheck does not need standard library headers to get proper results.,/home/yichen/Desktop/Deepseek_SDF03/F035.c|2|information|missingIncludeSystem|Include file: <stdio.h> not found. Please note: Cppcheck does not need standard library headers to get proper results.,/home/yichen/Desktop/Deepseek_SDF_Results03/logs/F035_cppcheck.log
/home/yichen/Desktop/Deepseek_SDF03/F035.c,cppcheck,True,success,True,0,10,3,information,missingIncludeSystem,Include file: <stdlib.h> not found. Please note: Cppcheck does not need standard library headers to get proper results.,/home/yichen/Desktop/Deepseek_SDF03/F035.c|3|information|missingIncludeSystem|Include file: <stdlib.h> not found. Please note: Cppcheck does not need standard library headers to get proper results.,/home/yichen/Desktop/Deepseek_SDF_Results03/logs/F035_cppcheck.log
/home/yichen/Desktop/Deepseek_SDF03/F035.c,cppcheck,True,success,True,0,10,4,information,missingIncludeSystem,Include file: <string.h> not found. Please note: Cppcheck does not need standard library headers to get proper results.,/home/yichen/Desktop/Deepseek_SDF03/F035.c|4|information|missingIncludeSystem|Include file: <string.h> not found. Please note: Cppcheck does not need standard library headers to get proper results.,/home/yichen/Desktop/Deepseek_SDF_Results03/logs/F035_cppcheck.log
/home/yichen/Desktop/Deepseek_SDF03/F035.c,cppcheck,True,success,True,0,10,5,information,missingIncludeSystem,Include file: <ctype.h> not found. Please note: Cppcheck does not need standard library headers to get proper results.,/home/yichen/Desktop/Deepseek_SDF03/F035.c|5|information|missingIncludeSystem|Include file: <ctype.h> not found. Please note: Cppcheck does not need standard library headers to get proper results.,/home/yichen/Desktop/Deepseek_SDF_Results03/logs/F035_cppcheck.log
/home/yichen/Desktop/Deepseek_SDF03/F035.c,cppcheck,True,success,True,0,10,38,style,constParameterPointer,Parameter 'line' can be declared as pointer to const,/home/yichen/Desktop/Deepseek_SDF03/F035.c|38|style|constParameterPointer|Parameter 'line' can be declared as pointer to const,/home/yichen/Desktop/Deepseek_SDF_Results03/logs/F035_cppcheck.log
/home/yichen/Desktop/Deepseek_SDF03/F035.c,cppcheck,True,success,True,0,10,51,style,constParameterPointer,Parameter 'line' can be declared as pointer to const,/home/yichen/Desktop/Deepseek_SDF03/F035.c|51|style|constParameterPointer|Parameter 'line' can be declared as pointer to const,/home/yichen/Desktop/Deepseek_SDF_Results03/logs/F035_cppcheck.log
/home/yichen/Desktop/Deepseek_SDF03/F035.c,cppcheck,True,success,True,0,10,54,style,constVariablePointer,Variable 'orig' can be declared as pointer to const,/home/yichen/Desktop/Deepseek_SDF03/F035.c|54|style|constVariablePointer|Variable 'orig' can be declared as pointer to const,/home/yichen/Desktop/Deepseek_SDF_Results03/logs/F035_cppcheck.log
/home/yichen/Desktop/Deepseek_SDF03/F035.c,cppcheck,True,success,True,0,10,65,style,constParameterPointer,Parameter 'line' can be declared as pointer to const,/home/yichen/Desktop/Deepseek_SDF03/F035.c|65|style|constParameterPointer|Parameter 'line' can be declared as pointer to const,/home/yichen/Desktop/Deepseek_SDF_Results03/logs/F035_cppcheck.log
/home/yichen/Desktop/Deepseek_SDF03/F035.c,cppcheck,True,success,True,0,10,81,style,constParameterPointer,Parameter 'line' can be declared as pointer to const,/home/yichen/Desktop/Deepseek_SDF03/F035.c|81|style|constParameterPointer|Parameter 'line' can be declared as pointer to const,/home/yichen/Desktop/Deepseek_SDF_Results03/logs/F035_cppcheck.log
nofile,cppcheck,True,success,True,0,10,0,information,checkersReport,Active checkers: 113/592 (use --checkers-report=<filename> to see details),nofile|0|information|checkersReport|Active checkers: 113/592 (use --checkers-report=<filename> to see details),/home/yichen/Desktop/Deepseek_SDF_Results03/logs/F035_cppcheck.log
/home/yichen/Desktop/Deepseek_SDF03/F036.c,cppcheck,True,success,True,0,9,2,information,missingIncludeSystem,Include file: <stdio.h> not found. Please note: Cppcheck does not need standard library headers to get proper results.,/home/yichen/Desktop/Deepseek_SDF03/F036.c|2|information|missingIncludeSystem|Include file: <stdio.h> not found. Please note: Cppcheck does not need standard library headers to get proper results.,/home/yichen/Desktop/Deepseek_SDF_Results03/logs/F036_cppcheck.log
/home/yichen/Desktop/Deepseek_SDF03/F036.c,cppcheck,True,success,True,0,9,3,information,missingIncludeSystem,Include file: <stdlib.h> not found. Please note: Cppcheck does not need standard library headers to get proper results.,/home/yichen/Desktop/Deepseek_SDF03/F036.c|3|information|missingIncludeSystem|Include file: <stdlib.h> not found. Please note: Cppcheck does not need standard library headers to get proper results.,/home/yichen/Desktop/Deepseek_SDF_Results03/logs/F036_cppcheck.log
/home/yichen/Desktop/Deepseek_SDF03/F036.c,cppcheck,True,success,True,0,9,4,information,missingIncludeSystem,Include file: <string.h> not found. Please note: Cppcheck does not need standard library headers to get proper results.,/home/yichen/Desktop/Deepseek_SDF03/F036.c|4|information|missingIncludeSystem|Include file: <string.h> not found. Please note: Cppcheck does not need standard library headers to get proper results.,/home/yichen/Desktop/Deepseek_SDF_Results03/logs/F036_cppcheck.log
/home/yichen/Desktop/Deepseek_SDF03/F036.c,cppcheck,True,success,True,0,9,5,information,missingIncludeSystem,Include file: <ctype.h> not found. Please note: Cppcheck does not need standard library headers to get proper results.,/home/yichen/Desktop/Deepseek_SDF03/F036.c|5|information|missingIncludeSystem|Include file: <ctype.h> not found. Please note: Cppcheck does not need standard library headers to get proper results.,/home/yichen/Desktop/Deepseek_SDF_Results03/logs/F036_cppcheck.log
/home/yichen/Desktop/Deepseek_SDF03/F036.c,cppcheck,True,success,True,0,9,38,style,constParameterPointer,Parameter 'line' can be declared as pointer to const,/home/yichen/Desktop/Deepseek_SDF03/F036.c|38|style|constParameterPointer|Parameter 'line' can be declared as pointer to const,/home/yichen/Desktop/Deepseek_SDF_Results03/logs/F036_cppcheck.log
/home/yichen/Desktop/Deepseek_SDF03/F036.c,cppcheck,True,success,True,0,9,45,style,constVariablePointer,Variable 'data_start' can be declared as pointer to const,/home/yichen/Desktop/Deepseek_SDF03/F036.c|45|style|constVariablePointer|Variable 'data_start' can be declared as pointer to const,/home/yichen/Desktop/Deepseek_SDF_Results03/logs/F036_cppcheck.log
/home/yichen/Desktop/Deepseek_SDF03/F036.c,cppcheck,True,success,True,0,9,59,style,constParameterPointer,Parameter 'line' can be declared as pointer to const,/home/yichen/Desktop/Deepseek_SDF03/F036.c|59|style|constParameterPointer|Parameter 'line' can be declared as pointer to const,/home/yichen/Desktop/Deepseek_SDF_Results03/logs/F036_cppcheck.log
/home/yichen/Desktop/Deepseek_SDF03/F036.c,cppcheck,True,success,True,0,9,75,style,constParameterPointer,Parameter 'line' can be declared as pointer to const,/home/yichen/Desktop/Deepseek_SDF03/F036.c|75|style|constParameterPointer|Parameter 'line' can be declared as pointer to const,/home/yichen/Desktop/Deepseek_SDF_Results03/logs/F036_cppcheck.log
nofile,cppcheck,True,success,True,0,9,0,information,checkersReport,Active checkers: 113/592 (use --checkers-report=<filename> to see details),nofile|0|information|checkersReport|Active checkers: 113/592 (use --checkers-report=<filename> to see details),/home/yichen/Desktop/Deepseek_SDF_Results03/logs/F036_cppcheck.log
/home/yichen/Desktop/Deepseek_SDF03/F037.c,cppcheck,True,success,True,0,10,2,information,missingIncludeSystem,Include file: <stdio.h> not found. Please note: Cppcheck does not need standard library headers to get proper results.,/home/yichen/Desktop/Deepseek_SDF03/F037.c|2|information|missingIncludeSystem|Include file: <stdio.h> not found. Please note: Cppcheck does not need standard library headers to get proper results.,/home/yichen/Desktop/Deepseek_SDF_Results03/logs/F037_cppcheck.log
/home/yichen/Desktop/Deepseek_SDF03/F037.c,cppcheck,True,success,True,0,10,3,information,missingIncludeSystem,Include file: <stdlib.h> not found. Please note: Cppcheck does not need standard library headers to get proper results.,/home/yichen/Desktop/Deepseek_SDF03/F037.c|3|information|missingIncludeSystem|Include file: <stdlib.h> not found. Please note: Cppcheck does not need standard library headers to get proper results.,/home/yichen/Desktop/Deepseek_SDF_Results03/logs/F037_cppcheck.log
/home/yichen/Desktop/Deepseek_SDF03/F037.c,cppcheck,True,success,True,0,10,4,information,missingIncludeSystem,Include file: <string.h> not found. Please note: Cppcheck does not need standard library headers to get proper results.,/home/yichen/Desktop/Deepseek_SDF03/F037.c|4|information|missingIncludeSystem|Include file: <string.h> not found. Please note: Cppcheck does not need standard library headers to get proper results.,/home/yichen/Desktop/Deepseek_SDF_Results03/logs/F037_cppcheck.log
/home/yichen/Desktop/Deepseek_SDF03/F037.c,cppcheck,True,success,True,0,10,5,information,missingIncludeSystem,Include file: <ctype.h> not found. Please note: Cppcheck does not need standard library headers to get proper results.,/home/yichen/Desktop/Deepseek_SDF03/F037.c|5|information|missingIncludeSystem|Include file: <ctype.h> not found. Please note: Cppcheck does not need standard library headers to get proper results.,/home/yichen/Desktop/Deepseek_SDF_Results03/logs/F037_cppcheck.log
/home/yichen/Desktop/Deepseek_SDF03/F037.c,cppcheck,True,success,True,0,10,60,style,constParameterPointer,Parameter 'line' can be declared as pointer to const,/home/yichen/Desktop/Deepseek_SDF03/F037.c|60|style|constParameterPointer|Parameter 'line' can be declared as pointer to const,/home/yichen/Desktop/Deepseek_SDF_Results03/logs/F037_cppcheck.log
/home/yichen/Desktop/Deepseek_SDF03/F037.c,cppcheck,True,success,True,0,10,76,style,constParameterPointer,Parameter 'line' can be declared as pointer to const,/home/yichen/Desktop/Deepseek_SDF03/F037.c|76|style|constParameterPointer|Parameter 'line' can be declared as pointer to const,/home/yichen/Desktop/Deepseek_SDF_Results03/logs/F037_cppcheck.log
/home/yichen/Desktop/Deepseek_SDF03/F037.c,cppcheck,True,success,True,0,10,89,style,constParameterPointer,Parameter 'line' can be declared as pointer to const,/home/yichen/Desktop/Deepseek_SDF03/F037.c|89|style|constParameterPointer|Parameter 'line' can be declared as pointer to const,/home/yichen/Desktop/Deepseek_SDF_Results03/logs/F037_cppcheck.log
/home/yichen/Desktop/Deepseek_SDF03/F037.c,cppcheck,True,success,True,0,10,93,style,constVariablePointer,Variable 'b' can be declared as pointer to const,/home/yichen/Desktop/Deepseek_SDF03/F037.c|93|style|constVariablePointer|Variable 'b' can be declared as pointer to const,/home/yichen/Desktop/Deepseek_SDF_Results03/logs/F037_cppcheck.log
/home/yichen/Desktop/Deepseek_SDF03/F037.c,cppcheck,True,success,True,0,10,104,style,constParameterPointer,Parameter 'line' can be declared as pointer to const,/home/yichen/Desktop/Deepseek_SDF03/F037.c|104|style|constParameterPointer|Parameter 'line' can be declared as pointer to const,/home/yichen/Desktop/Deepseek_SDF_Results03/logs/F037_cppcheck.log
nofile,cppcheck,True,success,True,0,10,0,information,checkersReport,Active checkers: 113/592 (use --checkers-report=<filename> to see details),nofile|0|information|checkersReport|Active checkers: 113/592 (use --checkers-report=<filename> to see details),/home/yichen/Desktop/Deepseek_SDF_Results03/logs/F037_cppcheck.log
/home/yichen/Desktop/Deepseek_SDF03/F038.c,cppcheck,True,success,True,0,9,2,information,missingIncludeSystem,Include file: <stdio.h> not found. Please note: Cppcheck does not need standard library headers to get proper results.,/home/yichen/Desktop/Deepseek_SDF03/F038.c|2|information|missingIncludeSystem|Include file: <stdio.h> not found. Please note: Cppcheck does not need standard library headers to get proper results.,/home/yichen/Desktop/Deepseek_SDF_Results03/logs/F038_cppcheck.log
/home/yichen/Desktop/Deepseek_SDF03/F038.c,cppcheck,True,success,True,0,9,3,information,missingIncludeSystem,Include file: <stdlib.h> not found. Please note: Cppcheck does not need standard library headers to get proper results.,/home/yichen/Desktop/Deepseek_SDF03/F038.c|3|information|missingIncludeSystem|Include file: <stdlib.h> not found. Please note: Cppcheck does not need standard library headers to get proper results.,/home/yichen/Desktop/Deepseek_SDF_Results03/logs/F038_cppcheck.log
/home/yichen/Desktop/Deepseek_SDF03/F038.c,cppcheck,True,success,True,0,9,4,information,missingIncludeSystem,Include file: <string.h> not found. Please note: Cppcheck does not need standard library headers to get proper results.,/home/yichen/Desktop/Deepseek_SDF03/F038.c|4|information|missingIncludeSystem|Include file: <string.h> not found. Please note: Cppcheck does not need standard library headers to get proper results.,/home/yichen/Desktop/Deepseek_SDF_Results03/logs/F038_cppcheck.log
/home/yichen/Desktop/Deepseek_SDF03/F038.c,cppcheck,True,success,True,0,9,5,information,missingIncludeSystem,Include file: <ctype.h> not found. Please note: Cppcheck does not need standard library headers to get proper results.,/home/yichen/Desktop/Deepseek_SDF03/F038.c|5|information|missingIncludeSystem|Include file: <ctype.h> not found. Please note: Cppcheck does not need standard library headers to get proper results.,/home/yichen/Desktop/Deepseek_SDF_Results03/logs/F038_cppcheck.log
/home/yichen/Desktop/Deepseek_SDF03/F038.c,cppcheck,True,success,True,0,9,61,style,constParameterPointer,Parameter 'line' can be declared as pointer to const,/home/yichen/Desktop/Deepseek_SDF03/F038.c|61|style|constParameterPointer|Parameter 'line' can be declared as pointer to const,/home/yichen/Desktop/Deepseek_SDF_Results03/logs/F038_cppcheck.log
/home/yichen/Desktop/Deepseek_SDF03/F038.c,cppcheck,True,success,True,0,9,74,style,constParameterPointer,Parameter 'line' can be declared as pointer to const,/home/yichen/Desktop/Deepseek_SDF03/F038.c|74|style|constParameterPointer|Parameter 'line' can be declared as pointer to const,/home/yichen/Desktop/Deepseek_SDF_Results03/logs/F038_cppcheck.log
/home/yichen/Desktop/Deepseek_SDF03/F038.c,cppcheck,True,success,True,0,9,77,style,constVariablePointer,Variable 'e' can be declared as pointer to const,/home/yichen/Desktop/Deepseek_SDF03/F038.c|77|style|constVariablePointer|Variable 'e' can be declared as pointer to const,/home/yichen/Desktop/Deepseek_SDF_Results03/logs/F038_cppcheck.log
/home/yichen/Desktop/Deepseek_SDF03/F038.c,cppcheck,True,success,True,0,9,88,style,constParameterPointer,Parameter 'line' can be declared as pointer to const,/home/yichen/Desktop/Deepseek_SDF03/F038.c|88|style|constParameterPointer|Parameter 'line' can be declared as pointer to const,/home/yichen/Desktop/Deepseek_SDF_Results03/logs/F038_cppcheck.log
nofile,cppcheck,True,success,True,0,9,0,information,checkersReport,Active checkers: 113/592 (use --checkers-report=<filename> to see details),nofile|0|information|checkersReport|Active checkers: 113/592 (use --checkers-report=<filename> to see details),/home/yichen/Desktop/Deepseek_SDF_Results03/logs/F038_cppcheck.log
/home/yichen/Desktop/Deepseek_SDF03/F039.c,cppcheck,True,success,True,0,10,2,information,missingIncludeSystem,Include file: <stdio.h> not found. Please note: Cppcheck does not need standard library headers to get proper results.,/home/yichen/Desktop/Deepseek_SDF03/F039.c|2|information|missingIncludeSystem|Include file: <stdio.h> not found. Please note: Cppcheck does not need standard library headers to get proper results.,/home/yichen/Desktop/Deepseek_SDF_Results03/logs/F039_cppcheck.log
/home/yichen/Desktop/Deepseek_SDF03/F039.c,cppcheck,True,success,True,0,10,3,information,missingIncludeSystem,Include file: <stdlib.h> not found. Please note: Cppcheck does not need standard library headers to get proper results.,/home/yichen/Desktop/Deepseek_SDF03/F039.c|3|information|missingIncludeSystem|Include file: <stdlib.h> not found. Please note: Cppcheck does not need standard library headers to get proper results.,/home/yichen/Desktop/Deepseek_SDF_Results03/logs/F039_cppcheck.log
/home/yichen/Desktop/Deepseek_SDF03/F039.c,cppcheck,True,success,True,0,10,4,information,missingIncludeSystem,Include file: <string.h> not found. Please note: Cppcheck does not need standard library headers to get proper results.,/home/yichen/Desktop/Deepseek_SDF03/F039.c|4|information|missingIncludeSystem|Include file: <string.h> not found. Please note: Cppcheck does not need standard library headers to get proper results.,/home/yichen/Desktop/Deepseek_SDF_Results03/logs/F039_cppcheck.log
/home/yichen/Desktop/Deepseek_SDF03/F039.c,cppcheck,True,success,True,0,10,5,information,missingIncludeSystem,Include file: <ctype.h> not found. Please note: Cppcheck does not need standard library headers to get proper results.,/home/yichen/Desktop/Deepseek_SDF03/F039.c|5|information|missingIncludeSystem|Include file: <ctype.h> not found. Please note: Cppcheck does not need standard library headers to get proper results.,/home/yichen/Desktop/Deepseek_SDF_Results03/logs/F039_cppcheck.log
/home/yichen/Desktop/Deepseek_SDF03/F039.c,cppcheck,True,success,True,0,10,54,style,constParameterPointer,Parameter 'line' can be declared as pointer to const,/home/yichen/Desktop/Deepseek_SDF03/F039.c|54|style|constParameterPointer|Parameter 'line' can be declared as pointer to const,/home/yichen/Desktop/Deepseek_SDF_Results03/logs/F039_cppcheck.log
/home/yichen/Desktop/Deepseek_SDF03/F039.c,cppcheck,True,success,True,0,10,71,style,constParameterPointer,Parameter 'line' can be declared as pointer to const,/home/yichen/Desktop/Deepseek_SDF03/F039.c|71|style|constParameterPointer|Parameter 'line' can be declared as pointer to const,/home/yichen/Desktop/Deepseek_SDF_Results03/logs/F039_cppcheck.log
/home/yichen/Desktop/Deepseek_SDF03/F039.c,cppcheck,True,success,True,0,10,88,style,constParameterPointer,Parameter 'line' can be declared as pointer to const,/home/yichen/Desktop/Deepseek_SDF03/F039.c|88|style|constParameterPointer|Parameter 'line' can be declared as pointer to const,/home/yichen/Desktop/Deepseek_SDF_Results03/logs/F039_cppcheck.log
/home/yichen/Desktop/Deepseek_SDF03/F039.c,cppcheck,True,success,True,0,10,92,style,constVariablePointer,Variable 't' can be declared as pointer to const,/home/yichen/Desktop/Deepseek_SDF03/F039.c|92|style|constVariablePointer|Variable 't' can be declared as pointer to const,/home/yichen/Desktop/Deepseek_SDF_Results03/logs/F039_cppcheck.log
/home/yichen/Desktop/Deepseek_SDF03/F039.c,cppcheck,True,success,True,0,10,103,style,constParameterPointer,Parameter 'line' can be declared as pointer to const,/home/yichen/Desktop/Deepseek_SDF03/F039.c|103|style|constParameterPointer|Parameter 'line' can be declared as pointer to const,/home/yichen/Desktop/Deepseek_SDF_Results03/logs/F039_cppcheck.log
nofile,cppcheck,True,success,True,0,10,0,information,checkersReport,Active checkers: 113/592 (use --checkers-report=<filename> to see details),nofile|0|information|checkersReport|Active checkers: 113/592 (use --checkers-report=<filename> to see details),/home/yichen/Desktop/Deepseek_SDF_Results03/logs/F039_cppcheck.log
/home/yichen/Desktop/Deepseek_SDF03/F040.c,cppcheck,True,success,True,0,11,2,information,missingIncludeSystem,Include file: <stdio.h> not found. Please note: Cppcheck does not need standard library headers to get proper results.,/home/yichen/Desktop/Deepseek_SDF03/F040.c|2|information|missingIncludeSystem|Include file: <stdio.h> not found. Please note: Cppcheck does not need standard library headers to get proper results.,/home/yichen/Desktop/Deepseek_SDF_Results03/logs/F040_cppcheck.log
/home/yichen/Desktop/Deepseek_SDF03/F040.c,cppcheck,True,success,True,0,11,3,information,missingIncludeSystem,Include file: <stdlib.h> not found. Please note: Cppcheck does not need standard library headers to get proper results.,/home/yichen/Desktop/Deepseek_SDF03/F040.c|3|information|missingIncludeSystem|Include file: <stdlib.h> not found. Please note: Cppcheck does not need standard library headers to get proper results.,/home/yichen/Desktop/Deepseek_SDF_Results03/logs/F040_cppcheck.log
/home/yichen/Desktop/Deepseek_SDF03/F040.c,cppcheck,True,success,True,0,11,4,information,missingIncludeSystem,Include file: <string.h> not found. Please note: Cppcheck does not need standard library headers to get proper results.,/home/yichen/Desktop/Deepseek_SDF03/F040.c|4|information|missingIncludeSystem|Include file: <string.h> not found. Please note: Cppcheck does not need standard library headers to get proper results.,/home/yichen/Desktop/Deepseek_SDF_Results03/logs/F040_cppcheck.log
/home/yichen/Desktop/Deepseek_SDF03/F040.c,cppcheck,True,success,True,0,11,5,information,missingIncludeSystem,Include file: <ctype.h> not found. Please note: Cppcheck does not need standard library headers to get proper results.,/home/yichen/Desktop/Deepseek_SDF03/F040.c|5|information|missingIncludeSystem|Include file: <ctype.h> not found. Please note: Cppcheck does not need standard library headers to get proper results.,/home/yichen/Desktop/Deepseek_SDF_Results03/logs/F040_cppcheck.log
/home/yichen/Desktop/Deepseek_SDF03/F040.c,cppcheck,True,success,True,0,11,42,style,constParameterPointer,Parameter 'line' can be declared as pointer to const,/home/yichen/Desktop/Deepseek_SDF03/F040.c|42|style|constParameterPointer|Parameter 'line' can be declared as pointer to const,/home/yichen/Desktop/Deepseek_SDF_Results03/logs/F040_cppcheck.log
/home/yichen/Desktop/Deepseek_SDF03/F040.c,cppcheck,True,success,True,0,11,62,style,constParameterPointer,Parameter 'line' can be declared as pointer to const,/home/yichen/Desktop/Deepseek_SDF03/F040.c|62|style|constParameterPointer|Parameter 'line' can be declared as pointer to const,/home/yichen/Desktop/Deepseek_SDF_Results03/logs/F040_cppcheck.log
/home/yichen/Desktop/Deepseek_SDF03/F040.c,cppcheck,True,success,True,0,11,78,style,constParameterPointer,Parameter 'line' can be declared as pointer to const,/home/yichen/Desktop/Deepseek_SDF03/F040.c|78|style|constParameterPointer|Parameter 'line' can be declared as pointer to const,/home/yichen/Desktop/Deepseek_SDF_Results03/logs/F040_cppcheck.log
/home/yichen/Desktop/Deepseek_SDF03/F040.c,cppcheck,True,success,True,0,11,81,style,constVariablePointer,Variable 'p' can be declared as pointer to const,/home/yichen/Desktop/Deepseek_SDF03/F040.c|81|style|constVariablePointer|Variable 'p' can be declared as pointer to const,/home/yichen/Desktop/Deepseek_SDF_Results03/logs/F040_cppcheck.log
/home/yichen/Desktop/Deepseek_SDF03/F040.c,cppcheck,True,success,True,0,11,86,style,constParameterPointer,Parameter 'line' can be declared as pointer to const,/home/yichen/Desktop/Deepseek_SDF03/F040.c|86|style|constParameterPointer|Parameter 'line' can be declared as pointer to const,/home/yichen/Desktop/Deepseek_SDF_Results03/logs/F040_cppcheck.log
/home/yichen/Desktop/Deepseek_SDF03/F040.c,cppcheck,True,success,True,0,11,89,style,constVariablePointer,Variable 'p' can be declared as pointer to const,/home/yichen/Desktop/Deepseek_SDF03/F040.c|89|style|constVariablePointer|Variable 'p' can be declared as pointer to const,/home/yichen/Desktop/Deepseek_SDF_Results03/logs/F040_cppcheck.log
nofile,cppcheck,True,success,True,0,11,0,information,checkersReport,Active checkers: 113/592 (use --checkers-report=<filename> to see details),nofile|0|information|checkersReport|Active checkers: 113/592 (use --checkers-report=<filename> to see details),/home/yichen/Desktop/Deepseek_SDF_Results03/logs/F040_cppcheck.log
