file,tool,attempted,status,success,returncode,finding_count,line,severity,check_id,message,evidence,log_path
/home/yichen/Desktop/Gemini_Security_Prompt06/F001.c,cppcheck,True,success,True,0,10,2,information,missingIncludeSystem,Include file: <stdio.h> not found. Please note: Cppcheck does not need standard library headers to get proper results.,/home/yichen/Desktop/Gemini_Security_Prompt06/F001.c|2|information|missingIncludeSystem|Include file: <stdio.h> not found. Please note: Cppcheck does not need standard library headers to get proper results.,/home/yichen/Desktop/Gemini_Security_Results06/logs/F001_cppcheck.log
/home/yichen/Desktop/Gemini_Security_Prompt06/F001.c,cppcheck,True,success,True,0,10,3,information,missingIncludeSystem,Include file: <stdlib.h> not found. Please note: Cppcheck does not need standard library headers to get proper results.,/home/yichen/Desktop/Gemini_Security_Prompt06/F001.c|3|information|missingIncludeSystem|Include file: <stdlib.h> not found. Please note: Cppcheck does not need standard library headers to get proper results.,/home/yichen/Desktop/Gemini_Security_Results06/logs/F001_cppcheck.log
/home/yichen/Desktop/Gemini_Security_Prompt06/F001.c,cppcheck,True,success,True,0,10,4,information,missingIncludeSystem,Include file: <string.h> not found. Please note: Cppcheck does not need standard library headers to get proper results.,/home/yichen/Desktop/Gemini_Security_Prompt06/F001.c|4|information|missingIncludeSystem|Include file: <string.h> not found. Please note: Cppcheck does not need standard library headers to get proper results.,/home/yichen/Desktop/Gemini_Security_Results06/logs/F001_cppcheck.log
/home/yichen/Desktop/Gemini_Security_Prompt06/F001.c,cppcheck,True,success,True,0,10,74,error,memleakOnRealloc,Common realloc mistake: 'list' nulled but not freed upon failure,/home/yichen/Desktop/Gemini_Security_Prompt06/F001.c|74|error|memleakOnRealloc|Common realloc mistake: 'list' nulled but not freed upon failure,/home/yichen/Desktop/Gemini_Security_Results06/logs/F001_cppcheck.log
/home/yichen/Desktop/Gemini_Security_Prompt06/F001.c,cppcheck,True,success,True,0,10,108,error,memleakOnRealloc,Common realloc mistake: 'list' nulled but not freed upon failure,/home/yichen/Desktop/Gemini_Security_Prompt06/F001.c|108|error|memleakOnRealloc|Common realloc mistake: 'list' nulled but not freed upon failure,/home/yichen/Desktop/Gemini_Security_Results06/logs/F001_cppcheck.log
/home/yichen/Desktop/Gemini_Security_Prompt06/F001.c,cppcheck,True,success,True,0,10,64,style,constVariablePointer,Variable 'id' can be declared as pointer to const,/home/yichen/Desktop/Gemini_Security_Prompt06/F001.c|64|style|constVariablePointer|Variable 'id' can be declared as pointer to const,/home/yichen/Desktop/Gemini_Security_Results06/logs/F001_cppcheck.log
/home/yichen/Desktop/Gemini_Security_Prompt06/F001.c,cppcheck,True,success,True,0,10,65,style,constVariablePointer,Variable 'text' can be declared as pointer to const,/home/yichen/Desktop/Gemini_Security_Prompt06/F001.c|65|style|constVariablePointer|Variable 'text' can be declared as pointer to const,/home/yichen/Desktop/Gemini_Security_Results06/logs/F001_cppcheck.log
/home/yichen/Desktop/Gemini_Security_Prompt06/F001.c,cppcheck,True,success,True,0,10,89,style,constVariablePointer,Variable 'id' can be declared as pointer to const,/home/yichen/Desktop/Gemini_Security_Prompt06/F001.c|89|style|constVariablePointer|Variable 'id' can be declared as pointer to const,/home/yichen/Desktop/Gemini_Security_Results06/logs/F001_cppcheck.log
/home/yichen/Desktop/Gemini_Security_Prompt06/F001.c,cppcheck,True,success,True,0,10,112,style,constVariablePointer,Variable 'id' can be declared as pointer to const,/home/yichen/Desktop/Gemini_Security_Prompt06/F001.c|112|style|constVariablePointer|Variable 'id' can be declared as pointer to const,/home/yichen/Desktop/Gemini_Security_Results06/logs/F001_cppcheck.log
nofile,cppcheck,True,success,True,0,10,0,information,checkersReport,Active checkers: 113/592 (use --checkers-report=<filename> to see details),nofile|0|information|checkersReport|Active checkers: 113/592 (use --checkers-report=<filename> to see details),/home/yichen/Desktop/Gemini_Security_Results06/logs/F001_cppcheck.log
/home/yichen/Desktop/Gemini_Security_Prompt06/F002.c,cppcheck,True,success,True,0,15,2,information,missingIncludeSystem,Include file: <stdio.h> not found. Please note: Cppcheck does not need standard library headers to get proper results.,/home/yichen/Desktop/Gemini_Security_Prompt06/F002.c|2|information|missingIncludeSystem|Include file: <stdio.h> not found. Please note: Cppcheck does not need standard library headers to get proper results.,/home/yichen/Desktop/Gemini_Security_Results06/logs/F002_cppcheck.log
/home/yichen/Desktop/Gemini_Security_Prompt06/F002.c,cppcheck,True,success,True,0,15,3,information,missingIncludeSystem,Include file: <stdlib.h> not found. Please note: Cppcheck does not need standard library headers to get proper results.,/home/yichen/Desktop/Gemini_Security_Prompt06/F002.c|3|information|missingIncludeSystem|Include file: <stdlib.h> not found. Please note: Cppcheck does not need standard library headers to get proper results.,/home/yichen/Desktop/Gemini_Security_Results06/logs/F002_cppcheck.log
/home/yichen/Desktop/Gemini_Security_Prompt06/F002.c,cppcheck,True,success,True,0,15,4,information,missingIncludeSystem,Include file: <string.h> not found. Please note: Cppcheck does not need standard library headers to get proper results.,/home/yichen/Desktop/Gemini_Security_Prompt06/F002.c|4|information|missingIncludeSystem|Include file: <string.h> not found. Please note: Cppcheck does not need standard library headers to get proper results.,/home/yichen/Desktop/Gemini_Security_Results06/logs/F002_cppcheck.log
/home/yichen/Desktop/Gemini_Security_Prompt06/F002.c,cppcheck,True,success,True,0,15,66,error,memleakOnRealloc,Common realloc mistake: 'list' nulled but not freed upon failure,/home/yichen/Desktop/Gemini_Security_Prompt06/F002.c|66|error|memleakOnRealloc|Common realloc mistake: 'list' nulled but not freed upon failure,/home/yichen/Desktop/Gemini_Security_Results06/logs/F002_cppcheck.log
/home/yichen/Desktop/Gemini_Security_Prompt06/F002.c,cppcheck,True,success,True,0,15,99,error,memleakOnRealloc,Common realloc mistake: 'list' nulled but not freed upon failure,/home/yichen/Desktop/Gemini_Security_Prompt06/F002.c|99|error|memleakOnRealloc|Common realloc mistake: 'list' nulled but not freed upon failure,/home/yichen/Desktop/Gemini_Security_Results06/logs/F002_cppcheck.log
/home/yichen/Desktop/Gemini_Security_Prompt06/F002.c,cppcheck,True,success,True,0,15,125,error,memleakOnRealloc,Common realloc mistake: 'list' nulled but not freed upon failure,/home/yichen/Desktop/Gemini_Security_Prompt06/F002.c|125|error|memleakOnRealloc|Common realloc mistake: 'list' nulled but not freed upon failure,/home/yichen/Desktop/Gemini_Security_Results06/logs/F002_cppcheck.log
/home/yichen/Desktop/Gemini_Security_Prompt06/F002.c,cppcheck,True,success,True,0,15,75,style,variableScope,The scope of the variable 'tag1' can be reduced.,/home/yichen/Desktop/Gemini_Security_Prompt06/F002.c|75|style|variableScope|The scope of the variable 'tag1' can be reduced.,/home/yichen/Desktop/Gemini_Security_Results06/logs/F002_cppcheck.log
/home/yichen/Desktop/Gemini_Security_Prompt06/F002.c,cppcheck,True,success,True,0,15,64,style,constVariablePointer,Variable 'tag' can be declared as pointer to const,/home/yichen/Desktop/Gemini_Security_Prompt06/F002.c|64|style|constVariablePointer|Variable 'tag' can be declared as pointer to const,/home/yichen/Desktop/Gemini_Security_Results06/logs/F002_cppcheck.log
/home/yichen/Desktop/Gemini_Security_Prompt06/F002.c,cppcheck,True,success,True,0,15,65,style,constVariablePointer,Variable 'msg' can be declared as pointer to const,/home/yichen/Desktop/Gemini_Security_Prompt06/F002.c|65|style|constVariablePointer|Variable 'msg' can be declared as pointer to const,/home/yichen/Desktop/Gemini_Security_Results06/logs/F002_cppcheck.log
/home/yichen/Desktop/Gemini_Security_Prompt06/F002.c,cppcheck,True,success,True,0,15,75,style,constVariablePointer,Variable 'tag1' can be declared as pointer to const,/home/yichen/Desktop/Gemini_Security_Prompt06/F002.c|75|style|constVariablePointer|Variable 'tag1' can be declared as pointer to const,/home/yichen/Desktop/Gemini_Security_Results06/logs/F002_cppcheck.log
/home/yichen/Desktop/Gemini_Security_Prompt06/F002.c,cppcheck,True,success,True,0,15,80,style,constVariablePointer,Variable 'tag2' can be declared as pointer to const,/home/yichen/Desktop/Gemini_Security_Prompt06/F002.c|80|style|constVariablePointer|Variable 'tag2' can be declared as pointer to const,/home/yichen/Desktop/Gemini_Security_Results06/logs/F002_cppcheck.log
/home/yichen/Desktop/Gemini_Security_Prompt06/F002.c,cppcheck,True,success,True,0,15,81,style,constVariablePointer,Variable 'newtag' can be declared as pointer to const,/home/yichen/Desktop/Gemini_Security_Prompt06/F002.c|81|style|constVariablePointer|Variable 'newtag' can be declared as pointer to const,/home/yichen/Desktop/Gemini_Security_Results06/logs/F002_cppcheck.log
/home/yichen/Desktop/Gemini_Security_Prompt06/F002.c,cppcheck,True,success,True,0,15,107,style,constVariablePointer,Variable 'tag' can be declared as pointer to const,/home/yichen/Desktop/Gemini_Security_Prompt06/F002.c|107|style|constVariablePointer|Variable 'tag' can be declared as pointer to const,/home/yichen/Desktop/Gemini_Security_Results06/logs/F002_cppcheck.log
/home/yichen/Desktop/Gemini_Security_Prompt06/F002.c,cppcheck,True,success,True,0,15,128,style,constVariablePointer,Variable 'tag' can be declared as pointer to const,/home/yichen/Desktop/Gemini_Security_Prompt06/F002.c|128|style|constVariablePointer|Variable 'tag' can be declared as pointer to const,/home/yichen/Desktop/Gemini_Security_Results06/logs/F002_cppcheck.log
nofile,cppcheck,True,success,True,0,15,0,information,checkersReport,Active checkers: 113/592 (use --checkers-report=<filename> to see details),nofile|0|information|checkersReport|Active checkers: 113/592 (use --checkers-report=<filename> to see details),/home/yichen/Desktop/Gemini_Security_Results06/logs/F002_cppcheck.log
/home/yichen/Desktop/Gemini_Security_Prompt06/F003.c,cppcheck,True,success,True,0,12,2,information,missingIncludeSystem,Include file: <stdio.h> not found. Please note: Cppcheck does not need standard library headers to get proper results.,/home/yichen/Desktop/Gemini_Security_Prompt06/F003.c|2|information|missingIncludeSystem|Include file: <stdio.h> not found. Please note: Cppcheck does not need standard library headers to get proper results.,/home/yichen/Desktop/Gemini_Security_Results06/logs/F003_cppcheck.log
/home/yichen/Desktop/Gemini_Security_Prompt06/F003.c,cppcheck,True,success,True,0,12,3,information,missingIncludeSystem,Include file: <stdlib.h> not found. Please note: Cppcheck does not need standard library headers to get proper results.,/home/yichen/Desktop/Gemini_Security_Prompt06/F003.c|3|information|missingIncludeSystem|Include file: <stdlib.h> not found. Please note: Cppcheck does not need standard library headers to get proper results.,/home/yichen/Desktop/Gemini_Security_Results06/logs/F003_cppcheck.log
/home/yichen/Desktop/Gemini_Security_Prompt06/F003.c,cppcheck,True,success,True,0,12,4,information,missingIncludeSystem,Include file: <string.h> not found. Please note: Cppcheck does not need standard library headers to get proper results.,/home/yichen/Desktop/Gemini_Security_Prompt06/F003.c|4|information|missingIncludeSystem|Include file: <string.h> not found. Please note: Cppcheck does not need standard library headers to get proper results.,/home/yichen/Desktop/Gemini_Security_Results06/logs/F003_cppcheck.log
/home/yichen/Desktop/Gemini_Security_Prompt06/F003.c,cppcheck,True,success,True,0,12,77,error,memleakOnRealloc,Common realloc mistake: 'list' nulled but not freed upon failure,/home/yichen/Desktop/Gemini_Security_Prompt06/F003.c|77|error|memleakOnRealloc|Common realloc mistake: 'list' nulled but not freed upon failure,/home/yichen/Desktop/Gemini_Security_Results06/logs/F003_cppcheck.log
/home/yichen/Desktop/Gemini_Security_Prompt06/F003.c,cppcheck,True,success,True,0,12,140,error,memleakOnRealloc,Common realloc mistake: 'list' nulled but not freed upon failure,/home/yichen/Desktop/Gemini_Security_Prompt06/F003.c|140|error|memleakOnRealloc|Common realloc mistake: 'list' nulled but not freed upon failure,/home/yichen/Desktop/Gemini_Security_Results06/logs/F003_cppcheck.log
/home/yichen/Desktop/Gemini_Security_Prompt06/F003.c,cppcheck,True,success,True,0,12,64,style,constVariablePointer,Variable 'name' can be declared as pointer to const,/home/yichen/Desktop/Gemini_Security_Prompt06/F003.c|64|style|constVariablePointer|Variable 'name' can be declared as pointer to const,/home/yichen/Desktop/Gemini_Security_Results06/logs/F003_cppcheck.log
/home/yichen/Desktop/Gemini_Security_Prompt06/F003.c,cppcheck,True,success,True,0,12,65,style,constVariablePointer,Variable 'exp' can be declared as pointer to const,/home/yichen/Desktop/Gemini_Security_Prompt06/F003.c|65|style|constVariablePointer|Variable 'exp' can be declared as pointer to const,/home/yichen/Desktop/Gemini_Security_Results06/logs/F003_cppcheck.log
/home/yichen/Desktop/Gemini_Security_Prompt06/F003.c,cppcheck,True,success,True,0,12,84,style,constVariablePointer,Variable 'name' can be declared as pointer to const,/home/yichen/Desktop/Gemini_Security_Prompt06/F003.c|84|style|constVariablePointer|Variable 'name' can be declared as pointer to const,/home/yichen/Desktop/Gemini_Security_Results06/logs/F003_cppcheck.log
/home/yichen/Desktop/Gemini_Security_Prompt06/F003.c,cppcheck,True,success,True,0,12,106,style,constVariablePointer,Variable 'old_name' can be declared as pointer to const,/home/yichen/Desktop/Gemini_Security_Prompt06/F003.c|106|style|constVariablePointer|Variable 'old_name' can be declared as pointer to const,/home/yichen/Desktop/Gemini_Security_Results06/logs/F003_cppcheck.log
/home/yichen/Desktop/Gemini_Security_Prompt06/F003.c,cppcheck,True,success,True,0,12,107,style,constVariablePointer,Variable 'new_name' can be declared as pointer to const,/home/yichen/Desktop/Gemini_Security_Prompt06/F003.c|107|style|constVariablePointer|Variable 'new_name' can be declared as pointer to const,/home/yichen/Desktop/Gemini_Security_Results06/logs/F003_cppcheck.log
/home/yichen/Desktop/Gemini_Security_Prompt06/F003.c,cppcheck,True,success,True,0,12,121,style,constVariablePointer,Variable 'name' can be declared as pointer to const,/home/yichen/Desktop/Gemini_Security_Prompt06/F003.c|121|style|constVariablePointer|Variable 'name' can be declared as pointer to const,/home/yichen/Desktop/Gemini_Security_Results06/logs/F003_cppcheck.log
nofile,cppcheck,True,success,True,0,12,0,information,checkersReport,Active checkers: 113/592 (use --checkers-report=<filename> to see details),nofile|0|information|checkersReport|Active checkers: 113/592 (use --checkers-report=<filename> to see details),/home/yichen/Desktop/Gemini_Security_Results06/logs/F003_cppcheck.log
/home/yichen/Desktop/Gemini_Security_Prompt06/F004.c,cppcheck,True,success,True,0,10,2,information,missingIncludeSystem,Include file: <stdio.h> not found. Please note: Cppcheck does not need standard library headers to get proper results.,/home/yichen/Desktop/Gemini_Security_Prompt06/F004.c|2|information|missingIncludeSystem|Include file: <stdio.h> not found. Please note: Cppcheck does not need standard library headers to get proper results.,/home/yichen/Desktop/Gemini_Security_Results06/logs/F004_cppcheck.log
/home/yichen/Desktop/Gemini_Security_Prompt06/F004.c,cppcheck,True,success,True,0,10,3,information,missingIncludeSystem,Include file: <stdlib.h> not found. Please note: Cppcheck does not need standard library headers to get proper results.,/home/yichen/Desktop/Gemini_Security_Prompt06/F004.c|3|information|missingIncludeSystem|Include file: <stdlib.h> not found. Please note: Cppcheck does not need standard library headers to get proper results.,/home/yichen/Desktop/Gemini_Security_Results06/logs/F004_cppcheck.log
/home/yichen/Desktop/Gemini_Security_Prompt06/F004.c,cppcheck,True,success,True,0,10,4,information,missingIncludeSystem,Include file: <string.h> not found. Please note: Cppcheck does not need standard library headers to get proper results.,/home/yichen/Desktop/Gemini_Security_Prompt06/F004.c|4|information|missingIncludeSystem|Include file: <string.h> not found. Please note: Cppcheck does not need standard library headers to get proper results.,/home/yichen/Desktop/Gemini_Security_Results06/logs/F004_cppcheck.log
/home/yichen/Desktop/Gemini_Security_Prompt06/F004.c,cppcheck,True,success,True,0,10,77,error,memleakOnRealloc,Common realloc mistake: 'list' nulled but not freed upon failure,/home/yichen/Desktop/Gemini_Security_Prompt06/F004.c|77|error|memleakOnRealloc|Common realloc mistake: 'list' nulled but not freed upon failure,/home/yichen/Desktop/Gemini_Security_Results06/logs/F004_cppcheck.log
/home/yichen/Desktop/Gemini_Security_Prompt06/F004.c,cppcheck,True,success,True,0,10,103,error,memleakOnRealloc,Common realloc mistake: 'list' nulled but not freed upon failure,/home/yichen/Desktop/Gemini_Security_Prompt06/F004.c|103|error|memleakOnRealloc|Common realloc mistake: 'list' nulled but not freed upon failure,/home/yichen/Desktop/Gemini_Security_Results06/logs/F004_cppcheck.log
/home/yichen/Desktop/Gemini_Security_Prompt06/F004.c,cppcheck,True,success,True,0,10,64,style,constVariablePointer,Variable 'key' can be declared as pointer to const,/home/yichen/Desktop/Gemini_Security_Prompt06/F004.c|64|style|constVariablePointer|Variable 'key' can be declared as pointer to const,/home/yichen/Desktop/Gemini_Security_Results06/logs/F004_cppcheck.log
/home/yichen/Desktop/Gemini_Security_Prompt06/F004.c,cppcheck,True,success,True,0,10,65,style,constVariablePointer,Variable 'val' can be declared as pointer to const,/home/yichen/Desktop/Gemini_Security_Prompt06/F004.c|65|style|constVariablePointer|Variable 'val' can be declared as pointer to const,/home/yichen/Desktop/Gemini_Security_Results06/logs/F004_cppcheck.log
/home/yichen/Desktop/Gemini_Security_Prompt06/F004.c,cppcheck,True,success,True,0,10,84,style,constVariablePointer,Variable 'key' can be declared as pointer to const,/home/yichen/Desktop/Gemini_Security_Prompt06/F004.c|84|style|constVariablePointer|Variable 'key' can be declared as pointer to const,/home/yichen/Desktop/Gemini_Security_Results06/logs/F004_cppcheck.log
/home/yichen/Desktop/Gemini_Security_Prompt06/F004.c,cppcheck,True,success,True,0,10,114,style,constVariablePointer,Variable 'key' can be declared as pointer to const,/home/yichen/Desktop/Gemini_Security_Prompt06/F004.c|114|style|constVariablePointer|Variable 'key' can be declared as pointer to const,/home/yichen/Desktop/Gemini_Security_Results06/logs/F004_cppcheck.log
nofile,cppcheck,True,success,True,0,10,0,information,checkersReport,Active checkers: 113/592 (use --checkers-report=<filename> to see details),nofile|0|information|checkersReport|Active checkers: 113/592 (use --checkers-report=<filename> to see details),/home/yichen/Desktop/Gemini_Security_Results06/logs/F004_cppcheck.log
/home/yichen/Desktop/Gemini_Security_Prompt06/F005.c,cppcheck,True,success,True,0,10,2,information,missingIncludeSystem,Include file: <stdio.h> not found. Please note: Cppcheck does not need standard library headers to get proper results.,/home/yichen/Desktop/Gemini_Security_Prompt06/F005.c|2|information|missingIncludeSystem|Include file: <stdio.h> not found. Please note: Cppcheck does not need standard library headers to get proper results.,/home/yichen/Desktop/Gemini_Security_Results06/logs/F005_cppcheck.log
/home/yichen/Desktop/Gemini_Security_Prompt06/F005.c,cppcheck,True,success,True,0,10,3,information,missingIncludeSystem,Include file: <stdlib.h> not found. Please note: Cppcheck does not need standard library headers to get proper results.,/home/yichen/Desktop/Gemini_Security_Prompt06/F005.c|3|information|missingIncludeSystem|Include file: <stdlib.h> not found. Please note: Cppcheck does not need standard library headers to get proper results.,/home/yichen/Desktop/Gemini_Security_Results06/logs/F005_cppcheck.log
/home/yichen/Desktop/Gemini_Security_Prompt06/F005.c,cppcheck,True,success,True,0,10,4,information,missingIncludeSystem,Include file: <string.h> not found. Please note: Cppcheck does not need standard library headers to get proper results.,/home/yichen/Desktop/Gemini_Security_Prompt06/F005.c|4|information|missingIncludeSystem|Include file: <string.h> not found. Please note: Cppcheck does not need standard library headers to get proper results.,/home/yichen/Desktop/Gemini_Security_Results06/logs/F005_cppcheck.log
/home/yichen/Desktop/Gemini_Security_Prompt06/F005.c,cppcheck,True,success,True,0,10,63,error,memleakOnRealloc,Common realloc mistake: 'list' nulled but not freed upon failure,/home/yichen/Desktop/Gemini_Security_Prompt06/F005.c|63|error|memleakOnRealloc|Common realloc mistake: 'list' nulled but not freed upon failure,/home/yichen/Desktop/Gemini_Security_Results06/logs/F005_cppcheck.log
/home/yichen/Desktop/Gemini_Security_Prompt06/F005.c,cppcheck,True,success,True,0,10,73,error,memleakOnRealloc,Common realloc mistake: 'list' nulled but not freed upon failure,/home/yichen/Desktop/Gemini_Security_Prompt06/F005.c|73|error|memleakOnRealloc|Common realloc mistake: 'list' nulled but not freed upon failure,/home/yichen/Desktop/Gemini_Security_Results06/logs/F005_cppcheck.log
/home/yichen/Desktop/Gemini_Security_Prompt06/F005.c,cppcheck,True,success,True,0,10,93,error,memleakOnRealloc,Common realloc mistake: 'list' nulled but not freed upon failure,/home/yichen/Desktop/Gemini_Security_Prompt06/F005.c|93|error|memleakOnRealloc|Common realloc mistake: 'list' nulled but not freed upon failure,/home/yichen/Desktop/Gemini_Security_Results06/logs/F005_cppcheck.log
/home/yichen/Desktop/Gemini_Security_Prompt06/F005.c,cppcheck,True,success,True,0,10,61,style,constVariablePointer,Variable 'rest' can be declared as pointer to const,/home/yichen/Desktop/Gemini_Security_Prompt06/F005.c|61|style|constVariablePointer|Variable 'rest' can be declared as pointer to const,/home/yichen/Desktop/Gemini_Security_Results06/logs/F005_cppcheck.log
/home/yichen/Desktop/Gemini_Security_Prompt06/F005.c,cppcheck,True,success,True,0,10,71,style,constVariablePointer,Variable 'text' can be declared as pointer to const,/home/yichen/Desktop/Gemini_Security_Prompt06/F005.c|71|style|constVariablePointer|Variable 'text' can be declared as pointer to const,/home/yichen/Desktop/Gemini_Security_Results06/logs/F005_cppcheck.log
/home/yichen/Desktop/Gemini_Security_Prompt06/F005.c,cppcheck,True,success,True,0,10,101,style,constVariablePointer,Variable 'text' can be declared as pointer to const,/home/yichen/Desktop/Gemini_Security_Prompt06/F005.c|101|style|constVariablePointer|Variable 'text' can be declared as pointer to const,/home/yichen/Desktop/Gemini_Security_Results06/logs/F005_cppcheck.log
nofile,cppcheck,True,success,True,0,10,0,information,checkersReport,Active checkers: 113/592 (use --checkers-report=<filename> to see details),nofile|0|information|checkersReport|Active checkers: 113/592 (use --checkers-report=<filename> to see details),/home/yichen/Desktop/Gemini_Security_Results06/logs/F005_cppcheck.log
/home/yichen/Desktop/Gemini_Security_Prompt06/F006.c,cppcheck,True,success,True,0,9,2,information,missingIncludeSystem,Include file: <stdio.h> not found. Please note: Cppcheck does not need standard library headers to get proper results.,/home/yichen/Desktop/Gemini_Security_Prompt06/F006.c|2|information|missingIncludeSystem|Include file: <stdio.h> not found. Please note: Cppcheck does not need standard library headers to get proper results.,/home/yichen/Desktop/Gemini_Security_Results06/logs/F006_cppcheck.log
/home/yichen/Desktop/Gemini_Security_Prompt06/F006.c,cppcheck,True,success,True,0,9,3,information,missingIncludeSystem,Include file: <stdlib.h> not found. Please note: Cppcheck does not need standard library headers to get proper results.,/home/yichen/Desktop/Gemini_Security_Prompt06/F006.c|3|information|missingIncludeSystem|Include file: <stdlib.h> not found. Please note: Cppcheck does not need standard library headers to get proper results.,/home/yichen/Desktop/Gemini_Security_Results06/logs/F006_cppcheck.log
/home/yichen/Desktop/Gemini_Security_Prompt06/F006.c,cppcheck,True,success,True,0,9,4,information,missingIncludeSystem,Include file: <string.h> not found. Please note: Cppcheck does not need standard library headers to get proper results.,/home/yichen/Desktop/Gemini_Security_Prompt06/F006.c|4|information|missingIncludeSystem|Include file: <string.h> not found. Please note: Cppcheck does not need standard library headers to get proper results.,/home/yichen/Desktop/Gemini_Security_Results06/logs/F006_cppcheck.log
/home/yichen/Desktop/Gemini_Security_Prompt06/F006.c,cppcheck,True,success,True,0,9,77,error,memleakOnRealloc,Common realloc mistake: 'list' nulled but not freed upon failure,/home/yichen/Desktop/Gemini_Security_Prompt06/F006.c|77|error|memleakOnRealloc|Common realloc mistake: 'list' nulled but not freed upon failure,/home/yichen/Desktop/Gemini_Security_Results06/logs/F006_cppcheck.log
/home/yichen/Desktop/Gemini_Security_Prompt06/F006.c,cppcheck,True,success,True,0,9,110,error,memleakOnRealloc,Common realloc mistake: 'list' nulled but not freed upon failure,/home/yichen/Desktop/Gemini_Security_Prompt06/F006.c|110|error|memleakOnRealloc|Common realloc mistake: 'list' nulled but not freed upon failure,/home/yichen/Desktop/Gemini_Security_Results06/logs/F006_cppcheck.log
/home/yichen/Desktop/Gemini_Security_Prompt06/F006.c,cppcheck,True,success,True,0,9,64,style,constVariablePointer,Variable 'item' can be declared as pointer to const,/home/yichen/Desktop/Gemini_Security_Prompt06/F006.c|64|style|constVariablePointer|Variable 'item' can be declared as pointer to const,/home/yichen/Desktop/Gemini_Security_Results06/logs/F006_cppcheck.log
/home/yichen/Desktop/Gemini_Security_Prompt06/F006.c,cppcheck,True,success,True,0,9,92,style,constVariablePointer,Variable 'item' can be declared as pointer to const,/home/yichen/Desktop/Gemini_Security_Prompt06/F006.c|92|style|constVariablePointer|Variable 'item' can be declared as pointer to const,/home/yichen/Desktop/Gemini_Security_Results06/logs/F006_cppcheck.log
/home/yichen/Desktop/Gemini_Security_Prompt06/F006.c,cppcheck,True,success,True,0,9,114,style,constVariablePointer,Variable 'item' can be declared as pointer to const,/home/yichen/Desktop/Gemini_Security_Prompt06/F006.c|114|style|constVariablePointer|Variable 'item' can be declared as pointer to const,/home/yichen/Desktop/Gemini_Security_Results06/logs/F006_cppcheck.log
nofile,cppcheck,True,success,True,0,9,0,information,checkersReport,Active checkers: 113/592 (use --checkers-report=<filename> to see details),nofile|0|information|checkersReport|Active checkers: 113/592 (use --checkers-report=<filename> to see details),/home/yichen/Desktop/Gemini_Security_Results06/logs/F006_cppcheck.log
/home/yichen/Desktop/Gemini_Security_Prompt06/F007.c,cppcheck,True,success,True,0,12,2,information,missingIncludeSystem,Include file: <stdio.h> not found. Please note: Cppcheck does not need standard library headers to get proper results.,/home/yichen/Desktop/Gemini_Security_Prompt06/F007.c|2|information|missingIncludeSystem|Include file: <stdio.h> not found. Please note: Cppcheck does not need standard library headers to get proper results.,/home/yichen/Desktop/Gemini_Security_Results06/logs/F007_cppcheck.log
/home/yichen/Desktop/Gemini_Security_Prompt06/F007.c,cppcheck,True,success,True,0,12,3,information,missingIncludeSystem,Include file: <stdlib.h> not found. Please note: Cppcheck does not need standard library headers to get proper results.,/home/yichen/Desktop/Gemini_Security_Prompt06/F007.c|3|information|missingIncludeSystem|Include file: <stdlib.h> not found. Please note: Cppcheck does not need standard library headers to get proper results.,/home/yichen/Desktop/Gemini_Security_Results06/logs/F007_cppcheck.log
/home/yichen/Desktop/Gemini_Security_Prompt06/F007.c,cppcheck,True,success,True,0,12,4,information,missingIncludeSystem,Include file: <string.h> not found. Please note: Cppcheck does not need standard library headers to get proper results.,/home/yichen/Desktop/Gemini_Security_Prompt06/F007.c|4|information|missingIncludeSystem|Include file: <string.h> not found. Please note: Cppcheck does not need standard library headers to get proper results.,/home/yichen/Desktop/Gemini_Security_Results06/logs/F007_cppcheck.log
/home/yichen/Desktop/Gemini_Security_Prompt06/F007.c,cppcheck,True,success,True,0,12,91,error,memleakOnRealloc,Common realloc mistake: 'list' nulled but not freed upon failure,/home/yichen/Desktop/Gemini_Security_Prompt06/F007.c|91|error|memleakOnRealloc|Common realloc mistake: 'list' nulled but not freed upon failure,/home/yichen/Desktop/Gemini_Security_Results06/logs/F007_cppcheck.log
/home/yichen/Desktop/Gemini_Security_Prompt06/F007.c,cppcheck,True,success,True,0,12,122,error,memleakOnRealloc,Common realloc mistake: 'list' nulled but not freed upon failure,/home/yichen/Desktop/Gemini_Security_Prompt06/F007.c|122|error|memleakOnRealloc|Common realloc mistake: 'list' nulled but not freed upon failure,/home/yichen/Desktop/Gemini_Security_Results06/logs/F007_cppcheck.log
/home/yichen/Desktop/Gemini_Security_Prompt06/F007.c,cppcheck,True,success,True,0,12,84,style,constVariablePointer,Variable 'time' can be declared as pointer to const,/home/yichen/Desktop/Gemini_Security_Prompt06/F007.c|84|style|constVariablePointer|Variable 'time' can be declared as pointer to const,/home/yichen/Desktop/Gemini_Security_Results06/logs/F007_cppcheck.log
/home/yichen/Desktop/Gemini_Security_Prompt06/F007.c,cppcheck,True,success,True,0,12,89,style,constVariablePointer,Variable 'label' can be declared as pointer to const,/home/yichen/Desktop/Gemini_Security_Prompt06/F007.c|89|style|constVariablePointer|Variable 'label' can be declared as pointer to const,/home/yichen/Desktop/Gemini_Security_Results06/logs/F007_cppcheck.log
/home/yichen/Desktop/Gemini_Security_Prompt06/F007.c,cppcheck,True,success,True,0,12,90,style,constVariablePointer,Variable 'note' can be declared as pointer to const,/home/yichen/Desktop/Gemini_Security_Prompt06/F007.c|90|style|constVariablePointer|Variable 'note' can be declared as pointer to const,/home/yichen/Desktop/Gemini_Security_Results06/logs/F007_cppcheck.log
/home/yichen/Desktop/Gemini_Security_Prompt06/F007.c,cppcheck,True,success,True,0,12,102,style,constVariablePointer,Variable 'time' can be declared as pointer to const,/home/yichen/Desktop/Gemini_Security_Prompt06/F007.c|102|style|constVariablePointer|Variable 'time' can be declared as pointer to const,/home/yichen/Desktop/Gemini_Security_Results06/logs/F007_cppcheck.log
/home/yichen/Desktop/Gemini_Security_Prompt06/F007.c,cppcheck,True,success,True,0,12,103,style,constVariablePointer,Variable 'label' can be declared as pointer to const,/home/yichen/Desktop/Gemini_Security_Prompt06/F007.c|103|style|constVariablePointer|Variable 'label' can be declared as pointer to const,/home/yichen/Desktop/Gemini_Security_Results06/logs/F007_cppcheck.log
/home/yichen/Desktop/Gemini_Security_Prompt06/F007.c,cppcheck,True,success,True,0,12,126,style,constVariablePointer,Variable 'label' can be declared as pointer to const,/home/yichen/Desktop/Gemini_Security_Prompt06/F007.c|126|style|constVariablePointer|Variable 'label' can be declared as pointer to const,/home/yichen/Desktop/Gemini_Security_Results06/logs/F007_cppcheck.log
nofile,cppcheck,True,success,True,0,12,0,information,checkersReport,Active checkers: 113/592 (use --checkers-report=<filename> to see details),nofile|0|information|checkersReport|Active checkers: 113/592 (use --checkers-report=<filename> to see details),/home/yichen/Desktop/Gemini_Security_Results06/logs/F007_cppcheck.log
/home/yichen/Desktop/Gemini_Security_Prompt06/F008.c,cppcheck,True,success,True,0,10,2,information,missingIncludeSystem,Include file: <stdio.h> not found. Please note: Cppcheck does not need standard library headers to get proper results.,/home/yichen/Desktop/Gemini_Security_Prompt06/F008.c|2|information|missingIncludeSystem|Include file: <stdio.h> not found. Please note: Cppcheck does not need standard library headers to get proper results.,/home/yichen/Desktop/Gemini_Security_Results06/logs/F008_cppcheck.log
/home/yichen/Desktop/Gemini_Security_Prompt06/F008.c,cppcheck,True,success,True,0,10,3,information,missingIncludeSystem,Include file: <stdlib.h> not found. Please note: Cppcheck does not need standard library headers to get proper results.,/home/yichen/Desktop/Gemini_Security_Prompt06/F008.c|3|information|missingIncludeSystem|Include file: <stdlib.h> not found. Please note: Cppcheck does not need standard library headers to get proper results.,/home/yichen/Desktop/Gemini_Security_Results06/logs/F008_cppcheck.log
/home/yichen/Desktop/Gemini_Security_Prompt06/F008.c,cppcheck,True,success,True,0,10,4,information,missingIncludeSystem,Include file: <string.h> not found. Please note: Cppcheck does not need standard library headers to get proper results.,/home/yichen/Desktop/Gemini_Security_Prompt06/F008.c|4|information|missingIncludeSystem|Include file: <string.h> not found. Please note: Cppcheck does not need standard library headers to get proper results.,/home/yichen/Desktop/Gemini_Security_Results06/logs/F008_cppcheck.log
/home/yichen/Desktop/Gemini_Security_Prompt06/F008.c,cppcheck,True,success,True,0,10,90,error,memleakOnRealloc,Common realloc mistake: 'list' nulled but not freed upon failure,/home/yichen/Desktop/Gemini_Security_Prompt06/F008.c|90|error|memleakOnRealloc|Common realloc mistake: 'list' nulled but not freed upon failure,/home/yichen/Desktop/Gemini_Security_Results06/logs/F008_cppcheck.log
/home/yichen/Desktop/Gemini_Security_Prompt06/F008.c,cppcheck,True,success,True,0,10,122,error,memleakOnRealloc,Common realloc mistake: 'list' nulled but not freed upon failure,/home/yichen/Desktop/Gemini_Security_Prompt06/F008.c|122|error|memleakOnRealloc|Common realloc mistake: 'list' nulled but not freed upon failure,/home/yichen/Desktop/Gemini_Security_Results06/logs/F008_cppcheck.log
/home/yichen/Desktop/Gemini_Security_Prompt06/F008.c,cppcheck,True,success,True,0,10,75,style,constVariablePointer,Variable 'name' can be declared as pointer to const,/home/yichen/Desktop/Gemini_Security_Prompt06/F008.c|75|style|constVariablePointer|Variable 'name' can be declared as pointer to const,/home/yichen/Desktop/Gemini_Security_Results06/logs/F008_cppcheck.log
/home/yichen/Desktop/Gemini_Security_Prompt06/F008.c,cppcheck,True,success,True,0,10,76,style,constVariablePointer,Variable 'rest2' can be declared as pointer to const,/home/yichen/Desktop/Gemini_Security_Prompt06/F008.c|76|style|constVariablePointer|Variable 'rest2' can be declared as pointer to const,/home/yichen/Desktop/Gemini_Security_Results06/logs/F008_cppcheck.log
/home/yichen/Desktop/Gemini_Security_Prompt06/F008.c,cppcheck,True,success,True,0,10,81,style,constVariablePointer,Variable 'note' can be declared as pointer to const,/home/yichen/Desktop/Gemini_Security_Prompt06/F008.c|81|style|constVariablePointer|Variable 'note' can be declared as pointer to const,/home/yichen/Desktop/Gemini_Security_Results06/logs/F008_cppcheck.log
/home/yichen/Desktop/Gemini_Security_Prompt06/F008.c,cppcheck,True,success,True,0,10,103,style,constVariablePointer,Variable 'name' can be declared as pointer to const,/home/yichen/Desktop/Gemini_Security_Prompt06/F008.c|103|style|constVariablePointer|Variable 'name' can be declared as pointer to const,/home/yichen/Desktop/Gemini_Security_Results06/logs/F008_cppcheck.log
nofile,cppcheck,True,success,True,0,10,0,information,checkersReport,Active checkers: 113/592 (use --checkers-report=<filename> to see details),nofile|0|information|checkersReport|Active checkers: 113/592 (use --checkers-report=<filename> to see details),/home/yichen/Desktop/Gemini_Security_Results06/logs/F008_cppcheck.log
/home/yichen/Desktop/Gemini_Security_Prompt06/F009.c,cppcheck,True,success,True,0,18,2,information,missingIncludeSystem,Include file: <stdio.h> not found. Please note: Cppcheck does not need standard library headers to get proper results.,/home/yichen/Desktop/Gemini_Security_Prompt06/F009.c|2|information|missingIncludeSystem|Include file: <stdio.h> not found. Please note: Cppcheck does not need standard library headers to get proper results.,/home/yichen/Desktop/Gemini_Security_Results06/logs/F009_cppcheck.log
/home/yichen/Desktop/Gemini_Security_Prompt06/F009.c,cppcheck,True,success,True,0,18,3,information,missingIncludeSystem,Include file: <stdlib.h> not found. Please note: Cppcheck does not need standard library headers to get proper results.,/home/yichen/Desktop/Gemini_Security_Prompt06/F009.c|3|information|missingIncludeSystem|Include file: <stdlib.h> not found. Please note: Cppcheck does not need standard library headers to get proper results.,/home/yichen/Desktop/Gemini_Security_Results06/logs/F009_cppcheck.log
/home/yichen/Desktop/Gemini_Security_Prompt06/F009.c,cppcheck,True,success,True,0,18,4,information,missingIncludeSystem,Include file: <string.h> not found. Please note: Cppcheck does not need standard library headers to get proper results.,/home/yichen/Desktop/Gemini_Security_Prompt06/F009.c|4|information|missingIncludeSystem|Include file: <string.h> not found. Please note: Cppcheck does not need standard library headers to get proper results.,/home/yichen/Desktop/Gemini_Security_Results06/logs/F009_cppcheck.log
/home/yichen/Desktop/Gemini_Security_Prompt06/F009.c,cppcheck,True,success,True,0,18,80,error,memleakOnRealloc,Common realloc mistake: 'groups' nulled but not freed upon failure,/home/yichen/Desktop/Gemini_Security_Prompt06/F009.c|80|error|memleakOnRealloc|Common realloc mistake: 'groups' nulled but not freed upon failure,/home/yichen/Desktop/Gemini_Security_Results06/logs/F009_cppcheck.log
/home/yichen/Desktop/Gemini_Security_Prompt06/F009.c,cppcheck,True,success,True,0,18,84,error,memleakOnRealloc,Common realloc mistake: 'events' nulled but not freed upon failure,/home/yichen/Desktop/Gemini_Security_Prompt06/F009.c|84|error|memleakOnRealloc|Common realloc mistake: 'events' nulled but not freed upon failure,/home/yichen/Desktop/Gemini_Security_Results06/logs/F009_cppcheck.log
/home/yichen/Desktop/Gemini_Security_Prompt06/F009.c,cppcheck,True,success,True,0,18,108,error,memleakOnRealloc,Common realloc mistake: 'groups' nulled but not freed upon failure,/home/yichen/Desktop/Gemini_Security_Prompt06/F009.c|108|error|memleakOnRealloc|Common realloc mistake: 'groups' nulled but not freed upon failure,/home/yichen/Desktop/Gemini_Security_Results06/logs/F009_cppcheck.log
/home/yichen/Desktop/Gemini_Security_Prompt06/F009.c,cppcheck,True,success,True,0,18,115,error,memleakOnRealloc,Common realloc mistake: 'events' nulled but not freed upon failure,/home/yichen/Desktop/Gemini_Security_Prompt06/F009.c|115|error|memleakOnRealloc|Common realloc mistake: 'events' nulled but not freed upon failure,/home/yichen/Desktop/Gemini_Security_Results06/logs/F009_cppcheck.log
/home/yichen/Desktop/Gemini_Security_Prompt06/F009.c,cppcheck,True,success,True,0,18,142,error,memleakOnRealloc,Common realloc mistake: 'groups' nulled but not freed upon failure,/home/yichen/Desktop/Gemini_Security_Prompt06/F009.c|142|error|memleakOnRealloc|Common realloc mistake: 'groups' nulled but not freed upon failure,/home/yichen/Desktop/Gemini_Security_Results06/logs/F009_cppcheck.log
/home/yichen/Desktop/Gemini_Security_Prompt06/F009.c,cppcheck,True,success,True,0,18,161,error,memleakOnRealloc,Common realloc mistake: 'events' nulled but not freed upon failure,/home/yichen/Desktop/Gemini_Security_Prompt06/F009.c|161|error|memleakOnRealloc|Common realloc mistake: 'events' nulled but not freed upon failure,/home/yichen/Desktop/Gemini_Security_Results06/logs/F009_cppcheck.log
/home/yichen/Desktop/Gemini_Security_Prompt06/F009.c,cppcheck,True,success,True,0,18,93,style,variableScope,The scope of the variable 'gA' can be reduced.,/home/yichen/Desktop/Gemini_Security_Prompt06/F009.c|93|style|variableScope|The scope of the variable 'gA' can be reduced.,/home/yichen/Desktop/Gemini_Security_Results06/logs/F009_cppcheck.log
/home/yichen/Desktop/Gemini_Security_Prompt06/F009.c,cppcheck,True,success,True,0,18,70,style,constVariablePointer,Variable 'group' can be declared as pointer to const,/home/yichen/Desktop/Gemini_Security_Prompt06/F009.c|70|style|constVariablePointer|Variable 'group' can be declared as pointer to const,/home/yichen/Desktop/Gemini_Security_Results06/logs/F009_cppcheck.log
/home/yichen/Desktop/Gemini_Security_Prompt06/F009.c,cppcheck,True,success,True,0,18,71,style,constVariablePointer,Variable 'desc' can be declared as pointer to const,/home/yichen/Desktop/Gemini_Security_Prompt06/F009.c|71|style|constVariablePointer|Variable 'desc' can be declared as pointer to const,/home/yichen/Desktop/Gemini_Security_Results06/logs/F009_cppcheck.log
/home/yichen/Desktop/Gemini_Security_Prompt06/F009.c,cppcheck,True,success,True,0,18,93,style,constVariablePointer,Variable 'gA' can be declared as pointer to const,/home/yichen/Desktop/Gemini_Security_Prompt06/F009.c|93|style|constVariablePointer|Variable 'gA' can be declared as pointer to const,/home/yichen/Desktop/Gemini_Security_Results06/logs/F009_cppcheck.log
/home/yichen/Desktop/Gemini_Security_Prompt06/F009.c,cppcheck,True,success,True,0,18,98,style,constVariablePointer,Variable 'gB' can be declared as pointer to const,/home/yichen/Desktop/Gemini_Security_Prompt06/F009.c|98|style|constVariablePointer|Variable 'gB' can be declared as pointer to const,/home/yichen/Desktop/Gemini_Security_Results06/logs/F009_cppcheck.log
/home/yichen/Desktop/Gemini_Security_Prompt06/F009.c,cppcheck,True,success,True,0,18,99,style,constVariablePointer,Variable 'newG' can be declared as pointer to const,/home/yichen/Desktop/Gemini_Security_Prompt06/F009.c|99|style|constVariablePointer|Variable 'newG' can be declared as pointer to const,/home/yichen/Desktop/Gemini_Security_Results06/logs/F009_cppcheck.log
/home/yichen/Desktop/Gemini_Security_Prompt06/F009.c,cppcheck,True,success,True,0,18,124,style,constVariablePointer,Variable 'group' can be declared as pointer to const,/home/yichen/Desktop/Gemini_Security_Prompt06/F009.c|124|style|constVariablePointer|Variable 'group' can be declared as pointer to const,/home/yichen/Desktop/Gemini_Security_Results06/logs/F009_cppcheck.log
/home/yichen/Desktop/Gemini_Security_Prompt06/F009.c,cppcheck,True,success,True,0,18,165,style,constVariablePointer,Variable 'group' can be declared as pointer to const,/home/yichen/Desktop/Gemini_Security_Prompt06/F009.c|165|style|constVariablePointer|Variable 'group' can be declared as pointer to const,/home/yichen/Desktop/Gemini_Security_Results06/logs/F009_cppcheck.log
nofile,cppcheck,True,success,True,0,18,0,information,checkersReport,Active checkers: 113/592 (use --checkers-report=<filename> to see details),nofile|0|information|checkersReport|Active checkers: 113/592 (use --checkers-report=<filename> to see details),/home/yichen/Desktop/Gemini_Security_Results06/logs/F009_cppcheck.log
/home/yichen/Desktop/Gemini_Security_Prompt06/F010.c,cppcheck,True,success,True,0,10,2,information,missingIncludeSystem,Include file: <stdio.h> not found. Please note: Cppcheck does not need standard library headers to get proper results.,/home/yichen/Desktop/Gemini_Security_Prompt06/F010.c|2|information|missingIncludeSystem|Include file: <stdio.h> not found. Please note: Cppcheck does not need standard library headers to get proper results.,/home/yichen/Desktop/Gemini_Security_Results06/logs/F010_cppcheck.log
/home/yichen/Desktop/Gemini_Security_Prompt06/F010.c,cppcheck,True,success,True,0,10,3,information,missingIncludeSystem,Include file: <stdlib.h> not found. Please note: Cppcheck does not need standard library headers to get proper results.,/home/yichen/Desktop/Gemini_Security_Prompt06/F010.c|3|information|missingIncludeSystem|Include file: <stdlib.h> not found. Please note: Cppcheck does not need standard library headers to get proper results.,/home/yichen/Desktop/Gemini_Security_Results06/logs/F010_cppcheck.log
/home/yichen/Desktop/Gemini_Security_Prompt06/F010.c,cppcheck,True,success,True,0,10,4,information,missingIncludeSystem,Include file: <string.h> not found. Please note: Cppcheck does not need standard library headers to get proper results.,/home/yichen/Desktop/Gemini_Security_Prompt06/F010.c|4|information|missingIncludeSystem|Include file: <string.h> not found. Please note: Cppcheck does not need standard library headers to get proper results.,/home/yichen/Desktop/Gemini_Security_Results06/logs/F010_cppcheck.log
/home/yichen/Desktop/Gemini_Security_Prompt06/F010.c,cppcheck,True,success,True,0,10,76,error,memleakOnRealloc,Common realloc mistake: 'list' nulled but not freed upon failure,/home/yichen/Desktop/Gemini_Security_Prompt06/F010.c|76|error|memleakOnRealloc|Common realloc mistake: 'list' nulled but not freed upon failure,/home/yichen/Desktop/Gemini_Security_Results06/logs/F010_cppcheck.log
/home/yichen/Desktop/Gemini_Security_Prompt06/F010.c,cppcheck,True,success,True,0,10,136,error,memleakOnRealloc,Common realloc mistake: 'list' nulled but not freed upon failure,/home/yichen/Desktop/Gemini_Security_Prompt06/F010.c|136|error|memleakOnRealloc|Common realloc mistake: 'list' nulled but not freed upon failure,/home/yichen/Desktop/Gemini_Security_Results06/logs/F010_cppcheck.log
/home/yichen/Desktop/Gemini_Security_Prompt06/F010.c,cppcheck,True,success,True,0,10,65,style,constVariablePointer,Variable 'key' can be declared as pointer to const,/home/yichen/Desktop/Gemini_Security_Prompt06/F010.c|65|style|constVariablePointer|Variable 'key' can be declared as pointer to const,/home/yichen/Desktop/Gemini_Security_Results06/logs/F010_cppcheck.log
/home/yichen/Desktop/Gemini_Security_Prompt06/F010.c,cppcheck,True,success,True,0,10,66,style,constVariablePointer,Variable 'val' can be declared as pointer to const,/home/yichen/Desktop/Gemini_Security_Prompt06/F010.c|66|style|constVariablePointer|Variable 'val' can be declared as pointer to const,/home/yichen/Desktop/Gemini_Security_Results06/logs/F010_cppcheck.log
/home/yichen/Desktop/Gemini_Security_Prompt06/F010.c,cppcheck,True,success,True,0,10,114,style,constVariablePointer,Variable 'key' can be declared as pointer to const,/home/yichen/Desktop/Gemini_Security_Prompt06/F010.c|114|style|constVariablePointer|Variable 'key' can be declared as pointer to const,/home/yichen/Desktop/Gemini_Security_Results06/logs/F010_cppcheck.log
/home/yichen/Desktop/Gemini_Security_Prompt06/F010.c,cppcheck,True,success,True,0,10,140,style,constVariablePointer,Variable 'key' can be declared as pointer to const,/home/yichen/Desktop/Gemini_Security_Prompt06/F010.c|140|style|constVariablePointer|Variable 'key' can be declared as pointer to const,/home/yichen/Desktop/Gemini_Security_Results06/logs/F010_cppcheck.log
nofile,cppcheck,True,success,True,0,10,0,information,checkersReport,Active checkers: 113/592 (use --checkers-report=<filename> to see details),nofile|0|information|checkersReport|Active checkers: 113/592 (use --checkers-report=<filename> to see details),/home/yichen/Desktop/Gemini_Security_Results06/logs/F010_cppcheck.log
/home/yichen/Desktop/Gemini_Security_Prompt06/F011.c,cppcheck,True,success,True,0,11,2,information,missingIncludeSystem,Include file: <stdio.h> not found. Please note: Cppcheck does not need standard library headers to get proper results.,/home/yichen/Desktop/Gemini_Security_Prompt06/F011.c|2|information|missingIncludeSystem|Include file: <stdio.h> not found. Please note: Cppcheck does not need standard library headers to get proper results.,/home/yichen/Desktop/Gemini_Security_Results06/logs/F011_cppcheck.log
/home/yichen/Desktop/Gemini_Security_Prompt06/F011.c,cppcheck,True,success,True,0,11,3,information,missingIncludeSystem,Include file: <stdlib.h> not found. Please note: Cppcheck does not need standard library headers to get proper results.,/home/yichen/Desktop/Gemini_Security_Prompt06/F011.c|3|information|missingIncludeSystem|Include file: <stdlib.h> not found. Please note: Cppcheck does not need standard library headers to get proper results.,/home/yichen/Desktop/Gemini_Security_Results06/logs/F011_cppcheck.log
/home/yichen/Desktop/Gemini_Security_Prompt06/F011.c,cppcheck,True,success,True,0,11,4,information,missingIncludeSystem,Include file: <string.h> not found. Please note: Cppcheck does not need standard library headers to get proper results.,/home/yichen/Desktop/Gemini_Security_Prompt06/F011.c|4|information|missingIncludeSystem|Include file: <string.h> not found. Please note: Cppcheck does not need standard library headers to get proper results.,/home/yichen/Desktop/Gemini_Security_Results06/logs/F011_cppcheck.log
/home/yichen/Desktop/Gemini_Security_Prompt06/F011.c,cppcheck,True,success,True,0,11,54,error,memleakOnRealloc,Common realloc mistake: 'list' nulled but not freed upon failure,/home/yichen/Desktop/Gemini_Security_Prompt06/F011.c|54|error|memleakOnRealloc|Common realloc mistake: 'list' nulled but not freed upon failure,/home/yichen/Desktop/Gemini_Security_Results06/logs/F011_cppcheck.log
/home/yichen/Desktop/Gemini_Security_Prompt06/F011.c,cppcheck,True,success,True,0,11,89,error,memleakOnRealloc,Common realloc mistake: 'list' nulled but not freed upon failure,/home/yichen/Desktop/Gemini_Security_Prompt06/F011.c|89|error|memleakOnRealloc|Common realloc mistake: 'list' nulled but not freed upon failure,/home/yichen/Desktop/Gemini_Security_Results06/logs/F011_cppcheck.log
/home/yichen/Desktop/Gemini_Security_Prompt06/F011.c,cppcheck,True,success,True,0,11,125,error,memleakOnRealloc,Common realloc mistake: 'list' nulled but not freed upon failure,/home/yichen/Desktop/Gemini_Security_Prompt06/F011.c|125|error|memleakOnRealloc|Common realloc mistake: 'list' nulled but not freed upon failure,/home/yichen/Desktop/Gemini_Security_Results06/logs/F011_cppcheck.log
/home/yichen/Desktop/Gemini_Security_Prompt06/F011.c,cppcheck,True,success,True,0,11,79,style,constVariablePointer,Variable 'title' can be declared as pointer to const,/home/yichen/Desktop/Gemini_Security_Prompt06/F011.c|79|style|constVariablePointer|Variable 'title' can be declared as pointer to const,/home/yichen/Desktop/Gemini_Security_Results06/logs/F011_cppcheck.log
/home/yichen/Desktop/Gemini_Security_Prompt06/F011.c,cppcheck,True,success,True,0,11,80,style,constVariablePointer,Variable 'body' can be declared as pointer to const,/home/yichen/Desktop/Gemini_Security_Prompt06/F011.c|80|style|constVariablePointer|Variable 'body' can be declared as pointer to const,/home/yichen/Desktop/Gemini_Security_Results06/logs/F011_cppcheck.log
/home/yichen/Desktop/Gemini_Security_Prompt06/F011.c,cppcheck,True,success,True,0,11,99,style,constVariablePointer,Variable 'title' can be declared as pointer to const,/home/yichen/Desktop/Gemini_Security_Prompt06/F011.c|99|style|constVariablePointer|Variable 'title' can be declared as pointer to const,/home/yichen/Desktop/Gemini_Security_Results06/logs/F011_cppcheck.log
/home/yichen/Desktop/Gemini_Security_Prompt06/F011.c,cppcheck,True,success,True,0,11,129,style,constVariablePointer,Variable 'title' can be declared as pointer to const,/home/yichen/Desktop/Gemini_Security_Prompt06/F011.c|129|style|constVariablePointer|Variable 'title' can be declared as pointer to const,/home/yichen/Desktop/Gemini_Security_Results06/logs/F011_cppcheck.log
nofile,cppcheck,True,success,True,0,11,0,information,checkersReport,Active checkers: 113/592 (use --checkers-report=<filename> to see details),nofile|0|information|checkersReport|Active checkers: 113/592 (use --checkers-report=<filename> to see details),/home/yichen/Desktop/Gemini_Security_Results06/logs/F011_cppcheck.log
/home/yichen/Desktop/Gemini_Security_Prompt06/F012.c,cppcheck,True,success,True,0,11,2,information,missingIncludeSystem,Include file: <stdio.h> not found. Please note: Cppcheck does not need standard library headers to get proper results.,/home/yichen/Desktop/Gemini_Security_Prompt06/F012.c|2|information|missingIncludeSystem|Include file: <stdio.h> not found. Please note: Cppcheck does not need standard library headers to get proper results.,/home/yichen/Desktop/Gemini_Security_Results06/logs/F012_cppcheck.log
/home/yichen/Desktop/Gemini_Security_Prompt06/F012.c,cppcheck,True,success,True,0,11,3,information,missingIncludeSystem,Include file: <stdlib.h> not found. Please note: Cppcheck does not need standard library headers to get proper results.,/home/yichen/Desktop/Gemini_Security_Prompt06/F012.c|3|information|missingIncludeSystem|Include file: <stdlib.h> not found. Please note: Cppcheck does not need standard library headers to get proper results.,/home/yichen/Desktop/Gemini_Security_Results06/logs/F012_cppcheck.log
/home/yichen/Desktop/Gemini_Security_Prompt06/F012.c,cppcheck,True,success,True,0,11,4,information,missingIncludeSystem,Include file: <string.h> not found. Please note: Cppcheck does not need standard library headers to get proper results.,/home/yichen/Desktop/Gemini_Security_Prompt06/F012.c|4|information|missingIncludeSystem|Include file: <string.h> not found. Please note: Cppcheck does not need standard library headers to get proper results.,/home/yichen/Desktop/Gemini_Security_Results06/logs/F012_cppcheck.log
/home/yichen/Desktop/Gemini_Security_Prompt06/F012.c,cppcheck,True,success,True,0,11,62,error,memleakOnRealloc,Common realloc mistake: 'list' nulled but not freed upon failure,/home/yichen/Desktop/Gemini_Security_Prompt06/F012.c|62|error|memleakOnRealloc|Common realloc mistake: 'list' nulled but not freed upon failure,/home/yichen/Desktop/Gemini_Security_Results06/logs/F012_cppcheck.log
/home/yichen/Desktop/Gemini_Security_Prompt06/F012.c,cppcheck,True,success,True,0,11,82,error,memleakOnRealloc,Common realloc mistake: 'list' nulled but not freed upon failure,/home/yichen/Desktop/Gemini_Security_Prompt06/F012.c|82|error|memleakOnRealloc|Common realloc mistake: 'list' nulled but not freed upon failure,/home/yichen/Desktop/Gemini_Security_Results06/logs/F012_cppcheck.log
/home/yichen/Desktop/Gemini_Security_Prompt06/F012.c,cppcheck,True,success,True,0,11,107,error,memleakOnRealloc,Common realloc mistake: 'list' nulled but not freed upon failure,/home/yichen/Desktop/Gemini_Security_Prompt06/F012.c|107|error|memleakOnRealloc|Common realloc mistake: 'list' nulled but not freed upon failure,/home/yichen/Desktop/Gemini_Security_Results06/logs/F012_cppcheck.log
/home/yichen/Desktop/Gemini_Security_Prompt06/F012.c,cppcheck,True,success,True,0,11,80,style,constVariablePointer,Variable 'name' can be declared as pointer to const,/home/yichen/Desktop/Gemini_Security_Prompt06/F012.c|80|style|constVariablePointer|Variable 'name' can be declared as pointer to const,/home/yichen/Desktop/Gemini_Security_Results06/logs/F012_cppcheck.log
/home/yichen/Desktop/Gemini_Security_Prompt06/F012.c,cppcheck,True,success,True,0,11,81,style,constVariablePointer,Variable 'note' can be declared as pointer to const,/home/yichen/Desktop/Gemini_Security_Prompt06/F012.c|81|style|constVariablePointer|Variable 'note' can be declared as pointer to const,/home/yichen/Desktop/Gemini_Security_Results06/logs/F012_cppcheck.log
/home/yichen/Desktop/Gemini_Security_Prompt06/F012.c,cppcheck,True,success,True,0,11,88,style,constVariablePointer,Variable 'name' can be declared as pointer to const,/home/yichen/Desktop/Gemini_Security_Prompt06/F012.c|88|style|constVariablePointer|Variable 'name' can be declared as pointer to const,/home/yichen/Desktop/Gemini_Security_Results06/logs/F012_cppcheck.log
/home/yichen/Desktop/Gemini_Security_Prompt06/F012.c,cppcheck,True,success,True,0,11,111,style,constVariablePointer,Variable 'name' can be declared as pointer to const,/home/yichen/Desktop/Gemini_Security_Prompt06/F012.c|111|style|constVariablePointer|Variable 'name' can be declared as pointer to const,/home/yichen/Desktop/Gemini_Security_Results06/logs/F012_cppcheck.log
nofile,cppcheck,True,success,True,0,11,0,information,checkersReport,Active checkers: 113/592 (use --checkers-report=<filename> to see details),nofile|0|information|checkersReport|Active checkers: 113/592 (use --checkers-report=<filename> to see details),/home/yichen/Desktop/Gemini_Security_Results06/logs/F012_cppcheck.log
/home/yichen/Desktop/Gemini_Security_Prompt06/F013.c,cppcheck,True,success,True,0,11,2,information,missingIncludeSystem,Include file: <stdio.h> not found. Please note: Cppcheck does not need standard library headers to get proper results.,/home/yichen/Desktop/Gemini_Security_Prompt06/F013.c|2|information|missingIncludeSystem|Include file: <stdio.h> not found. Please note: Cppcheck does not need standard library headers to get proper results.,/home/yichen/Desktop/Gemini_Security_Results06/logs/F013_cppcheck.log
/home/yichen/Desktop/Gemini_Security_Prompt06/F013.c,cppcheck,True,success,True,0,11,3,information,missingIncludeSystem,Include file: <stdlib.h> not found. Please note: Cppcheck does not need standard library headers to get proper results.,/home/yichen/Desktop/Gemini_Security_Prompt06/F013.c|3|information|missingIncludeSystem|Include file: <stdlib.h> not found. Please note: Cppcheck does not need standard library headers to get proper results.,/home/yichen/Desktop/Gemini_Security_Results06/logs/F013_cppcheck.log
/home/yichen/Desktop/Gemini_Security_Prompt06/F013.c,cppcheck,True,success,True,0,11,4,information,missingIncludeSystem,Include file: <string.h> not found. Please note: Cppcheck does not need standard library headers to get proper results.,/home/yichen/Desktop/Gemini_Security_Prompt06/F013.c|4|information|missingIncludeSystem|Include file: <string.h> not found. Please note: Cppcheck does not need standard library headers to get proper results.,/home/yichen/Desktop/Gemini_Security_Results06/logs/F013_cppcheck.log
/home/yichen/Desktop/Gemini_Security_Prompt06/F013.c,cppcheck,True,success,True,0,11,76,error,memleakOnRealloc,Common realloc mistake: 'list' nulled but not freed upon failure,/home/yichen/Desktop/Gemini_Security_Prompt06/F013.c|76|error|memleakOnRealloc|Common realloc mistake: 'list' nulled but not freed upon failure,/home/yichen/Desktop/Gemini_Security_Results06/logs/F013_cppcheck.log
/home/yichen/Desktop/Gemini_Security_Prompt06/F013.c,cppcheck,True,success,True,0,11,114,error,memleakOnRealloc,Common realloc mistake: 'list' nulled but not freed upon failure,/home/yichen/Desktop/Gemini_Security_Prompt06/F013.c|114|error|memleakOnRealloc|Common realloc mistake: 'list' nulled but not freed upon failure,/home/yichen/Desktop/Gemini_Security_Results06/logs/F013_cppcheck.log
/home/yichen/Desktop/Gemini_Security_Prompt06/F013.c,cppcheck,True,success,True,0,11,74,style,constVariablePointer,Variable 'title' can be declared as pointer to const,/home/yichen/Desktop/Gemini_Security_Prompt06/F013.c|74|style|constVariablePointer|Variable 'title' can be declared as pointer to const,/home/yichen/Desktop/Gemini_Security_Results06/logs/F013_cppcheck.log
/home/yichen/Desktop/Gemini_Security_Prompt06/F013.c,cppcheck,True,success,True,0,11,75,style,constVariablePointer,Variable 'note' can be declared as pointer to const,/home/yichen/Desktop/Gemini_Security_Prompt06/F013.c|75|style|constVariablePointer|Variable 'note' can be declared as pointer to const,/home/yichen/Desktop/Gemini_Security_Results06/logs/F013_cppcheck.log
/home/yichen/Desktop/Gemini_Security_Prompt06/F013.c,cppcheck,True,success,True,0,11,83,style,constVariablePointer,Variable 'title' can be declared as pointer to const,/home/yichen/Desktop/Gemini_Security_Prompt06/F013.c|83|style|constVariablePointer|Variable 'title' can be declared as pointer to const,/home/yichen/Desktop/Gemini_Security_Results06/logs/F013_cppcheck.log
/home/yichen/Desktop/Gemini_Security_Prompt06/F013.c,cppcheck,True,success,True,0,11,95,style,constVariablePointer,Variable 'title' can be declared as pointer to const,/home/yichen/Desktop/Gemini_Security_Prompt06/F013.c|95|style|constVariablePointer|Variable 'title' can be declared as pointer to const,/home/yichen/Desktop/Gemini_Security_Results06/logs/F013_cppcheck.log
/home/yichen/Desktop/Gemini_Security_Prompt06/F013.c,cppcheck,True,success,True,0,11,118,style,constVariablePointer,Variable 'title' can be declared as pointer to const,/home/yichen/Desktop/Gemini_Security_Prompt06/F013.c|118|style|constVariablePointer|Variable 'title' can be declared as pointer to const,/home/yichen/Desktop/Gemini_Security_Results06/logs/F013_cppcheck.log
nofile,cppcheck,True,success,True,0,11,0,information,checkersReport,Active checkers: 113/592 (use --checkers-report=<filename> to see details),nofile|0|information|checkersReport|Active checkers: 113/592 (use --checkers-report=<filename> to see details),/home/yichen/Desktop/Gemini_Security_Results06/logs/F013_cppcheck.log
/home/yichen/Desktop/Gemini_Security_Prompt06/F014.c,cppcheck,True,success,True,0,12,2,information,missingIncludeSystem,Include file: <stdio.h> not found. Please note: Cppcheck does not need standard library headers to get proper results.,/home/yichen/Desktop/Gemini_Security_Prompt06/F014.c|2|information|missingIncludeSystem|Include file: <stdio.h> not found. Please note: Cppcheck does not need standard library headers to get proper results.,/home/yichen/Desktop/Gemini_Security_Results06/logs/F014_cppcheck.log
/home/yichen/Desktop/Gemini_Security_Prompt06/F014.c,cppcheck,True,success,True,0,12,3,information,missingIncludeSystem,Include file: <stdlib.h> not found. Please note: Cppcheck does not need standard library headers to get proper results.,/home/yichen/Desktop/Gemini_Security_Prompt06/F014.c|3|information|missingIncludeSystem|Include file: <stdlib.h> not found. Please note: Cppcheck does not need standard library headers to get proper results.,/home/yichen/Desktop/Gemini_Security_Results06/logs/F014_cppcheck.log
/home/yichen/Desktop/Gemini_Security_Prompt06/F014.c,cppcheck,True,success,True,0,12,4,information,missingIncludeSystem,Include file: <string.h> not found. Please note: Cppcheck does not need standard library headers to get proper results.,/home/yichen/Desktop/Gemini_Security_Prompt06/F014.c|4|information|missingIncludeSystem|Include file: <string.h> not found. Please note: Cppcheck does not need standard library headers to get proper results.,/home/yichen/Desktop/Gemini_Security_Results06/logs/F014_cppcheck.log
/home/yichen/Desktop/Gemini_Security_Prompt06/F014.c,cppcheck,True,success,True,0,12,68,error,memleakOnRealloc,Common realloc mistake: 'list' nulled but not freed upon failure,/home/yichen/Desktop/Gemini_Security_Prompt06/F014.c|68|error|memleakOnRealloc|Common realloc mistake: 'list' nulled but not freed upon failure,/home/yichen/Desktop/Gemini_Security_Results06/logs/F014_cppcheck.log
/home/yichen/Desktop/Gemini_Security_Prompt06/F014.c,cppcheck,True,success,True,0,12,142,error,memleakOnRealloc,Common realloc mistake: 'list' nulled but not freed upon failure,/home/yichen/Desktop/Gemini_Security_Prompt06/F014.c|142|error|memleakOnRealloc|Common realloc mistake: 'list' nulled but not freed upon failure,/home/yichen/Desktop/Gemini_Security_Results06/logs/F014_cppcheck.log
/home/yichen/Desktop/Gemini_Security_Prompt06/F014.c,cppcheck,True,success,True,0,12,66,style,constVariablePointer,Variable 'name' can be declared as pointer to const,/home/yichen/Desktop/Gemini_Security_Prompt06/F014.c|66|style|constVariablePointer|Variable 'name' can be declared as pointer to const,/home/yichen/Desktop/Gemini_Security_Results06/logs/F014_cppcheck.log
/home/yichen/Desktop/Gemini_Security_Prompt06/F014.c,cppcheck,True,success,True,0,12,67,style,constVariablePointer,Variable 'note' can be declared as pointer to const,/home/yichen/Desktop/Gemini_Security_Prompt06/F014.c|67|style|constVariablePointer|Variable 'note' can be declared as pointer to const,/home/yichen/Desktop/Gemini_Security_Results06/logs/F014_cppcheck.log
/home/yichen/Desktop/Gemini_Security_Prompt06/F014.c,cppcheck,True,success,True,0,12,79,style,constVariablePointer,Variable 'name' can be declared as pointer to const,/home/yichen/Desktop/Gemini_Security_Prompt06/F014.c|79|style|constVariablePointer|Variable 'name' can be declared as pointer to const,/home/yichen/Desktop/Gemini_Security_Results06/logs/F014_cppcheck.log
/home/yichen/Desktop/Gemini_Security_Prompt06/F014.c,cppcheck,True,success,True,0,12,80,style,constVariablePointer,Variable 'label' can be declared as pointer to const,/home/yichen/Desktop/Gemini_Security_Prompt06/F014.c|80|style|constVariablePointer|Variable 'label' can be declared as pointer to const,/home/yichen/Desktop/Gemini_Security_Results06/logs/F014_cppcheck.log
/home/yichen/Desktop/Gemini_Security_Prompt06/F014.c,cppcheck,True,success,True,0,12,119,style,constVariablePointer,Variable 'name' can be declared as pointer to const,/home/yichen/Desktop/Gemini_Security_Prompt06/F014.c|119|style|constVariablePointer|Variable 'name' can be declared as pointer to const,/home/yichen/Desktop/Gemini_Security_Results06/logs/F014_cppcheck.log
/home/yichen/Desktop/Gemini_Security_Prompt06/F014.c,cppcheck,True,success,True,0,12,146,style,constVariablePointer,Variable 'name' can be declared as pointer to const,/home/yichen/Desktop/Gemini_Security_Prompt06/F014.c|146|style|constVariablePointer|Variable 'name' can be declared as pointer to const,/home/yichen/Desktop/Gemini_Security_Results06/logs/F014_cppcheck.log
nofile,cppcheck,True,success,True,0,12,0,information,checkersReport,Active checkers: 113/592 (use --checkers-report=<filename> to see details),nofile|0|information|checkersReport|Active checkers: 113/592 (use --checkers-report=<filename> to see details),/home/yichen/Desktop/Gemini_Security_Results06/logs/F014_cppcheck.log
/home/yichen/Desktop/Gemini_Security_Prompt06/F015.c,cppcheck,True,success,True,0,18,2,information,missingIncludeSystem,Include file: <stdio.h> not found. Please note: Cppcheck does not need standard library headers to get proper results.,/home/yichen/Desktop/Gemini_Security_Prompt06/F015.c|2|information|missingIncludeSystem|Include file: <stdio.h> not found. Please note: Cppcheck does not need standard library headers to get proper results.,/home/yichen/Desktop/Gemini_Security_Results06/logs/F015_cppcheck.log
/home/yichen/Desktop/Gemini_Security_Prompt06/F015.c,cppcheck,True,success,True,0,18,3,information,missingIncludeSystem,Include file: <stdlib.h> not found. Please note: Cppcheck does not need standard library headers to get proper results.,/home/yichen/Desktop/Gemini_Security_Prompt06/F015.c|3|information|missingIncludeSystem|Include file: <stdlib.h> not found. Please note: Cppcheck does not need standard library headers to get proper results.,/home/yichen/Desktop/Gemini_Security_Results06/logs/F015_cppcheck.log
/home/yichen/Desktop/Gemini_Security_Prompt06/F015.c,cppcheck,True,success,True,0,18,4,information,missingIncludeSystem,Include file: <string.h> not found. Please note: Cppcheck does not need standard library headers to get proper results.,/home/yichen/Desktop/Gemini_Security_Prompt06/F015.c|4|information|missingIncludeSystem|Include file: <string.h> not found. Please note: Cppcheck does not need standard library headers to get proper results.,/home/yichen/Desktop/Gemini_Security_Results06/logs/F015_cppcheck.log
/home/yichen/Desktop/Gemini_Security_Prompt06/F015.c,cppcheck,True,success,True,0,18,73,error,memleakOnRealloc,Common realloc mistake: 'list' nulled but not freed upon failure,/home/yichen/Desktop/Gemini_Security_Prompt06/F015.c|73|error|memleakOnRealloc|Common realloc mistake: 'list' nulled but not freed upon failure,/home/yichen/Desktop/Gemini_Security_Results06/logs/F015_cppcheck.log
/home/yichen/Desktop/Gemini_Security_Prompt06/F015.c,cppcheck,True,success,True,0,18,130,error,memleakOnRealloc,Common realloc mistake: 'list' nulled but not freed upon failure,/home/yichen/Desktop/Gemini_Security_Prompt06/F015.c|130|error|memleakOnRealloc|Common realloc mistake: 'list' nulled but not freed upon failure,/home/yichen/Desktop/Gemini_Security_Results06/logs/F015_cppcheck.log
/home/yichen/Desktop/Gemini_Security_Prompt06/F015.c,cppcheck,True,success,True,0,18,156,error,memleakOnRealloc,Common realloc mistake: 'list' nulled but not freed upon failure,/home/yichen/Desktop/Gemini_Security_Prompt06/F015.c|156|error|memleakOnRealloc|Common realloc mistake: 'list' nulled but not freed upon failure,/home/yichen/Desktop/Gemini_Security_Results06/logs/F015_cppcheck.log
/home/yichen/Desktop/Gemini_Security_Prompt06/F015.c,cppcheck,True,success,True,0,18,66,style,constVariablePointer,Variable 'name' can be declared as pointer to const,/home/yichen/Desktop/Gemini_Security_Prompt06/F015.c|66|style|constVariablePointer|Variable 'name' can be declared as pointer to const,/home/yichen/Desktop/Gemini_Security_Results06/logs/F015_cppcheck.log
/home/yichen/Desktop/Gemini_Security_Prompt06/F015.c,cppcheck,True,success,True,0,18,71,style,constVariablePointer,Variable 'email' can be declared as pointer to const,/home/yichen/Desktop/Gemini_Security_Prompt06/F015.c|71|style|constVariablePointer|Variable 'email' can be declared as pointer to const,/home/yichen/Desktop/Gemini_Security_Results06/logs/F015_cppcheck.log
/home/yichen/Desktop/Gemini_Security_Prompt06/F015.c,cppcheck,True,success,True,0,18,72,style,constVariablePointer,Variable 'phone' can be declared as pointer to const,/home/yichen/Desktop/Gemini_Security_Prompt06/F015.c|72|style|constVariablePointer|Variable 'phone' can be declared as pointer to const,/home/yichen/Desktop/Gemini_Security_Results06/logs/F015_cppcheck.log
/home/yichen/Desktop/Gemini_Security_Prompt06/F015.c,cppcheck,True,success,True,0,18,85,style,constVariablePointer,Variable 'name' can be declared as pointer to const,/home/yichen/Desktop/Gemini_Security_Prompt06/F015.c|85|style|constVariablePointer|Variable 'name' can be declared as pointer to const,/home/yichen/Desktop/Gemini_Security_Results06/logs/F015_cppcheck.log
/home/yichen/Desktop/Gemini_Security_Prompt06/F015.c,cppcheck,True,success,True,0,18,86,style,constVariablePointer,Variable 'text' can be declared as pointer to const,/home/yichen/Desktop/Gemini_Security_Prompt06/F015.c|86|style|constVariablePointer|Variable 'text' can be declared as pointer to const,/home/yichen/Desktop/Gemini_Security_Results06/logs/F015_cppcheck.log
/home/yichen/Desktop/Gemini_Security_Prompt06/F015.c,cppcheck,True,success,True,0,18,99,style,constVariablePointer,Variable 'keep' can be declared as pointer to const,/home/yichen/Desktop/Gemini_Security_Prompt06/F015.c|99|style|constVariablePointer|Variable 'keep' can be declared as pointer to const,/home/yichen/Desktop/Gemini_Security_Results06/logs/F015_cppcheck.log
/home/yichen/Desktop/Gemini_Security_Prompt06/F015.c,cppcheck,True,success,True,0,18,100,style,constVariablePointer,Variable 'remove' can be declared as pointer to const,/home/yichen/Desktop/Gemini_Security_Prompt06/F015.c|100|style|constVariablePointer|Variable 'remove' can be declared as pointer to const,/home/yichen/Desktop/Gemini_Security_Results06/logs/F015_cppcheck.log
/home/yichen/Desktop/Gemini_Security_Prompt06/F015.c,cppcheck,True,success,True,0,18,107,style,constVariablePointer,Variable 'k_note' can be declared as pointer to const,/home/yichen/Desktop/Gemini_Security_Prompt06/F015.c|107|style|constVariablePointer|Variable 'k_note' can be declared as pointer to const,/home/yichen/Desktop/Gemini_Security_Results06/logs/F015_cppcheck.log
/home/yichen/Desktop/Gemini_Security_Prompt06/F015.c,cppcheck,True,success,True,0,18,108,style,constVariablePointer,Variable 'r_note' can be declared as pointer to const,/home/yichen/Desktop/Gemini_Security_Prompt06/F015.c|108|style|constVariablePointer|Variable 'r_note' can be declared as pointer to const,/home/yichen/Desktop/Gemini_Security_Results06/logs/F015_cppcheck.log
/home/yichen/Desktop/Gemini_Security_Prompt06/F015.c,cppcheck,True,success,True,0,18,135,style,constVariablePointer,Variable 'name' can be declared as pointer to const,/home/yichen/Desktop/Gemini_Security_Prompt06/F015.c|135|style|constVariablePointer|Variable 'name' can be declared as pointer to const,/home/yichen/Desktop/Gemini_Security_Results06/logs/F015_cppcheck.log
/home/yichen/Desktop/Gemini_Security_Prompt06/F015.c,cppcheck,True,success,True,0,18,160,style,constVariablePointer,Variable 'name' can be declared as pointer to const,/home/yichen/Desktop/Gemini_Security_Prompt06/F015.c|160|style|constVariablePointer|Variable 'name' can be declared as pointer to const,/home/yichen/Desktop/Gemini_Security_Results06/logs/F015_cppcheck.log
nofile,cppcheck,True,success,True,0,18,0,information,checkersReport,Active checkers: 113/592 (use --checkers-report=<filename> to see details),nofile|0|information|checkersReport|Active checkers: 113/592 (use --checkers-report=<filename> to see details),/home/yichen/Desktop/Gemini_Security_Results06/logs/F015_cppcheck.log
/home/yichen/Desktop/Gemini_Security_Prompt06/F016.c,cppcheck,True,success,True,0,15,2,information,missingIncludeSystem,Include file: <stdio.h> not found. Please note: Cppcheck does not need standard library headers to get proper results.,/home/yichen/Desktop/Gemini_Security_Prompt06/F016.c|2|information|missingIncludeSystem|Include file: <stdio.h> not found. Please note: Cppcheck does not need standard library headers to get proper results.,/home/yichen/Desktop/Gemini_Security_Results06/logs/F016_cppcheck.log
/home/yichen/Desktop/Gemini_Security_Prompt06/F016.c,cppcheck,True,success,True,0,15,3,information,missingIncludeSystem,Include file: <stdlib.h> not found. Please note: Cppcheck does not need standard library headers to get proper results.,/home/yichen/Desktop/Gemini_Security_Prompt06/F016.c|3|information|missingIncludeSystem|Include file: <stdlib.h> not found. Please note: Cppcheck does not need standard library headers to get proper results.,/home/yichen/Desktop/Gemini_Security_Results06/logs/F016_cppcheck.log
/home/yichen/Desktop/Gemini_Security_Prompt06/F016.c,cppcheck,True,success,True,0,15,4,information,missingIncludeSystem,Include file: <string.h> not found. Please note: Cppcheck does not need standard library headers to get proper results.,/home/yichen/Desktop/Gemini_Security_Prompt06/F016.c|4|information|missingIncludeSystem|Include file: <string.h> not found. Please note: Cppcheck does not need standard library headers to get proper results.,/home/yichen/Desktop/Gemini_Security_Results06/logs/F016_cppcheck.log
/home/yichen/Desktop/Gemini_Security_Prompt06/F016.c,cppcheck,True,success,True,0,15,56,error,memleakOnRealloc,Common realloc mistake: 'list' nulled but not freed upon failure,/home/yichen/Desktop/Gemini_Security_Prompt06/F016.c|56|error|memleakOnRealloc|Common realloc mistake: 'list' nulled but not freed upon failure,/home/yichen/Desktop/Gemini_Security_Results06/logs/F016_cppcheck.log
/home/yichen/Desktop/Gemini_Security_Prompt06/F016.c,cppcheck,True,success,True,0,15,98,error,memleakOnRealloc,Common realloc mistake: 'list' nulled but not freed upon failure,/home/yichen/Desktop/Gemini_Security_Prompt06/F016.c|98|error|memleakOnRealloc|Common realloc mistake: 'list' nulled but not freed upon failure,/home/yichen/Desktop/Gemini_Security_Results06/logs/F016_cppcheck.log
/home/yichen/Desktop/Gemini_Security_Prompt06/F016.c,cppcheck,True,success,True,0,15,126,error,memleakOnRealloc,Common realloc mistake: 'list' nulled but not freed upon failure,/home/yichen/Desktop/Gemini_Security_Prompt06/F016.c|126|error|memleakOnRealloc|Common realloc mistake: 'list' nulled but not freed upon failure,/home/yichen/Desktop/Gemini_Security_Results06/logs/F016_cppcheck.log
/home/yichen/Desktop/Gemini_Security_Prompt06/F016.c,cppcheck,True,success,True,0,15,53,style,constVariablePointer,Variable 'name' can be declared as pointer to const,/home/yichen/Desktop/Gemini_Security_Prompt06/F016.c|53|style|constVariablePointer|Variable 'name' can be declared as pointer to const,/home/yichen/Desktop/Gemini_Security_Results06/logs/F016_cppcheck.log
/home/yichen/Desktop/Gemini_Security_Prompt06/F016.c,cppcheck,True,success,True,0,15,54,style,constVariablePointer,Variable 'email' can be declared as pointer to const,/home/yichen/Desktop/Gemini_Security_Prompt06/F016.c|54|style|constVariablePointer|Variable 'email' can be declared as pointer to const,/home/yichen/Desktop/Gemini_Security_Results06/logs/F016_cppcheck.log
/home/yichen/Desktop/Gemini_Security_Prompt06/F016.c,cppcheck,True,success,True,0,15,55,style,constVariablePointer,Variable 'phone' can be declared as pointer to const,/home/yichen/Desktop/Gemini_Security_Prompt06/F016.c|55|style|constVariablePointer|Variable 'phone' can be declared as pointer to const,/home/yichen/Desktop/Gemini_Security_Results06/logs/F016_cppcheck.log
/home/yichen/Desktop/Gemini_Security_Prompt06/F016.c,cppcheck,True,success,True,0,15,95,style,constVariablePointer,Variable 'name' can be declared as pointer to const,/home/yichen/Desktop/Gemini_Security_Prompt06/F016.c|95|style|constVariablePointer|Variable 'name' can be declared as pointer to const,/home/yichen/Desktop/Gemini_Security_Results06/logs/F016_cppcheck.log
/home/yichen/Desktop/Gemini_Security_Prompt06/F016.c,cppcheck,True,success,True,0,15,96,style,constVariablePointer,Variable 'email' can be declared as pointer to const,/home/yichen/Desktop/Gemini_Security_Prompt06/F016.c|96|style|constVariablePointer|Variable 'email' can be declared as pointer to const,/home/yichen/Desktop/Gemini_Security_Results06/logs/F016_cppcheck.log
/home/yichen/Desktop/Gemini_Security_Prompt06/F016.c,cppcheck,True,success,True,0,15,97,style,constVariablePointer,Variable 'phone' can be declared as pointer to const,/home/yichen/Desktop/Gemini_Security_Prompt06/F016.c|97|style|constVariablePointer|Variable 'phone' can be declared as pointer to const,/home/yichen/Desktop/Gemini_Security_Results06/logs/F016_cppcheck.log
/home/yichen/Desktop/Gemini_Security_Prompt06/F016.c,cppcheck,True,success,True,0,15,106,style,constVariablePointer,Variable 'name' can be declared as pointer to const,/home/yichen/Desktop/Gemini_Security_Prompt06/F016.c|106|style|constVariablePointer|Variable 'name' can be declared as pointer to const,/home/yichen/Desktop/Gemini_Security_Results06/logs/F016_cppcheck.log
/home/yichen/Desktop/Gemini_Security_Prompt06/F016.c,cppcheck,True,success,True,0,15,130,style,constVariablePointer,Variable 'name' can be declared as pointer to const,/home/yichen/Desktop/Gemini_Security_Prompt06/F016.c|130|style|constVariablePointer|Variable 'name' can be declared as pointer to const,/home/yichen/Desktop/Gemini_Security_Results06/logs/F016_cppcheck.log
nofile,cppcheck,True,success,True,0,15,0,information,checkersReport,Active checkers: 113/592 (use --checkers-report=<filename> to see details),nofile|0|information|checkersReport|Active checkers: 113/592 (use --checkers-report=<filename> to see details),/home/yichen/Desktop/Gemini_Security_Results06/logs/F016_cppcheck.log
/home/yichen/Desktop/Gemini_Security_Prompt06/F017.c,cppcheck,True,success,True,0,13,2,information,missingIncludeSystem,Include file: <stdio.h> not found. Please note: Cppcheck does not need standard library headers to get proper results.,/home/yichen/Desktop/Gemini_Security_Prompt06/F017.c|2|information|missingIncludeSystem|Include file: <stdio.h> not found. Please note: Cppcheck does not need standard library headers to get proper results.,/home/yichen/Desktop/Gemini_Security_Results06/logs/F017_cppcheck.log
/home/yichen/Desktop/Gemini_Security_Prompt06/F017.c,cppcheck,True,success,True,0,13,3,information,missingIncludeSystem,Include file: <stdlib.h> not found. Please note: Cppcheck does not need standard library headers to get proper results.,/home/yichen/Desktop/Gemini_Security_Prompt06/F017.c|3|information|missingIncludeSystem|Include file: <stdlib.h> not found. Please note: Cppcheck does not need standard library headers to get proper results.,/home/yichen/Desktop/Gemini_Security_Results06/logs/F017_cppcheck.log
/home/yichen/Desktop/Gemini_Security_Prompt06/F017.c,cppcheck,True,success,True,0,13,4,information,missingIncludeSystem,Include file: <string.h> not found. Please note: Cppcheck does not need standard library headers to get proper results.,/home/yichen/Desktop/Gemini_Security_Prompt06/F017.c|4|information|missingIncludeSystem|Include file: <string.h> not found. Please note: Cppcheck does not need standard library headers to get proper results.,/home/yichen/Desktop/Gemini_Security_Results06/logs/F017_cppcheck.log
/home/yichen/Desktop/Gemini_Security_Prompt06/F017.c,cppcheck,True,success,True,0,13,51,error,memleakOnRealloc,Common realloc mistake: 'list' nulled but not freed upon failure,/home/yichen/Desktop/Gemini_Security_Prompt06/F017.c|51|error|memleakOnRealloc|Common realloc mistake: 'list' nulled but not freed upon failure,/home/yichen/Desktop/Gemini_Security_Results06/logs/F017_cppcheck.log
/home/yichen/Desktop/Gemini_Security_Prompt06/F017.c,cppcheck,True,success,True,0,13,98,error,memleakOnRealloc,Common realloc mistake: 'list' nulled but not freed upon failure,/home/yichen/Desktop/Gemini_Security_Prompt06/F017.c|98|error|memleakOnRealloc|Common realloc mistake: 'list' nulled but not freed upon failure,/home/yichen/Desktop/Gemini_Security_Results06/logs/F017_cppcheck.log
/home/yichen/Desktop/Gemini_Security_Prompt06/F017.c,cppcheck,True,success,True,0,13,124,error,memleakOnRealloc,Common realloc mistake: 'list' nulled but not freed upon failure,/home/yichen/Desktop/Gemini_Security_Prompt06/F017.c|124|error|memleakOnRealloc|Common realloc mistake: 'list' nulled but not freed upon failure,/home/yichen/Desktop/Gemini_Security_Results06/logs/F017_cppcheck.log
/home/yichen/Desktop/Gemini_Security_Prompt06/F017.c,cppcheck,True,success,True,0,13,49,style,constVariablePointer,Variable 'key' can be declared as pointer to const,/home/yichen/Desktop/Gemini_Security_Prompt06/F017.c|49|style|constVariablePointer|Variable 'key' can be declared as pointer to const,/home/yichen/Desktop/Gemini_Security_Results06/logs/F017_cppcheck.log
/home/yichen/Desktop/Gemini_Security_Prompt06/F017.c,cppcheck,True,success,True,0,13,50,style,constVariablePointer,Variable 'value' can be declared as pointer to const,/home/yichen/Desktop/Gemini_Security_Prompt06/F017.c|50|style|constVariablePointer|Variable 'value' can be declared as pointer to const,/home/yichen/Desktop/Gemini_Security_Results06/logs/F017_cppcheck.log
/home/yichen/Desktop/Gemini_Security_Prompt06/F017.c,cppcheck,True,success,True,0,13,85,style,constVariablePointer,Variable 'key' can be declared as pointer to const,/home/yichen/Desktop/Gemini_Security_Prompt06/F017.c|85|style|constVariablePointer|Variable 'key' can be declared as pointer to const,/home/yichen/Desktop/Gemini_Security_Results06/logs/F017_cppcheck.log
/home/yichen/Desktop/Gemini_Security_Prompt06/F017.c,cppcheck,True,success,True,0,13,86,style,constVariablePointer,Variable 'value' can be declared as pointer to const,/home/yichen/Desktop/Gemini_Security_Prompt06/F017.c|86|style|constVariablePointer|Variable 'value' can be declared as pointer to const,/home/yichen/Desktop/Gemini_Security_Results06/logs/F017_cppcheck.log
/home/yichen/Desktop/Gemini_Security_Prompt06/F017.c,cppcheck,True,success,True,0,13,105,style,constVariablePointer,Variable 'key' can be declared as pointer to const,/home/yichen/Desktop/Gemini_Security_Prompt06/F017.c|105|style|constVariablePointer|Variable 'key' can be declared as pointer to const,/home/yichen/Desktop/Gemini_Security_Results06/logs/F017_cppcheck.log
/home/yichen/Desktop/Gemini_Security_Prompt06/F017.c,cppcheck,True,success,True,0,13,128,style,constVariablePointer,Variable 'key' can be declared as pointer to const,/home/yichen/Desktop/Gemini_Security_Prompt06/F017.c|128|style|constVariablePointer|Variable 'key' can be declared as pointer to const,/home/yichen/Desktop/Gemini_Security_Results06/logs/F017_cppcheck.log
nofile,cppcheck,True,success,True,0,13,0,information,checkersReport,Active checkers: 113/592 (use --checkers-report=<filename> to see details),nofile|0|information|checkersReport|Active checkers: 113/592 (use --checkers-report=<filename> to see details),/home/yichen/Desktop/Gemini_Security_Results06/logs/F017_cppcheck.log
/home/yichen/Desktop/Gemini_Security_Prompt06/F018.c,cppcheck,True,success,True,0,8,2,information,missingIncludeSystem,Include file: <stdio.h> not found. Please note: Cppcheck does not need standard library headers to get proper results.,/home/yichen/Desktop/Gemini_Security_Prompt06/F018.c|2|information|missingIncludeSystem|Include file: <stdio.h> not found. Please note: Cppcheck does not need standard library headers to get proper results.,/home/yichen/Desktop/Gemini_Security_Results06/logs/F018_cppcheck.log
/home/yichen/Desktop/Gemini_Security_Prompt06/F018.c,cppcheck,True,success,True,0,8,3,information,missingIncludeSystem,Include file: <stdlib.h> not found. Please note: Cppcheck does not need standard library headers to get proper results.,/home/yichen/Desktop/Gemini_Security_Prompt06/F018.c|3|information|missingIncludeSystem|Include file: <stdlib.h> not found. Please note: Cppcheck does not need standard library headers to get proper results.,/home/yichen/Desktop/Gemini_Security_Results06/logs/F018_cppcheck.log
/home/yichen/Desktop/Gemini_Security_Prompt06/F018.c,cppcheck,True,success,True,0,8,4,information,missingIncludeSystem,Include file: <string.h> not found. Please note: Cppcheck does not need standard library headers to get proper results.,/home/yichen/Desktop/Gemini_Security_Prompt06/F018.c|4|information|missingIncludeSystem|Include file: <string.h> not found. Please note: Cppcheck does not need standard library headers to get proper results.,/home/yichen/Desktop/Gemini_Security_Results06/logs/F018_cppcheck.log
/home/yichen/Desktop/Gemini_Security_Prompt06/F018.c,cppcheck,True,success,True,0,8,57,error,memleakOnRealloc,Common realloc mistake: 'list' nulled but not freed upon failure,/home/yichen/Desktop/Gemini_Security_Prompt06/F018.c|57|error|memleakOnRealloc|Common realloc mistake: 'list' nulled but not freed upon failure,/home/yichen/Desktop/Gemini_Security_Results06/logs/F018_cppcheck.log
/home/yichen/Desktop/Gemini_Security_Prompt06/F018.c,cppcheck,True,success,True,0,8,108,error,memleakOnRealloc,Common realloc mistake: 'list' nulled but not freed upon failure,/home/yichen/Desktop/Gemini_Security_Prompt06/F018.c|108|error|memleakOnRealloc|Common realloc mistake: 'list' nulled but not freed upon failure,/home/yichen/Desktop/Gemini_Security_Results06/logs/F018_cppcheck.log
/home/yichen/Desktop/Gemini_Security_Prompt06/F018.c,cppcheck,True,success,True,0,8,131,error,memleakOnRealloc,Common realloc mistake: 'list' nulled but not freed upon failure,/home/yichen/Desktop/Gemini_Security_Prompt06/F018.c|131|error|memleakOnRealloc|Common realloc mistake: 'list' nulled but not freed upon failure,/home/yichen/Desktop/Gemini_Security_Results06/logs/F018_cppcheck.log
/home/yichen/Desktop/Gemini_Security_Prompt06/F018.c,cppcheck,True,success,True,0,8,96,style,constVariablePointer,Variable 'text' can be declared as pointer to const,/home/yichen/Desktop/Gemini_Security_Prompt06/F018.c|96|style|constVariablePointer|Variable 'text' can be declared as pointer to const,/home/yichen/Desktop/Gemini_Security_Results06/logs/F018_cppcheck.log
nofile,cppcheck,True,success,True,0,8,0,information,checkersReport,Active checkers: 113/592 (use --checkers-report=<filename> to see details),nofile|0|information|checkersReport|Active checkers: 113/592 (use --checkers-report=<filename> to see details),/home/yichen/Desktop/Gemini_Security_Results06/logs/F018_cppcheck.log
/home/yichen/Desktop/Gemini_Security_Prompt06/F019.c,cppcheck,True,success,True,0,16,2,information,missingIncludeSystem,Include file: <stdio.h> not found. Please note: Cppcheck does not need standard library headers to get proper results.,/home/yichen/Desktop/Gemini_Security_Prompt06/F019.c|2|information|missingIncludeSystem|Include file: <stdio.h> not found. Please note: Cppcheck does not need standard library headers to get proper results.,/home/yichen/Desktop/Gemini_Security_Results06/logs/F019_cppcheck.log
/home/yichen/Desktop/Gemini_Security_Prompt06/F019.c,cppcheck,True,success,True,0,16,3,information,missingIncludeSystem,Include file: <stdlib.h> not found. Please note: Cppcheck does not need standard library headers to get proper results.,/home/yichen/Desktop/Gemini_Security_Prompt06/F019.c|3|information|missingIncludeSystem|Include file: <stdlib.h> not found. Please note: Cppcheck does not need standard library headers to get proper results.,/home/yichen/Desktop/Gemini_Security_Results06/logs/F019_cppcheck.log
/home/yichen/Desktop/Gemini_Security_Prompt06/F019.c,cppcheck,True,success,True,0,16,4,information,missingIncludeSystem,Include file: <string.h> not found. Please note: Cppcheck does not need standard library headers to get proper results.,/home/yichen/Desktop/Gemini_Security_Prompt06/F019.c|4|information|missingIncludeSystem|Include file: <string.h> not found. Please note: Cppcheck does not need standard library headers to get proper results.,/home/yichen/Desktop/Gemini_Security_Results06/logs/F019_cppcheck.log
/home/yichen/Desktop/Gemini_Security_Prompt06/F019.c,cppcheck,True,success,True,0,16,70,error,memleakOnRealloc,Common realloc mistake: 'accs' nulled but not freed upon failure,/home/yichen/Desktop/Gemini_Security_Prompt06/F019.c|70|error|memleakOnRealloc|Common realloc mistake: 'accs' nulled but not freed upon failure,/home/yichen/Desktop/Gemini_Security_Results06/logs/F019_cppcheck.log
/home/yichen/Desktop/Gemini_Security_Prompt06/F019.c,cppcheck,True,success,True,0,16,75,error,memleakOnRealloc,Common realloc mistake: 'txs' nulled but not freed upon failure,/home/yichen/Desktop/Gemini_Security_Prompt06/F019.c|75|error|memleakOnRealloc|Common realloc mistake: 'txs' nulled but not freed upon failure,/home/yichen/Desktop/Gemini_Security_Results06/logs/F019_cppcheck.log
/home/yichen/Desktop/Gemini_Security_Prompt06/F019.c,cppcheck,True,success,True,0,16,128,error,memleakOnRealloc,Common realloc mistake: 'accs' nulled but not freed upon failure,/home/yichen/Desktop/Gemini_Security_Prompt06/F019.c|128|error|memleakOnRealloc|Common realloc mistake: 'accs' nulled but not freed upon failure,/home/yichen/Desktop/Gemini_Security_Results06/logs/F019_cppcheck.log
/home/yichen/Desktop/Gemini_Security_Prompt06/F019.c,cppcheck,True,success,True,0,16,133,error,memleakOnRealloc,Common realloc mistake: 'txs' nulled but not freed upon failure,/home/yichen/Desktop/Gemini_Security_Prompt06/F019.c|133|error|memleakOnRealloc|Common realloc mistake: 'txs' nulled but not freed upon failure,/home/yichen/Desktop/Gemini_Security_Results06/logs/F019_cppcheck.log
/home/yichen/Desktop/Gemini_Security_Prompt06/F019.c,cppcheck,True,success,True,0,16,160,error,memleakOnRealloc,Common realloc mistake: 'accs' nulled but not freed upon failure,/home/yichen/Desktop/Gemini_Security_Prompt06/F019.c|160|error|memleakOnRealloc|Common realloc mistake: 'accs' nulled but not freed upon failure,/home/yichen/Desktop/Gemini_Security_Results06/logs/F019_cppcheck.log
/home/yichen/Desktop/Gemini_Security_Prompt06/F019.c,cppcheck,True,success,True,0,16,165,error,memleakOnRealloc,Common realloc mistake: 'txs' nulled but not freed upon failure,/home/yichen/Desktop/Gemini_Security_Prompt06/F019.c|165|error|memleakOnRealloc|Common realloc mistake: 'txs' nulled but not freed upon failure,/home/yichen/Desktop/Gemini_Security_Results06/logs/F019_cppcheck.log
/home/yichen/Desktop/Gemini_Security_Prompt06/F019.c,cppcheck,True,success,True,0,16,108,style,constVariablePointer,Variable 'account' can be declared as pointer to const,/home/yichen/Desktop/Gemini_Security_Prompt06/F019.c|108|style|constVariablePointer|Variable 'account' can be declared as pointer to const,/home/yichen/Desktop/Gemini_Security_Results06/logs/F019_cppcheck.log
/home/yichen/Desktop/Gemini_Security_Prompt06/F019.c,cppcheck,True,success,True,0,16,113,style,constVariablePointer,Variable 'amt_str' can be declared as pointer to const,/home/yichen/Desktop/Gemini_Security_Prompt06/F019.c|113|style|constVariablePointer|Variable 'amt_str' can be declared as pointer to const,/home/yichen/Desktop/Gemini_Security_Results06/logs/F019_cppcheck.log
/home/yichen/Desktop/Gemini_Security_Prompt06/F019.c,cppcheck,True,success,True,0,16,114,style,constVariablePointer,Variable 'memo' can be declared as pointer to const,/home/yichen/Desktop/Gemini_Security_Prompt06/F019.c|114|style|constVariablePointer|Variable 'memo' can be declared as pointer to const,/home/yichen/Desktop/Gemini_Security_Results06/logs/F019_cppcheck.log
/home/yichen/Desktop/Gemini_Security_Prompt06/F019.c,cppcheck,True,success,True,0,16,145,style,constVariablePointer,Variable 'account' can be declared as pointer to const,/home/yichen/Desktop/Gemini_Security_Prompt06/F019.c|145|style|constVariablePointer|Variable 'account' can be declared as pointer to const,/home/yichen/Desktop/Gemini_Security_Results06/logs/F019_cppcheck.log
/home/yichen/Desktop/Gemini_Security_Prompt06/F019.c,cppcheck,True,success,True,0,16,146,style,constVariablePointer,Variable 'amt_str' can be declared as pointer to const,/home/yichen/Desktop/Gemini_Security_Prompt06/F019.c|146|style|constVariablePointer|Variable 'amt_str' can be declared as pointer to const,/home/yichen/Desktop/Gemini_Security_Results06/logs/F019_cppcheck.log
/home/yichen/Desktop/Gemini_Security_Prompt06/F019.c,cppcheck,True,success,True,0,16,173,style,constVariablePointer,Variable 'account' can be declared as pointer to const,/home/yichen/Desktop/Gemini_Security_Prompt06/F019.c|173|style|constVariablePointer|Variable 'account' can be declared as pointer to const,/home/yichen/Desktop/Gemini_Security_Results06/logs/F019_cppcheck.log
nofile,cppcheck,True,success,True,0,16,0,information,checkersReport,Active checkers: 113/592 (use --checkers-report=<filename> to see details),nofile|0|information|checkersReport|Active checkers: 113/592 (use --checkers-report=<filename> to see details),/home/yichen/Desktop/Gemini_Security_Results06/logs/F019_cppcheck.log
/home/yichen/Desktop/Gemini_Security_Prompt06/F020.c,cppcheck,True,success,True,0,8,2,information,missingIncludeSystem,Include file: <stdio.h> not found. Please note: Cppcheck does not need standard library headers to get proper results.,/home/yichen/Desktop/Gemini_Security_Prompt06/F020.c|2|information|missingIncludeSystem|Include file: <stdio.h> not found. Please note: Cppcheck does not need standard library headers to get proper results.,/home/yichen/Desktop/Gemini_Security_Results06/logs/F020_cppcheck.log
/home/yichen/Desktop/Gemini_Security_Prompt06/F020.c,cppcheck,True,success,True,0,8,3,information,missingIncludeSystem,Include file: <stdlib.h> not found. Please note: Cppcheck does not need standard library headers to get proper results.,/home/yichen/Desktop/Gemini_Security_Prompt06/F020.c|3|information|missingIncludeSystem|Include file: <stdlib.h> not found. Please note: Cppcheck does not need standard library headers to get proper results.,/home/yichen/Desktop/Gemini_Security_Results06/logs/F020_cppcheck.log
/home/yichen/Desktop/Gemini_Security_Prompt06/F020.c,cppcheck,True,success,True,0,8,4,information,missingIncludeSystem,Include file: <string.h> not found. Please note: Cppcheck does not need standard library headers to get proper results.,/home/yichen/Desktop/Gemini_Security_Prompt06/F020.c|4|information|missingIncludeSystem|Include file: <string.h> not found. Please note: Cppcheck does not need standard library headers to get proper results.,/home/yichen/Desktop/Gemini_Security_Results06/logs/F020_cppcheck.log
/home/yichen/Desktop/Gemini_Security_Prompt06/F020.c,cppcheck,True,success,True,0,8,51,error,memleakOnRealloc,Common realloc mistake: 'list' nulled but not freed upon failure,/home/yichen/Desktop/Gemini_Security_Prompt06/F020.c|51|error|memleakOnRealloc|Common realloc mistake: 'list' nulled but not freed upon failure,/home/yichen/Desktop/Gemini_Security_Results06/logs/F020_cppcheck.log
/home/yichen/Desktop/Gemini_Security_Prompt06/F020.c,cppcheck,True,success,True,0,8,128,error,memleakOnRealloc,Common realloc mistake: 'list' nulled but not freed upon failure,/home/yichen/Desktop/Gemini_Security_Prompt06/F020.c|128|error|memleakOnRealloc|Common realloc mistake: 'list' nulled but not freed upon failure,/home/yichen/Desktop/Gemini_Security_Results06/logs/F020_cppcheck.log
/home/yichen/Desktop/Gemini_Security_Prompt06/F020.c,cppcheck,True,success,True,0,8,132,error,memleakOnRealloc,Common realloc mistake: 'list' nulled but not freed upon failure,/home/yichen/Desktop/Gemini_Security_Prompt06/F020.c|132|error|memleakOnRealloc|Common realloc mistake: 'list' nulled but not freed upon failure,/home/yichen/Desktop/Gemini_Security_Results06/logs/F020_cppcheck.log
/home/yichen/Desktop/Gemini_Security_Prompt06/F020.c,cppcheck,True,success,True,0,8,95,style,constVariablePointer,Variable 'title' can be declared as pointer to const,/home/yichen/Desktop/Gemini_Security_Prompt06/F020.c|95|style|constVariablePointer|Variable 'title' can be declared as pointer to const,/home/yichen/Desktop/Gemini_Security_Results06/logs/F020_cppcheck.log
nofile,cppcheck,True,success,True,0,8,0,information,checkersReport,Active checkers: 113/592 (use --checkers-report=<filename> to see details),nofile|0|information|checkersReport|Active checkers: 113/592 (use --checkers-report=<filename> to see details),/home/yichen/Desktop/Gemini_Security_Results06/logs/F020_cppcheck.log
/home/yichen/Desktop/Gemini_Security_Prompt06/F021.c,cppcheck,True,success,True,0,17,2,information,missingIncludeSystem,Include file: <stdio.h> not found. Please note: Cppcheck does not need standard library headers to get proper results.,/home/yichen/Desktop/Gemini_Security_Prompt06/F021.c|2|information|missingIncludeSystem|Include file: <stdio.h> not found. Please note: Cppcheck does not need standard library headers to get proper results.,/home/yichen/Desktop/Gemini_Security_Results06/logs/F021_cppcheck.log
/home/yichen/Desktop/Gemini_Security_Prompt06/F021.c,cppcheck,True,success,True,0,17,3,information,missingIncludeSystem,Include file: <stdlib.h> not found. Please note: Cppcheck does not need standard library headers to get proper results.,/home/yichen/Desktop/Gemini_Security_Prompt06/F021.c|3|information|missingIncludeSystem|Include file: <stdlib.h> not found. Please note: Cppcheck does not need standard library headers to get proper results.,/home/yichen/Desktop/Gemini_Security_Results06/logs/F021_cppcheck.log
/home/yichen/Desktop/Gemini_Security_Prompt06/F021.c,cppcheck,True,success,True,0,17,4,information,missingIncludeSystem,Include file: <string.h> not found. Please note: Cppcheck does not need standard library headers to get proper results.,/home/yichen/Desktop/Gemini_Security_Prompt06/F021.c|4|information|missingIncludeSystem|Include file: <string.h> not found. Please note: Cppcheck does not need standard library headers to get proper results.,/home/yichen/Desktop/Gemini_Security_Results06/logs/F021_cppcheck.log
/home/yichen/Desktop/Gemini_Security_Prompt06/F021.c,cppcheck,True,success,True,0,17,76,error,memleakOnRealloc,Common realloc mistake: 'recipes' nulled but not freed upon failure,/home/yichen/Desktop/Gemini_Security_Prompt06/F021.c|76|error|memleakOnRealloc|Common realloc mistake: 'recipes' nulled but not freed upon failure,/home/yichen/Desktop/Gemini_Security_Results06/logs/F021_cppcheck.log
/home/yichen/Desktop/Gemini_Security_Prompt06/F021.c,cppcheck,True,success,True,0,17,99,error,memleakOnRealloc,Common realloc mistake: 'ings' nulled but not freed upon failure,/home/yichen/Desktop/Gemini_Security_Prompt06/F021.c|99|error|memleakOnRealloc|Common realloc mistake: 'ings' nulled but not freed upon failure,/home/yichen/Desktop/Gemini_Security_Results06/logs/F021_cppcheck.log
/home/yichen/Desktop/Gemini_Security_Prompt06/F021.c,cppcheck,True,success,True,0,17,132,error,memleakOnRealloc,Common realloc mistake: 'ings' nulled but not freed upon failure,/home/yichen/Desktop/Gemini_Security_Prompt06/F021.c|132|error|memleakOnRealloc|Common realloc mistake: 'ings' nulled but not freed upon failure,/home/yichen/Desktop/Gemini_Security_Results06/logs/F021_cppcheck.log
/home/yichen/Desktop/Gemini_Security_Prompt06/F021.c,cppcheck,True,success,True,0,17,155,error,memleakOnRealloc,Common realloc mistake: 'recipes' nulled but not freed upon failure,/home/yichen/Desktop/Gemini_Security_Prompt06/F021.c|155|error|memleakOnRealloc|Common realloc mistake: 'recipes' nulled but not freed upon failure,/home/yichen/Desktop/Gemini_Security_Results06/logs/F021_cppcheck.log
/home/yichen/Desktop/Gemini_Security_Prompt06/F021.c,cppcheck,True,success,True,0,17,175,error,memleakOnRealloc,Common realloc mistake: 'ings' nulled but not freed upon failure,/home/yichen/Desktop/Gemini_Security_Prompt06/F021.c|175|error|memleakOnRealloc|Common realloc mistake: 'ings' nulled but not freed upon failure,/home/yichen/Desktop/Gemini_Security_Results06/logs/F021_cppcheck.log
/home/yichen/Desktop/Gemini_Security_Prompt06/F021.c,cppcheck,True,success,True,0,17,84,style,constVariablePointer,Variable 'rname' can be declared as pointer to const,/home/yichen/Desktop/Gemini_Security_Prompt06/F021.c|84|style|constVariablePointer|Variable 'rname' can be declared as pointer to const,/home/yichen/Desktop/Gemini_Security_Results06/logs/F021_cppcheck.log
/home/yichen/Desktop/Gemini_Security_Prompt06/F021.c,cppcheck,True,success,True,0,17,89,style,constVariablePointer,Variable 'iname' can be declared as pointer to const,/home/yichen/Desktop/Gemini_Security_Prompt06/F021.c|89|style|constVariablePointer|Variable 'iname' can be declared as pointer to const,/home/yichen/Desktop/Gemini_Security_Results06/logs/F021_cppcheck.log
/home/yichen/Desktop/Gemini_Security_Prompt06/F021.c,cppcheck,True,success,True,0,17,90,style,constVariablePointer,Variable 'note' can be declared as pointer to const,/home/yichen/Desktop/Gemini_Security_Prompt06/F021.c|90|style|constVariablePointer|Variable 'note' can be declared as pointer to const,/home/yichen/Desktop/Gemini_Security_Results06/logs/F021_cppcheck.log
/home/yichen/Desktop/Gemini_Security_Prompt06/F021.c,cppcheck,True,success,True,0,17,111,style,constVariablePointer,Variable 'rname' can be declared as pointer to const,/home/yichen/Desktop/Gemini_Security_Prompt06/F021.c|111|style|constVariablePointer|Variable 'rname' can be declared as pointer to const,/home/yichen/Desktop/Gemini_Security_Results06/logs/F021_cppcheck.log
/home/yichen/Desktop/Gemini_Security_Prompt06/F021.c,cppcheck,True,success,True,0,17,112,style,constVariablePointer,Variable 'iname' can be declared as pointer to const,/home/yichen/Desktop/Gemini_Security_Prompt06/F021.c|112|style|constVariablePointer|Variable 'iname' can be declared as pointer to const,/home/yichen/Desktop/Gemini_Security_Results06/logs/F021_cppcheck.log
/home/yichen/Desktop/Gemini_Security_Prompt06/F021.c,cppcheck,True,success,True,0,17,137,style,constVariablePointer,Variable 'rname' can be declared as pointer to const,/home/yichen/Desktop/Gemini_Security_Prompt06/F021.c|137|style|constVariablePointer|Variable 'rname' can be declared as pointer to const,/home/yichen/Desktop/Gemini_Security_Results06/logs/F021_cppcheck.log
/home/yichen/Desktop/Gemini_Security_Prompt06/F021.c,cppcheck,True,success,True,0,17,179,style,constVariablePointer,Variable 'rname' can be declared as pointer to const,/home/yichen/Desktop/Gemini_Security_Prompt06/F021.c|179|style|constVariablePointer|Variable 'rname' can be declared as pointer to const,/home/yichen/Desktop/Gemini_Security_Results06/logs/F021_cppcheck.log
/home/yichen/Desktop/Gemini_Security_Prompt06/F021.c,cppcheck,True,success,True,0,17,112,style,unreadVariable,Variable 'iname' is assigned a value that is never used.,/home/yichen/Desktop/Gemini_Security_Prompt06/F021.c|112|style|unreadVariable|Variable 'iname' is assigned a value that is never used.,/home/yichen/Desktop/Gemini_Security_Results06/logs/F021_cppcheck.log
nofile,cppcheck,True,success,True,0,17,0,information,checkersReport,Active checkers: 113/592 (use --checkers-report=<filename> to see details),nofile|0|information|checkersReport|Active checkers: 113/592 (use --checkers-report=<filename> to see details),/home/yichen/Desktop/Gemini_Security_Results06/logs/F021_cppcheck.log
/home/yichen/Desktop/Gemini_Security_Prompt06/F022.c,cppcheck,True,success,True,0,18,2,information,missingIncludeSystem,Include file: <stdio.h> not found. Please note: Cppcheck does not need standard library headers to get proper results.,/home/yichen/Desktop/Gemini_Security_Prompt06/F022.c|2|information|missingIncludeSystem|Include file: <stdio.h> not found. Please note: Cppcheck does not need standard library headers to get proper results.,/home/yichen/Desktop/Gemini_Security_Results06/logs/F022_cppcheck.log
/home/yichen/Desktop/Gemini_Security_Prompt06/F022.c,cppcheck,True,success,True,0,18,3,information,missingIncludeSystem,Include file: <stdlib.h> not found. Please note: Cppcheck does not need standard library headers to get proper results.,/home/yichen/Desktop/Gemini_Security_Prompt06/F022.c|3|information|missingIncludeSystem|Include file: <stdlib.h> not found. Please note: Cppcheck does not need standard library headers to get proper results.,/home/yichen/Desktop/Gemini_Security_Results06/logs/F022_cppcheck.log
/home/yichen/Desktop/Gemini_Security_Prompt06/F022.c,cppcheck,True,success,True,0,18,4,information,missingIncludeSystem,Include file: <string.h> not found. Please note: Cppcheck does not need standard library headers to get proper results.,/home/yichen/Desktop/Gemini_Security_Prompt06/F022.c|4|information|missingIncludeSystem|Include file: <string.h> not found. Please note: Cppcheck does not need standard library headers to get proper results.,/home/yichen/Desktop/Gemini_Security_Results06/logs/F022_cppcheck.log
/home/yichen/Desktop/Gemini_Security_Prompt06/F022.c,cppcheck,True,success,True,0,18,82,error,memleakOnRealloc,Common realloc mistake: 'projects' nulled but not freed upon failure,/home/yichen/Desktop/Gemini_Security_Prompt06/F022.c|82|error|memleakOnRealloc|Common realloc mistake: 'projects' nulled but not freed upon failure,/home/yichen/Desktop/Gemini_Security_Results06/logs/F022_cppcheck.log
/home/yichen/Desktop/Gemini_Security_Prompt06/F022.c,cppcheck,True,success,True,0,18,105,error,memleakOnRealloc,Common realloc mistake: 'tasks' nulled but not freed upon failure,/home/yichen/Desktop/Gemini_Security_Prompt06/F022.c|105|error|memleakOnRealloc|Common realloc mistake: 'tasks' nulled but not freed upon failure,/home/yichen/Desktop/Gemini_Security_Results06/logs/F022_cppcheck.log
/home/yichen/Desktop/Gemini_Security_Prompt06/F022.c,cppcheck,True,success,True,0,18,175,error,memleakOnRealloc,Common realloc mistake: 'projects' nulled but not freed upon failure,/home/yichen/Desktop/Gemini_Security_Prompt06/F022.c|175|error|memleakOnRealloc|Common realloc mistake: 'projects' nulled but not freed upon failure,/home/yichen/Desktop/Gemini_Security_Results06/logs/F022_cppcheck.log
/home/yichen/Desktop/Gemini_Security_Prompt06/F022.c,cppcheck,True,success,True,0,18,195,error,memleakOnRealloc,Common realloc mistake: 'tasks' nulled but not freed upon failure,/home/yichen/Desktop/Gemini_Security_Prompt06/F022.c|195|error|memleakOnRealloc|Common realloc mistake: 'tasks' nulled but not freed upon failure,/home/yichen/Desktop/Gemini_Security_Results06/logs/F022_cppcheck.log
/home/yichen/Desktop/Gemini_Security_Prompt06/F022.c,cppcheck,True,success,True,0,18,118,style,variableScope,The scope of the variable 'fromP' can be reduced.,/home/yichen/Desktop/Gemini_Security_Prompt06/F022.c|118|style|variableScope|The scope of the variable 'fromP' can be reduced.,/home/yichen/Desktop/Gemini_Security_Results06/logs/F022_cppcheck.log
/home/yichen/Desktop/Gemini_Security_Prompt06/F022.c,cppcheck,True,success,True,0,18,90,style,constVariablePointer,Variable 'pname' can be declared as pointer to const,/home/yichen/Desktop/Gemini_Security_Prompt06/F022.c|90|style|constVariablePointer|Variable 'pname' can be declared as pointer to const,/home/yichen/Desktop/Gemini_Security_Results06/logs/F022_cppcheck.log
/home/yichen/Desktop/Gemini_Security_Prompt06/F022.c,cppcheck,True,success,True,0,18,95,style,constVariablePointer,Variable 'title' can be declared as pointer to const,/home/yichen/Desktop/Gemini_Security_Prompt06/F022.c|95|style|constVariablePointer|Variable 'title' can be declared as pointer to const,/home/yichen/Desktop/Gemini_Security_Results06/logs/F022_cppcheck.log
/home/yichen/Desktop/Gemini_Security_Prompt06/F022.c,cppcheck,True,success,True,0,18,96,style,constVariablePointer,Variable 'note' can be declared as pointer to const,/home/yichen/Desktop/Gemini_Security_Prompt06/F022.c|96|style|constVariablePointer|Variable 'note' can be declared as pointer to const,/home/yichen/Desktop/Gemini_Security_Results06/logs/F022_cppcheck.log
/home/yichen/Desktop/Gemini_Security_Prompt06/F022.c,cppcheck,True,success,True,0,18,118,style,constVariablePointer,Variable 'fromP' can be declared as pointer to const,/home/yichen/Desktop/Gemini_Security_Prompt06/F022.c|118|style|constVariablePointer|Variable 'fromP' can be declared as pointer to const,/home/yichen/Desktop/Gemini_Security_Results06/logs/F022_cppcheck.log
/home/yichen/Desktop/Gemini_Security_Prompt06/F022.c,cppcheck,True,success,True,0,18,123,style,constVariablePointer,Variable 'toP' can be declared as pointer to const,/home/yichen/Desktop/Gemini_Security_Prompt06/F022.c|123|style|constVariablePointer|Variable 'toP' can be declared as pointer to const,/home/yichen/Desktop/Gemini_Security_Results06/logs/F022_cppcheck.log
/home/yichen/Desktop/Gemini_Security_Prompt06/F022.c,cppcheck,True,success,True,0,18,124,style,constVariablePointer,Variable 'title' can be declared as pointer to const,/home/yichen/Desktop/Gemini_Security_Prompt06/F022.c|124|style|constVariablePointer|Variable 'title' can be declared as pointer to const,/home/yichen/Desktop/Gemini_Security_Results06/logs/F022_cppcheck.log
/home/yichen/Desktop/Gemini_Security_Prompt06/F022.c,cppcheck,True,success,True,0,18,147,style,constVariablePointer,Variable 'pname' can be declared as pointer to const,/home/yichen/Desktop/Gemini_Security_Prompt06/F022.c|147|style|constVariablePointer|Variable 'pname' can be declared as pointer to const,/home/yichen/Desktop/Gemini_Security_Results06/logs/F022_cppcheck.log
/home/yichen/Desktop/Gemini_Security_Prompt06/F022.c,cppcheck,True,success,True,0,18,148,style,constVariablePointer,Variable 'title' can be declared as pointer to const,/home/yichen/Desktop/Gemini_Security_Prompt06/F022.c|148|style|constVariablePointer|Variable 'title' can be declared as pointer to const,/home/yichen/Desktop/Gemini_Security_Results06/logs/F022_cppcheck.log
/home/yichen/Desktop/Gemini_Security_Prompt06/F022.c,cppcheck,True,success,True,0,18,157,style,constVariablePointer,Variable 'pname' can be declared as pointer to const,/home/yichen/Desktop/Gemini_Security_Prompt06/F022.c|157|style|constVariablePointer|Variable 'pname' can be declared as pointer to const,/home/yichen/Desktop/Gemini_Security_Results06/logs/F022_cppcheck.log
nofile,cppcheck,True,success,True,0,18,0,information,checkersReport,Active checkers: 113/592 (use --checkers-report=<filename> to see details),nofile|0|information|checkersReport|Active checkers: 113/592 (use --checkers-report=<filename> to see details),/home/yichen/Desktop/Gemini_Security_Results06/logs/F022_cppcheck.log
/home/yichen/Desktop/Gemini_Security_Prompt06/F023.c,cppcheck,True,success,True,0,13,2,information,missingIncludeSystem,Include file: <stdio.h> not found. Please note: Cppcheck does not need standard library headers to get proper results.,/home/yichen/Desktop/Gemini_Security_Prompt06/F023.c|2|information|missingIncludeSystem|Include file: <stdio.h> not found. Please note: Cppcheck does not need standard library headers to get proper results.,/home/yichen/Desktop/Gemini_Security_Results06/logs/F023_cppcheck.log
/home/yichen/Desktop/Gemini_Security_Prompt06/F023.c,cppcheck,True,success,True,0,13,3,information,missingIncludeSystem,Include file: <stdlib.h> not found. Please note: Cppcheck does not need standard library headers to get proper results.,/home/yichen/Desktop/Gemini_Security_Prompt06/F023.c|3|information|missingIncludeSystem|Include file: <stdlib.h> not found. Please note: Cppcheck does not need standard library headers to get proper results.,/home/yichen/Desktop/Gemini_Security_Results06/logs/F023_cppcheck.log
/home/yichen/Desktop/Gemini_Security_Prompt06/F023.c,cppcheck,True,success,True,0,13,4,information,missingIncludeSystem,Include file: <string.h> not found. Please note: Cppcheck does not need standard library headers to get proper results.,/home/yichen/Desktop/Gemini_Security_Prompt06/F023.c|4|information|missingIncludeSystem|Include file: <string.h> not found. Please note: Cppcheck does not need standard library headers to get proper results.,/home/yichen/Desktop/Gemini_Security_Results06/logs/F023_cppcheck.log
/home/yichen/Desktop/Gemini_Security_Prompt06/F023.c,cppcheck,True,success,True,0,13,78,error,memleakOnRealloc,Common realloc mistake: 'list' nulled but not freed upon failure,/home/yichen/Desktop/Gemini_Security_Prompt06/F023.c|78|error|memleakOnRealloc|Common realloc mistake: 'list' nulled but not freed upon failure,/home/yichen/Desktop/Gemini_Security_Results06/logs/F023_cppcheck.log
/home/yichen/Desktop/Gemini_Security_Prompt06/F023.c,cppcheck,True,success,True,0,13,155,error,memleakOnRealloc,Common realloc mistake: 'list' nulled but not freed upon failure,/home/yichen/Desktop/Gemini_Security_Prompt06/F023.c|155|error|memleakOnRealloc|Common realloc mistake: 'list' nulled but not freed upon failure,/home/yichen/Desktop/Gemini_Security_Results06/logs/F023_cppcheck.log
/home/yichen/Desktop/Gemini_Security_Prompt06/F023.c,cppcheck,True,success,True,0,13,71,style,constVariablePointer,Variable 'sender' can be declared as pointer to const,/home/yichen/Desktop/Gemini_Security_Prompt06/F023.c|71|style|constVariablePointer|Variable 'sender' can be declared as pointer to const,/home/yichen/Desktop/Gemini_Security_Results06/logs/F023_cppcheck.log
/home/yichen/Desktop/Gemini_Security_Prompt06/F023.c,cppcheck,True,success,True,0,13,76,style,constVariablePointer,Variable 'subject' can be declared as pointer to const,/home/yichen/Desktop/Gemini_Security_Prompt06/F023.c|76|style|constVariablePointer|Variable 'subject' can be declared as pointer to const,/home/yichen/Desktop/Gemini_Security_Results06/logs/F023_cppcheck.log
/home/yichen/Desktop/Gemini_Security_Prompt06/F023.c,cppcheck,True,success,True,0,13,77,style,constVariablePointer,Variable 'body' can be declared as pointer to const,/home/yichen/Desktop/Gemini_Security_Prompt06/F023.c|77|style|constVariablePointer|Variable 'body' can be declared as pointer to const,/home/yichen/Desktop/Gemini_Security_Results06/logs/F023_cppcheck.log
/home/yichen/Desktop/Gemini_Security_Prompt06/F023.c,cppcheck,True,success,True,0,13,91,style,constVariablePointer,Variable 'subject' can be declared as pointer to const,/home/yichen/Desktop/Gemini_Security_Prompt06/F023.c|91|style|constVariablePointer|Variable 'subject' can be declared as pointer to const,/home/yichen/Desktop/Gemini_Security_Results06/logs/F023_cppcheck.log
/home/yichen/Desktop/Gemini_Security_Prompt06/F023.c,cppcheck,True,success,True,0,13,92,style,constVariablePointer,Variable 'tag' can be declared as pointer to const,/home/yichen/Desktop/Gemini_Security_Prompt06/F023.c|92|style|constVariablePointer|Variable 'tag' can be declared as pointer to const,/home/yichen/Desktop/Gemini_Security_Results06/logs/F023_cppcheck.log
/home/yichen/Desktop/Gemini_Security_Prompt06/F023.c,cppcheck,True,success,True,0,13,131,style,constVariablePointer,Variable 'subject' can be declared as pointer to const,/home/yichen/Desktop/Gemini_Security_Prompt06/F023.c|131|style|constVariablePointer|Variable 'subject' can be declared as pointer to const,/home/yichen/Desktop/Gemini_Security_Results06/logs/F023_cppcheck.log
/home/yichen/Desktop/Gemini_Security_Prompt06/F023.c,cppcheck,True,success,True,0,13,159,style,constVariablePointer,Variable 'tag' can be declared as pointer to const,/home/yichen/Desktop/Gemini_Security_Prompt06/F023.c|159|style|constVariablePointer|Variable 'tag' can be declared as pointer to const,/home/yichen/Desktop/Gemini_Security_Results06/logs/F023_cppcheck.log
nofile,cppcheck,True,success,True,0,13,0,information,checkersReport,Active checkers: 113/592 (use --checkers-report=<filename> to see details),nofile|0|information|checkersReport|Active checkers: 113/592 (use --checkers-report=<filename> to see details),/home/yichen/Desktop/Gemini_Security_Results06/logs/F023_cppcheck.log
/home/yichen/Desktop/Gemini_Security_Prompt06/F024.c,cppcheck,True,success,True,0,12,2,information,missingIncludeSystem,Include file: <stdio.h> not found. Please note: Cppcheck does not need standard library headers to get proper results.,/home/yichen/Desktop/Gemini_Security_Prompt06/F024.c|2|information|missingIncludeSystem|Include file: <stdio.h> not found. Please note: Cppcheck does not need standard library headers to get proper results.,/home/yichen/Desktop/Gemini_Security_Results06/logs/F024_cppcheck.log
/home/yichen/Desktop/Gemini_Security_Prompt06/F024.c,cppcheck,True,success,True,0,12,3,information,missingIncludeSystem,Include file: <stdlib.h> not found. Please note: Cppcheck does not need standard library headers to get proper results.,/home/yichen/Desktop/Gemini_Security_Prompt06/F024.c|3|information|missingIncludeSystem|Include file: <stdlib.h> not found. Please note: Cppcheck does not need standard library headers to get proper results.,/home/yichen/Desktop/Gemini_Security_Results06/logs/F024_cppcheck.log
/home/yichen/Desktop/Gemini_Security_Prompt06/F024.c,cppcheck,True,success,True,0,12,4,information,missingIncludeSystem,Include file: <string.h> not found. Please note: Cppcheck does not need standard library headers to get proper results.,/home/yichen/Desktop/Gemini_Security_Prompt06/F024.c|4|information|missingIncludeSystem|Include file: <string.h> not found. Please note: Cppcheck does not need standard library headers to get proper results.,/home/yichen/Desktop/Gemini_Security_Results06/logs/F024_cppcheck.log
/home/yichen/Desktop/Gemini_Security_Prompt06/F024.c,cppcheck,True,success,True,0,12,68,error,memleakOnRealloc,Common realloc mistake: 'list' nulled but not freed upon failure,/home/yichen/Desktop/Gemini_Security_Prompt06/F024.c|68|error|memleakOnRealloc|Common realloc mistake: 'list' nulled but not freed upon failure,/home/yichen/Desktop/Gemini_Security_Results06/logs/F024_cppcheck.log
/home/yichen/Desktop/Gemini_Security_Prompt06/F024.c,cppcheck,True,success,True,0,12,142,error,memleakOnRealloc,Common realloc mistake: 'list' nulled but not freed upon failure,/home/yichen/Desktop/Gemini_Security_Prompt06/F024.c|142|error|memleakOnRealloc|Common realloc mistake: 'list' nulled but not freed upon failure,/home/yichen/Desktop/Gemini_Security_Results06/logs/F024_cppcheck.log
/home/yichen/Desktop/Gemini_Security_Prompt06/F024.c,cppcheck,True,success,True,0,12,66,style,constVariablePointer,Variable 'title' can be declared as pointer to const,/home/yichen/Desktop/Gemini_Security_Prompt06/F024.c|66|style|constVariablePointer|Variable 'title' can be declared as pointer to const,/home/yichen/Desktop/Gemini_Security_Results06/logs/F024_cppcheck.log
/home/yichen/Desktop/Gemini_Security_Prompt06/F024.c,cppcheck,True,success,True,0,12,67,style,constVariablePointer,Variable 'year' can be declared as pointer to const,/home/yichen/Desktop/Gemini_Security_Prompt06/F024.c|67|style|constVariablePointer|Variable 'year' can be declared as pointer to const,/home/yichen/Desktop/Gemini_Security_Results06/logs/F024_cppcheck.log
/home/yichen/Desktop/Gemini_Security_Prompt06/F024.c,cppcheck,True,success,True,0,12,79,style,constVariablePointer,Variable 'title' can be declared as pointer to const,/home/yichen/Desktop/Gemini_Security_Prompt06/F024.c|79|style|constVariablePointer|Variable 'title' can be declared as pointer to const,/home/yichen/Desktop/Gemini_Security_Results06/logs/F024_cppcheck.log
/home/yichen/Desktop/Gemini_Security_Prompt06/F024.c,cppcheck,True,success,True,0,12,80,style,constVariablePointer,Variable 'name' can be declared as pointer to const,/home/yichen/Desktop/Gemini_Security_Prompt06/F024.c|80|style|constVariablePointer|Variable 'name' can be declared as pointer to const,/home/yichen/Desktop/Gemini_Security_Results06/logs/F024_cppcheck.log
/home/yichen/Desktop/Gemini_Security_Prompt06/F024.c,cppcheck,True,success,True,0,12,119,style,constVariablePointer,Variable 'title' can be declared as pointer to const,/home/yichen/Desktop/Gemini_Security_Prompt06/F024.c|119|style|constVariablePointer|Variable 'title' can be declared as pointer to const,/home/yichen/Desktop/Gemini_Security_Results06/logs/F024_cppcheck.log
/home/yichen/Desktop/Gemini_Security_Prompt06/F024.c,cppcheck,True,success,True,0,12,146,style,constVariablePointer,Variable 'title' can be declared as pointer to const,/home/yichen/Desktop/Gemini_Security_Prompt06/F024.c|146|style|constVariablePointer|Variable 'title' can be declared as pointer to const,/home/yichen/Desktop/Gemini_Security_Results06/logs/F024_cppcheck.log
nofile,cppcheck,True,success,True,0,12,0,information,checkersReport,Active checkers: 113/592 (use --checkers-report=<filename> to see details),nofile|0|information|checkersReport|Active checkers: 113/592 (use --checkers-report=<filename> to see details),/home/yichen/Desktop/Gemini_Security_Results06/logs/F024_cppcheck.log
/home/yichen/Desktop/Gemini_Security_Prompt06/F025.c,cppcheck,True,success,True,0,19,2,information,missingIncludeSystem,Include file: <stdio.h> not found. Please note: Cppcheck does not need standard library headers to get proper results.,/home/yichen/Desktop/Gemini_Security_Prompt06/F025.c|2|information|missingIncludeSystem|Include file: <stdio.h> not found. Please note: Cppcheck does not need standard library headers to get proper results.,/home/yichen/Desktop/Gemini_Security_Results06/logs/F025_cppcheck.log
/home/yichen/Desktop/Gemini_Security_Prompt06/F025.c,cppcheck,True,success,True,0,19,3,information,missingIncludeSystem,Include file: <stdlib.h> not found. Please note: Cppcheck does not need standard library headers to get proper results.,/home/yichen/Desktop/Gemini_Security_Prompt06/F025.c|3|information|missingIncludeSystem|Include file: <stdlib.h> not found. Please note: Cppcheck does not need standard library headers to get proper results.,/home/yichen/Desktop/Gemini_Security_Results06/logs/F025_cppcheck.log
/home/yichen/Desktop/Gemini_Security_Prompt06/F025.c,cppcheck,True,success,True,0,19,4,information,missingIncludeSystem,Include file: <string.h> not found. Please note: Cppcheck does not need standard library headers to get proper results.,/home/yichen/Desktop/Gemini_Security_Prompt06/F025.c|4|information|missingIncludeSystem|Include file: <string.h> not found. Please note: Cppcheck does not need standard library headers to get proper results.,/home/yichen/Desktop/Gemini_Security_Results06/logs/F025_cppcheck.log
/home/yichen/Desktop/Gemini_Security_Prompt06/F025.c,cppcheck,True,success,True,0,19,81,error,memleakOnRealloc,Common realloc mistake: 'classes' nulled but not freed upon failure,/home/yichen/Desktop/Gemini_Security_Prompt06/F025.c|81|error|memleakOnRealloc|Common realloc mistake: 'classes' nulled but not freed upon failure,/home/yichen/Desktop/Gemini_Security_Results06/logs/F025_cppcheck.log
/home/yichen/Desktop/Gemini_Security_Prompt06/F025.c,cppcheck,True,success,True,0,19,104,error,memleakOnRealloc,Common realloc mistake: 'students' nulled but not freed upon failure,/home/yichen/Desktop/Gemini_Security_Prompt06/F025.c|104|error|memleakOnRealloc|Common realloc mistake: 'students' nulled but not freed upon failure,/home/yichen/Desktop/Gemini_Security_Results06/logs/F025_cppcheck.log
/home/yichen/Desktop/Gemini_Security_Prompt06/F025.c,cppcheck,True,success,True,0,19,166,error,memleakOnRealloc,Common realloc mistake: 'students' nulled but not freed upon failure,/home/yichen/Desktop/Gemini_Security_Prompt06/F025.c|166|error|memleakOnRealloc|Common realloc mistake: 'students' nulled but not freed upon failure,/home/yichen/Desktop/Gemini_Security_Results06/logs/F025_cppcheck.log
/home/yichen/Desktop/Gemini_Security_Prompt06/F025.c,cppcheck,True,success,True,0,19,189,error,memleakOnRealloc,Common realloc mistake: 'classes' nulled but not freed upon failure,/home/yichen/Desktop/Gemini_Security_Prompt06/F025.c|189|error|memleakOnRealloc|Common realloc mistake: 'classes' nulled but not freed upon failure,/home/yichen/Desktop/Gemini_Security_Results06/logs/F025_cppcheck.log
/home/yichen/Desktop/Gemini_Security_Prompt06/F025.c,cppcheck,True,success,True,0,19,209,error,memleakOnRealloc,Common realloc mistake: 'students' nulled but not freed upon failure,/home/yichen/Desktop/Gemini_Security_Prompt06/F025.c|209|error|memleakOnRealloc|Common realloc mistake: 'students' nulled but not freed upon failure,/home/yichen/Desktop/Gemini_Security_Results06/logs/F025_cppcheck.log
/home/yichen/Desktop/Gemini_Security_Prompt06/F025.c,cppcheck,True,success,True,0,19,116,style,variableScope,The scope of the variable 'fromC' can be reduced.,/home/yichen/Desktop/Gemini_Security_Prompt06/F025.c|116|style|variableScope|The scope of the variable 'fromC' can be reduced.,/home/yichen/Desktop/Gemini_Security_Results06/logs/F025_cppcheck.log
/home/yichen/Desktop/Gemini_Security_Prompt06/F025.c,cppcheck,True,success,True,0,19,89,style,constVariablePointer,Variable 'cname' can be declared as pointer to const,/home/yichen/Desktop/Gemini_Security_Prompt06/F025.c|89|style|constVariablePointer|Variable 'cname' can be declared as pointer to const,/home/yichen/Desktop/Gemini_Security_Results06/logs/F025_cppcheck.log
/home/yichen/Desktop/Gemini_Security_Prompt06/F025.c,cppcheck,True,success,True,0,19,94,style,constVariablePointer,Variable 'sname' can be declared as pointer to const,/home/yichen/Desktop/Gemini_Security_Prompt06/F025.c|94|style|constVariablePointer|Variable 'sname' can be declared as pointer to const,/home/yichen/Desktop/Gemini_Security_Results06/logs/F025_cppcheck.log
/home/yichen/Desktop/Gemini_Security_Prompt06/F025.c,cppcheck,True,success,True,0,19,95,style,constVariablePointer,Variable 'note' can be declared as pointer to const,/home/yichen/Desktop/Gemini_Security_Prompt06/F025.c|95|style|constVariablePointer|Variable 'note' can be declared as pointer to const,/home/yichen/Desktop/Gemini_Security_Results06/logs/F025_cppcheck.log
/home/yichen/Desktop/Gemini_Security_Prompt06/F025.c,cppcheck,True,success,True,0,19,116,style,constVariablePointer,Variable 'fromC' can be declared as pointer to const,/home/yichen/Desktop/Gemini_Security_Prompt06/F025.c|116|style|constVariablePointer|Variable 'fromC' can be declared as pointer to const,/home/yichen/Desktop/Gemini_Security_Results06/logs/F025_cppcheck.log
/home/yichen/Desktop/Gemini_Security_Prompt06/F025.c,cppcheck,True,success,True,0,19,121,style,constVariablePointer,Variable 'toC' can be declared as pointer to const,/home/yichen/Desktop/Gemini_Security_Prompt06/F025.c|121|style|constVariablePointer|Variable 'toC' can be declared as pointer to const,/home/yichen/Desktop/Gemini_Security_Results06/logs/F025_cppcheck.log
/home/yichen/Desktop/Gemini_Security_Prompt06/F025.c,cppcheck,True,success,True,0,19,122,style,constVariablePointer,Variable 'student' can be declared as pointer to const,/home/yichen/Desktop/Gemini_Security_Prompt06/F025.c|122|style|constVariablePointer|Variable 'student' can be declared as pointer to const,/home/yichen/Desktop/Gemini_Security_Results06/logs/F025_cppcheck.log
/home/yichen/Desktop/Gemini_Security_Prompt06/F025.c,cppcheck,True,success,True,0,19,145,style,constVariablePointer,Variable 'cname' can be declared as pointer to const,/home/yichen/Desktop/Gemini_Security_Prompt06/F025.c|145|style|constVariablePointer|Variable 'cname' can be declared as pointer to const,/home/yichen/Desktop/Gemini_Security_Results06/logs/F025_cppcheck.log
/home/yichen/Desktop/Gemini_Security_Prompt06/F025.c,cppcheck,True,success,True,0,19,146,style,constVariablePointer,Variable 'sname' can be declared as pointer to const,/home/yichen/Desktop/Gemini_Security_Prompt06/F025.c|146|style|constVariablePointer|Variable 'sname' can be declared as pointer to const,/home/yichen/Desktop/Gemini_Security_Results06/logs/F025_cppcheck.log
/home/yichen/Desktop/Gemini_Security_Prompt06/F025.c,cppcheck,True,success,True,0,19,171,style,constVariablePointer,Variable 'cname' can be declared as pointer to const,/home/yichen/Desktop/Gemini_Security_Prompt06/F025.c|171|style|constVariablePointer|Variable 'cname' can be declared as pointer to const,/home/yichen/Desktop/Gemini_Security_Results06/logs/F025_cppcheck.log
nofile,cppcheck,True,success,True,0,19,0,information,checkersReport,Active checkers: 113/592 (use --checkers-report=<filename> to see details),nofile|0|information|checkersReport|Active checkers: 113/592 (use --checkers-report=<filename> to see details),/home/yichen/Desktop/Gemini_Security_Results06/logs/F025_cppcheck.log
/home/yichen/Desktop/Gemini_Security_Prompt06/F026.c,cppcheck,True,success,True,0,12,2,information,missingIncludeSystem,Include file: <stdio.h> not found. Please note: Cppcheck does not need standard library headers to get proper results.,/home/yichen/Desktop/Gemini_Security_Prompt06/F026.c|2|information|missingIncludeSystem|Include file: <stdio.h> not found. Please note: Cppcheck does not need standard library headers to get proper results.,/home/yichen/Desktop/Gemini_Security_Results06/logs/F026_cppcheck.log
/home/yichen/Desktop/Gemini_Security_Prompt06/F026.c,cppcheck,True,success,True,0,12,3,information,missingIncludeSystem,Include file: <stdlib.h> not found. Please note: Cppcheck does not need standard library headers to get proper results.,/home/yichen/Desktop/Gemini_Security_Prompt06/F026.c|3|information|missingIncludeSystem|Include file: <stdlib.h> not found. Please note: Cppcheck does not need standard library headers to get proper results.,/home/yichen/Desktop/Gemini_Security_Results06/logs/F026_cppcheck.log
/home/yichen/Desktop/Gemini_Security_Prompt06/F026.c,cppcheck,True,success,True,0,12,4,information,missingIncludeSystem,Include file: <string.h> not found. Please note: Cppcheck does not need standard library headers to get proper results.,/home/yichen/Desktop/Gemini_Security_Prompt06/F026.c|4|information|missingIncludeSystem|Include file: <string.h> not found. Please note: Cppcheck does not need standard library headers to get proper results.,/home/yichen/Desktop/Gemini_Security_Results06/logs/F026_cppcheck.log
/home/yichen/Desktop/Gemini_Security_Prompt06/F026.c,cppcheck,True,success,True,0,12,66,error,memleakOnRealloc,Common realloc mistake: 'list' nulled but not freed upon failure,/home/yichen/Desktop/Gemini_Security_Prompt06/F026.c|66|error|memleakOnRealloc|Common realloc mistake: 'list' nulled but not freed upon failure,/home/yichen/Desktop/Gemini_Security_Results06/logs/F026_cppcheck.log
/home/yichen/Desktop/Gemini_Security_Prompt06/F026.c,cppcheck,True,success,True,0,12,90,error,memleakOnRealloc,Common realloc mistake: 'list' nulled but not freed upon failure,/home/yichen/Desktop/Gemini_Security_Prompt06/F026.c|90|error|memleakOnRealloc|Common realloc mistake: 'list' nulled but not freed upon failure,/home/yichen/Desktop/Gemini_Security_Results06/logs/F026_cppcheck.log
/home/yichen/Desktop/Gemini_Security_Prompt06/F026.c,cppcheck,True,success,True,0,12,111,error,memleakOnRealloc,Common realloc mistake: 'list' nulled but not freed upon failure,/home/yichen/Desktop/Gemini_Security_Prompt06/F026.c|111|error|memleakOnRealloc|Common realloc mistake: 'list' nulled but not freed upon failure,/home/yichen/Desktop/Gemini_Security_Results06/logs/F026_cppcheck.log
/home/yichen/Desktop/Gemini_Security_Prompt06/F026.c,cppcheck,True,success,True,0,12,64,style,constVariablePointer,Variable 'cat' can be declared as pointer to const,/home/yichen/Desktop/Gemini_Security_Prompt06/F026.c|64|style|constVariablePointer|Variable 'cat' can be declared as pointer to const,/home/yichen/Desktop/Gemini_Security_Results06/logs/F026_cppcheck.log
/home/yichen/Desktop/Gemini_Security_Prompt06/F026.c,cppcheck,True,success,True,0,12,65,style,constVariablePointer,Variable 'text' can be declared as pointer to const,/home/yichen/Desktop/Gemini_Security_Prompt06/F026.c|65|style|constVariablePointer|Variable 'text' can be declared as pointer to const,/home/yichen/Desktop/Gemini_Security_Results06/logs/F026_cppcheck.log
/home/yichen/Desktop/Gemini_Security_Prompt06/F026.c,cppcheck,True,success,True,0,12,72,style,constVariablePointer,Variable 'cat' can be declared as pointer to const,/home/yichen/Desktop/Gemini_Security_Prompt06/F026.c|72|style|constVariablePointer|Variable 'cat' can be declared as pointer to const,/home/yichen/Desktop/Gemini_Security_Results06/logs/F026_cppcheck.log
/home/yichen/Desktop/Gemini_Security_Prompt06/F026.c,cppcheck,True,success,True,0,12,93,style,constVariablePointer,Variable 'cat' can be declared as pointer to const,/home/yichen/Desktop/Gemini_Security_Prompt06/F026.c|93|style|constVariablePointer|Variable 'cat' can be declared as pointer to const,/home/yichen/Desktop/Gemini_Security_Results06/logs/F026_cppcheck.log
/home/yichen/Desktop/Gemini_Security_Prompt06/F026.c,cppcheck,True,success,True,0,12,114,style,constVariablePointer,Variable 'word' can be declared as pointer to const,/home/yichen/Desktop/Gemini_Security_Prompt06/F026.c|114|style|constVariablePointer|Variable 'word' can be declared as pointer to const,/home/yichen/Desktop/Gemini_Security_Results06/logs/F026_cppcheck.log
nofile,cppcheck,True,success,True,0,12,0,information,checkersReport,Active checkers: 113/592 (use --checkers-report=<filename> to see details),nofile|0|information|checkersReport|Active checkers: 113/592 (use --checkers-report=<filename> to see details),/home/yichen/Desktop/Gemini_Security_Results06/logs/F026_cppcheck.log
/home/yichen/Desktop/Gemini_Security_Prompt06/F027.c,cppcheck,True,success,True,0,11,2,information,missingIncludeSystem,Include file: <stdio.h> not found. Please note: Cppcheck does not need standard library headers to get proper results.,/home/yichen/Desktop/Gemini_Security_Prompt06/F027.c|2|information|missingIncludeSystem|Include file: <stdio.h> not found. Please note: Cppcheck does not need standard library headers to get proper results.,/home/yichen/Desktop/Gemini_Security_Results06/logs/F027_cppcheck.log
/home/yichen/Desktop/Gemini_Security_Prompt06/F027.c,cppcheck,True,success,True,0,11,3,information,missingIncludeSystem,Include file: <stdlib.h> not found. Please note: Cppcheck does not need standard library headers to get proper results.,/home/yichen/Desktop/Gemini_Security_Prompt06/F027.c|3|information|missingIncludeSystem|Include file: <stdlib.h> not found. Please note: Cppcheck does not need standard library headers to get proper results.,/home/yichen/Desktop/Gemini_Security_Results06/logs/F027_cppcheck.log
/home/yichen/Desktop/Gemini_Security_Prompt06/F027.c,cppcheck,True,success,True,0,11,4,information,missingIncludeSystem,Include file: <string.h> not found. Please note: Cppcheck does not need standard library headers to get proper results.,/home/yichen/Desktop/Gemini_Security_Prompt06/F027.c|4|information|missingIncludeSystem|Include file: <string.h> not found. Please note: Cppcheck does not need standard library headers to get proper results.,/home/yichen/Desktop/Gemini_Security_Results06/logs/F027_cppcheck.log
/home/yichen/Desktop/Gemini_Security_Prompt06/F027.c,cppcheck,True,success,True,0,11,74,error,memleakOnRealloc,Common realloc mistake: 'list' nulled but not freed upon failure,/home/yichen/Desktop/Gemini_Security_Prompt06/F027.c|74|error|memleakOnRealloc|Common realloc mistake: 'list' nulled but not freed upon failure,/home/yichen/Desktop/Gemini_Security_Results06/logs/F027_cppcheck.log
/home/yichen/Desktop/Gemini_Security_Prompt06/F027.c,cppcheck,True,success,True,0,11,115,error,memleakOnRealloc,Common realloc mistake: 'list' nulled but not freed upon failure,/home/yichen/Desktop/Gemini_Security_Prompt06/F027.c|115|error|memleakOnRealloc|Common realloc mistake: 'list' nulled but not freed upon failure,/home/yichen/Desktop/Gemini_Security_Results06/logs/F027_cppcheck.log
/home/yichen/Desktop/Gemini_Security_Prompt06/F027.c,cppcheck,True,success,True,0,11,67,style,variableScope,The scope of the variable 'pri' can be reduced.,/home/yichen/Desktop/Gemini_Security_Prompt06/F027.c|67|style|variableScope|The scope of the variable 'pri' can be reduced.,/home/yichen/Desktop/Gemini_Security_Results06/logs/F027_cppcheck.log
/home/yichen/Desktop/Gemini_Security_Prompt06/F027.c,cppcheck,True,success,True,0,11,72,style,constVariablePointer,Variable 'title' can be declared as pointer to const,/home/yichen/Desktop/Gemini_Security_Prompt06/F027.c|72|style|constVariablePointer|Variable 'title' can be declared as pointer to const,/home/yichen/Desktop/Gemini_Security_Results06/logs/F027_cppcheck.log
/home/yichen/Desktop/Gemini_Security_Prompt06/F027.c,cppcheck,True,success,True,0,11,73,style,constVariablePointer,Variable 'note' can be declared as pointer to const,/home/yichen/Desktop/Gemini_Security_Prompt06/F027.c|73|style|constVariablePointer|Variable 'note' can be declared as pointer to const,/home/yichen/Desktop/Gemini_Security_Results06/logs/F027_cppcheck.log
/home/yichen/Desktop/Gemini_Security_Prompt06/F027.c,cppcheck,True,success,True,0,11,86,style,constVariablePointer,Variable 'title' can be declared as pointer to const,/home/yichen/Desktop/Gemini_Security_Prompt06/F027.c|86|style|constVariablePointer|Variable 'title' can be declared as pointer to const,/home/yichen/Desktop/Gemini_Security_Results06/logs/F027_cppcheck.log
/home/yichen/Desktop/Gemini_Security_Prompt06/F027.c,cppcheck,True,success,True,0,11,96,style,constVariablePointer,Variable 'title' can be declared as pointer to const,/home/yichen/Desktop/Gemini_Security_Prompt06/F027.c|96|style|constVariablePointer|Variable 'title' can be declared as pointer to const,/home/yichen/Desktop/Gemini_Security_Results06/logs/F027_cppcheck.log
nofile,cppcheck,True,success,True,0,11,0,information,checkersReport,Active checkers: 113/592 (use --checkers-report=<filename> to see details),nofile|0|information|checkersReport|Active checkers: 113/592 (use --checkers-report=<filename> to see details),/home/yichen/Desktop/Gemini_Security_Results06/logs/F027_cppcheck.log
/home/yichen/Desktop/Gemini_Security_Prompt06/F028.c,cppcheck,True,success,True,0,13,2,information,missingIncludeSystem,Include file: <stdio.h> not found. Please note: Cppcheck does not need standard library headers to get proper results.,/home/yichen/Desktop/Gemini_Security_Prompt06/F028.c|2|information|missingIncludeSystem|Include file: <stdio.h> not found. Please note: Cppcheck does not need standard library headers to get proper results.,/home/yichen/Desktop/Gemini_Security_Results06/logs/F028_cppcheck.log
/home/yichen/Desktop/Gemini_Security_Prompt06/F028.c,cppcheck,True,success,True,0,13,3,information,missingIncludeSystem,Include file: <stdlib.h> not found. Please note: Cppcheck does not need standard library headers to get proper results.,/home/yichen/Desktop/Gemini_Security_Prompt06/F028.c|3|information|missingIncludeSystem|Include file: <stdlib.h> not found. Please note: Cppcheck does not need standard library headers to get proper results.,/home/yichen/Desktop/Gemini_Security_Results06/logs/F028_cppcheck.log
/home/yichen/Desktop/Gemini_Security_Prompt06/F028.c,cppcheck,True,success,True,0,13,4,information,missingIncludeSystem,Include file: <string.h> not found. Please note: Cppcheck does not need standard library headers to get proper results.,/home/yichen/Desktop/Gemini_Security_Prompt06/F028.c|4|information|missingIncludeSystem|Include file: <string.h> not found. Please note: Cppcheck does not need standard library headers to get proper results.,/home/yichen/Desktop/Gemini_Security_Results06/logs/F028_cppcheck.log
/home/yichen/Desktop/Gemini_Security_Prompt06/F028.c,cppcheck,True,success,True,0,13,66,error,memleakOnRealloc,Common realloc mistake: 'list' nulled but not freed upon failure,/home/yichen/Desktop/Gemini_Security_Prompt06/F028.c|66|error|memleakOnRealloc|Common realloc mistake: 'list' nulled but not freed upon failure,/home/yichen/Desktop/Gemini_Security_Results06/logs/F028_cppcheck.log
/home/yichen/Desktop/Gemini_Security_Prompt06/F028.c,cppcheck,True,success,True,0,13,83,error,memleakOnRealloc,Common realloc mistake: 'list' nulled but not freed upon failure,/home/yichen/Desktop/Gemini_Security_Prompt06/F028.c|83|error|memleakOnRealloc|Common realloc mistake: 'list' nulled but not freed upon failure,/home/yichen/Desktop/Gemini_Security_Results06/logs/F028_cppcheck.log
/home/yichen/Desktop/Gemini_Security_Prompt06/F028.c,cppcheck,True,success,True,0,13,126,error,memleakOnRealloc,Common realloc mistake: 'list' nulled but not freed upon failure,/home/yichen/Desktop/Gemini_Security_Prompt06/F028.c|126|error|memleakOnRealloc|Common realloc mistake: 'list' nulled but not freed upon failure,/home/yichen/Desktop/Gemini_Security_Results06/logs/F028_cppcheck.log
/home/yichen/Desktop/Gemini_Security_Prompt06/F028.c,cppcheck,True,success,True,0,13,75,style,variableScope,The scope of the variable 'idx' can be reduced.,/home/yichen/Desktop/Gemini_Security_Prompt06/F028.c|75|style|variableScope|The scope of the variable 'idx' can be reduced.,/home/yichen/Desktop/Gemini_Security_Results06/logs/F028_cppcheck.log
/home/yichen/Desktop/Gemini_Security_Prompt06/F028.c,cppcheck,True,success,True,0,13,64,style,constVariablePointer,Variable 'stop' can be declared as pointer to const,/home/yichen/Desktop/Gemini_Security_Prompt06/F028.c|64|style|constVariablePointer|Variable 'stop' can be declared as pointer to const,/home/yichen/Desktop/Gemini_Security_Results06/logs/F028_cppcheck.log
/home/yichen/Desktop/Gemini_Security_Prompt06/F028.c,cppcheck,True,success,True,0,13,65,style,constVariablePointer,Variable 'note' can be declared as pointer to const,/home/yichen/Desktop/Gemini_Security_Prompt06/F028.c|65|style|constVariablePointer|Variable 'note' can be declared as pointer to const,/home/yichen/Desktop/Gemini_Security_Results06/logs/F028_cppcheck.log
/home/yichen/Desktop/Gemini_Security_Prompt06/F028.c,cppcheck,True,success,True,0,13,80,style,constVariablePointer,Variable 'stop' can be declared as pointer to const,/home/yichen/Desktop/Gemini_Security_Prompt06/F028.c|80|style|constVariablePointer|Variable 'stop' can be declared as pointer to const,/home/yichen/Desktop/Gemini_Security_Results06/logs/F028_cppcheck.log
/home/yichen/Desktop/Gemini_Security_Prompt06/F028.c,cppcheck,True,success,True,0,13,81,style,constVariablePointer,Variable 'note' can be declared as pointer to const,/home/yichen/Desktop/Gemini_Security_Prompt06/F028.c|81|style|constVariablePointer|Variable 'note' can be declared as pointer to const,/home/yichen/Desktop/Gemini_Security_Results06/logs/F028_cppcheck.log
/home/yichen/Desktop/Gemini_Security_Prompt06/F028.c,cppcheck,True,success,True,0,13,130,style,constVariablePointer,Variable 'stop' can be declared as pointer to const,/home/yichen/Desktop/Gemini_Security_Prompt06/F028.c|130|style|constVariablePointer|Variable 'stop' can be declared as pointer to const,/home/yichen/Desktop/Gemini_Security_Results06/logs/F028_cppcheck.log
nofile,cppcheck,True,success,True,0,13,0,information,checkersReport,Active checkers: 113/592 (use --checkers-report=<filename> to see details),nofile|0|information|checkersReport|Active checkers: 113/592 (use --checkers-report=<filename> to see details),/home/yichen/Desktop/Gemini_Security_Results06/logs/F028_cppcheck.log
/home/yichen/Desktop/Gemini_Security_Prompt06/F029.c,cppcheck,True,success,True,0,11,2,information,missingIncludeSystem,Include file: <stdio.h> not found. Please note: Cppcheck does not need standard library headers to get proper results.,/home/yichen/Desktop/Gemini_Security_Prompt06/F029.c|2|information|missingIncludeSystem|Include file: <stdio.h> not found. Please note: Cppcheck does not need standard library headers to get proper results.,/home/yichen/Desktop/Gemini_Security_Results06/logs/F029_cppcheck.log
/home/yichen/Desktop/Gemini_Security_Prompt06/F029.c,cppcheck,True,success,True,0,11,3,information,missingIncludeSystem,Include file: <stdlib.h> not found. Please note: Cppcheck does not need standard library headers to get proper results.,/home/yichen/Desktop/Gemini_Security_Prompt06/F029.c|3|information|missingIncludeSystem|Include file: <stdlib.h> not found. Please note: Cppcheck does not need standard library headers to get proper results.,/home/yichen/Desktop/Gemini_Security_Results06/logs/F029_cppcheck.log
/home/yichen/Desktop/Gemini_Security_Prompt06/F029.c,cppcheck,True,success,True,0,11,4,information,missingIncludeSystem,Include file: <string.h> not found. Please note: Cppcheck does not need standard library headers to get proper results.,/home/yichen/Desktop/Gemini_Security_Prompt06/F029.c|4|information|missingIncludeSystem|Include file: <string.h> not found. Please note: Cppcheck does not need standard library headers to get proper results.,/home/yichen/Desktop/Gemini_Security_Results06/logs/F029_cppcheck.log
/home/yichen/Desktop/Gemini_Security_Prompt06/F029.c,cppcheck,True,success,True,0,11,74,error,memleakOnRealloc,Common realloc mistake: 'list' nulled but not freed upon failure,/home/yichen/Desktop/Gemini_Security_Prompt06/F029.c|74|error|memleakOnRealloc|Common realloc mistake: 'list' nulled but not freed upon failure,/home/yichen/Desktop/Gemini_Security_Results06/logs/F029_cppcheck.log
/home/yichen/Desktop/Gemini_Security_Prompt06/F029.c,cppcheck,True,success,True,0,11,93,error,memleakOnRealloc,Common realloc mistake: 'list' nulled but not freed upon failure,/home/yichen/Desktop/Gemini_Security_Prompt06/F029.c|93|error|memleakOnRealloc|Common realloc mistake: 'list' nulled but not freed upon failure,/home/yichen/Desktop/Gemini_Security_Results06/logs/F029_cppcheck.log
/home/yichen/Desktop/Gemini_Security_Prompt06/F029.c,cppcheck,True,success,True,0,11,117,error,memleakOnRealloc,Common realloc mistake: 'list' nulled but not freed upon failure,/home/yichen/Desktop/Gemini_Security_Prompt06/F029.c|117|error|memleakOnRealloc|Common realloc mistake: 'list' nulled but not freed upon failure,/home/yichen/Desktop/Gemini_Security_Results06/logs/F029_cppcheck.log
/home/yichen/Desktop/Gemini_Security_Prompt06/F029.c,cppcheck,True,success,True,0,11,91,style,constVariablePointer,Variable 'key' can be declared as pointer to const,/home/yichen/Desktop/Gemini_Security_Prompt06/F029.c|91|style|constVariablePointer|Variable 'key' can be declared as pointer to const,/home/yichen/Desktop/Gemini_Security_Results06/logs/F029_cppcheck.log
/home/yichen/Desktop/Gemini_Security_Prompt06/F029.c,cppcheck,True,success,True,0,11,92,style,constVariablePointer,Variable 'val' can be declared as pointer to const,/home/yichen/Desktop/Gemini_Security_Prompt06/F029.c|92|style|constVariablePointer|Variable 'val' can be declared as pointer to const,/home/yichen/Desktop/Gemini_Security_Results06/logs/F029_cppcheck.log
/home/yichen/Desktop/Gemini_Security_Prompt06/F029.c,cppcheck,True,success,True,0,11,99,style,constVariablePointer,Variable 'key' can be declared as pointer to const,/home/yichen/Desktop/Gemini_Security_Prompt06/F029.c|99|style|constVariablePointer|Variable 'key' can be declared as pointer to const,/home/yichen/Desktop/Gemini_Security_Results06/logs/F029_cppcheck.log
/home/yichen/Desktop/Gemini_Security_Prompt06/F029.c,cppcheck,True,success,True,0,11,120,style,constVariablePointer,Variable 'key' can be declared as pointer to const,/home/yichen/Desktop/Gemini_Security_Prompt06/F029.c|120|style|constVariablePointer|Variable 'key' can be declared as pointer to const,/home/yichen/Desktop/Gemini_Security_Results06/logs/F029_cppcheck.log
nofile,cppcheck,True,success,True,0,11,0,information,checkersReport,Active checkers: 113/592 (use --checkers-report=<filename> to see details),nofile|0|information|checkersReport|Active checkers: 113/592 (use --checkers-report=<filename> to see details),/home/yichen/Desktop/Gemini_Security_Results06/logs/F029_cppcheck.log
/home/yichen/Desktop/Gemini_Security_Prompt06/F030.c,cppcheck,True,success,True,0,10,2,information,missingIncludeSystem,Include file: <stdio.h> not found. Please note: Cppcheck does not need standard library headers to get proper results.,/home/yichen/Desktop/Gemini_Security_Prompt06/F030.c|2|information|missingIncludeSystem|Include file: <stdio.h> not found. Please note: Cppcheck does not need standard library headers to get proper results.,/home/yichen/Desktop/Gemini_Security_Results06/logs/F030_cppcheck.log
/home/yichen/Desktop/Gemini_Security_Prompt06/F030.c,cppcheck,True,success,True,0,10,3,information,missingIncludeSystem,Include file: <stdlib.h> not found. Please note: Cppcheck does not need standard library headers to get proper results.,/home/yichen/Desktop/Gemini_Security_Prompt06/F030.c|3|information|missingIncludeSystem|Include file: <stdlib.h> not found. Please note: Cppcheck does not need standard library headers to get proper results.,/home/yichen/Desktop/Gemini_Security_Results06/logs/F030_cppcheck.log
/home/yichen/Desktop/Gemini_Security_Prompt06/F030.c,cppcheck,True,success,True,0,10,4,information,missingIncludeSystem,Include file: <string.h> not found. Please note: Cppcheck does not need standard library headers to get proper results.,/home/yichen/Desktop/Gemini_Security_Prompt06/F030.c|4|information|missingIncludeSystem|Include file: <string.h> not found. Please note: Cppcheck does not need standard library headers to get proper results.,/home/yichen/Desktop/Gemini_Security_Results06/logs/F030_cppcheck.log
/home/yichen/Desktop/Gemini_Security_Prompt06/F030.c,cppcheck,True,success,True,0,10,66,error,memleakOnRealloc,Common realloc mistake: 'list' nulled but not freed upon failure,/home/yichen/Desktop/Gemini_Security_Prompt06/F030.c|66|error|memleakOnRealloc|Common realloc mistake: 'list' nulled but not freed upon failure,/home/yichen/Desktop/Gemini_Security_Results06/logs/F030_cppcheck.log
/home/yichen/Desktop/Gemini_Security_Prompt06/F030.c,cppcheck,True,success,True,0,10,104,error,memleakOnRealloc,Common realloc mistake: 'list' nulled but not freed upon failure,/home/yichen/Desktop/Gemini_Security_Prompt06/F030.c|104|error|memleakOnRealloc|Common realloc mistake: 'list' nulled but not freed upon failure,/home/yichen/Desktop/Gemini_Security_Results06/logs/F030_cppcheck.log
/home/yichen/Desktop/Gemini_Security_Prompt06/F030.c,cppcheck,True,success,True,0,10,64,style,constVariablePointer,Variable 'old_s' can be declared as pointer to const,/home/yichen/Desktop/Gemini_Security_Prompt06/F030.c|64|style|constVariablePointer|Variable 'old_s' can be declared as pointer to const,/home/yichen/Desktop/Gemini_Security_Results06/logs/F030_cppcheck.log
/home/yichen/Desktop/Gemini_Security_Prompt06/F030.c,cppcheck,True,success,True,0,10,65,style,constVariablePointer,Variable 'new_s' can be declared as pointer to const,/home/yichen/Desktop/Gemini_Security_Prompt06/F030.c|65|style|constVariablePointer|Variable 'new_s' can be declared as pointer to const,/home/yichen/Desktop/Gemini_Security_Results06/logs/F030_cppcheck.log
/home/yichen/Desktop/Gemini_Security_Prompt06/F030.c,cppcheck,True,success,True,0,10,72,style,constVariablePointer,Variable 'text' can be declared as pointer to const,/home/yichen/Desktop/Gemini_Security_Prompt06/F030.c|72|style|constVariablePointer|Variable 'text' can be declared as pointer to const,/home/yichen/Desktop/Gemini_Security_Results06/logs/F030_cppcheck.log
/home/yichen/Desktop/Gemini_Security_Prompt06/F030.c,cppcheck,True,success,True,0,10,85,style,constVariablePointer,Variable 'old_s' can be declared as pointer to const,/home/yichen/Desktop/Gemini_Security_Prompt06/F030.c|85|style|constVariablePointer|Variable 'old_s' can be declared as pointer to const,/home/yichen/Desktop/Gemini_Security_Results06/logs/F030_cppcheck.log
nofile,cppcheck,True,success,True,0,10,0,information,checkersReport,Active checkers: 113/592 (use --checkers-report=<filename> to see details),nofile|0|information|checkersReport|Active checkers: 113/592 (use --checkers-report=<filename> to see details),/home/yichen/Desktop/Gemini_Security_Results06/logs/F030_cppcheck.log
/home/yichen/Desktop/Gemini_Security_Prompt06/F031.c,cppcheck,True,success,True,0,10,2,information,missingIncludeSystem,Include file: <stdio.h> not found. Please note: Cppcheck does not need standard library headers to get proper results.,/home/yichen/Desktop/Gemini_Security_Prompt06/F031.c|2|information|missingIncludeSystem|Include file: <stdio.h> not found. Please note: Cppcheck does not need standard library headers to get proper results.,/home/yichen/Desktop/Gemini_Security_Results06/logs/F031_cppcheck.log
/home/yichen/Desktop/Gemini_Security_Prompt06/F031.c,cppcheck,True,success,True,0,10,3,information,missingIncludeSystem,Include file: <stdlib.h> not found. Please note: Cppcheck does not need standard library headers to get proper results.,/home/yichen/Desktop/Gemini_Security_Prompt06/F031.c|3|information|missingIncludeSystem|Include file: <stdlib.h> not found. Please note: Cppcheck does not need standard library headers to get proper results.,/home/yichen/Desktop/Gemini_Security_Results06/logs/F031_cppcheck.log
/home/yichen/Desktop/Gemini_Security_Prompt06/F031.c,cppcheck,True,success,True,0,10,4,information,missingIncludeSystem,Include file: <string.h> not found. Please note: Cppcheck does not need standard library headers to get proper results.,/home/yichen/Desktop/Gemini_Security_Prompt06/F031.c|4|information|missingIncludeSystem|Include file: <string.h> not found. Please note: Cppcheck does not need standard library headers to get proper results.,/home/yichen/Desktop/Gemini_Security_Results06/logs/F031_cppcheck.log
/home/yichen/Desktop/Gemini_Security_Prompt06/F031.c,cppcheck,True,success,True,0,10,76,error,memleakOnRealloc,Common realloc mistake: 'list' nulled but not freed upon failure,/home/yichen/Desktop/Gemini_Security_Prompt06/F031.c|76|error|memleakOnRealloc|Common realloc mistake: 'list' nulled but not freed upon failure,/home/yichen/Desktop/Gemini_Security_Results06/logs/F031_cppcheck.log
/home/yichen/Desktop/Gemini_Security_Prompt06/F031.c,cppcheck,True,success,True,0,10,106,error,memleakOnRealloc,Common realloc mistake: 'list' nulled but not freed upon failure,/home/yichen/Desktop/Gemini_Security_Prompt06/F031.c|106|error|memleakOnRealloc|Common realloc mistake: 'list' nulled but not freed upon failure,/home/yichen/Desktop/Gemini_Security_Results06/logs/F031_cppcheck.log
/home/yichen/Desktop/Gemini_Security_Prompt06/F031.c,cppcheck,True,success,True,0,10,74,style,constVariablePointer,Variable 'name' can be declared as pointer to const,/home/yichen/Desktop/Gemini_Security_Prompt06/F031.c|74|style|constVariablePointer|Variable 'name' can be declared as pointer to const,/home/yichen/Desktop/Gemini_Security_Results06/logs/F031_cppcheck.log
/home/yichen/Desktop/Gemini_Security_Prompt06/F031.c,cppcheck,True,success,True,0,10,75,style,constVariablePointer,Variable 'note' can be declared as pointer to const,/home/yichen/Desktop/Gemini_Security_Prompt06/F031.c|75|style|constVariablePointer|Variable 'note' can be declared as pointer to const,/home/yichen/Desktop/Gemini_Security_Results06/logs/F031_cppcheck.log
/home/yichen/Desktop/Gemini_Security_Prompt06/F031.c,cppcheck,True,success,True,0,10,87,style,constVariablePointer,Variable 'name' can be declared as pointer to const,/home/yichen/Desktop/Gemini_Security_Prompt06/F031.c|87|style|constVariablePointer|Variable 'name' can be declared as pointer to const,/home/yichen/Desktop/Gemini_Security_Results06/logs/F031_cppcheck.log
/home/yichen/Desktop/Gemini_Security_Prompt06/F031.c,cppcheck,True,success,True,0,10,110,style,constVariablePointer,Variable 'name' can be declared as pointer to const,/home/yichen/Desktop/Gemini_Security_Prompt06/F031.c|110|style|constVariablePointer|Variable 'name' can be declared as pointer to const,/home/yichen/Desktop/Gemini_Security_Results06/logs/F031_cppcheck.log
nofile,cppcheck,True,success,True,0,10,0,information,checkersReport,Active checkers: 113/592 (use --checkers-report=<filename> to see details),nofile|0|information|checkersReport|Active checkers: 113/592 (use --checkers-report=<filename> to see details),/home/yichen/Desktop/Gemini_Security_Results06/logs/F031_cppcheck.log
/home/yichen/Desktop/Gemini_Security_Prompt06/F032.c,cppcheck,True,success,True,0,12,2,information,missingIncludeSystem,Include file: <stdio.h> not found. Please note: Cppcheck does not need standard library headers to get proper results.,/home/yichen/Desktop/Gemini_Security_Prompt06/F032.c|2|information|missingIncludeSystem|Include file: <stdio.h> not found. Please note: Cppcheck does not need standard library headers to get proper results.,/home/yichen/Desktop/Gemini_Security_Results06/logs/F032_cppcheck.log
/home/yichen/Desktop/Gemini_Security_Prompt06/F032.c,cppcheck,True,success,True,0,12,3,information,missingIncludeSystem,Include file: <stdlib.h> not found. Please note: Cppcheck does not need standard library headers to get proper results.,/home/yichen/Desktop/Gemini_Security_Prompt06/F032.c|3|information|missingIncludeSystem|Include file: <stdlib.h> not found. Please note: Cppcheck does not need standard library headers to get proper results.,/home/yichen/Desktop/Gemini_Security_Results06/logs/F032_cppcheck.log
/home/yichen/Desktop/Gemini_Security_Prompt06/F032.c,cppcheck,True,success,True,0,12,4,information,missingIncludeSystem,Include file: <string.h> not found. Please note: Cppcheck does not need standard library headers to get proper results.,/home/yichen/Desktop/Gemini_Security_Prompt06/F032.c|4|information|missingIncludeSystem|Include file: <string.h> not found. Please note: Cppcheck does not need standard library headers to get proper results.,/home/yichen/Desktop/Gemini_Security_Results06/logs/F032_cppcheck.log
/home/yichen/Desktop/Gemini_Security_Prompt06/F032.c,cppcheck,True,success,True,0,12,72,error,memleakOnRealloc,Common realloc mistake: 'committed' nulled but not freed upon failure,/home/yichen/Desktop/Gemini_Security_Prompt06/F032.c|72|error|memleakOnRealloc|Common realloc mistake: 'committed' nulled but not freed upon failure,/home/yichen/Desktop/Gemini_Security_Results06/logs/F032_cppcheck.log
/home/yichen/Desktop/Gemini_Security_Prompt06/F032.c,cppcheck,True,success,True,0,12,121,error,memleakOnRealloc,Common realloc mistake: 'committed' nulled but not freed upon failure,/home/yichen/Desktop/Gemini_Security_Prompt06/F032.c|121|error|memleakOnRealloc|Common realloc mistake: 'committed' nulled but not freed upon failure,/home/yichen/Desktop/Gemini_Security_Results06/logs/F032_cppcheck.log
/home/yichen/Desktop/Gemini_Security_Prompt06/F032.c,cppcheck,True,success,True,0,12,144,error,memleakOnRealloc,Common realloc mistake: 'staged' nulled but not freed upon failure,/home/yichen/Desktop/Gemini_Security_Prompt06/F032.c|144|error|memleakOnRealloc|Common realloc mistake: 'staged' nulled but not freed upon failure,/home/yichen/Desktop/Gemini_Security_Results06/logs/F032_cppcheck.log
/home/yichen/Desktop/Gemini_Security_Prompt06/F032.c,cppcheck,True,success,True,0,12,108,style,constVariablePointer,Variable 'key' can be declared as pointer to const,/home/yichen/Desktop/Gemini_Security_Prompt06/F032.c|108|style|constVariablePointer|Variable 'key' can be declared as pointer to const,/home/yichen/Desktop/Gemini_Security_Results06/logs/F032_cppcheck.log
/home/yichen/Desktop/Gemini_Security_Prompt06/F032.c,cppcheck,True,success,True,0,12,109,style,constVariablePointer,Variable 'value' can be declared as pointer to const,/home/yichen/Desktop/Gemini_Security_Prompt06/F032.c|109|style|constVariablePointer|Variable 'value' can be declared as pointer to const,/home/yichen/Desktop/Gemini_Security_Results06/logs/F032_cppcheck.log
/home/yichen/Desktop/Gemini_Security_Prompt06/F032.c,cppcheck,True,success,True,0,12,131,style,constVariablePointer,Variable 'key' can be declared as pointer to const,/home/yichen/Desktop/Gemini_Security_Prompt06/F032.c|131|style|constVariablePointer|Variable 'key' can be declared as pointer to const,/home/yichen/Desktop/Gemini_Security_Results06/logs/F032_cppcheck.log
/home/yichen/Desktop/Gemini_Security_Prompt06/F032.c,cppcheck,True,success,True,0,12,132,style,constVariablePointer,Variable 'value' can be declared as pointer to const,/home/yichen/Desktop/Gemini_Security_Prompt06/F032.c|132|style|constVariablePointer|Variable 'value' can be declared as pointer to const,/home/yichen/Desktop/Gemini_Security_Results06/logs/F032_cppcheck.log
/home/yichen/Desktop/Gemini_Security_Prompt06/F032.c,cppcheck,True,success,True,0,12,151,style,constVariablePointer,Variable 'key' can be declared as pointer to const,/home/yichen/Desktop/Gemini_Security_Prompt06/F032.c|151|style|constVariablePointer|Variable 'key' can be declared as pointer to const,/home/yichen/Desktop/Gemini_Security_Results06/logs/F032_cppcheck.log
nofile,cppcheck,True,success,True,0,12,0,information,checkersReport,Active checkers: 113/592 (use --checkers-report=<filename> to see details),nofile|0|information|checkersReport|Active checkers: 113/592 (use --checkers-report=<filename> to see details),/home/yichen/Desktop/Gemini_Security_Results06/logs/F032_cppcheck.log
/home/yichen/Desktop/Gemini_Security_Prompt06/F033.c,cppcheck,True,success,True,0,12,2,information,missingIncludeSystem,Include file: <stdio.h> not found. Please note: Cppcheck does not need standard library headers to get proper results.,/home/yichen/Desktop/Gemini_Security_Prompt06/F033.c|2|information|missingIncludeSystem|Include file: <stdio.h> not found. Please note: Cppcheck does not need standard library headers to get proper results.,/home/yichen/Desktop/Gemini_Security_Results06/logs/F033_cppcheck.log
/home/yichen/Desktop/Gemini_Security_Prompt06/F033.c,cppcheck,True,success,True,0,12,3,information,missingIncludeSystem,Include file: <stdlib.h> not found. Please note: Cppcheck does not need standard library headers to get proper results.,/home/yichen/Desktop/Gemini_Security_Prompt06/F033.c|3|information|missingIncludeSystem|Include file: <stdlib.h> not found. Please note: Cppcheck does not need standard library headers to get proper results.,/home/yichen/Desktop/Gemini_Security_Results06/logs/F033_cppcheck.log
/home/yichen/Desktop/Gemini_Security_Prompt06/F033.c,cppcheck,True,success,True,0,12,4,information,missingIncludeSystem,Include file: <string.h> not found. Please note: Cppcheck does not need standard library headers to get proper results.,/home/yichen/Desktop/Gemini_Security_Prompt06/F033.c|4|information|missingIncludeSystem|Include file: <string.h> not found. Please note: Cppcheck does not need standard library headers to get proper results.,/home/yichen/Desktop/Gemini_Security_Results06/logs/F033_cppcheck.log
/home/yichen/Desktop/Gemini_Security_Prompt06/F033.c,cppcheck,True,success,True,0,12,86,error,memleakOnRealloc,Common realloc mistake: 'list' nulled but not freed upon failure,/home/yichen/Desktop/Gemini_Security_Prompt06/F033.c|86|error|memleakOnRealloc|Common realloc mistake: 'list' nulled but not freed upon failure,/home/yichen/Desktop/Gemini_Security_Results06/logs/F033_cppcheck.log
/home/yichen/Desktop/Gemini_Security_Prompt06/F033.c,cppcheck,True,success,True,0,12,125,error,memleakOnRealloc,Common realloc mistake: 'list' nulled but not freed upon failure,/home/yichen/Desktop/Gemini_Security_Prompt06/F033.c|125|error|memleakOnRealloc|Common realloc mistake: 'list' nulled but not freed upon failure,/home/yichen/Desktop/Gemini_Security_Results06/logs/F033_cppcheck.log
/home/yichen/Desktop/Gemini_Security_Prompt06/F033.c,cppcheck,True,success,True,0,12,66,style,constVariablePointer,Variable 'id' can be declared as pointer to const,/home/yichen/Desktop/Gemini_Security_Prompt06/F033.c|66|style|constVariablePointer|Variable 'id' can be declared as pointer to const,/home/yichen/Desktop/Gemini_Security_Results06/logs/F033_cppcheck.log
/home/yichen/Desktop/Gemini_Security_Prompt06/F033.c,cppcheck,True,success,True,0,12,71,style,constVariablePointer,Variable 'name' can be declared as pointer to const,/home/yichen/Desktop/Gemini_Security_Prompt06/F033.c|71|style|constVariablePointer|Variable 'name' can be declared as pointer to const,/home/yichen/Desktop/Gemini_Security_Results06/logs/F033_cppcheck.log
/home/yichen/Desktop/Gemini_Security_Prompt06/F033.c,cppcheck,True,success,True,0,12,76,style,constVariablePointer,Variable 'dept' can be declared as pointer to const,/home/yichen/Desktop/Gemini_Security_Prompt06/F033.c|76|style|constVariablePointer|Variable 'dept' can be declared as pointer to const,/home/yichen/Desktop/Gemini_Security_Results06/logs/F033_cppcheck.log
/home/yichen/Desktop/Gemini_Security_Prompt06/F033.c,cppcheck,True,success,True,0,12,77,style,constVariablePointer,Variable 'title' can be declared as pointer to const,/home/yichen/Desktop/Gemini_Security_Prompt06/F033.c|77|style|constVariablePointer|Variable 'title' can be declared as pointer to const,/home/yichen/Desktop/Gemini_Security_Results06/logs/F033_cppcheck.log
/home/yichen/Desktop/Gemini_Security_Prompt06/F033.c,cppcheck,True,success,True,0,12,104,style,constVariablePointer,Variable 'id' can be declared as pointer to const,/home/yichen/Desktop/Gemini_Security_Prompt06/F033.c|104|style|constVariablePointer|Variable 'id' can be declared as pointer to const,/home/yichen/Desktop/Gemini_Security_Results06/logs/F033_cppcheck.log
/home/yichen/Desktop/Gemini_Security_Prompt06/F033.c,cppcheck,True,success,True,0,12,129,style,constVariablePointer,Variable 'id' can be declared as pointer to const,/home/yichen/Desktop/Gemini_Security_Prompt06/F033.c|129|style|constVariablePointer|Variable 'id' can be declared as pointer to const,/home/yichen/Desktop/Gemini_Security_Results06/logs/F033_cppcheck.log
nofile,cppcheck,True,success,True,0,12,0,information,checkersReport,Active checkers: 113/592 (use --checkers-report=<filename> to see details),nofile|0|information|checkersReport|Active checkers: 113/592 (use --checkers-report=<filename> to see details),/home/yichen/Desktop/Gemini_Security_Results06/logs/F033_cppcheck.log
/home/yichen/Desktop/Gemini_Security_Prompt06/F034.c,cppcheck,True,success,True,0,9,2,information,missingIncludeSystem,Include file: <stdio.h> not found. Please note: Cppcheck does not need standard library headers to get proper results.,/home/yichen/Desktop/Gemini_Security_Prompt06/F034.c|2|information|missingIncludeSystem|Include file: <stdio.h> not found. Please note: Cppcheck does not need standard library headers to get proper results.,/home/yichen/Desktop/Gemini_Security_Results06/logs/F034_cppcheck.log
/home/yichen/Desktop/Gemini_Security_Prompt06/F034.c,cppcheck,True,success,True,0,9,3,information,missingIncludeSystem,Include file: <stdlib.h> not found. Please note: Cppcheck does not need standard library headers to get proper results.,/home/yichen/Desktop/Gemini_Security_Prompt06/F034.c|3|information|missingIncludeSystem|Include file: <stdlib.h> not found. Please note: Cppcheck does not need standard library headers to get proper results.,/home/yichen/Desktop/Gemini_Security_Results06/logs/F034_cppcheck.log
/home/yichen/Desktop/Gemini_Security_Prompt06/F034.c,cppcheck,True,success,True,0,9,4,information,missingIncludeSystem,Include file: <string.h> not found. Please note: Cppcheck does not need standard library headers to get proper results.,/home/yichen/Desktop/Gemini_Security_Prompt06/F034.c|4|information|missingIncludeSystem|Include file: <string.h> not found. Please note: Cppcheck does not need standard library headers to get proper results.,/home/yichen/Desktop/Gemini_Security_Results06/logs/F034_cppcheck.log
/home/yichen/Desktop/Gemini_Security_Prompt06/F034.c,cppcheck,True,success,True,0,9,66,error,memleakOnRealloc,Common realloc mistake: 'temp_list' nulled but not freed upon failure,/home/yichen/Desktop/Gemini_Security_Prompt06/F034.c|66|error|memleakOnRealloc|Common realloc mistake: 'temp_list' nulled but not freed upon failure,/home/yichen/Desktop/Gemini_Security_Results06/logs/F034_cppcheck.log
/home/yichen/Desktop/Gemini_Security_Prompt06/F034.c,cppcheck,True,success,True,0,9,40,style,constVariablePointer,Variable 'filepath' can be declared as pointer to const,/home/yichen/Desktop/Gemini_Security_Prompt06/F034.c|40|style|constVariablePointer|Variable 'filepath' can be declared as pointer to const,/home/yichen/Desktop/Gemini_Security_Results06/logs/F034_cppcheck.log
/home/yichen/Desktop/Gemini_Security_Prompt06/F034.c,cppcheck,True,success,True,0,9,104,style,constVariablePointer,Variable 'name' can be declared as pointer to const,/home/yichen/Desktop/Gemini_Security_Prompt06/F034.c|104|style|constVariablePointer|Variable 'name' can be declared as pointer to const,/home/yichen/Desktop/Gemini_Security_Results06/logs/F034_cppcheck.log
/home/yichen/Desktop/Gemini_Security_Prompt06/F034.c,cppcheck,True,success,True,0,9,105,style,constVariablePointer,Variable 'note' can be declared as pointer to const,/home/yichen/Desktop/Gemini_Security_Prompt06/F034.c|105|style|constVariablePointer|Variable 'note' can be declared as pointer to const,/home/yichen/Desktop/Gemini_Security_Results06/logs/F034_cppcheck.log
/home/yichen/Desktop/Gemini_Security_Prompt06/F034.c,cppcheck,True,success,True,0,9,112,style,constVariablePointer,Variable 'name' can be declared as pointer to const,/home/yichen/Desktop/Gemini_Security_Prompt06/F034.c|112|style|constVariablePointer|Variable 'name' can be declared as pointer to const,/home/yichen/Desktop/Gemini_Security_Results06/logs/F034_cppcheck.log
nofile,cppcheck,True,success,True,0,9,0,information,checkersReport,Active checkers: 113/592 (use --checkers-report=<filename> to see details),nofile|0|information|checkersReport|Active checkers: 113/592 (use --checkers-report=<filename> to see details),/home/yichen/Desktop/Gemini_Security_Results06/logs/F034_cppcheck.log
/home/yichen/Desktop/Gemini_Security_Prompt06/F035.c,cppcheck,True,success,True,0,12,2,information,missingIncludeSystem,Include file: <stdio.h> not found. Please note: Cppcheck does not need standard library headers to get proper results.,/home/yichen/Desktop/Gemini_Security_Prompt06/F035.c|2|information|missingIncludeSystem|Include file: <stdio.h> not found. Please note: Cppcheck does not need standard library headers to get proper results.,/home/yichen/Desktop/Gemini_Security_Results06/logs/F035_cppcheck.log
/home/yichen/Desktop/Gemini_Security_Prompt06/F035.c,cppcheck,True,success,True,0,12,3,information,missingIncludeSystem,Include file: <stdlib.h> not found. Please note: Cppcheck does not need standard library headers to get proper results.,/home/yichen/Desktop/Gemini_Security_Prompt06/F035.c|3|information|missingIncludeSystem|Include file: <stdlib.h> not found. Please note: Cppcheck does not need standard library headers to get proper results.,/home/yichen/Desktop/Gemini_Security_Results06/logs/F035_cppcheck.log
/home/yichen/Desktop/Gemini_Security_Prompt06/F035.c,cppcheck,True,success,True,0,12,4,information,missingIncludeSystem,Include file: <string.h> not found. Please note: Cppcheck does not need standard library headers to get proper results.,/home/yichen/Desktop/Gemini_Security_Prompt06/F035.c|4|information|missingIncludeSystem|Include file: <string.h> not found. Please note: Cppcheck does not need standard library headers to get proper results.,/home/yichen/Desktop/Gemini_Security_Results06/logs/F035_cppcheck.log
/home/yichen/Desktop/Gemini_Security_Prompt06/F035.c,cppcheck,True,success,True,0,12,66,error,memleakOnRealloc,Common realloc mistake: 'list' nulled but not freed upon failure,/home/yichen/Desktop/Gemini_Security_Prompt06/F035.c|66|error|memleakOnRealloc|Common realloc mistake: 'list' nulled but not freed upon failure,/home/yichen/Desktop/Gemini_Security_Results06/logs/F035_cppcheck.log
/home/yichen/Desktop/Gemini_Security_Prompt06/F035.c,cppcheck,True,success,True,0,12,85,error,memleakOnRealloc,Common realloc mistake: 'list' nulled but not freed upon failure,/home/yichen/Desktop/Gemini_Security_Prompt06/F035.c|85|error|memleakOnRealloc|Common realloc mistake: 'list' nulled but not freed upon failure,/home/yichen/Desktop/Gemini_Security_Results06/logs/F035_cppcheck.log
/home/yichen/Desktop/Gemini_Security_Prompt06/F035.c,cppcheck,True,success,True,0,12,114,error,memleakOnRealloc,Common realloc mistake: 'list' nulled but not freed upon failure,/home/yichen/Desktop/Gemini_Security_Prompt06/F035.c|114|error|memleakOnRealloc|Common realloc mistake: 'list' nulled but not freed upon failure,/home/yichen/Desktop/Gemini_Security_Results06/logs/F035_cppcheck.log
/home/yichen/Desktop/Gemini_Security_Prompt06/F035.c,cppcheck,True,success,True,0,12,64,style,constVariablePointer,Variable 'name' can be declared as pointer to const,/home/yichen/Desktop/Gemini_Security_Prompt06/F035.c|64|style|constVariablePointer|Variable 'name' can be declared as pointer to const,/home/yichen/Desktop/Gemini_Security_Results06/logs/F035_cppcheck.log
/home/yichen/Desktop/Gemini_Security_Prompt06/F035.c,cppcheck,True,success,True,0,12,65,style,constVariablePointer,Variable 'payload' can be declared as pointer to const,/home/yichen/Desktop/Gemini_Security_Prompt06/F035.c|65|style|constVariablePointer|Variable 'payload' can be declared as pointer to const,/home/yichen/Desktop/Gemini_Security_Results06/logs/F035_cppcheck.log
/home/yichen/Desktop/Gemini_Security_Prompt06/F035.c,cppcheck,True,success,True,0,12,75,style,constVariablePointer,Variable 'oldName' can be declared as pointer to const,/home/yichen/Desktop/Gemini_Security_Prompt06/F035.c|75|style|constVariablePointer|Variable 'oldName' can be declared as pointer to const,/home/yichen/Desktop/Gemini_Security_Results06/logs/F035_cppcheck.log
/home/yichen/Desktop/Gemini_Security_Prompt06/F035.c,cppcheck,True,success,True,0,12,76,style,constVariablePointer,Variable 'newName' can be declared as pointer to const,/home/yichen/Desktop/Gemini_Security_Prompt06/F035.c|76|style|constVariablePointer|Variable 'newName' can be declared as pointer to const,/home/yichen/Desktop/Gemini_Security_Results06/logs/F035_cppcheck.log
/home/yichen/Desktop/Gemini_Security_Prompt06/F035.c,cppcheck,True,success,True,0,12,92,style,constVariablePointer,Variable 'name' can be declared as pointer to const,/home/yichen/Desktop/Gemini_Security_Prompt06/F035.c|92|style|constVariablePointer|Variable 'name' can be declared as pointer to const,/home/yichen/Desktop/Gemini_Security_Results06/logs/F035_cppcheck.log
nofile,cppcheck,True,success,True,0,12,0,information,checkersReport,Active checkers: 113/592 (use --checkers-report=<filename> to see details),nofile|0|information|checkersReport|Active checkers: 113/592 (use --checkers-report=<filename> to see details),/home/yichen/Desktop/Gemini_Security_Results06/logs/F035_cppcheck.log
/home/yichen/Desktop/Gemini_Security_Prompt06/F036.c,cppcheck,True,success,True,0,11,2,information,missingIncludeSystem,Include file: <stdio.h> not found. Please note: Cppcheck does not need standard library headers to get proper results.,/home/yichen/Desktop/Gemini_Security_Prompt06/F036.c|2|information|missingIncludeSystem|Include file: <stdio.h> not found. Please note: Cppcheck does not need standard library headers to get proper results.,/home/yichen/Desktop/Gemini_Security_Results06/logs/F036_cppcheck.log
/home/yichen/Desktop/Gemini_Security_Prompt06/F036.c,cppcheck,True,success,True,0,11,3,information,missingIncludeSystem,Include file: <stdlib.h> not found. Please note: Cppcheck does not need standard library headers to get proper results.,/home/yichen/Desktop/Gemini_Security_Prompt06/F036.c|3|information|missingIncludeSystem|Include file: <stdlib.h> not found. Please note: Cppcheck does not need standard library headers to get proper results.,/home/yichen/Desktop/Gemini_Security_Results06/logs/F036_cppcheck.log
/home/yichen/Desktop/Gemini_Security_Prompt06/F036.c,cppcheck,True,success,True,0,11,4,information,missingIncludeSystem,Include file: <string.h> not found. Please note: Cppcheck does not need standard library headers to get proper results.,/home/yichen/Desktop/Gemini_Security_Prompt06/F036.c|4|information|missingIncludeSystem|Include file: <string.h> not found. Please note: Cppcheck does not need standard library headers to get proper results.,/home/yichen/Desktop/Gemini_Security_Results06/logs/F036_cppcheck.log
/home/yichen/Desktop/Gemini_Security_Prompt06/F036.c,cppcheck,True,success,True,0,11,72,error,memleakOnRealloc,Common realloc mistake: 'list' nulled but not freed upon failure,/home/yichen/Desktop/Gemini_Security_Prompt06/F036.c|72|error|memleakOnRealloc|Common realloc mistake: 'list' nulled but not freed upon failure,/home/yichen/Desktop/Gemini_Security_Results06/logs/F036_cppcheck.log
/home/yichen/Desktop/Gemini_Security_Prompt06/F036.c,cppcheck,True,success,True,0,11,101,error,memleakOnRealloc,Common realloc mistake: 'list' nulled but not freed upon failure,/home/yichen/Desktop/Gemini_Security_Prompt06/F036.c|101|error|memleakOnRealloc|Common realloc mistake: 'list' nulled but not freed upon failure,/home/yichen/Desktop/Gemini_Security_Results06/logs/F036_cppcheck.log
/home/yichen/Desktop/Gemini_Security_Prompt06/F036.c,cppcheck,True,success,True,0,11,64,style,constVariablePointer,Variable 'name' can be declared as pointer to const,/home/yichen/Desktop/Gemini_Security_Prompt06/F036.c|64|style|constVariablePointer|Variable 'name' can be declared as pointer to const,/home/yichen/Desktop/Gemini_Security_Results06/logs/F036_cppcheck.log
/home/yichen/Desktop/Gemini_Security_Prompt06/F036.c,cppcheck,True,success,True,0,11,65,style,constVariablePointer,Variable 'length_data' can be declared as pointer to const,/home/yichen/Desktop/Gemini_Security_Prompt06/F036.c|65|style|constVariablePointer|Variable 'length_data' can be declared as pointer to const,/home/yichen/Desktop/Gemini_Security_Results06/logs/F036_cppcheck.log
/home/yichen/Desktop/Gemini_Security_Prompt06/F036.c,cppcheck,True,success,True,0,11,70,style,constVariablePointer,Variable 'actual_data' can be declared as pointer to const,/home/yichen/Desktop/Gemini_Security_Prompt06/F036.c|70|style|constVariablePointer|Variable 'actual_data' can be declared as pointer to const,/home/yichen/Desktop/Gemini_Security_Results06/logs/F036_cppcheck.log
/home/yichen/Desktop/Gemini_Security_Prompt06/F036.c,cppcheck,True,success,True,0,11,82,style,constVariablePointer,Variable 'name' can be declared as pointer to const,/home/yichen/Desktop/Gemini_Security_Prompt06/F036.c|82|style|constVariablePointer|Variable 'name' can be declared as pointer to const,/home/yichen/Desktop/Gemini_Security_Results06/logs/F036_cppcheck.log
/home/yichen/Desktop/Gemini_Security_Prompt06/F036.c,cppcheck,True,success,True,0,11,105,style,constVariablePointer,Variable 'name' can be declared as pointer to const,/home/yichen/Desktop/Gemini_Security_Prompt06/F036.c|105|style|constVariablePointer|Variable 'name' can be declared as pointer to const,/home/yichen/Desktop/Gemini_Security_Results06/logs/F036_cppcheck.log
nofile,cppcheck,True,success,True,0,11,0,information,checkersReport,Active checkers: 113/592 (use --checkers-report=<filename> to see details),nofile|0|information|checkersReport|Active checkers: 113/592 (use --checkers-report=<filename> to see details),/home/yichen/Desktop/Gemini_Security_Results06/logs/F036_cppcheck.log
/home/yichen/Desktop/Gemini_Security_Prompt06/F037.c,cppcheck,True,success,True,0,15,2,information,missingIncludeSystem,Include file: <stdio.h> not found. Please note: Cppcheck does not need standard library headers to get proper results.,/home/yichen/Desktop/Gemini_Security_Prompt06/F037.c|2|information|missingIncludeSystem|Include file: <stdio.h> not found. Please note: Cppcheck does not need standard library headers to get proper results.,/home/yichen/Desktop/Gemini_Security_Results06/logs/F037_cppcheck.log
/home/yichen/Desktop/Gemini_Security_Prompt06/F037.c,cppcheck,True,success,True,0,15,3,information,missingIncludeSystem,Include file: <stdlib.h> not found. Please note: Cppcheck does not need standard library headers to get proper results.,/home/yichen/Desktop/Gemini_Security_Prompt06/F037.c|3|information|missingIncludeSystem|Include file: <stdlib.h> not found. Please note: Cppcheck does not need standard library headers to get proper results.,/home/yichen/Desktop/Gemini_Security_Results06/logs/F037_cppcheck.log
/home/yichen/Desktop/Gemini_Security_Prompt06/F037.c,cppcheck,True,success,True,0,15,4,information,missingIncludeSystem,Include file: <string.h> not found. Please note: Cppcheck does not need standard library headers to get proper results.,/home/yichen/Desktop/Gemini_Security_Prompt06/F037.c|4|information|missingIncludeSystem|Include file: <string.h> not found. Please note: Cppcheck does not need standard library headers to get proper results.,/home/yichen/Desktop/Gemini_Security_Results06/logs/F037_cppcheck.log
/home/yichen/Desktop/Gemini_Security_Prompt06/F037.c,cppcheck,True,success,True,0,15,87,error,memleakOnRealloc,Common realloc mistake: 'list' nulled but not freed upon failure,/home/yichen/Desktop/Gemini_Security_Prompt06/F037.c|87|error|memleakOnRealloc|Common realloc mistake: 'list' nulled but not freed upon failure,/home/yichen/Desktop/Gemini_Security_Results06/logs/F037_cppcheck.log
/home/yichen/Desktop/Gemini_Security_Prompt06/F037.c,cppcheck,True,success,True,0,15,153,error,memleakOnRealloc,Common realloc mistake: 'list' nulled but not freed upon failure,/home/yichen/Desktop/Gemini_Security_Prompt06/F037.c|153|error|memleakOnRealloc|Common realloc mistake: 'list' nulled but not freed upon failure,/home/yichen/Desktop/Gemini_Security_Results06/logs/F037_cppcheck.log
/home/yichen/Desktop/Gemini_Security_Prompt06/F037.c,cppcheck,True,success,True,0,15,109,style,variableScope,The scope of the variable 'name' can be reduced.,/home/yichen/Desktop/Gemini_Security_Prompt06/F037.c|109|style|variableScope|The scope of the variable 'name' can be reduced.,/home/yichen/Desktop/Gemini_Security_Results06/logs/F037_cppcheck.log
/home/yichen/Desktop/Gemini_Security_Prompt06/F037.c,cppcheck,True,success,True,0,15,114,style,variableScope,The scope of the variable 'offset' can be reduced.,/home/yichen/Desktop/Gemini_Security_Prompt06/F037.c|114|style|variableScope|The scope of the variable 'offset' can be reduced.,/home/yichen/Desktop/Gemini_Security_Results06/logs/F037_cppcheck.log
/home/yichen/Desktop/Gemini_Security_Prompt06/F037.c,cppcheck,True,success,True,0,15,115,style,variableScope,The scope of the variable 'length' can be reduced.,/home/yichen/Desktop/Gemini_Security_Prompt06/F037.c|115|style|variableScope|The scope of the variable 'length' can be reduced.,/home/yichen/Desktop/Gemini_Security_Results06/logs/F037_cppcheck.log
/home/yichen/Desktop/Gemini_Security_Prompt06/F037.c,cppcheck,True,success,True,0,15,65,style,constVariablePointer,Variable 'name' can be declared as pointer to const,/home/yichen/Desktop/Gemini_Security_Prompt06/F037.c|65|style|constVariablePointer|Variable 'name' can be declared as pointer to const,/home/yichen/Desktop/Gemini_Security_Results06/logs/F037_cppcheck.log
/home/yichen/Desktop/Gemini_Security_Prompt06/F037.c,cppcheck,True,success,True,0,15,66,style,constVariablePointer,Variable 'hexbytes' can be declared as pointer to const,/home/yichen/Desktop/Gemini_Security_Prompt06/F037.c|66|style|constVariablePointer|Variable 'hexbytes' can be declared as pointer to const,/home/yichen/Desktop/Gemini_Security_Results06/logs/F037_cppcheck.log
/home/yichen/Desktop/Gemini_Security_Prompt06/F037.c,cppcheck,True,success,True,0,15,71,style,constVariable,Variable 'hex' can be declared as const array,/home/yichen/Desktop/Gemini_Security_Prompt06/F037.c|71|style|constVariable|Variable 'hex' can be declared as const array,/home/yichen/Desktop/Gemini_Security_Results06/logs/F037_cppcheck.log
/home/yichen/Desktop/Gemini_Security_Prompt06/F037.c,cppcheck,True,success,True,0,15,109,style,constVariablePointer,Variable 'name' can be declared as pointer to const,/home/yichen/Desktop/Gemini_Security_Prompt06/F037.c|109|style|constVariablePointer|Variable 'name' can be declared as pointer to const,/home/yichen/Desktop/Gemini_Security_Results06/logs/F037_cppcheck.log
/home/yichen/Desktop/Gemini_Security_Prompt06/F037.c,cppcheck,True,success,True,0,15,110,style,constVariablePointer,Variable 'rest2' can be declared as pointer to const,/home/yichen/Desktop/Gemini_Security_Prompt06/F037.c|110|style|constVariablePointer|Variable 'rest2' can be declared as pointer to const,/home/yichen/Desktop/Gemini_Security_Results06/logs/F037_cppcheck.log
/home/yichen/Desktop/Gemini_Security_Prompt06/F037.c,cppcheck,True,success,True,0,15,134,style,constVariablePointer,Variable 'name' can be declared as pointer to const,/home/yichen/Desktop/Gemini_Security_Prompt06/F037.c|134|style|constVariablePointer|Variable 'name' can be declared as pointer to const,/home/yichen/Desktop/Gemini_Security_Results06/logs/F037_cppcheck.log
nofile,cppcheck,True,success,True,0,15,0,information,checkersReport,Active checkers: 113/592 (use --checkers-report=<filename> to see details),nofile|0|information|checkersReport|Active checkers: 113/592 (use --checkers-report=<filename> to see details),/home/yichen/Desktop/Gemini_Security_Results06/logs/F037_cppcheck.log
/home/yichen/Desktop/Gemini_Security_Prompt06/F038.c,cppcheck,True,success,True,0,11,2,information,missingIncludeSystem,Include file: <stdio.h> not found. Please note: Cppcheck does not need standard library headers to get proper results.,/home/yichen/Desktop/Gemini_Security_Prompt06/F038.c|2|information|missingIncludeSystem|Include file: <stdio.h> not found. Please note: Cppcheck does not need standard library headers to get proper results.,/home/yichen/Desktop/Gemini_Security_Results06/logs/F038_cppcheck.log
/home/yichen/Desktop/Gemini_Security_Prompt06/F038.c,cppcheck,True,success,True,0,11,3,information,missingIncludeSystem,Include file: <stdlib.h> not found. Please note: Cppcheck does not need standard library headers to get proper results.,/home/yichen/Desktop/Gemini_Security_Prompt06/F038.c|3|information|missingIncludeSystem|Include file: <stdlib.h> not found. Please note: Cppcheck does not need standard library headers to get proper results.,/home/yichen/Desktop/Gemini_Security_Results06/logs/F038_cppcheck.log
/home/yichen/Desktop/Gemini_Security_Prompt06/F038.c,cppcheck,True,success,True,0,11,4,information,missingIncludeSystem,Include file: <string.h> not found. Please note: Cppcheck does not need standard library headers to get proper results.,/home/yichen/Desktop/Gemini_Security_Prompt06/F038.c|4|information|missingIncludeSystem|Include file: <string.h> not found. Please note: Cppcheck does not need standard library headers to get proper results.,/home/yichen/Desktop/Gemini_Security_Results06/logs/F038_cppcheck.log
/home/yichen/Desktop/Gemini_Security_Prompt06/F038.c,cppcheck,True,success,True,0,11,77,error,memleakOnRealloc,Common realloc mistake: 'list' nulled but not freed upon failure,/home/yichen/Desktop/Gemini_Security_Prompt06/F038.c|77|error|memleakOnRealloc|Common realloc mistake: 'list' nulled but not freed upon failure,/home/yichen/Desktop/Gemini_Security_Results06/logs/F038_cppcheck.log
/home/yichen/Desktop/Gemini_Security_Prompt06/F038.c,cppcheck,True,success,True,0,11,103,error,memleakOnRealloc,Common realloc mistake: 'list' nulled but not freed upon failure,/home/yichen/Desktop/Gemini_Security_Prompt06/F038.c|103|error|memleakOnRealloc|Common realloc mistake: 'list' nulled but not freed upon failure,/home/yichen/Desktop/Gemini_Security_Results06/logs/F038_cppcheck.log
/home/yichen/Desktop/Gemini_Security_Prompt06/F038.c,cppcheck,True,success,True,0,11,64,style,constVariablePointer,Variable 'name' can be declared as pointer to const,/home/yichen/Desktop/Gemini_Security_Prompt06/F038.c|64|style|constVariablePointer|Variable 'name' can be declared as pointer to const,/home/yichen/Desktop/Gemini_Security_Results06/logs/F038_cppcheck.log
/home/yichen/Desktop/Gemini_Security_Prompt06/F038.c,cppcheck,True,success,True,0,11,65,style,constVariablePointer,Variable 'enc' can be declared as pointer to const,/home/yichen/Desktop/Gemini_Security_Prompt06/F038.c|65|style|constVariablePointer|Variable 'enc' can be declared as pointer to const,/home/yichen/Desktop/Gemini_Security_Results06/logs/F038_cppcheck.log
/home/yichen/Desktop/Gemini_Security_Prompt06/F038.c,cppcheck,True,success,True,0,11,84,style,constVariablePointer,Variable 'name' can be declared as pointer to const,/home/yichen/Desktop/Gemini_Security_Prompt06/F038.c|84|style|constVariablePointer|Variable 'name' can be declared as pointer to const,/home/yichen/Desktop/Gemini_Security_Results06/logs/F038_cppcheck.log
/home/yichen/Desktop/Gemini_Security_Prompt06/F038.c,cppcheck,True,success,True,0,11,107,style,constVariablePointer,Variable 'name' can be declared as pointer to const,/home/yichen/Desktop/Gemini_Security_Prompt06/F038.c|107|style|constVariablePointer|Variable 'name' can be declared as pointer to const,/home/yichen/Desktop/Gemini_Security_Results06/logs/F038_cppcheck.log
/home/yichen/Desktop/Gemini_Security_Prompt06/F038.c,cppcheck,True,success,True,0,11,116,style,constVariablePointer,Variable 'enc' can be declared as pointer to const,/home/yichen/Desktop/Gemini_Security_Prompt06/F038.c|116|style|constVariablePointer|Variable 'enc' can be declared as pointer to const,/home/yichen/Desktop/Gemini_Security_Results06/logs/F038_cppcheck.log
nofile,cppcheck,True,success,True,0,11,0,information,checkersReport,Active checkers: 113/592 (use --checkers-report=<filename> to see details),nofile|0|information|checkersReport|Active checkers: 113/592 (use --checkers-report=<filename> to see details),/home/yichen/Desktop/Gemini_Security_Results06/logs/F038_cppcheck.log
/home/yichen/Desktop/Gemini_Security_Prompt06/F039.c,cppcheck,True,success,True,0,18,2,information,missingIncludeSystem,Include file: <stdio.h> not found. Please note: Cppcheck does not need standard library headers to get proper results.,/home/yichen/Desktop/Gemini_Security_Prompt06/F039.c|2|information|missingIncludeSystem|Include file: <stdio.h> not found. Please note: Cppcheck does not need standard library headers to get proper results.,/home/yichen/Desktop/Gemini_Security_Results06/logs/F039_cppcheck.log
/home/yichen/Desktop/Gemini_Security_Prompt06/F039.c,cppcheck,True,success,True,0,18,3,information,missingIncludeSystem,Include file: <stdlib.h> not found. Please note: Cppcheck does not need standard library headers to get proper results.,/home/yichen/Desktop/Gemini_Security_Prompt06/F039.c|3|information|missingIncludeSystem|Include file: <stdlib.h> not found. Please note: Cppcheck does not need standard library headers to get proper results.,/home/yichen/Desktop/Gemini_Security_Results06/logs/F039_cppcheck.log
/home/yichen/Desktop/Gemini_Security_Prompt06/F039.c,cppcheck,True,success,True,0,18,4,information,missingIncludeSystem,Include file: <string.h> not found. Please note: Cppcheck does not need standard library headers to get proper results.,/home/yichen/Desktop/Gemini_Security_Prompt06/F039.c|4|information|missingIncludeSystem|Include file: <string.h> not found. Please note: Cppcheck does not need standard library headers to get proper results.,/home/yichen/Desktop/Gemini_Security_Results06/logs/F039_cppcheck.log
/home/yichen/Desktop/Gemini_Security_Prompt06/F039.c,cppcheck,True,success,True,0,18,74,error,memleakOnRealloc,Common realloc mistake: 'list' nulled but not freed upon failure,/home/yichen/Desktop/Gemini_Security_Prompt06/F039.c|74|error|memleakOnRealloc|Common realloc mistake: 'list' nulled but not freed upon failure,/home/yichen/Desktop/Gemini_Security_Results06/logs/F039_cppcheck.log
/home/yichen/Desktop/Gemini_Security_Prompt06/F039.c,cppcheck,True,success,True,0,18,164,error,memleakOnRealloc,Common realloc mistake: 'list' nulled but not freed upon failure,/home/yichen/Desktop/Gemini_Security_Prompt06/F039.c|164|error|memleakOnRealloc|Common realloc mistake: 'list' nulled but not freed upon failure,/home/yichen/Desktop/Gemini_Security_Results06/logs/F039_cppcheck.log
/home/yichen/Desktop/Gemini_Security_Prompt06/F039.c,cppcheck,True,success,True,0,18,93,style,variableScope,The scope of the variable 'name' can be reduced.,/home/yichen/Desktop/Gemini_Security_Prompt06/F039.c|93|style|variableScope|The scope of the variable 'name' can be reduced.,/home/yichen/Desktop/Gemini_Security_Results06/logs/F039_cppcheck.log
/home/yichen/Desktop/Gemini_Security_Prompt06/F039.c,cppcheck,True,success,True,0,18,98,style,variableScope,The scope of the variable 'r' can be reduced.,/home/yichen/Desktop/Gemini_Security_Prompt06/F039.c|98|style|variableScope|The scope of the variable 'r' can be reduced.,/home/yichen/Desktop/Gemini_Security_Results06/logs/F039_cppcheck.log
/home/yichen/Desktop/Gemini_Security_Prompt06/F039.c,cppcheck,True,success,True,0,18,121,style,variableScope,The scope of the variable 'name' can be reduced.,/home/yichen/Desktop/Gemini_Security_Prompt06/F039.c|121|style|variableScope|The scope of the variable 'name' can be reduced.,/home/yichen/Desktop/Gemini_Security_Results06/logs/F039_cppcheck.log
/home/yichen/Desktop/Gemini_Security_Prompt06/F039.c,cppcheck,True,success,True,0,18,66,style,constVariablePointer,Variable 'name' can be declared as pointer to const,/home/yichen/Desktop/Gemini_Security_Prompt06/F039.c|66|style|constVariablePointer|Variable 'name' can be declared as pointer to const,/home/yichen/Desktop/Gemini_Security_Results06/logs/F039_cppcheck.log
/home/yichen/Desktop/Gemini_Security_Prompt06/F039.c,cppcheck,True,success,True,0,18,67,style,constVariablePointer,Variable 'rest2' can be declared as pointer to const,/home/yichen/Desktop/Gemini_Security_Prompt06/F039.c|67|style|constVariablePointer|Variable 'rest2' can be declared as pointer to const,/home/yichen/Desktop/Gemini_Security_Results06/logs/F039_cppcheck.log
/home/yichen/Desktop/Gemini_Security_Prompt06/F039.c,cppcheck,True,success,True,0,18,93,style,constVariablePointer,Variable 'name' can be declared as pointer to const,/home/yichen/Desktop/Gemini_Security_Prompt06/F039.c|93|style|constVariablePointer|Variable 'name' can be declared as pointer to const,/home/yichen/Desktop/Gemini_Security_Results06/logs/F039_cppcheck.log
/home/yichen/Desktop/Gemini_Security_Prompt06/F039.c,cppcheck,True,success,True,0,18,94,style,constVariablePointer,Variable 'rest2' can be declared as pointer to const,/home/yichen/Desktop/Gemini_Security_Prompt06/F039.c|94|style|constVariablePointer|Variable 'rest2' can be declared as pointer to const,/home/yichen/Desktop/Gemini_Security_Results06/logs/F039_cppcheck.log
/home/yichen/Desktop/Gemini_Security_Prompt06/F039.c,cppcheck,True,success,True,0,18,99,style,constVariablePointer,Variable 'rest3' can be declared as pointer to const,/home/yichen/Desktop/Gemini_Security_Prompt06/F039.c|99|style|constVariablePointer|Variable 'rest3' can be declared as pointer to const,/home/yichen/Desktop/Gemini_Security_Results06/logs/F039_cppcheck.log
/home/yichen/Desktop/Gemini_Security_Prompt06/F039.c,cppcheck,True,success,True,0,18,104,style,constVariablePointer,Variable 'val' can be declared as pointer to const,/home/yichen/Desktop/Gemini_Security_Prompt06/F039.c|104|style|constVariablePointer|Variable 'val' can be declared as pointer to const,/home/yichen/Desktop/Gemini_Security_Results06/logs/F039_cppcheck.log
/home/yichen/Desktop/Gemini_Security_Prompt06/F039.c,cppcheck,True,success,True,0,18,121,style,constVariablePointer,Variable 'name' can be declared as pointer to const,/home/yichen/Desktop/Gemini_Security_Prompt06/F039.c|121|style|constVariablePointer|Variable 'name' can be declared as pointer to const,/home/yichen/Desktop/Gemini_Security_Results06/logs/F039_cppcheck.log
/home/yichen/Desktop/Gemini_Security_Prompt06/F039.c,cppcheck,True,success,True,0,18,122,style,constVariablePointer,Variable 'rest2' can be declared as pointer to const,/home/yichen/Desktop/Gemini_Security_Prompt06/F039.c|122|style|constVariablePointer|Variable 'rest2' can be declared as pointer to const,/home/yichen/Desktop/Gemini_Security_Results06/logs/F039_cppcheck.log
/home/yichen/Desktop/Gemini_Security_Prompt06/F039.c,cppcheck,True,success,True,0,18,139,style,constVariablePointer,Variable 'name' can be declared as pointer to const,/home/yichen/Desktop/Gemini_Security_Prompt06/F039.c|139|style|constVariablePointer|Variable 'name' can be declared as pointer to const,/home/yichen/Desktop/Gemini_Security_Results06/logs/F039_cppcheck.log
nofile,cppcheck,True,success,True,0,18,0,information,checkersReport,Active checkers: 113/592 (use --checkers-report=<filename> to see details),nofile|0|information|checkersReport|Active checkers: 113/592 (use --checkers-report=<filename> to see details),/home/yichen/Desktop/Gemini_Security_Results06/logs/F039_cppcheck.log
/home/yichen/Desktop/Gemini_Security_Prompt06/F040.c,cppcheck,True,success,True,0,16,2,information,missingIncludeSystem,Include file: <stdio.h> not found. Please note: Cppcheck does not need standard library headers to get proper results.,/home/yichen/Desktop/Gemini_Security_Prompt06/F040.c|2|information|missingIncludeSystem|Include file: <stdio.h> not found. Please note: Cppcheck does not need standard library headers to get proper results.,/home/yichen/Desktop/Gemini_Security_Results06/logs/F040_cppcheck.log
/home/yichen/Desktop/Gemini_Security_Prompt06/F040.c,cppcheck,True,success,True,0,16,3,information,missingIncludeSystem,Include file: <stdlib.h> not found. Please note: Cppcheck does not need standard library headers to get proper results.,/home/yichen/Desktop/Gemini_Security_Prompt06/F040.c|3|information|missingIncludeSystem|Include file: <stdlib.h> not found. Please note: Cppcheck does not need standard library headers to get proper results.,/home/yichen/Desktop/Gemini_Security_Results06/logs/F040_cppcheck.log
/home/yichen/Desktop/Gemini_Security_Prompt06/F040.c,cppcheck,True,success,True,0,16,4,information,missingIncludeSystem,Include file: <string.h> not found. Please note: Cppcheck does not need standard library headers to get proper results.,/home/yichen/Desktop/Gemini_Security_Prompt06/F040.c|4|information|missingIncludeSystem|Include file: <string.h> not found. Please note: Cppcheck does not need standard library headers to get proper results.,/home/yichen/Desktop/Gemini_Security_Results06/logs/F040_cppcheck.log
/home/yichen/Desktop/Gemini_Security_Prompt06/F040.c,cppcheck,True,success,True,0,16,87,error,memleakOnRealloc,Common realloc mistake: 'list' nulled but not freed upon failure,/home/yichen/Desktop/Gemini_Security_Prompt06/F040.c|87|error|memleakOnRealloc|Common realloc mistake: 'list' nulled but not freed upon failure,/home/yichen/Desktop/Gemini_Security_Results06/logs/F040_cppcheck.log
/home/yichen/Desktop/Gemini_Security_Prompt06/F040.c,cppcheck,True,success,True,0,16,124,error,memleakOnRealloc,Common realloc mistake: 'list' nulled but not freed upon failure,/home/yichen/Desktop/Gemini_Security_Prompt06/F040.c|124|error|memleakOnRealloc|Common realloc mistake: 'list' nulled but not freed upon failure,/home/yichen/Desktop/Gemini_Security_Results06/logs/F040_cppcheck.log
/home/yichen/Desktop/Gemini_Security_Prompt06/F040.c,cppcheck,True,success,True,0,16,74,style,variableScope,The scope of the variable 'h_len' can be reduced.,/home/yichen/Desktop/Gemini_Security_Prompt06/F040.c|74|style|variableScope|The scope of the variable 'h_len' can be reduced.,/home/yichen/Desktop/Gemini_Security_Results06/logs/F040_cppcheck.log
/home/yichen/Desktop/Gemini_Security_Prompt06/F040.c,cppcheck,True,success,True,0,16,79,style,variableScope,The scope of the variable 'p_len' can be reduced.,/home/yichen/Desktop/Gemini_Security_Prompt06/F040.c|79|style|variableScope|The scope of the variable 'p_len' can be reduced.,/home/yichen/Desktop/Gemini_Security_Results06/logs/F040_cppcheck.log
/home/yichen/Desktop/Gemini_Security_Prompt06/F040.c,cppcheck,True,success,True,0,16,69,style,constVariablePointer,Variable 'id' can be declared as pointer to const,/home/yichen/Desktop/Gemini_Security_Prompt06/F040.c|69|style|constVariablePointer|Variable 'id' can be declared as pointer to const,/home/yichen/Desktop/Gemini_Security_Results06/logs/F040_cppcheck.log
/home/yichen/Desktop/Gemini_Security_Prompt06/F040.c,cppcheck,True,success,True,0,16,70,style,constVariablePointer,Variable 'rest2' can be declared as pointer to const,/home/yichen/Desktop/Gemini_Security_Prompt06/F040.c|70|style|constVariablePointer|Variable 'rest2' can be declared as pointer to const,/home/yichen/Desktop/Gemini_Security_Results06/logs/F040_cppcheck.log
/home/yichen/Desktop/Gemini_Security_Prompt06/F040.c,cppcheck,True,success,True,0,16,75,style,constVariablePointer,Variable 'rest3' can be declared as pointer to const,/home/yichen/Desktop/Gemini_Security_Prompt06/F040.c|75|style|constVariablePointer|Variable 'rest3' can be declared as pointer to const,/home/yichen/Desktop/Gemini_Security_Results06/logs/F040_cppcheck.log
/home/yichen/Desktop/Gemini_Security_Prompt06/F040.c,cppcheck,True,success,True,0,16,84,style,constVariablePointer,Variable 'header' can be declared as pointer to const,/home/yichen/Desktop/Gemini_Security_Prompt06/F040.c|84|style|constVariablePointer|Variable 'header' can be declared as pointer to const,/home/yichen/Desktop/Gemini_Security_Results06/logs/F040_cppcheck.log
/home/yichen/Desktop/Gemini_Security_Prompt06/F040.c,cppcheck,True,success,True,0,16,85,style,constVariablePointer,Variable 'payload' can be declared as pointer to const,/home/yichen/Desktop/Gemini_Security_Prompt06/F040.c|85|style|constVariablePointer|Variable 'payload' can be declared as pointer to const,/home/yichen/Desktop/Gemini_Security_Results06/logs/F040_cppcheck.log
/home/yichen/Desktop/Gemini_Security_Prompt06/F040.c,cppcheck,True,success,True,0,16,104,style,constVariablePointer,Variable 'id' can be declared as pointer to const,/home/yichen/Desktop/Gemini_Security_Prompt06/F040.c|104|style|constVariablePointer|Variable 'id' can be declared as pointer to const,/home/yichen/Desktop/Gemini_Security_Results06/logs/F040_cppcheck.log
/home/yichen/Desktop/Gemini_Security_Prompt06/F040.c,cppcheck,True,success,True,0,16,128,style,constVariablePointer,Variable 'id' can be declared as pointer to const,/home/yichen/Desktop/Gemini_Security_Prompt06/F040.c|128|style|constVariablePointer|Variable 'id' can be declared as pointer to const,/home/yichen/Desktop/Gemini_Security_Results06/logs/F040_cppcheck.log
/home/yichen/Desktop/Gemini_Security_Prompt06/F040.c,cppcheck,True,success,True,0,16,136,style,constVariablePointer,Variable 'id' can be declared as pointer to const,/home/yichen/Desktop/Gemini_Security_Prompt06/F040.c|136|style|constVariablePointer|Variable 'id' can be declared as pointer to const,/home/yichen/Desktop/Gemini_Security_Results06/logs/F040_cppcheck.log
nofile,cppcheck,True,success,True,0,16,0,information,checkersReport,Active checkers: 113/592 (use --checkers-report=<filename> to see details),nofile|0|information|checkersReport|Active checkers: 113/592 (use --checkers-report=<filename> to see details),/home/yichen/Desktop/Gemini_Security_Results06/logs/F040_cppcheck.log
