file,tool,attempted,status,success,returncode,finding_count,line,severity,check_id,message,evidence,log_path
/home/yichen/Desktop/Gemini_Baseline_Code07/F001.c,cppcheck,True,success,True,0,7,2,information,missingIncludeSystem,Include file: <stdio.h> not found. Please note: Cppcheck does not need standard library headers to get proper results.,/home/yichen/Desktop/Gemini_Baseline_Code07/F001.c|2|information|missingIncludeSystem|Include file: <stdio.h> not found. Please note: Cppcheck does not need standard library headers to get proper results.,/home/yichen/Desktop/Gemini_Baseline_Results07/logs/F001_cppcheck.log
/home/yichen/Desktop/Gemini_Baseline_Code07/F001.c,cppcheck,True,success,True,0,7,3,information,missingIncludeSystem,Include file: <stdlib.h> not found. Please note: Cppcheck does not need standard library headers to get proper results.,/home/yichen/Desktop/Gemini_Baseline_Code07/F001.c|3|information|missingIncludeSystem|Include file: <stdlib.h> not found. Please note: Cppcheck does not need standard library headers to get proper results.,/home/yichen/Desktop/Gemini_Baseline_Results07/logs/F001_cppcheck.log
/home/yichen/Desktop/Gemini_Baseline_Code07/F001.c,cppcheck,True,success,True,0,7,4,information,missingIncludeSystem,Include file: <string.h> not found. Please note: Cppcheck does not need standard library headers to get proper results.,/home/yichen/Desktop/Gemini_Baseline_Code07/F001.c|4|information|missingIncludeSystem|Include file: <string.h> not found. Please note: Cppcheck does not need standard library headers to get proper results.,/home/yichen/Desktop/Gemini_Baseline_Results07/logs/F001_cppcheck.log
/home/yichen/Desktop/Gemini_Baseline_Code07/F001.c,cppcheck,True,success,True,0,7,84,error,memleakOnRealloc,Common realloc mistake: 'notebook' nulled but not freed upon failure,/home/yichen/Desktop/Gemini_Baseline_Code07/F001.c|84|error|memleakOnRealloc|Common realloc mistake: 'notebook' nulled but not freed upon failure,/home/yichen/Desktop/Gemini_Baseline_Results07/logs/F001_cppcheck.log
/home/yichen/Desktop/Gemini_Baseline_Code07/F001.c,cppcheck,True,success,True,0,7,61,style,constVariablePointer,Variable 'id_start' can be declared as pointer to const,/home/yichen/Desktop/Gemini_Baseline_Code07/F001.c|61|style|constVariablePointer|Variable 'id_start' can be declared as pointer to const,/home/yichen/Desktop/Gemini_Baseline_Results07/logs/F001_cppcheck.log
/home/yichen/Desktop/Gemini_Baseline_Code07/F001.c,cppcheck,True,success,True,0,7,68,style,constVariablePointer,Variable 'text' can be declared as pointer to const,/home/yichen/Desktop/Gemini_Baseline_Code07/F001.c|68|style|constVariablePointer|Variable 'text' can be declared as pointer to const,/home/yichen/Desktop/Gemini_Baseline_Results07/logs/F001_cppcheck.log
nofile,cppcheck,True,success,True,0,7,0,information,checkersReport,Active checkers: 113/592 (use --checkers-report=<filename> to see details),nofile|0|information|checkersReport|Active checkers: 113/592 (use --checkers-report=<filename> to see details),/home/yichen/Desktop/Gemini_Baseline_Results07/logs/F001_cppcheck.log
/home/yichen/Desktop/Gemini_Baseline_Code07/F002.c,cppcheck,True,success,True,0,8,2,information,missingIncludeSystem,Include file: <stdio.h> not found. Please note: Cppcheck does not need standard library headers to get proper results.,/home/yichen/Desktop/Gemini_Baseline_Code07/F002.c|2|information|missingIncludeSystem|Include file: <stdio.h> not found. Please note: Cppcheck does not need standard library headers to get proper results.,/home/yichen/Desktop/Gemini_Baseline_Results07/logs/F002_cppcheck.log
/home/yichen/Desktop/Gemini_Baseline_Code07/F002.c,cppcheck,True,success,True,0,8,3,information,missingIncludeSystem,Include file: <stdlib.h> not found. Please note: Cppcheck does not need standard library headers to get proper results.,/home/yichen/Desktop/Gemini_Baseline_Code07/F002.c|3|information|missingIncludeSystem|Include file: <stdlib.h> not found. Please note: Cppcheck does not need standard library headers to get proper results.,/home/yichen/Desktop/Gemini_Baseline_Results07/logs/F002_cppcheck.log
/home/yichen/Desktop/Gemini_Baseline_Code07/F002.c,cppcheck,True,success,True,0,8,4,information,missingIncludeSystem,Include file: <string.h> not found. Please note: Cppcheck does not need standard library headers to get proper results.,/home/yichen/Desktop/Gemini_Baseline_Code07/F002.c|4|information|missingIncludeSystem|Include file: <string.h> not found. Please note: Cppcheck does not need standard library headers to get proper results.,/home/yichen/Desktop/Gemini_Baseline_Results07/logs/F002_cppcheck.log
/home/yichen/Desktop/Gemini_Baseline_Code07/F002.c,cppcheck,True,success,True,0,8,72,error,memleakOnRealloc,Common realloc mistake: 'records' nulled but not freed upon failure,/home/yichen/Desktop/Gemini_Baseline_Code07/F002.c|72|error|memleakOnRealloc|Common realloc mistake: 'records' nulled but not freed upon failure,/home/yichen/Desktop/Gemini_Baseline_Results07/logs/F002_cppcheck.log
/home/yichen/Desktop/Gemini_Baseline_Code07/F002.c,cppcheck,True,success,True,0,8,94,error,memleakOnRealloc,Common realloc mistake: 'records' nulled but not freed upon failure,/home/yichen/Desktop/Gemini_Baseline_Code07/F002.c|94|error|memleakOnRealloc|Common realloc mistake: 'records' nulled but not freed upon failure,/home/yichen/Desktop/Gemini_Baseline_Results07/logs/F002_cppcheck.log
/home/yichen/Desktop/Gemini_Baseline_Code07/F002.c,cppcheck,True,success,True,0,8,62,style,constVariablePointer,Variable 'tag_start' can be declared as pointer to const,/home/yichen/Desktop/Gemini_Baseline_Code07/F002.c|62|style|constVariablePointer|Variable 'tag_start' can be declared as pointer to const,/home/yichen/Desktop/Gemini_Baseline_Results07/logs/F002_cppcheck.log
/home/yichen/Desktop/Gemini_Baseline_Code07/F002.c,cppcheck,True,success,True,0,8,69,style,constVariablePointer,Variable 'message' can be declared as pointer to const,/home/yichen/Desktop/Gemini_Baseline_Code07/F002.c|69|style|constVariablePointer|Variable 'message' can be declared as pointer to const,/home/yichen/Desktop/Gemini_Baseline_Results07/logs/F002_cppcheck.log
nofile,cppcheck,True,success,True,0,8,0,information,checkersReport,Active checkers: 113/592 (use --checkers-report=<filename> to see details),nofile|0|information|checkersReport|Active checkers: 113/592 (use --checkers-report=<filename> to see details),/home/yichen/Desktop/Gemini_Baseline_Results07/logs/F002_cppcheck.log
/home/yichen/Desktop/Gemini_Baseline_Code07/F003.c,cppcheck,True,success,True,0,7,2,information,missingIncludeSystem,Include file: <stdio.h> not found. Please note: Cppcheck does not need standard library headers to get proper results.,/home/yichen/Desktop/Gemini_Baseline_Code07/F003.c|2|information|missingIncludeSystem|Include file: <stdio.h> not found. Please note: Cppcheck does not need standard library headers to get proper results.,/home/yichen/Desktop/Gemini_Baseline_Results07/logs/F003_cppcheck.log
/home/yichen/Desktop/Gemini_Baseline_Code07/F003.c,cppcheck,True,success,True,0,7,3,information,missingIncludeSystem,Include file: <stdlib.h> not found. Please note: Cppcheck does not need standard library headers to get proper results.,/home/yichen/Desktop/Gemini_Baseline_Code07/F003.c|3|information|missingIncludeSystem|Include file: <stdlib.h> not found. Please note: Cppcheck does not need standard library headers to get proper results.,/home/yichen/Desktop/Gemini_Baseline_Results07/logs/F003_cppcheck.log
/home/yichen/Desktop/Gemini_Baseline_Code07/F003.c,cppcheck,True,success,True,0,7,4,information,missingIncludeSystem,Include file: <string.h> not found. Please note: Cppcheck does not need standard library headers to get proper results.,/home/yichen/Desktop/Gemini_Baseline_Code07/F003.c|4|information|missingIncludeSystem|Include file: <string.h> not found. Please note: Cppcheck does not need standard library headers to get proper results.,/home/yichen/Desktop/Gemini_Baseline_Results07/logs/F003_cppcheck.log
/home/yichen/Desktop/Gemini_Baseline_Code07/F003.c,cppcheck,True,success,True,0,7,84,error,memleakOnRealloc,Common realloc mistake: 'aliases' nulled but not freed upon failure,/home/yichen/Desktop/Gemini_Baseline_Code07/F003.c|84|error|memleakOnRealloc|Common realloc mistake: 'aliases' nulled but not freed upon failure,/home/yichen/Desktop/Gemini_Baseline_Results07/logs/F003_cppcheck.log
/home/yichen/Desktop/Gemini_Baseline_Code07/F003.c,cppcheck,True,success,True,0,7,62,style,constVariablePointer,Variable 'name_start' can be declared as pointer to const,/home/yichen/Desktop/Gemini_Baseline_Code07/F003.c|62|style|constVariablePointer|Variable 'name_start' can be declared as pointer to const,/home/yichen/Desktop/Gemini_Baseline_Results07/logs/F003_cppcheck.log
/home/yichen/Desktop/Gemini_Baseline_Code07/F003.c,cppcheck,True,success,True,0,7,69,style,constVariablePointer,Variable 'expansion' can be declared as pointer to const,/home/yichen/Desktop/Gemini_Baseline_Code07/F003.c|69|style|constVariablePointer|Variable 'expansion' can be declared as pointer to const,/home/yichen/Desktop/Gemini_Baseline_Results07/logs/F003_cppcheck.log
nofile,cppcheck,True,success,True,0,7,0,information,checkersReport,Active checkers: 113/592 (use --checkers-report=<filename> to see details),nofile|0|information|checkersReport|Active checkers: 113/592 (use --checkers-report=<filename> to see details),/home/yichen/Desktop/Gemini_Baseline_Results07/logs/F003_cppcheck.log
/home/yichen/Desktop/Gemini_Baseline_Code07/F004.c,cppcheck,True,success,True,0,7,2,information,missingIncludeSystem,Include file: <stdio.h> not found. Please note: Cppcheck does not need standard library headers to get proper results.,/home/yichen/Desktop/Gemini_Baseline_Code07/F004.c|2|information|missingIncludeSystem|Include file: <stdio.h> not found. Please note: Cppcheck does not need standard library headers to get proper results.,/home/yichen/Desktop/Gemini_Baseline_Results07/logs/F004_cppcheck.log
/home/yichen/Desktop/Gemini_Baseline_Code07/F004.c,cppcheck,True,success,True,0,7,3,information,missingIncludeSystem,Include file: <stdlib.h> not found. Please note: Cppcheck does not need standard library headers to get proper results.,/home/yichen/Desktop/Gemini_Baseline_Code07/F004.c|3|information|missingIncludeSystem|Include file: <stdlib.h> not found. Please note: Cppcheck does not need standard library headers to get proper results.,/home/yichen/Desktop/Gemini_Baseline_Results07/logs/F004_cppcheck.log
/home/yichen/Desktop/Gemini_Baseline_Code07/F004.c,cppcheck,True,success,True,0,7,4,information,missingIncludeSystem,Include file: <string.h> not found. Please note: Cppcheck does not need standard library headers to get proper results.,/home/yichen/Desktop/Gemini_Baseline_Code07/F004.c|4|information|missingIncludeSystem|Include file: <string.h> not found. Please note: Cppcheck does not need standard library headers to get proper results.,/home/yichen/Desktop/Gemini_Baseline_Results07/logs/F004_cppcheck.log
/home/yichen/Desktop/Gemini_Baseline_Code07/F004.c,cppcheck,True,success,True,0,7,84,error,memleakOnRealloc,Common realloc mistake: 'vars' nulled but not freed upon failure,/home/yichen/Desktop/Gemini_Baseline_Code07/F004.c|84|error|memleakOnRealloc|Common realloc mistake: 'vars' nulled but not freed upon failure,/home/yichen/Desktop/Gemini_Baseline_Results07/logs/F004_cppcheck.log
/home/yichen/Desktop/Gemini_Baseline_Code07/F004.c,cppcheck,True,success,True,0,7,62,style,constVariablePointer,Variable 'key_start' can be declared as pointer to const,/home/yichen/Desktop/Gemini_Baseline_Code07/F004.c|62|style|constVariablePointer|Variable 'key_start' can be declared as pointer to const,/home/yichen/Desktop/Gemini_Baseline_Results07/logs/F004_cppcheck.log
/home/yichen/Desktop/Gemini_Baseline_Code07/F004.c,cppcheck,True,success,True,0,7,69,style,constVariablePointer,Variable 'value' can be declared as pointer to const,/home/yichen/Desktop/Gemini_Baseline_Code07/F004.c|69|style|constVariablePointer|Variable 'value' can be declared as pointer to const,/home/yichen/Desktop/Gemini_Baseline_Results07/logs/F004_cppcheck.log
nofile,cppcheck,True,success,True,0,7,0,information,checkersReport,Active checkers: 113/592 (use --checkers-report=<filename> to see details),nofile|0|information|checkersReport|Active checkers: 113/592 (use --checkers-report=<filename> to see details),/home/yichen/Desktop/Gemini_Baseline_Results07/logs/F004_cppcheck.log
/home/yichen/Desktop/Gemini_Baseline_Code07/F005.c,cppcheck,True,success,True,0,6,2,information,missingIncludeSystem,Include file: <stdio.h> not found. Please note: Cppcheck does not need standard library headers to get proper results.,/home/yichen/Desktop/Gemini_Baseline_Code07/F005.c|2|information|missingIncludeSystem|Include file: <stdio.h> not found. Please note: Cppcheck does not need standard library headers to get proper results.,/home/yichen/Desktop/Gemini_Baseline_Results07/logs/F005_cppcheck.log
/home/yichen/Desktop/Gemini_Baseline_Code07/F005.c,cppcheck,True,success,True,0,6,3,information,missingIncludeSystem,Include file: <stdlib.h> not found. Please note: Cppcheck does not need standard library headers to get proper results.,/home/yichen/Desktop/Gemini_Baseline_Code07/F005.c|3|information|missingIncludeSystem|Include file: <stdlib.h> not found. Please note: Cppcheck does not need standard library headers to get proper results.,/home/yichen/Desktop/Gemini_Baseline_Results07/logs/F005_cppcheck.log
/home/yichen/Desktop/Gemini_Baseline_Code07/F005.c,cppcheck,True,success,True,0,6,4,information,missingIncludeSystem,Include file: <string.h> not found. Please note: Cppcheck does not need standard library headers to get proper results.,/home/yichen/Desktop/Gemini_Baseline_Code07/F005.c|4|information|missingIncludeSystem|Include file: <string.h> not found. Please note: Cppcheck does not need standard library headers to get proper results.,/home/yichen/Desktop/Gemini_Baseline_Results07/logs/F005_cppcheck.log
/home/yichen/Desktop/Gemini_Baseline_Code07/F005.c,cppcheck,True,success,True,0,6,68,error,memleakOnRealloc,Common realloc mistake: 'lines' nulled but not freed upon failure,/home/yichen/Desktop/Gemini_Baseline_Code07/F005.c|68|error|memleakOnRealloc|Common realloc mistake: 'lines' nulled but not freed upon failure,/home/yichen/Desktop/Gemini_Baseline_Results07/logs/F005_cppcheck.log
/home/yichen/Desktop/Gemini_Baseline_Code07/F005.c,cppcheck,True,success,True,0,6,80,error,memleakOnRealloc,Common realloc mistake: 'lines' nulled but not freed upon failure,/home/yichen/Desktop/Gemini_Baseline_Code07/F005.c|80|error|memleakOnRealloc|Common realloc mistake: 'lines' nulled but not freed upon failure,/home/yichen/Desktop/Gemini_Baseline_Results07/logs/F005_cppcheck.log
nofile,cppcheck,True,success,True,0,6,0,information,checkersReport,Active checkers: 113/592 (use --checkers-report=<filename> to see details),nofile|0|information|checkersReport|Active checkers: 113/592 (use --checkers-report=<filename> to see details),/home/yichen/Desktop/Gemini_Baseline_Results07/logs/F005_cppcheck.log
/home/yichen/Desktop/Gemini_Baseline_Code07/F006.c,cppcheck,True,success,True,0,5,2,information,missingIncludeSystem,Include file: <stdio.h> not found. Please note: Cppcheck does not need standard library headers to get proper results.,/home/yichen/Desktop/Gemini_Baseline_Code07/F006.c|2|information|missingIncludeSystem|Include file: <stdio.h> not found. Please note: Cppcheck does not need standard library headers to get proper results.,/home/yichen/Desktop/Gemini_Baseline_Results07/logs/F006_cppcheck.log
/home/yichen/Desktop/Gemini_Baseline_Code07/F006.c,cppcheck,True,success,True,0,5,3,information,missingIncludeSystem,Include file: <stdlib.h> not found. Please note: Cppcheck does not need standard library headers to get proper results.,/home/yichen/Desktop/Gemini_Baseline_Code07/F006.c|3|information|missingIncludeSystem|Include file: <stdlib.h> not found. Please note: Cppcheck does not need standard library headers to get proper results.,/home/yichen/Desktop/Gemini_Baseline_Results07/logs/F006_cppcheck.log
/home/yichen/Desktop/Gemini_Baseline_Code07/F006.c,cppcheck,True,success,True,0,5,4,information,missingIncludeSystem,Include file: <string.h> not found. Please note: Cppcheck does not need standard library headers to get proper results.,/home/yichen/Desktop/Gemini_Baseline_Code07/F006.c|4|information|missingIncludeSystem|Include file: <string.h> not found. Please note: Cppcheck does not need standard library headers to get proper results.,/home/yichen/Desktop/Gemini_Baseline_Results07/logs/F006_cppcheck.log
/home/yichen/Desktop/Gemini_Baseline_Code07/F006.c,cppcheck,True,success,True,0,5,73,error,memleakOnRealloc,Common realloc mistake: 'inv' nulled but not freed upon failure,/home/yichen/Desktop/Gemini_Baseline_Code07/F006.c|73|error|memleakOnRealloc|Common realloc mistake: 'inv' nulled but not freed upon failure,/home/yichen/Desktop/Gemini_Baseline_Results07/logs/F006_cppcheck.log
nofile,cppcheck,True,success,True,0,5,0,information,checkersReport,Active checkers: 113/592 (use --checkers-report=<filename> to see details),nofile|0|information|checkersReport|Active checkers: 113/592 (use --checkers-report=<filename> to see details),/home/yichen/Desktop/Gemini_Baseline_Results07/logs/F006_cppcheck.log
/home/yichen/Desktop/Gemini_Baseline_Code07/F007.c,cppcheck,True,success,True,0,9,2,information,missingIncludeSystem,Include file: <stdio.h> not found. Please note: Cppcheck does not need standard library headers to get proper results.,/home/yichen/Desktop/Gemini_Baseline_Code07/F007.c|2|information|missingIncludeSystem|Include file: <stdio.h> not found. Please note: Cppcheck does not need standard library headers to get proper results.,/home/yichen/Desktop/Gemini_Baseline_Results07/logs/F007_cppcheck.log
/home/yichen/Desktop/Gemini_Baseline_Code07/F007.c,cppcheck,True,success,True,0,9,3,information,missingIncludeSystem,Include file: <stdlib.h> not found. Please note: Cppcheck does not need standard library headers to get proper results.,/home/yichen/Desktop/Gemini_Baseline_Code07/F007.c|3|information|missingIncludeSystem|Include file: <stdlib.h> not found. Please note: Cppcheck does not need standard library headers to get proper results.,/home/yichen/Desktop/Gemini_Baseline_Results07/logs/F007_cppcheck.log
/home/yichen/Desktop/Gemini_Baseline_Code07/F007.c,cppcheck,True,success,True,0,9,4,information,missingIncludeSystem,Include file: <string.h> not found. Please note: Cppcheck does not need standard library headers to get proper results.,/home/yichen/Desktop/Gemini_Baseline_Code07/F007.c|4|information|missingIncludeSystem|Include file: <string.h> not found. Please note: Cppcheck does not need standard library headers to get proper results.,/home/yichen/Desktop/Gemini_Baseline_Results07/logs/F007_cppcheck.log
/home/yichen/Desktop/Gemini_Baseline_Code07/F007.c,cppcheck,True,success,True,0,9,96,error,memleakOnRealloc,Common realloc mistake: 'log' nulled but not freed upon failure,/home/yichen/Desktop/Gemini_Baseline_Code07/F007.c|96|error|memleakOnRealloc|Common realloc mistake: 'log' nulled but not freed upon failure,/home/yichen/Desktop/Gemini_Baseline_Results07/logs/F007_cppcheck.log
/home/yichen/Desktop/Gemini_Baseline_Code07/F007.c,cppcheck,True,success,True,0,9,33,style,constVariablePointer,Variable 'actA' can be declared as pointer to const,/home/yichen/Desktop/Gemini_Baseline_Code07/F007.c|33|style|constVariablePointer|Variable 'actA' can be declared as pointer to const,/home/yichen/Desktop/Gemini_Baseline_Results07/logs/F007_cppcheck.log
/home/yichen/Desktop/Gemini_Baseline_Code07/F007.c,cppcheck,True,success,True,0,9,34,style,constVariablePointer,Variable 'actB' can be declared as pointer to const,/home/yichen/Desktop/Gemini_Baseline_Code07/F007.c|34|style|constVariablePointer|Variable 'actB' can be declared as pointer to const,/home/yichen/Desktop/Gemini_Baseline_Results07/logs/F007_cppcheck.log
/home/yichen/Desktop/Gemini_Baseline_Code07/F007.c,cppcheck,True,success,True,0,9,86,style,constVariablePointer,Variable 'lbl_start' can be declared as pointer to const,/home/yichen/Desktop/Gemini_Baseline_Code07/F007.c|86|style|constVariablePointer|Variable 'lbl_start' can be declared as pointer to const,/home/yichen/Desktop/Gemini_Baseline_Results07/logs/F007_cppcheck.log
/home/yichen/Desktop/Gemini_Baseline_Code07/F007.c,cppcheck,True,success,True,0,9,93,style,constVariablePointer,Variable 'note' can be declared as pointer to const,/home/yichen/Desktop/Gemini_Baseline_Code07/F007.c|93|style|constVariablePointer|Variable 'note' can be declared as pointer to const,/home/yichen/Desktop/Gemini_Baseline_Results07/logs/F007_cppcheck.log
nofile,cppcheck,True,success,True,0,9,0,information,checkersReport,Active checkers: 113/592 (use --checkers-report=<filename> to see details),nofile|0|information|checkersReport|Active checkers: 113/592 (use --checkers-report=<filename> to see details),/home/yichen/Desktop/Gemini_Baseline_Results07/logs/F007_cppcheck.log
/home/yichen/Desktop/Gemini_Baseline_Code07/F008.c,cppcheck,True,success,True,0,5,2,information,missingIncludeSystem,Include file: <stdio.h> not found. Please note: Cppcheck does not need standard library headers to get proper results.,/home/yichen/Desktop/Gemini_Baseline_Code07/F008.c|2|information|missingIncludeSystem|Include file: <stdio.h> not found. Please note: Cppcheck does not need standard library headers to get proper results.,/home/yichen/Desktop/Gemini_Baseline_Results07/logs/F008_cppcheck.log
/home/yichen/Desktop/Gemini_Baseline_Code07/F008.c,cppcheck,True,success,True,0,5,3,information,missingIncludeSystem,Include file: <stdlib.h> not found. Please note: Cppcheck does not need standard library headers to get proper results.,/home/yichen/Desktop/Gemini_Baseline_Code07/F008.c|3|information|missingIncludeSystem|Include file: <stdlib.h> not found. Please note: Cppcheck does not need standard library headers to get proper results.,/home/yichen/Desktop/Gemini_Baseline_Results07/logs/F008_cppcheck.log
/home/yichen/Desktop/Gemini_Baseline_Code07/F008.c,cppcheck,True,success,True,0,5,4,information,missingIncludeSystem,Include file: <string.h> not found. Please note: Cppcheck does not need standard library headers to get proper results.,/home/yichen/Desktop/Gemini_Baseline_Code07/F008.c|4|information|missingIncludeSystem|Include file: <string.h> not found. Please note: Cppcheck does not need standard library headers to get proper results.,/home/yichen/Desktop/Gemini_Baseline_Results07/logs/F008_cppcheck.log
/home/yichen/Desktop/Gemini_Baseline_Code07/F008.c,cppcheck,True,success,True,0,5,80,error,memleakOnRealloc,Common realloc mistake: 'gradebook' nulled but not freed upon failure,/home/yichen/Desktop/Gemini_Baseline_Code07/F008.c|80|error|memleakOnRealloc|Common realloc mistake: 'gradebook' nulled but not freed upon failure,/home/yichen/Desktop/Gemini_Baseline_Results07/logs/F008_cppcheck.log
nofile,cppcheck,True,success,True,0,5,0,information,checkersReport,Active checkers: 113/592 (use --checkers-report=<filename> to see details),nofile|0|information|checkersReport|Active checkers: 113/592 (use --checkers-report=<filename> to see details),/home/yichen/Desktop/Gemini_Baseline_Results07/logs/F008_cppcheck.log
/home/yichen/Desktop/Gemini_Baseline_Code07/F009.c,cppcheck,True,success,True,0,6,2,information,missingIncludeSystem,Include file: <stdio.h> not found. Please note: Cppcheck does not need standard library headers to get proper results.,/home/yichen/Desktop/Gemini_Baseline_Code07/F009.c|2|information|missingIncludeSystem|Include file: <stdio.h> not found. Please note: Cppcheck does not need standard library headers to get proper results.,/home/yichen/Desktop/Gemini_Baseline_Results07/logs/F009_cppcheck.log
/home/yichen/Desktop/Gemini_Baseline_Code07/F009.c,cppcheck,True,success,True,0,6,3,information,missingIncludeSystem,Include file: <stdlib.h> not found. Please note: Cppcheck does not need standard library headers to get proper results.,/home/yichen/Desktop/Gemini_Baseline_Code07/F009.c|3|information|missingIncludeSystem|Include file: <stdlib.h> not found. Please note: Cppcheck does not need standard library headers to get proper results.,/home/yichen/Desktop/Gemini_Baseline_Results07/logs/F009_cppcheck.log
/home/yichen/Desktop/Gemini_Baseline_Code07/F009.c,cppcheck,True,success,True,0,6,4,information,missingIncludeSystem,Include file: <string.h> not found. Please note: Cppcheck does not need standard library headers to get proper results.,/home/yichen/Desktop/Gemini_Baseline_Code07/F009.c|4|information|missingIncludeSystem|Include file: <string.h> not found. Please note: Cppcheck does not need standard library headers to get proper results.,/home/yichen/Desktop/Gemini_Baseline_Results07/logs/F009_cppcheck.log
/home/yichen/Desktop/Gemini_Baseline_Code07/F009.c,cppcheck,True,success,True,0,6,75,error,memleakOnRealloc,Common realloc mistake: 'groups' nulled but not freed upon failure,/home/yichen/Desktop/Gemini_Baseline_Code07/F009.c|75|error|memleakOnRealloc|Common realloc mistake: 'groups' nulled but not freed upon failure,/home/yichen/Desktop/Gemini_Baseline_Results07/logs/F009_cppcheck.log
/home/yichen/Desktop/Gemini_Baseline_Code07/F009.c,cppcheck,True,success,True,0,6,101,error,memleakOnRealloc,Common realloc mistake: 'groups' nulled but not freed upon failure,/home/yichen/Desktop/Gemini_Baseline_Code07/F009.c|101|error|memleakOnRealloc|Common realloc mistake: 'groups' nulled but not freed upon failure,/home/yichen/Desktop/Gemini_Baseline_Results07/logs/F009_cppcheck.log
nofile,cppcheck,True,success,True,0,6,0,information,checkersReport,Active checkers: 113/592 (use --checkers-report=<filename> to see details),nofile|0|information|checkersReport|Active checkers: 113/592 (use --checkers-report=<filename> to see details),/home/yichen/Desktop/Gemini_Baseline_Results07/logs/F009_cppcheck.log
/home/yichen/Desktop/Gemini_Baseline_Code07/F010.c,cppcheck,True,success,True,0,5,2,information,missingIncludeSystem,Include file: <stdio.h> not found. Please note: Cppcheck does not need standard library headers to get proper results.,/home/yichen/Desktop/Gemini_Baseline_Code07/F010.c|2|information|missingIncludeSystem|Include file: <stdio.h> not found. Please note: Cppcheck does not need standard library headers to get proper results.,/home/yichen/Desktop/Gemini_Baseline_Results07/logs/F010_cppcheck.log
/home/yichen/Desktop/Gemini_Baseline_Code07/F010.c,cppcheck,True,success,True,0,5,3,information,missingIncludeSystem,Include file: <stdlib.h> not found. Please note: Cppcheck does not need standard library headers to get proper results.,/home/yichen/Desktop/Gemini_Baseline_Code07/F010.c|3|information|missingIncludeSystem|Include file: <stdlib.h> not found. Please note: Cppcheck does not need standard library headers to get proper results.,/home/yichen/Desktop/Gemini_Baseline_Results07/logs/F010_cppcheck.log
/home/yichen/Desktop/Gemini_Baseline_Code07/F010.c,cppcheck,True,success,True,0,5,4,information,missingIncludeSystem,Include file: <string.h> not found. Please note: Cppcheck does not need standard library headers to get proper results.,/home/yichen/Desktop/Gemini_Baseline_Code07/F010.c|4|information|missingIncludeSystem|Include file: <string.h> not found. Please note: Cppcheck does not need standard library headers to get proper results.,/home/yichen/Desktop/Gemini_Baseline_Results07/logs/F010_cppcheck.log
/home/yichen/Desktop/Gemini_Baseline_Code07/F010.c,cppcheck,True,success,True,0,5,72,error,memleakOnRealloc,Common realloc mistake: 'entries' nulled but not freed upon failure,/home/yichen/Desktop/Gemini_Baseline_Code07/F010.c|72|error|memleakOnRealloc|Common realloc mistake: 'entries' nulled but not freed upon failure,/home/yichen/Desktop/Gemini_Baseline_Results07/logs/F010_cppcheck.log
nofile,cppcheck,True,success,True,0,5,0,information,checkersReport,Active checkers: 113/592 (use --checkers-report=<filename> to see details),nofile|0|information|checkersReport|Active checkers: 113/592 (use --checkers-report=<filename> to see details),/home/yichen/Desktop/Gemini_Baseline_Results07/logs/F010_cppcheck.log
/home/yichen/Desktop/Gemini_Baseline_Code07/F011.c,cppcheck,True,success,True,0,6,2,information,missingIncludeSystem,Include file: <stdio.h> not found. Please note: Cppcheck does not need standard library headers to get proper results.,/home/yichen/Desktop/Gemini_Baseline_Code07/F011.c|2|information|missingIncludeSystem|Include file: <stdio.h> not found. Please note: Cppcheck does not need standard library headers to get proper results.,/home/yichen/Desktop/Gemini_Baseline_Results07/logs/F011_cppcheck.log
/home/yichen/Desktop/Gemini_Baseline_Code07/F011.c,cppcheck,True,success,True,0,6,3,information,missingIncludeSystem,Include file: <stdlib.h> not found. Please note: Cppcheck does not need standard library headers to get proper results.,/home/yichen/Desktop/Gemini_Baseline_Code07/F011.c|3|information|missingIncludeSystem|Include file: <stdlib.h> not found. Please note: Cppcheck does not need standard library headers to get proper results.,/home/yichen/Desktop/Gemini_Baseline_Results07/logs/F011_cppcheck.log
/home/yichen/Desktop/Gemini_Baseline_Code07/F011.c,cppcheck,True,success,True,0,6,4,information,missingIncludeSystem,Include file: <string.h> not found. Please note: Cppcheck does not need standard library headers to get proper results.,/home/yichen/Desktop/Gemini_Baseline_Code07/F011.c|4|information|missingIncludeSystem|Include file: <string.h> not found. Please note: Cppcheck does not need standard library headers to get proper results.,/home/yichen/Desktop/Gemini_Baseline_Results07/logs/F011_cppcheck.log
/home/yichen/Desktop/Gemini_Baseline_Code07/F011.c,cppcheck,True,success,True,0,6,61,error,memleakOnRealloc,Common realloc mistake: 'drafts' nulled but not freed upon failure,/home/yichen/Desktop/Gemini_Baseline_Code07/F011.c|61|error|memleakOnRealloc|Common realloc mistake: 'drafts' nulled but not freed upon failure,/home/yichen/Desktop/Gemini_Baseline_Results07/logs/F011_cppcheck.log
/home/yichen/Desktop/Gemini_Baseline_Code07/F011.c,cppcheck,True,success,True,0,6,84,error,memleakOnRealloc,Common realloc mistake: 'drafts' nulled but not freed upon failure,/home/yichen/Desktop/Gemini_Baseline_Code07/F011.c|84|error|memleakOnRealloc|Common realloc mistake: 'drafts' nulled but not freed upon failure,/home/yichen/Desktop/Gemini_Baseline_Results07/logs/F011_cppcheck.log
nofile,cppcheck,True,success,True,0,6,0,information,checkersReport,Active checkers: 113/592 (use --checkers-report=<filename> to see details),nofile|0|information|checkersReport|Active checkers: 113/592 (use --checkers-report=<filename> to see details),/home/yichen/Desktop/Gemini_Baseline_Results07/logs/F011_cppcheck.log
/home/yichen/Desktop/Gemini_Baseline_Code07/F012.c,cppcheck,True,success,True,0,5,2,information,missingIncludeSystem,Include file: <stdio.h> not found. Please note: Cppcheck does not need standard library headers to get proper results.,/home/yichen/Desktop/Gemini_Baseline_Code07/F012.c|2|information|missingIncludeSystem|Include file: <stdio.h> not found. Please note: Cppcheck does not need standard library headers to get proper results.,/home/yichen/Desktop/Gemini_Baseline_Results07/logs/F012_cppcheck.log
/home/yichen/Desktop/Gemini_Baseline_Code07/F012.c,cppcheck,True,success,True,0,5,3,information,missingIncludeSystem,Include file: <stdlib.h> not found. Please note: Cppcheck does not need standard library headers to get proper results.,/home/yichen/Desktop/Gemini_Baseline_Code07/F012.c|3|information|missingIncludeSystem|Include file: <stdlib.h> not found. Please note: Cppcheck does not need standard library headers to get proper results.,/home/yichen/Desktop/Gemini_Baseline_Results07/logs/F012_cppcheck.log
/home/yichen/Desktop/Gemini_Baseline_Code07/F012.c,cppcheck,True,success,True,0,5,4,information,missingIncludeSystem,Include file: <string.h> not found. Please note: Cppcheck does not need standard library headers to get proper results.,/home/yichen/Desktop/Gemini_Baseline_Code07/F012.c|4|information|missingIncludeSystem|Include file: <string.h> not found. Please note: Cppcheck does not need standard library headers to get proper results.,/home/yichen/Desktop/Gemini_Baseline_Results07/logs/F012_cppcheck.log
/home/yichen/Desktop/Gemini_Baseline_Code07/F012.c,cppcheck,True,success,True,0,5,78,error,memleakOnRealloc,Common realloc mistake: 'queue' nulled but not freed upon failure,/home/yichen/Desktop/Gemini_Baseline_Code07/F012.c|78|error|memleakOnRealloc|Common realloc mistake: 'queue' nulled but not freed upon failure,/home/yichen/Desktop/Gemini_Baseline_Results07/logs/F012_cppcheck.log
nofile,cppcheck,True,success,True,0,5,0,information,checkersReport,Active checkers: 113/592 (use --checkers-report=<filename> to see details),nofile|0|information|checkersReport|Active checkers: 113/592 (use --checkers-report=<filename> to see details),/home/yichen/Desktop/Gemini_Baseline_Results07/logs/F012_cppcheck.log
/home/yichen/Desktop/Gemini_Baseline_Code07/F013.c,cppcheck,True,success,True,0,5,2,information,missingIncludeSystem,Include file: <stdio.h> not found. Please note: Cppcheck does not need standard library headers to get proper results.,/home/yichen/Desktop/Gemini_Baseline_Code07/F013.c|2|information|missingIncludeSystem|Include file: <stdio.h> not found. Please note: Cppcheck does not need standard library headers to get proper results.,/home/yichen/Desktop/Gemini_Baseline_Results07/logs/F013_cppcheck.log
/home/yichen/Desktop/Gemini_Baseline_Code07/F013.c,cppcheck,True,success,True,0,5,3,information,missingIncludeSystem,Include file: <stdlib.h> not found. Please note: Cppcheck does not need standard library headers to get proper results.,/home/yichen/Desktop/Gemini_Baseline_Code07/F013.c|3|information|missingIncludeSystem|Include file: <stdlib.h> not found. Please note: Cppcheck does not need standard library headers to get proper results.,/home/yichen/Desktop/Gemini_Baseline_Results07/logs/F013_cppcheck.log
/home/yichen/Desktop/Gemini_Baseline_Code07/F013.c,cppcheck,True,success,True,0,5,4,information,missingIncludeSystem,Include file: <string.h> not found. Please note: Cppcheck does not need standard library headers to get proper results.,/home/yichen/Desktop/Gemini_Baseline_Code07/F013.c|4|information|missingIncludeSystem|Include file: <string.h> not found. Please note: Cppcheck does not need standard library headers to get proper results.,/home/yichen/Desktop/Gemini_Baseline_Results07/logs/F013_cppcheck.log
/home/yichen/Desktop/Gemini_Baseline_Code07/F013.c,cppcheck,True,success,True,0,5,66,error,memleakOnRealloc,Common realloc mistake: 'tasks' nulled but not freed upon failure,/home/yichen/Desktop/Gemini_Baseline_Code07/F013.c|66|error|memleakOnRealloc|Common realloc mistake: 'tasks' nulled but not freed upon failure,/home/yichen/Desktop/Gemini_Baseline_Results07/logs/F013_cppcheck.log
nofile,cppcheck,True,success,True,0,5,0,information,checkersReport,Active checkers: 113/592 (use --checkers-report=<filename> to see details),nofile|0|information|checkersReport|Active checkers: 113/592 (use --checkers-report=<filename> to see details),/home/yichen/Desktop/Gemini_Baseline_Results07/logs/F013_cppcheck.log
/home/yichen/Desktop/Gemini_Baseline_Code07/F014.c,cppcheck,True,success,True,0,5,2,information,missingIncludeSystem,Include file: <stdio.h> not found. Please note: Cppcheck does not need standard library headers to get proper results.,/home/yichen/Desktop/Gemini_Baseline_Code07/F014.c|2|information|missingIncludeSystem|Include file: <stdio.h> not found. Please note: Cppcheck does not need standard library headers to get proper results.,/home/yichen/Desktop/Gemini_Baseline_Results07/logs/F014_cppcheck.log
/home/yichen/Desktop/Gemini_Baseline_Code07/F014.c,cppcheck,True,success,True,0,5,3,information,missingIncludeSystem,Include file: <stdlib.h> not found. Please note: Cppcheck does not need standard library headers to get proper results.,/home/yichen/Desktop/Gemini_Baseline_Code07/F014.c|3|information|missingIncludeSystem|Include file: <stdlib.h> not found. Please note: Cppcheck does not need standard library headers to get proper results.,/home/yichen/Desktop/Gemini_Baseline_Results07/logs/F014_cppcheck.log
/home/yichen/Desktop/Gemini_Baseline_Code07/F014.c,cppcheck,True,success,True,0,5,4,information,missingIncludeSystem,Include file: <string.h> not found. Please note: Cppcheck does not need standard library headers to get proper results.,/home/yichen/Desktop/Gemini_Baseline_Code07/F014.c|4|information|missingIncludeSystem|Include file: <string.h> not found. Please note: Cppcheck does not need standard library headers to get proper results.,/home/yichen/Desktop/Gemini_Baseline_Results07/logs/F014_cppcheck.log
/home/yichen/Desktop/Gemini_Baseline_Code07/F014.c,cppcheck,True,success,True,0,5,68,error,memleakOnRealloc,Common realloc mistake: 'items' nulled but not freed upon failure,/home/yichen/Desktop/Gemini_Baseline_Code07/F014.c|68|error|memleakOnRealloc|Common realloc mistake: 'items' nulled but not freed upon failure,/home/yichen/Desktop/Gemini_Baseline_Results07/logs/F014_cppcheck.log
nofile,cppcheck,True,success,True,0,5,0,information,checkersReport,Active checkers: 113/592 (use --checkers-report=<filename> to see details),nofile|0|information|checkersReport|Active checkers: 113/592 (use --checkers-report=<filename> to see details),/home/yichen/Desktop/Gemini_Baseline_Results07/logs/F014_cppcheck.log
/home/yichen/Desktop/Gemini_Baseline_Code07/F015.c,cppcheck,True,success,True,0,5,2,information,missingIncludeSystem,Include file: <stdio.h> not found. Please note: Cppcheck does not need standard library headers to get proper results.,/home/yichen/Desktop/Gemini_Baseline_Code07/F015.c|2|information|missingIncludeSystem|Include file: <stdio.h> not found. Please note: Cppcheck does not need standard library headers to get proper results.,/home/yichen/Desktop/Gemini_Baseline_Results07/logs/F015_cppcheck.log
/home/yichen/Desktop/Gemini_Baseline_Code07/F015.c,cppcheck,True,success,True,0,5,3,information,missingIncludeSystem,Include file: <stdlib.h> not found. Please note: Cppcheck does not need standard library headers to get proper results.,/home/yichen/Desktop/Gemini_Baseline_Code07/F015.c|3|information|missingIncludeSystem|Include file: <stdlib.h> not found. Please note: Cppcheck does not need standard library headers to get proper results.,/home/yichen/Desktop/Gemini_Baseline_Results07/logs/F015_cppcheck.log
/home/yichen/Desktop/Gemini_Baseline_Code07/F015.c,cppcheck,True,success,True,0,5,4,information,missingIncludeSystem,Include file: <string.h> not found. Please note: Cppcheck does not need standard library headers to get proper results.,/home/yichen/Desktop/Gemini_Baseline_Code07/F015.c|4|information|missingIncludeSystem|Include file: <string.h> not found. Please note: Cppcheck does not need standard library headers to get proper results.,/home/yichen/Desktop/Gemini_Baseline_Results07/logs/F015_cppcheck.log
/home/yichen/Desktop/Gemini_Baseline_Code07/F015.c,cppcheck,True,success,True,0,5,64,error,memleakOnRealloc,Common realloc mistake: 'contacts' nulled but not freed upon failure,/home/yichen/Desktop/Gemini_Baseline_Code07/F015.c|64|error|memleakOnRealloc|Common realloc mistake: 'contacts' nulled but not freed upon failure,/home/yichen/Desktop/Gemini_Baseline_Results07/logs/F015_cppcheck.log
nofile,cppcheck,True,success,True,0,5,0,information,checkersReport,Active checkers: 113/592 (use --checkers-report=<filename> to see details),nofile|0|information|checkersReport|Active checkers: 113/592 (use --checkers-report=<filename> to see details),/home/yichen/Desktop/Gemini_Baseline_Results07/logs/F015_cppcheck.log
/home/yichen/Desktop/Gemini_Baseline_Code07/F016.c,cppcheck,True,success,True,0,9,2,information,missingIncludeSystem,Include file: <stdio.h> not found. Please note: Cppcheck does not need standard library headers to get proper results.,/home/yichen/Desktop/Gemini_Baseline_Code07/F016.c|2|information|missingIncludeSystem|Include file: <stdio.h> not found. Please note: Cppcheck does not need standard library headers to get proper results.,/home/yichen/Desktop/Gemini_Baseline_Results07/logs/F016_cppcheck.log
/home/yichen/Desktop/Gemini_Baseline_Code07/F016.c,cppcheck,True,success,True,0,9,3,information,missingIncludeSystem,Include file: <stdlib.h> not found. Please note: Cppcheck does not need standard library headers to get proper results.,/home/yichen/Desktop/Gemini_Baseline_Code07/F016.c|3|information|missingIncludeSystem|Include file: <stdlib.h> not found. Please note: Cppcheck does not need standard library headers to get proper results.,/home/yichen/Desktop/Gemini_Baseline_Results07/logs/F016_cppcheck.log
/home/yichen/Desktop/Gemini_Baseline_Code07/F016.c,cppcheck,True,success,True,0,9,4,information,missingIncludeSystem,Include file: <string.h> not found. Please note: Cppcheck does not need standard library headers to get proper results.,/home/yichen/Desktop/Gemini_Baseline_Code07/F016.c|4|information|missingIncludeSystem|Include file: <string.h> not found. Please note: Cppcheck does not need standard library headers to get proper results.,/home/yichen/Desktop/Gemini_Baseline_Results07/logs/F016_cppcheck.log
/home/yichen/Desktop/Gemini_Baseline_Code07/F016.c,cppcheck,True,success,True,0,9,61,error,memleakOnRealloc,Common realloc mistake: 'contacts' nulled but not freed upon failure,/home/yichen/Desktop/Gemini_Baseline_Code07/F016.c|61|error|memleakOnRealloc|Common realloc mistake: 'contacts' nulled but not freed upon failure,/home/yichen/Desktop/Gemini_Baseline_Results07/logs/F016_cppcheck.log
/home/yichen/Desktop/Gemini_Baseline_Code07/F016.c,cppcheck,True,success,True,0,9,99,error,memleakOnRealloc,Common realloc mistake: 'contacts' nulled but not freed upon failure,/home/yichen/Desktop/Gemini_Baseline_Code07/F016.c|99|error|memleakOnRealloc|Common realloc mistake: 'contacts' nulled but not freed upon failure,/home/yichen/Desktop/Gemini_Baseline_Results07/logs/F016_cppcheck.log
/home/yichen/Desktop/Gemini_Baseline_Code07/F016.c,cppcheck,True,success,True,0,9,33,style,constVariablePointer,Variable 'c1' can be declared as pointer to const,/home/yichen/Desktop/Gemini_Baseline_Code07/F016.c|33|style|constVariablePointer|Variable 'c1' can be declared as pointer to const,/home/yichen/Desktop/Gemini_Baseline_Results07/logs/F016_cppcheck.log
/home/yichen/Desktop/Gemini_Baseline_Code07/F016.c,cppcheck,True,success,True,0,9,32,style,constParameterPointer,Parameter 'line' can be declared as pointer to const,/home/yichen/Desktop/Gemini_Baseline_Code07/F016.c|32|style|constParameterPointer|Parameter 'line' can be declared as pointer to const,/home/yichen/Desktop/Gemini_Baseline_Results07/logs/F016_cppcheck.log
/home/yichen/Desktop/Gemini_Baseline_Code07/F016.c,cppcheck,True,success,True,0,9,35,style,constVariablePointer,Variable 'c2' can be declared as pointer to const,/home/yichen/Desktop/Gemini_Baseline_Code07/F016.c|35|style|constVariablePointer|Variable 'c2' can be declared as pointer to const,/home/yichen/Desktop/Gemini_Baseline_Results07/logs/F016_cppcheck.log
nofile,cppcheck,True,success,True,0,9,0,information,checkersReport,Active checkers: 113/592 (use --checkers-report=<filename> to see details),nofile|0|information|checkersReport|Active checkers: 113/592 (use --checkers-report=<filename> to see details),/home/yichen/Desktop/Gemini_Baseline_Results07/logs/F016_cppcheck.log
/home/yichen/Desktop/Gemini_Baseline_Code07/F017.c,cppcheck,True,success,True,0,8,2,information,missingIncludeSystem,Include file: <stdio.h> not found. Please note: Cppcheck does not need standard library headers to get proper results.,/home/yichen/Desktop/Gemini_Baseline_Code07/F017.c|2|information|missingIncludeSystem|Include file: <stdio.h> not found. Please note: Cppcheck does not need standard library headers to get proper results.,/home/yichen/Desktop/Gemini_Baseline_Results07/logs/F017_cppcheck.log
/home/yichen/Desktop/Gemini_Baseline_Code07/F017.c,cppcheck,True,success,True,0,8,3,information,missingIncludeSystem,Include file: <stdlib.h> not found. Please note: Cppcheck does not need standard library headers to get proper results.,/home/yichen/Desktop/Gemini_Baseline_Code07/F017.c|3|information|missingIncludeSystem|Include file: <stdlib.h> not found. Please note: Cppcheck does not need standard library headers to get proper results.,/home/yichen/Desktop/Gemini_Baseline_Results07/logs/F017_cppcheck.log
/home/yichen/Desktop/Gemini_Baseline_Code07/F017.c,cppcheck,True,success,True,0,8,4,information,missingIncludeSystem,Include file: <string.h> not found. Please note: Cppcheck does not need standard library headers to get proper results.,/home/yichen/Desktop/Gemini_Baseline_Code07/F017.c|4|information|missingIncludeSystem|Include file: <string.h> not found. Please note: Cppcheck does not need standard library headers to get proper results.,/home/yichen/Desktop/Gemini_Baseline_Results07/logs/F017_cppcheck.log
/home/yichen/Desktop/Gemini_Baseline_Code07/F017.c,cppcheck,True,success,True,0,8,49,error,memleakOnRealloc,Common realloc mistake: 'configs' nulled but not freed upon failure,/home/yichen/Desktop/Gemini_Baseline_Code07/F017.c|49|error|memleakOnRealloc|Common realloc mistake: 'configs' nulled but not freed upon failure,/home/yichen/Desktop/Gemini_Baseline_Results07/logs/F017_cppcheck.log
/home/yichen/Desktop/Gemini_Baseline_Code07/F017.c,cppcheck,True,success,True,0,8,103,error,memleakOnRealloc,Common realloc mistake: 'configs' nulled but not freed upon failure,/home/yichen/Desktop/Gemini_Baseline_Code07/F017.c|103|error|memleakOnRealloc|Common realloc mistake: 'configs' nulled but not freed upon failure,/home/yichen/Desktop/Gemini_Baseline_Results07/logs/F017_cppcheck.log
/home/yichen/Desktop/Gemini_Baseline_Code07/F017.c,cppcheck,True,success,True,0,8,41,style,constVariablePointer,Variable 'eq' can be declared as pointer to const,/home/yichen/Desktop/Gemini_Baseline_Code07/F017.c|41|style|constVariablePointer|Variable 'eq' can be declared as pointer to const,/home/yichen/Desktop/Gemini_Baseline_Results07/logs/F017_cppcheck.log
/home/yichen/Desktop/Gemini_Baseline_Code07/F017.c,cppcheck,True,success,True,0,8,82,style,constVariablePointer,Variable 'key_start' can be declared as pointer to const,/home/yichen/Desktop/Gemini_Baseline_Code07/F017.c|82|style|constVariablePointer|Variable 'key_start' can be declared as pointer to const,/home/yichen/Desktop/Gemini_Baseline_Results07/logs/F017_cppcheck.log
nofile,cppcheck,True,success,True,0,8,0,information,checkersReport,Active checkers: 113/592 (use --checkers-report=<filename> to see details),nofile|0|information|checkersReport|Active checkers: 113/592 (use --checkers-report=<filename> to see details),/home/yichen/Desktop/Gemini_Baseline_Results07/logs/F017_cppcheck.log
/home/yichen/Desktop/Gemini_Baseline_Code07/F018.c,cppcheck,True,success,True,0,8,2,information,missingIncludeSystem,Include file: <stdio.h> not found. Please note: Cppcheck does not need standard library headers to get proper results.,/home/yichen/Desktop/Gemini_Baseline_Code07/F018.c|2|information|missingIncludeSystem|Include file: <stdio.h> not found. Please note: Cppcheck does not need standard library headers to get proper results.,/home/yichen/Desktop/Gemini_Baseline_Results07/logs/F018_cppcheck.log
/home/yichen/Desktop/Gemini_Baseline_Code07/F018.c,cppcheck,True,success,True,0,8,3,information,missingIncludeSystem,Include file: <stdlib.h> not found. Please note: Cppcheck does not need standard library headers to get proper results.,/home/yichen/Desktop/Gemini_Baseline_Code07/F018.c|3|information|missingIncludeSystem|Include file: <stdlib.h> not found. Please note: Cppcheck does not need standard library headers to get proper results.,/home/yichen/Desktop/Gemini_Baseline_Results07/logs/F018_cppcheck.log
/home/yichen/Desktop/Gemini_Baseline_Code07/F018.c,cppcheck,True,success,True,0,8,4,information,missingIncludeSystem,Include file: <string.h> not found. Please note: Cppcheck does not need standard library headers to get proper results.,/home/yichen/Desktop/Gemini_Baseline_Code07/F018.c|4|information|missingIncludeSystem|Include file: <string.h> not found. Please note: Cppcheck does not need standard library headers to get proper results.,/home/yichen/Desktop/Gemini_Baseline_Results07/logs/F018_cppcheck.log
/home/yichen/Desktop/Gemini_Baseline_Code07/F018.c,cppcheck,True,success,True,0,8,64,error,memleakOnRealloc,Common realloc mistake: 'freqs' nulled but not freed upon failure,/home/yichen/Desktop/Gemini_Baseline_Code07/F018.c|64|error|memleakOnRealloc|Common realloc mistake: 'freqs' nulled but not freed upon failure,/home/yichen/Desktop/Gemini_Baseline_Results07/logs/F018_cppcheck.log
/home/yichen/Desktop/Gemini_Baseline_Code07/F018.c,cppcheck,True,success,True,0,8,117,error,memleakOnRealloc,Common realloc mistake: 'freqs' nulled but not freed upon failure,/home/yichen/Desktop/Gemini_Baseline_Code07/F018.c|117|error|memleakOnRealloc|Common realloc mistake: 'freqs' nulled but not freed upon failure,/home/yichen/Desktop/Gemini_Baseline_Results07/logs/F018_cppcheck.log
/home/yichen/Desktop/Gemini_Baseline_Code07/F018.c,cppcheck,True,success,True,0,8,32,style,constVariablePointer,Variable 'wA' can be declared as pointer to const,/home/yichen/Desktop/Gemini_Baseline_Code07/F018.c|32|style|constVariablePointer|Variable 'wA' can be declared as pointer to const,/home/yichen/Desktop/Gemini_Baseline_Results07/logs/F018_cppcheck.log
/home/yichen/Desktop/Gemini_Baseline_Code07/F018.c,cppcheck,True,success,True,0,8,33,style,constVariablePointer,Variable 'wB' can be declared as pointer to const,/home/yichen/Desktop/Gemini_Baseline_Code07/F018.c|33|style|constVariablePointer|Variable 'wB' can be declared as pointer to const,/home/yichen/Desktop/Gemini_Baseline_Results07/logs/F018_cppcheck.log
nofile,cppcheck,True,success,True,0,8,0,information,checkersReport,Active checkers: 113/592 (use --checkers-report=<filename> to see details),nofile|0|information|checkersReport|Active checkers: 113/592 (use --checkers-report=<filename> to see details),/home/yichen/Desktop/Gemini_Baseline_Results07/logs/F018_cppcheck.log
/home/yichen/Desktop/Gemini_Baseline_Code07/F019.c,cppcheck,True,success,True,0,6,2,information,missingIncludeSystem,Include file: <stdio.h> not found. Please note: Cppcheck does not need standard library headers to get proper results.,/home/yichen/Desktop/Gemini_Baseline_Code07/F019.c|2|information|missingIncludeSystem|Include file: <stdio.h> not found. Please note: Cppcheck does not need standard library headers to get proper results.,/home/yichen/Desktop/Gemini_Baseline_Results07/logs/F019_cppcheck.log
/home/yichen/Desktop/Gemini_Baseline_Code07/F019.c,cppcheck,True,success,True,0,6,3,information,missingIncludeSystem,Include file: <stdlib.h> not found. Please note: Cppcheck does not need standard library headers to get proper results.,/home/yichen/Desktop/Gemini_Baseline_Code07/F019.c|3|information|missingIncludeSystem|Include file: <stdlib.h> not found. Please note: Cppcheck does not need standard library headers to get proper results.,/home/yichen/Desktop/Gemini_Baseline_Results07/logs/F019_cppcheck.log
/home/yichen/Desktop/Gemini_Baseline_Code07/F019.c,cppcheck,True,success,True,0,6,4,information,missingIncludeSystem,Include file: <string.h> not found. Please note: Cppcheck does not need standard library headers to get proper results.,/home/yichen/Desktop/Gemini_Baseline_Code07/F019.c|4|information|missingIncludeSystem|Include file: <string.h> not found. Please note: Cppcheck does not need standard library headers to get proper results.,/home/yichen/Desktop/Gemini_Baseline_Results07/logs/F019_cppcheck.log
/home/yichen/Desktop/Gemini_Baseline_Code07/F019.c,cppcheck,True,success,True,0,6,56,error,memleakOnRealloc,Common realloc mistake: 'accounts' nulled but not freed upon failure,/home/yichen/Desktop/Gemini_Baseline_Code07/F019.c|56|error|memleakOnRealloc|Common realloc mistake: 'accounts' nulled but not freed upon failure,/home/yichen/Desktop/Gemini_Baseline_Results07/logs/F019_cppcheck.log
/home/yichen/Desktop/Gemini_Baseline_Code07/F019.c,cppcheck,True,success,True,0,6,105,error,memleakOnRealloc,Common realloc mistake: 'accounts' nulled but not freed upon failure,/home/yichen/Desktop/Gemini_Baseline_Code07/F019.c|105|error|memleakOnRealloc|Common realloc mistake: 'accounts' nulled but not freed upon failure,/home/yichen/Desktop/Gemini_Baseline_Results07/logs/F019_cppcheck.log
nofile,cppcheck,True,success,True,0,6,0,information,checkersReport,Active checkers: 113/592 (use --checkers-report=<filename> to see details),nofile|0|information|checkersReport|Active checkers: 113/592 (use --checkers-report=<filename> to see details),/home/yichen/Desktop/Gemini_Baseline_Results07/logs/F019_cppcheck.log
/home/yichen/Desktop/Gemini_Baseline_Code07/F020.c,cppcheck,True,success,True,0,6,2,information,missingIncludeSystem,Include file: <stdio.h> not found. Please note: Cppcheck does not need standard library headers to get proper results.,/home/yichen/Desktop/Gemini_Baseline_Code07/F020.c|2|information|missingIncludeSystem|Include file: <stdio.h> not found. Please note: Cppcheck does not need standard library headers to get proper results.,/home/yichen/Desktop/Gemini_Baseline_Results07/logs/F020_cppcheck.log
/home/yichen/Desktop/Gemini_Baseline_Code07/F020.c,cppcheck,True,success,True,0,6,3,information,missingIncludeSystem,Include file: <stdlib.h> not found. Please note: Cppcheck does not need standard library headers to get proper results.,/home/yichen/Desktop/Gemini_Baseline_Code07/F020.c|3|information|missingIncludeSystem|Include file: <stdlib.h> not found. Please note: Cppcheck does not need standard library headers to get proper results.,/home/yichen/Desktop/Gemini_Baseline_Results07/logs/F020_cppcheck.log
/home/yichen/Desktop/Gemini_Baseline_Code07/F020.c,cppcheck,True,success,True,0,6,4,information,missingIncludeSystem,Include file: <string.h> not found. Please note: Cppcheck does not need standard library headers to get proper results.,/home/yichen/Desktop/Gemini_Baseline_Code07/F020.c|4|information|missingIncludeSystem|Include file: <string.h> not found. Please note: Cppcheck does not need standard library headers to get proper results.,/home/yichen/Desktop/Gemini_Baseline_Results07/logs/F020_cppcheck.log
/home/yichen/Desktop/Gemini_Baseline_Code07/F020.c,cppcheck,True,success,True,0,6,51,error,memleakOnRealloc,Common realloc mistake: 'catalog' nulled but not freed upon failure,/home/yichen/Desktop/Gemini_Baseline_Code07/F020.c|51|error|memleakOnRealloc|Common realloc mistake: 'catalog' nulled but not freed upon failure,/home/yichen/Desktop/Gemini_Baseline_Results07/logs/F020_cppcheck.log
/home/yichen/Desktop/Gemini_Baseline_Code07/F020.c,cppcheck,True,success,True,0,6,96,error,memleakOnRealloc,Common realloc mistake: 'catalog' nulled but not freed upon failure,/home/yichen/Desktop/Gemini_Baseline_Code07/F020.c|96|error|memleakOnRealloc|Common realloc mistake: 'catalog' nulled but not freed upon failure,/home/yichen/Desktop/Gemini_Baseline_Results07/logs/F020_cppcheck.log
nofile,cppcheck,True,success,True,0,6,0,information,checkersReport,Active checkers: 113/592 (use --checkers-report=<filename> to see details),nofile|0|information|checkersReport|Active checkers: 113/592 (use --checkers-report=<filename> to see details),/home/yichen/Desktop/Gemini_Baseline_Results07/logs/F020_cppcheck.log
/home/yichen/Desktop/Gemini_Baseline_Code07/F021.c,cppcheck,True,success,True,0,5,2,information,missingIncludeSystem,Include file: <stdio.h> not found. Please note: Cppcheck does not need standard library headers to get proper results.,/home/yichen/Desktop/Gemini_Baseline_Code07/F021.c|2|information|missingIncludeSystem|Include file: <stdio.h> not found. Please note: Cppcheck does not need standard library headers to get proper results.,/home/yichen/Desktop/Gemini_Baseline_Results07/logs/F021_cppcheck.log
/home/yichen/Desktop/Gemini_Baseline_Code07/F021.c,cppcheck,True,success,True,0,5,3,information,missingIncludeSystem,Include file: <stdlib.h> not found. Please note: Cppcheck does not need standard library headers to get proper results.,/home/yichen/Desktop/Gemini_Baseline_Code07/F021.c|3|information|missingIncludeSystem|Include file: <stdlib.h> not found. Please note: Cppcheck does not need standard library headers to get proper results.,/home/yichen/Desktop/Gemini_Baseline_Results07/logs/F021_cppcheck.log
/home/yichen/Desktop/Gemini_Baseline_Code07/F021.c,cppcheck,True,success,True,0,5,4,information,missingIncludeSystem,Include file: <string.h> not found. Please note: Cppcheck does not need standard library headers to get proper results.,/home/yichen/Desktop/Gemini_Baseline_Code07/F021.c|4|information|missingIncludeSystem|Include file: <string.h> not found. Please note: Cppcheck does not need standard library headers to get proper results.,/home/yichen/Desktop/Gemini_Baseline_Results07/logs/F021_cppcheck.log
/home/yichen/Desktop/Gemini_Baseline_Code07/F021.c,cppcheck,True,success,True,0,5,69,error,memleakOnRealloc,Common realloc mistake: 'recipes' nulled but not freed upon failure,/home/yichen/Desktop/Gemini_Baseline_Code07/F021.c|69|error|memleakOnRealloc|Common realloc mistake: 'recipes' nulled but not freed upon failure,/home/yichen/Desktop/Gemini_Baseline_Results07/logs/F021_cppcheck.log
nofile,cppcheck,True,success,True,0,5,0,information,checkersReport,Active checkers: 113/592 (use --checkers-report=<filename> to see details),nofile|0|information|checkersReport|Active checkers: 113/592 (use --checkers-report=<filename> to see details),/home/yichen/Desktop/Gemini_Baseline_Results07/logs/F021_cppcheck.log
/home/yichen/Desktop/Gemini_Baseline_Code07/F022.c,cppcheck,True,success,True,0,5,2,information,missingIncludeSystem,Include file: <stdio.h> not found. Please note: Cppcheck does not need standard library headers to get proper results.,/home/yichen/Desktop/Gemini_Baseline_Code07/F022.c|2|information|missingIncludeSystem|Include file: <stdio.h> not found. Please note: Cppcheck does not need standard library headers to get proper results.,/home/yichen/Desktop/Gemini_Baseline_Results07/logs/F022_cppcheck.log
/home/yichen/Desktop/Gemini_Baseline_Code07/F022.c,cppcheck,True,success,True,0,5,3,information,missingIncludeSystem,Include file: <stdlib.h> not found. Please note: Cppcheck does not need standard library headers to get proper results.,/home/yichen/Desktop/Gemini_Baseline_Code07/F022.c|3|information|missingIncludeSystem|Include file: <stdlib.h> not found. Please note: Cppcheck does not need standard library headers to get proper results.,/home/yichen/Desktop/Gemini_Baseline_Results07/logs/F022_cppcheck.log
/home/yichen/Desktop/Gemini_Baseline_Code07/F022.c,cppcheck,True,success,True,0,5,4,information,missingIncludeSystem,Include file: <string.h> not found. Please note: Cppcheck does not need standard library headers to get proper results.,/home/yichen/Desktop/Gemini_Baseline_Code07/F022.c|4|information|missingIncludeSystem|Include file: <string.h> not found. Please note: Cppcheck does not need standard library headers to get proper results.,/home/yichen/Desktop/Gemini_Baseline_Results07/logs/F022_cppcheck.log
/home/yichen/Desktop/Gemini_Baseline_Code07/F022.c,cppcheck,True,success,True,0,5,73,error,memleakOnRealloc,Common realloc mistake: 'projects' nulled but not freed upon failure,/home/yichen/Desktop/Gemini_Baseline_Code07/F022.c|73|error|memleakOnRealloc|Common realloc mistake: 'projects' nulled but not freed upon failure,/home/yichen/Desktop/Gemini_Baseline_Results07/logs/F022_cppcheck.log
nofile,cppcheck,True,success,True,0,5,0,information,checkersReport,Active checkers: 113/592 (use --checkers-report=<filename> to see details),nofile|0|information|checkersReport|Active checkers: 113/592 (use --checkers-report=<filename> to see details),/home/yichen/Desktop/Gemini_Baseline_Results07/logs/F022_cppcheck.log
/home/yichen/Desktop/Gemini_Baseline_Code07/F023.c,cppcheck,True,success,True,0,5,2,information,missingIncludeSystem,Include file: <stdio.h> not found. Please note: Cppcheck does not need standard library headers to get proper results.,/home/yichen/Desktop/Gemini_Baseline_Code07/F023.c|2|information|missingIncludeSystem|Include file: <stdio.h> not found. Please note: Cppcheck does not need standard library headers to get proper results.,/home/yichen/Desktop/Gemini_Baseline_Results07/logs/F023_cppcheck.log
/home/yichen/Desktop/Gemini_Baseline_Code07/F023.c,cppcheck,True,success,True,0,5,3,information,missingIncludeSystem,Include file: <stdlib.h> not found. Please note: Cppcheck does not need standard library headers to get proper results.,/home/yichen/Desktop/Gemini_Baseline_Code07/F023.c|3|information|missingIncludeSystem|Include file: <stdlib.h> not found. Please note: Cppcheck does not need standard library headers to get proper results.,/home/yichen/Desktop/Gemini_Baseline_Results07/logs/F023_cppcheck.log
/home/yichen/Desktop/Gemini_Baseline_Code07/F023.c,cppcheck,True,success,True,0,5,4,information,missingIncludeSystem,Include file: <string.h> not found. Please note: Cppcheck does not need standard library headers to get proper results.,/home/yichen/Desktop/Gemini_Baseline_Code07/F023.c|4|information|missingIncludeSystem|Include file: <string.h> not found. Please note: Cppcheck does not need standard library headers to get proper results.,/home/yichen/Desktop/Gemini_Baseline_Results07/logs/F023_cppcheck.log
/home/yichen/Desktop/Gemini_Baseline_Code07/F023.c,cppcheck,True,success,True,0,5,76,error,memleakOnRealloc,Common realloc mistake: 'mailbox' nulled but not freed upon failure,/home/yichen/Desktop/Gemini_Baseline_Code07/F023.c|76|error|memleakOnRealloc|Common realloc mistake: 'mailbox' nulled but not freed upon failure,/home/yichen/Desktop/Gemini_Baseline_Results07/logs/F023_cppcheck.log
nofile,cppcheck,True,success,True,0,5,0,information,checkersReport,Active checkers: 113/592 (use --checkers-report=<filename> to see details),nofile|0|information|checkersReport|Active checkers: 113/592 (use --checkers-report=<filename> to see details),/home/yichen/Desktop/Gemini_Baseline_Results07/logs/F023_cppcheck.log
/home/yichen/Desktop/Gemini_Baseline_Code07/F024.c,cppcheck,True,success,True,0,5,2,information,missingIncludeSystem,Include file: <stdio.h> not found. Please note: Cppcheck does not need standard library headers to get proper results.,/home/yichen/Desktop/Gemini_Baseline_Code07/F024.c|2|information|missingIncludeSystem|Include file: <stdio.h> not found. Please note: Cppcheck does not need standard library headers to get proper results.,/home/yichen/Desktop/Gemini_Baseline_Results07/logs/F024_cppcheck.log
/home/yichen/Desktop/Gemini_Baseline_Code07/F024.c,cppcheck,True,success,True,0,5,3,information,missingIncludeSystem,Include file: <stdlib.h> not found. Please note: Cppcheck does not need standard library headers to get proper results.,/home/yichen/Desktop/Gemini_Baseline_Code07/F024.c|3|information|missingIncludeSystem|Include file: <stdlib.h> not found. Please note: Cppcheck does not need standard library headers to get proper results.,/home/yichen/Desktop/Gemini_Baseline_Results07/logs/F024_cppcheck.log
/home/yichen/Desktop/Gemini_Baseline_Code07/F024.c,cppcheck,True,success,True,0,5,4,information,missingIncludeSystem,Include file: <string.h> not found. Please note: Cppcheck does not need standard library headers to get proper results.,/home/yichen/Desktop/Gemini_Baseline_Code07/F024.c|4|information|missingIncludeSystem|Include file: <string.h> not found. Please note: Cppcheck does not need standard library headers to get proper results.,/home/yichen/Desktop/Gemini_Baseline_Results07/logs/F024_cppcheck.log
/home/yichen/Desktop/Gemini_Baseline_Code07/F024.c,cppcheck,True,success,True,0,5,65,error,memleakOnRealloc,Common realloc mistake: 'bib' nulled but not freed upon failure,/home/yichen/Desktop/Gemini_Baseline_Code07/F024.c|65|error|memleakOnRealloc|Common realloc mistake: 'bib' nulled but not freed upon failure,/home/yichen/Desktop/Gemini_Baseline_Results07/logs/F024_cppcheck.log
nofile,cppcheck,True,success,True,0,5,0,information,checkersReport,Active checkers: 113/592 (use --checkers-report=<filename> to see details),nofile|0|information|checkersReport|Active checkers: 113/592 (use --checkers-report=<filename> to see details),/home/yichen/Desktop/Gemini_Baseline_Results07/logs/F024_cppcheck.log
/home/yichen/Desktop/Gemini_Baseline_Code07/F025.c,cppcheck,True,success,True,0,5,2,information,missingIncludeSystem,Include file: <stdio.h> not found. Please note: Cppcheck does not need standard library headers to get proper results.,/home/yichen/Desktop/Gemini_Baseline_Code07/F025.c|2|information|missingIncludeSystem|Include file: <stdio.h> not found. Please note: Cppcheck does not need standard library headers to get proper results.,/home/yichen/Desktop/Gemini_Baseline_Results07/logs/F025_cppcheck.log
/home/yichen/Desktop/Gemini_Baseline_Code07/F025.c,cppcheck,True,success,True,0,5,3,information,missingIncludeSystem,Include file: <stdlib.h> not found. Please note: Cppcheck does not need standard library headers to get proper results.,/home/yichen/Desktop/Gemini_Baseline_Code07/F025.c|3|information|missingIncludeSystem|Include file: <stdlib.h> not found. Please note: Cppcheck does not need standard library headers to get proper results.,/home/yichen/Desktop/Gemini_Baseline_Results07/logs/F025_cppcheck.log
/home/yichen/Desktop/Gemini_Baseline_Code07/F025.c,cppcheck,True,success,True,0,5,4,information,missingIncludeSystem,Include file: <string.h> not found. Please note: Cppcheck does not need standard library headers to get proper results.,/home/yichen/Desktop/Gemini_Baseline_Code07/F025.c|4|information|missingIncludeSystem|Include file: <string.h> not found. Please note: Cppcheck does not need standard library headers to get proper results.,/home/yichen/Desktop/Gemini_Baseline_Results07/logs/F025_cppcheck.log
/home/yichen/Desktop/Gemini_Baseline_Code07/F025.c,cppcheck,True,success,True,0,5,72,error,memleakOnRealloc,Common realloc mistake: 'classes' nulled but not freed upon failure,/home/yichen/Desktop/Gemini_Baseline_Code07/F025.c|72|error|memleakOnRealloc|Common realloc mistake: 'classes' nulled but not freed upon failure,/home/yichen/Desktop/Gemini_Baseline_Results07/logs/F025_cppcheck.log
nofile,cppcheck,True,success,True,0,5,0,information,checkersReport,Active checkers: 113/592 (use --checkers-report=<filename> to see details),nofile|0|information|checkersReport|Active checkers: 113/592 (use --checkers-report=<filename> to see details),/home/yichen/Desktop/Gemini_Baseline_Results07/logs/F025_cppcheck.log
/home/yichen/Desktop/Gemini_Baseline_Code07/F026.c,cppcheck,True,success,True,0,5,2,information,missingIncludeSystem,Include file: <stdio.h> not found. Please note: Cppcheck does not need standard library headers to get proper results.,/home/yichen/Desktop/Gemini_Baseline_Code07/F026.c|2|information|missingIncludeSystem|Include file: <stdio.h> not found. Please note: Cppcheck does not need standard library headers to get proper results.,/home/yichen/Desktop/Gemini_Baseline_Results07/logs/F026_cppcheck.log
/home/yichen/Desktop/Gemini_Baseline_Code07/F026.c,cppcheck,True,success,True,0,5,3,information,missingIncludeSystem,Include file: <stdlib.h> not found. Please note: Cppcheck does not need standard library headers to get proper results.,/home/yichen/Desktop/Gemini_Baseline_Code07/F026.c|3|information|missingIncludeSystem|Include file: <stdlib.h> not found. Please note: Cppcheck does not need standard library headers to get proper results.,/home/yichen/Desktop/Gemini_Baseline_Results07/logs/F026_cppcheck.log
/home/yichen/Desktop/Gemini_Baseline_Code07/F026.c,cppcheck,True,success,True,0,5,4,information,missingIncludeSystem,Include file: <string.h> not found. Please note: Cppcheck does not need standard library headers to get proper results.,/home/yichen/Desktop/Gemini_Baseline_Code07/F026.c|4|information|missingIncludeSystem|Include file: <string.h> not found. Please note: Cppcheck does not need standard library headers to get proper results.,/home/yichen/Desktop/Gemini_Baseline_Results07/logs/F026_cppcheck.log
/home/yichen/Desktop/Gemini_Baseline_Code07/F026.c,cppcheck,True,success,True,0,5,65,error,memleakOnRealloc,Common realloc mistake: 'notes' nulled but not freed upon failure,/home/yichen/Desktop/Gemini_Baseline_Code07/F026.c|65|error|memleakOnRealloc|Common realloc mistake: 'notes' nulled but not freed upon failure,/home/yichen/Desktop/Gemini_Baseline_Results07/logs/F026_cppcheck.log
nofile,cppcheck,True,success,True,0,5,0,information,checkersReport,Active checkers: 113/592 (use --checkers-report=<filename> to see details),nofile|0|information|checkersReport|Active checkers: 113/592 (use --checkers-report=<filename> to see details),/home/yichen/Desktop/Gemini_Baseline_Results07/logs/F026_cppcheck.log
/home/yichen/Desktop/Gemini_Baseline_Code07/F027.c,cppcheck,True,success,True,0,7,2,information,missingIncludeSystem,Include file: <stdio.h> not found. Please note: Cppcheck does not need standard library headers to get proper results.,/home/yichen/Desktop/Gemini_Baseline_Code07/F027.c|2|information|missingIncludeSystem|Include file: <stdio.h> not found. Please note: Cppcheck does not need standard library headers to get proper results.,/home/yichen/Desktop/Gemini_Baseline_Results07/logs/F027_cppcheck.log
/home/yichen/Desktop/Gemini_Baseline_Code07/F027.c,cppcheck,True,success,True,0,7,3,information,missingIncludeSystem,Include file: <stdlib.h> not found. Please note: Cppcheck does not need standard library headers to get proper results.,/home/yichen/Desktop/Gemini_Baseline_Code07/F027.c|3|information|missingIncludeSystem|Include file: <stdlib.h> not found. Please note: Cppcheck does not need standard library headers to get proper results.,/home/yichen/Desktop/Gemini_Baseline_Results07/logs/F027_cppcheck.log
/home/yichen/Desktop/Gemini_Baseline_Code07/F027.c,cppcheck,True,success,True,0,7,4,information,missingIncludeSystem,Include file: <string.h> not found. Please note: Cppcheck does not need standard library headers to get proper results.,/home/yichen/Desktop/Gemini_Baseline_Code07/F027.c|4|information|missingIncludeSystem|Include file: <string.h> not found. Please note: Cppcheck does not need standard library headers to get proper results.,/home/yichen/Desktop/Gemini_Baseline_Results07/logs/F027_cppcheck.log
/home/yichen/Desktop/Gemini_Baseline_Code07/F027.c,cppcheck,True,success,True,0,7,73,error,memleakOnRealloc,Common realloc mistake: 'board' nulled but not freed upon failure,/home/yichen/Desktop/Gemini_Baseline_Code07/F027.c|73|error|memleakOnRealloc|Common realloc mistake: 'board' nulled but not freed upon failure,/home/yichen/Desktop/Gemini_Baseline_Results07/logs/F027_cppcheck.log
/home/yichen/Desktop/Gemini_Baseline_Code07/F027.c,cppcheck,True,success,True,0,7,33,style,constVariablePointer,Variable 'rA' can be declared as pointer to const,/home/yichen/Desktop/Gemini_Baseline_Code07/F027.c|33|style|constVariablePointer|Variable 'rA' can be declared as pointer to const,/home/yichen/Desktop/Gemini_Baseline_Results07/logs/F027_cppcheck.log
/home/yichen/Desktop/Gemini_Baseline_Code07/F027.c,cppcheck,True,success,True,0,7,34,style,constVariablePointer,Variable 'rB' can be declared as pointer to const,/home/yichen/Desktop/Gemini_Baseline_Code07/F027.c|34|style|constVariablePointer|Variable 'rB' can be declared as pointer to const,/home/yichen/Desktop/Gemini_Baseline_Results07/logs/F027_cppcheck.log
nofile,cppcheck,True,success,True,0,7,0,information,checkersReport,Active checkers: 113/592 (use --checkers-report=<filename> to see details),nofile|0|information|checkersReport|Active checkers: 113/592 (use --checkers-report=<filename> to see details),/home/yichen/Desktop/Gemini_Baseline_Results07/logs/F027_cppcheck.log
/home/yichen/Desktop/Gemini_Baseline_Code07/F028.c,cppcheck,True,success,True,0,6,2,information,missingIncludeSystem,Include file: <stdio.h> not found. Please note: Cppcheck does not need standard library headers to get proper results.,/home/yichen/Desktop/Gemini_Baseline_Code07/F028.c|2|information|missingIncludeSystem|Include file: <stdio.h> not found. Please note: Cppcheck does not need standard library headers to get proper results.,/home/yichen/Desktop/Gemini_Baseline_Results07/logs/F028_cppcheck.log
/home/yichen/Desktop/Gemini_Baseline_Code07/F028.c,cppcheck,True,success,True,0,6,3,information,missingIncludeSystem,Include file: <stdlib.h> not found. Please note: Cppcheck does not need standard library headers to get proper results.,/home/yichen/Desktop/Gemini_Baseline_Code07/F028.c|3|information|missingIncludeSystem|Include file: <stdlib.h> not found. Please note: Cppcheck does not need standard library headers to get proper results.,/home/yichen/Desktop/Gemini_Baseline_Results07/logs/F028_cppcheck.log
/home/yichen/Desktop/Gemini_Baseline_Code07/F028.c,cppcheck,True,success,True,0,6,4,information,missingIncludeSystem,Include file: <string.h> not found. Please note: Cppcheck does not need standard library headers to get proper results.,/home/yichen/Desktop/Gemini_Baseline_Code07/F028.c|4|information|missingIncludeSystem|Include file: <string.h> not found. Please note: Cppcheck does not need standard library headers to get proper results.,/home/yichen/Desktop/Gemini_Baseline_Results07/logs/F028_cppcheck.log
/home/yichen/Desktop/Gemini_Baseline_Code07/F028.c,cppcheck,True,success,True,0,6,65,error,memleakOnRealloc,Common realloc mistake: 'route' nulled but not freed upon failure,/home/yichen/Desktop/Gemini_Baseline_Code07/F028.c|65|error|memleakOnRealloc|Common realloc mistake: 'route' nulled but not freed upon failure,/home/yichen/Desktop/Gemini_Baseline_Results07/logs/F028_cppcheck.log
/home/yichen/Desktop/Gemini_Baseline_Code07/F028.c,cppcheck,True,success,True,0,6,81,error,memleakOnRealloc,Common realloc mistake: 'route' nulled but not freed upon failure,/home/yichen/Desktop/Gemini_Baseline_Code07/F028.c|81|error|memleakOnRealloc|Common realloc mistake: 'route' nulled but not freed upon failure,/home/yichen/Desktop/Gemini_Baseline_Results07/logs/F028_cppcheck.log
nofile,cppcheck,True,success,True,0,6,0,information,checkersReport,Active checkers: 113/592 (use --checkers-report=<filename> to see details),nofile|0|information|checkersReport|Active checkers: 113/592 (use --checkers-report=<filename> to see details),/home/yichen/Desktop/Gemini_Baseline_Results07/logs/F028_cppcheck.log
/home/yichen/Desktop/Gemini_Baseline_Code07/F029.c,cppcheck,True,success,True,0,5,2,information,missingIncludeSystem,Include file: <stdio.h> not found. Please note: Cppcheck does not need standard library headers to get proper results.,/home/yichen/Desktop/Gemini_Baseline_Code07/F029.c|2|information|missingIncludeSystem|Include file: <stdio.h> not found. Please note: Cppcheck does not need standard library headers to get proper results.,/home/yichen/Desktop/Gemini_Baseline_Results07/logs/F029_cppcheck.log
/home/yichen/Desktop/Gemini_Baseline_Code07/F029.c,cppcheck,True,success,True,0,5,3,information,missingIncludeSystem,Include file: <stdlib.h> not found. Please note: Cppcheck does not need standard library headers to get proper results.,/home/yichen/Desktop/Gemini_Baseline_Code07/F029.c|3|information|missingIncludeSystem|Include file: <stdlib.h> not found. Please note: Cppcheck does not need standard library headers to get proper results.,/home/yichen/Desktop/Gemini_Baseline_Results07/logs/F029_cppcheck.log
/home/yichen/Desktop/Gemini_Baseline_Code07/F029.c,cppcheck,True,success,True,0,5,4,information,missingIncludeSystem,Include file: <string.h> not found. Please note: Cppcheck does not need standard library headers to get proper results.,/home/yichen/Desktop/Gemini_Baseline_Code07/F029.c|4|information|missingIncludeSystem|Include file: <string.h> not found. Please note: Cppcheck does not need standard library headers to get proper results.,/home/yichen/Desktop/Gemini_Baseline_Results07/logs/F029_cppcheck.log
/home/yichen/Desktop/Gemini_Baseline_Code07/F029.c,cppcheck,True,success,True,0,5,83,error,memleakOnRealloc,Common realloc mistake: 'records' nulled but not freed upon failure,/home/yichen/Desktop/Gemini_Baseline_Code07/F029.c|83|error|memleakOnRealloc|Common realloc mistake: 'records' nulled but not freed upon failure,/home/yichen/Desktop/Gemini_Baseline_Results07/logs/F029_cppcheck.log
nofile,cppcheck,True,success,True,0,5,0,information,checkersReport,Active checkers: 113/592 (use --checkers-report=<filename> to see details),nofile|0|information|checkersReport|Active checkers: 113/592 (use --checkers-report=<filename> to see details),/home/yichen/Desktop/Gemini_Baseline_Results07/logs/F029_cppcheck.log
/home/yichen/Desktop/Gemini_Baseline_Code07/F030.c,cppcheck,True,success,True,0,5,2,information,missingIncludeSystem,Include file: <stdio.h> not found. Please note: Cppcheck does not need standard library headers to get proper results.,/home/yichen/Desktop/Gemini_Baseline_Code07/F030.c|2|information|missingIncludeSystem|Include file: <stdio.h> not found. Please note: Cppcheck does not need standard library headers to get proper results.,/home/yichen/Desktop/Gemini_Baseline_Results07/logs/F030_cppcheck.log
/home/yichen/Desktop/Gemini_Baseline_Code07/F030.c,cppcheck,True,success,True,0,5,3,information,missingIncludeSystem,Include file: <stdlib.h> not found. Please note: Cppcheck does not need standard library headers to get proper results.,/home/yichen/Desktop/Gemini_Baseline_Code07/F030.c|3|information|missingIncludeSystem|Include file: <stdlib.h> not found. Please note: Cppcheck does not need standard library headers to get proper results.,/home/yichen/Desktop/Gemini_Baseline_Results07/logs/F030_cppcheck.log
/home/yichen/Desktop/Gemini_Baseline_Code07/F030.c,cppcheck,True,success,True,0,5,4,information,missingIncludeSystem,Include file: <string.h> not found. Please note: Cppcheck does not need standard library headers to get proper results.,/home/yichen/Desktop/Gemini_Baseline_Code07/F030.c|4|information|missingIncludeSystem|Include file: <string.h> not found. Please note: Cppcheck does not need standard library headers to get proper results.,/home/yichen/Desktop/Gemini_Baseline_Results07/logs/F030_cppcheck.log
/home/yichen/Desktop/Gemini_Baseline_Code07/F030.c,cppcheck,True,success,True,0,5,62,error,memleakOnRealloc,Common realloc mistake: 'rules' nulled but not freed upon failure,/home/yichen/Desktop/Gemini_Baseline_Code07/F030.c|62|error|memleakOnRealloc|Common realloc mistake: 'rules' nulled but not freed upon failure,/home/yichen/Desktop/Gemini_Baseline_Results07/logs/F030_cppcheck.log
nofile,cppcheck,True,success,True,0,5,0,information,checkersReport,Active checkers: 113/592 (use --checkers-report=<filename> to see details),nofile|0|information|checkersReport|Active checkers: 113/592 (use --checkers-report=<filename> to see details),/home/yichen/Desktop/Gemini_Baseline_Results07/logs/F030_cppcheck.log
/home/yichen/Desktop/Gemini_Baseline_Code07/F031.c,cppcheck,True,success,True,0,5,2,information,missingIncludeSystem,Include file: <stdio.h> not found. Please note: Cppcheck does not need standard library headers to get proper results.,/home/yichen/Desktop/Gemini_Baseline_Code07/F031.c|2|information|missingIncludeSystem|Include file: <stdio.h> not found. Please note: Cppcheck does not need standard library headers to get proper results.,/home/yichen/Desktop/Gemini_Baseline_Results07/logs/F031_cppcheck.log
/home/yichen/Desktop/Gemini_Baseline_Code07/F031.c,cppcheck,True,success,True,0,5,3,information,missingIncludeSystem,Include file: <stdlib.h> not found. Please note: Cppcheck does not need standard library headers to get proper results.,/home/yichen/Desktop/Gemini_Baseline_Code07/F031.c|3|information|missingIncludeSystem|Include file: <stdlib.h> not found. Please note: Cppcheck does not need standard library headers to get proper results.,/home/yichen/Desktop/Gemini_Baseline_Results07/logs/F031_cppcheck.log
/home/yichen/Desktop/Gemini_Baseline_Code07/F031.c,cppcheck,True,success,True,0,5,4,information,missingIncludeSystem,Include file: <string.h> not found. Please note: Cppcheck does not need standard library headers to get proper results.,/home/yichen/Desktop/Gemini_Baseline_Code07/F031.c|4|information|missingIncludeSystem|Include file: <string.h> not found. Please note: Cppcheck does not need standard library headers to get proper results.,/home/yichen/Desktop/Gemini_Baseline_Results07/logs/F031_cppcheck.log
/home/yichen/Desktop/Gemini_Baseline_Code07/F031.c,cppcheck,True,success,True,0,5,85,error,memleakOnRealloc,Common realloc mistake: 'store' nulled but not freed upon failure,/home/yichen/Desktop/Gemini_Baseline_Code07/F031.c|85|error|memleakOnRealloc|Common realloc mistake: 'store' nulled but not freed upon failure,/home/yichen/Desktop/Gemini_Baseline_Results07/logs/F031_cppcheck.log
nofile,cppcheck,True,success,True,0,5,0,information,checkersReport,Active checkers: 113/592 (use --checkers-report=<filename> to see details),nofile|0|information|checkersReport|Active checkers: 113/592 (use --checkers-report=<filename> to see details),/home/yichen/Desktop/Gemini_Baseline_Results07/logs/F031_cppcheck.log
/home/yichen/Desktop/Gemini_Baseline_Code07/F032.c,cppcheck,True,success,True,0,9,2,information,missingIncludeSystem,Include file: <stdio.h> not found. Please note: Cppcheck does not need standard library headers to get proper results.,/home/yichen/Desktop/Gemini_Baseline_Code07/F032.c|2|information|missingIncludeSystem|Include file: <stdio.h> not found. Please note: Cppcheck does not need standard library headers to get proper results.,/home/yichen/Desktop/Gemini_Baseline_Results07/logs/F032_cppcheck.log
/home/yichen/Desktop/Gemini_Baseline_Code07/F032.c,cppcheck,True,success,True,0,9,3,information,missingIncludeSystem,Include file: <stdlib.h> not found. Please note: Cppcheck does not need standard library headers to get proper results.,/home/yichen/Desktop/Gemini_Baseline_Code07/F032.c|3|information|missingIncludeSystem|Include file: <stdlib.h> not found. Please note: Cppcheck does not need standard library headers to get proper results.,/home/yichen/Desktop/Gemini_Baseline_Results07/logs/F032_cppcheck.log
/home/yichen/Desktop/Gemini_Baseline_Code07/F032.c,cppcheck,True,success,True,0,9,4,information,missingIncludeSystem,Include file: <string.h> not found. Please note: Cppcheck does not need standard library headers to get proper results.,/home/yichen/Desktop/Gemini_Baseline_Code07/F032.c|4|information|missingIncludeSystem|Include file: <string.h> not found. Please note: Cppcheck does not need standard library headers to get proper results.,/home/yichen/Desktop/Gemini_Baseline_Results07/logs/F032_cppcheck.log
/home/yichen/Desktop/Gemini_Baseline_Code07/F032.c,cppcheck,True,success,True,0,9,94,error,memleakOnRealloc,Common realloc mistake: 'committed' nulled but not freed upon failure,/home/yichen/Desktop/Gemini_Baseline_Code07/F032.c|94|error|memleakOnRealloc|Common realloc mistake: 'committed' nulled but not freed upon failure,/home/yichen/Desktop/Gemini_Baseline_Results07/logs/F032_cppcheck.log
/home/yichen/Desktop/Gemini_Baseline_Code07/F032.c,cppcheck,True,success,True,0,9,129,error,memleakOnRealloc,Common realloc mistake: 'committed' nulled but not freed upon failure,/home/yichen/Desktop/Gemini_Baseline_Code07/F032.c|129|error|memleakOnRealloc|Common realloc mistake: 'committed' nulled but not freed upon failure,/home/yichen/Desktop/Gemini_Baseline_Results07/logs/F032_cppcheck.log
/home/yichen/Desktop/Gemini_Baseline_Code07/F032.c,cppcheck,True,success,True,0,9,159,error,memleakOnRealloc,Common realloc mistake: 'staged' nulled but not freed upon failure,/home/yichen/Desktop/Gemini_Baseline_Code07/F032.c|159|error|memleakOnRealloc|Common realloc mistake: 'staged' nulled but not freed upon failure,/home/yichen/Desktop/Gemini_Baseline_Results07/logs/F032_cppcheck.log
/home/yichen/Desktop/Gemini_Baseline_Code07/F032.c,cppcheck,True,success,True,0,9,108,style,constVariablePointer,Variable 'key_start' can be declared as pointer to const,/home/yichen/Desktop/Gemini_Baseline_Code07/F032.c|108|style|constVariablePointer|Variable 'key_start' can be declared as pointer to const,/home/yichen/Desktop/Gemini_Baseline_Results07/logs/F032_cppcheck.log
/home/yichen/Desktop/Gemini_Baseline_Code07/F032.c,cppcheck,True,success,True,0,9,138,style,constVariablePointer,Variable 'key_start' can be declared as pointer to const,/home/yichen/Desktop/Gemini_Baseline_Code07/F032.c|138|style|constVariablePointer|Variable 'key_start' can be declared as pointer to const,/home/yichen/Desktop/Gemini_Baseline_Results07/logs/F032_cppcheck.log
nofile,cppcheck,True,success,True,0,9,0,information,checkersReport,Active checkers: 113/592 (use --checkers-report=<filename> to see details),nofile|0|information|checkersReport|Active checkers: 113/592 (use --checkers-report=<filename> to see details),/home/yichen/Desktop/Gemini_Baseline_Results07/logs/F032_cppcheck.log
/home/yichen/Desktop/Gemini_Baseline_Code07/F033.c,cppcheck,True,success,True,0,5,2,information,missingIncludeSystem,Include file: <stdio.h> not found. Please note: Cppcheck does not need standard library headers to get proper results.,/home/yichen/Desktop/Gemini_Baseline_Code07/F033.c|2|information|missingIncludeSystem|Include file: <stdio.h> not found. Please note: Cppcheck does not need standard library headers to get proper results.,/home/yichen/Desktop/Gemini_Baseline_Results07/logs/F033_cppcheck.log
/home/yichen/Desktop/Gemini_Baseline_Code07/F033.c,cppcheck,True,success,True,0,5,3,information,missingIncludeSystem,Include file: <stdlib.h> not found. Please note: Cppcheck does not need standard library headers to get proper results.,/home/yichen/Desktop/Gemini_Baseline_Code07/F033.c|3|information|missingIncludeSystem|Include file: <stdlib.h> not found. Please note: Cppcheck does not need standard library headers to get proper results.,/home/yichen/Desktop/Gemini_Baseline_Results07/logs/F033_cppcheck.log
/home/yichen/Desktop/Gemini_Baseline_Code07/F033.c,cppcheck,True,success,True,0,5,4,information,missingIncludeSystem,Include file: <string.h> not found. Please note: Cppcheck does not need standard library headers to get proper results.,/home/yichen/Desktop/Gemini_Baseline_Code07/F033.c|4|information|missingIncludeSystem|Include file: <string.h> not found. Please note: Cppcheck does not need standard library headers to get proper results.,/home/yichen/Desktop/Gemini_Baseline_Results07/logs/F033_cppcheck.log
/home/yichen/Desktop/Gemini_Baseline_Code07/F033.c,cppcheck,True,success,True,0,5,64,error,memleakOnRealloc,Common realloc mistake: 'registry' nulled but not freed upon failure,/home/yichen/Desktop/Gemini_Baseline_Code07/F033.c|64|error|memleakOnRealloc|Common realloc mistake: 'registry' nulled but not freed upon failure,/home/yichen/Desktop/Gemini_Baseline_Results07/logs/F033_cppcheck.log
nofile,cppcheck,True,success,True,0,5,0,information,checkersReport,Active checkers: 113/592 (use --checkers-report=<filename> to see details),nofile|0|information|checkersReport|Active checkers: 113/592 (use --checkers-report=<filename> to see details),/home/yichen/Desktop/Gemini_Baseline_Results07/logs/F033_cppcheck.log
/home/yichen/Desktop/Gemini_Baseline_Code07/F034.c,cppcheck,True,success,True,0,6,2,information,missingIncludeSystem,Include file: <stdio.h> not found. Please note: Cppcheck does not need standard library headers to get proper results.,/home/yichen/Desktop/Gemini_Baseline_Code07/F034.c|2|information|missingIncludeSystem|Include file: <stdio.h> not found. Please note: Cppcheck does not need standard library headers to get proper results.,/home/yichen/Desktop/Gemini_Baseline_Results07/logs/F034_cppcheck.log
/home/yichen/Desktop/Gemini_Baseline_Code07/F034.c,cppcheck,True,success,True,0,6,3,information,missingIncludeSystem,Include file: <stdlib.h> not found. Please note: Cppcheck does not need standard library headers to get proper results.,/home/yichen/Desktop/Gemini_Baseline_Code07/F034.c|3|information|missingIncludeSystem|Include file: <stdlib.h> not found. Please note: Cppcheck does not need standard library headers to get proper results.,/home/yichen/Desktop/Gemini_Baseline_Results07/logs/F034_cppcheck.log
/home/yichen/Desktop/Gemini_Baseline_Code07/F034.c,cppcheck,True,success,True,0,6,4,information,missingIncludeSystem,Include file: <string.h> not found. Please note: Cppcheck does not need standard library headers to get proper results.,/home/yichen/Desktop/Gemini_Baseline_Code07/F034.c|4|information|missingIncludeSystem|Include file: <string.h> not found. Please note: Cppcheck does not need standard library headers to get proper results.,/home/yichen/Desktop/Gemini_Baseline_Results07/logs/F034_cppcheck.log
/home/yichen/Desktop/Gemini_Baseline_Code07/F034.c,cppcheck,True,success,True,0,6,74,error,memleakOnRealloc,Common realloc mistake: 'temp_store' nulled but not freed upon failure,/home/yichen/Desktop/Gemini_Baseline_Code07/F034.c|74|error|memleakOnRealloc|Common realloc mistake: 'temp_store' nulled but not freed upon failure,/home/yichen/Desktop/Gemini_Baseline_Results07/logs/F034_cppcheck.log
/home/yichen/Desktop/Gemini_Baseline_Code07/F034.c,cppcheck,True,success,True,0,6,35,style,constVariablePointer,Variable 'filepath' can be declared as pointer to const,/home/yichen/Desktop/Gemini_Baseline_Code07/F034.c|35|style|constVariablePointer|Variable 'filepath' can be declared as pointer to const,/home/yichen/Desktop/Gemini_Baseline_Results07/logs/F034_cppcheck.log
nofile,cppcheck,True,success,True,0,6,0,information,checkersReport,Active checkers: 113/592 (use --checkers-report=<filename> to see details),nofile|0|information|checkersReport|Active checkers: 113/592 (use --checkers-report=<filename> to see details),/home/yichen/Desktop/Gemini_Baseline_Results07/logs/F034_cppcheck.log
/home/yichen/Desktop/Gemini_Baseline_Code07/F035.c,cppcheck,True,success,True,0,6,2,information,missingIncludeSystem,Include file: <stdio.h> not found. Please note: Cppcheck does not need standard library headers to get proper results.,/home/yichen/Desktop/Gemini_Baseline_Code07/F035.c|2|information|missingIncludeSystem|Include file: <stdio.h> not found. Please note: Cppcheck does not need standard library headers to get proper results.,/home/yichen/Desktop/Gemini_Baseline_Results07/logs/F035_cppcheck.log
/home/yichen/Desktop/Gemini_Baseline_Code07/F035.c,cppcheck,True,success,True,0,6,3,information,missingIncludeSystem,Include file: <stdlib.h> not found. Please note: Cppcheck does not need standard library headers to get proper results.,/home/yichen/Desktop/Gemini_Baseline_Code07/F035.c|3|information|missingIncludeSystem|Include file: <stdlib.h> not found. Please note: Cppcheck does not need standard library headers to get proper results.,/home/yichen/Desktop/Gemini_Baseline_Results07/logs/F035_cppcheck.log
/home/yichen/Desktop/Gemini_Baseline_Code07/F035.c,cppcheck,True,success,True,0,6,4,information,missingIncludeSystem,Include file: <string.h> not found. Please note: Cppcheck does not need standard library headers to get proper results.,/home/yichen/Desktop/Gemini_Baseline_Code07/F035.c|4|information|missingIncludeSystem|Include file: <string.h> not found. Please note: Cppcheck does not need standard library headers to get proper results.,/home/yichen/Desktop/Gemini_Baseline_Results07/logs/F035_cppcheck.log
/home/yichen/Desktop/Gemini_Baseline_Code07/F035.c,cppcheck,True,success,True,0,6,65,error,memleakOnRealloc,Common realloc mistake: 'queue' nulled but not freed upon failure,/home/yichen/Desktop/Gemini_Baseline_Code07/F035.c|65|error|memleakOnRealloc|Common realloc mistake: 'queue' nulled but not freed upon failure,/home/yichen/Desktop/Gemini_Baseline_Results07/logs/F035_cppcheck.log
/home/yichen/Desktop/Gemini_Baseline_Code07/F035.c,cppcheck,True,success,True,0,6,78,error,memleakOnRealloc,Common realloc mistake: 'queue' nulled but not freed upon failure,/home/yichen/Desktop/Gemini_Baseline_Code07/F035.c|78|error|memleakOnRealloc|Common realloc mistake: 'queue' nulled but not freed upon failure,/home/yichen/Desktop/Gemini_Baseline_Results07/logs/F035_cppcheck.log
nofile,cppcheck,True,success,True,0,6,0,information,checkersReport,Active checkers: 113/592 (use --checkers-report=<filename> to see details),nofile|0|information|checkersReport|Active checkers: 113/592 (use --checkers-report=<filename> to see details),/home/yichen/Desktop/Gemini_Baseline_Results07/logs/F035_cppcheck.log
/home/yichen/Desktop/Gemini_Baseline_Code07/F036.c,cppcheck,True,success,True,0,5,2,information,missingIncludeSystem,Include file: <stdio.h> not found. Please note: Cppcheck does not need standard library headers to get proper results.,/home/yichen/Desktop/Gemini_Baseline_Code07/F036.c|2|information|missingIncludeSystem|Include file: <stdio.h> not found. Please note: Cppcheck does not need standard library headers to get proper results.,/home/yichen/Desktop/Gemini_Baseline_Results07/logs/F036_cppcheck.log
/home/yichen/Desktop/Gemini_Baseline_Code07/F036.c,cppcheck,True,success,True,0,5,3,information,missingIncludeSystem,Include file: <stdlib.h> not found. Please note: Cppcheck does not need standard library headers to get proper results.,/home/yichen/Desktop/Gemini_Baseline_Code07/F036.c|3|information|missingIncludeSystem|Include file: <stdlib.h> not found. Please note: Cppcheck does not need standard library headers to get proper results.,/home/yichen/Desktop/Gemini_Baseline_Results07/logs/F036_cppcheck.log
/home/yichen/Desktop/Gemini_Baseline_Code07/F036.c,cppcheck,True,success,True,0,5,4,information,missingIncludeSystem,Include file: <string.h> not found. Please note: Cppcheck does not need standard library headers to get proper results.,/home/yichen/Desktop/Gemini_Baseline_Code07/F036.c|4|information|missingIncludeSystem|Include file: <string.h> not found. Please note: Cppcheck does not need standard library headers to get proper results.,/home/yichen/Desktop/Gemini_Baseline_Results07/logs/F036_cppcheck.log
/home/yichen/Desktop/Gemini_Baseline_Code07/F036.c,cppcheck,True,success,True,0,5,73,error,memleakOnRealloc,Common realloc mistake: 'store' nulled but not freed upon failure,/home/yichen/Desktop/Gemini_Baseline_Code07/F036.c|73|error|memleakOnRealloc|Common realloc mistake: 'store' nulled but not freed upon failure,/home/yichen/Desktop/Gemini_Baseline_Results07/logs/F036_cppcheck.log
nofile,cppcheck,True,success,True,0,5,0,information,checkersReport,Active checkers: 113/592 (use --checkers-report=<filename> to see details),nofile|0|information|checkersReport|Active checkers: 113/592 (use --checkers-report=<filename> to see details),/home/yichen/Desktop/Gemini_Baseline_Results07/logs/F036_cppcheck.log
/home/yichen/Desktop/Gemini_Baseline_Code07/F037.c,cppcheck,True,success,True,0,6,2,information,missingIncludeSystem,Include file: <stdio.h> not found. Please note: Cppcheck does not need standard library headers to get proper results.,/home/yichen/Desktop/Gemini_Baseline_Code07/F037.c|2|information|missingIncludeSystem|Include file: <stdio.h> not found. Please note: Cppcheck does not need standard library headers to get proper results.,/home/yichen/Desktop/Gemini_Baseline_Results07/logs/F037_cppcheck.log
/home/yichen/Desktop/Gemini_Baseline_Code07/F037.c,cppcheck,True,success,True,0,6,3,information,missingIncludeSystem,Include file: <stdlib.h> not found. Please note: Cppcheck does not need standard library headers to get proper results.,/home/yichen/Desktop/Gemini_Baseline_Code07/F037.c|3|information|missingIncludeSystem|Include file: <stdlib.h> not found. Please note: Cppcheck does not need standard library headers to get proper results.,/home/yichen/Desktop/Gemini_Baseline_Results07/logs/F037_cppcheck.log
/home/yichen/Desktop/Gemini_Baseline_Code07/F037.c,cppcheck,True,success,True,0,6,4,information,missingIncludeSystem,Include file: <string.h> not found. Please note: Cppcheck does not need standard library headers to get proper results.,/home/yichen/Desktop/Gemini_Baseline_Code07/F037.c|4|information|missingIncludeSystem|Include file: <string.h> not found. Please note: Cppcheck does not need standard library headers to get proper results.,/home/yichen/Desktop/Gemini_Baseline_Results07/logs/F037_cppcheck.log
/home/yichen/Desktop/Gemini_Baseline_Code07/F037.c,cppcheck,True,success,True,0,6,77,error,memleakOnRealloc,Common realloc mistake: 'buffers' nulled but not freed upon failure,/home/yichen/Desktop/Gemini_Baseline_Code07/F037.c|77|error|memleakOnRealloc|Common realloc mistake: 'buffers' nulled but not freed upon failure,/home/yichen/Desktop/Gemini_Baseline_Results07/logs/F037_cppcheck.log
/home/yichen/Desktop/Gemini_Baseline_Code07/F037.c,cppcheck,True,success,True,0,6,32,style,constParameterPointer,Parameter 'hex' can be declared as pointer to const,/home/yichen/Desktop/Gemini_Baseline_Code07/F037.c|32|style|constParameterPointer|Parameter 'hex' can be declared as pointer to const,/home/yichen/Desktop/Gemini_Baseline_Results07/logs/F037_cppcheck.log
nofile,cppcheck,True,success,True,0,6,0,information,checkersReport,Active checkers: 113/592 (use --checkers-report=<filename> to see details),nofile|0|information|checkersReport|Active checkers: 113/592 (use --checkers-report=<filename> to see details),/home/yichen/Desktop/Gemini_Baseline_Results07/logs/F037_cppcheck.log
/home/yichen/Desktop/Gemini_Baseline_Code07/F038.c,cppcheck,True,success,True,0,5,2,information,missingIncludeSystem,Include file: <stdio.h> not found. Please note: Cppcheck does not need standard library headers to get proper results.,/home/yichen/Desktop/Gemini_Baseline_Code07/F038.c|2|information|missingIncludeSystem|Include file: <stdio.h> not found. Please note: Cppcheck does not need standard library headers to get proper results.,/home/yichen/Desktop/Gemini_Baseline_Results07/logs/F038_cppcheck.log
/home/yichen/Desktop/Gemini_Baseline_Code07/F038.c,cppcheck,True,success,True,0,5,3,information,missingIncludeSystem,Include file: <stdlib.h> not found. Please note: Cppcheck does not need standard library headers to get proper results.,/home/yichen/Desktop/Gemini_Baseline_Code07/F038.c|3|information|missingIncludeSystem|Include file: <stdlib.h> not found. Please note: Cppcheck does not need standard library headers to get proper results.,/home/yichen/Desktop/Gemini_Baseline_Results07/logs/F038_cppcheck.log
/home/yichen/Desktop/Gemini_Baseline_Code07/F038.c,cppcheck,True,success,True,0,5,4,information,missingIncludeSystem,Include file: <string.h> not found. Please note: Cppcheck does not need standard library headers to get proper results.,/home/yichen/Desktop/Gemini_Baseline_Code07/F038.c|4|information|missingIncludeSystem|Include file: <string.h> not found. Please note: Cppcheck does not need standard library headers to get proper results.,/home/yichen/Desktop/Gemini_Baseline_Results07/logs/F038_cppcheck.log
/home/yichen/Desktop/Gemini_Baseline_Code07/F038.c,cppcheck,True,success,True,0,5,62,error,memleakOnRealloc,Common realloc mistake: 'strings' nulled but not freed upon failure,/home/yichen/Desktop/Gemini_Baseline_Code07/F038.c|62|error|memleakOnRealloc|Common realloc mistake: 'strings' nulled but not freed upon failure,/home/yichen/Desktop/Gemini_Baseline_Results07/logs/F038_cppcheck.log
nofile,cppcheck,True,success,True,0,5,0,information,checkersReport,Active checkers: 113/592 (use --checkers-report=<filename> to see details),nofile|0|information|checkersReport|Active checkers: 113/592 (use --checkers-report=<filename> to see details),/home/yichen/Desktop/Gemini_Baseline_Results07/logs/F038_cppcheck.log
/home/yichen/Desktop/Gemini_Baseline_Code07/F039.c,cppcheck,True,success,True,0,5,2,information,missingIncludeSystem,Include file: <stdio.h> not found. Please note: Cppcheck does not need standard library headers to get proper results.,/home/yichen/Desktop/Gemini_Baseline_Code07/F039.c|2|information|missingIncludeSystem|Include file: <stdio.h> not found. Please note: Cppcheck does not need standard library headers to get proper results.,/home/yichen/Desktop/Gemini_Baseline_Results07/logs/F039_cppcheck.log
/home/yichen/Desktop/Gemini_Baseline_Code07/F039.c,cppcheck,True,success,True,0,5,3,information,missingIncludeSystem,Include file: <stdlib.h> not found. Please note: Cppcheck does not need standard library headers to get proper results.,/home/yichen/Desktop/Gemini_Baseline_Code07/F039.c|3|information|missingIncludeSystem|Include file: <stdlib.h> not found. Please note: Cppcheck does not need standard library headers to get proper results.,/home/yichen/Desktop/Gemini_Baseline_Results07/logs/F039_cppcheck.log
/home/yichen/Desktop/Gemini_Baseline_Code07/F039.c,cppcheck,True,success,True,0,5,4,information,missingIncludeSystem,Include file: <string.h> not found. Please note: Cppcheck does not need standard library headers to get proper results.,/home/yichen/Desktop/Gemini_Baseline_Code07/F039.c|4|information|missingIncludeSystem|Include file: <string.h> not found. Please note: Cppcheck does not need standard library headers to get proper results.,/home/yichen/Desktop/Gemini_Baseline_Results07/logs/F039_cppcheck.log
/home/yichen/Desktop/Gemini_Baseline_Code07/F039.c,cppcheck,True,success,True,0,5,65,error,memleakOnRealloc,Common realloc mistake: 'tables' nulled but not freed upon failure,/home/yichen/Desktop/Gemini_Baseline_Code07/F039.c|65|error|memleakOnRealloc|Common realloc mistake: 'tables' nulled but not freed upon failure,/home/yichen/Desktop/Gemini_Baseline_Results07/logs/F039_cppcheck.log
nofile,cppcheck,True,success,True,0,5,0,information,checkersReport,Active checkers: 113/592 (use --checkers-report=<filename> to see details),nofile|0|information|checkersReport|Active checkers: 113/592 (use --checkers-report=<filename> to see details),/home/yichen/Desktop/Gemini_Baseline_Results07/logs/F039_cppcheck.log
/home/yichen/Desktop/Gemini_Baseline_Code07/F040.c,cppcheck,True,success,True,0,5,2,information,missingIncludeSystem,Include file: <stdio.h> not found. Please note: Cppcheck does not need standard library headers to get proper results.,/home/yichen/Desktop/Gemini_Baseline_Code07/F040.c|2|information|missingIncludeSystem|Include file: <stdio.h> not found. Please note: Cppcheck does not need standard library headers to get proper results.,/home/yichen/Desktop/Gemini_Baseline_Results07/logs/F040_cppcheck.log
/home/yichen/Desktop/Gemini_Baseline_Code07/F040.c,cppcheck,True,success,True,0,5,3,information,missingIncludeSystem,Include file: <stdlib.h> not found. Please note: Cppcheck does not need standard library headers to get proper results.,/home/yichen/Desktop/Gemini_Baseline_Code07/F040.c|3|information|missingIncludeSystem|Include file: <stdlib.h> not found. Please note: Cppcheck does not need standard library headers to get proper results.,/home/yichen/Desktop/Gemini_Baseline_Results07/logs/F040_cppcheck.log
/home/yichen/Desktop/Gemini_Baseline_Code07/F040.c,cppcheck,True,success,True,0,5,4,information,missingIncludeSystem,Include file: <string.h> not found. Please note: Cppcheck does not need standard library headers to get proper results.,/home/yichen/Desktop/Gemini_Baseline_Code07/F040.c|4|information|missingIncludeSystem|Include file: <string.h> not found. Please note: Cppcheck does not need standard library headers to get proper results.,/home/yichen/Desktop/Gemini_Baseline_Results07/logs/F040_cppcheck.log
/home/yichen/Desktop/Gemini_Baseline_Code07/F040.c,cppcheck,True,success,True,0,5,68,error,memleakOnRealloc,Common realloc mistake: 'cache' nulled but not freed upon failure,/home/yichen/Desktop/Gemini_Baseline_Code07/F040.c|68|error|memleakOnRealloc|Common realloc mistake: 'cache' nulled but not freed upon failure,/home/yichen/Desktop/Gemini_Baseline_Results07/logs/F040_cppcheck.log
nofile,cppcheck,True,success,True,0,5,0,information,checkersReport,Active checkers: 113/592 (use --checkers-report=<filename> to see details),nofile|0|information|checkersReport|Active checkers: 113/592 (use --checkers-report=<filename> to see details),/home/yichen/Desktop/Gemini_Baseline_Results07/logs/F040_cppcheck.log
