file,tool,attempted,status,success,returncode,finding_count,line,severity,check_id,message,evidence,log_path
/home/yichen/Desktop/Deepseek_Baseline_Code08/F001.c,cppcheck,True,success,True,0,13,2,information,missingIncludeSystem,Include file: <stdio.h> not found. Please note: Cppcheck does not need standard library headers to get proper results.,/home/yichen/Desktop/Deepseek_Baseline_Code08/F001.c|2|information|missingIncludeSystem|Include file: <stdio.h> not found. Please note: Cppcheck does not need standard library headers to get proper results.,/home/yichen/Desktop/Deepseek_Baseline_Results08/logs/F001_cppcheck.log
/home/yichen/Desktop/Deepseek_Baseline_Code08/F001.c,cppcheck,True,success,True,0,13,3,information,missingIncludeSystem,Include file: <stdlib.h> not found. Please note: Cppcheck does not need standard library headers to get proper results.,/home/yichen/Desktop/Deepseek_Baseline_Code08/F001.c|3|information|missingIncludeSystem|Include file: <stdlib.h> not found. Please note: Cppcheck does not need standard library headers to get proper results.,/home/yichen/Desktop/Deepseek_Baseline_Results08/logs/F001_cppcheck.log
/home/yichen/Desktop/Deepseek_Baseline_Code08/F001.c,cppcheck,True,success,True,0,13,4,information,missingIncludeSystem,Include file: <string.h> not found. Please note: Cppcheck does not need standard library headers to get proper results.,/home/yichen/Desktop/Deepseek_Baseline_Code08/F001.c|4|information|missingIncludeSystem|Include file: <string.h> not found. Please note: Cppcheck does not need standard library headers to get proper results.,/home/yichen/Desktop/Deepseek_Baseline_Results08/logs/F001_cppcheck.log
/home/yichen/Desktop/Deepseek_Baseline_Code08/F001.c,cppcheck,True,success,True,0,13,52,style,constVariablePointer,Variable 'cmd' can be declared as pointer to const,/home/yichen/Desktop/Deepseek_Baseline_Code08/F001.c|52|style|constVariablePointer|Variable 'cmd' can be declared as pointer to const,/home/yichen/Desktop/Deepseek_Baseline_Results08/logs/F001_cppcheck.log
/home/yichen/Desktop/Deepseek_Baseline_Code08/F001.c,cppcheck,True,success,True,0,13,55,style,constVariablePointer,Variable 'id' can be declared as pointer to const,/home/yichen/Desktop/Deepseek_Baseline_Code08/F001.c|55|style|constVariablePointer|Variable 'id' can be declared as pointer to const,/home/yichen/Desktop/Deepseek_Baseline_Results08/logs/F001_cppcheck.log
/home/yichen/Desktop/Deepseek_Baseline_Code08/F001.c,cppcheck,True,success,True,0,13,57,style,constVariablePointer,Variable 'text' can be declared as pointer to const,/home/yichen/Desktop/Deepseek_Baseline_Code08/F001.c|57|style|constVariablePointer|Variable 'text' can be declared as pointer to const,/home/yichen/Desktop/Deepseek_Baseline_Results08/logs/F001_cppcheck.log
/home/yichen/Desktop/Deepseek_Baseline_Code08/F001.c,cppcheck,True,success,True,0,13,62,style,constVariablePointer,Variable 'id' can be declared as pointer to const,/home/yichen/Desktop/Deepseek_Baseline_Code08/F001.c|62|style|constVariablePointer|Variable 'id' can be declared as pointer to const,/home/yichen/Desktop/Deepseek_Baseline_Results08/logs/F001_cppcheck.log
/home/yichen/Desktop/Deepseek_Baseline_Code08/F001.c,cppcheck,True,success,True,0,13,64,style,constVariablePointer,Variable 'text' can be declared as pointer to const,/home/yichen/Desktop/Deepseek_Baseline_Code08/F001.c|64|style|constVariablePointer|Variable 'text' can be declared as pointer to const,/home/yichen/Desktop/Deepseek_Baseline_Results08/logs/F001_cppcheck.log
/home/yichen/Desktop/Deepseek_Baseline_Code08/F001.c,cppcheck,True,success,True,0,13,75,style,constVariablePointer,Variable 'id' can be declared as pointer to const,/home/yichen/Desktop/Deepseek_Baseline_Code08/F001.c|75|style|constVariablePointer|Variable 'id' can be declared as pointer to const,/home/yichen/Desktop/Deepseek_Baseline_Results08/logs/F001_cppcheck.log
/home/yichen/Desktop/Deepseek_Baseline_Code08/F001.c,cppcheck,True,success,True,0,13,77,style,constVariablePointer,Variable 'text' can be declared as pointer to const,/home/yichen/Desktop/Deepseek_Baseline_Code08/F001.c|77|style|constVariablePointer|Variable 'text' can be declared as pointer to const,/home/yichen/Desktop/Deepseek_Baseline_Results08/logs/F001_cppcheck.log
/home/yichen/Desktop/Deepseek_Baseline_Code08/F001.c,cppcheck,True,success,True,0,13,84,style,constVariablePointer,Variable 'id' can be declared as pointer to const,/home/yichen/Desktop/Deepseek_Baseline_Code08/F001.c|84|style|constVariablePointer|Variable 'id' can be declared as pointer to const,/home/yichen/Desktop/Deepseek_Baseline_Results08/logs/F001_cppcheck.log
/home/yichen/Desktop/Deepseek_Baseline_Code08/F001.c,cppcheck,True,success,True,0,13,100,style,constVariablePointer,Variable 'id' can be declared as pointer to const,/home/yichen/Desktop/Deepseek_Baseline_Code08/F001.c|100|style|constVariablePointer|Variable 'id' can be declared as pointer to const,/home/yichen/Desktop/Deepseek_Baseline_Results08/logs/F001_cppcheck.log
nofile,cppcheck,True,success,True,0,13,0,information,checkersReport,Active checkers: 113/592 (use --checkers-report=<filename> to see details),nofile|0|information|checkersReport|Active checkers: 113/592 (use --checkers-report=<filename> to see details),/home/yichen/Desktop/Deepseek_Baseline_Results08/logs/F001_cppcheck.log
/home/yichen/Desktop/Deepseek_Baseline_Code08/F002.c,cppcheck,True,success,True,0,14,2,information,missingIncludeSystem,Include file: <stdio.h> not found. Please note: Cppcheck does not need standard library headers to get proper results.,/home/yichen/Desktop/Deepseek_Baseline_Code08/F002.c|2|information|missingIncludeSystem|Include file: <stdio.h> not found. Please note: Cppcheck does not need standard library headers to get proper results.,/home/yichen/Desktop/Deepseek_Baseline_Results08/logs/F002_cppcheck.log
/home/yichen/Desktop/Deepseek_Baseline_Code08/F002.c,cppcheck,True,success,True,0,14,3,information,missingIncludeSystem,Include file: <stdlib.h> not found. Please note: Cppcheck does not need standard library headers to get proper results.,/home/yichen/Desktop/Deepseek_Baseline_Code08/F002.c|3|information|missingIncludeSystem|Include file: <stdlib.h> not found. Please note: Cppcheck does not need standard library headers to get proper results.,/home/yichen/Desktop/Deepseek_Baseline_Results08/logs/F002_cppcheck.log
/home/yichen/Desktop/Deepseek_Baseline_Code08/F002.c,cppcheck,True,success,True,0,14,4,information,missingIncludeSystem,Include file: <string.h> not found. Please note: Cppcheck does not need standard library headers to get proper results.,/home/yichen/Desktop/Deepseek_Baseline_Code08/F002.c|4|information|missingIncludeSystem|Include file: <string.h> not found. Please note: Cppcheck does not need standard library headers to get proper results.,/home/yichen/Desktop/Deepseek_Baseline_Results08/logs/F002_cppcheck.log
/home/yichen/Desktop/Deepseek_Baseline_Code08/F002.c,cppcheck,True,success,True,0,14,70,style,constVariablePointer,Variable 'cmd' can be declared as pointer to const,/home/yichen/Desktop/Deepseek_Baseline_Code08/F002.c|70|style|constVariablePointer|Variable 'cmd' can be declared as pointer to const,/home/yichen/Desktop/Deepseek_Baseline_Results08/logs/F002_cppcheck.log
/home/yichen/Desktop/Deepseek_Baseline_Code08/F002.c,cppcheck,True,success,True,0,14,73,style,constVariablePointer,Variable 'tag' can be declared as pointer to const,/home/yichen/Desktop/Deepseek_Baseline_Code08/F002.c|73|style|constVariablePointer|Variable 'tag' can be declared as pointer to const,/home/yichen/Desktop/Deepseek_Baseline_Results08/logs/F002_cppcheck.log
/home/yichen/Desktop/Deepseek_Baseline_Code08/F002.c,cppcheck,True,success,True,0,14,75,style,constVariablePointer,Variable 'msg' can be declared as pointer to const,/home/yichen/Desktop/Deepseek_Baseline_Code08/F002.c|75|style|constVariablePointer|Variable 'msg' can be declared as pointer to const,/home/yichen/Desktop/Deepseek_Baseline_Results08/logs/F002_cppcheck.log
/home/yichen/Desktop/Deepseek_Baseline_Code08/F002.c,cppcheck,True,success,True,0,14,79,style,constVariablePointer,Variable 'tag1' can be declared as pointer to const,/home/yichen/Desktop/Deepseek_Baseline_Code08/F002.c|79|style|constVariablePointer|Variable 'tag1' can be declared as pointer to const,/home/yichen/Desktop/Deepseek_Baseline_Results08/logs/F002_cppcheck.log
/home/yichen/Desktop/Deepseek_Baseline_Code08/F002.c,cppcheck,True,success,True,0,14,81,style,constVariablePointer,Variable 'tag2' can be declared as pointer to const,/home/yichen/Desktop/Deepseek_Baseline_Code08/F002.c|81|style|constVariablePointer|Variable 'tag2' can be declared as pointer to const,/home/yichen/Desktop/Deepseek_Baseline_Results08/logs/F002_cppcheck.log
/home/yichen/Desktop/Deepseek_Baseline_Code08/F002.c,cppcheck,True,success,True,0,14,83,style,constVariablePointer,Variable 'newtag' can be declared as pointer to const,/home/yichen/Desktop/Deepseek_Baseline_Code08/F002.c|83|style|constVariablePointer|Variable 'newtag' can be declared as pointer to const,/home/yichen/Desktop/Deepseek_Baseline_Results08/logs/F002_cppcheck.log
/home/yichen/Desktop/Deepseek_Baseline_Code08/F002.c,cppcheck,True,success,True,0,14,85,style,constVariablePointer,Variable 'm1' can be declared as pointer to const,/home/yichen/Desktop/Deepseek_Baseline_Code08/F002.c|85|style|constVariablePointer|Variable 'm1' can be declared as pointer to const,/home/yichen/Desktop/Deepseek_Baseline_Results08/logs/F002_cppcheck.log
/home/yichen/Desktop/Deepseek_Baseline_Code08/F002.c,cppcheck,True,success,True,0,14,86,style,constVariablePointer,Variable 'm2' can be declared as pointer to const,/home/yichen/Desktop/Deepseek_Baseline_Code08/F002.c|86|style|constVariablePointer|Variable 'm2' can be declared as pointer to const,/home/yichen/Desktop/Deepseek_Baseline_Results08/logs/F002_cppcheck.log
/home/yichen/Desktop/Deepseek_Baseline_Code08/F002.c,cppcheck,True,success,True,0,14,93,style,constVariablePointer,Variable 'tag' can be declared as pointer to const,/home/yichen/Desktop/Deepseek_Baseline_Code08/F002.c|93|style|constVariablePointer|Variable 'tag' can be declared as pointer to const,/home/yichen/Desktop/Deepseek_Baseline_Results08/logs/F002_cppcheck.log
/home/yichen/Desktop/Deepseek_Baseline_Code08/F002.c,cppcheck,True,success,True,0,14,96,style,constVariablePointer,Variable 'tag' can be declared as pointer to const,/home/yichen/Desktop/Deepseek_Baseline_Code08/F002.c|96|style|constVariablePointer|Variable 'tag' can be declared as pointer to const,/home/yichen/Desktop/Deepseek_Baseline_Results08/logs/F002_cppcheck.log
nofile,cppcheck,True,success,True,0,14,0,information,checkersReport,Active checkers: 113/592 (use --checkers-report=<filename> to see details),nofile|0|information|checkersReport|Active checkers: 113/592 (use --checkers-report=<filename> to see details),/home/yichen/Desktop/Deepseek_Baseline_Results08/logs/F002_cppcheck.log
/home/yichen/Desktop/Deepseek_Baseline_Code08/F003.c,cppcheck,True,success,True,0,11,2,information,missingIncludeSystem,Include file: <stdio.h> not found. Please note: Cppcheck does not need standard library headers to get proper results.,/home/yichen/Desktop/Deepseek_Baseline_Code08/F003.c|2|information|missingIncludeSystem|Include file: <stdio.h> not found. Please note: Cppcheck does not need standard library headers to get proper results.,/home/yichen/Desktop/Deepseek_Baseline_Results08/logs/F003_cppcheck.log
/home/yichen/Desktop/Deepseek_Baseline_Code08/F003.c,cppcheck,True,success,True,0,11,3,information,missingIncludeSystem,Include file: <stdlib.h> not found. Please note: Cppcheck does not need standard library headers to get proper results.,/home/yichen/Desktop/Deepseek_Baseline_Code08/F003.c|3|information|missingIncludeSystem|Include file: <stdlib.h> not found. Please note: Cppcheck does not need standard library headers to get proper results.,/home/yichen/Desktop/Deepseek_Baseline_Results08/logs/F003_cppcheck.log
/home/yichen/Desktop/Deepseek_Baseline_Code08/F003.c,cppcheck,True,success,True,0,11,4,information,missingIncludeSystem,Include file: <string.h> not found. Please note: Cppcheck does not need standard library headers to get proper results.,/home/yichen/Desktop/Deepseek_Baseline_Code08/F003.c|4|information|missingIncludeSystem|Include file: <string.h> not found. Please note: Cppcheck does not need standard library headers to get proper results.,/home/yichen/Desktop/Deepseek_Baseline_Results08/logs/F003_cppcheck.log
/home/yichen/Desktop/Deepseek_Baseline_Code08/F003.c,cppcheck,True,success,True,0,11,76,style,constVariablePointer,Variable 'cmd' can be declared as pointer to const,/home/yichen/Desktop/Deepseek_Baseline_Code08/F003.c|76|style|constVariablePointer|Variable 'cmd' can be declared as pointer to const,/home/yichen/Desktop/Deepseek_Baseline_Results08/logs/F003_cppcheck.log
/home/yichen/Desktop/Deepseek_Baseline_Code08/F003.c,cppcheck,True,success,True,0,11,79,style,constVariablePointer,Variable 'name' can be declared as pointer to const,/home/yichen/Desktop/Deepseek_Baseline_Code08/F003.c|79|style|constVariablePointer|Variable 'name' can be declared as pointer to const,/home/yichen/Desktop/Deepseek_Baseline_Results08/logs/F003_cppcheck.log
/home/yichen/Desktop/Deepseek_Baseline_Code08/F003.c,cppcheck,True,success,True,0,11,81,style,constVariablePointer,Variable 'exp' can be declared as pointer to const,/home/yichen/Desktop/Deepseek_Baseline_Code08/F003.c|81|style|constVariablePointer|Variable 'exp' can be declared as pointer to const,/home/yichen/Desktop/Deepseek_Baseline_Results08/logs/F003_cppcheck.log
/home/yichen/Desktop/Deepseek_Baseline_Code08/F003.c,cppcheck,True,success,True,0,11,86,style,constVariablePointer,Variable 'name' can be declared as pointer to const,/home/yichen/Desktop/Deepseek_Baseline_Code08/F003.c|86|style|constVariablePointer|Variable 'name' can be declared as pointer to const,/home/yichen/Desktop/Deepseek_Baseline_Results08/logs/F003_cppcheck.log
/home/yichen/Desktop/Deepseek_Baseline_Code08/F003.c,cppcheck,True,success,True,0,11,98,style,constVariablePointer,Variable 'old' can be declared as pointer to const,/home/yichen/Desktop/Deepseek_Baseline_Code08/F003.c|98|style|constVariablePointer|Variable 'old' can be declared as pointer to const,/home/yichen/Desktop/Deepseek_Baseline_Results08/logs/F003_cppcheck.log
/home/yichen/Desktop/Deepseek_Baseline_Code08/F003.c,cppcheck,True,success,True,0,11,100,style,constVariablePointer,Variable 'new' can be declared as pointer to const,/home/yichen/Desktop/Deepseek_Baseline_Code08/F003.c|100|style|constVariablePointer|Variable 'new' can be declared as pointer to const,/home/yichen/Desktop/Deepseek_Baseline_Results08/logs/F003_cppcheck.log
/home/yichen/Desktop/Deepseek_Baseline_Code08/F003.c,cppcheck,True,success,True,0,11,104,style,constVariablePointer,Variable 'name' can be declared as pointer to const,/home/yichen/Desktop/Deepseek_Baseline_Code08/F003.c|104|style|constVariablePointer|Variable 'name' can be declared as pointer to const,/home/yichen/Desktop/Deepseek_Baseline_Results08/logs/F003_cppcheck.log
nofile,cppcheck,True,success,True,0,11,0,information,checkersReport,Active checkers: 113/592 (use --checkers-report=<filename> to see details),nofile|0|information|checkersReport|Active checkers: 113/592 (use --checkers-report=<filename> to see details),/home/yichen/Desktop/Deepseek_Baseline_Results08/logs/F003_cppcheck.log
/home/yichen/Desktop/Deepseek_Baseline_Code08/F004.c,cppcheck,True,success,True,0,10,2,information,missingIncludeSystem,Include file: <stdio.h> not found. Please note: Cppcheck does not need standard library headers to get proper results.,/home/yichen/Desktop/Deepseek_Baseline_Code08/F004.c|2|information|missingIncludeSystem|Include file: <stdio.h> not found. Please note: Cppcheck does not need standard library headers to get proper results.,/home/yichen/Desktop/Deepseek_Baseline_Results08/logs/F004_cppcheck.log
/home/yichen/Desktop/Deepseek_Baseline_Code08/F004.c,cppcheck,True,success,True,0,10,3,information,missingIncludeSystem,Include file: <stdlib.h> not found. Please note: Cppcheck does not need standard library headers to get proper results.,/home/yichen/Desktop/Deepseek_Baseline_Code08/F004.c|3|information|missingIncludeSystem|Include file: <stdlib.h> not found. Please note: Cppcheck does not need standard library headers to get proper results.,/home/yichen/Desktop/Deepseek_Baseline_Results08/logs/F004_cppcheck.log
/home/yichen/Desktop/Deepseek_Baseline_Code08/F004.c,cppcheck,True,success,True,0,10,4,information,missingIncludeSystem,Include file: <string.h> not found. Please note: Cppcheck does not need standard library headers to get proper results.,/home/yichen/Desktop/Deepseek_Baseline_Code08/F004.c|4|information|missingIncludeSystem|Include file: <string.h> not found. Please note: Cppcheck does not need standard library headers to get proper results.,/home/yichen/Desktop/Deepseek_Baseline_Results08/logs/F004_cppcheck.log
/home/yichen/Desktop/Deepseek_Baseline_Code08/F004.c,cppcheck,True,success,True,0,10,78,style,constVariablePointer,Variable 'v' can be declared as pointer to const,/home/yichen/Desktop/Deepseek_Baseline_Code08/F004.c|78|style|constVariablePointer|Variable 'v' can be declared as pointer to const,/home/yichen/Desktop/Deepseek_Baseline_Results08/logs/F004_cppcheck.log
/home/yichen/Desktop/Deepseek_Baseline_Code08/F004.c,cppcheck,True,success,True,0,10,97,style,constVariablePointer,Variable 'cmd' can be declared as pointer to const,/home/yichen/Desktop/Deepseek_Baseline_Code08/F004.c|97|style|constVariablePointer|Variable 'cmd' can be declared as pointer to const,/home/yichen/Desktop/Deepseek_Baseline_Results08/logs/F004_cppcheck.log
/home/yichen/Desktop/Deepseek_Baseline_Code08/F004.c,cppcheck,True,success,True,0,10,100,style,constVariablePointer,Variable 'key' can be declared as pointer to const,/home/yichen/Desktop/Deepseek_Baseline_Code08/F004.c|100|style|constVariablePointer|Variable 'key' can be declared as pointer to const,/home/yichen/Desktop/Deepseek_Baseline_Results08/logs/F004_cppcheck.log
/home/yichen/Desktop/Deepseek_Baseline_Code08/F004.c,cppcheck,True,success,True,0,10,102,style,constVariablePointer,Variable 'val' can be declared as pointer to const,/home/yichen/Desktop/Deepseek_Baseline_Code08/F004.c|102|style|constVariablePointer|Variable 'val' can be declared as pointer to const,/home/yichen/Desktop/Deepseek_Baseline_Results08/logs/F004_cppcheck.log
/home/yichen/Desktop/Deepseek_Baseline_Code08/F004.c,cppcheck,True,success,True,0,10,106,style,constVariablePointer,Variable 'key' can be declared as pointer to const,/home/yichen/Desktop/Deepseek_Baseline_Code08/F004.c|106|style|constVariablePointer|Variable 'key' can be declared as pointer to const,/home/yichen/Desktop/Deepseek_Baseline_Results08/logs/F004_cppcheck.log
/home/yichen/Desktop/Deepseek_Baseline_Code08/F004.c,cppcheck,True,success,True,0,10,109,style,constVariablePointer,Variable 'text' can be declared as pointer to const,/home/yichen/Desktop/Deepseek_Baseline_Code08/F004.c|109|style|constVariablePointer|Variable 'text' can be declared as pointer to const,/home/yichen/Desktop/Deepseek_Baseline_Results08/logs/F004_cppcheck.log
nofile,cppcheck,True,success,True,0,10,0,information,checkersReport,Active checkers: 113/592 (use --checkers-report=<filename> to see details),nofile|0|information|checkersReport|Active checkers: 113/592 (use --checkers-report=<filename> to see details),/home/yichen/Desktop/Deepseek_Baseline_Results08/logs/F004_cppcheck.log
/home/yichen/Desktop/Deepseek_Baseline_Code08/F005.c,cppcheck,True,success,True,0,11,2,information,missingIncludeSystem,Include file: <stdio.h> not found. Please note: Cppcheck does not need standard library headers to get proper results.,/home/yichen/Desktop/Deepseek_Baseline_Code08/F005.c|2|information|missingIncludeSystem|Include file: <stdio.h> not found. Please note: Cppcheck does not need standard library headers to get proper results.,/home/yichen/Desktop/Deepseek_Baseline_Results08/logs/F005_cppcheck.log
/home/yichen/Desktop/Deepseek_Baseline_Code08/F005.c,cppcheck,True,success,True,0,11,3,information,missingIncludeSystem,Include file: <stdlib.h> not found. Please note: Cppcheck does not need standard library headers to get proper results.,/home/yichen/Desktop/Deepseek_Baseline_Code08/F005.c|3|information|missingIncludeSystem|Include file: <stdlib.h> not found. Please note: Cppcheck does not need standard library headers to get proper results.,/home/yichen/Desktop/Deepseek_Baseline_Results08/logs/F005_cppcheck.log
/home/yichen/Desktop/Deepseek_Baseline_Code08/F005.c,cppcheck,True,success,True,0,11,4,information,missingIncludeSystem,Include file: <string.h> not found. Please note: Cppcheck does not need standard library headers to get proper results.,/home/yichen/Desktop/Deepseek_Baseline_Code08/F005.c|4|information|missingIncludeSystem|Include file: <string.h> not found. Please note: Cppcheck does not need standard library headers to get proper results.,/home/yichen/Desktop/Deepseek_Baseline_Results08/logs/F005_cppcheck.log
/home/yichen/Desktop/Deepseek_Baseline_Code08/F005.c,cppcheck,True,success,True,0,11,86,style,constVariablePointer,Variable 'cmd' can be declared as pointer to const,/home/yichen/Desktop/Deepseek_Baseline_Code08/F005.c|86|style|constVariablePointer|Variable 'cmd' can be declared as pointer to const,/home/yichen/Desktop/Deepseek_Baseline_Results08/logs/F005_cppcheck.log
/home/yichen/Desktop/Deepseek_Baseline_Code08/F005.c,cppcheck,True,success,True,0,11,89,style,constVariablePointer,Variable 'idx_str' can be declared as pointer to const,/home/yichen/Desktop/Deepseek_Baseline_Code08/F005.c|89|style|constVariablePointer|Variable 'idx_str' can be declared as pointer to const,/home/yichen/Desktop/Deepseek_Baseline_Results08/logs/F005_cppcheck.log
/home/yichen/Desktop/Deepseek_Baseline_Code08/F005.c,cppcheck,True,success,True,0,11,92,style,constVariablePointer,Variable 'text' can be declared as pointer to const,/home/yichen/Desktop/Deepseek_Baseline_Code08/F005.c|92|style|constVariablePointer|Variable 'text' can be declared as pointer to const,/home/yichen/Desktop/Deepseek_Baseline_Results08/logs/F005_cppcheck.log
/home/yichen/Desktop/Deepseek_Baseline_Code08/F005.c,cppcheck,True,success,True,0,11,96,style,constVariablePointer,Variable 'text' can be declared as pointer to const,/home/yichen/Desktop/Deepseek_Baseline_Code08/F005.c|96|style|constVariablePointer|Variable 'text' can be declared as pointer to const,/home/yichen/Desktop/Deepseek_Baseline_Results08/logs/F005_cppcheck.log
/home/yichen/Desktop/Deepseek_Baseline_Code08/F005.c,cppcheck,True,success,True,0,11,100,style,constVariablePointer,Variable 'idx_str' can be declared as pointer to const,/home/yichen/Desktop/Deepseek_Baseline_Code08/F005.c|100|style|constVariablePointer|Variable 'idx_str' can be declared as pointer to const,/home/yichen/Desktop/Deepseek_Baseline_Results08/logs/F005_cppcheck.log
/home/yichen/Desktop/Deepseek_Baseline_Code08/F005.c,cppcheck,True,success,True,0,11,105,style,constVariablePointer,Variable 'idx_str' can be declared as pointer to const,/home/yichen/Desktop/Deepseek_Baseline_Code08/F005.c|105|style|constVariablePointer|Variable 'idx_str' can be declared as pointer to const,/home/yichen/Desktop/Deepseek_Baseline_Results08/logs/F005_cppcheck.log
/home/yichen/Desktop/Deepseek_Baseline_Code08/F005.c,cppcheck,True,success,True,0,11,108,style,constVariablePointer,Variable 'text' can be declared as pointer to const,/home/yichen/Desktop/Deepseek_Baseline_Code08/F005.c|108|style|constVariablePointer|Variable 'text' can be declared as pointer to const,/home/yichen/Desktop/Deepseek_Baseline_Results08/logs/F005_cppcheck.log
nofile,cppcheck,True,success,True,0,11,0,information,checkersReport,Active checkers: 113/592 (use --checkers-report=<filename> to see details),nofile|0|information|checkersReport|Active checkers: 113/592 (use --checkers-report=<filename> to see details),/home/yichen/Desktop/Deepseek_Baseline_Results08/logs/F005_cppcheck.log
/home/yichen/Desktop/Deepseek_Baseline_Code08/F006.c,cppcheck,True,success,True,0,12,2,information,missingIncludeSystem,Include file: <stdio.h> not found. Please note: Cppcheck does not need standard library headers to get proper results.,/home/yichen/Desktop/Deepseek_Baseline_Code08/F006.c|2|information|missingIncludeSystem|Include file: <stdio.h> not found. Please note: Cppcheck does not need standard library headers to get proper results.,/home/yichen/Desktop/Deepseek_Baseline_Results08/logs/F006_cppcheck.log
/home/yichen/Desktop/Deepseek_Baseline_Code08/F006.c,cppcheck,True,success,True,0,12,3,information,missingIncludeSystem,Include file: <stdlib.h> not found. Please note: Cppcheck does not need standard library headers to get proper results.,/home/yichen/Desktop/Deepseek_Baseline_Code08/F006.c|3|information|missingIncludeSystem|Include file: <stdlib.h> not found. Please note: Cppcheck does not need standard library headers to get proper results.,/home/yichen/Desktop/Deepseek_Baseline_Results08/logs/F006_cppcheck.log
/home/yichen/Desktop/Deepseek_Baseline_Code08/F006.c,cppcheck,True,success,True,0,12,4,information,missingIncludeSystem,Include file: <string.h> not found. Please note: Cppcheck does not need standard library headers to get proper results.,/home/yichen/Desktop/Deepseek_Baseline_Code08/F006.c|4|information|missingIncludeSystem|Include file: <string.h> not found. Please note: Cppcheck does not need standard library headers to get proper results.,/home/yichen/Desktop/Deepseek_Baseline_Results08/logs/F006_cppcheck.log
/home/yichen/Desktop/Deepseek_Baseline_Code08/F006.c,cppcheck,True,success,True,0,12,78,style,constVariablePointer,Variable 'cmd' can be declared as pointer to const,/home/yichen/Desktop/Deepseek_Baseline_Code08/F006.c|78|style|constVariablePointer|Variable 'cmd' can be declared as pointer to const,/home/yichen/Desktop/Deepseek_Baseline_Results08/logs/F006_cppcheck.log
/home/yichen/Desktop/Deepseek_Baseline_Code08/F006.c,cppcheck,True,success,True,0,12,81,style,constVariablePointer,Variable 'name' can be declared as pointer to const,/home/yichen/Desktop/Deepseek_Baseline_Code08/F006.c|81|style|constVariablePointer|Variable 'name' can be declared as pointer to const,/home/yichen/Desktop/Deepseek_Baseline_Results08/logs/F006_cppcheck.log
/home/yichen/Desktop/Deepseek_Baseline_Code08/F006.c,cppcheck,True,success,True,0,12,83,style,constVariablePointer,Variable 'cnt_str' can be declared as pointer to const,/home/yichen/Desktop/Deepseek_Baseline_Code08/F006.c|83|style|constVariablePointer|Variable 'cnt_str' can be declared as pointer to const,/home/yichen/Desktop/Deepseek_Baseline_Results08/logs/F006_cppcheck.log
/home/yichen/Desktop/Deepseek_Baseline_Code08/F006.c,cppcheck,True,success,True,0,12,87,style,constVariablePointer,Variable 'name' can be declared as pointer to const,/home/yichen/Desktop/Deepseek_Baseline_Code08/F006.c|87|style|constVariablePointer|Variable 'name' can be declared as pointer to const,/home/yichen/Desktop/Deepseek_Baseline_Results08/logs/F006_cppcheck.log
/home/yichen/Desktop/Deepseek_Baseline_Code08/F006.c,cppcheck,True,success,True,0,12,89,style,constVariablePointer,Variable 'cnt_str' can be declared as pointer to const,/home/yichen/Desktop/Deepseek_Baseline_Code08/F006.c|89|style|constVariablePointer|Variable 'cnt_str' can be declared as pointer to const,/home/yichen/Desktop/Deepseek_Baseline_Results08/logs/F006_cppcheck.log
/home/yichen/Desktop/Deepseek_Baseline_Code08/F006.c,cppcheck,True,success,True,0,12,93,style,constVariablePointer,Variable 'name' can be declared as pointer to const,/home/yichen/Desktop/Deepseek_Baseline_Code08/F006.c|93|style|constVariablePointer|Variable 'name' can be declared as pointer to const,/home/yichen/Desktop/Deepseek_Baseline_Results08/logs/F006_cppcheck.log
/home/yichen/Desktop/Deepseek_Baseline_Code08/F006.c,cppcheck,True,success,True,0,12,96,style,constVariablePointer,Variable 'name' can be declared as pointer to const,/home/yichen/Desktop/Deepseek_Baseline_Code08/F006.c|96|style|constVariablePointer|Variable 'name' can be declared as pointer to const,/home/yichen/Desktop/Deepseek_Baseline_Results08/logs/F006_cppcheck.log
/home/yichen/Desktop/Deepseek_Baseline_Code08/F006.c,cppcheck,True,success,True,0,12,98,style,constVariablePointer,Variable 'i' can be declared as pointer to const,/home/yichen/Desktop/Deepseek_Baseline_Code08/F006.c|98|style|constVariablePointer|Variable 'i' can be declared as pointer to const,/home/yichen/Desktop/Deepseek_Baseline_Results08/logs/F006_cppcheck.log
nofile,cppcheck,True,success,True,0,12,0,information,checkersReport,Active checkers: 113/592 (use --checkers-report=<filename> to see details),nofile|0|information|checkersReport|Active checkers: 113/592 (use --checkers-report=<filename> to see details),/home/yichen/Desktop/Deepseek_Baseline_Results08/logs/F006_cppcheck.log
/home/yichen/Desktop/Deepseek_Baseline_Code08/F007.c,cppcheck,True,success,True,0,12,2,information,missingIncludeSystem,Include file: <stdio.h> not found. Please note: Cppcheck does not need standard library headers to get proper results.,/home/yichen/Desktop/Deepseek_Baseline_Code08/F007.c|2|information|missingIncludeSystem|Include file: <stdio.h> not found. Please note: Cppcheck does not need standard library headers to get proper results.,/home/yichen/Desktop/Deepseek_Baseline_Results08/logs/F007_cppcheck.log
/home/yichen/Desktop/Deepseek_Baseline_Code08/F007.c,cppcheck,True,success,True,0,12,3,information,missingIncludeSystem,Include file: <stdlib.h> not found. Please note: Cppcheck does not need standard library headers to get proper results.,/home/yichen/Desktop/Deepseek_Baseline_Code08/F007.c|3|information|missingIncludeSystem|Include file: <stdlib.h> not found. Please note: Cppcheck does not need standard library headers to get proper results.,/home/yichen/Desktop/Deepseek_Baseline_Results08/logs/F007_cppcheck.log
/home/yichen/Desktop/Deepseek_Baseline_Code08/F007.c,cppcheck,True,success,True,0,12,4,information,missingIncludeSystem,Include file: <string.h> not found. Please note: Cppcheck does not need standard library headers to get proper results.,/home/yichen/Desktop/Deepseek_Baseline_Code08/F007.c|4|information|missingIncludeSystem|Include file: <string.h> not found. Please note: Cppcheck does not need standard library headers to get proper results.,/home/yichen/Desktop/Deepseek_Baseline_Results08/logs/F007_cppcheck.log
/home/yichen/Desktop/Deepseek_Baseline_Code08/F007.c,cppcheck,True,success,True,0,12,48,style,constVariablePointer,Variable 'earliest' can be declared as pointer to const,/home/yichen/Desktop/Deepseek_Baseline_Code08/F007.c|48|style|constVariablePointer|Variable 'earliest' can be declared as pointer to const,/home/yichen/Desktop/Deepseek_Baseline_Results08/logs/F007_cppcheck.log
/home/yichen/Desktop/Deepseek_Baseline_Code08/F007.c,cppcheck,True,success,True,0,12,113,style,constVariablePointer,Variable 'cmd' can be declared as pointer to const,/home/yichen/Desktop/Deepseek_Baseline_Code08/F007.c|113|style|constVariablePointer|Variable 'cmd' can be declared as pointer to const,/home/yichen/Desktop/Deepseek_Baseline_Results08/logs/F007_cppcheck.log
/home/yichen/Desktop/Deepseek_Baseline_Code08/F007.c,cppcheck,True,success,True,0,12,116,style,constVariablePointer,Variable 'time' can be declared as pointer to const,/home/yichen/Desktop/Deepseek_Baseline_Code08/F007.c|116|style|constVariablePointer|Variable 'time' can be declared as pointer to const,/home/yichen/Desktop/Deepseek_Baseline_Results08/logs/F007_cppcheck.log
/home/yichen/Desktop/Deepseek_Baseline_Code08/F007.c,cppcheck,True,success,True,0,12,118,style,constVariablePointer,Variable 'label' can be declared as pointer to const,/home/yichen/Desktop/Deepseek_Baseline_Code08/F007.c|118|style|constVariablePointer|Variable 'label' can be declared as pointer to const,/home/yichen/Desktop/Deepseek_Baseline_Results08/logs/F007_cppcheck.log
/home/yichen/Desktop/Deepseek_Baseline_Code08/F007.c,cppcheck,True,success,True,0,12,120,style,constVariablePointer,Variable 'note' can be declared as pointer to const,/home/yichen/Desktop/Deepseek_Baseline_Code08/F007.c|120|style|constVariablePointer|Variable 'note' can be declared as pointer to const,/home/yichen/Desktop/Deepseek_Baseline_Results08/logs/F007_cppcheck.log
/home/yichen/Desktop/Deepseek_Baseline_Code08/F007.c,cppcheck,True,success,True,0,12,124,style,constVariablePointer,Variable 'time' can be declared as pointer to const,/home/yichen/Desktop/Deepseek_Baseline_Code08/F007.c|124|style|constVariablePointer|Variable 'time' can be declared as pointer to const,/home/yichen/Desktop/Deepseek_Baseline_Results08/logs/F007_cppcheck.log
/home/yichen/Desktop/Deepseek_Baseline_Code08/F007.c,cppcheck,True,success,True,0,12,126,style,constVariablePointer,Variable 'label' can be declared as pointer to const,/home/yichen/Desktop/Deepseek_Baseline_Code08/F007.c|126|style|constVariablePointer|Variable 'label' can be declared as pointer to const,/home/yichen/Desktop/Deepseek_Baseline_Results08/logs/F007_cppcheck.log
/home/yichen/Desktop/Deepseek_Baseline_Code08/F007.c,cppcheck,True,success,True,0,12,130,style,constVariablePointer,Variable 'label' can be declared as pointer to const,/home/yichen/Desktop/Deepseek_Baseline_Code08/F007.c|130|style|constVariablePointer|Variable 'label' can be declared as pointer to const,/home/yichen/Desktop/Deepseek_Baseline_Results08/logs/F007_cppcheck.log
nofile,cppcheck,True,success,True,0,12,0,information,checkersReport,Active checkers: 113/592 (use --checkers-report=<filename> to see details),nofile|0|information|checkersReport|Active checkers: 113/592 (use --checkers-report=<filename> to see details),/home/yichen/Desktop/Deepseek_Baseline_Results08/logs/F007_cppcheck.log
/home/yichen/Desktop/Deepseek_Baseline_Code08/F008.c,cppcheck,True,success,True,0,12,2,information,missingIncludeSystem,Include file: <stdio.h> not found. Please note: Cppcheck does not need standard library headers to get proper results.,/home/yichen/Desktop/Deepseek_Baseline_Code08/F008.c|2|information|missingIncludeSystem|Include file: <stdio.h> not found. Please note: Cppcheck does not need standard library headers to get proper results.,/home/yichen/Desktop/Deepseek_Baseline_Results08/logs/F008_cppcheck.log
/home/yichen/Desktop/Deepseek_Baseline_Code08/F008.c,cppcheck,True,success,True,0,12,3,information,missingIncludeSystem,Include file: <stdlib.h> not found. Please note: Cppcheck does not need standard library headers to get proper results.,/home/yichen/Desktop/Deepseek_Baseline_Code08/F008.c|3|information|missingIncludeSystem|Include file: <stdlib.h> not found. Please note: Cppcheck does not need standard library headers to get proper results.,/home/yichen/Desktop/Deepseek_Baseline_Results08/logs/F008_cppcheck.log
/home/yichen/Desktop/Deepseek_Baseline_Code08/F008.c,cppcheck,True,success,True,0,12,4,information,missingIncludeSystem,Include file: <string.h> not found. Please note: Cppcheck does not need standard library headers to get proper results.,/home/yichen/Desktop/Deepseek_Baseline_Code08/F008.c|4|information|missingIncludeSystem|Include file: <string.h> not found. Please note: Cppcheck does not need standard library headers to get proper results.,/home/yichen/Desktop/Deepseek_Baseline_Results08/logs/F008_cppcheck.log
/home/yichen/Desktop/Deepseek_Baseline_Code08/F008.c,cppcheck,True,success,True,0,12,91,style,constVariablePointer,Variable 'cmd' can be declared as pointer to const,/home/yichen/Desktop/Deepseek_Baseline_Code08/F008.c|91|style|constVariablePointer|Variable 'cmd' can be declared as pointer to const,/home/yichen/Desktop/Deepseek_Baseline_Results08/logs/F008_cppcheck.log
/home/yichen/Desktop/Deepseek_Baseline_Code08/F008.c,cppcheck,True,success,True,0,12,94,style,constVariablePointer,Variable 'name' can be declared as pointer to const,/home/yichen/Desktop/Deepseek_Baseline_Code08/F008.c|94|style|constVariablePointer|Variable 'name' can be declared as pointer to const,/home/yichen/Desktop/Deepseek_Baseline_Results08/logs/F008_cppcheck.log
/home/yichen/Desktop/Deepseek_Baseline_Code08/F008.c,cppcheck,True,success,True,0,12,96,style,constVariablePointer,Variable 'score_str' can be declared as pointer to const,/home/yichen/Desktop/Deepseek_Baseline_Code08/F008.c|96|style|constVariablePointer|Variable 'score_str' can be declared as pointer to const,/home/yichen/Desktop/Deepseek_Baseline_Results08/logs/F008_cppcheck.log
/home/yichen/Desktop/Deepseek_Baseline_Code08/F008.c,cppcheck,True,success,True,0,12,99,style,constVariablePointer,Variable 'note' can be declared as pointer to const,/home/yichen/Desktop/Deepseek_Baseline_Code08/F008.c|99|style|constVariablePointer|Variable 'note' can be declared as pointer to const,/home/yichen/Desktop/Deepseek_Baseline_Results08/logs/F008_cppcheck.log
/home/yichen/Desktop/Deepseek_Baseline_Code08/F008.c,cppcheck,True,success,True,0,12,103,style,constVariablePointer,Variable 'name' can be declared as pointer to const,/home/yichen/Desktop/Deepseek_Baseline_Code08/F008.c|103|style|constVariablePointer|Variable 'name' can be declared as pointer to const,/home/yichen/Desktop/Deepseek_Baseline_Results08/logs/F008_cppcheck.log
/home/yichen/Desktop/Deepseek_Baseline_Code08/F008.c,cppcheck,True,success,True,0,12,105,style,constVariablePointer,Variable 'score_str' can be declared as pointer to const,/home/yichen/Desktop/Deepseek_Baseline_Code08/F008.c|105|style|constVariablePointer|Variable 'score_str' can be declared as pointer to const,/home/yichen/Desktop/Deepseek_Baseline_Results08/logs/F008_cppcheck.log
/home/yichen/Desktop/Deepseek_Baseline_Code08/F008.c,cppcheck,True,success,True,0,12,108,style,constVariablePointer,Variable 'note' can be declared as pointer to const,/home/yichen/Desktop/Deepseek_Baseline_Code08/F008.c|108|style|constVariablePointer|Variable 'note' can be declared as pointer to const,/home/yichen/Desktop/Deepseek_Baseline_Results08/logs/F008_cppcheck.log
/home/yichen/Desktop/Deepseek_Baseline_Code08/F008.c,cppcheck,True,success,True,0,12,112,style,constVariablePointer,Variable 'name' can be declared as pointer to const,/home/yichen/Desktop/Deepseek_Baseline_Code08/F008.c|112|style|constVariablePointer|Variable 'name' can be declared as pointer to const,/home/yichen/Desktop/Deepseek_Baseline_Results08/logs/F008_cppcheck.log
nofile,cppcheck,True,success,True,0,12,0,information,checkersReport,Active checkers: 113/592 (use --checkers-report=<filename> to see details),nofile|0|information|checkersReport|Active checkers: 113/592 (use --checkers-report=<filename> to see details),/home/yichen/Desktop/Deepseek_Baseline_Results08/logs/F008_cppcheck.log
/home/yichen/Desktop/Deepseek_Baseline_Code08/F009.c,cppcheck,True,success,True,0,12,2,information,missingIncludeSystem,Include file: <stdio.h> not found. Please note: Cppcheck does not need standard library headers to get proper results.,/home/yichen/Desktop/Deepseek_Baseline_Code08/F009.c|2|information|missingIncludeSystem|Include file: <stdio.h> not found. Please note: Cppcheck does not need standard library headers to get proper results.,/home/yichen/Desktop/Deepseek_Baseline_Results08/logs/F009_cppcheck.log
/home/yichen/Desktop/Deepseek_Baseline_Code08/F009.c,cppcheck,True,success,True,0,12,3,information,missingIncludeSystem,Include file: <stdlib.h> not found. Please note: Cppcheck does not need standard library headers to get proper results.,/home/yichen/Desktop/Deepseek_Baseline_Code08/F009.c|3|information|missingIncludeSystem|Include file: <stdlib.h> not found. Please note: Cppcheck does not need standard library headers to get proper results.,/home/yichen/Desktop/Deepseek_Baseline_Results08/logs/F009_cppcheck.log
/home/yichen/Desktop/Deepseek_Baseline_Code08/F009.c,cppcheck,True,success,True,0,12,4,information,missingIncludeSystem,Include file: <string.h> not found. Please note: Cppcheck does not need standard library headers to get proper results.,/home/yichen/Desktop/Deepseek_Baseline_Code08/F009.c|4|information|missingIncludeSystem|Include file: <string.h> not found. Please note: Cppcheck does not need standard library headers to get proper results.,/home/yichen/Desktop/Deepseek_Baseline_Results08/logs/F009_cppcheck.log
/home/yichen/Desktop/Deepseek_Baseline_Code08/F009.c,cppcheck,True,success,True,0,12,151,style,constVariablePointer,Variable 'cmd' can be declared as pointer to const,/home/yichen/Desktop/Deepseek_Baseline_Code08/F009.c|151|style|constVariablePointer|Variable 'cmd' can be declared as pointer to const,/home/yichen/Desktop/Deepseek_Baseline_Results08/logs/F009_cppcheck.log
/home/yichen/Desktop/Deepseek_Baseline_Code08/F009.c,cppcheck,True,success,True,0,12,154,style,constVariablePointer,Variable 'group' can be declared as pointer to const,/home/yichen/Desktop/Deepseek_Baseline_Code08/F009.c|154|style|constVariablePointer|Variable 'group' can be declared as pointer to const,/home/yichen/Desktop/Deepseek_Baseline_Results08/logs/F009_cppcheck.log
/home/yichen/Desktop/Deepseek_Baseline_Code08/F009.c,cppcheck,True,success,True,0,12,156,style,constVariablePointer,Variable 'desc' can be declared as pointer to const,/home/yichen/Desktop/Deepseek_Baseline_Code08/F009.c|156|style|constVariablePointer|Variable 'desc' can be declared as pointer to const,/home/yichen/Desktop/Deepseek_Baseline_Results08/logs/F009_cppcheck.log
/home/yichen/Desktop/Deepseek_Baseline_Code08/F009.c,cppcheck,True,success,True,0,12,160,style,constVariablePointer,Variable 'a' can be declared as pointer to const,/home/yichen/Desktop/Deepseek_Baseline_Code08/F009.c|160|style|constVariablePointer|Variable 'a' can be declared as pointer to const,/home/yichen/Desktop/Deepseek_Baseline_Results08/logs/F009_cppcheck.log
/home/yichen/Desktop/Deepseek_Baseline_Code08/F009.c,cppcheck,True,success,True,0,12,162,style,constVariablePointer,Variable 'b' can be declared as pointer to const,/home/yichen/Desktop/Deepseek_Baseline_Code08/F009.c|162|style|constVariablePointer|Variable 'b' can be declared as pointer to const,/home/yichen/Desktop/Deepseek_Baseline_Results08/logs/F009_cppcheck.log
/home/yichen/Desktop/Deepseek_Baseline_Code08/F009.c,cppcheck,True,success,True,0,12,164,style,constVariablePointer,Variable 'newg' can be declared as pointer to const,/home/yichen/Desktop/Deepseek_Baseline_Code08/F009.c|164|style|constVariablePointer|Variable 'newg' can be declared as pointer to const,/home/yichen/Desktop/Deepseek_Baseline_Results08/logs/F009_cppcheck.log
/home/yichen/Desktop/Deepseek_Baseline_Code08/F009.c,cppcheck,True,success,True,0,12,168,style,constVariablePointer,Variable 'group' can be declared as pointer to const,/home/yichen/Desktop/Deepseek_Baseline_Code08/F009.c|168|style|constVariablePointer|Variable 'group' can be declared as pointer to const,/home/yichen/Desktop/Deepseek_Baseline_Results08/logs/F009_cppcheck.log
/home/yichen/Desktop/Deepseek_Baseline_Code08/F009.c,cppcheck,True,success,True,0,12,171,style,constVariablePointer,Variable 'group' can be declared as pointer to const,/home/yichen/Desktop/Deepseek_Baseline_Code08/F009.c|171|style|constVariablePointer|Variable 'group' can be declared as pointer to const,/home/yichen/Desktop/Deepseek_Baseline_Results08/logs/F009_cppcheck.log
nofile,cppcheck,True,success,True,0,12,0,information,checkersReport,Active checkers: 113/592 (use --checkers-report=<filename> to see details),nofile|0|information|checkersReport|Active checkers: 113/592 (use --checkers-report=<filename> to see details),/home/yichen/Desktop/Deepseek_Baseline_Results08/logs/F009_cppcheck.log
/home/yichen/Desktop/Deepseek_Baseline_Code08/F010.c,cppcheck,True,success,True,0,11,2,information,missingIncludeSystem,Include file: <stdio.h> not found. Please note: Cppcheck does not need standard library headers to get proper results.,/home/yichen/Desktop/Deepseek_Baseline_Code08/F010.c|2|information|missingIncludeSystem|Include file: <stdio.h> not found. Please note: Cppcheck does not need standard library headers to get proper results.,/home/yichen/Desktop/Deepseek_Baseline_Results08/logs/F010_cppcheck.log
/home/yichen/Desktop/Deepseek_Baseline_Code08/F010.c,cppcheck,True,success,True,0,11,3,information,missingIncludeSystem,Include file: <stdlib.h> not found. Please note: Cppcheck does not need standard library headers to get proper results.,/home/yichen/Desktop/Deepseek_Baseline_Code08/F010.c|3|information|missingIncludeSystem|Include file: <stdlib.h> not found. Please note: Cppcheck does not need standard library headers to get proper results.,/home/yichen/Desktop/Deepseek_Baseline_Results08/logs/F010_cppcheck.log
/home/yichen/Desktop/Deepseek_Baseline_Code08/F010.c,cppcheck,True,success,True,0,11,4,information,missingIncludeSystem,Include file: <string.h> not found. Please note: Cppcheck does not need standard library headers to get proper results.,/home/yichen/Desktop/Deepseek_Baseline_Code08/F010.c|4|information|missingIncludeSystem|Include file: <string.h> not found. Please note: Cppcheck does not need standard library headers to get proper results.,/home/yichen/Desktop/Deepseek_Baseline_Results08/logs/F010_cppcheck.log
/home/yichen/Desktop/Deepseek_Baseline_Code08/F010.c,cppcheck,True,success,True,0,11,132,style,constVariablePointer,Variable 'cmd' can be declared as pointer to const,/home/yichen/Desktop/Deepseek_Baseline_Code08/F010.c|132|style|constVariablePointer|Variable 'cmd' can be declared as pointer to const,/home/yichen/Desktop/Deepseek_Baseline_Results08/logs/F010_cppcheck.log
/home/yichen/Desktop/Deepseek_Baseline_Code08/F010.c,cppcheck,True,success,True,0,11,135,style,constVariablePointer,Variable 'key' can be declared as pointer to const,/home/yichen/Desktop/Deepseek_Baseline_Code08/F010.c|135|style|constVariablePointer|Variable 'key' can be declared as pointer to const,/home/yichen/Desktop/Deepseek_Baseline_Results08/logs/F010_cppcheck.log
/home/yichen/Desktop/Deepseek_Baseline_Code08/F010.c,cppcheck,True,success,True,0,11,137,style,constVariablePointer,Variable 'val' can be declared as pointer to const,/home/yichen/Desktop/Deepseek_Baseline_Code08/F010.c|137|style|constVariablePointer|Variable 'val' can be declared as pointer to const,/home/yichen/Desktop/Deepseek_Baseline_Results08/logs/F010_cppcheck.log
/home/yichen/Desktop/Deepseek_Baseline_Code08/F010.c,cppcheck,True,success,True,0,11,141,style,constVariablePointer,Variable 'key' can be declared as pointer to const,/home/yichen/Desktop/Deepseek_Baseline_Code08/F010.c|141|style|constVariablePointer|Variable 'key' can be declared as pointer to const,/home/yichen/Desktop/Deepseek_Baseline_Results08/logs/F010_cppcheck.log
/home/yichen/Desktop/Deepseek_Baseline_Code08/F010.c,cppcheck,True,success,True,0,11,143,style,constVariablePointer,Variable 'val' can be declared as pointer to const,/home/yichen/Desktop/Deepseek_Baseline_Code08/F010.c|143|style|constVariablePointer|Variable 'val' can be declared as pointer to const,/home/yichen/Desktop/Deepseek_Baseline_Results08/logs/F010_cppcheck.log
/home/yichen/Desktop/Deepseek_Baseline_Code08/F010.c,cppcheck,True,success,True,0,11,147,style,constVariablePointer,Variable 'key' can be declared as pointer to const,/home/yichen/Desktop/Deepseek_Baseline_Code08/F010.c|147|style|constVariablePointer|Variable 'key' can be declared as pointer to const,/home/yichen/Desktop/Deepseek_Baseline_Results08/logs/F010_cppcheck.log
/home/yichen/Desktop/Deepseek_Baseline_Code08/F010.c,cppcheck,True,success,True,0,11,150,style,constVariablePointer,Variable 'key' can be declared as pointer to const,/home/yichen/Desktop/Deepseek_Baseline_Code08/F010.c|150|style|constVariablePointer|Variable 'key' can be declared as pointer to const,/home/yichen/Desktop/Deepseek_Baseline_Results08/logs/F010_cppcheck.log
nofile,cppcheck,True,success,True,0,11,0,information,checkersReport,Active checkers: 113/592 (use --checkers-report=<filename> to see details),nofile|0|information|checkersReport|Active checkers: 113/592 (use --checkers-report=<filename> to see details),/home/yichen/Desktop/Deepseek_Baseline_Results08/logs/F010_cppcheck.log
/home/yichen/Desktop/Deepseek_Baseline_Code08/F011.c,cppcheck,True,success,True,0,12,2,information,missingIncludeSystem,Include file: <stdio.h> not found. Please note: Cppcheck does not need standard library headers to get proper results.,/home/yichen/Desktop/Deepseek_Baseline_Code08/F011.c|2|information|missingIncludeSystem|Include file: <stdio.h> not found. Please note: Cppcheck does not need standard library headers to get proper results.,/home/yichen/Desktop/Deepseek_Baseline_Results08/logs/F011_cppcheck.log
/home/yichen/Desktop/Deepseek_Baseline_Code08/F011.c,cppcheck,True,success,True,0,12,3,information,missingIncludeSystem,Include file: <stdlib.h> not found. Please note: Cppcheck does not need standard library headers to get proper results.,/home/yichen/Desktop/Deepseek_Baseline_Code08/F011.c|3|information|missingIncludeSystem|Include file: <stdlib.h> not found. Please note: Cppcheck does not need standard library headers to get proper results.,/home/yichen/Desktop/Deepseek_Baseline_Results08/logs/F011_cppcheck.log
/home/yichen/Desktop/Deepseek_Baseline_Code08/F011.c,cppcheck,True,success,True,0,12,4,information,missingIncludeSystem,Include file: <string.h> not found. Please note: Cppcheck does not need standard library headers to get proper results.,/home/yichen/Desktop/Deepseek_Baseline_Code08/F011.c|4|information|missingIncludeSystem|Include file: <string.h> not found. Please note: Cppcheck does not need standard library headers to get proper results.,/home/yichen/Desktop/Deepseek_Baseline_Results08/logs/F011_cppcheck.log
/home/yichen/Desktop/Deepseek_Baseline_Code08/F011.c,cppcheck,True,success,True,0,12,93,style,constVariablePointer,Variable 'd' can be declared as pointer to const,/home/yichen/Desktop/Deepseek_Baseline_Code08/F011.c|93|style|constVariablePointer|Variable 'd' can be declared as pointer to const,/home/yichen/Desktop/Deepseek_Baseline_Results08/logs/F011_cppcheck.log
/home/yichen/Desktop/Deepseek_Baseline_Code08/F011.c,cppcheck,True,success,True,0,12,127,style,constVariablePointer,Variable 'cmd' can be declared as pointer to const,/home/yichen/Desktop/Deepseek_Baseline_Code08/F011.c|127|style|constVariablePointer|Variable 'cmd' can be declared as pointer to const,/home/yichen/Desktop/Deepseek_Baseline_Results08/logs/F011_cppcheck.log
/home/yichen/Desktop/Deepseek_Baseline_Code08/F011.c,cppcheck,True,success,True,0,12,130,style,constVariablePointer,Variable 'title' can be declared as pointer to const,/home/yichen/Desktop/Deepseek_Baseline_Code08/F011.c|130|style|constVariablePointer|Variable 'title' can be declared as pointer to const,/home/yichen/Desktop/Deepseek_Baseline_Results08/logs/F011_cppcheck.log
/home/yichen/Desktop/Deepseek_Baseline_Code08/F011.c,cppcheck,True,success,True,0,12,132,style,constVariablePointer,Variable 'body' can be declared as pointer to const,/home/yichen/Desktop/Deepseek_Baseline_Code08/F011.c|132|style|constVariablePointer|Variable 'body' can be declared as pointer to const,/home/yichen/Desktop/Deepseek_Baseline_Results08/logs/F011_cppcheck.log
/home/yichen/Desktop/Deepseek_Baseline_Code08/F011.c,cppcheck,True,success,True,0,12,136,style,constVariablePointer,Variable 'title' can be declared as pointer to const,/home/yichen/Desktop/Deepseek_Baseline_Code08/F011.c|136|style|constVariablePointer|Variable 'title' can be declared as pointer to const,/home/yichen/Desktop/Deepseek_Baseline_Results08/logs/F011_cppcheck.log
/home/yichen/Desktop/Deepseek_Baseline_Code08/F011.c,cppcheck,True,success,True,0,12,138,style,constVariablePointer,Variable 'body' can be declared as pointer to const,/home/yichen/Desktop/Deepseek_Baseline_Code08/F011.c|138|style|constVariablePointer|Variable 'body' can be declared as pointer to const,/home/yichen/Desktop/Deepseek_Baseline_Results08/logs/F011_cppcheck.log
/home/yichen/Desktop/Deepseek_Baseline_Code08/F011.c,cppcheck,True,success,True,0,12,142,style,constVariablePointer,Variable 'title' can be declared as pointer to const,/home/yichen/Desktop/Deepseek_Baseline_Code08/F011.c|142|style|constVariablePointer|Variable 'title' can be declared as pointer to const,/home/yichen/Desktop/Deepseek_Baseline_Results08/logs/F011_cppcheck.log
/home/yichen/Desktop/Deepseek_Baseline_Code08/F011.c,cppcheck,True,success,True,0,12,147,style,constVariablePointer,Variable 'title' can be declared as pointer to const,/home/yichen/Desktop/Deepseek_Baseline_Code08/F011.c|147|style|constVariablePointer|Variable 'title' can be declared as pointer to const,/home/yichen/Desktop/Deepseek_Baseline_Results08/logs/F011_cppcheck.log
nofile,cppcheck,True,success,True,0,12,0,information,checkersReport,Active checkers: 113/592 (use --checkers-report=<filename> to see details),nofile|0|information|checkersReport|Active checkers: 113/592 (use --checkers-report=<filename> to see details),/home/yichen/Desktop/Deepseek_Baseline_Results08/logs/F011_cppcheck.log
/home/yichen/Desktop/Deepseek_Baseline_Code08/F012.c,cppcheck,True,success,True,0,12,2,information,missingIncludeSystem,Include file: <stdio.h> not found. Please note: Cppcheck does not need standard library headers to get proper results.,/home/yichen/Desktop/Deepseek_Baseline_Code08/F012.c|2|information|missingIncludeSystem|Include file: <stdio.h> not found. Please note: Cppcheck does not need standard library headers to get proper results.,/home/yichen/Desktop/Deepseek_Baseline_Results08/logs/F012_cppcheck.log
/home/yichen/Desktop/Deepseek_Baseline_Code08/F012.c,cppcheck,True,success,True,0,12,3,information,missingIncludeSystem,Include file: <stdlib.h> not found. Please note: Cppcheck does not need standard library headers to get proper results.,/home/yichen/Desktop/Deepseek_Baseline_Code08/F012.c|3|information|missingIncludeSystem|Include file: <stdlib.h> not found. Please note: Cppcheck does not need standard library headers to get proper results.,/home/yichen/Desktop/Deepseek_Baseline_Results08/logs/F012_cppcheck.log
/home/yichen/Desktop/Deepseek_Baseline_Code08/F012.c,cppcheck,True,success,True,0,12,4,information,missingIncludeSystem,Include file: <string.h> not found. Please note: Cppcheck does not need standard library headers to get proper results.,/home/yichen/Desktop/Deepseek_Baseline_Code08/F012.c|4|information|missingIncludeSystem|Include file: <string.h> not found. Please note: Cppcheck does not need standard library headers to get proper results.,/home/yichen/Desktop/Deepseek_Baseline_Results08/logs/F012_cppcheck.log
/home/yichen/Desktop/Deepseek_Baseline_Code08/F012.c,cppcheck,True,success,True,0,12,71,style,constVariablePointer,Variable 'p' can be declared as pointer to const,/home/yichen/Desktop/Deepseek_Baseline_Code08/F012.c|71|style|constVariablePointer|Variable 'p' can be declared as pointer to const,/home/yichen/Desktop/Deepseek_Baseline_Results08/logs/F012_cppcheck.log
/home/yichen/Desktop/Deepseek_Baseline_Code08/F012.c,cppcheck,True,success,True,0,12,99,style,constVariablePointer,Variable 'cmd' can be declared as pointer to const,/home/yichen/Desktop/Deepseek_Baseline_Code08/F012.c|99|style|constVariablePointer|Variable 'cmd' can be declared as pointer to const,/home/yichen/Desktop/Deepseek_Baseline_Results08/logs/F012_cppcheck.log
/home/yichen/Desktop/Deepseek_Baseline_Code08/F012.c,cppcheck,True,success,True,0,12,102,style,constVariablePointer,Variable 'name' can be declared as pointer to const,/home/yichen/Desktop/Deepseek_Baseline_Code08/F012.c|102|style|constVariablePointer|Variable 'name' can be declared as pointer to const,/home/yichen/Desktop/Deepseek_Baseline_Results08/logs/F012_cppcheck.log
/home/yichen/Desktop/Deepseek_Baseline_Code08/F012.c,cppcheck,True,success,True,0,12,104,style,constVariablePointer,Variable 'note' can be declared as pointer to const,/home/yichen/Desktop/Deepseek_Baseline_Code08/F012.c|104|style|constVariablePointer|Variable 'note' can be declared as pointer to const,/home/yichen/Desktop/Deepseek_Baseline_Results08/logs/F012_cppcheck.log
/home/yichen/Desktop/Deepseek_Baseline_Code08/F012.c,cppcheck,True,success,True,0,12,110,style,constVariablePointer,Variable 'name' can be declared as pointer to const,/home/yichen/Desktop/Deepseek_Baseline_Code08/F012.c|110|style|constVariablePointer|Variable 'name' can be declared as pointer to const,/home/yichen/Desktop/Deepseek_Baseline_Results08/logs/F012_cppcheck.log
/home/yichen/Desktop/Deepseek_Baseline_Code08/F012.c,cppcheck,True,success,True,0,12,113,style,constVariablePointer,Variable 'name' can be declared as pointer to const,/home/yichen/Desktop/Deepseek_Baseline_Code08/F012.c|113|style|constVariablePointer|Variable 'name' can be declared as pointer to const,/home/yichen/Desktop/Deepseek_Baseline_Results08/logs/F012_cppcheck.log
/home/yichen/Desktop/Deepseek_Baseline_Code08/F012.c,cppcheck,True,success,True,0,12,115,style,constVariablePointer,Variable 'note' can be declared as pointer to const,/home/yichen/Desktop/Deepseek_Baseline_Code08/F012.c|115|style|constVariablePointer|Variable 'note' can be declared as pointer to const,/home/yichen/Desktop/Deepseek_Baseline_Results08/logs/F012_cppcheck.log
/home/yichen/Desktop/Deepseek_Baseline_Code08/F012.c,cppcheck,True,success,True,0,12,119,style,constVariablePointer,Variable 'name' can be declared as pointer to const,/home/yichen/Desktop/Deepseek_Baseline_Code08/F012.c|119|style|constVariablePointer|Variable 'name' can be declared as pointer to const,/home/yichen/Desktop/Deepseek_Baseline_Results08/logs/F012_cppcheck.log
nofile,cppcheck,True,success,True,0,12,0,information,checkersReport,Active checkers: 113/592 (use --checkers-report=<filename> to see details),nofile|0|information|checkersReport|Active checkers: 113/592 (use --checkers-report=<filename> to see details),/home/yichen/Desktop/Deepseek_Baseline_Results08/logs/F012_cppcheck.log
/home/yichen/Desktop/Deepseek_Baseline_Code08/F013.c,cppcheck,True,success,True,0,12,2,information,missingIncludeSystem,Include file: <stdio.h> not found. Please note: Cppcheck does not need standard library headers to get proper results.,/home/yichen/Desktop/Deepseek_Baseline_Code08/F013.c|2|information|missingIncludeSystem|Include file: <stdio.h> not found. Please note: Cppcheck does not need standard library headers to get proper results.,/home/yichen/Desktop/Deepseek_Baseline_Results08/logs/F013_cppcheck.log
/home/yichen/Desktop/Deepseek_Baseline_Code08/F013.c,cppcheck,True,success,True,0,12,3,information,missingIncludeSystem,Include file: <stdlib.h> not found. Please note: Cppcheck does not need standard library headers to get proper results.,/home/yichen/Desktop/Deepseek_Baseline_Code08/F013.c|3|information|missingIncludeSystem|Include file: <stdlib.h> not found. Please note: Cppcheck does not need standard library headers to get proper results.,/home/yichen/Desktop/Deepseek_Baseline_Results08/logs/F013_cppcheck.log
/home/yichen/Desktop/Deepseek_Baseline_Code08/F013.c,cppcheck,True,success,True,0,12,4,information,missingIncludeSystem,Include file: <string.h> not found. Please note: Cppcheck does not need standard library headers to get proper results.,/home/yichen/Desktop/Deepseek_Baseline_Code08/F013.c|4|information|missingIncludeSystem|Include file: <string.h> not found. Please note: Cppcheck does not need standard library headers to get proper results.,/home/yichen/Desktop/Deepseek_Baseline_Results08/logs/F013_cppcheck.log
/home/yichen/Desktop/Deepseek_Baseline_Code08/F013.c,cppcheck,True,success,True,0,12,80,style,constVariablePointer,Variable 't' can be declared as pointer to const,/home/yichen/Desktop/Deepseek_Baseline_Code08/F013.c|80|style|constVariablePointer|Variable 't' can be declared as pointer to const,/home/yichen/Desktop/Deepseek_Baseline_Results08/logs/F013_cppcheck.log
/home/yichen/Desktop/Deepseek_Baseline_Code08/F013.c,cppcheck,True,success,True,0,12,118,style,constVariablePointer,Variable 'cmd' can be declared as pointer to const,/home/yichen/Desktop/Deepseek_Baseline_Code08/F013.c|118|style|constVariablePointer|Variable 'cmd' can be declared as pointer to const,/home/yichen/Desktop/Deepseek_Baseline_Results08/logs/F013_cppcheck.log
/home/yichen/Desktop/Deepseek_Baseline_Code08/F013.c,cppcheck,True,success,True,0,12,121,style,constVariablePointer,Variable 'title' can be declared as pointer to const,/home/yichen/Desktop/Deepseek_Baseline_Code08/F013.c|121|style|constVariablePointer|Variable 'title' can be declared as pointer to const,/home/yichen/Desktop/Deepseek_Baseline_Results08/logs/F013_cppcheck.log
/home/yichen/Desktop/Deepseek_Baseline_Code08/F013.c,cppcheck,True,success,True,0,12,123,style,constVariablePointer,Variable 'note' can be declared as pointer to const,/home/yichen/Desktop/Deepseek_Baseline_Code08/F013.c|123|style|constVariablePointer|Variable 'note' can be declared as pointer to const,/home/yichen/Desktop/Deepseek_Baseline_Results08/logs/F013_cppcheck.log
/home/yichen/Desktop/Deepseek_Baseline_Code08/F013.c,cppcheck,True,success,True,0,12,127,style,constVariablePointer,Variable 'title' can be declared as pointer to const,/home/yichen/Desktop/Deepseek_Baseline_Code08/F013.c|127|style|constVariablePointer|Variable 'title' can be declared as pointer to const,/home/yichen/Desktop/Deepseek_Baseline_Results08/logs/F013_cppcheck.log
/home/yichen/Desktop/Deepseek_Baseline_Code08/F013.c,cppcheck,True,success,True,0,12,130,style,constVariablePointer,Variable 'title' can be declared as pointer to const,/home/yichen/Desktop/Deepseek_Baseline_Code08/F013.c|130|style|constVariablePointer|Variable 'title' can be declared as pointer to const,/home/yichen/Desktop/Deepseek_Baseline_Results08/logs/F013_cppcheck.log
/home/yichen/Desktop/Deepseek_Baseline_Code08/F013.c,cppcheck,True,success,True,0,12,133,style,constVariablePointer,Variable 'title' can be declared as pointer to const,/home/yichen/Desktop/Deepseek_Baseline_Code08/F013.c|133|style|constVariablePointer|Variable 'title' can be declared as pointer to const,/home/yichen/Desktop/Deepseek_Baseline_Results08/logs/F013_cppcheck.log
/home/yichen/Desktop/Deepseek_Baseline_Code08/F013.c,cppcheck,True,success,True,0,12,136,style,constVariablePointer,Variable 'title' can be declared as pointer to const,/home/yichen/Desktop/Deepseek_Baseline_Code08/F013.c|136|style|constVariablePointer|Variable 'title' can be declared as pointer to const,/home/yichen/Desktop/Deepseek_Baseline_Results08/logs/F013_cppcheck.log
nofile,cppcheck,True,success,True,0,12,0,information,checkersReport,Active checkers: 113/592 (use --checkers-report=<filename> to see details),nofile|0|information|checkersReport|Active checkers: 113/592 (use --checkers-report=<filename> to see details),/home/yichen/Desktop/Deepseek_Baseline_Results08/logs/F013_cppcheck.log
/home/yichen/Desktop/Deepseek_Baseline_Code08/F014.c,cppcheck,True,success,True,0,13,2,information,missingIncludeSystem,Include file: <stdio.h> not found. Please note: Cppcheck does not need standard library headers to get proper results.,/home/yichen/Desktop/Deepseek_Baseline_Code08/F014.c|2|information|missingIncludeSystem|Include file: <stdio.h> not found. Please note: Cppcheck does not need standard library headers to get proper results.,/home/yichen/Desktop/Deepseek_Baseline_Results08/logs/F014_cppcheck.log
/home/yichen/Desktop/Deepseek_Baseline_Code08/F014.c,cppcheck,True,success,True,0,13,3,information,missingIncludeSystem,Include file: <stdlib.h> not found. Please note: Cppcheck does not need standard library headers to get proper results.,/home/yichen/Desktop/Deepseek_Baseline_Code08/F014.c|3|information|missingIncludeSystem|Include file: <stdlib.h> not found. Please note: Cppcheck does not need standard library headers to get proper results.,/home/yichen/Desktop/Deepseek_Baseline_Results08/logs/F014_cppcheck.log
/home/yichen/Desktop/Deepseek_Baseline_Code08/F014.c,cppcheck,True,success,True,0,13,4,information,missingIncludeSystem,Include file: <string.h> not found. Please note: Cppcheck does not need standard library headers to get proper results.,/home/yichen/Desktop/Deepseek_Baseline_Code08/F014.c|4|information|missingIncludeSystem|Include file: <string.h> not found. Please note: Cppcheck does not need standard library headers to get proper results.,/home/yichen/Desktop/Deepseek_Baseline_Results08/logs/F014_cppcheck.log
/home/yichen/Desktop/Deepseek_Baseline_Code08/F014.c,cppcheck,True,success,True,0,13,152,style,constVariablePointer,Variable 'cmd' can be declared as pointer to const,/home/yichen/Desktop/Deepseek_Baseline_Code08/F014.c|152|style|constVariablePointer|Variable 'cmd' can be declared as pointer to const,/home/yichen/Desktop/Deepseek_Baseline_Results08/logs/F014_cppcheck.log
/home/yichen/Desktop/Deepseek_Baseline_Code08/F014.c,cppcheck,True,success,True,0,13,155,style,constVariablePointer,Variable 'name' can be declared as pointer to const,/home/yichen/Desktop/Deepseek_Baseline_Code08/F014.c|155|style|constVariablePointer|Variable 'name' can be declared as pointer to const,/home/yichen/Desktop/Deepseek_Baseline_Results08/logs/F014_cppcheck.log
/home/yichen/Desktop/Deepseek_Baseline_Code08/F014.c,cppcheck,True,success,True,0,13,157,style,constVariablePointer,Variable 'note' can be declared as pointer to const,/home/yichen/Desktop/Deepseek_Baseline_Code08/F014.c|157|style|constVariablePointer|Variable 'note' can be declared as pointer to const,/home/yichen/Desktop/Deepseek_Baseline_Results08/logs/F014_cppcheck.log
/home/yichen/Desktop/Deepseek_Baseline_Code08/F014.c,cppcheck,True,success,True,0,13,161,style,constVariablePointer,Variable 'name' can be declared as pointer to const,/home/yichen/Desktop/Deepseek_Baseline_Code08/F014.c|161|style|constVariablePointer|Variable 'name' can be declared as pointer to const,/home/yichen/Desktop/Deepseek_Baseline_Results08/logs/F014_cppcheck.log
/home/yichen/Desktop/Deepseek_Baseline_Code08/F014.c,cppcheck,True,success,True,0,13,163,style,constVariablePointer,Variable 'label' can be declared as pointer to const,/home/yichen/Desktop/Deepseek_Baseline_Code08/F014.c|163|style|constVariablePointer|Variable 'label' can be declared as pointer to const,/home/yichen/Desktop/Deepseek_Baseline_Results08/logs/F014_cppcheck.log
/home/yichen/Desktop/Deepseek_Baseline_Code08/F014.c,cppcheck,True,success,True,0,13,167,style,constVariablePointer,Variable 'name' can be declared as pointer to const,/home/yichen/Desktop/Deepseek_Baseline_Code08/F014.c|167|style|constVariablePointer|Variable 'name' can be declared as pointer to const,/home/yichen/Desktop/Deepseek_Baseline_Results08/logs/F014_cppcheck.log
/home/yichen/Desktop/Deepseek_Baseline_Code08/F014.c,cppcheck,True,success,True,0,13,169,style,constVariablePointer,Variable 'label' can be declared as pointer to const,/home/yichen/Desktop/Deepseek_Baseline_Code08/F014.c|169|style|constVariablePointer|Variable 'label' can be declared as pointer to const,/home/yichen/Desktop/Deepseek_Baseline_Results08/logs/F014_cppcheck.log
/home/yichen/Desktop/Deepseek_Baseline_Code08/F014.c,cppcheck,True,success,True,0,13,173,style,constVariablePointer,Variable 'name' can be declared as pointer to const,/home/yichen/Desktop/Deepseek_Baseline_Code08/F014.c|173|style|constVariablePointer|Variable 'name' can be declared as pointer to const,/home/yichen/Desktop/Deepseek_Baseline_Results08/logs/F014_cppcheck.log
/home/yichen/Desktop/Deepseek_Baseline_Code08/F014.c,cppcheck,True,success,True,0,13,176,style,constVariablePointer,Variable 'name' can be declared as pointer to const,/home/yichen/Desktop/Deepseek_Baseline_Code08/F014.c|176|style|constVariablePointer|Variable 'name' can be declared as pointer to const,/home/yichen/Desktop/Deepseek_Baseline_Results08/logs/F014_cppcheck.log
nofile,cppcheck,True,success,True,0,13,0,information,checkersReport,Active checkers: 113/592 (use --checkers-report=<filename> to see details),nofile|0|information|checkersReport|Active checkers: 113/592 (use --checkers-report=<filename> to see details),/home/yichen/Desktop/Deepseek_Baseline_Results08/logs/F014_cppcheck.log
/home/yichen/Desktop/Deepseek_Baseline_Code08/F015.c,cppcheck,True,success,True,0,15,2,information,missingIncludeSystem,Include file: <stdio.h> not found. Please note: Cppcheck does not need standard library headers to get proper results.,/home/yichen/Desktop/Deepseek_Baseline_Code08/F015.c|2|information|missingIncludeSystem|Include file: <stdio.h> not found. Please note: Cppcheck does not need standard library headers to get proper results.,/home/yichen/Desktop/Deepseek_Baseline_Results08/logs/F015_cppcheck.log
/home/yichen/Desktop/Deepseek_Baseline_Code08/F015.c,cppcheck,True,success,True,0,15,3,information,missingIncludeSystem,Include file: <stdlib.h> not found. Please note: Cppcheck does not need standard library headers to get proper results.,/home/yichen/Desktop/Deepseek_Baseline_Code08/F015.c|3|information|missingIncludeSystem|Include file: <stdlib.h> not found. Please note: Cppcheck does not need standard library headers to get proper results.,/home/yichen/Desktop/Deepseek_Baseline_Results08/logs/F015_cppcheck.log
/home/yichen/Desktop/Deepseek_Baseline_Code08/F015.c,cppcheck,True,success,True,0,15,4,information,missingIncludeSystem,Include file: <string.h> not found. Please note: Cppcheck does not need standard library headers to get proper results.,/home/yichen/Desktop/Deepseek_Baseline_Code08/F015.c|4|information|missingIncludeSystem|Include file: <string.h> not found. Please note: Cppcheck does not need standard library headers to get proper results.,/home/yichen/Desktop/Deepseek_Baseline_Results08/logs/F015_cppcheck.log
/home/yichen/Desktop/Deepseek_Baseline_Code08/F015.c,cppcheck,True,success,True,0,15,95,style,constVariablePointer,Variable 'c' can be declared as pointer to const,/home/yichen/Desktop/Deepseek_Baseline_Code08/F015.c|95|style|constVariablePointer|Variable 'c' can be declared as pointer to const,/home/yichen/Desktop/Deepseek_Baseline_Results08/logs/F015_cppcheck.log
/home/yichen/Desktop/Deepseek_Baseline_Code08/F015.c,cppcheck,True,success,True,0,15,126,style,constVariablePointer,Variable 'cmd' can be declared as pointer to const,/home/yichen/Desktop/Deepseek_Baseline_Code08/F015.c|126|style|constVariablePointer|Variable 'cmd' can be declared as pointer to const,/home/yichen/Desktop/Deepseek_Baseline_Results08/logs/F015_cppcheck.log
/home/yichen/Desktop/Deepseek_Baseline_Code08/F015.c,cppcheck,True,success,True,0,15,129,style,constVariablePointer,Variable 'name' can be declared as pointer to const,/home/yichen/Desktop/Deepseek_Baseline_Code08/F015.c|129|style|constVariablePointer|Variable 'name' can be declared as pointer to const,/home/yichen/Desktop/Deepseek_Baseline_Results08/logs/F015_cppcheck.log
/home/yichen/Desktop/Deepseek_Baseline_Code08/F015.c,cppcheck,True,success,True,0,15,131,style,constVariablePointer,Variable 'email' can be declared as pointer to const,/home/yichen/Desktop/Deepseek_Baseline_Code08/F015.c|131|style|constVariablePointer|Variable 'email' can be declared as pointer to const,/home/yichen/Desktop/Deepseek_Baseline_Results08/logs/F015_cppcheck.log
/home/yichen/Desktop/Deepseek_Baseline_Code08/F015.c,cppcheck,True,success,True,0,15,133,style,constVariablePointer,Variable 'phone' can be declared as pointer to const,/home/yichen/Desktop/Deepseek_Baseline_Code08/F015.c|133|style|constVariablePointer|Variable 'phone' can be declared as pointer to const,/home/yichen/Desktop/Deepseek_Baseline_Results08/logs/F015_cppcheck.log
/home/yichen/Desktop/Deepseek_Baseline_Code08/F015.c,cppcheck,True,success,True,0,15,137,style,constVariablePointer,Variable 'name' can be declared as pointer to const,/home/yichen/Desktop/Deepseek_Baseline_Code08/F015.c|137|style|constVariablePointer|Variable 'name' can be declared as pointer to const,/home/yichen/Desktop/Deepseek_Baseline_Results08/logs/F015_cppcheck.log
/home/yichen/Desktop/Deepseek_Baseline_Code08/F015.c,cppcheck,True,success,True,0,15,139,style,constVariablePointer,Variable 'note' can be declared as pointer to const,/home/yichen/Desktop/Deepseek_Baseline_Code08/F015.c|139|style|constVariablePointer|Variable 'note' can be declared as pointer to const,/home/yichen/Desktop/Deepseek_Baseline_Results08/logs/F015_cppcheck.log
/home/yichen/Desktop/Deepseek_Baseline_Code08/F015.c,cppcheck,True,success,True,0,15,143,style,constVariablePointer,Variable 'keep' can be declared as pointer to const,/home/yichen/Desktop/Deepseek_Baseline_Code08/F015.c|143|style|constVariablePointer|Variable 'keep' can be declared as pointer to const,/home/yichen/Desktop/Deepseek_Baseline_Results08/logs/F015_cppcheck.log
/home/yichen/Desktop/Deepseek_Baseline_Code08/F015.c,cppcheck,True,success,True,0,15,145,style,constVariablePointer,Variable 'remove' can be declared as pointer to const,/home/yichen/Desktop/Deepseek_Baseline_Code08/F015.c|145|style|constVariablePointer|Variable 'remove' can be declared as pointer to const,/home/yichen/Desktop/Deepseek_Baseline_Results08/logs/F015_cppcheck.log
/home/yichen/Desktop/Deepseek_Baseline_Code08/F015.c,cppcheck,True,success,True,0,15,149,style,constVariablePointer,Variable 'name' can be declared as pointer to const,/home/yichen/Desktop/Deepseek_Baseline_Code08/F015.c|149|style|constVariablePointer|Variable 'name' can be declared as pointer to const,/home/yichen/Desktop/Deepseek_Baseline_Results08/logs/F015_cppcheck.log
/home/yichen/Desktop/Deepseek_Baseline_Code08/F015.c,cppcheck,True,success,True,0,15,152,style,constVariablePointer,Variable 'name' can be declared as pointer to const,/home/yichen/Desktop/Deepseek_Baseline_Code08/F015.c|152|style|constVariablePointer|Variable 'name' can be declared as pointer to const,/home/yichen/Desktop/Deepseek_Baseline_Results08/logs/F015_cppcheck.log
nofile,cppcheck,True,success,True,0,15,0,information,checkersReport,Active checkers: 113/592 (use --checkers-report=<filename> to see details),nofile|0|information|checkersReport|Active checkers: 113/592 (use --checkers-report=<filename> to see details),/home/yichen/Desktop/Deepseek_Baseline_Results08/logs/F015_cppcheck.log
/home/yichen/Desktop/Deepseek_Baseline_Code08/F016.c,cppcheck,True,success,True,0,14,2,information,missingIncludeSystem,Include file: <stdio.h> not found. Please note: Cppcheck does not need standard library headers to get proper results.,/home/yichen/Desktop/Deepseek_Baseline_Code08/F016.c|2|information|missingIncludeSystem|Include file: <stdio.h> not found. Please note: Cppcheck does not need standard library headers to get proper results.,/home/yichen/Desktop/Deepseek_Baseline_Results08/logs/F016_cppcheck.log
/home/yichen/Desktop/Deepseek_Baseline_Code08/F016.c,cppcheck,True,success,True,0,14,3,information,missingIncludeSystem,Include file: <stdlib.h> not found. Please note: Cppcheck does not need standard library headers to get proper results.,/home/yichen/Desktop/Deepseek_Baseline_Code08/F016.c|3|information|missingIncludeSystem|Include file: <stdlib.h> not found. Please note: Cppcheck does not need standard library headers to get proper results.,/home/yichen/Desktop/Deepseek_Baseline_Results08/logs/F016_cppcheck.log
/home/yichen/Desktop/Deepseek_Baseline_Code08/F016.c,cppcheck,True,success,True,0,14,4,information,missingIncludeSystem,Include file: <string.h> not found. Please note: Cppcheck does not need standard library headers to get proper results.,/home/yichen/Desktop/Deepseek_Baseline_Code08/F016.c|4|information|missingIncludeSystem|Include file: <string.h> not found. Please note: Cppcheck does not need standard library headers to get proper results.,/home/yichen/Desktop/Deepseek_Baseline_Results08/logs/F016_cppcheck.log
/home/yichen/Desktop/Deepseek_Baseline_Code08/F016.c,cppcheck,True,success,True,0,14,57,style,constVariablePointer,Variable 'c' can be declared as pointer to const,/home/yichen/Desktop/Deepseek_Baseline_Code08/F016.c|57|style|constVariablePointer|Variable 'c' can be declared as pointer to const,/home/yichen/Desktop/Deepseek_Baseline_Results08/logs/F016_cppcheck.log
/home/yichen/Desktop/Deepseek_Baseline_Code08/F016.c,cppcheck,True,success,True,0,14,89,style,constVariablePointer,Variable 'name' can be declared as pointer to const,/home/yichen/Desktop/Deepseek_Baseline_Code08/F016.c|89|style|constVariablePointer|Variable 'name' can be declared as pointer to const,/home/yichen/Desktop/Deepseek_Baseline_Results08/logs/F016_cppcheck.log
/home/yichen/Desktop/Deepseek_Baseline_Code08/F016.c,cppcheck,True,success,True,0,14,91,style,constVariablePointer,Variable 'email' can be declared as pointer to const,/home/yichen/Desktop/Deepseek_Baseline_Code08/F016.c|91|style|constVariablePointer|Variable 'email' can be declared as pointer to const,/home/yichen/Desktop/Deepseek_Baseline_Results08/logs/F016_cppcheck.log
/home/yichen/Desktop/Deepseek_Baseline_Code08/F016.c,cppcheck,True,success,True,0,14,93,style,constVariablePointer,Variable 'phone' can be declared as pointer to const,/home/yichen/Desktop/Deepseek_Baseline_Code08/F016.c|93|style|constVariablePointer|Variable 'phone' can be declared as pointer to const,/home/yichen/Desktop/Deepseek_Baseline_Results08/logs/F016_cppcheck.log
/home/yichen/Desktop/Deepseek_Baseline_Code08/F016.c,cppcheck,True,success,True,0,14,104,style,constVariablePointer,Variable 'cmd' can be declared as pointer to const,/home/yichen/Desktop/Deepseek_Baseline_Code08/F016.c|104|style|constVariablePointer|Variable 'cmd' can be declared as pointer to const,/home/yichen/Desktop/Deepseek_Baseline_Results08/logs/F016_cppcheck.log
/home/yichen/Desktop/Deepseek_Baseline_Code08/F016.c,cppcheck,True,success,True,0,14,107,style,constVariablePointer,Variable 'name' can be declared as pointer to const,/home/yichen/Desktop/Deepseek_Baseline_Code08/F016.c|107|style|constVariablePointer|Variable 'name' can be declared as pointer to const,/home/yichen/Desktop/Deepseek_Baseline_Results08/logs/F016_cppcheck.log
/home/yichen/Desktop/Deepseek_Baseline_Code08/F016.c,cppcheck,True,success,True,0,14,109,style,constVariablePointer,Variable 'email' can be declared as pointer to const,/home/yichen/Desktop/Deepseek_Baseline_Code08/F016.c|109|style|constVariablePointer|Variable 'email' can be declared as pointer to const,/home/yichen/Desktop/Deepseek_Baseline_Results08/logs/F016_cppcheck.log
/home/yichen/Desktop/Deepseek_Baseline_Code08/F016.c,cppcheck,True,success,True,0,14,111,style,constVariablePointer,Variable 'phone' can be declared as pointer to const,/home/yichen/Desktop/Deepseek_Baseline_Code08/F016.c|111|style|constVariablePointer|Variable 'phone' can be declared as pointer to const,/home/yichen/Desktop/Deepseek_Baseline_Results08/logs/F016_cppcheck.log
/home/yichen/Desktop/Deepseek_Baseline_Code08/F016.c,cppcheck,True,success,True,0,14,115,style,constVariablePointer,Variable 'name' can be declared as pointer to const,/home/yichen/Desktop/Deepseek_Baseline_Code08/F016.c|115|style|constVariablePointer|Variable 'name' can be declared as pointer to const,/home/yichen/Desktop/Deepseek_Baseline_Results08/logs/F016_cppcheck.log
/home/yichen/Desktop/Deepseek_Baseline_Code08/F016.c,cppcheck,True,success,True,0,14,118,style,constVariablePointer,Variable 'name' can be declared as pointer to const,/home/yichen/Desktop/Deepseek_Baseline_Code08/F016.c|118|style|constVariablePointer|Variable 'name' can be declared as pointer to const,/home/yichen/Desktop/Deepseek_Baseline_Results08/logs/F016_cppcheck.log
nofile,cppcheck,True,success,True,0,14,0,information,checkersReport,Active checkers: 113/592 (use --checkers-report=<filename> to see details),nofile|0|information|checkersReport|Active checkers: 113/592 (use --checkers-report=<filename> to see details),/home/yichen/Desktop/Deepseek_Baseline_Results08/logs/F016_cppcheck.log
/home/yichen/Desktop/Deepseek_Baseline_Code08/F017.c,cppcheck,True,success,True,0,12,2,information,missingIncludeSystem,Include file: <stdio.h> not found. Please note: Cppcheck does not need standard library headers to get proper results.,/home/yichen/Desktop/Deepseek_Baseline_Code08/F017.c|2|information|missingIncludeSystem|Include file: <stdio.h> not found. Please note: Cppcheck does not need standard library headers to get proper results.,/home/yichen/Desktop/Deepseek_Baseline_Results08/logs/F017_cppcheck.log
/home/yichen/Desktop/Deepseek_Baseline_Code08/F017.c,cppcheck,True,success,True,0,12,3,information,missingIncludeSystem,Include file: <stdlib.h> not found. Please note: Cppcheck does not need standard library headers to get proper results.,/home/yichen/Desktop/Deepseek_Baseline_Code08/F017.c|3|information|missingIncludeSystem|Include file: <stdlib.h> not found. Please note: Cppcheck does not need standard library headers to get proper results.,/home/yichen/Desktop/Deepseek_Baseline_Results08/logs/F017_cppcheck.log
/home/yichen/Desktop/Deepseek_Baseline_Code08/F017.c,cppcheck,True,success,True,0,12,4,information,missingIncludeSystem,Include file: <string.h> not found. Please note: Cppcheck does not need standard library headers to get proper results.,/home/yichen/Desktop/Deepseek_Baseline_Code08/F017.c|4|information|missingIncludeSystem|Include file: <string.h> not found. Please note: Cppcheck does not need standard library headers to get proper results.,/home/yichen/Desktop/Deepseek_Baseline_Results08/logs/F017_cppcheck.log
/home/yichen/Desktop/Deepseek_Baseline_Code08/F017.c,cppcheck,True,success,True,0,12,59,style,constVariablePointer,Variable 'c' can be declared as pointer to const,/home/yichen/Desktop/Deepseek_Baseline_Code08/F017.c|59|style|constVariablePointer|Variable 'c' can be declared as pointer to const,/home/yichen/Desktop/Deepseek_Baseline_Results08/logs/F017_cppcheck.log
/home/yichen/Desktop/Deepseek_Baseline_Code08/F017.c,cppcheck,True,success,True,0,12,89,style,constVariablePointer,Variable 'key' can be declared as pointer to const,/home/yichen/Desktop/Deepseek_Baseline_Code08/F017.c|89|style|constVariablePointer|Variable 'key' can be declared as pointer to const,/home/yichen/Desktop/Deepseek_Baseline_Results08/logs/F017_cppcheck.log
/home/yichen/Desktop/Deepseek_Baseline_Code08/F017.c,cppcheck,True,success,True,0,12,91,style,constVariablePointer,Variable 'val' can be declared as pointer to const,/home/yichen/Desktop/Deepseek_Baseline_Code08/F017.c|91|style|constVariablePointer|Variable 'val' can be declared as pointer to const,/home/yichen/Desktop/Deepseek_Baseline_Results08/logs/F017_cppcheck.log
/home/yichen/Desktop/Deepseek_Baseline_Code08/F017.c,cppcheck,True,success,True,0,12,102,style,constVariablePointer,Variable 'cmd' can be declared as pointer to const,/home/yichen/Desktop/Deepseek_Baseline_Code08/F017.c|102|style|constVariablePointer|Variable 'cmd' can be declared as pointer to const,/home/yichen/Desktop/Deepseek_Baseline_Results08/logs/F017_cppcheck.log
/home/yichen/Desktop/Deepseek_Baseline_Code08/F017.c,cppcheck,True,success,True,0,12,105,style,constVariablePointer,Variable 'key' can be declared as pointer to const,/home/yichen/Desktop/Deepseek_Baseline_Code08/F017.c|105|style|constVariablePointer|Variable 'key' can be declared as pointer to const,/home/yichen/Desktop/Deepseek_Baseline_Results08/logs/F017_cppcheck.log
/home/yichen/Desktop/Deepseek_Baseline_Code08/F017.c,cppcheck,True,success,True,0,12,107,style,constVariablePointer,Variable 'val' can be declared as pointer to const,/home/yichen/Desktop/Deepseek_Baseline_Code08/F017.c|107|style|constVariablePointer|Variable 'val' can be declared as pointer to const,/home/yichen/Desktop/Deepseek_Baseline_Results08/logs/F017_cppcheck.log
/home/yichen/Desktop/Deepseek_Baseline_Code08/F017.c,cppcheck,True,success,True,0,12,111,style,constVariablePointer,Variable 'key' can be declared as pointer to const,/home/yichen/Desktop/Deepseek_Baseline_Code08/F017.c|111|style|constVariablePointer|Variable 'key' can be declared as pointer to const,/home/yichen/Desktop/Deepseek_Baseline_Results08/logs/F017_cppcheck.log
/home/yichen/Desktop/Deepseek_Baseline_Code08/F017.c,cppcheck,True,success,True,0,12,114,style,constVariablePointer,Variable 'key' can be declared as pointer to const,/home/yichen/Desktop/Deepseek_Baseline_Code08/F017.c|114|style|constVariablePointer|Variable 'key' can be declared as pointer to const,/home/yichen/Desktop/Deepseek_Baseline_Results08/logs/F017_cppcheck.log
nofile,cppcheck,True,success,True,0,12,0,information,checkersReport,Active checkers: 113/592 (use --checkers-report=<filename> to see details),nofile|0|information|checkersReport|Active checkers: 113/592 (use --checkers-report=<filename> to see details),/home/yichen/Desktop/Deepseek_Baseline_Results08/logs/F017_cppcheck.log
/home/yichen/Desktop/Deepseek_Baseline_Code08/F018.c,cppcheck,True,success,True,0,8,2,information,missingIncludeSystem,Include file: <stdio.h> not found. Please note: Cppcheck does not need standard library headers to get proper results.,/home/yichen/Desktop/Deepseek_Baseline_Code08/F018.c|2|information|missingIncludeSystem|Include file: <stdio.h> not found. Please note: Cppcheck does not need standard library headers to get proper results.,/home/yichen/Desktop/Deepseek_Baseline_Results08/logs/F018_cppcheck.log
/home/yichen/Desktop/Deepseek_Baseline_Code08/F018.c,cppcheck,True,success,True,0,8,3,information,missingIncludeSystem,Include file: <stdlib.h> not found. Please note: Cppcheck does not need standard library headers to get proper results.,/home/yichen/Desktop/Deepseek_Baseline_Code08/F018.c|3|information|missingIncludeSystem|Include file: <stdlib.h> not found. Please note: Cppcheck does not need standard library headers to get proper results.,/home/yichen/Desktop/Deepseek_Baseline_Results08/logs/F018_cppcheck.log
/home/yichen/Desktop/Deepseek_Baseline_Code08/F018.c,cppcheck,True,success,True,0,8,4,information,missingIncludeSystem,Include file: <string.h> not found. Please note: Cppcheck does not need standard library headers to get proper results.,/home/yichen/Desktop/Deepseek_Baseline_Code08/F018.c|4|information|missingIncludeSystem|Include file: <string.h> not found. Please note: Cppcheck does not need standard library headers to get proper results.,/home/yichen/Desktop/Deepseek_Baseline_Results08/logs/F018_cppcheck.log
/home/yichen/Desktop/Deepseek_Baseline_Code08/F018.c,cppcheck,True,success,True,0,8,124,style,constVariablePointer,Variable 'cmd' can be declared as pointer to const,/home/yichen/Desktop/Deepseek_Baseline_Code08/F018.c|124|style|constVariablePointer|Variable 'cmd' can be declared as pointer to const,/home/yichen/Desktop/Deepseek_Baseline_Results08/logs/F018_cppcheck.log
/home/yichen/Desktop/Deepseek_Baseline_Code08/F018.c,cppcheck,True,success,True,0,8,127,style,constVariablePointer,Variable 'word' can be declared as pointer to const,/home/yichen/Desktop/Deepseek_Baseline_Code08/F018.c|127|style|constVariablePointer|Variable 'word' can be declared as pointer to const,/home/yichen/Desktop/Deepseek_Baseline_Results08/logs/F018_cppcheck.log
/home/yichen/Desktop/Deepseek_Baseline_Code08/F018.c,cppcheck,True,success,True,0,8,131,style,constVariablePointer,Variable 'word' can be declared as pointer to const,/home/yichen/Desktop/Deepseek_Baseline_Code08/F018.c|131|style|constVariablePointer|Variable 'word' can be declared as pointer to const,/home/yichen/Desktop/Deepseek_Baseline_Results08/logs/F018_cppcheck.log
/home/yichen/Desktop/Deepseek_Baseline_Code08/F018.c,cppcheck,True,success,True,0,8,134,style,constVariablePointer,Variable 'word' can be declared as pointer to const,/home/yichen/Desktop/Deepseek_Baseline_Code08/F018.c|134|style|constVariablePointer|Variable 'word' can be declared as pointer to const,/home/yichen/Desktop/Deepseek_Baseline_Results08/logs/F018_cppcheck.log
nofile,cppcheck,True,success,True,0,8,0,information,checkersReport,Active checkers: 113/592 (use --checkers-report=<filename> to see details),nofile|0|information|checkersReport|Active checkers: 113/592 (use --checkers-report=<filename> to see details),/home/yichen/Desktop/Deepseek_Baseline_Results08/logs/F018_cppcheck.log
/home/yichen/Desktop/Deepseek_Baseline_Code08/F019.c,cppcheck,True,success,True,0,15,2,information,missingIncludeSystem,Include file: <stdio.h> not found. Please note: Cppcheck does not need standard library headers to get proper results.,/home/yichen/Desktop/Deepseek_Baseline_Code08/F019.c|2|information|missingIncludeSystem|Include file: <stdio.h> not found. Please note: Cppcheck does not need standard library headers to get proper results.,/home/yichen/Desktop/Deepseek_Baseline_Results08/logs/F019_cppcheck.log
/home/yichen/Desktop/Deepseek_Baseline_Code08/F019.c,cppcheck,True,success,True,0,15,3,information,missingIncludeSystem,Include file: <stdlib.h> not found. Please note: Cppcheck does not need standard library headers to get proper results.,/home/yichen/Desktop/Deepseek_Baseline_Code08/F019.c|3|information|missingIncludeSystem|Include file: <stdlib.h> not found. Please note: Cppcheck does not need standard library headers to get proper results.,/home/yichen/Desktop/Deepseek_Baseline_Results08/logs/F019_cppcheck.log
/home/yichen/Desktop/Deepseek_Baseline_Code08/F019.c,cppcheck,True,success,True,0,15,4,information,missingIncludeSystem,Include file: <string.h> not found. Please note: Cppcheck does not need standard library headers to get proper results.,/home/yichen/Desktop/Deepseek_Baseline_Code08/F019.c|4|information|missingIncludeSystem|Include file: <string.h> not found. Please note: Cppcheck does not need standard library headers to get proper results.,/home/yichen/Desktop/Deepseek_Baseline_Results08/logs/F019_cppcheck.log
/home/yichen/Desktop/Deepseek_Baseline_Code08/F019.c,cppcheck,True,success,True,0,15,5,information,missingIncludeSystem,Include file: <ctype.h> not found. Please note: Cppcheck does not need standard library headers to get proper results.,/home/yichen/Desktop/Deepseek_Baseline_Code08/F019.c|5|information|missingIncludeSystem|Include file: <ctype.h> not found. Please note: Cppcheck does not need standard library headers to get proper results.,/home/yichen/Desktop/Deepseek_Baseline_Results08/logs/F019_cppcheck.log
/home/yichen/Desktop/Deepseek_Baseline_Code08/F019.c,cppcheck,True,success,True,0,15,73,style,constVariablePointer,Variable 'account' can be declared as pointer to const,/home/yichen/Desktop/Deepseek_Baseline_Code08/F019.c|73|style|constVariablePointer|Variable 'account' can be declared as pointer to const,/home/yichen/Desktop/Deepseek_Baseline_Results08/logs/F019_cppcheck.log
/home/yichen/Desktop/Deepseek_Baseline_Code08/F019.c,cppcheck,True,success,True,0,15,75,style,constVariablePointer,Variable 'amount_str' can be declared as pointer to const,/home/yichen/Desktop/Deepseek_Baseline_Code08/F019.c|75|style|constVariablePointer|Variable 'amount_str' can be declared as pointer to const,/home/yichen/Desktop/Deepseek_Baseline_Results08/logs/F019_cppcheck.log
/home/yichen/Desktop/Deepseek_Baseline_Code08/F019.c,cppcheck,True,success,True,0,15,78,style,constVariablePointer,Variable 'memo' can be declared as pointer to const,/home/yichen/Desktop/Deepseek_Baseline_Code08/F019.c|78|style|constVariablePointer|Variable 'memo' can be declared as pointer to const,/home/yichen/Desktop/Deepseek_Baseline_Results08/logs/F019_cppcheck.log
/home/yichen/Desktop/Deepseek_Baseline_Code08/F019.c,cppcheck,True,success,True,0,15,89,style,constVariablePointer,Variable 'cmd' can be declared as pointer to const,/home/yichen/Desktop/Deepseek_Baseline_Code08/F019.c|89|style|constVariablePointer|Variable 'cmd' can be declared as pointer to const,/home/yichen/Desktop/Deepseek_Baseline_Results08/logs/F019_cppcheck.log
/home/yichen/Desktop/Deepseek_Baseline_Code08/F019.c,cppcheck,True,success,True,0,15,92,style,constVariablePointer,Variable 'account' can be declared as pointer to const,/home/yichen/Desktop/Deepseek_Baseline_Code08/F019.c|92|style|constVariablePointer|Variable 'account' can be declared as pointer to const,/home/yichen/Desktop/Deepseek_Baseline_Results08/logs/F019_cppcheck.log
/home/yichen/Desktop/Deepseek_Baseline_Code08/F019.c,cppcheck,True,success,True,0,15,94,style,constVariablePointer,Variable 'amount_str' can be declared as pointer to const,/home/yichen/Desktop/Deepseek_Baseline_Code08/F019.c|94|style|constVariablePointer|Variable 'amount_str' can be declared as pointer to const,/home/yichen/Desktop/Deepseek_Baseline_Results08/logs/F019_cppcheck.log
/home/yichen/Desktop/Deepseek_Baseline_Code08/F019.c,cppcheck,True,success,True,0,15,97,style,constVariablePointer,Variable 'memo' can be declared as pointer to const,/home/yichen/Desktop/Deepseek_Baseline_Code08/F019.c|97|style|constVariablePointer|Variable 'memo' can be declared as pointer to const,/home/yichen/Desktop/Deepseek_Baseline_Results08/logs/F019_cppcheck.log
/home/yichen/Desktop/Deepseek_Baseline_Code08/F019.c,cppcheck,True,success,True,0,15,101,style,constVariablePointer,Variable 'account' can be declared as pointer to const,/home/yichen/Desktop/Deepseek_Baseline_Code08/F019.c|101|style|constVariablePointer|Variable 'account' can be declared as pointer to const,/home/yichen/Desktop/Deepseek_Baseline_Results08/logs/F019_cppcheck.log
/home/yichen/Desktop/Deepseek_Baseline_Code08/F019.c,cppcheck,True,success,True,0,15,103,style,constVariablePointer,Variable 'amount_str' can be declared as pointer to const,/home/yichen/Desktop/Deepseek_Baseline_Code08/F019.c|103|style|constVariablePointer|Variable 'amount_str' can be declared as pointer to const,/home/yichen/Desktop/Deepseek_Baseline_Results08/logs/F019_cppcheck.log
/home/yichen/Desktop/Deepseek_Baseline_Code08/F019.c,cppcheck,True,success,True,0,15,108,style,constVariablePointer,Variable 'account' can be declared as pointer to const,/home/yichen/Desktop/Deepseek_Baseline_Code08/F019.c|108|style|constVariablePointer|Variable 'account' can be declared as pointer to const,/home/yichen/Desktop/Deepseek_Baseline_Results08/logs/F019_cppcheck.log
nofile,cppcheck,True,success,True,0,15,0,information,checkersReport,Active checkers: 113/592 (use --checkers-report=<filename> to see details),nofile|0|information|checkersReport|Active checkers: 113/592 (use --checkers-report=<filename> to see details),/home/yichen/Desktop/Deepseek_Baseline_Results08/logs/F019_cppcheck.log
/home/yichen/Desktop/Deepseek_Baseline_Code08/F020.c,cppcheck,True,success,True,0,9,2,information,missingIncludeSystem,Include file: <stdio.h> not found. Please note: Cppcheck does not need standard library headers to get proper results.,/home/yichen/Desktop/Deepseek_Baseline_Code08/F020.c|2|information|missingIncludeSystem|Include file: <stdio.h> not found. Please note: Cppcheck does not need standard library headers to get proper results.,/home/yichen/Desktop/Deepseek_Baseline_Results08/logs/F020_cppcheck.log
/home/yichen/Desktop/Deepseek_Baseline_Code08/F020.c,cppcheck,True,success,True,0,9,3,information,missingIncludeSystem,Include file: <stdlib.h> not found. Please note: Cppcheck does not need standard library headers to get proper results.,/home/yichen/Desktop/Deepseek_Baseline_Code08/F020.c|3|information|missingIncludeSystem|Include file: <stdlib.h> not found. Please note: Cppcheck does not need standard library headers to get proper results.,/home/yichen/Desktop/Deepseek_Baseline_Results08/logs/F020_cppcheck.log
/home/yichen/Desktop/Deepseek_Baseline_Code08/F020.c,cppcheck,True,success,True,0,9,4,information,missingIncludeSystem,Include file: <string.h> not found. Please note: Cppcheck does not need standard library headers to get proper results.,/home/yichen/Desktop/Deepseek_Baseline_Code08/F020.c|4|information|missingIncludeSystem|Include file: <string.h> not found. Please note: Cppcheck does not need standard library headers to get proper results.,/home/yichen/Desktop/Deepseek_Baseline_Results08/logs/F020_cppcheck.log
/home/yichen/Desktop/Deepseek_Baseline_Code08/F020.c,cppcheck,True,success,True,0,9,54,style,constVariablePointer,Variable 'r' can be declared as pointer to const,/home/yichen/Desktop/Deepseek_Baseline_Code08/F020.c|54|style|constVariablePointer|Variable 'r' can be declared as pointer to const,/home/yichen/Desktop/Deepseek_Baseline_Results08/logs/F020_cppcheck.log
/home/yichen/Desktop/Deepseek_Baseline_Code08/F020.c,cppcheck,True,success,True,0,9,124,style,constVariablePointer,Variable 'cmd' can be declared as pointer to const,/home/yichen/Desktop/Deepseek_Baseline_Code08/F020.c|124|style|constVariablePointer|Variable 'cmd' can be declared as pointer to const,/home/yichen/Desktop/Deepseek_Baseline_Results08/logs/F020_cppcheck.log
/home/yichen/Desktop/Deepseek_Baseline_Code08/F020.c,cppcheck,True,success,True,0,9,127,style,constVariablePointer,Variable 'title' can be declared as pointer to const,/home/yichen/Desktop/Deepseek_Baseline_Code08/F020.c|127|style|constVariablePointer|Variable 'title' can be declared as pointer to const,/home/yichen/Desktop/Deepseek_Baseline_Results08/logs/F020_cppcheck.log
/home/yichen/Desktop/Deepseek_Baseline_Code08/F020.c,cppcheck,True,success,True,0,9,130,style,constVariablePointer,Variable 'title' can be declared as pointer to const,/home/yichen/Desktop/Deepseek_Baseline_Code08/F020.c|130|style|constVariablePointer|Variable 'title' can be declared as pointer to const,/home/yichen/Desktop/Deepseek_Baseline_Results08/logs/F020_cppcheck.log
/home/yichen/Desktop/Deepseek_Baseline_Code08/F020.c,cppcheck,True,success,True,0,9,133,style,constVariablePointer,Variable 'title' can be declared as pointer to const,/home/yichen/Desktop/Deepseek_Baseline_Code08/F020.c|133|style|constVariablePointer|Variable 'title' can be declared as pointer to const,/home/yichen/Desktop/Deepseek_Baseline_Results08/logs/F020_cppcheck.log
nofile,cppcheck,True,success,True,0,9,0,information,checkersReport,Active checkers: 113/592 (use --checkers-report=<filename> to see details),nofile|0|information|checkersReport|Active checkers: 113/592 (use --checkers-report=<filename> to see details),/home/yichen/Desktop/Deepseek_Baseline_Results08/logs/F020_cppcheck.log
/home/yichen/Desktop/Deepseek_Baseline_Code08/F021.c,cppcheck,True,success,True,0,13,2,information,missingIncludeSystem,Include file: <stdio.h> not found. Please note: Cppcheck does not need standard library headers to get proper results.,/home/yichen/Desktop/Deepseek_Baseline_Code08/F021.c|2|information|missingIncludeSystem|Include file: <stdio.h> not found. Please note: Cppcheck does not need standard library headers to get proper results.,/home/yichen/Desktop/Deepseek_Baseline_Results08/logs/F021_cppcheck.log
/home/yichen/Desktop/Deepseek_Baseline_Code08/F021.c,cppcheck,True,success,True,0,13,3,information,missingIncludeSystem,Include file: <stdlib.h> not found. Please note: Cppcheck does not need standard library headers to get proper results.,/home/yichen/Desktop/Deepseek_Baseline_Code08/F021.c|3|information|missingIncludeSystem|Include file: <stdlib.h> not found. Please note: Cppcheck does not need standard library headers to get proper results.,/home/yichen/Desktop/Deepseek_Baseline_Results08/logs/F021_cppcheck.log
/home/yichen/Desktop/Deepseek_Baseline_Code08/F021.c,cppcheck,True,success,True,0,13,4,information,missingIncludeSystem,Include file: <string.h> not found. Please note: Cppcheck does not need standard library headers to get proper results.,/home/yichen/Desktop/Deepseek_Baseline_Code08/F021.c|4|information|missingIncludeSystem|Include file: <string.h> not found. Please note: Cppcheck does not need standard library headers to get proper results.,/home/yichen/Desktop/Deepseek_Baseline_Results08/logs/F021_cppcheck.log
/home/yichen/Desktop/Deepseek_Baseline_Code08/F021.c,cppcheck,True,success,True,0,13,151,style,constVariablePointer,Variable 'cmd' can be declared as pointer to const,/home/yichen/Desktop/Deepseek_Baseline_Code08/F021.c|151|style|constVariablePointer|Variable 'cmd' can be declared as pointer to const,/home/yichen/Desktop/Deepseek_Baseline_Results08/logs/F021_cppcheck.log
/home/yichen/Desktop/Deepseek_Baseline_Code08/F021.c,cppcheck,True,success,True,0,13,154,style,constVariablePointer,Variable 'name' can be declared as pointer to const,/home/yichen/Desktop/Deepseek_Baseline_Code08/F021.c|154|style|constVariablePointer|Variable 'name' can be declared as pointer to const,/home/yichen/Desktop/Deepseek_Baseline_Results08/logs/F021_cppcheck.log
/home/yichen/Desktop/Deepseek_Baseline_Code08/F021.c,cppcheck,True,success,True,0,13,157,style,constVariablePointer,Variable 'name' can be declared as pointer to const,/home/yichen/Desktop/Deepseek_Baseline_Code08/F021.c|157|style|constVariablePointer|Variable 'name' can be declared as pointer to const,/home/yichen/Desktop/Deepseek_Baseline_Results08/logs/F021_cppcheck.log
/home/yichen/Desktop/Deepseek_Baseline_Code08/F021.c,cppcheck,True,success,True,0,13,159,style,constVariablePointer,Variable 'ing' can be declared as pointer to const,/home/yichen/Desktop/Deepseek_Baseline_Code08/F021.c|159|style|constVariablePointer|Variable 'ing' can be declared as pointer to const,/home/yichen/Desktop/Deepseek_Baseline_Results08/logs/F021_cppcheck.log
/home/yichen/Desktop/Deepseek_Baseline_Code08/F021.c,cppcheck,True,success,True,0,13,161,style,constVariablePointer,Variable 'note' can be declared as pointer to const,/home/yichen/Desktop/Deepseek_Baseline_Code08/F021.c|161|style|constVariablePointer|Variable 'note' can be declared as pointer to const,/home/yichen/Desktop/Deepseek_Baseline_Results08/logs/F021_cppcheck.log
/home/yichen/Desktop/Deepseek_Baseline_Code08/F021.c,cppcheck,True,success,True,0,13,165,style,constVariablePointer,Variable 'name' can be declared as pointer to const,/home/yichen/Desktop/Deepseek_Baseline_Code08/F021.c|165|style|constVariablePointer|Variable 'name' can be declared as pointer to const,/home/yichen/Desktop/Deepseek_Baseline_Results08/logs/F021_cppcheck.log
/home/yichen/Desktop/Deepseek_Baseline_Code08/F021.c,cppcheck,True,success,True,0,13,167,style,constVariablePointer,Variable 'ing' can be declared as pointer to const,/home/yichen/Desktop/Deepseek_Baseline_Code08/F021.c|167|style|constVariablePointer|Variable 'ing' can be declared as pointer to const,/home/yichen/Desktop/Deepseek_Baseline_Results08/logs/F021_cppcheck.log
/home/yichen/Desktop/Deepseek_Baseline_Code08/F021.c,cppcheck,True,success,True,0,13,170,style,constVariablePointer,Variable 'name' can be declared as pointer to const,/home/yichen/Desktop/Deepseek_Baseline_Code08/F021.c|170|style|constVariablePointer|Variable 'name' can be declared as pointer to const,/home/yichen/Desktop/Deepseek_Baseline_Results08/logs/F021_cppcheck.log
/home/yichen/Desktop/Deepseek_Baseline_Code08/F021.c,cppcheck,True,success,True,0,13,173,style,constVariablePointer,Variable 'name' can be declared as pointer to const,/home/yichen/Desktop/Deepseek_Baseline_Code08/F021.c|173|style|constVariablePointer|Variable 'name' can be declared as pointer to const,/home/yichen/Desktop/Deepseek_Baseline_Results08/logs/F021_cppcheck.log
nofile,cppcheck,True,success,True,0,13,0,information,checkersReport,Active checkers: 113/592 (use --checkers-report=<filename> to see details),nofile|0|information|checkersReport|Active checkers: 113/592 (use --checkers-report=<filename> to see details),/home/yichen/Desktop/Deepseek_Baseline_Results08/logs/F021_cppcheck.log
/home/yichen/Desktop/Deepseek_Baseline_Code08/F022.c,cppcheck,True,success,True,0,15,2,information,missingIncludeSystem,Include file: <stdio.h> not found. Please note: Cppcheck does not need standard library headers to get proper results.,/home/yichen/Desktop/Deepseek_Baseline_Code08/F022.c|2|information|missingIncludeSystem|Include file: <stdio.h> not found. Please note: Cppcheck does not need standard library headers to get proper results.,/home/yichen/Desktop/Deepseek_Baseline_Results08/logs/F022_cppcheck.log
/home/yichen/Desktop/Deepseek_Baseline_Code08/F022.c,cppcheck,True,success,True,0,15,3,information,missingIncludeSystem,Include file: <stdlib.h> not found. Please note: Cppcheck does not need standard library headers to get proper results.,/home/yichen/Desktop/Deepseek_Baseline_Code08/F022.c|3|information|missingIncludeSystem|Include file: <stdlib.h> not found. Please note: Cppcheck does not need standard library headers to get proper results.,/home/yichen/Desktop/Deepseek_Baseline_Results08/logs/F022_cppcheck.log
/home/yichen/Desktop/Deepseek_Baseline_Code08/F022.c,cppcheck,True,success,True,0,15,4,information,missingIncludeSystem,Include file: <string.h> not found. Please note: Cppcheck does not need standard library headers to get proper results.,/home/yichen/Desktop/Deepseek_Baseline_Code08/F022.c|4|information|missingIncludeSystem|Include file: <string.h> not found. Please note: Cppcheck does not need standard library headers to get proper results.,/home/yichen/Desktop/Deepseek_Baseline_Results08/logs/F022_cppcheck.log
/home/yichen/Desktop/Deepseek_Baseline_Code08/F022.c,cppcheck,True,success,True,0,15,159,style,constVariablePointer,Variable 'cmd' can be declared as pointer to const,/home/yichen/Desktop/Deepseek_Baseline_Code08/F022.c|159|style|constVariablePointer|Variable 'cmd' can be declared as pointer to const,/home/yichen/Desktop/Deepseek_Baseline_Results08/logs/F022_cppcheck.log
/home/yichen/Desktop/Deepseek_Baseline_Code08/F022.c,cppcheck,True,success,True,0,15,162,style,constVariablePointer,Variable 'name' can be declared as pointer to const,/home/yichen/Desktop/Deepseek_Baseline_Code08/F022.c|162|style|constVariablePointer|Variable 'name' can be declared as pointer to const,/home/yichen/Desktop/Deepseek_Baseline_Results08/logs/F022_cppcheck.log
/home/yichen/Desktop/Deepseek_Baseline_Code08/F022.c,cppcheck,True,success,True,0,15,165,style,constVariablePointer,Variable 'proj' can be declared as pointer to const,/home/yichen/Desktop/Deepseek_Baseline_Code08/F022.c|165|style|constVariablePointer|Variable 'proj' can be declared as pointer to const,/home/yichen/Desktop/Deepseek_Baseline_Results08/logs/F022_cppcheck.log
/home/yichen/Desktop/Deepseek_Baseline_Code08/F022.c,cppcheck,True,success,True,0,15,167,style,constVariablePointer,Variable 'title' can be declared as pointer to const,/home/yichen/Desktop/Deepseek_Baseline_Code08/F022.c|167|style|constVariablePointer|Variable 'title' can be declared as pointer to const,/home/yichen/Desktop/Deepseek_Baseline_Results08/logs/F022_cppcheck.log
/home/yichen/Desktop/Deepseek_Baseline_Code08/F022.c,cppcheck,True,success,True,0,15,169,style,constVariablePointer,Variable 'note' can be declared as pointer to const,/home/yichen/Desktop/Deepseek_Baseline_Code08/F022.c|169|style|constVariablePointer|Variable 'note' can be declared as pointer to const,/home/yichen/Desktop/Deepseek_Baseline_Results08/logs/F022_cppcheck.log
/home/yichen/Desktop/Deepseek_Baseline_Code08/F022.c,cppcheck,True,success,True,0,15,173,style,constVariablePointer,Variable 'from' can be declared as pointer to const,/home/yichen/Desktop/Deepseek_Baseline_Code08/F022.c|173|style|constVariablePointer|Variable 'from' can be declared as pointer to const,/home/yichen/Desktop/Deepseek_Baseline_Results08/logs/F022_cppcheck.log
/home/yichen/Desktop/Deepseek_Baseline_Code08/F022.c,cppcheck,True,success,True,0,15,175,style,constVariablePointer,Variable 'to' can be declared as pointer to const,/home/yichen/Desktop/Deepseek_Baseline_Code08/F022.c|175|style|constVariablePointer|Variable 'to' can be declared as pointer to const,/home/yichen/Desktop/Deepseek_Baseline_Results08/logs/F022_cppcheck.log
/home/yichen/Desktop/Deepseek_Baseline_Code08/F022.c,cppcheck,True,success,True,0,15,177,style,constVariablePointer,Variable 'title' can be declared as pointer to const,/home/yichen/Desktop/Deepseek_Baseline_Code08/F022.c|177|style|constVariablePointer|Variable 'title' can be declared as pointer to const,/home/yichen/Desktop/Deepseek_Baseline_Results08/logs/F022_cppcheck.log
/home/yichen/Desktop/Deepseek_Baseline_Code08/F022.c,cppcheck,True,success,True,0,15,180,style,constVariablePointer,Variable 'proj' can be declared as pointer to const,/home/yichen/Desktop/Deepseek_Baseline_Code08/F022.c|180|style|constVariablePointer|Variable 'proj' can be declared as pointer to const,/home/yichen/Desktop/Deepseek_Baseline_Results08/logs/F022_cppcheck.log
/home/yichen/Desktop/Deepseek_Baseline_Code08/F022.c,cppcheck,True,success,True,0,15,182,style,constVariablePointer,Variable 'title' can be declared as pointer to const,/home/yichen/Desktop/Deepseek_Baseline_Code08/F022.c|182|style|constVariablePointer|Variable 'title' can be declared as pointer to const,/home/yichen/Desktop/Deepseek_Baseline_Results08/logs/F022_cppcheck.log
/home/yichen/Desktop/Deepseek_Baseline_Code08/F022.c,cppcheck,True,success,True,0,15,185,style,constVariablePointer,Variable 'name' can be declared as pointer to const,/home/yichen/Desktop/Deepseek_Baseline_Code08/F022.c|185|style|constVariablePointer|Variable 'name' can be declared as pointer to const,/home/yichen/Desktop/Deepseek_Baseline_Results08/logs/F022_cppcheck.log
nofile,cppcheck,True,success,True,0,15,0,information,checkersReport,Active checkers: 113/592 (use --checkers-report=<filename> to see details),nofile|0|information|checkersReport|Active checkers: 113/592 (use --checkers-report=<filename> to see details),/home/yichen/Desktop/Deepseek_Baseline_Results08/logs/F022_cppcheck.log
/home/yichen/Desktop/Deepseek_Baseline_Code08/F023.c,cppcheck,True,success,True,0,14,2,information,missingIncludeSystem,Include file: <stdio.h> not found. Please note: Cppcheck does not need standard library headers to get proper results.,/home/yichen/Desktop/Deepseek_Baseline_Code08/F023.c|2|information|missingIncludeSystem|Include file: <stdio.h> not found. Please note: Cppcheck does not need standard library headers to get proper results.,/home/yichen/Desktop/Deepseek_Baseline_Results08/logs/F023_cppcheck.log
/home/yichen/Desktop/Deepseek_Baseline_Code08/F023.c,cppcheck,True,success,True,0,14,3,information,missingIncludeSystem,Include file: <stdlib.h> not found. Please note: Cppcheck does not need standard library headers to get proper results.,/home/yichen/Desktop/Deepseek_Baseline_Code08/F023.c|3|information|missingIncludeSystem|Include file: <stdlib.h> not found. Please note: Cppcheck does not need standard library headers to get proper results.,/home/yichen/Desktop/Deepseek_Baseline_Results08/logs/F023_cppcheck.log
/home/yichen/Desktop/Deepseek_Baseline_Code08/F023.c,cppcheck,True,success,True,0,14,4,information,missingIncludeSystem,Include file: <string.h> not found. Please note: Cppcheck does not need standard library headers to get proper results.,/home/yichen/Desktop/Deepseek_Baseline_Code08/F023.c|4|information|missingIncludeSystem|Include file: <string.h> not found. Please note: Cppcheck does not need standard library headers to get proper results.,/home/yichen/Desktop/Deepseek_Baseline_Results08/logs/F023_cppcheck.log
/home/yichen/Desktop/Deepseek_Baseline_Code08/F023.c,cppcheck,True,success,True,0,14,158,style,constVariablePointer,Variable 'cmd' can be declared as pointer to const,/home/yichen/Desktop/Deepseek_Baseline_Code08/F023.c|158|style|constVariablePointer|Variable 'cmd' can be declared as pointer to const,/home/yichen/Desktop/Deepseek_Baseline_Results08/logs/F023_cppcheck.log
/home/yichen/Desktop/Deepseek_Baseline_Code08/F023.c,cppcheck,True,success,True,0,14,161,style,constVariablePointer,Variable 'sender' can be declared as pointer to const,/home/yichen/Desktop/Deepseek_Baseline_Code08/F023.c|161|style|constVariablePointer|Variable 'sender' can be declared as pointer to const,/home/yichen/Desktop/Deepseek_Baseline_Results08/logs/F023_cppcheck.log
/home/yichen/Desktop/Deepseek_Baseline_Code08/F023.c,cppcheck,True,success,True,0,14,163,style,constVariablePointer,Variable 'subject' can be declared as pointer to const,/home/yichen/Desktop/Deepseek_Baseline_Code08/F023.c|163|style|constVariablePointer|Variable 'subject' can be declared as pointer to const,/home/yichen/Desktop/Deepseek_Baseline_Results08/logs/F023_cppcheck.log
/home/yichen/Desktop/Deepseek_Baseline_Code08/F023.c,cppcheck,True,success,True,0,14,165,style,constVariablePointer,Variable 'body' can be declared as pointer to const,/home/yichen/Desktop/Deepseek_Baseline_Code08/F023.c|165|style|constVariablePointer|Variable 'body' can be declared as pointer to const,/home/yichen/Desktop/Deepseek_Baseline_Results08/logs/F023_cppcheck.log
/home/yichen/Desktop/Deepseek_Baseline_Code08/F023.c,cppcheck,True,success,True,0,14,169,style,constVariablePointer,Variable 'subject' can be declared as pointer to const,/home/yichen/Desktop/Deepseek_Baseline_Code08/F023.c|169|style|constVariablePointer|Variable 'subject' can be declared as pointer to const,/home/yichen/Desktop/Deepseek_Baseline_Results08/logs/F023_cppcheck.log
/home/yichen/Desktop/Deepseek_Baseline_Code08/F023.c,cppcheck,True,success,True,0,14,171,style,constVariablePointer,Variable 'tag' can be declared as pointer to const,/home/yichen/Desktop/Deepseek_Baseline_Code08/F023.c|171|style|constVariablePointer|Variable 'tag' can be declared as pointer to const,/home/yichen/Desktop/Deepseek_Baseline_Results08/logs/F023_cppcheck.log
/home/yichen/Desktop/Deepseek_Baseline_Code08/F023.c,cppcheck,True,success,True,0,14,174,style,constVariablePointer,Variable 'subject' can be declared as pointer to const,/home/yichen/Desktop/Deepseek_Baseline_Code08/F023.c|174|style|constVariablePointer|Variable 'subject' can be declared as pointer to const,/home/yichen/Desktop/Deepseek_Baseline_Results08/logs/F023_cppcheck.log
/home/yichen/Desktop/Deepseek_Baseline_Code08/F023.c,cppcheck,True,success,True,0,14,176,style,constVariablePointer,Variable 'tag' can be declared as pointer to const,/home/yichen/Desktop/Deepseek_Baseline_Code08/F023.c|176|style|constVariablePointer|Variable 'tag' can be declared as pointer to const,/home/yichen/Desktop/Deepseek_Baseline_Results08/logs/F023_cppcheck.log
/home/yichen/Desktop/Deepseek_Baseline_Code08/F023.c,cppcheck,True,success,True,0,14,179,style,constVariablePointer,Variable 'subject' can be declared as pointer to const,/home/yichen/Desktop/Deepseek_Baseline_Code08/F023.c|179|style|constVariablePointer|Variable 'subject' can be declared as pointer to const,/home/yichen/Desktop/Deepseek_Baseline_Results08/logs/F023_cppcheck.log
/home/yichen/Desktop/Deepseek_Baseline_Code08/F023.c,cppcheck,True,success,True,0,14,182,style,constVariablePointer,Variable 'tag' can be declared as pointer to const,/home/yichen/Desktop/Deepseek_Baseline_Code08/F023.c|182|style|constVariablePointer|Variable 'tag' can be declared as pointer to const,/home/yichen/Desktop/Deepseek_Baseline_Results08/logs/F023_cppcheck.log
nofile,cppcheck,True,success,True,0,14,0,information,checkersReport,Active checkers: 113/592 (use --checkers-report=<filename> to see details),nofile|0|information|checkersReport|Active checkers: 113/592 (use --checkers-report=<filename> to see details),/home/yichen/Desktop/Deepseek_Baseline_Results08/logs/F023_cppcheck.log
/home/yichen/Desktop/Deepseek_Baseline_Code08/F024.c,cppcheck,True,success,True,0,13,2,information,missingIncludeSystem,Include file: <stdio.h> not found. Please note: Cppcheck does not need standard library headers to get proper results.,/home/yichen/Desktop/Deepseek_Baseline_Code08/F024.c|2|information|missingIncludeSystem|Include file: <stdio.h> not found. Please note: Cppcheck does not need standard library headers to get proper results.,/home/yichen/Desktop/Deepseek_Baseline_Results08/logs/F024_cppcheck.log
/home/yichen/Desktop/Deepseek_Baseline_Code08/F024.c,cppcheck,True,success,True,0,13,3,information,missingIncludeSystem,Include file: <stdlib.h> not found. Please note: Cppcheck does not need standard library headers to get proper results.,/home/yichen/Desktop/Deepseek_Baseline_Code08/F024.c|3|information|missingIncludeSystem|Include file: <stdlib.h> not found. Please note: Cppcheck does not need standard library headers to get proper results.,/home/yichen/Desktop/Deepseek_Baseline_Results08/logs/F024_cppcheck.log
/home/yichen/Desktop/Deepseek_Baseline_Code08/F024.c,cppcheck,True,success,True,0,13,4,information,missingIncludeSystem,Include file: <string.h> not found. Please note: Cppcheck does not need standard library headers to get proper results.,/home/yichen/Desktop/Deepseek_Baseline_Code08/F024.c|4|information|missingIncludeSystem|Include file: <string.h> not found. Please note: Cppcheck does not need standard library headers to get proper results.,/home/yichen/Desktop/Deepseek_Baseline_Results08/logs/F024_cppcheck.log
/home/yichen/Desktop/Deepseek_Baseline_Code08/F024.c,cppcheck,True,success,True,0,13,142,style,constVariablePointer,Variable 'cmd' can be declared as pointer to const,/home/yichen/Desktop/Deepseek_Baseline_Code08/F024.c|142|style|constVariablePointer|Variable 'cmd' can be declared as pointer to const,/home/yichen/Desktop/Deepseek_Baseline_Results08/logs/F024_cppcheck.log
/home/yichen/Desktop/Deepseek_Baseline_Code08/F024.c,cppcheck,True,success,True,0,13,145,style,constVariablePointer,Variable 'title' can be declared as pointer to const,/home/yichen/Desktop/Deepseek_Baseline_Code08/F024.c|145|style|constVariablePointer|Variable 'title' can be declared as pointer to const,/home/yichen/Desktop/Deepseek_Baseline_Results08/logs/F024_cppcheck.log
/home/yichen/Desktop/Deepseek_Baseline_Code08/F024.c,cppcheck,True,success,True,0,13,147,style,constVariablePointer,Variable 'year_str' can be declared as pointer to const,/home/yichen/Desktop/Deepseek_Baseline_Code08/F024.c|147|style|constVariablePointer|Variable 'year_str' can be declared as pointer to const,/home/yichen/Desktop/Deepseek_Baseline_Results08/logs/F024_cppcheck.log
/home/yichen/Desktop/Deepseek_Baseline_Code08/F024.c,cppcheck,True,success,True,0,13,152,style,constVariablePointer,Variable 'title' can be declared as pointer to const,/home/yichen/Desktop/Deepseek_Baseline_Code08/F024.c|152|style|constVariablePointer|Variable 'title' can be declared as pointer to const,/home/yichen/Desktop/Deepseek_Baseline_Results08/logs/F024_cppcheck.log
/home/yichen/Desktop/Deepseek_Baseline_Code08/F024.c,cppcheck,True,success,True,0,13,154,style,constVariablePointer,Variable 'name' can be declared as pointer to const,/home/yichen/Desktop/Deepseek_Baseline_Code08/F024.c|154|style|constVariablePointer|Variable 'name' can be declared as pointer to const,/home/yichen/Desktop/Deepseek_Baseline_Results08/logs/F024_cppcheck.log
/home/yichen/Desktop/Deepseek_Baseline_Code08/F024.c,cppcheck,True,success,True,0,13,157,style,constVariablePointer,Variable 'title' can be declared as pointer to const,/home/yichen/Desktop/Deepseek_Baseline_Code08/F024.c|157|style|constVariablePointer|Variable 'title' can be declared as pointer to const,/home/yichen/Desktop/Deepseek_Baseline_Results08/logs/F024_cppcheck.log
/home/yichen/Desktop/Deepseek_Baseline_Code08/F024.c,cppcheck,True,success,True,0,13,159,style,constVariablePointer,Variable 'name' can be declared as pointer to const,/home/yichen/Desktop/Deepseek_Baseline_Code08/F024.c|159|style|constVariablePointer|Variable 'name' can be declared as pointer to const,/home/yichen/Desktop/Deepseek_Baseline_Results08/logs/F024_cppcheck.log
/home/yichen/Desktop/Deepseek_Baseline_Code08/F024.c,cppcheck,True,success,True,0,13,162,style,constVariablePointer,Variable 'title' can be declared as pointer to const,/home/yichen/Desktop/Deepseek_Baseline_Code08/F024.c|162|style|constVariablePointer|Variable 'title' can be declared as pointer to const,/home/yichen/Desktop/Deepseek_Baseline_Results08/logs/F024_cppcheck.log
/home/yichen/Desktop/Deepseek_Baseline_Code08/F024.c,cppcheck,True,success,True,0,13,165,style,constVariablePointer,Variable 'title' can be declared as pointer to const,/home/yichen/Desktop/Deepseek_Baseline_Code08/F024.c|165|style|constVariablePointer|Variable 'title' can be declared as pointer to const,/home/yichen/Desktop/Deepseek_Baseline_Results08/logs/F024_cppcheck.log
nofile,cppcheck,True,success,True,0,13,0,information,checkersReport,Active checkers: 113/592 (use --checkers-report=<filename> to see details),nofile|0|information|checkersReport|Active checkers: 113/592 (use --checkers-report=<filename> to see details),/home/yichen/Desktop/Deepseek_Baseline_Results08/logs/F024_cppcheck.log
/home/yichen/Desktop/Deepseek_Baseline_Code08/F025.c,cppcheck,True,success,True,0,15,2,information,missingIncludeSystem,Include file: <stdio.h> not found. Please note: Cppcheck does not need standard library headers to get proper results.,/home/yichen/Desktop/Deepseek_Baseline_Code08/F025.c|2|information|missingIncludeSystem|Include file: <stdio.h> not found. Please note: Cppcheck does not need standard library headers to get proper results.,/home/yichen/Desktop/Deepseek_Baseline_Results08/logs/F025_cppcheck.log
/home/yichen/Desktop/Deepseek_Baseline_Code08/F025.c,cppcheck,True,success,True,0,15,3,information,missingIncludeSystem,Include file: <stdlib.h> not found. Please note: Cppcheck does not need standard library headers to get proper results.,/home/yichen/Desktop/Deepseek_Baseline_Code08/F025.c|3|information|missingIncludeSystem|Include file: <stdlib.h> not found. Please note: Cppcheck does not need standard library headers to get proper results.,/home/yichen/Desktop/Deepseek_Baseline_Results08/logs/F025_cppcheck.log
/home/yichen/Desktop/Deepseek_Baseline_Code08/F025.c,cppcheck,True,success,True,0,15,4,information,missingIncludeSystem,Include file: <string.h> not found. Please note: Cppcheck does not need standard library headers to get proper results.,/home/yichen/Desktop/Deepseek_Baseline_Code08/F025.c|4|information|missingIncludeSystem|Include file: <string.h> not found. Please note: Cppcheck does not need standard library headers to get proper results.,/home/yichen/Desktop/Deepseek_Baseline_Results08/logs/F025_cppcheck.log
/home/yichen/Desktop/Deepseek_Baseline_Code08/F025.c,cppcheck,True,success,True,0,15,168,style,constVariablePointer,Variable 'cmd' can be declared as pointer to const,/home/yichen/Desktop/Deepseek_Baseline_Code08/F025.c|168|style|constVariablePointer|Variable 'cmd' can be declared as pointer to const,/home/yichen/Desktop/Deepseek_Baseline_Results08/logs/F025_cppcheck.log
/home/yichen/Desktop/Deepseek_Baseline_Code08/F025.c,cppcheck,True,success,True,0,15,171,style,constVariablePointer,Variable 'name' can be declared as pointer to const,/home/yichen/Desktop/Deepseek_Baseline_Code08/F025.c|171|style|constVariablePointer|Variable 'name' can be declared as pointer to const,/home/yichen/Desktop/Deepseek_Baseline_Results08/logs/F025_cppcheck.log
/home/yichen/Desktop/Deepseek_Baseline_Code08/F025.c,cppcheck,True,success,True,0,15,174,style,constVariablePointer,Variable 'classname' can be declared as pointer to const,/home/yichen/Desktop/Deepseek_Baseline_Code08/F025.c|174|style|constVariablePointer|Variable 'classname' can be declared as pointer to const,/home/yichen/Desktop/Deepseek_Baseline_Results08/logs/F025_cppcheck.log
/home/yichen/Desktop/Deepseek_Baseline_Code08/F025.c,cppcheck,True,success,True,0,15,176,style,constVariablePointer,Variable 'student' can be declared as pointer to const,/home/yichen/Desktop/Deepseek_Baseline_Code08/F025.c|176|style|constVariablePointer|Variable 'student' can be declared as pointer to const,/home/yichen/Desktop/Deepseek_Baseline_Results08/logs/F025_cppcheck.log
/home/yichen/Desktop/Deepseek_Baseline_Code08/F025.c,cppcheck,True,success,True,0,15,178,style,constVariablePointer,Variable 'note' can be declared as pointer to const,/home/yichen/Desktop/Deepseek_Baseline_Code08/F025.c|178|style|constVariablePointer|Variable 'note' can be declared as pointer to const,/home/yichen/Desktop/Deepseek_Baseline_Results08/logs/F025_cppcheck.log
/home/yichen/Desktop/Deepseek_Baseline_Code08/F025.c,cppcheck,True,success,True,0,15,182,style,constVariablePointer,Variable 'from' can be declared as pointer to const,/home/yichen/Desktop/Deepseek_Baseline_Code08/F025.c|182|style|constVariablePointer|Variable 'from' can be declared as pointer to const,/home/yichen/Desktop/Deepseek_Baseline_Results08/logs/F025_cppcheck.log
/home/yichen/Desktop/Deepseek_Baseline_Code08/F025.c,cppcheck,True,success,True,0,15,184,style,constVariablePointer,Variable 'to' can be declared as pointer to const,/home/yichen/Desktop/Deepseek_Baseline_Code08/F025.c|184|style|constVariablePointer|Variable 'to' can be declared as pointer to const,/home/yichen/Desktop/Deepseek_Baseline_Results08/logs/F025_cppcheck.log
/home/yichen/Desktop/Deepseek_Baseline_Code08/F025.c,cppcheck,True,success,True,0,15,186,style,constVariablePointer,Variable 'student' can be declared as pointer to const,/home/yichen/Desktop/Deepseek_Baseline_Code08/F025.c|186|style|constVariablePointer|Variable 'student' can be declared as pointer to const,/home/yichen/Desktop/Deepseek_Baseline_Results08/logs/F025_cppcheck.log
/home/yichen/Desktop/Deepseek_Baseline_Code08/F025.c,cppcheck,True,success,True,0,15,189,style,constVariablePointer,Variable 'classname' can be declared as pointer to const,/home/yichen/Desktop/Deepseek_Baseline_Code08/F025.c|189|style|constVariablePointer|Variable 'classname' can be declared as pointer to const,/home/yichen/Desktop/Deepseek_Baseline_Results08/logs/F025_cppcheck.log
/home/yichen/Desktop/Deepseek_Baseline_Code08/F025.c,cppcheck,True,success,True,0,15,191,style,constVariablePointer,Variable 'student' can be declared as pointer to const,/home/yichen/Desktop/Deepseek_Baseline_Code08/F025.c|191|style|constVariablePointer|Variable 'student' can be declared as pointer to const,/home/yichen/Desktop/Deepseek_Baseline_Results08/logs/F025_cppcheck.log
/home/yichen/Desktop/Deepseek_Baseline_Code08/F025.c,cppcheck,True,success,True,0,15,194,style,constVariablePointer,Variable 'name' can be declared as pointer to const,/home/yichen/Desktop/Deepseek_Baseline_Code08/F025.c|194|style|constVariablePointer|Variable 'name' can be declared as pointer to const,/home/yichen/Desktop/Deepseek_Baseline_Results08/logs/F025_cppcheck.log
nofile,cppcheck,True,success,True,0,15,0,information,checkersReport,Active checkers: 113/592 (use --checkers-report=<filename> to see details),nofile|0|information|checkersReport|Active checkers: 113/592 (use --checkers-report=<filename> to see details),/home/yichen/Desktop/Deepseek_Baseline_Results08/logs/F025_cppcheck.log
/home/yichen/Desktop/Deepseek_Baseline_Code08/F026.c,cppcheck,True,success,True,0,10,2,information,missingIncludeSystem,Include file: <stdio.h> not found. Please note: Cppcheck does not need standard library headers to get proper results.,/home/yichen/Desktop/Deepseek_Baseline_Code08/F026.c|2|information|missingIncludeSystem|Include file: <stdio.h> not found. Please note: Cppcheck does not need standard library headers to get proper results.,/home/yichen/Desktop/Deepseek_Baseline_Results08/logs/F026_cppcheck.log
/home/yichen/Desktop/Deepseek_Baseline_Code08/F026.c,cppcheck,True,success,True,0,10,3,information,missingIncludeSystem,Include file: <stdlib.h> not found. Please note: Cppcheck does not need standard library headers to get proper results.,/home/yichen/Desktop/Deepseek_Baseline_Code08/F026.c|3|information|missingIncludeSystem|Include file: <stdlib.h> not found. Please note: Cppcheck does not need standard library headers to get proper results.,/home/yichen/Desktop/Deepseek_Baseline_Results08/logs/F026_cppcheck.log
/home/yichen/Desktop/Deepseek_Baseline_Code08/F026.c,cppcheck,True,success,True,0,10,4,information,missingIncludeSystem,Include file: <string.h> not found. Please note: Cppcheck does not need standard library headers to get proper results.,/home/yichen/Desktop/Deepseek_Baseline_Code08/F026.c|4|information|missingIncludeSystem|Include file: <string.h> not found. Please note: Cppcheck does not need standard library headers to get proper results.,/home/yichen/Desktop/Deepseek_Baseline_Results08/logs/F026_cppcheck.log
/home/yichen/Desktop/Deepseek_Baseline_Code08/F026.c,cppcheck,True,success,True,0,10,97,style,constVariablePointer,Variable 'cmd' can be declared as pointer to const,/home/yichen/Desktop/Deepseek_Baseline_Code08/F026.c|97|style|constVariablePointer|Variable 'cmd' can be declared as pointer to const,/home/yichen/Desktop/Deepseek_Baseline_Results08/logs/F026_cppcheck.log
/home/yichen/Desktop/Deepseek_Baseline_Code08/F026.c,cppcheck,True,success,True,0,10,100,style,constVariablePointer,Variable 'category' can be declared as pointer to const,/home/yichen/Desktop/Deepseek_Baseline_Code08/F026.c|100|style|constVariablePointer|Variable 'category' can be declared as pointer to const,/home/yichen/Desktop/Deepseek_Baseline_Results08/logs/F026_cppcheck.log
/home/yichen/Desktop/Deepseek_Baseline_Code08/F026.c,cppcheck,True,success,True,0,10,102,style,constVariablePointer,Variable 'text' can be declared as pointer to const,/home/yichen/Desktop/Deepseek_Baseline_Code08/F026.c|102|style|constVariablePointer|Variable 'text' can be declared as pointer to const,/home/yichen/Desktop/Deepseek_Baseline_Results08/logs/F026_cppcheck.log
/home/yichen/Desktop/Deepseek_Baseline_Code08/F026.c,cppcheck,True,success,True,0,10,106,style,constVariablePointer,Variable 'category' can be declared as pointer to const,/home/yichen/Desktop/Deepseek_Baseline_Code08/F026.c|106|style|constVariablePointer|Variable 'category' can be declared as pointer to const,/home/yichen/Desktop/Deepseek_Baseline_Results08/logs/F026_cppcheck.log
/home/yichen/Desktop/Deepseek_Baseline_Code08/F026.c,cppcheck,True,success,True,0,10,109,style,constVariablePointer,Variable 'category' can be declared as pointer to const,/home/yichen/Desktop/Deepseek_Baseline_Code08/F026.c|109|style|constVariablePointer|Variable 'category' can be declared as pointer to const,/home/yichen/Desktop/Deepseek_Baseline_Results08/logs/F026_cppcheck.log
/home/yichen/Desktop/Deepseek_Baseline_Code08/F026.c,cppcheck,True,success,True,0,10,112,style,constVariablePointer,Variable 'word' can be declared as pointer to const,/home/yichen/Desktop/Deepseek_Baseline_Code08/F026.c|112|style|constVariablePointer|Variable 'word' can be declared as pointer to const,/home/yichen/Desktop/Deepseek_Baseline_Results08/logs/F026_cppcheck.log
nofile,cppcheck,True,success,True,0,10,0,information,checkersReport,Active checkers: 113/592 (use --checkers-report=<filename> to see details),nofile|0|information|checkersReport|Active checkers: 113/592 (use --checkers-report=<filename> to see details),/home/yichen/Desktop/Deepseek_Baseline_Results08/logs/F026_cppcheck.log
/home/yichen/Desktop/Deepseek_Baseline_Code08/F027.c,cppcheck,True,success,True,0,12,2,information,missingIncludeSystem,Include file: <stdio.h> not found. Please note: Cppcheck does not need standard library headers to get proper results.,/home/yichen/Desktop/Deepseek_Baseline_Code08/F027.c|2|information|missingIncludeSystem|Include file: <stdio.h> not found. Please note: Cppcheck does not need standard library headers to get proper results.,/home/yichen/Desktop/Deepseek_Baseline_Results08/logs/F027_cppcheck.log
/home/yichen/Desktop/Deepseek_Baseline_Code08/F027.c,cppcheck,True,success,True,0,12,3,information,missingIncludeSystem,Include file: <stdlib.h> not found. Please note: Cppcheck does not need standard library headers to get proper results.,/home/yichen/Desktop/Deepseek_Baseline_Code08/F027.c|3|information|missingIncludeSystem|Include file: <stdlib.h> not found. Please note: Cppcheck does not need standard library headers to get proper results.,/home/yichen/Desktop/Deepseek_Baseline_Results08/logs/F027_cppcheck.log
/home/yichen/Desktop/Deepseek_Baseline_Code08/F027.c,cppcheck,True,success,True,0,12,4,information,missingIncludeSystem,Include file: <string.h> not found. Please note: Cppcheck does not need standard library headers to get proper results.,/home/yichen/Desktop/Deepseek_Baseline_Code08/F027.c|4|information|missingIncludeSystem|Include file: <string.h> not found. Please note: Cppcheck does not need standard library headers to get proper results.,/home/yichen/Desktop/Deepseek_Baseline_Results08/logs/F027_cppcheck.log
/home/yichen/Desktop/Deepseek_Baseline_Code08/F027.c,cppcheck,True,success,True,0,12,114,style,constVariablePointer,Variable 'cmd' can be declared as pointer to const,/home/yichen/Desktop/Deepseek_Baseline_Code08/F027.c|114|style|constVariablePointer|Variable 'cmd' can be declared as pointer to const,/home/yichen/Desktop/Deepseek_Baseline_Results08/logs/F027_cppcheck.log
/home/yichen/Desktop/Deepseek_Baseline_Code08/F027.c,cppcheck,True,success,True,0,12,117,style,constVariablePointer,Variable 'prio_str' can be declared as pointer to const,/home/yichen/Desktop/Deepseek_Baseline_Code08/F027.c|117|style|constVariablePointer|Variable 'prio_str' can be declared as pointer to const,/home/yichen/Desktop/Deepseek_Baseline_Results08/logs/F027_cppcheck.log
/home/yichen/Desktop/Deepseek_Baseline_Code08/F027.c,cppcheck,True,success,True,0,12,120,style,constVariablePointer,Variable 'title' can be declared as pointer to const,/home/yichen/Desktop/Deepseek_Baseline_Code08/F027.c|120|style|constVariablePointer|Variable 'title' can be declared as pointer to const,/home/yichen/Desktop/Deepseek_Baseline_Results08/logs/F027_cppcheck.log
/home/yichen/Desktop/Deepseek_Baseline_Code08/F027.c,cppcheck,True,success,True,0,12,122,style,constVariablePointer,Variable 'note' can be declared as pointer to const,/home/yichen/Desktop/Deepseek_Baseline_Code08/F027.c|122|style|constVariablePointer|Variable 'note' can be declared as pointer to const,/home/yichen/Desktop/Deepseek_Baseline_Results08/logs/F027_cppcheck.log
/home/yichen/Desktop/Deepseek_Baseline_Code08/F027.c,cppcheck,True,success,True,0,12,126,style,constVariablePointer,Variable 'title' can be declared as pointer to const,/home/yichen/Desktop/Deepseek_Baseline_Code08/F027.c|126|style|constVariablePointer|Variable 'title' can be declared as pointer to const,/home/yichen/Desktop/Deepseek_Baseline_Results08/logs/F027_cppcheck.log
/home/yichen/Desktop/Deepseek_Baseline_Code08/F027.c,cppcheck,True,success,True,0,12,128,style,constVariablePointer,Variable 'delta_str' can be declared as pointer to const,/home/yichen/Desktop/Deepseek_Baseline_Code08/F027.c|128|style|constVariablePointer|Variable 'delta_str' can be declared as pointer to const,/home/yichen/Desktop/Deepseek_Baseline_Results08/logs/F027_cppcheck.log
/home/yichen/Desktop/Deepseek_Baseline_Code08/F027.c,cppcheck,True,success,True,0,12,133,style,constVariablePointer,Variable 'title' can be declared as pointer to const,/home/yichen/Desktop/Deepseek_Baseline_Code08/F027.c|133|style|constVariablePointer|Variable 'title' can be declared as pointer to const,/home/yichen/Desktop/Deepseek_Baseline_Results08/logs/F027_cppcheck.log
/home/yichen/Desktop/Deepseek_Baseline_Code08/F027.c,cppcheck,True,success,True,0,12,136,style,constVariablePointer,Variable 'n_str' can be declared as pointer to const,/home/yichen/Desktop/Deepseek_Baseline_Code08/F027.c|136|style|constVariablePointer|Variable 'n_str' can be declared as pointer to const,/home/yichen/Desktop/Deepseek_Baseline_Results08/logs/F027_cppcheck.log
nofile,cppcheck,True,success,True,0,12,0,information,checkersReport,Active checkers: 113/592 (use --checkers-report=<filename> to see details),nofile|0|information|checkersReport|Active checkers: 113/592 (use --checkers-report=<filename> to see details),/home/yichen/Desktop/Deepseek_Baseline_Results08/logs/F027_cppcheck.log
/home/yichen/Desktop/Deepseek_Baseline_Code08/F028.c,cppcheck,True,success,True,0,14,2,information,missingIncludeSystem,Include file: <stdio.h> not found. Please note: Cppcheck does not need standard library headers to get proper results.,/home/yichen/Desktop/Deepseek_Baseline_Code08/F028.c|2|information|missingIncludeSystem|Include file: <stdio.h> not found. Please note: Cppcheck does not need standard library headers to get proper results.,/home/yichen/Desktop/Deepseek_Baseline_Results08/logs/F028_cppcheck.log
/home/yichen/Desktop/Deepseek_Baseline_Code08/F028.c,cppcheck,True,success,True,0,14,3,information,missingIncludeSystem,Include file: <stdlib.h> not found. Please note: Cppcheck does not need standard library headers to get proper results.,/home/yichen/Desktop/Deepseek_Baseline_Code08/F028.c|3|information|missingIncludeSystem|Include file: <stdlib.h> not found. Please note: Cppcheck does not need standard library headers to get proper results.,/home/yichen/Desktop/Deepseek_Baseline_Results08/logs/F028_cppcheck.log
/home/yichen/Desktop/Deepseek_Baseline_Code08/F028.c,cppcheck,True,success,True,0,14,4,information,missingIncludeSystem,Include file: <string.h> not found. Please note: Cppcheck does not need standard library headers to get proper results.,/home/yichen/Desktop/Deepseek_Baseline_Code08/F028.c|4|information|missingIncludeSystem|Include file: <string.h> not found. Please note: Cppcheck does not need standard library headers to get proper results.,/home/yichen/Desktop/Deepseek_Baseline_Results08/logs/F028_cppcheck.log
/home/yichen/Desktop/Deepseek_Baseline_Code08/F028.c,cppcheck,True,success,True,0,14,131,style,constVariablePointer,Variable 'cmd' can be declared as pointer to const,/home/yichen/Desktop/Deepseek_Baseline_Code08/F028.c|131|style|constVariablePointer|Variable 'cmd' can be declared as pointer to const,/home/yichen/Desktop/Deepseek_Baseline_Results08/logs/F028_cppcheck.log
/home/yichen/Desktop/Deepseek_Baseline_Code08/F028.c,cppcheck,True,success,True,0,14,134,style,constVariablePointer,Variable 'name' can be declared as pointer to const,/home/yichen/Desktop/Deepseek_Baseline_Code08/F028.c|134|style|constVariablePointer|Variable 'name' can be declared as pointer to const,/home/yichen/Desktop/Deepseek_Baseline_Results08/logs/F028_cppcheck.log
/home/yichen/Desktop/Deepseek_Baseline_Code08/F028.c,cppcheck,True,success,True,0,14,136,style,constVariablePointer,Variable 'note' can be declared as pointer to const,/home/yichen/Desktop/Deepseek_Baseline_Code08/F028.c|136|style|constVariablePointer|Variable 'note' can be declared as pointer to const,/home/yichen/Desktop/Deepseek_Baseline_Results08/logs/F028_cppcheck.log
/home/yichen/Desktop/Deepseek_Baseline_Code08/F028.c,cppcheck,True,success,True,0,14,140,style,constVariablePointer,Variable 'idx_str' can be declared as pointer to const,/home/yichen/Desktop/Deepseek_Baseline_Code08/F028.c|140|style|constVariablePointer|Variable 'idx_str' can be declared as pointer to const,/home/yichen/Desktop/Deepseek_Baseline_Results08/logs/F028_cppcheck.log
/home/yichen/Desktop/Deepseek_Baseline_Code08/F028.c,cppcheck,True,success,True,0,14,143,style,constVariablePointer,Variable 'name' can be declared as pointer to const,/home/yichen/Desktop/Deepseek_Baseline_Code08/F028.c|143|style|constVariablePointer|Variable 'name' can be declared as pointer to const,/home/yichen/Desktop/Deepseek_Baseline_Results08/logs/F028_cppcheck.log
/home/yichen/Desktop/Deepseek_Baseline_Code08/F028.c,cppcheck,True,success,True,0,14,145,style,constVariablePointer,Variable 'note' can be declared as pointer to const,/home/yichen/Desktop/Deepseek_Baseline_Code08/F028.c|145|style|constVariablePointer|Variable 'note' can be declared as pointer to const,/home/yichen/Desktop/Deepseek_Baseline_Results08/logs/F028_cppcheck.log
/home/yichen/Desktop/Deepseek_Baseline_Code08/F028.c,cppcheck,True,success,True,0,14,149,style,constVariablePointer,Variable 'from_str' can be declared as pointer to const,/home/yichen/Desktop/Deepseek_Baseline_Code08/F028.c|149|style|constVariablePointer|Variable 'from_str' can be declared as pointer to const,/home/yichen/Desktop/Deepseek_Baseline_Results08/logs/F028_cppcheck.log
/home/yichen/Desktop/Deepseek_Baseline_Code08/F028.c,cppcheck,True,success,True,0,14,151,style,constVariablePointer,Variable 'to_str' can be declared as pointer to const,/home/yichen/Desktop/Deepseek_Baseline_Code08/F028.c|151|style|constVariablePointer|Variable 'to_str' can be declared as pointer to const,/home/yichen/Desktop/Deepseek_Baseline_Results08/logs/F028_cppcheck.log
/home/yichen/Desktop/Deepseek_Baseline_Code08/F028.c,cppcheck,True,success,True,0,14,157,style,constVariablePointer,Variable 'idx_str' can be declared as pointer to const,/home/yichen/Desktop/Deepseek_Baseline_Code08/F028.c|157|style|constVariablePointer|Variable 'idx_str' can be declared as pointer to const,/home/yichen/Desktop/Deepseek_Baseline_Results08/logs/F028_cppcheck.log
/home/yichen/Desktop/Deepseek_Baseline_Code08/F028.c,cppcheck,True,success,True,0,14,162,style,constVariablePointer,Variable 'name' can be declared as pointer to const,/home/yichen/Desktop/Deepseek_Baseline_Code08/F028.c|162|style|constVariablePointer|Variable 'name' can be declared as pointer to const,/home/yichen/Desktop/Deepseek_Baseline_Results08/logs/F028_cppcheck.log
nofile,cppcheck,True,success,True,0,14,0,information,checkersReport,Active checkers: 113/592 (use --checkers-report=<filename> to see details),nofile|0|information|checkersReport|Active checkers: 113/592 (use --checkers-report=<filename> to see details),/home/yichen/Desktop/Deepseek_Baseline_Results08/logs/F028_cppcheck.log
/home/yichen/Desktop/Deepseek_Baseline_Code08/F029.c,cppcheck,True,success,True,0,13,2,information,missingIncludeSystem,Include file: <stdio.h> not found. Please note: Cppcheck does not need standard library headers to get proper results.,/home/yichen/Desktop/Deepseek_Baseline_Code08/F029.c|2|information|missingIncludeSystem|Include file: <stdio.h> not found. Please note: Cppcheck does not need standard library headers to get proper results.,/home/yichen/Desktop/Deepseek_Baseline_Results08/logs/F029_cppcheck.log
/home/yichen/Desktop/Deepseek_Baseline_Code08/F029.c,cppcheck,True,success,True,0,13,3,information,missingIncludeSystem,Include file: <stdlib.h> not found. Please note: Cppcheck does not need standard library headers to get proper results.,/home/yichen/Desktop/Deepseek_Baseline_Code08/F029.c|3|information|missingIncludeSystem|Include file: <stdlib.h> not found. Please note: Cppcheck does not need standard library headers to get proper results.,/home/yichen/Desktop/Deepseek_Baseline_Results08/logs/F029_cppcheck.log
/home/yichen/Desktop/Deepseek_Baseline_Code08/F029.c,cppcheck,True,success,True,0,13,4,information,missingIncludeSystem,Include file: <string.h> not found. Please note: Cppcheck does not need standard library headers to get proper results.,/home/yichen/Desktop/Deepseek_Baseline_Code08/F029.c|4|information|missingIncludeSystem|Include file: <string.h> not found. Please note: Cppcheck does not need standard library headers to get proper results.,/home/yichen/Desktop/Deepseek_Baseline_Results08/logs/F029_cppcheck.log
/home/yichen/Desktop/Deepseek_Baseline_Code08/F029.c,cppcheck,True,success,True,0,13,38,style,constVariablePointer,Variable 'cur' can be declared as pointer to const,/home/yichen/Desktop/Deepseek_Baseline_Code08/F029.c|38|style|constVariablePointer|Variable 'cur' can be declared as pointer to const,/home/yichen/Desktop/Deepseek_Baseline_Results08/logs/F029_cppcheck.log
/home/yichen/Desktop/Deepseek_Baseline_Code08/F029.c,cppcheck,True,success,True,0,13,39,style,constVariablePointer,Variable 'prev' can be declared as pointer to const,/home/yichen/Desktop/Deepseek_Baseline_Code08/F029.c|39|style|constVariablePointer|Variable 'prev' can be declared as pointer to const,/home/yichen/Desktop/Deepseek_Baseline_Results08/logs/F029_cppcheck.log
/home/yichen/Desktop/Deepseek_Baseline_Code08/F029.c,cppcheck,True,success,True,0,13,125,style,constVariablePointer,Variable 'cmd' can be declared as pointer to const,/home/yichen/Desktop/Deepseek_Baseline_Code08/F029.c|125|style|constVariablePointer|Variable 'cmd' can be declared as pointer to const,/home/yichen/Desktop/Deepseek_Baseline_Results08/logs/F029_cppcheck.log
/home/yichen/Desktop/Deepseek_Baseline_Code08/F029.c,cppcheck,True,success,True,0,13,128,style,constVariablePointer,Variable 'key' can be declared as pointer to const,/home/yichen/Desktop/Deepseek_Baseline_Code08/F029.c|128|style|constVariablePointer|Variable 'key' can be declared as pointer to const,/home/yichen/Desktop/Deepseek_Baseline_Results08/logs/F029_cppcheck.log
/home/yichen/Desktop/Deepseek_Baseline_Code08/F029.c,cppcheck,True,success,True,0,13,130,style,constVariablePointer,Variable 'val' can be declared as pointer to const,/home/yichen/Desktop/Deepseek_Baseline_Code08/F029.c|130|style|constVariablePointer|Variable 'val' can be declared as pointer to const,/home/yichen/Desktop/Deepseek_Baseline_Results08/logs/F029_cppcheck.log
/home/yichen/Desktop/Deepseek_Baseline_Code08/F029.c,cppcheck,True,success,True,0,13,136,style,constVariablePointer,Variable 'key' can be declared as pointer to const,/home/yichen/Desktop/Deepseek_Baseline_Code08/F029.c|136|style|constVariablePointer|Variable 'key' can be declared as pointer to const,/home/yichen/Desktop/Deepseek_Baseline_Results08/logs/F029_cppcheck.log
/home/yichen/Desktop/Deepseek_Baseline_Code08/F029.c,cppcheck,True,success,True,0,13,139,style,constVariablePointer,Variable 'key' can be declared as pointer to const,/home/yichen/Desktop/Deepseek_Baseline_Code08/F029.c|139|style|constVariablePointer|Variable 'key' can be declared as pointer to const,/home/yichen/Desktop/Deepseek_Baseline_Results08/logs/F029_cppcheck.log
/home/yichen/Desktop/Deepseek_Baseline_Code08/F029.c,cppcheck,True,success,True,0,13,38,style,unreadVariable,Variable 'cur' is assigned a value that is never used.,/home/yichen/Desktop/Deepseek_Baseline_Code08/F029.c|38|style|unreadVariable|Variable 'cur' is assigned a value that is never used.,/home/yichen/Desktop/Deepseek_Baseline_Results08/logs/F029_cppcheck.log
/home/yichen/Desktop/Deepseek_Baseline_Code08/F029.c,cppcheck,True,success,True,0,13,39,style,unreadVariable,Variable 'prev' is assigned a value that is never used.,/home/yichen/Desktop/Deepseek_Baseline_Code08/F029.c|39|style|unreadVariable|Variable 'prev' is assigned a value that is never used.,/home/yichen/Desktop/Deepseek_Baseline_Results08/logs/F029_cppcheck.log
nofile,cppcheck,True,success,True,0,13,0,information,checkersReport,Active checkers: 113/592 (use --checkers-report=<filename> to see details),nofile|0|information|checkersReport|Active checkers: 113/592 (use --checkers-report=<filename> to see details),/home/yichen/Desktop/Deepseek_Baseline_Results08/logs/F029_cppcheck.log
/home/yichen/Desktop/Deepseek_Baseline_Code08/F030.c,cppcheck,True,success,True,0,12,2,information,missingIncludeSystem,Include file: <stdio.h> not found. Please note: Cppcheck does not need standard library headers to get proper results.,/home/yichen/Desktop/Deepseek_Baseline_Code08/F030.c|2|information|missingIncludeSystem|Include file: <stdio.h> not found. Please note: Cppcheck does not need standard library headers to get proper results.,/home/yichen/Desktop/Deepseek_Baseline_Results08/logs/F030_cppcheck.log
/home/yichen/Desktop/Deepseek_Baseline_Code08/F030.c,cppcheck,True,success,True,0,12,3,information,missingIncludeSystem,Include file: <stdlib.h> not found. Please note: Cppcheck does not need standard library headers to get proper results.,/home/yichen/Desktop/Deepseek_Baseline_Code08/F030.c|3|information|missingIncludeSystem|Include file: <stdlib.h> not found. Please note: Cppcheck does not need standard library headers to get proper results.,/home/yichen/Desktop/Deepseek_Baseline_Results08/logs/F030_cppcheck.log
/home/yichen/Desktop/Deepseek_Baseline_Code08/F030.c,cppcheck,True,success,True,0,12,4,information,missingIncludeSystem,Include file: <string.h> not found. Please note: Cppcheck does not need standard library headers to get proper results.,/home/yichen/Desktop/Deepseek_Baseline_Code08/F030.c|4|information|missingIncludeSystem|Include file: <string.h> not found. Please note: Cppcheck does not need standard library headers to get proper results.,/home/yichen/Desktop/Deepseek_Baseline_Results08/logs/F030_cppcheck.log
/home/yichen/Desktop/Deepseek_Baseline_Code08/F030.c,cppcheck,True,success,True,0,12,70,style,constVariablePointer,Variable 'pos' can be declared as pointer to const,/home/yichen/Desktop/Deepseek_Baseline_Code08/F030.c|70|style|constVariablePointer|Variable 'pos' can be declared as pointer to const,/home/yichen/Desktop/Deepseek_Baseline_Results08/logs/F030_cppcheck.log
/home/yichen/Desktop/Deepseek_Baseline_Code08/F030.c,cppcheck,True,success,True,0,12,116,style,constVariablePointer,Variable 'cmd' can be declared as pointer to const,/home/yichen/Desktop/Deepseek_Baseline_Code08/F030.c|116|style|constVariablePointer|Variable 'cmd' can be declared as pointer to const,/home/yichen/Desktop/Deepseek_Baseline_Results08/logs/F030_cppcheck.log
/home/yichen/Desktop/Deepseek_Baseline_Code08/F030.c,cppcheck,True,success,True,0,12,119,style,constVariablePointer,Variable 'old' can be declared as pointer to const,/home/yichen/Desktop/Deepseek_Baseline_Code08/F030.c|119|style|constVariablePointer|Variable 'old' can be declared as pointer to const,/home/yichen/Desktop/Deepseek_Baseline_Results08/logs/F030_cppcheck.log
/home/yichen/Desktop/Deepseek_Baseline_Code08/F030.c,cppcheck,True,success,True,0,12,121,style,constVariablePointer,Variable 'new' can be declared as pointer to const,/home/yichen/Desktop/Deepseek_Baseline_Code08/F030.c|121|style|constVariablePointer|Variable 'new' can be declared as pointer to const,/home/yichen/Desktop/Deepseek_Baseline_Results08/logs/F030_cppcheck.log
/home/yichen/Desktop/Deepseek_Baseline_Code08/F030.c,cppcheck,True,success,True,0,12,125,style,constVariablePointer,Variable 'text' can be declared as pointer to const,/home/yichen/Desktop/Deepseek_Baseline_Code08/F030.c|125|style|constVariablePointer|Variable 'text' can be declared as pointer to const,/home/yichen/Desktop/Deepseek_Baseline_Results08/logs/F030_cppcheck.log
/home/yichen/Desktop/Deepseek_Baseline_Code08/F030.c,cppcheck,True,success,True,0,12,129,style,constVariablePointer,Variable 'old' can be declared as pointer to const,/home/yichen/Desktop/Deepseek_Baseline_Code08/F030.c|129|style|constVariablePointer|Variable 'old' can be declared as pointer to const,/home/yichen/Desktop/Deepseek_Baseline_Results08/logs/F030_cppcheck.log
/home/yichen/Desktop/Deepseek_Baseline_Code08/F030.c,cppcheck,True,success,True,0,12,132,style,constVariablePointer,Variable 'i_str' can be declared as pointer to const,/home/yichen/Desktop/Deepseek_Baseline_Code08/F030.c|132|style|constVariablePointer|Variable 'i_str' can be declared as pointer to const,/home/yichen/Desktop/Deepseek_Baseline_Results08/logs/F030_cppcheck.log
/home/yichen/Desktop/Deepseek_Baseline_Code08/F030.c,cppcheck,True,success,True,0,12,134,style,constVariablePointer,Variable 'j_str' can be declared as pointer to const,/home/yichen/Desktop/Deepseek_Baseline_Code08/F030.c|134|style|constVariablePointer|Variable 'j_str' can be declared as pointer to const,/home/yichen/Desktop/Deepseek_Baseline_Results08/logs/F030_cppcheck.log
nofile,cppcheck,True,success,True,0,12,0,information,checkersReport,Active checkers: 113/592 (use --checkers-report=<filename> to see details),nofile|0|information|checkersReport|Active checkers: 113/592 (use --checkers-report=<filename> to see details),/home/yichen/Desktop/Deepseek_Baseline_Results08/logs/F030_cppcheck.log
/home/yichen/Desktop/Deepseek_Baseline_Code08/F031.c,cppcheck,True,success,True,0,12,2,information,missingIncludeSystem,Include file: <stdio.h> not found. Please note: Cppcheck does not need standard library headers to get proper results.,/home/yichen/Desktop/Deepseek_Baseline_Code08/F031.c|2|information|missingIncludeSystem|Include file: <stdio.h> not found. Please note: Cppcheck does not need standard library headers to get proper results.,/home/yichen/Desktop/Deepseek_Baseline_Results08/logs/F031_cppcheck.log
/home/yichen/Desktop/Deepseek_Baseline_Code08/F031.c,cppcheck,True,success,True,0,12,3,information,missingIncludeSystem,Include file: <stdlib.h> not found. Please note: Cppcheck does not need standard library headers to get proper results.,/home/yichen/Desktop/Deepseek_Baseline_Code08/F031.c|3|information|missingIncludeSystem|Include file: <stdlib.h> not found. Please note: Cppcheck does not need standard library headers to get proper results.,/home/yichen/Desktop/Deepseek_Baseline_Results08/logs/F031_cppcheck.log
/home/yichen/Desktop/Deepseek_Baseline_Code08/F031.c,cppcheck,True,success,True,0,12,4,information,missingIncludeSystem,Include file: <string.h> not found. Please note: Cppcheck does not need standard library headers to get proper results.,/home/yichen/Desktop/Deepseek_Baseline_Code08/F031.c|4|information|missingIncludeSystem|Include file: <string.h> not found. Please note: Cppcheck does not need standard library headers to get proper results.,/home/yichen/Desktop/Deepseek_Baseline_Results08/logs/F031_cppcheck.log
/home/yichen/Desktop/Deepseek_Baseline_Code08/F031.c,cppcheck,True,success,True,0,12,54,style,constVariablePointer,Variable 'r' can be declared as pointer to const,/home/yichen/Desktop/Deepseek_Baseline_Code08/F031.c|54|style|constVariablePointer|Variable 'r' can be declared as pointer to const,/home/yichen/Desktop/Deepseek_Baseline_Results08/logs/F031_cppcheck.log
/home/yichen/Desktop/Deepseek_Baseline_Code08/F031.c,cppcheck,True,success,True,0,12,83,style,constVariablePointer,Variable 'cmd' can be declared as pointer to const,/home/yichen/Desktop/Deepseek_Baseline_Code08/F031.c|83|style|constVariablePointer|Variable 'cmd' can be declared as pointer to const,/home/yichen/Desktop/Deepseek_Baseline_Results08/logs/F031_cppcheck.log
/home/yichen/Desktop/Deepseek_Baseline_Code08/F031.c,cppcheck,True,success,True,0,12,86,style,constVariablePointer,Variable 'n_str' can be declared as pointer to const,/home/yichen/Desktop/Deepseek_Baseline_Code08/F031.c|86|style|constVariablePointer|Variable 'n_str' can be declared as pointer to const,/home/yichen/Desktop/Deepseek_Baseline_Results08/logs/F031_cppcheck.log
/home/yichen/Desktop/Deepseek_Baseline_Code08/F031.c,cppcheck,True,success,True,0,12,98,style,constVariablePointer,Variable 'name' can be declared as pointer to const,/home/yichen/Desktop/Deepseek_Baseline_Code08/F031.c|98|style|constVariablePointer|Variable 'name' can be declared as pointer to const,/home/yichen/Desktop/Deepseek_Baseline_Results08/logs/F031_cppcheck.log
/home/yichen/Desktop/Deepseek_Baseline_Code08/F031.c,cppcheck,True,success,True,0,12,100,style,constVariablePointer,Variable 'note' can be declared as pointer to const,/home/yichen/Desktop/Deepseek_Baseline_Code08/F031.c|100|style|constVariablePointer|Variable 'note' can be declared as pointer to const,/home/yichen/Desktop/Deepseek_Baseline_Results08/logs/F031_cppcheck.log
/home/yichen/Desktop/Deepseek_Baseline_Code08/F031.c,cppcheck,True,success,True,0,12,136,style,constVariablePointer,Variable 'name' can be declared as pointer to const,/home/yichen/Desktop/Deepseek_Baseline_Code08/F031.c|136|style|constVariablePointer|Variable 'name' can be declared as pointer to const,/home/yichen/Desktop/Deepseek_Baseline_Results08/logs/F031_cppcheck.log
/home/yichen/Desktop/Deepseek_Baseline_Code08/F031.c,cppcheck,True,success,True,0,12,139,style,constVariablePointer,Variable 'name' can be declared as pointer to const,/home/yichen/Desktop/Deepseek_Baseline_Code08/F031.c|139|style|constVariablePointer|Variable 'name' can be declared as pointer to const,/home/yichen/Desktop/Deepseek_Baseline_Results08/logs/F031_cppcheck.log
/home/yichen/Desktop/Deepseek_Baseline_Code08/F031.c,cppcheck,True,success,True,0,12,90,style,unusedVariable,Unused variable: batch_lines,/home/yichen/Desktop/Deepseek_Baseline_Code08/F031.c|90|style|unusedVariable|Unused variable: batch_lines,/home/yichen/Desktop/Deepseek_Baseline_Results08/logs/F031_cppcheck.log
nofile,cppcheck,True,success,True,0,12,0,information,checkersReport,Active checkers: 113/592 (use --checkers-report=<filename> to see details),nofile|0|information|checkersReport|Active checkers: 113/592 (use --checkers-report=<filename> to see details),/home/yichen/Desktop/Deepseek_Baseline_Results08/logs/F031_cppcheck.log
/home/yichen/Desktop/Deepseek_Baseline_Code08/F032.c,cppcheck,True,success,True,0,11,2,information,missingIncludeSystem,Include file: <stdio.h> not found. Please note: Cppcheck does not need standard library headers to get proper results.,/home/yichen/Desktop/Deepseek_Baseline_Code08/F032.c|2|information|missingIncludeSystem|Include file: <stdio.h> not found. Please note: Cppcheck does not need standard library headers to get proper results.,/home/yichen/Desktop/Deepseek_Baseline_Results08/logs/F032_cppcheck.log
/home/yichen/Desktop/Deepseek_Baseline_Code08/F032.c,cppcheck,True,success,True,0,11,3,information,missingIncludeSystem,Include file: <stdlib.h> not found. Please note: Cppcheck does not need standard library headers to get proper results.,/home/yichen/Desktop/Deepseek_Baseline_Code08/F032.c|3|information|missingIncludeSystem|Include file: <stdlib.h> not found. Please note: Cppcheck does not need standard library headers to get proper results.,/home/yichen/Desktop/Deepseek_Baseline_Results08/logs/F032_cppcheck.log
/home/yichen/Desktop/Deepseek_Baseline_Code08/F032.c,cppcheck,True,success,True,0,11,4,information,missingIncludeSystem,Include file: <string.h> not found. Please note: Cppcheck does not need standard library headers to get proper results.,/home/yichen/Desktop/Deepseek_Baseline_Code08/F032.c|4|information|missingIncludeSystem|Include file: <string.h> not found. Please note: Cppcheck does not need standard library headers to get proper results.,/home/yichen/Desktop/Deepseek_Baseline_Results08/logs/F032_cppcheck.log
/home/yichen/Desktop/Deepseek_Baseline_Code08/F032.c,cppcheck,True,success,True,0,11,119,style,constVariablePointer,Variable 's' can be declared as pointer to const,/home/yichen/Desktop/Deepseek_Baseline_Code08/F032.c|119|style|constVariablePointer|Variable 's' can be declared as pointer to const,/home/yichen/Desktop/Deepseek_Baseline_Results08/logs/F032_cppcheck.log
/home/yichen/Desktop/Deepseek_Baseline_Code08/F032.c,cppcheck,True,success,True,0,11,155,style,constVariablePointer,Variable 'cmd' can be declared as pointer to const,/home/yichen/Desktop/Deepseek_Baseline_Code08/F032.c|155|style|constVariablePointer|Variable 'cmd' can be declared as pointer to const,/home/yichen/Desktop/Deepseek_Baseline_Results08/logs/F032_cppcheck.log
/home/yichen/Desktop/Deepseek_Baseline_Code08/F032.c,cppcheck,True,success,True,0,11,158,style,constVariablePointer,Variable 'key' can be declared as pointer to const,/home/yichen/Desktop/Deepseek_Baseline_Code08/F032.c|158|style|constVariablePointer|Variable 'key' can be declared as pointer to const,/home/yichen/Desktop/Deepseek_Baseline_Results08/logs/F032_cppcheck.log
/home/yichen/Desktop/Deepseek_Baseline_Code08/F032.c,cppcheck,True,success,True,0,11,160,style,constVariablePointer,Variable 'val' can be declared as pointer to const,/home/yichen/Desktop/Deepseek_Baseline_Code08/F032.c|160|style|constVariablePointer|Variable 'val' can be declared as pointer to const,/home/yichen/Desktop/Deepseek_Baseline_Results08/logs/F032_cppcheck.log
/home/yichen/Desktop/Deepseek_Baseline_Code08/F032.c,cppcheck,True,success,True,0,11,169,style,constVariablePointer,Variable 'key' can be declared as pointer to const,/home/yichen/Desktop/Deepseek_Baseline_Code08/F032.c|169|style|constVariablePointer|Variable 'key' can be declared as pointer to const,/home/yichen/Desktop/Deepseek_Baseline_Results08/logs/F032_cppcheck.log
/home/yichen/Desktop/Deepseek_Baseline_Code08/F032.c,cppcheck,True,success,True,0,11,171,style,constVariablePointer,Variable 'val' can be declared as pointer to const,/home/yichen/Desktop/Deepseek_Baseline_Code08/F032.c|171|style|constVariablePointer|Variable 'val' can be declared as pointer to const,/home/yichen/Desktop/Deepseek_Baseline_Results08/logs/F032_cppcheck.log
/home/yichen/Desktop/Deepseek_Baseline_Code08/F032.c,cppcheck,True,success,True,0,11,179,style,constVariablePointer,Variable 'key' can be declared as pointer to const,/home/yichen/Desktop/Deepseek_Baseline_Code08/F032.c|179|style|constVariablePointer|Variable 'key' can be declared as pointer to const,/home/yichen/Desktop/Deepseek_Baseline_Results08/logs/F032_cppcheck.log
nofile,cppcheck,True,success,True,0,11,0,information,checkersReport,Active checkers: 113/592 (use --checkers-report=<filename> to see details),nofile|0|information|checkersReport|Active checkers: 113/592 (use --checkers-report=<filename> to see details),/home/yichen/Desktop/Deepseek_Baseline_Results08/logs/F032_cppcheck.log
/home/yichen/Desktop/Deepseek_Baseline_Code08/F033.c,cppcheck,True,success,True,0,16,2,information,missingIncludeSystem,Include file: <stdio.h> not found. Please note: Cppcheck does not need standard library headers to get proper results.,/home/yichen/Desktop/Deepseek_Baseline_Code08/F033.c|2|information|missingIncludeSystem|Include file: <stdio.h> not found. Please note: Cppcheck does not need standard library headers to get proper results.,/home/yichen/Desktop/Deepseek_Baseline_Results08/logs/F033_cppcheck.log
/home/yichen/Desktop/Deepseek_Baseline_Code08/F033.c,cppcheck,True,success,True,0,16,3,information,missingIncludeSystem,Include file: <stdlib.h> not found. Please note: Cppcheck does not need standard library headers to get proper results.,/home/yichen/Desktop/Deepseek_Baseline_Code08/F033.c|3|information|missingIncludeSystem|Include file: <stdlib.h> not found. Please note: Cppcheck does not need standard library headers to get proper results.,/home/yichen/Desktop/Deepseek_Baseline_Results08/logs/F033_cppcheck.log
/home/yichen/Desktop/Deepseek_Baseline_Code08/F033.c,cppcheck,True,success,True,0,16,4,information,missingIncludeSystem,Include file: <string.h> not found. Please note: Cppcheck does not need standard library headers to get proper results.,/home/yichen/Desktop/Deepseek_Baseline_Code08/F033.c|4|information|missingIncludeSystem|Include file: <string.h> not found. Please note: Cppcheck does not need standard library headers to get proper results.,/home/yichen/Desktop/Deepseek_Baseline_Results08/logs/F033_cppcheck.log
/home/yichen/Desktop/Deepseek_Baseline_Code08/F033.c,cppcheck,True,success,True,0,16,71,style,constVariablePointer,Variable 'e' can be declared as pointer to const,/home/yichen/Desktop/Deepseek_Baseline_Code08/F033.c|71|style|constVariablePointer|Variable 'e' can be declared as pointer to const,/home/yichen/Desktop/Deepseek_Baseline_Results08/logs/F033_cppcheck.log
/home/yichen/Desktop/Deepseek_Baseline_Code08/F033.c,cppcheck,True,success,True,0,16,102,style,constVariablePointer,Variable 'cmd' can be declared as pointer to const,/home/yichen/Desktop/Deepseek_Baseline_Code08/F033.c|102|style|constVariablePointer|Variable 'cmd' can be declared as pointer to const,/home/yichen/Desktop/Deepseek_Baseline_Results08/logs/F033_cppcheck.log
/home/yichen/Desktop/Deepseek_Baseline_Code08/F033.c,cppcheck,True,success,True,0,16,105,style,constVariablePointer,Variable 'id' can be declared as pointer to const,/home/yichen/Desktop/Deepseek_Baseline_Code08/F033.c|105|style|constVariablePointer|Variable 'id' can be declared as pointer to const,/home/yichen/Desktop/Deepseek_Baseline_Results08/logs/F033_cppcheck.log
/home/yichen/Desktop/Deepseek_Baseline_Code08/F033.c,cppcheck,True,success,True,0,16,107,style,constVariablePointer,Variable 'name' can be declared as pointer to const,/home/yichen/Desktop/Deepseek_Baseline_Code08/F033.c|107|style|constVariablePointer|Variable 'name' can be declared as pointer to const,/home/yichen/Desktop/Deepseek_Baseline_Results08/logs/F033_cppcheck.log
/home/yichen/Desktop/Deepseek_Baseline_Code08/F033.c,cppcheck,True,success,True,0,16,109,style,constVariablePointer,Variable 'dept' can be declared as pointer to const,/home/yichen/Desktop/Deepseek_Baseline_Code08/F033.c|109|style|constVariablePointer|Variable 'dept' can be declared as pointer to const,/home/yichen/Desktop/Deepseek_Baseline_Results08/logs/F033_cppcheck.log
/home/yichen/Desktop/Deepseek_Baseline_Code08/F033.c,cppcheck,True,success,True,0,16,111,style,constVariablePointer,Variable 'title' can be declared as pointer to const,/home/yichen/Desktop/Deepseek_Baseline_Code08/F033.c|111|style|constVariablePointer|Variable 'title' can be declared as pointer to const,/home/yichen/Desktop/Deepseek_Baseline_Results08/logs/F033_cppcheck.log
/home/yichen/Desktop/Deepseek_Baseline_Code08/F033.c,cppcheck,True,success,True,0,16,115,style,constVariablePointer,Variable 'id' can be declared as pointer to const,/home/yichen/Desktop/Deepseek_Baseline_Code08/F033.c|115|style|constVariablePointer|Variable 'id' can be declared as pointer to const,/home/yichen/Desktop/Deepseek_Baseline_Results08/logs/F033_cppcheck.log
/home/yichen/Desktop/Deepseek_Baseline_Code08/F033.c,cppcheck,True,success,True,0,16,117,style,constVariablePointer,Variable 'name' can be declared as pointer to const,/home/yichen/Desktop/Deepseek_Baseline_Code08/F033.c|117|style|constVariablePointer|Variable 'name' can be declared as pointer to const,/home/yichen/Desktop/Deepseek_Baseline_Results08/logs/F033_cppcheck.log
/home/yichen/Desktop/Deepseek_Baseline_Code08/F033.c,cppcheck,True,success,True,0,16,119,style,constVariablePointer,Variable 'dept' can be declared as pointer to const,/home/yichen/Desktop/Deepseek_Baseline_Code08/F033.c|119|style|constVariablePointer|Variable 'dept' can be declared as pointer to const,/home/yichen/Desktop/Deepseek_Baseline_Results08/logs/F033_cppcheck.log
/home/yichen/Desktop/Deepseek_Baseline_Code08/F033.c,cppcheck,True,success,True,0,16,121,style,constVariablePointer,Variable 'title' can be declared as pointer to const,/home/yichen/Desktop/Deepseek_Baseline_Code08/F033.c|121|style|constVariablePointer|Variable 'title' can be declared as pointer to const,/home/yichen/Desktop/Deepseek_Baseline_Results08/logs/F033_cppcheck.log
/home/yichen/Desktop/Deepseek_Baseline_Code08/F033.c,cppcheck,True,success,True,0,16,125,style,constVariablePointer,Variable 'id' can be declared as pointer to const,/home/yichen/Desktop/Deepseek_Baseline_Code08/F033.c|125|style|constVariablePointer|Variable 'id' can be declared as pointer to const,/home/yichen/Desktop/Deepseek_Baseline_Results08/logs/F033_cppcheck.log
/home/yichen/Desktop/Deepseek_Baseline_Code08/F033.c,cppcheck,True,success,True,0,16,128,style,constVariablePointer,Variable 'id' can be declared as pointer to const,/home/yichen/Desktop/Deepseek_Baseline_Code08/F033.c|128|style|constVariablePointer|Variable 'id' can be declared as pointer to const,/home/yichen/Desktop/Deepseek_Baseline_Results08/logs/F033_cppcheck.log
nofile,cppcheck,True,success,True,0,16,0,information,checkersReport,Active checkers: 113/592 (use --checkers-report=<filename> to see details),nofile|0|information|checkersReport|Active checkers: 113/592 (use --checkers-report=<filename> to see details),/home/yichen/Desktop/Deepseek_Baseline_Results08/logs/F033_cppcheck.log
/home/yichen/Desktop/Deepseek_Baseline_Code08/F034.c,cppcheck,True,success,True,0,10,2,information,missingIncludeSystem,Include file: <stdio.h> not found. Please note: Cppcheck does not need standard library headers to get proper results.,/home/yichen/Desktop/Deepseek_Baseline_Code08/F034.c|2|information|missingIncludeSystem|Include file: <stdio.h> not found. Please note: Cppcheck does not need standard library headers to get proper results.,/home/yichen/Desktop/Deepseek_Baseline_Results08/logs/F034_cppcheck.log
/home/yichen/Desktop/Deepseek_Baseline_Code08/F034.c,cppcheck,True,success,True,0,10,3,information,missingIncludeSystem,Include file: <stdlib.h> not found. Please note: Cppcheck does not need standard library headers to get proper results.,/home/yichen/Desktop/Deepseek_Baseline_Code08/F034.c|3|information|missingIncludeSystem|Include file: <stdlib.h> not found. Please note: Cppcheck does not need standard library headers to get proper results.,/home/yichen/Desktop/Deepseek_Baseline_Results08/logs/F034_cppcheck.log
/home/yichen/Desktop/Deepseek_Baseline_Code08/F034.c,cppcheck,True,success,True,0,10,4,information,missingIncludeSystem,Include file: <string.h> not found. Please note: Cppcheck does not need standard library headers to get proper results.,/home/yichen/Desktop/Deepseek_Baseline_Code08/F034.c|4|information|missingIncludeSystem|Include file: <string.h> not found. Please note: Cppcheck does not need standard library headers to get proper results.,/home/yichen/Desktop/Deepseek_Baseline_Results08/logs/F034_cppcheck.log
/home/yichen/Desktop/Deepseek_Baseline_Code08/F034.c,cppcheck,True,success,True,0,10,81,style,constVariablePointer,Variable 'name' can be declared as pointer to const,/home/yichen/Desktop/Deepseek_Baseline_Code08/F034.c|81|style|constVariablePointer|Variable 'name' can be declared as pointer to const,/home/yichen/Desktop/Deepseek_Baseline_Results08/logs/F034_cppcheck.log
/home/yichen/Desktop/Deepseek_Baseline_Code08/F034.c,cppcheck,True,success,True,0,10,83,style,constVariablePointer,Variable 'note' can be declared as pointer to const,/home/yichen/Desktop/Deepseek_Baseline_Code08/F034.c|83|style|constVariablePointer|Variable 'note' can be declared as pointer to const,/home/yichen/Desktop/Deepseek_Baseline_Results08/logs/F034_cppcheck.log
/home/yichen/Desktop/Deepseek_Baseline_Code08/F034.c,cppcheck,True,success,True,0,10,117,style,constVariablePointer,Variable 'cmd' can be declared as pointer to const,/home/yichen/Desktop/Deepseek_Baseline_Code08/F034.c|117|style|constVariablePointer|Variable 'cmd' can be declared as pointer to const,/home/yichen/Desktop/Deepseek_Baseline_Results08/logs/F034_cppcheck.log
/home/yichen/Desktop/Deepseek_Baseline_Code08/F034.c,cppcheck,True,success,True,0,10,130,style,constVariablePointer,Variable 'name' can be declared as pointer to const,/home/yichen/Desktop/Deepseek_Baseline_Code08/F034.c|130|style|constVariablePointer|Variable 'name' can be declared as pointer to const,/home/yichen/Desktop/Deepseek_Baseline_Results08/logs/F034_cppcheck.log
/home/yichen/Desktop/Deepseek_Baseline_Code08/F034.c,cppcheck,True,success,True,0,10,132,style,constVariablePointer,Variable 'note' can be declared as pointer to const,/home/yichen/Desktop/Deepseek_Baseline_Code08/F034.c|132|style|constVariablePointer|Variable 'note' can be declared as pointer to const,/home/yichen/Desktop/Deepseek_Baseline_Results08/logs/F034_cppcheck.log
/home/yichen/Desktop/Deepseek_Baseline_Code08/F034.c,cppcheck,True,success,True,0,10,136,style,constVariablePointer,Variable 'name' can be declared as pointer to const,/home/yichen/Desktop/Deepseek_Baseline_Code08/F034.c|136|style|constVariablePointer|Variable 'name' can be declared as pointer to const,/home/yichen/Desktop/Deepseek_Baseline_Results08/logs/F034_cppcheck.log
nofile,cppcheck,True,success,True,0,10,0,information,checkersReport,Active checkers: 113/592 (use --checkers-report=<filename> to see details),nofile|0|information|checkersReport|Active checkers: 113/592 (use --checkers-report=<filename> to see details),/home/yichen/Desktop/Deepseek_Baseline_Results08/logs/F034_cppcheck.log
/home/yichen/Desktop/Deepseek_Baseline_Code08/F035.c,cppcheck,True,success,True,0,13,2,information,missingIncludeSystem,Include file: <stdio.h> not found. Please note: Cppcheck does not need standard library headers to get proper results.,/home/yichen/Desktop/Deepseek_Baseline_Code08/F035.c|2|information|missingIncludeSystem|Include file: <stdio.h> not found. Please note: Cppcheck does not need standard library headers to get proper results.,/home/yichen/Desktop/Deepseek_Baseline_Results08/logs/F035_cppcheck.log
/home/yichen/Desktop/Deepseek_Baseline_Code08/F035.c,cppcheck,True,success,True,0,13,3,information,missingIncludeSystem,Include file: <stdlib.h> not found. Please note: Cppcheck does not need standard library headers to get proper results.,/home/yichen/Desktop/Deepseek_Baseline_Code08/F035.c|3|information|missingIncludeSystem|Include file: <stdlib.h> not found. Please note: Cppcheck does not need standard library headers to get proper results.,/home/yichen/Desktop/Deepseek_Baseline_Results08/logs/F035_cppcheck.log
/home/yichen/Desktop/Deepseek_Baseline_Code08/F035.c,cppcheck,True,success,True,0,13,4,information,missingIncludeSystem,Include file: <string.h> not found. Please note: Cppcheck does not need standard library headers to get proper results.,/home/yichen/Desktop/Deepseek_Baseline_Code08/F035.c|4|information|missingIncludeSystem|Include file: <string.h> not found. Please note: Cppcheck does not need standard library headers to get proper results.,/home/yichen/Desktop/Deepseek_Baseline_Results08/logs/F035_cppcheck.log
/home/yichen/Desktop/Deepseek_Baseline_Code08/F035.c,cppcheck,True,success,True,0,13,39,style,constVariablePointer,Variable 'old_job' can be declared as pointer to const,/home/yichen/Desktop/Deepseek_Baseline_Code08/F035.c|39|style|constVariablePointer|Variable 'old_job' can be declared as pointer to const,/home/yichen/Desktop/Deepseek_Baseline_Results08/logs/F035_cppcheck.log
/home/yichen/Desktop/Deepseek_Baseline_Code08/F035.c,cppcheck,True,success,True,0,13,70,style,constVariablePointer,Variable 'j' can be declared as pointer to const,/home/yichen/Desktop/Deepseek_Baseline_Code08/F035.c|70|style|constVariablePointer|Variable 'j' can be declared as pointer to const,/home/yichen/Desktop/Deepseek_Baseline_Results08/logs/F035_cppcheck.log
/home/yichen/Desktop/Deepseek_Baseline_Code08/F035.c,cppcheck,True,success,True,0,13,100,style,constVariablePointer,Variable 'cmd' can be declared as pointer to const,/home/yichen/Desktop/Deepseek_Baseline_Code08/F035.c|100|style|constVariablePointer|Variable 'cmd' can be declared as pointer to const,/home/yichen/Desktop/Deepseek_Baseline_Results08/logs/F035_cppcheck.log
/home/yichen/Desktop/Deepseek_Baseline_Code08/F035.c,cppcheck,True,success,True,0,13,103,style,constVariablePointer,Variable 'name' can be declared as pointer to const,/home/yichen/Desktop/Deepseek_Baseline_Code08/F035.c|103|style|constVariablePointer|Variable 'name' can be declared as pointer to const,/home/yichen/Desktop/Deepseek_Baseline_Results08/logs/F035_cppcheck.log
/home/yichen/Desktop/Deepseek_Baseline_Code08/F035.c,cppcheck,True,success,True,0,13,105,style,constVariablePointer,Variable 'payload' can be declared as pointer to const,/home/yichen/Desktop/Deepseek_Baseline_Code08/F035.c|105|style|constVariablePointer|Variable 'payload' can be declared as pointer to const,/home/yichen/Desktop/Deepseek_Baseline_Results08/logs/F035_cppcheck.log
/home/yichen/Desktop/Deepseek_Baseline_Code08/F035.c,cppcheck,True,success,True,0,13,109,style,constVariablePointer,Variable 'old' can be declared as pointer to const,/home/yichen/Desktop/Deepseek_Baseline_Code08/F035.c|109|style|constVariablePointer|Variable 'old' can be declared as pointer to const,/home/yichen/Desktop/Deepseek_Baseline_Results08/logs/F035_cppcheck.log
/home/yichen/Desktop/Deepseek_Baseline_Code08/F035.c,cppcheck,True,success,True,0,13,111,style,constVariablePointer,Variable 'new' can be declared as pointer to const,/home/yichen/Desktop/Deepseek_Baseline_Code08/F035.c|111|style|constVariablePointer|Variable 'new' can be declared as pointer to const,/home/yichen/Desktop/Deepseek_Baseline_Results08/logs/F035_cppcheck.log
/home/yichen/Desktop/Deepseek_Baseline_Code08/F035.c,cppcheck,True,success,True,0,13,114,style,constVariablePointer,Variable 'name' can be declared as pointer to const,/home/yichen/Desktop/Deepseek_Baseline_Code08/F035.c|114|style|constVariablePointer|Variable 'name' can be declared as pointer to const,/home/yichen/Desktop/Deepseek_Baseline_Results08/logs/F035_cppcheck.log
/home/yichen/Desktop/Deepseek_Baseline_Code08/F035.c,cppcheck,True,success,True,0,13,117,style,constVariablePointer,Variable 'name' can be declared as pointer to const,/home/yichen/Desktop/Deepseek_Baseline_Code08/F035.c|117|style|constVariablePointer|Variable 'name' can be declared as pointer to const,/home/yichen/Desktop/Deepseek_Baseline_Results08/logs/F035_cppcheck.log
nofile,cppcheck,True,success,True,0,13,0,information,checkersReport,Active checkers: 113/592 (use --checkers-report=<filename> to see details),nofile|0|information|checkersReport|Active checkers: 113/592 (use --checkers-report=<filename> to see details),/home/yichen/Desktop/Deepseek_Baseline_Results08/logs/F035_cppcheck.log
/home/yichen/Desktop/Deepseek_Baseline_Code08/F036.c,cppcheck,True,success,True,0,11,2,information,missingIncludeSystem,Include file: <stdio.h> not found. Please note: Cppcheck does not need standard library headers to get proper results.,/home/yichen/Desktop/Deepseek_Baseline_Code08/F036.c|2|information|missingIncludeSystem|Include file: <stdio.h> not found. Please note: Cppcheck does not need standard library headers to get proper results.,/home/yichen/Desktop/Deepseek_Baseline_Results08/logs/F036_cppcheck.log
/home/yichen/Desktop/Deepseek_Baseline_Code08/F036.c,cppcheck,True,success,True,0,11,3,information,missingIncludeSystem,Include file: <stdlib.h> not found. Please note: Cppcheck does not need standard library headers to get proper results.,/home/yichen/Desktop/Deepseek_Baseline_Code08/F036.c|3|information|missingIncludeSystem|Include file: <stdlib.h> not found. Please note: Cppcheck does not need standard library headers to get proper results.,/home/yichen/Desktop/Deepseek_Baseline_Results08/logs/F036_cppcheck.log
/home/yichen/Desktop/Deepseek_Baseline_Code08/F036.c,cppcheck,True,success,True,0,11,4,information,missingIncludeSystem,Include file: <string.h> not found. Please note: Cppcheck does not need standard library headers to get proper results.,/home/yichen/Desktop/Deepseek_Baseline_Code08/F036.c|4|information|missingIncludeSystem|Include file: <string.h> not found. Please note: Cppcheck does not need standard library headers to get proper results.,/home/yichen/Desktop/Deepseek_Baseline_Results08/logs/F036_cppcheck.log
/home/yichen/Desktop/Deepseek_Baseline_Code08/F036.c,cppcheck,True,success,True,0,11,5,information,missingIncludeSystem,Include file: <ctype.h> not found. Please note: Cppcheck does not need standard library headers to get proper results.,/home/yichen/Desktop/Deepseek_Baseline_Code08/F036.c|5|information|missingIncludeSystem|Include file: <ctype.h> not found. Please note: Cppcheck does not need standard library headers to get proper results.,/home/yichen/Desktop/Deepseek_Baseline_Results08/logs/F036_cppcheck.log
/home/yichen/Desktop/Deepseek_Baseline_Code08/F036.c,cppcheck,True,success,True,0,11,31,style,constVariablePointer,Variable 'data' can be declared as pointer to const,/home/yichen/Desktop/Deepseek_Baseline_Code08/F036.c|31|style|constVariablePointer|Variable 'data' can be declared as pointer to const,/home/yichen/Desktop/Deepseek_Baseline_Results08/logs/F036_cppcheck.log
/home/yichen/Desktop/Deepseek_Baseline_Code08/F036.c,cppcheck,True,success,True,0,11,101,style,constVariablePointer,Variable 'cmd' can be declared as pointer to const,/home/yichen/Desktop/Deepseek_Baseline_Code08/F036.c|101|style|constVariablePointer|Variable 'cmd' can be declared as pointer to const,/home/yichen/Desktop/Deepseek_Baseline_Results08/logs/F036_cppcheck.log
/home/yichen/Desktop/Deepseek_Baseline_Code08/F036.c,cppcheck,True,success,True,0,11,104,style,constVariablePointer,Variable 'name' can be declared as pointer to const,/home/yichen/Desktop/Deepseek_Baseline_Code08/F036.c|104|style|constVariablePointer|Variable 'name' can be declared as pointer to const,/home/yichen/Desktop/Deepseek_Baseline_Results08/logs/F036_cppcheck.log
/home/yichen/Desktop/Deepseek_Baseline_Code08/F036.c,cppcheck,True,success,True,0,11,106,style,constVariablePointer,Variable 'spec' can be declared as pointer to const,/home/yichen/Desktop/Deepseek_Baseline_Code08/F036.c|106|style|constVariablePointer|Variable 'spec' can be declared as pointer to const,/home/yichen/Desktop/Deepseek_Baseline_Results08/logs/F036_cppcheck.log
/home/yichen/Desktop/Deepseek_Baseline_Code08/F036.c,cppcheck,True,success,True,0,11,110,style,constVariablePointer,Variable 'name' can be declared as pointer to const,/home/yichen/Desktop/Deepseek_Baseline_Code08/F036.c|110|style|constVariablePointer|Variable 'name' can be declared as pointer to const,/home/yichen/Desktop/Deepseek_Baseline_Results08/logs/F036_cppcheck.log
/home/yichen/Desktop/Deepseek_Baseline_Code08/F036.c,cppcheck,True,success,True,0,11,113,style,constVariablePointer,Variable 'name' can be declared as pointer to const,/home/yichen/Desktop/Deepseek_Baseline_Code08/F036.c|113|style|constVariablePointer|Variable 'name' can be declared as pointer to const,/home/yichen/Desktop/Deepseek_Baseline_Results08/logs/F036_cppcheck.log
nofile,cppcheck,True,success,True,0,11,0,information,checkersReport,Active checkers: 113/592 (use --checkers-report=<filename> to see details),nofile|0|information|checkersReport|Active checkers: 113/592 (use --checkers-report=<filename> to see details),/home/yichen/Desktop/Deepseek_Baseline_Results08/logs/F036_cppcheck.log
/home/yichen/Desktop/Deepseek_Baseline_Code08/F037.c,cppcheck,True,success,True,0,15,2,information,missingIncludeSystem,Include file: <stdio.h> not found. Please note: Cppcheck does not need standard library headers to get proper results.,/home/yichen/Desktop/Deepseek_Baseline_Code08/F037.c|2|information|missingIncludeSystem|Include file: <stdio.h> not found. Please note: Cppcheck does not need standard library headers to get proper results.,/home/yichen/Desktop/Deepseek_Baseline_Results08/logs/F037_cppcheck.log
/home/yichen/Desktop/Deepseek_Baseline_Code08/F037.c,cppcheck,True,success,True,0,15,3,information,missingIncludeSystem,Include file: <stdlib.h> not found. Please note: Cppcheck does not need standard library headers to get proper results.,/home/yichen/Desktop/Deepseek_Baseline_Code08/F037.c|3|information|missingIncludeSystem|Include file: <stdlib.h> not found. Please note: Cppcheck does not need standard library headers to get proper results.,/home/yichen/Desktop/Deepseek_Baseline_Results08/logs/F037_cppcheck.log
/home/yichen/Desktop/Deepseek_Baseline_Code08/F037.c,cppcheck,True,success,True,0,15,4,information,missingIncludeSystem,Include file: <string.h> not found. Please note: Cppcheck does not need standard library headers to get proper results.,/home/yichen/Desktop/Deepseek_Baseline_Code08/F037.c|4|information|missingIncludeSystem|Include file: <string.h> not found. Please note: Cppcheck does not need standard library headers to get proper results.,/home/yichen/Desktop/Deepseek_Baseline_Results08/logs/F037_cppcheck.log
/home/yichen/Desktop/Deepseek_Baseline_Code08/F037.c,cppcheck,True,success,True,0,15,5,information,missingIncludeSystem,Include file: <ctype.h> not found. Please note: Cppcheck does not need standard library headers to get proper results.,/home/yichen/Desktop/Deepseek_Baseline_Code08/F037.c|5|information|missingIncludeSystem|Include file: <ctype.h> not found. Please note: Cppcheck does not need standard library headers to get proper results.,/home/yichen/Desktop/Deepseek_Baseline_Results08/logs/F037_cppcheck.log
/home/yichen/Desktop/Deepseek_Baseline_Code08/F037.c,cppcheck,True,success,True,0,15,85,style,constVariablePointer,Variable 'b' can be declared as pointer to const,/home/yichen/Desktop/Deepseek_Baseline_Code08/F037.c|85|style|constVariablePointer|Variable 'b' can be declared as pointer to const,/home/yichen/Desktop/Deepseek_Baseline_Results08/logs/F037_cppcheck.log
/home/yichen/Desktop/Deepseek_Baseline_Code08/F037.c,cppcheck,True,success,True,0,15,134,style,constVariablePointer,Variable 'cmd' can be declared as pointer to const,/home/yichen/Desktop/Deepseek_Baseline_Code08/F037.c|134|style|constVariablePointer|Variable 'cmd' can be declared as pointer to const,/home/yichen/Desktop/Deepseek_Baseline_Results08/logs/F037_cppcheck.log
/home/yichen/Desktop/Deepseek_Baseline_Code08/F037.c,cppcheck,True,success,True,0,15,137,style,constVariablePointer,Variable 'name' can be declared as pointer to const,/home/yichen/Desktop/Deepseek_Baseline_Code08/F037.c|137|style|constVariablePointer|Variable 'name' can be declared as pointer to const,/home/yichen/Desktop/Deepseek_Baseline_Results08/logs/F037_cppcheck.log
/home/yichen/Desktop/Deepseek_Baseline_Code08/F037.c,cppcheck,True,success,True,0,15,139,style,constVariablePointer,Variable 'hex' can be declared as pointer to const,/home/yichen/Desktop/Deepseek_Baseline_Code08/F037.c|139|style|constVariablePointer|Variable 'hex' can be declared as pointer to const,/home/yichen/Desktop/Deepseek_Baseline_Results08/logs/F037_cppcheck.log
/home/yichen/Desktop/Deepseek_Baseline_Code08/F037.c,cppcheck,True,success,True,0,15,143,style,constVariablePointer,Variable 'name' can be declared as pointer to const,/home/yichen/Desktop/Deepseek_Baseline_Code08/F037.c|143|style|constVariablePointer|Variable 'name' can be declared as pointer to const,/home/yichen/Desktop/Deepseek_Baseline_Results08/logs/F037_cppcheck.log
/home/yichen/Desktop/Deepseek_Baseline_Code08/F037.c,cppcheck,True,success,True,0,15,145,style,constVariablePointer,Variable 'hex' can be declared as pointer to const,/home/yichen/Desktop/Deepseek_Baseline_Code08/F037.c|145|style|constVariablePointer|Variable 'hex' can be declared as pointer to const,/home/yichen/Desktop/Deepseek_Baseline_Results08/logs/F037_cppcheck.log
/home/yichen/Desktop/Deepseek_Baseline_Code08/F037.c,cppcheck,True,success,True,0,15,149,style,constVariablePointer,Variable 'name' can be declared as pointer to const,/home/yichen/Desktop/Deepseek_Baseline_Code08/F037.c|149|style|constVariablePointer|Variable 'name' can be declared as pointer to const,/home/yichen/Desktop/Deepseek_Baseline_Results08/logs/F037_cppcheck.log
/home/yichen/Desktop/Deepseek_Baseline_Code08/F037.c,cppcheck,True,success,True,0,15,151,style,constVariablePointer,Variable 'off_str' can be declared as pointer to const,/home/yichen/Desktop/Deepseek_Baseline_Code08/F037.c|151|style|constVariablePointer|Variable 'off_str' can be declared as pointer to const,/home/yichen/Desktop/Deepseek_Baseline_Results08/logs/F037_cppcheck.log
/home/yichen/Desktop/Deepseek_Baseline_Code08/F037.c,cppcheck,True,success,True,0,15,153,style,constVariablePointer,Variable 'len_str' can be declared as pointer to const,/home/yichen/Desktop/Deepseek_Baseline_Code08/F037.c|153|style|constVariablePointer|Variable 'len_str' can be declared as pointer to const,/home/yichen/Desktop/Deepseek_Baseline_Results08/logs/F037_cppcheck.log
/home/yichen/Desktop/Deepseek_Baseline_Code08/F037.c,cppcheck,True,success,True,0,15,159,style,constVariablePointer,Variable 'name' can be declared as pointer to const,/home/yichen/Desktop/Deepseek_Baseline_Code08/F037.c|159|style|constVariablePointer|Variable 'name' can be declared as pointer to const,/home/yichen/Desktop/Deepseek_Baseline_Results08/logs/F037_cppcheck.log
nofile,cppcheck,True,success,True,0,15,0,information,checkersReport,Active checkers: 113/592 (use --checkers-report=<filename> to see details),nofile|0|information|checkersReport|Active checkers: 113/592 (use --checkers-report=<filename> to see details),/home/yichen/Desktop/Deepseek_Baseline_Results08/logs/F037_cppcheck.log
/home/yichen/Desktop/Deepseek_Baseline_Code08/F038.c,cppcheck,True,success,True,0,12,2,information,missingIncludeSystem,Include file: <stdio.h> not found. Please note: Cppcheck does not need standard library headers to get proper results.,/home/yichen/Desktop/Deepseek_Baseline_Code08/F038.c|2|information|missingIncludeSystem|Include file: <stdio.h> not found. Please note: Cppcheck does not need standard library headers to get proper results.,/home/yichen/Desktop/Deepseek_Baseline_Results08/logs/F038_cppcheck.log
/home/yichen/Desktop/Deepseek_Baseline_Code08/F038.c,cppcheck,True,success,True,0,12,3,information,missingIncludeSystem,Include file: <stdlib.h> not found. Please note: Cppcheck does not need standard library headers to get proper results.,/home/yichen/Desktop/Deepseek_Baseline_Code08/F038.c|3|information|missingIncludeSystem|Include file: <stdlib.h> not found. Please note: Cppcheck does not need standard library headers to get proper results.,/home/yichen/Desktop/Deepseek_Baseline_Results08/logs/F038_cppcheck.log
/home/yichen/Desktop/Deepseek_Baseline_Code08/F038.c,cppcheck,True,success,True,0,12,4,information,missingIncludeSystem,Include file: <string.h> not found. Please note: Cppcheck does not need standard library headers to get proper results.,/home/yichen/Desktop/Deepseek_Baseline_Code08/F038.c|4|information|missingIncludeSystem|Include file: <string.h> not found. Please note: Cppcheck does not need standard library headers to get proper results.,/home/yichen/Desktop/Deepseek_Baseline_Results08/logs/F038_cppcheck.log
/home/yichen/Desktop/Deepseek_Baseline_Code08/F038.c,cppcheck,True,success,True,0,12,5,information,missingIncludeSystem,Include file: <ctype.h> not found. Please note: Cppcheck does not need standard library headers to get proper results.,/home/yichen/Desktop/Deepseek_Baseline_Code08/F038.c|5|information|missingIncludeSystem|Include file: <ctype.h> not found. Please note: Cppcheck does not need standard library headers to get proper results.,/home/yichen/Desktop/Deepseek_Baseline_Results08/logs/F038_cppcheck.log
/home/yichen/Desktop/Deepseek_Baseline_Code08/F038.c,cppcheck,True,success,True,0,12,79,style,constVariablePointer,Variable 'e' can be declared as pointer to const,/home/yichen/Desktop/Deepseek_Baseline_Code08/F038.c|79|style|constVariablePointer|Variable 'e' can be declared as pointer to const,/home/yichen/Desktop/Deepseek_Baseline_Results08/logs/F038_cppcheck.log
/home/yichen/Desktop/Deepseek_Baseline_Code08/F038.c,cppcheck,True,success,True,0,12,133,style,constVariablePointer,Variable 'cmd' can be declared as pointer to const,/home/yichen/Desktop/Deepseek_Baseline_Code08/F038.c|133|style|constVariablePointer|Variable 'cmd' can be declared as pointer to const,/home/yichen/Desktop/Deepseek_Baseline_Results08/logs/F038_cppcheck.log
/home/yichen/Desktop/Deepseek_Baseline_Code08/F038.c,cppcheck,True,success,True,0,12,136,style,constVariablePointer,Variable 'name' can be declared as pointer to const,/home/yichen/Desktop/Deepseek_Baseline_Code08/F038.c|136|style|constVariablePointer|Variable 'name' can be declared as pointer to const,/home/yichen/Desktop/Deepseek_Baseline_Results08/logs/F038_cppcheck.log
/home/yichen/Desktop/Deepseek_Baseline_Code08/F038.c,cppcheck,True,success,True,0,12,138,style,constVariablePointer,Variable 'enc' can be declared as pointer to const,/home/yichen/Desktop/Deepseek_Baseline_Code08/F038.c|138|style|constVariablePointer|Variable 'enc' can be declared as pointer to const,/home/yichen/Desktop/Deepseek_Baseline_Results08/logs/F038_cppcheck.log
/home/yichen/Desktop/Deepseek_Baseline_Code08/F038.c,cppcheck,True,success,True,0,12,142,style,constVariablePointer,Variable 'name' can be declared as pointer to const,/home/yichen/Desktop/Deepseek_Baseline_Code08/F038.c|142|style|constVariablePointer|Variable 'name' can be declared as pointer to const,/home/yichen/Desktop/Deepseek_Baseline_Results08/logs/F038_cppcheck.log
/home/yichen/Desktop/Deepseek_Baseline_Code08/F038.c,cppcheck,True,success,True,0,12,145,style,constVariablePointer,Variable 'name' can be declared as pointer to const,/home/yichen/Desktop/Deepseek_Baseline_Code08/F038.c|145|style|constVariablePointer|Variable 'name' can be declared as pointer to const,/home/yichen/Desktop/Deepseek_Baseline_Results08/logs/F038_cppcheck.log
/home/yichen/Desktop/Deepseek_Baseline_Code08/F038.c,cppcheck,True,success,True,0,12,37,style,unreadVariable,Variable 'ch' is assigned a value that is never used.,/home/yichen/Desktop/Deepseek_Baseline_Code08/F038.c|37|style|unreadVariable|Variable 'ch' is assigned a value that is never used.,/home/yichen/Desktop/Deepseek_Baseline_Results08/logs/F038_cppcheck.log
nofile,cppcheck,True,success,True,0,12,0,information,checkersReport,Active checkers: 113/592 (use --checkers-report=<filename> to see details),nofile|0|information|checkersReport|Active checkers: 113/592 (use --checkers-report=<filename> to see details),/home/yichen/Desktop/Deepseek_Baseline_Results08/logs/F038_cppcheck.log
/home/yichen/Desktop/Deepseek_Baseline_Code08/F039.c,cppcheck,True,success,True,0,17,2,information,missingIncludeSystem,Include file: <stdio.h> not found. Please note: Cppcheck does not need standard library headers to get proper results.,/home/yichen/Desktop/Deepseek_Baseline_Code08/F039.c|2|information|missingIncludeSystem|Include file: <stdio.h> not found. Please note: Cppcheck does not need standard library headers to get proper results.,/home/yichen/Desktop/Deepseek_Baseline_Results08/logs/F039_cppcheck.log
/home/yichen/Desktop/Deepseek_Baseline_Code08/F039.c,cppcheck,True,success,True,0,17,3,information,missingIncludeSystem,Include file: <stdlib.h> not found. Please note: Cppcheck does not need standard library headers to get proper results.,/home/yichen/Desktop/Deepseek_Baseline_Code08/F039.c|3|information|missingIncludeSystem|Include file: <stdlib.h> not found. Please note: Cppcheck does not need standard library headers to get proper results.,/home/yichen/Desktop/Deepseek_Baseline_Results08/logs/F039_cppcheck.log
/home/yichen/Desktop/Deepseek_Baseline_Code08/F039.c,cppcheck,True,success,True,0,17,4,information,missingIncludeSystem,Include file: <string.h> not found. Please note: Cppcheck does not need standard library headers to get proper results.,/home/yichen/Desktop/Deepseek_Baseline_Code08/F039.c|4|information|missingIncludeSystem|Include file: <string.h> not found. Please note: Cppcheck does not need standard library headers to get proper results.,/home/yichen/Desktop/Deepseek_Baseline_Results08/logs/F039_cppcheck.log
/home/yichen/Desktop/Deepseek_Baseline_Code08/F039.c,cppcheck,True,success,True,0,17,57,style,constVariablePointer,Variable 't' can be declared as pointer to const,/home/yichen/Desktop/Deepseek_Baseline_Code08/F039.c|57|style|constVariablePointer|Variable 't' can be declared as pointer to const,/home/yichen/Desktop/Deepseek_Baseline_Results08/logs/F039_cppcheck.log
/home/yichen/Desktop/Deepseek_Baseline_Code08/F039.c,cppcheck,True,success,True,0,17,118,style,constVariablePointer,Variable 'cmd' can be declared as pointer to const,/home/yichen/Desktop/Deepseek_Baseline_Code08/F039.c|118|style|constVariablePointer|Variable 'cmd' can be declared as pointer to const,/home/yichen/Desktop/Deepseek_Baseline_Results08/logs/F039_cppcheck.log
/home/yichen/Desktop/Deepseek_Baseline_Code08/F039.c,cppcheck,True,success,True,0,17,121,style,constVariablePointer,Variable 'name' can be declared as pointer to const,/home/yichen/Desktop/Deepseek_Baseline_Code08/F039.c|121|style|constVariablePointer|Variable 'name' can be declared as pointer to const,/home/yichen/Desktop/Deepseek_Baseline_Results08/logs/F039_cppcheck.log
/home/yichen/Desktop/Deepseek_Baseline_Code08/F039.c,cppcheck,True,success,True,0,17,123,style,constVariablePointer,Variable 'rows_str' can be declared as pointer to const,/home/yichen/Desktop/Deepseek_Baseline_Code08/F039.c|123|style|constVariablePointer|Variable 'rows_str' can be declared as pointer to const,/home/yichen/Desktop/Deepseek_Baseline_Results08/logs/F039_cppcheck.log
/home/yichen/Desktop/Deepseek_Baseline_Code08/F039.c,cppcheck,True,success,True,0,17,125,style,constVariablePointer,Variable 'cols_str' can be declared as pointer to const,/home/yichen/Desktop/Deepseek_Baseline_Code08/F039.c|125|style|constVariablePointer|Variable 'cols_str' can be declared as pointer to const,/home/yichen/Desktop/Deepseek_Baseline_Results08/logs/F039_cppcheck.log
/home/yichen/Desktop/Deepseek_Baseline_Code08/F039.c,cppcheck,True,success,True,0,17,131,style,constVariablePointer,Variable 'name' can be declared as pointer to const,/home/yichen/Desktop/Deepseek_Baseline_Code08/F039.c|131|style|constVariablePointer|Variable 'name' can be declared as pointer to const,/home/yichen/Desktop/Deepseek_Baseline_Results08/logs/F039_cppcheck.log
/home/yichen/Desktop/Deepseek_Baseline_Code08/F039.c,cppcheck,True,success,True,0,17,133,style,constVariablePointer,Variable 'row_str' can be declared as pointer to const,/home/yichen/Desktop/Deepseek_Baseline_Code08/F039.c|133|style|constVariablePointer|Variable 'row_str' can be declared as pointer to const,/home/yichen/Desktop/Deepseek_Baseline_Results08/logs/F039_cppcheck.log
/home/yichen/Desktop/Deepseek_Baseline_Code08/F039.c,cppcheck,True,success,True,0,17,135,style,constVariablePointer,Variable 'col_str' can be declared as pointer to const,/home/yichen/Desktop/Deepseek_Baseline_Code08/F039.c|135|style|constVariablePointer|Variable 'col_str' can be declared as pointer to const,/home/yichen/Desktop/Deepseek_Baseline_Results08/logs/F039_cppcheck.log
/home/yichen/Desktop/Deepseek_Baseline_Code08/F039.c,cppcheck,True,success,True,0,17,137,style,constVariablePointer,Variable 'val' can be declared as pointer to const,/home/yichen/Desktop/Deepseek_Baseline_Code08/F039.c|137|style|constVariablePointer|Variable 'val' can be declared as pointer to const,/home/yichen/Desktop/Deepseek_Baseline_Results08/logs/F039_cppcheck.log
/home/yichen/Desktop/Deepseek_Baseline_Code08/F039.c,cppcheck,True,success,True,0,17,143,style,constVariablePointer,Variable 'name' can be declared as pointer to const,/home/yichen/Desktop/Deepseek_Baseline_Code08/F039.c|143|style|constVariablePointer|Variable 'name' can be declared as pointer to const,/home/yichen/Desktop/Deepseek_Baseline_Results08/logs/F039_cppcheck.log
/home/yichen/Desktop/Deepseek_Baseline_Code08/F039.c,cppcheck,True,success,True,0,17,145,style,constVariablePointer,Variable 'row_str' can be declared as pointer to const,/home/yichen/Desktop/Deepseek_Baseline_Code08/F039.c|145|style|constVariablePointer|Variable 'row_str' can be declared as pointer to const,/home/yichen/Desktop/Deepseek_Baseline_Results08/logs/F039_cppcheck.log
/home/yichen/Desktop/Deepseek_Baseline_Code08/F039.c,cppcheck,True,success,True,0,17,147,style,constVariablePointer,Variable 'col_str' can be declared as pointer to const,/home/yichen/Desktop/Deepseek_Baseline_Code08/F039.c|147|style|constVariablePointer|Variable 'col_str' can be declared as pointer to const,/home/yichen/Desktop/Deepseek_Baseline_Results08/logs/F039_cppcheck.log
/home/yichen/Desktop/Deepseek_Baseline_Code08/F039.c,cppcheck,True,success,True,0,17,153,style,constVariablePointer,Variable 'name' can be declared as pointer to const,/home/yichen/Desktop/Deepseek_Baseline_Code08/F039.c|153|style|constVariablePointer|Variable 'name' can be declared as pointer to const,/home/yichen/Desktop/Deepseek_Baseline_Results08/logs/F039_cppcheck.log
nofile,cppcheck,True,success,True,0,17,0,information,checkersReport,Active checkers: 113/592 (use --checkers-report=<filename> to see details),nofile|0|information|checkersReport|Active checkers: 113/592 (use --checkers-report=<filename> to see details),/home/yichen/Desktop/Deepseek_Baseline_Results08/logs/F039_cppcheck.log
/home/yichen/Desktop/Deepseek_Baseline_Code08/F040.c,cppcheck,True,success,True,0,15,2,information,missingIncludeSystem,Include file: <stdio.h> not found. Please note: Cppcheck does not need standard library headers to get proper results.,/home/yichen/Desktop/Deepseek_Baseline_Code08/F040.c|2|information|missingIncludeSystem|Include file: <stdio.h> not found. Please note: Cppcheck does not need standard library headers to get proper results.,/home/yichen/Desktop/Deepseek_Baseline_Results08/logs/F040_cppcheck.log
/home/yichen/Desktop/Deepseek_Baseline_Code08/F040.c,cppcheck,True,success,True,0,15,3,information,missingIncludeSystem,Include file: <stdlib.h> not found. Please note: Cppcheck does not need standard library headers to get proper results.,/home/yichen/Desktop/Deepseek_Baseline_Code08/F040.c|3|information|missingIncludeSystem|Include file: <stdlib.h> not found. Please note: Cppcheck does not need standard library headers to get proper results.,/home/yichen/Desktop/Deepseek_Baseline_Results08/logs/F040_cppcheck.log
/home/yichen/Desktop/Deepseek_Baseline_Code08/F040.c,cppcheck,True,success,True,0,15,4,information,missingIncludeSystem,Include file: <string.h> not found. Please note: Cppcheck does not need standard library headers to get proper results.,/home/yichen/Desktop/Deepseek_Baseline_Code08/F040.c|4|information|missingIncludeSystem|Include file: <string.h> not found. Please note: Cppcheck does not need standard library headers to get proper results.,/home/yichen/Desktop/Deepseek_Baseline_Results08/logs/F040_cppcheck.log
/home/yichen/Desktop/Deepseek_Baseline_Code08/F040.c,cppcheck,True,success,True,0,15,63,style,constVariablePointer,Variable 'p' can be declared as pointer to const,/home/yichen/Desktop/Deepseek_Baseline_Code08/F040.c|63|style|constVariablePointer|Variable 'p' can be declared as pointer to const,/home/yichen/Desktop/Deepseek_Baseline_Results08/logs/F040_cppcheck.log
/home/yichen/Desktop/Deepseek_Baseline_Code08/F040.c,cppcheck,True,success,True,0,15,69,style,constVariablePointer,Variable 'p' can be declared as pointer to const,/home/yichen/Desktop/Deepseek_Baseline_Code08/F040.c|69|style|constVariablePointer|Variable 'p' can be declared as pointer to const,/home/yichen/Desktop/Deepseek_Baseline_Results08/logs/F040_cppcheck.log
/home/yichen/Desktop/Deepseek_Baseline_Code08/F040.c,cppcheck,True,success,True,0,15,101,style,constVariablePointer,Variable 'cmd' can be declared as pointer to const,/home/yichen/Desktop/Deepseek_Baseline_Code08/F040.c|101|style|constVariablePointer|Variable 'cmd' can be declared as pointer to const,/home/yichen/Desktop/Deepseek_Baseline_Results08/logs/F040_cppcheck.log
/home/yichen/Desktop/Deepseek_Baseline_Code08/F040.c,cppcheck,True,success,True,0,15,104,style,constVariablePointer,Variable 'id' can be declared as pointer to const,/home/yichen/Desktop/Deepseek_Baseline_Code08/F040.c|104|style|constVariablePointer|Variable 'id' can be declared as pointer to const,/home/yichen/Desktop/Deepseek_Baseline_Results08/logs/F040_cppcheck.log
/home/yichen/Desktop/Deepseek_Baseline_Code08/F040.c,cppcheck,True,success,True,0,15,106,style,constVariablePointer,Variable 'hlen_str' can be declared as pointer to const,/home/yichen/Desktop/Deepseek_Baseline_Code08/F040.c|106|style|constVariablePointer|Variable 'hlen_str' can be declared as pointer to const,/home/yichen/Desktop/Deepseek_Baseline_Results08/logs/F040_cppcheck.log
/home/yichen/Desktop/Deepseek_Baseline_Code08/F040.c,cppcheck,True,success,True,0,15,108,style,constVariablePointer,Variable 'plen_str' can be declared as pointer to const,/home/yichen/Desktop/Deepseek_Baseline_Code08/F040.c|108|style|constVariablePointer|Variable 'plen_str' can be declared as pointer to const,/home/yichen/Desktop/Deepseek_Baseline_Results08/logs/F040_cppcheck.log
/home/yichen/Desktop/Deepseek_Baseline_Code08/F040.c,cppcheck,True,success,True,0,15,112,style,constVariablePointer,Variable 'header' can be declared as pointer to const,/home/yichen/Desktop/Deepseek_Baseline_Code08/F040.c|112|style|constVariablePointer|Variable 'header' can be declared as pointer to const,/home/yichen/Desktop/Deepseek_Baseline_Results08/logs/F040_cppcheck.log
/home/yichen/Desktop/Deepseek_Baseline_Code08/F040.c,cppcheck,True,success,True,0,15,114,style,constVariablePointer,Variable 'payload' can be declared as pointer to const,/home/yichen/Desktop/Deepseek_Baseline_Code08/F040.c|114|style|constVariablePointer|Variable 'payload' can be declared as pointer to const,/home/yichen/Desktop/Deepseek_Baseline_Results08/logs/F040_cppcheck.log
/home/yichen/Desktop/Deepseek_Baseline_Code08/F040.c,cppcheck,True,success,True,0,15,118,style,constVariablePointer,Variable 'id' can be declared as pointer to const,/home/yichen/Desktop/Deepseek_Baseline_Code08/F040.c|118|style|constVariablePointer|Variable 'id' can be declared as pointer to const,/home/yichen/Desktop/Deepseek_Baseline_Results08/logs/F040_cppcheck.log
/home/yichen/Desktop/Deepseek_Baseline_Code08/F040.c,cppcheck,True,success,True,0,15,121,style,constVariablePointer,Variable 'id' can be declared as pointer to const,/home/yichen/Desktop/Deepseek_Baseline_Code08/F040.c|121|style|constVariablePointer|Variable 'id' can be declared as pointer to const,/home/yichen/Desktop/Deepseek_Baseline_Results08/logs/F040_cppcheck.log
/home/yichen/Desktop/Deepseek_Baseline_Code08/F040.c,cppcheck,True,success,True,0,15,124,style,constVariablePointer,Variable 'id' can be declared as pointer to const,/home/yichen/Desktop/Deepseek_Baseline_Code08/F040.c|124|style|constVariablePointer|Variable 'id' can be declared as pointer to const,/home/yichen/Desktop/Deepseek_Baseline_Results08/logs/F040_cppcheck.log
nofile,cppcheck,True,success,True,0,15,0,information,checkersReport,Active checkers: 113/592 (use --checkers-report=<filename> to see details),nofile|0|information|checkersReport|Active checkers: 113/592 (use --checkers-report=<filename> to see details),/home/yichen/Desktop/Deepseek_Baseline_Results08/logs/F040_cppcheck.log
