file,tool,attempted,status,success,returncode,finding_count,line,severity,check_id,message,evidence,log_path
/home/yichen/Desktop/Deepseek_GSCP07/F001.c,cppcheck,True,success,True,0,12,2,information,missingIncludeSystem,Include file: <stdio.h> not found. Please note: Cppcheck does not need standard library headers to get proper results.,/home/yichen/Desktop/Deepseek_GSCP07/F001.c|2|information|missingIncludeSystem|Include file: <stdio.h> not found. Please note: Cppcheck does not need standard library headers to get proper results.,/home/yichen/Desktop/Deepseek_GSCP_Results07/logs/F001_cppcheck.log
/home/yichen/Desktop/Deepseek_GSCP07/F001.c,cppcheck,True,success,True,0,12,3,information,missingIncludeSystem,Include file: <stdlib.h> not found. Please note: Cppcheck does not need standard library headers to get proper results.,/home/yichen/Desktop/Deepseek_GSCP07/F001.c|3|information|missingIncludeSystem|Include file: <stdlib.h> not found. Please note: Cppcheck does not need standard library headers to get proper results.,/home/yichen/Desktop/Deepseek_GSCP_Results07/logs/F001_cppcheck.log
/home/yichen/Desktop/Deepseek_GSCP07/F001.c,cppcheck,True,success,True,0,12,4,information,missingIncludeSystem,Include file: <string.h> not found. Please note: Cppcheck does not need standard library headers to get proper results.,/home/yichen/Desktop/Deepseek_GSCP07/F001.c|4|information|missingIncludeSystem|Include file: <string.h> not found. Please note: Cppcheck does not need standard library headers to get proper results.,/home/yichen/Desktop/Deepseek_GSCP_Results07/logs/F001_cppcheck.log
/home/yichen/Desktop/Deepseek_GSCP07/F001.c,cppcheck,True,success,True,0,12,64,style,constVariablePointer,Variable 'id' can be declared as pointer to const,/home/yichen/Desktop/Deepseek_GSCP07/F001.c|64|style|constVariablePointer|Variable 'id' can be declared as pointer to const,/home/yichen/Desktop/Deepseek_GSCP_Results07/logs/F001_cppcheck.log
/home/yichen/Desktop/Deepseek_GSCP07/F001.c,cppcheck,True,success,True,0,12,66,style,constVariablePointer,Variable 'text' can be declared as pointer to const,/home/yichen/Desktop/Deepseek_GSCP07/F001.c|66|style|constVariablePointer|Variable 'text' can be declared as pointer to const,/home/yichen/Desktop/Deepseek_GSCP_Results07/logs/F001_cppcheck.log
/home/yichen/Desktop/Deepseek_GSCP07/F001.c,cppcheck,True,success,True,0,12,82,style,constVariablePointer,Variable 'id' can be declared as pointer to const,/home/yichen/Desktop/Deepseek_GSCP07/F001.c|82|style|constVariablePointer|Variable 'id' can be declared as pointer to const,/home/yichen/Desktop/Deepseek_GSCP_Results07/logs/F001_cppcheck.log
/home/yichen/Desktop/Deepseek_GSCP07/F001.c,cppcheck,True,success,True,0,12,86,style,constVariablePointer,Variable 'text' can be declared as pointer to const,/home/yichen/Desktop/Deepseek_GSCP07/F001.c|86|style|constVariablePointer|Variable 'text' can be declared as pointer to const,/home/yichen/Desktop/Deepseek_GSCP_Results07/logs/F001_cppcheck.log
/home/yichen/Desktop/Deepseek_GSCP07/F001.c,cppcheck,True,success,True,0,12,96,style,constVariablePointer,Variable 'id' can be declared as pointer to const,/home/yichen/Desktop/Deepseek_GSCP07/F001.c|96|style|constVariablePointer|Variable 'id' can be declared as pointer to const,/home/yichen/Desktop/Deepseek_GSCP_Results07/logs/F001_cppcheck.log
/home/yichen/Desktop/Deepseek_GSCP07/F001.c,cppcheck,True,success,True,0,12,100,style,constVariablePointer,Variable 'text' can be declared as pointer to const,/home/yichen/Desktop/Deepseek_GSCP07/F001.c|100|style|constVariablePointer|Variable 'text' can be declared as pointer to const,/home/yichen/Desktop/Deepseek_GSCP_Results07/logs/F001_cppcheck.log
/home/yichen/Desktop/Deepseek_GSCP07/F001.c,cppcheck,True,success,True,0,12,107,style,constVariablePointer,Variable 'id' can be declared as pointer to const,/home/yichen/Desktop/Deepseek_GSCP07/F001.c|107|style|constVariablePointer|Variable 'id' can be declared as pointer to const,/home/yichen/Desktop/Deepseek_GSCP_Results07/logs/F001_cppcheck.log
/home/yichen/Desktop/Deepseek_GSCP07/F001.c,cppcheck,True,success,True,0,12,124,style,constVariablePointer,Variable 'id' can be declared as pointer to const,/home/yichen/Desktop/Deepseek_GSCP07/F001.c|124|style|constVariablePointer|Variable 'id' can be declared as pointer to const,/home/yichen/Desktop/Deepseek_GSCP_Results07/logs/F001_cppcheck.log
nofile,cppcheck,True,success,True,0,12,0,information,checkersReport,Active checkers: 113/592 (use --checkers-report=<filename> to see details),nofile|0|information|checkersReport|Active checkers: 113/592 (use --checkers-report=<filename> to see details),/home/yichen/Desktop/Deepseek_GSCP_Results07/logs/F001_cppcheck.log
/home/yichen/Desktop/Deepseek_GSCP07/F002.c,cppcheck,True,success,True,0,13,2,information,missingIncludeSystem,Include file: <stdio.h> not found. Please note: Cppcheck does not need standard library headers to get proper results.,/home/yichen/Desktop/Deepseek_GSCP07/F002.c|2|information|missingIncludeSystem|Include file: <stdio.h> not found. Please note: Cppcheck does not need standard library headers to get proper results.,/home/yichen/Desktop/Deepseek_GSCP_Results07/logs/F002_cppcheck.log
/home/yichen/Desktop/Deepseek_GSCP07/F002.c,cppcheck,True,success,True,0,13,3,information,missingIncludeSystem,Include file: <stdlib.h> not found. Please note: Cppcheck does not need standard library headers to get proper results.,/home/yichen/Desktop/Deepseek_GSCP07/F002.c|3|information|missingIncludeSystem|Include file: <stdlib.h> not found. Please note: Cppcheck does not need standard library headers to get proper results.,/home/yichen/Desktop/Deepseek_GSCP_Results07/logs/F002_cppcheck.log
/home/yichen/Desktop/Deepseek_GSCP07/F002.c,cppcheck,True,success,True,0,13,4,information,missingIncludeSystem,Include file: <string.h> not found. Please note: Cppcheck does not need standard library headers to get proper results.,/home/yichen/Desktop/Deepseek_GSCP07/F002.c|4|information|missingIncludeSystem|Include file: <string.h> not found. Please note: Cppcheck does not need standard library headers to get proper results.,/home/yichen/Desktop/Deepseek_GSCP_Results07/logs/F002_cppcheck.log
/home/yichen/Desktop/Deepseek_GSCP07/F002.c,cppcheck,True,success,True,0,13,59,style,constVariablePointer,Variable 'tag' can be declared as pointer to const,/home/yichen/Desktop/Deepseek_GSCP07/F002.c|59|style|constVariablePointer|Variable 'tag' can be declared as pointer to const,/home/yichen/Desktop/Deepseek_GSCP_Results07/logs/F002_cppcheck.log
/home/yichen/Desktop/Deepseek_GSCP07/F002.c,cppcheck,True,success,True,0,13,61,style,constVariablePointer,Variable 'msg' can be declared as pointer to const,/home/yichen/Desktop/Deepseek_GSCP07/F002.c|61|style|constVariablePointer|Variable 'msg' can be declared as pointer to const,/home/yichen/Desktop/Deepseek_GSCP_Results07/logs/F002_cppcheck.log
/home/yichen/Desktop/Deepseek_GSCP07/F002.c,cppcheck,True,success,True,0,13,67,style,constVariablePointer,Variable 'tag1' can be declared as pointer to const,/home/yichen/Desktop/Deepseek_GSCP07/F002.c|67|style|constVariablePointer|Variable 'tag1' can be declared as pointer to const,/home/yichen/Desktop/Deepseek_GSCP_Results07/logs/F002_cppcheck.log
/home/yichen/Desktop/Deepseek_GSCP07/F002.c,cppcheck,True,success,True,0,13,68,style,constVariablePointer,Variable 'tag2' can be declared as pointer to const,/home/yichen/Desktop/Deepseek_GSCP07/F002.c|68|style|constVariablePointer|Variable 'tag2' can be declared as pointer to const,/home/yichen/Desktop/Deepseek_GSCP_Results07/logs/F002_cppcheck.log
/home/yichen/Desktop/Deepseek_GSCP07/F002.c,cppcheck,True,success,True,0,13,69,style,constVariablePointer,Variable 'newtag' can be declared as pointer to const,/home/yichen/Desktop/Deepseek_GSCP07/F002.c|69|style|constVariablePointer|Variable 'newtag' can be declared as pointer to const,/home/yichen/Desktop/Deepseek_GSCP_Results07/logs/F002_cppcheck.log
/home/yichen/Desktop/Deepseek_GSCP07/F002.c,cppcheck,True,success,True,0,13,71,style,constVariablePointer,Variable 'm1' can be declared as pointer to const,/home/yichen/Desktop/Deepseek_GSCP07/F002.c|71|style|constVariablePointer|Variable 'm1' can be declared as pointer to const,/home/yichen/Desktop/Deepseek_GSCP_Results07/logs/F002_cppcheck.log
/home/yichen/Desktop/Deepseek_GSCP07/F002.c,cppcheck,True,success,True,0,13,72,style,constVariablePointer,Variable 'm2' can be declared as pointer to const,/home/yichen/Desktop/Deepseek_GSCP07/F002.c|72|style|constVariablePointer|Variable 'm2' can be declared as pointer to const,/home/yichen/Desktop/Deepseek_GSCP_Results07/logs/F002_cppcheck.log
/home/yichen/Desktop/Deepseek_GSCP07/F002.c,cppcheck,True,success,True,0,13,82,style,constVariablePointer,Variable 'tag' can be declared as pointer to const,/home/yichen/Desktop/Deepseek_GSCP07/F002.c|82|style|constVariablePointer|Variable 'tag' can be declared as pointer to const,/home/yichen/Desktop/Deepseek_GSCP_Results07/logs/F002_cppcheck.log
/home/yichen/Desktop/Deepseek_GSCP07/F002.c,cppcheck,True,success,True,0,13,88,style,constVariablePointer,Variable 'tag' can be declared as pointer to const,/home/yichen/Desktop/Deepseek_GSCP07/F002.c|88|style|constVariablePointer|Variable 'tag' can be declared as pointer to const,/home/yichen/Desktop/Deepseek_GSCP_Results07/logs/F002_cppcheck.log
nofile,cppcheck,True,success,True,0,13,0,information,checkersReport,Active checkers: 113/592 (use --checkers-report=<filename> to see details),nofile|0|information|checkersReport|Active checkers: 113/592 (use --checkers-report=<filename> to see details),/home/yichen/Desktop/Deepseek_GSCP_Results07/logs/F002_cppcheck.log
/home/yichen/Desktop/Deepseek_GSCP07/F003.c,cppcheck,True,success,True,0,10,2,information,missingIncludeSystem,Include file: <stdio.h> not found. Please note: Cppcheck does not need standard library headers to get proper results.,/home/yichen/Desktop/Deepseek_GSCP07/F003.c|2|information|missingIncludeSystem|Include file: <stdio.h> not found. Please note: Cppcheck does not need standard library headers to get proper results.,/home/yichen/Desktop/Deepseek_GSCP_Results07/logs/F003_cppcheck.log
/home/yichen/Desktop/Deepseek_GSCP07/F003.c,cppcheck,True,success,True,0,10,3,information,missingIncludeSystem,Include file: <stdlib.h> not found. Please note: Cppcheck does not need standard library headers to get proper results.,/home/yichen/Desktop/Deepseek_GSCP07/F003.c|3|information|missingIncludeSystem|Include file: <stdlib.h> not found. Please note: Cppcheck does not need standard library headers to get proper results.,/home/yichen/Desktop/Deepseek_GSCP_Results07/logs/F003_cppcheck.log
/home/yichen/Desktop/Deepseek_GSCP07/F003.c,cppcheck,True,success,True,0,10,4,information,missingIncludeSystem,Include file: <string.h> not found. Please note: Cppcheck does not need standard library headers to get proper results.,/home/yichen/Desktop/Deepseek_GSCP07/F003.c|4|information|missingIncludeSystem|Include file: <string.h> not found. Please note: Cppcheck does not need standard library headers to get proper results.,/home/yichen/Desktop/Deepseek_GSCP_Results07/logs/F003_cppcheck.log
/home/yichen/Desktop/Deepseek_GSCP07/F003.c,cppcheck,True,success,True,0,10,30,style,constVariablePointer,Variable 'name' can be declared as pointer to const,/home/yichen/Desktop/Deepseek_GSCP07/F003.c|30|style|constVariablePointer|Variable 'name' can be declared as pointer to const,/home/yichen/Desktop/Deepseek_GSCP_Results07/logs/F003_cppcheck.log
/home/yichen/Desktop/Deepseek_GSCP07/F003.c,cppcheck,True,success,True,0,10,32,style,constVariablePointer,Variable 'exp' can be declared as pointer to const,/home/yichen/Desktop/Deepseek_GSCP07/F003.c|32|style|constVariablePointer|Variable 'exp' can be declared as pointer to const,/home/yichen/Desktop/Deepseek_GSCP_Results07/logs/F003_cppcheck.log
/home/yichen/Desktop/Deepseek_GSCP07/F003.c,cppcheck,True,success,True,0,10,48,style,constVariablePointer,Variable 'name' can be declared as pointer to const,/home/yichen/Desktop/Deepseek_GSCP07/F003.c|48|style|constVariablePointer|Variable 'name' can be declared as pointer to const,/home/yichen/Desktop/Deepseek_GSCP_Results07/logs/F003_cppcheck.log
/home/yichen/Desktop/Deepseek_GSCP07/F003.c,cppcheck,True,success,True,0,10,59,style,constVariablePointer,Variable 'old' can be declared as pointer to const,/home/yichen/Desktop/Deepseek_GSCP07/F003.c|59|style|constVariablePointer|Variable 'old' can be declared as pointer to const,/home/yichen/Desktop/Deepseek_GSCP_Results07/logs/F003_cppcheck.log
/home/yichen/Desktop/Deepseek_GSCP07/F003.c,cppcheck,True,success,True,0,10,60,style,constVariablePointer,Variable 'new' can be declared as pointer to const,/home/yichen/Desktop/Deepseek_GSCP07/F003.c|60|style|constVariablePointer|Variable 'new' can be declared as pointer to const,/home/yichen/Desktop/Deepseek_GSCP_Results07/logs/F003_cppcheck.log
/home/yichen/Desktop/Deepseek_GSCP07/F003.c,cppcheck,True,success,True,0,10,69,style,constVariablePointer,Variable 'name' can be declared as pointer to const,/home/yichen/Desktop/Deepseek_GSCP07/F003.c|69|style|constVariablePointer|Variable 'name' can be declared as pointer to const,/home/yichen/Desktop/Deepseek_GSCP_Results07/logs/F003_cppcheck.log
nofile,cppcheck,True,success,True,0,10,0,information,checkersReport,Active checkers: 113/592 (use --checkers-report=<filename> to see details),nofile|0|information|checkersReport|Active checkers: 113/592 (use --checkers-report=<filename> to see details),/home/yichen/Desktop/Deepseek_GSCP_Results07/logs/F003_cppcheck.log
/home/yichen/Desktop/Deepseek_GSCP07/F004.c,cppcheck,True,success,True,0,9,2,information,missingIncludeSystem,Include file: <stdio.h> not found. Please note: Cppcheck does not need standard library headers to get proper results.,/home/yichen/Desktop/Deepseek_GSCP07/F004.c|2|information|missingIncludeSystem|Include file: <stdio.h> not found. Please note: Cppcheck does not need standard library headers to get proper results.,/home/yichen/Desktop/Deepseek_GSCP_Results07/logs/F004_cppcheck.log
/home/yichen/Desktop/Deepseek_GSCP07/F004.c,cppcheck,True,success,True,0,9,3,information,missingIncludeSystem,Include file: <stdlib.h> not found. Please note: Cppcheck does not need standard library headers to get proper results.,/home/yichen/Desktop/Deepseek_GSCP07/F004.c|3|information|missingIncludeSystem|Include file: <stdlib.h> not found. Please note: Cppcheck does not need standard library headers to get proper results.,/home/yichen/Desktop/Deepseek_GSCP_Results07/logs/F004_cppcheck.log
/home/yichen/Desktop/Deepseek_GSCP07/F004.c,cppcheck,True,success,True,0,9,4,information,missingIncludeSystem,Include file: <string.h> not found. Please note: Cppcheck does not need standard library headers to get proper results.,/home/yichen/Desktop/Deepseek_GSCP07/F004.c|4|information|missingIncludeSystem|Include file: <string.h> not found. Please note: Cppcheck does not need standard library headers to get proper results.,/home/yichen/Desktop/Deepseek_GSCP_Results07/logs/F004_cppcheck.log
/home/yichen/Desktop/Deepseek_GSCP07/F004.c,cppcheck,True,success,True,0,9,30,style,constVariablePointer,Variable 'key' can be declared as pointer to const,/home/yichen/Desktop/Deepseek_GSCP07/F004.c|30|style|constVariablePointer|Variable 'key' can be declared as pointer to const,/home/yichen/Desktop/Deepseek_GSCP_Results07/logs/F004_cppcheck.log
/home/yichen/Desktop/Deepseek_GSCP07/F004.c,cppcheck,True,success,True,0,9,32,style,constVariablePointer,Variable 'val' can be declared as pointer to const,/home/yichen/Desktop/Deepseek_GSCP07/F004.c|32|style|constVariablePointer|Variable 'val' can be declared as pointer to const,/home/yichen/Desktop/Deepseek_GSCP_Results07/logs/F004_cppcheck.log
/home/yichen/Desktop/Deepseek_GSCP07/F004.c,cppcheck,True,success,True,0,9,53,style,constVariablePointer,Variable 'key' can be declared as pointer to const,/home/yichen/Desktop/Deepseek_GSCP07/F004.c|53|style|constVariablePointer|Variable 'key' can be declared as pointer to const,/home/yichen/Desktop/Deepseek_GSCP_Results07/logs/F004_cppcheck.log
/home/yichen/Desktop/Deepseek_GSCP07/F004.c,cppcheck,True,success,True,0,9,77,style,constVariablePointer,Variable 'key' can be declared as pointer to const,/home/yichen/Desktop/Deepseek_GSCP07/F004.c|77|style|constVariablePointer|Variable 'key' can be declared as pointer to const,/home/yichen/Desktop/Deepseek_GSCP_Results07/logs/F004_cppcheck.log
/home/yichen/Desktop/Deepseek_GSCP07/F004.c,cppcheck,True,success,True,0,9,78,style,constVariablePointer,Variable 'v' can be declared as pointer to const,/home/yichen/Desktop/Deepseek_GSCP07/F004.c|78|style|constVariablePointer|Variable 'v' can be declared as pointer to const,/home/yichen/Desktop/Deepseek_GSCP_Results07/logs/F004_cppcheck.log
nofile,cppcheck,True,success,True,0,9,0,information,checkersReport,Active checkers: 113/592 (use --checkers-report=<filename> to see details),nofile|0|information|checkersReport|Active checkers: 113/592 (use --checkers-report=<filename> to see details),/home/yichen/Desktop/Deepseek_GSCP_Results07/logs/F004_cppcheck.log
/home/yichen/Desktop/Deepseek_GSCP07/F005.c,cppcheck,True,success,True,0,11,2,information,missingIncludeSystem,Include file: <stdio.h> not found. Please note: Cppcheck does not need standard library headers to get proper results.,/home/yichen/Desktop/Deepseek_GSCP07/F005.c|2|information|missingIncludeSystem|Include file: <stdio.h> not found. Please note: Cppcheck does not need standard library headers to get proper results.,/home/yichen/Desktop/Deepseek_GSCP_Results07/logs/F005_cppcheck.log
/home/yichen/Desktop/Deepseek_GSCP07/F005.c,cppcheck,True,success,True,0,11,3,information,missingIncludeSystem,Include file: <stdlib.h> not found. Please note: Cppcheck does not need standard library headers to get proper results.,/home/yichen/Desktop/Deepseek_GSCP07/F005.c|3|information|missingIncludeSystem|Include file: <stdlib.h> not found. Please note: Cppcheck does not need standard library headers to get proper results.,/home/yichen/Desktop/Deepseek_GSCP_Results07/logs/F005_cppcheck.log
/home/yichen/Desktop/Deepseek_GSCP07/F005.c,cppcheck,True,success,True,0,11,4,information,missingIncludeSystem,Include file: <string.h> not found. Please note: Cppcheck does not need standard library headers to get proper results.,/home/yichen/Desktop/Deepseek_GSCP07/F005.c|4|information|missingIncludeSystem|Include file: <string.h> not found. Please note: Cppcheck does not need standard library headers to get proper results.,/home/yichen/Desktop/Deepseek_GSCP_Results07/logs/F005_cppcheck.log
/home/yichen/Desktop/Deepseek_GSCP07/F005.c,cppcheck,True,success,True,0,11,98,style,constVariablePointer,Variable 'cmd' can be declared as pointer to const,/home/yichen/Desktop/Deepseek_GSCP07/F005.c|98|style|constVariablePointer|Variable 'cmd' can be declared as pointer to const,/home/yichen/Desktop/Deepseek_GSCP_Results07/logs/F005_cppcheck.log
/home/yichen/Desktop/Deepseek_GSCP07/F005.c,cppcheck,True,success,True,0,11,102,style,constVariablePointer,Variable 'idxstr' can be declared as pointer to const,/home/yichen/Desktop/Deepseek_GSCP07/F005.c|102|style|constVariablePointer|Variable 'idxstr' can be declared as pointer to const,/home/yichen/Desktop/Deepseek_GSCP_Results07/logs/F005_cppcheck.log
/home/yichen/Desktop/Deepseek_GSCP07/F005.c,cppcheck,True,success,True,0,11,103,style,constVariablePointer,Variable 'text' can be declared as pointer to const,/home/yichen/Desktop/Deepseek_GSCP07/F005.c|103|style|constVariablePointer|Variable 'text' can be declared as pointer to const,/home/yichen/Desktop/Deepseek_GSCP_Results07/logs/F005_cppcheck.log
/home/yichen/Desktop/Deepseek_GSCP07/F005.c,cppcheck,True,success,True,0,11,109,style,constVariablePointer,Variable 'text' can be declared as pointer to const,/home/yichen/Desktop/Deepseek_GSCP07/F005.c|109|style|constVariablePointer|Variable 'text' can be declared as pointer to const,/home/yichen/Desktop/Deepseek_GSCP_Results07/logs/F005_cppcheck.log
/home/yichen/Desktop/Deepseek_GSCP07/F005.c,cppcheck,True,success,True,0,11,112,style,constVariablePointer,Variable 'idxstr' can be declared as pointer to const,/home/yichen/Desktop/Deepseek_GSCP07/F005.c|112|style|constVariablePointer|Variable 'idxstr' can be declared as pointer to const,/home/yichen/Desktop/Deepseek_GSCP_Results07/logs/F005_cppcheck.log
/home/yichen/Desktop/Deepseek_GSCP07/F005.c,cppcheck,True,success,True,0,11,118,style,constVariablePointer,Variable 'idxstr' can be declared as pointer to const,/home/yichen/Desktop/Deepseek_GSCP07/F005.c|118|style|constVariablePointer|Variable 'idxstr' can be declared as pointer to const,/home/yichen/Desktop/Deepseek_GSCP_Results07/logs/F005_cppcheck.log
/home/yichen/Desktop/Deepseek_GSCP07/F005.c,cppcheck,True,success,True,0,11,119,style,constVariablePointer,Variable 'text' can be declared as pointer to const,/home/yichen/Desktop/Deepseek_GSCP07/F005.c|119|style|constVariablePointer|Variable 'text' can be declared as pointer to const,/home/yichen/Desktop/Deepseek_GSCP_Results07/logs/F005_cppcheck.log
nofile,cppcheck,True,success,True,0,11,0,information,checkersReport,Active checkers: 113/592 (use --checkers-report=<filename> to see details),nofile|0|information|checkersReport|Active checkers: 113/592 (use --checkers-report=<filename> to see details),/home/yichen/Desktop/Deepseek_GSCP_Results07/logs/F005_cppcheck.log
/home/yichen/Desktop/Deepseek_GSCP07/F006.c,cppcheck,True,success,True,0,12,2,information,missingIncludeSystem,Include file: <stdio.h> not found. Please note: Cppcheck does not need standard library headers to get proper results.,/home/yichen/Desktop/Deepseek_GSCP07/F006.c|2|information|missingIncludeSystem|Include file: <stdio.h> not found. Please note: Cppcheck does not need standard library headers to get proper results.,/home/yichen/Desktop/Deepseek_GSCP_Results07/logs/F006_cppcheck.log
/home/yichen/Desktop/Deepseek_GSCP07/F006.c,cppcheck,True,success,True,0,12,3,information,missingIncludeSystem,Include file: <stdlib.h> not found. Please note: Cppcheck does not need standard library headers to get proper results.,/home/yichen/Desktop/Deepseek_GSCP07/F006.c|3|information|missingIncludeSystem|Include file: <stdlib.h> not found. Please note: Cppcheck does not need standard library headers to get proper results.,/home/yichen/Desktop/Deepseek_GSCP_Results07/logs/F006_cppcheck.log
/home/yichen/Desktop/Deepseek_GSCP07/F006.c,cppcheck,True,success,True,0,12,4,information,missingIncludeSystem,Include file: <string.h> not found. Please note: Cppcheck does not need standard library headers to get proper results.,/home/yichen/Desktop/Deepseek_GSCP07/F006.c|4|information|missingIncludeSystem|Include file: <string.h> not found. Please note: Cppcheck does not need standard library headers to get proper results.,/home/yichen/Desktop/Deepseek_GSCP_Results07/logs/F006_cppcheck.log
/home/yichen/Desktop/Deepseek_GSCP07/F006.c,cppcheck,True,success,True,0,12,68,style,constVariablePointer,Variable 'i' can be declared as pointer to const,/home/yichen/Desktop/Deepseek_GSCP07/F006.c|68|style|constVariablePointer|Variable 'i' can be declared as pointer to const,/home/yichen/Desktop/Deepseek_GSCP_Results07/logs/F006_cppcheck.log
/home/yichen/Desktop/Deepseek_GSCP07/F006.c,cppcheck,True,success,True,0,12,84,style,constVariablePointer,Variable 'cmd' can be declared as pointer to const,/home/yichen/Desktop/Deepseek_GSCP07/F006.c|84|style|constVariablePointer|Variable 'cmd' can be declared as pointer to const,/home/yichen/Desktop/Deepseek_GSCP_Results07/logs/F006_cppcheck.log
/home/yichen/Desktop/Deepseek_GSCP07/F006.c,cppcheck,True,success,True,0,12,88,style,constVariablePointer,Variable 'name' can be declared as pointer to const,/home/yichen/Desktop/Deepseek_GSCP07/F006.c|88|style|constVariablePointer|Variable 'name' can be declared as pointer to const,/home/yichen/Desktop/Deepseek_GSCP_Results07/logs/F006_cppcheck.log
/home/yichen/Desktop/Deepseek_GSCP07/F006.c,cppcheck,True,success,True,0,12,89,style,constVariablePointer,Variable 'cntstr' can be declared as pointer to const,/home/yichen/Desktop/Deepseek_GSCP07/F006.c|89|style|constVariablePointer|Variable 'cntstr' can be declared as pointer to const,/home/yichen/Desktop/Deepseek_GSCP_Results07/logs/F006_cppcheck.log
/home/yichen/Desktop/Deepseek_GSCP07/F006.c,cppcheck,True,success,True,0,12,95,style,constVariablePointer,Variable 'name' can be declared as pointer to const,/home/yichen/Desktop/Deepseek_GSCP07/F006.c|95|style|constVariablePointer|Variable 'name' can be declared as pointer to const,/home/yichen/Desktop/Deepseek_GSCP_Results07/logs/F006_cppcheck.log
/home/yichen/Desktop/Deepseek_GSCP07/F006.c,cppcheck,True,success,True,0,12,96,style,constVariablePointer,Variable 'cntstr' can be declared as pointer to const,/home/yichen/Desktop/Deepseek_GSCP07/F006.c|96|style|constVariablePointer|Variable 'cntstr' can be declared as pointer to const,/home/yichen/Desktop/Deepseek_GSCP_Results07/logs/F006_cppcheck.log
/home/yichen/Desktop/Deepseek_GSCP07/F006.c,cppcheck,True,success,True,0,12,102,style,constVariablePointer,Variable 'name' can be declared as pointer to const,/home/yichen/Desktop/Deepseek_GSCP07/F006.c|102|style|constVariablePointer|Variable 'name' can be declared as pointer to const,/home/yichen/Desktop/Deepseek_GSCP_Results07/logs/F006_cppcheck.log
/home/yichen/Desktop/Deepseek_GSCP07/F006.c,cppcheck,True,success,True,0,12,105,style,constVariablePointer,Variable 'name' can be declared as pointer to const,/home/yichen/Desktop/Deepseek_GSCP07/F006.c|105|style|constVariablePointer|Variable 'name' can be declared as pointer to const,/home/yichen/Desktop/Deepseek_GSCP_Results07/logs/F006_cppcheck.log
nofile,cppcheck,True,success,True,0,12,0,information,checkersReport,Active checkers: 113/592 (use --checkers-report=<filename> to see details),nofile|0|information|checkersReport|Active checkers: 113/592 (use --checkers-report=<filename> to see details),/home/yichen/Desktop/Deepseek_GSCP_Results07/logs/F006_cppcheck.log
/home/yichen/Desktop/Deepseek_GSCP07/F007.c,cppcheck,True,success,True,0,12,2,information,missingIncludeSystem,Include file: <stdio.h> not found. Please note: Cppcheck does not need standard library headers to get proper results.,/home/yichen/Desktop/Deepseek_GSCP07/F007.c|2|information|missingIncludeSystem|Include file: <stdio.h> not found. Please note: Cppcheck does not need standard library headers to get proper results.,/home/yichen/Desktop/Deepseek_GSCP_Results07/logs/F007_cppcheck.log
/home/yichen/Desktop/Deepseek_GSCP07/F007.c,cppcheck,True,success,True,0,12,3,information,missingIncludeSystem,Include file: <stdlib.h> not found. Please note: Cppcheck does not need standard library headers to get proper results.,/home/yichen/Desktop/Deepseek_GSCP07/F007.c|3|information|missingIncludeSystem|Include file: <stdlib.h> not found. Please note: Cppcheck does not need standard library headers to get proper results.,/home/yichen/Desktop/Deepseek_GSCP_Results07/logs/F007_cppcheck.log
/home/yichen/Desktop/Deepseek_GSCP07/F007.c,cppcheck,True,success,True,0,12,4,information,missingIncludeSystem,Include file: <string.h> not found. Please note: Cppcheck does not need standard library headers to get proper results.,/home/yichen/Desktop/Deepseek_GSCP07/F007.c|4|information|missingIncludeSystem|Include file: <string.h> not found. Please note: Cppcheck does not need standard library headers to get proper results.,/home/yichen/Desktop/Deepseek_GSCP_Results07/logs/F007_cppcheck.log
/home/yichen/Desktop/Deepseek_GSCP07/F007.c,cppcheck,True,success,True,0,12,51,style,constVariablePointer,Variable 'best' can be declared as pointer to const,/home/yichen/Desktop/Deepseek_GSCP07/F007.c|51|style|constVariablePointer|Variable 'best' can be declared as pointer to const,/home/yichen/Desktop/Deepseek_GSCP_Results07/logs/F007_cppcheck.log
/home/yichen/Desktop/Deepseek_GSCP07/F007.c,cppcheck,True,success,True,0,12,103,style,constVariablePointer,Variable 'cmd' can be declared as pointer to const,/home/yichen/Desktop/Deepseek_GSCP07/F007.c|103|style|constVariablePointer|Variable 'cmd' can be declared as pointer to const,/home/yichen/Desktop/Deepseek_GSCP_Results07/logs/F007_cppcheck.log
/home/yichen/Desktop/Deepseek_GSCP07/F007.c,cppcheck,True,success,True,0,12,107,style,constVariablePointer,Variable 'time' can be declared as pointer to const,/home/yichen/Desktop/Deepseek_GSCP07/F007.c|107|style|constVariablePointer|Variable 'time' can be declared as pointer to const,/home/yichen/Desktop/Deepseek_GSCP_Results07/logs/F007_cppcheck.log
/home/yichen/Desktop/Deepseek_GSCP07/F007.c,cppcheck,True,success,True,0,12,108,style,constVariablePointer,Variable 'label' can be declared as pointer to const,/home/yichen/Desktop/Deepseek_GSCP07/F007.c|108|style|constVariablePointer|Variable 'label' can be declared as pointer to const,/home/yichen/Desktop/Deepseek_GSCP_Results07/logs/F007_cppcheck.log
/home/yichen/Desktop/Deepseek_GSCP07/F007.c,cppcheck,True,success,True,0,12,109,style,constVariablePointer,Variable 'note' can be declared as pointer to const,/home/yichen/Desktop/Deepseek_GSCP07/F007.c|109|style|constVariablePointer|Variable 'note' can be declared as pointer to const,/home/yichen/Desktop/Deepseek_GSCP_Results07/logs/F007_cppcheck.log
/home/yichen/Desktop/Deepseek_GSCP07/F007.c,cppcheck,True,success,True,0,12,115,style,constVariablePointer,Variable 'time' can be declared as pointer to const,/home/yichen/Desktop/Deepseek_GSCP07/F007.c|115|style|constVariablePointer|Variable 'time' can be declared as pointer to const,/home/yichen/Desktop/Deepseek_GSCP_Results07/logs/F007_cppcheck.log
/home/yichen/Desktop/Deepseek_GSCP07/F007.c,cppcheck,True,success,True,0,12,116,style,constVariablePointer,Variable 'label' can be declared as pointer to const,/home/yichen/Desktop/Deepseek_GSCP07/F007.c|116|style|constVariablePointer|Variable 'label' can be declared as pointer to const,/home/yichen/Desktop/Deepseek_GSCP_Results07/logs/F007_cppcheck.log
/home/yichen/Desktop/Deepseek_GSCP07/F007.c,cppcheck,True,success,True,0,12,119,style,constVariablePointer,Variable 'label' can be declared as pointer to const,/home/yichen/Desktop/Deepseek_GSCP07/F007.c|119|style|constVariablePointer|Variable 'label' can be declared as pointer to const,/home/yichen/Desktop/Deepseek_GSCP_Results07/logs/F007_cppcheck.log
nofile,cppcheck,True,success,True,0,12,0,information,checkersReport,Active checkers: 113/592 (use --checkers-report=<filename> to see details),nofile|0|information|checkersReport|Active checkers: 113/592 (use --checkers-report=<filename> to see details),/home/yichen/Desktop/Deepseek_GSCP_Results07/logs/F007_cppcheck.log
/home/yichen/Desktop/Deepseek_GSCP07/F008.c,cppcheck,True,success,True,0,12,2,information,missingIncludeSystem,Include file: <stdio.h> not found. Please note: Cppcheck does not need standard library headers to get proper results.,/home/yichen/Desktop/Deepseek_GSCP07/F008.c|2|information|missingIncludeSystem|Include file: <stdio.h> not found. Please note: Cppcheck does not need standard library headers to get proper results.,/home/yichen/Desktop/Deepseek_GSCP_Results07/logs/F008_cppcheck.log
/home/yichen/Desktop/Deepseek_GSCP07/F008.c,cppcheck,True,success,True,0,12,3,information,missingIncludeSystem,Include file: <stdlib.h> not found. Please note: Cppcheck does not need standard library headers to get proper results.,/home/yichen/Desktop/Deepseek_GSCP07/F008.c|3|information|missingIncludeSystem|Include file: <stdlib.h> not found. Please note: Cppcheck does not need standard library headers to get proper results.,/home/yichen/Desktop/Deepseek_GSCP_Results07/logs/F008_cppcheck.log
/home/yichen/Desktop/Deepseek_GSCP07/F008.c,cppcheck,True,success,True,0,12,4,information,missingIncludeSystem,Include file: <string.h> not found. Please note: Cppcheck does not need standard library headers to get proper results.,/home/yichen/Desktop/Deepseek_GSCP07/F008.c|4|information|missingIncludeSystem|Include file: <string.h> not found. Please note: Cppcheck does not need standard library headers to get proper results.,/home/yichen/Desktop/Deepseek_GSCP_Results07/logs/F008_cppcheck.log
/home/yichen/Desktop/Deepseek_GSCP07/F008.c,cppcheck,True,success,True,0,12,90,style,constVariablePointer,Variable 'cmd' can be declared as pointer to const,/home/yichen/Desktop/Deepseek_GSCP07/F008.c|90|style|constVariablePointer|Variable 'cmd' can be declared as pointer to const,/home/yichen/Desktop/Deepseek_GSCP_Results07/logs/F008_cppcheck.log
/home/yichen/Desktop/Deepseek_GSCP07/F008.c,cppcheck,True,success,True,0,12,94,style,constVariablePointer,Variable 'name' can be declared as pointer to const,/home/yichen/Desktop/Deepseek_GSCP07/F008.c|94|style|constVariablePointer|Variable 'name' can be declared as pointer to const,/home/yichen/Desktop/Deepseek_GSCP_Results07/logs/F008_cppcheck.log
/home/yichen/Desktop/Deepseek_GSCP07/F008.c,cppcheck,True,success,True,0,12,95,style,constVariablePointer,Variable 'scorestr' can be declared as pointer to const,/home/yichen/Desktop/Deepseek_GSCP07/F008.c|95|style|constVariablePointer|Variable 'scorestr' can be declared as pointer to const,/home/yichen/Desktop/Deepseek_GSCP_Results07/logs/F008_cppcheck.log
/home/yichen/Desktop/Deepseek_GSCP07/F008.c,cppcheck,True,success,True,0,12,96,style,constVariablePointer,Variable 'note' can be declared as pointer to const,/home/yichen/Desktop/Deepseek_GSCP07/F008.c|96|style|constVariablePointer|Variable 'note' can be declared as pointer to const,/home/yichen/Desktop/Deepseek_GSCP_Results07/logs/F008_cppcheck.log
/home/yichen/Desktop/Deepseek_GSCP07/F008.c,cppcheck,True,success,True,0,12,103,style,constVariablePointer,Variable 'name' can be declared as pointer to const,/home/yichen/Desktop/Deepseek_GSCP07/F008.c|103|style|constVariablePointer|Variable 'name' can be declared as pointer to const,/home/yichen/Desktop/Deepseek_GSCP_Results07/logs/F008_cppcheck.log
/home/yichen/Desktop/Deepseek_GSCP07/F008.c,cppcheck,True,success,True,0,12,104,style,constVariablePointer,Variable 'scorestr' can be declared as pointer to const,/home/yichen/Desktop/Deepseek_GSCP07/F008.c|104|style|constVariablePointer|Variable 'scorestr' can be declared as pointer to const,/home/yichen/Desktop/Deepseek_GSCP_Results07/logs/F008_cppcheck.log
/home/yichen/Desktop/Deepseek_GSCP07/F008.c,cppcheck,True,success,True,0,12,105,style,constVariablePointer,Variable 'note' can be declared as pointer to const,/home/yichen/Desktop/Deepseek_GSCP07/F008.c|105|style|constVariablePointer|Variable 'note' can be declared as pointer to const,/home/yichen/Desktop/Deepseek_GSCP_Results07/logs/F008_cppcheck.log
/home/yichen/Desktop/Deepseek_GSCP07/F008.c,cppcheck,True,success,True,0,12,112,style,constVariablePointer,Variable 'name' can be declared as pointer to const,/home/yichen/Desktop/Deepseek_GSCP07/F008.c|112|style|constVariablePointer|Variable 'name' can be declared as pointer to const,/home/yichen/Desktop/Deepseek_GSCP_Results07/logs/F008_cppcheck.log
nofile,cppcheck,True,success,True,0,12,0,information,checkersReport,Active checkers: 113/592 (use --checkers-report=<filename> to see details),nofile|0|information|checkersReport|Active checkers: 113/592 (use --checkers-report=<filename> to see details),/home/yichen/Desktop/Deepseek_GSCP_Results07/logs/F008_cppcheck.log
/home/yichen/Desktop/Deepseek_GSCP07/F009.c,cppcheck,True,success,True,0,12,2,information,missingIncludeSystem,Include file: <stdio.h> not found. Please note: Cppcheck does not need standard library headers to get proper results.,/home/yichen/Desktop/Deepseek_GSCP07/F009.c|2|information|missingIncludeSystem|Include file: <stdio.h> not found. Please note: Cppcheck does not need standard library headers to get proper results.,/home/yichen/Desktop/Deepseek_GSCP_Results07/logs/F009_cppcheck.log
/home/yichen/Desktop/Deepseek_GSCP07/F009.c,cppcheck,True,success,True,0,12,3,information,missingIncludeSystem,Include file: <stdlib.h> not found. Please note: Cppcheck does not need standard library headers to get proper results.,/home/yichen/Desktop/Deepseek_GSCP07/F009.c|3|information|missingIncludeSystem|Include file: <stdlib.h> not found. Please note: Cppcheck does not need standard library headers to get proper results.,/home/yichen/Desktop/Deepseek_GSCP_Results07/logs/F009_cppcheck.log
/home/yichen/Desktop/Deepseek_GSCP07/F009.c,cppcheck,True,success,True,0,12,4,information,missingIncludeSystem,Include file: <string.h> not found. Please note: Cppcheck does not need standard library headers to get proper results.,/home/yichen/Desktop/Deepseek_GSCP07/F009.c|4|information|missingIncludeSystem|Include file: <string.h> not found. Please note: Cppcheck does not need standard library headers to get proper results.,/home/yichen/Desktop/Deepseek_GSCP_Results07/logs/F009_cppcheck.log
/home/yichen/Desktop/Deepseek_GSCP07/F009.c,cppcheck,True,success,True,0,12,147,style,constVariablePointer,Variable 'cmd' can be declared as pointer to const,/home/yichen/Desktop/Deepseek_GSCP07/F009.c|147|style|constVariablePointer|Variable 'cmd' can be declared as pointer to const,/home/yichen/Desktop/Deepseek_GSCP_Results07/logs/F009_cppcheck.log
/home/yichen/Desktop/Deepseek_GSCP07/F009.c,cppcheck,True,success,True,0,12,151,style,constVariablePointer,Variable 'group' can be declared as pointer to const,/home/yichen/Desktop/Deepseek_GSCP07/F009.c|151|style|constVariablePointer|Variable 'group' can be declared as pointer to const,/home/yichen/Desktop/Deepseek_GSCP_Results07/logs/F009_cppcheck.log
/home/yichen/Desktop/Deepseek_GSCP07/F009.c,cppcheck,True,success,True,0,12,152,style,constVariablePointer,Variable 'desc' can be declared as pointer to const,/home/yichen/Desktop/Deepseek_GSCP07/F009.c|152|style|constVariablePointer|Variable 'desc' can be declared as pointer to const,/home/yichen/Desktop/Deepseek_GSCP_Results07/logs/F009_cppcheck.log
/home/yichen/Desktop/Deepseek_GSCP07/F009.c,cppcheck,True,success,True,0,12,155,style,constVariablePointer,Variable 'a' can be declared as pointer to const,/home/yichen/Desktop/Deepseek_GSCP07/F009.c|155|style|constVariablePointer|Variable 'a' can be declared as pointer to const,/home/yichen/Desktop/Deepseek_GSCP_Results07/logs/F009_cppcheck.log
/home/yichen/Desktop/Deepseek_GSCP07/F009.c,cppcheck,True,success,True,0,12,156,style,constVariablePointer,Variable 'b' can be declared as pointer to const,/home/yichen/Desktop/Deepseek_GSCP07/F009.c|156|style|constVariablePointer|Variable 'b' can be declared as pointer to const,/home/yichen/Desktop/Deepseek_GSCP_Results07/logs/F009_cppcheck.log
/home/yichen/Desktop/Deepseek_GSCP07/F009.c,cppcheck,True,success,True,0,12,157,style,constVariablePointer,Variable 'newg' can be declared as pointer to const,/home/yichen/Desktop/Deepseek_GSCP07/F009.c|157|style|constVariablePointer|Variable 'newg' can be declared as pointer to const,/home/yichen/Desktop/Deepseek_GSCP_Results07/logs/F009_cppcheck.log
/home/yichen/Desktop/Deepseek_GSCP07/F009.c,cppcheck,True,success,True,0,12,160,style,constVariablePointer,Variable 'group' can be declared as pointer to const,/home/yichen/Desktop/Deepseek_GSCP07/F009.c|160|style|constVariablePointer|Variable 'group' can be declared as pointer to const,/home/yichen/Desktop/Deepseek_GSCP_Results07/logs/F009_cppcheck.log
/home/yichen/Desktop/Deepseek_GSCP07/F009.c,cppcheck,True,success,True,0,12,163,style,constVariablePointer,Variable 'group' can be declared as pointer to const,/home/yichen/Desktop/Deepseek_GSCP07/F009.c|163|style|constVariablePointer|Variable 'group' can be declared as pointer to const,/home/yichen/Desktop/Deepseek_GSCP_Results07/logs/F009_cppcheck.log
nofile,cppcheck,True,success,True,0,12,0,information,checkersReport,Active checkers: 113/592 (use --checkers-report=<filename> to see details),nofile|0|information|checkersReport|Active checkers: 113/592 (use --checkers-report=<filename> to see details),/home/yichen/Desktop/Deepseek_GSCP_Results07/logs/F009_cppcheck.log
/home/yichen/Desktop/Deepseek_GSCP07/F010.c,cppcheck,True,success,True,0,11,2,information,missingIncludeSystem,Include file: <stdio.h> not found. Please note: Cppcheck does not need standard library headers to get proper results.,/home/yichen/Desktop/Deepseek_GSCP07/F010.c|2|information|missingIncludeSystem|Include file: <stdio.h> not found. Please note: Cppcheck does not need standard library headers to get proper results.,/home/yichen/Desktop/Deepseek_GSCP_Results07/logs/F010_cppcheck.log
/home/yichen/Desktop/Deepseek_GSCP07/F010.c,cppcheck,True,success,True,0,11,3,information,missingIncludeSystem,Include file: <stdlib.h> not found. Please note: Cppcheck does not need standard library headers to get proper results.,/home/yichen/Desktop/Deepseek_GSCP07/F010.c|3|information|missingIncludeSystem|Include file: <stdlib.h> not found. Please note: Cppcheck does not need standard library headers to get proper results.,/home/yichen/Desktop/Deepseek_GSCP_Results07/logs/F010_cppcheck.log
/home/yichen/Desktop/Deepseek_GSCP07/F010.c,cppcheck,True,success,True,0,11,4,information,missingIncludeSystem,Include file: <string.h> not found. Please note: Cppcheck does not need standard library headers to get proper results.,/home/yichen/Desktop/Deepseek_GSCP07/F010.c|4|information|missingIncludeSystem|Include file: <string.h> not found. Please note: Cppcheck does not need standard library headers to get proper results.,/home/yichen/Desktop/Deepseek_GSCP_Results07/logs/F010_cppcheck.log
/home/yichen/Desktop/Deepseek_GSCP07/F010.c,cppcheck,True,success,True,0,11,121,style,constVariablePointer,Variable 'cmd' can be declared as pointer to const,/home/yichen/Desktop/Deepseek_GSCP07/F010.c|121|style|constVariablePointer|Variable 'cmd' can be declared as pointer to const,/home/yichen/Desktop/Deepseek_GSCP_Results07/logs/F010_cppcheck.log
/home/yichen/Desktop/Deepseek_GSCP07/F010.c,cppcheck,True,success,True,0,11,125,style,constVariablePointer,Variable 'key' can be declared as pointer to const,/home/yichen/Desktop/Deepseek_GSCP07/F010.c|125|style|constVariablePointer|Variable 'key' can be declared as pointer to const,/home/yichen/Desktop/Deepseek_GSCP_Results07/logs/F010_cppcheck.log
/home/yichen/Desktop/Deepseek_GSCP07/F010.c,cppcheck,True,success,True,0,11,126,style,constVariablePointer,Variable 'val' can be declared as pointer to const,/home/yichen/Desktop/Deepseek_GSCP07/F010.c|126|style|constVariablePointer|Variable 'val' can be declared as pointer to const,/home/yichen/Desktop/Deepseek_GSCP_Results07/logs/F010_cppcheck.log
/home/yichen/Desktop/Deepseek_GSCP07/F010.c,cppcheck,True,success,True,0,11,129,style,constVariablePointer,Variable 'key' can be declared as pointer to const,/home/yichen/Desktop/Deepseek_GSCP07/F010.c|129|style|constVariablePointer|Variable 'key' can be declared as pointer to const,/home/yichen/Desktop/Deepseek_GSCP_Results07/logs/F010_cppcheck.log
/home/yichen/Desktop/Deepseek_GSCP07/F010.c,cppcheck,True,success,True,0,11,130,style,constVariablePointer,Variable 'val' can be declared as pointer to const,/home/yichen/Desktop/Deepseek_GSCP07/F010.c|130|style|constVariablePointer|Variable 'val' can be declared as pointer to const,/home/yichen/Desktop/Deepseek_GSCP_Results07/logs/F010_cppcheck.log
/home/yichen/Desktop/Deepseek_GSCP07/F010.c,cppcheck,True,success,True,0,11,133,style,constVariablePointer,Variable 'key' can be declared as pointer to const,/home/yichen/Desktop/Deepseek_GSCP07/F010.c|133|style|constVariablePointer|Variable 'key' can be declared as pointer to const,/home/yichen/Desktop/Deepseek_GSCP_Results07/logs/F010_cppcheck.log
/home/yichen/Desktop/Deepseek_GSCP07/F010.c,cppcheck,True,success,True,0,11,136,style,constVariablePointer,Variable 'key' can be declared as pointer to const,/home/yichen/Desktop/Deepseek_GSCP07/F010.c|136|style|constVariablePointer|Variable 'key' can be declared as pointer to const,/home/yichen/Desktop/Deepseek_GSCP_Results07/logs/F010_cppcheck.log
nofile,cppcheck,True,success,True,0,11,0,information,checkersReport,Active checkers: 113/592 (use --checkers-report=<filename> to see details),nofile|0|information|checkersReport|Active checkers: 113/592 (use --checkers-report=<filename> to see details),/home/yichen/Desktop/Deepseek_GSCP_Results07/logs/F010_cppcheck.log
/home/yichen/Desktop/Deepseek_GSCP07/F011.c,cppcheck,True,success,True,0,12,2,information,missingIncludeSystem,Include file: <stdio.h> not found. Please note: Cppcheck does not need standard library headers to get proper results.,/home/yichen/Desktop/Deepseek_GSCP07/F011.c|2|information|missingIncludeSystem|Include file: <stdio.h> not found. Please note: Cppcheck does not need standard library headers to get proper results.,/home/yichen/Desktop/Deepseek_GSCP_Results07/logs/F011_cppcheck.log
/home/yichen/Desktop/Deepseek_GSCP07/F011.c,cppcheck,True,success,True,0,12,3,information,missingIncludeSystem,Include file: <stdlib.h> not found. Please note: Cppcheck does not need standard library headers to get proper results.,/home/yichen/Desktop/Deepseek_GSCP07/F011.c|3|information|missingIncludeSystem|Include file: <stdlib.h> not found. Please note: Cppcheck does not need standard library headers to get proper results.,/home/yichen/Desktop/Deepseek_GSCP_Results07/logs/F011_cppcheck.log
/home/yichen/Desktop/Deepseek_GSCP07/F011.c,cppcheck,True,success,True,0,12,4,information,missingIncludeSystem,Include file: <string.h> not found. Please note: Cppcheck does not need standard library headers to get proper results.,/home/yichen/Desktop/Deepseek_GSCP07/F011.c|4|information|missingIncludeSystem|Include file: <string.h> not found. Please note: Cppcheck does not need standard library headers to get proper results.,/home/yichen/Desktop/Deepseek_GSCP_Results07/logs/F011_cppcheck.log
/home/yichen/Desktop/Deepseek_GSCP07/F011.c,cppcheck,True,success,True,0,12,81,style,constVariablePointer,Variable 'd' can be declared as pointer to const,/home/yichen/Desktop/Deepseek_GSCP07/F011.c|81|style|constVariablePointer|Variable 'd' can be declared as pointer to const,/home/yichen/Desktop/Deepseek_GSCP_Results07/logs/F011_cppcheck.log
/home/yichen/Desktop/Deepseek_GSCP07/F011.c,cppcheck,True,success,True,0,12,98,style,constVariablePointer,Variable 'cmd' can be declared as pointer to const,/home/yichen/Desktop/Deepseek_GSCP07/F011.c|98|style|constVariablePointer|Variable 'cmd' can be declared as pointer to const,/home/yichen/Desktop/Deepseek_GSCP_Results07/logs/F011_cppcheck.log
/home/yichen/Desktop/Deepseek_GSCP07/F011.c,cppcheck,True,success,True,0,12,102,style,constVariablePointer,Variable 'title' can be declared as pointer to const,/home/yichen/Desktop/Deepseek_GSCP07/F011.c|102|style|constVariablePointer|Variable 'title' can be declared as pointer to const,/home/yichen/Desktop/Deepseek_GSCP_Results07/logs/F011_cppcheck.log
/home/yichen/Desktop/Deepseek_GSCP07/F011.c,cppcheck,True,success,True,0,12,103,style,constVariablePointer,Variable 'body' can be declared as pointer to const,/home/yichen/Desktop/Deepseek_GSCP07/F011.c|103|style|constVariablePointer|Variable 'body' can be declared as pointer to const,/home/yichen/Desktop/Deepseek_GSCP_Results07/logs/F011_cppcheck.log
/home/yichen/Desktop/Deepseek_GSCP07/F011.c,cppcheck,True,success,True,0,12,109,style,constVariablePointer,Variable 'title' can be declared as pointer to const,/home/yichen/Desktop/Deepseek_GSCP07/F011.c|109|style|constVariablePointer|Variable 'title' can be declared as pointer to const,/home/yichen/Desktop/Deepseek_GSCP_Results07/logs/F011_cppcheck.log
/home/yichen/Desktop/Deepseek_GSCP07/F011.c,cppcheck,True,success,True,0,12,110,style,constVariablePointer,Variable 'body' can be declared as pointer to const,/home/yichen/Desktop/Deepseek_GSCP07/F011.c|110|style|constVariablePointer|Variable 'body' can be declared as pointer to const,/home/yichen/Desktop/Deepseek_GSCP_Results07/logs/F011_cppcheck.log
/home/yichen/Desktop/Deepseek_GSCP07/F011.c,cppcheck,True,success,True,0,12,113,style,constVariablePointer,Variable 'title' can be declared as pointer to const,/home/yichen/Desktop/Deepseek_GSCP07/F011.c|113|style|constVariablePointer|Variable 'title' can be declared as pointer to const,/home/yichen/Desktop/Deepseek_GSCP_Results07/logs/F011_cppcheck.log
/home/yichen/Desktop/Deepseek_GSCP07/F011.c,cppcheck,True,success,True,0,12,118,style,constVariablePointer,Variable 'title' can be declared as pointer to const,/home/yichen/Desktop/Deepseek_GSCP07/F011.c|118|style|constVariablePointer|Variable 'title' can be declared as pointer to const,/home/yichen/Desktop/Deepseek_GSCP_Results07/logs/F011_cppcheck.log
nofile,cppcheck,True,success,True,0,12,0,information,checkersReport,Active checkers: 113/592 (use --checkers-report=<filename> to see details),nofile|0|information|checkersReport|Active checkers: 113/592 (use --checkers-report=<filename> to see details),/home/yichen/Desktop/Deepseek_GSCP_Results07/logs/F011_cppcheck.log
/home/yichen/Desktop/Deepseek_GSCP07/F012.c,cppcheck,True,success,True,0,12,2,information,missingIncludeSystem,Include file: <stdio.h> not found. Please note: Cppcheck does not need standard library headers to get proper results.,/home/yichen/Desktop/Deepseek_GSCP07/F012.c|2|information|missingIncludeSystem|Include file: <stdio.h> not found. Please note: Cppcheck does not need standard library headers to get proper results.,/home/yichen/Desktop/Deepseek_GSCP_Results07/logs/F012_cppcheck.log
/home/yichen/Desktop/Deepseek_GSCP07/F012.c,cppcheck,True,success,True,0,12,3,information,missingIncludeSystem,Include file: <stdlib.h> not found. Please note: Cppcheck does not need standard library headers to get proper results.,/home/yichen/Desktop/Deepseek_GSCP07/F012.c|3|information|missingIncludeSystem|Include file: <stdlib.h> not found. Please note: Cppcheck does not need standard library headers to get proper results.,/home/yichen/Desktop/Deepseek_GSCP_Results07/logs/F012_cppcheck.log
/home/yichen/Desktop/Deepseek_GSCP07/F012.c,cppcheck,True,success,True,0,12,4,information,missingIncludeSystem,Include file: <string.h> not found. Please note: Cppcheck does not need standard library headers to get proper results.,/home/yichen/Desktop/Deepseek_GSCP07/F012.c|4|information|missingIncludeSystem|Include file: <string.h> not found. Please note: Cppcheck does not need standard library headers to get proper results.,/home/yichen/Desktop/Deepseek_GSCP_Results07/logs/F012_cppcheck.log
/home/yichen/Desktop/Deepseek_GSCP07/F012.c,cppcheck,True,success,True,0,12,74,style,constVariablePointer,Variable 'p' can be declared as pointer to const,/home/yichen/Desktop/Deepseek_GSCP07/F012.c|74|style|constVariablePointer|Variable 'p' can be declared as pointer to const,/home/yichen/Desktop/Deepseek_GSCP_Results07/logs/F012_cppcheck.log
/home/yichen/Desktop/Deepseek_GSCP07/F012.c,cppcheck,True,success,True,0,12,91,style,constVariablePointer,Variable 'cmd' can be declared as pointer to const,/home/yichen/Desktop/Deepseek_GSCP07/F012.c|91|style|constVariablePointer|Variable 'cmd' can be declared as pointer to const,/home/yichen/Desktop/Deepseek_GSCP_Results07/logs/F012_cppcheck.log
/home/yichen/Desktop/Deepseek_GSCP07/F012.c,cppcheck,True,success,True,0,12,95,style,constVariablePointer,Variable 'name' can be declared as pointer to const,/home/yichen/Desktop/Deepseek_GSCP07/F012.c|95|style|constVariablePointer|Variable 'name' can be declared as pointer to const,/home/yichen/Desktop/Deepseek_GSCP_Results07/logs/F012_cppcheck.log
/home/yichen/Desktop/Deepseek_GSCP07/F012.c,cppcheck,True,success,True,0,12,96,style,constVariablePointer,Variable 'note' can be declared as pointer to const,/home/yichen/Desktop/Deepseek_GSCP07/F012.c|96|style|constVariablePointer|Variable 'note' can be declared as pointer to const,/home/yichen/Desktop/Deepseek_GSCP_Results07/logs/F012_cppcheck.log
/home/yichen/Desktop/Deepseek_GSCP07/F012.c,cppcheck,True,success,True,0,12,104,style,constVariablePointer,Variable 'name' can be declared as pointer to const,/home/yichen/Desktop/Deepseek_GSCP07/F012.c|104|style|constVariablePointer|Variable 'name' can be declared as pointer to const,/home/yichen/Desktop/Deepseek_GSCP_Results07/logs/F012_cppcheck.log
/home/yichen/Desktop/Deepseek_GSCP07/F012.c,cppcheck,True,success,True,0,12,107,style,constVariablePointer,Variable 'name' can be declared as pointer to const,/home/yichen/Desktop/Deepseek_GSCP07/F012.c|107|style|constVariablePointer|Variable 'name' can be declared as pointer to const,/home/yichen/Desktop/Deepseek_GSCP_Results07/logs/F012_cppcheck.log
/home/yichen/Desktop/Deepseek_GSCP07/F012.c,cppcheck,True,success,True,0,12,108,style,constVariablePointer,Variable 'note' can be declared as pointer to const,/home/yichen/Desktop/Deepseek_GSCP07/F012.c|108|style|constVariablePointer|Variable 'note' can be declared as pointer to const,/home/yichen/Desktop/Deepseek_GSCP_Results07/logs/F012_cppcheck.log
/home/yichen/Desktop/Deepseek_GSCP07/F012.c,cppcheck,True,success,True,0,12,114,style,constVariablePointer,Variable 'name' can be declared as pointer to const,/home/yichen/Desktop/Deepseek_GSCP07/F012.c|114|style|constVariablePointer|Variable 'name' can be declared as pointer to const,/home/yichen/Desktop/Deepseek_GSCP_Results07/logs/F012_cppcheck.log
nofile,cppcheck,True,success,True,0,12,0,information,checkersReport,Active checkers: 113/592 (use --checkers-report=<filename> to see details),nofile|0|information|checkersReport|Active checkers: 113/592 (use --checkers-report=<filename> to see details),/home/yichen/Desktop/Deepseek_GSCP_Results07/logs/F012_cppcheck.log
/home/yichen/Desktop/Deepseek_GSCP07/F013.c,cppcheck,True,success,True,0,16,2,information,missingIncludeSystem,Include file: <stdio.h> not found. Please note: Cppcheck does not need standard library headers to get proper results.,/home/yichen/Desktop/Deepseek_GSCP07/F013.c|2|information|missingIncludeSystem|Include file: <stdio.h> not found. Please note: Cppcheck does not need standard library headers to get proper results.,/home/yichen/Desktop/Deepseek_GSCP_Results07/logs/F013_cppcheck.log
/home/yichen/Desktop/Deepseek_GSCP07/F013.c,cppcheck,True,success,True,0,16,3,information,missingIncludeSystem,Include file: <stdlib.h> not found. Please note: Cppcheck does not need standard library headers to get proper results.,/home/yichen/Desktop/Deepseek_GSCP07/F013.c|3|information|missingIncludeSystem|Include file: <stdlib.h> not found. Please note: Cppcheck does not need standard library headers to get proper results.,/home/yichen/Desktop/Deepseek_GSCP_Results07/logs/F013_cppcheck.log
/home/yichen/Desktop/Deepseek_GSCP07/F013.c,cppcheck,True,success,True,0,16,4,information,missingIncludeSystem,Include file: <string.h> not found. Please note: Cppcheck does not need standard library headers to get proper results.,/home/yichen/Desktop/Deepseek_GSCP07/F013.c|4|information|missingIncludeSystem|Include file: <string.h> not found. Please note: Cppcheck does not need standard library headers to get proper results.,/home/yichen/Desktop/Deepseek_GSCP_Results07/logs/F013_cppcheck.log
/home/yichen/Desktop/Deepseek_GSCP07/F013.c,cppcheck,True,success,True,0,16,75,style,constVariablePointer,Variable 't' can be declared as pointer to const,/home/yichen/Desktop/Deepseek_GSCP07/F013.c|75|style|constVariablePointer|Variable 't' can be declared as pointer to const,/home/yichen/Desktop/Deepseek_GSCP_Results07/logs/F013_cppcheck.log
/home/yichen/Desktop/Deepseek_GSCP07/F013.c,cppcheck,True,success,True,0,16,84,style,constVariablePointer,Variable 't' can be declared as pointer to const,/home/yichen/Desktop/Deepseek_GSCP07/F013.c|84|style|constVariablePointer|Variable 't' can be declared as pointer to const,/home/yichen/Desktop/Deepseek_GSCP_Results07/logs/F013_cppcheck.log
/home/yichen/Desktop/Deepseek_GSCP07/F013.c,cppcheck,True,success,True,0,16,94,style,constVariablePointer,Variable 't' can be declared as pointer to const,/home/yichen/Desktop/Deepseek_GSCP07/F013.c|94|style|constVariablePointer|Variable 't' can be declared as pointer to const,/home/yichen/Desktop/Deepseek_GSCP_Results07/logs/F013_cppcheck.log
/home/yichen/Desktop/Deepseek_GSCP07/F013.c,cppcheck,True,success,True,0,16,104,style,constVariablePointer,Variable 't' can be declared as pointer to const,/home/yichen/Desktop/Deepseek_GSCP07/F013.c|104|style|constVariablePointer|Variable 't' can be declared as pointer to const,/home/yichen/Desktop/Deepseek_GSCP_Results07/logs/F013_cppcheck.log
/home/yichen/Desktop/Deepseek_GSCP07/F013.c,cppcheck,True,success,True,0,16,111,style,constVariablePointer,Variable 't' can be declared as pointer to const,/home/yichen/Desktop/Deepseek_GSCP07/F013.c|111|style|constVariablePointer|Variable 't' can be declared as pointer to const,/home/yichen/Desktop/Deepseek_GSCP_Results07/logs/F013_cppcheck.log
/home/yichen/Desktop/Deepseek_GSCP07/F013.c,cppcheck,True,success,True,0,16,132,style,constVariablePointer,Variable 'cmd' can be declared as pointer to const,/home/yichen/Desktop/Deepseek_GSCP07/F013.c|132|style|constVariablePointer|Variable 'cmd' can be declared as pointer to const,/home/yichen/Desktop/Deepseek_GSCP_Results07/logs/F013_cppcheck.log
/home/yichen/Desktop/Deepseek_GSCP07/F013.c,cppcheck,True,success,True,0,16,136,style,constVariablePointer,Variable 'title' can be declared as pointer to const,/home/yichen/Desktop/Deepseek_GSCP07/F013.c|136|style|constVariablePointer|Variable 'title' can be declared as pointer to const,/home/yichen/Desktop/Deepseek_GSCP_Results07/logs/F013_cppcheck.log
/home/yichen/Desktop/Deepseek_GSCP07/F013.c,cppcheck,True,success,True,0,16,137,style,constVariablePointer,Variable 'note' can be declared as pointer to const,/home/yichen/Desktop/Deepseek_GSCP07/F013.c|137|style|constVariablePointer|Variable 'note' can be declared as pointer to const,/home/yichen/Desktop/Deepseek_GSCP_Results07/logs/F013_cppcheck.log
/home/yichen/Desktop/Deepseek_GSCP07/F013.c,cppcheck,True,success,True,0,16,143,style,constVariablePointer,Variable 'title' can be declared as pointer to const,/home/yichen/Desktop/Deepseek_GSCP07/F013.c|143|style|constVariablePointer|Variable 'title' can be declared as pointer to const,/home/yichen/Desktop/Deepseek_GSCP_Results07/logs/F013_cppcheck.log
/home/yichen/Desktop/Deepseek_GSCP07/F013.c,cppcheck,True,success,True,0,16,146,style,constVariablePointer,Variable 'title' can be declared as pointer to const,/home/yichen/Desktop/Deepseek_GSCP07/F013.c|146|style|constVariablePointer|Variable 'title' can be declared as pointer to const,/home/yichen/Desktop/Deepseek_GSCP_Results07/logs/F013_cppcheck.log
/home/yichen/Desktop/Deepseek_GSCP07/F013.c,cppcheck,True,success,True,0,16,149,style,constVariablePointer,Variable 'title' can be declared as pointer to const,/home/yichen/Desktop/Deepseek_GSCP07/F013.c|149|style|constVariablePointer|Variable 'title' can be declared as pointer to const,/home/yichen/Desktop/Deepseek_GSCP_Results07/logs/F013_cppcheck.log
/home/yichen/Desktop/Deepseek_GSCP07/F013.c,cppcheck,True,success,True,0,16,152,style,constVariablePointer,Variable 'title' can be declared as pointer to const,/home/yichen/Desktop/Deepseek_GSCP07/F013.c|152|style|constVariablePointer|Variable 'title' can be declared as pointer to const,/home/yichen/Desktop/Deepseek_GSCP_Results07/logs/F013_cppcheck.log
nofile,cppcheck,True,success,True,0,16,0,information,checkersReport,Active checkers: 113/592 (use --checkers-report=<filename> to see details),nofile|0|information|checkersReport|Active checkers: 113/592 (use --checkers-report=<filename> to see details),/home/yichen/Desktop/Deepseek_GSCP_Results07/logs/F013_cppcheck.log
/home/yichen/Desktop/Deepseek_GSCP07/F014.c,cppcheck,True,success,True,0,13,2,information,missingIncludeSystem,Include file: <stdio.h> not found. Please note: Cppcheck does not need standard library headers to get proper results.,/home/yichen/Desktop/Deepseek_GSCP07/F014.c|2|information|missingIncludeSystem|Include file: <stdio.h> not found. Please note: Cppcheck does not need standard library headers to get proper results.,/home/yichen/Desktop/Deepseek_GSCP_Results07/logs/F014_cppcheck.log
/home/yichen/Desktop/Deepseek_GSCP07/F014.c,cppcheck,True,success,True,0,13,3,information,missingIncludeSystem,Include file: <stdlib.h> not found. Please note: Cppcheck does not need standard library headers to get proper results.,/home/yichen/Desktop/Deepseek_GSCP07/F014.c|3|information|missingIncludeSystem|Include file: <stdlib.h> not found. Please note: Cppcheck does not need standard library headers to get proper results.,/home/yichen/Desktop/Deepseek_GSCP_Results07/logs/F014_cppcheck.log
/home/yichen/Desktop/Deepseek_GSCP07/F014.c,cppcheck,True,success,True,0,13,4,information,missingIncludeSystem,Include file: <string.h> not found. Please note: Cppcheck does not need standard library headers to get proper results.,/home/yichen/Desktop/Deepseek_GSCP07/F014.c|4|information|missingIncludeSystem|Include file: <string.h> not found. Please note: Cppcheck does not need standard library headers to get proper results.,/home/yichen/Desktop/Deepseek_GSCP_Results07/logs/F014_cppcheck.log
/home/yichen/Desktop/Deepseek_GSCP07/F014.c,cppcheck,True,success,True,0,13,141,style,constVariablePointer,Variable 'cmd' can be declared as pointer to const,/home/yichen/Desktop/Deepseek_GSCP07/F014.c|141|style|constVariablePointer|Variable 'cmd' can be declared as pointer to const,/home/yichen/Desktop/Deepseek_GSCP_Results07/logs/F014_cppcheck.log
/home/yichen/Desktop/Deepseek_GSCP07/F014.c,cppcheck,True,success,True,0,13,145,style,constVariablePointer,Variable 'name' can be declared as pointer to const,/home/yichen/Desktop/Deepseek_GSCP07/F014.c|145|style|constVariablePointer|Variable 'name' can be declared as pointer to const,/home/yichen/Desktop/Deepseek_GSCP_Results07/logs/F014_cppcheck.log
/home/yichen/Desktop/Deepseek_GSCP07/F014.c,cppcheck,True,success,True,0,13,146,style,constVariablePointer,Variable 'note' can be declared as pointer to const,/home/yichen/Desktop/Deepseek_GSCP07/F014.c|146|style|constVariablePointer|Variable 'note' can be declared as pointer to const,/home/yichen/Desktop/Deepseek_GSCP_Results07/logs/F014_cppcheck.log
/home/yichen/Desktop/Deepseek_GSCP07/F014.c,cppcheck,True,success,True,0,13,152,style,constVariablePointer,Variable 'name' can be declared as pointer to const,/home/yichen/Desktop/Deepseek_GSCP07/F014.c|152|style|constVariablePointer|Variable 'name' can be declared as pointer to const,/home/yichen/Desktop/Deepseek_GSCP_Results07/logs/F014_cppcheck.log
/home/yichen/Desktop/Deepseek_GSCP07/F014.c,cppcheck,True,success,True,0,13,153,style,constVariablePointer,Variable 'label' can be declared as pointer to const,/home/yichen/Desktop/Deepseek_GSCP07/F014.c|153|style|constVariablePointer|Variable 'label' can be declared as pointer to const,/home/yichen/Desktop/Deepseek_GSCP_Results07/logs/F014_cppcheck.log
/home/yichen/Desktop/Deepseek_GSCP07/F014.c,cppcheck,True,success,True,0,13,156,style,constVariablePointer,Variable 'name' can be declared as pointer to const,/home/yichen/Desktop/Deepseek_GSCP07/F014.c|156|style|constVariablePointer|Variable 'name' can be declared as pointer to const,/home/yichen/Desktop/Deepseek_GSCP_Results07/logs/F014_cppcheck.log
/home/yichen/Desktop/Deepseek_GSCP07/F014.c,cppcheck,True,success,True,0,13,157,style,constVariablePointer,Variable 'label' can be declared as pointer to const,/home/yichen/Desktop/Deepseek_GSCP07/F014.c|157|style|constVariablePointer|Variable 'label' can be declared as pointer to const,/home/yichen/Desktop/Deepseek_GSCP_Results07/logs/F014_cppcheck.log
/home/yichen/Desktop/Deepseek_GSCP07/F014.c,cppcheck,True,success,True,0,13,160,style,constVariablePointer,Variable 'name' can be declared as pointer to const,/home/yichen/Desktop/Deepseek_GSCP07/F014.c|160|style|constVariablePointer|Variable 'name' can be declared as pointer to const,/home/yichen/Desktop/Deepseek_GSCP_Results07/logs/F014_cppcheck.log
/home/yichen/Desktop/Deepseek_GSCP07/F014.c,cppcheck,True,success,True,0,13,163,style,constVariablePointer,Variable 'name' can be declared as pointer to const,/home/yichen/Desktop/Deepseek_GSCP07/F014.c|163|style|constVariablePointer|Variable 'name' can be declared as pointer to const,/home/yichen/Desktop/Deepseek_GSCP_Results07/logs/F014_cppcheck.log
nofile,cppcheck,True,success,True,0,13,0,information,checkersReport,Active checkers: 113/592 (use --checkers-report=<filename> to see details),nofile|0|information|checkersReport|Active checkers: 113/592 (use --checkers-report=<filename> to see details),/home/yichen/Desktop/Deepseek_GSCP_Results07/logs/F014_cppcheck.log
/home/yichen/Desktop/Deepseek_GSCP07/F015.c,cppcheck,True,success,True,0,16,2,information,missingIncludeSystem,Include file: <stdio.h> not found. Please note: Cppcheck does not need standard library headers to get proper results.,/home/yichen/Desktop/Deepseek_GSCP07/F015.c|2|information|missingIncludeSystem|Include file: <stdio.h> not found. Please note: Cppcheck does not need standard library headers to get proper results.,/home/yichen/Desktop/Deepseek_GSCP_Results07/logs/F015_cppcheck.log
/home/yichen/Desktop/Deepseek_GSCP07/F015.c,cppcheck,True,success,True,0,16,3,information,missingIncludeSystem,Include file: <stdlib.h> not found. Please note: Cppcheck does not need standard library headers to get proper results.,/home/yichen/Desktop/Deepseek_GSCP07/F015.c|3|information|missingIncludeSystem|Include file: <stdlib.h> not found. Please note: Cppcheck does not need standard library headers to get proper results.,/home/yichen/Desktop/Deepseek_GSCP_Results07/logs/F015_cppcheck.log
/home/yichen/Desktop/Deepseek_GSCP07/F015.c,cppcheck,True,success,True,0,16,4,information,missingIncludeSystem,Include file: <string.h> not found. Please note: Cppcheck does not need standard library headers to get proper results.,/home/yichen/Desktop/Deepseek_GSCP07/F015.c|4|information|missingIncludeSystem|Include file: <string.h> not found. Please note: Cppcheck does not need standard library headers to get proper results.,/home/yichen/Desktop/Deepseek_GSCP_Results07/logs/F015_cppcheck.log
/home/yichen/Desktop/Deepseek_GSCP07/F015.c,cppcheck,True,success,True,0,16,58,style,constVariablePointer,Variable 'r' can be declared as pointer to const,/home/yichen/Desktop/Deepseek_GSCP07/F015.c|58|style|constVariablePointer|Variable 'r' can be declared as pointer to const,/home/yichen/Desktop/Deepseek_GSCP_Results07/logs/F015_cppcheck.log
/home/yichen/Desktop/Deepseek_GSCP07/F015.c,cppcheck,True,success,True,0,16,96,style,constVariablePointer,Variable 'c' can be declared as pointer to const,/home/yichen/Desktop/Deepseek_GSCP07/F015.c|96|style|constVariablePointer|Variable 'c' can be declared as pointer to const,/home/yichen/Desktop/Deepseek_GSCP_Results07/logs/F015_cppcheck.log
/home/yichen/Desktop/Deepseek_GSCP07/F015.c,cppcheck,True,success,True,0,16,113,style,constVariablePointer,Variable 'cmd' can be declared as pointer to const,/home/yichen/Desktop/Deepseek_GSCP07/F015.c|113|style|constVariablePointer|Variable 'cmd' can be declared as pointer to const,/home/yichen/Desktop/Deepseek_GSCP_Results07/logs/F015_cppcheck.log
/home/yichen/Desktop/Deepseek_GSCP07/F015.c,cppcheck,True,success,True,0,16,117,style,constVariablePointer,Variable 'name' can be declared as pointer to const,/home/yichen/Desktop/Deepseek_GSCP07/F015.c|117|style|constVariablePointer|Variable 'name' can be declared as pointer to const,/home/yichen/Desktop/Deepseek_GSCP_Results07/logs/F015_cppcheck.log
/home/yichen/Desktop/Deepseek_GSCP07/F015.c,cppcheck,True,success,True,0,16,118,style,constVariablePointer,Variable 'email' can be declared as pointer to const,/home/yichen/Desktop/Deepseek_GSCP07/F015.c|118|style|constVariablePointer|Variable 'email' can be declared as pointer to const,/home/yichen/Desktop/Deepseek_GSCP_Results07/logs/F015_cppcheck.log
/home/yichen/Desktop/Deepseek_GSCP07/F015.c,cppcheck,True,success,True,0,16,119,style,constVariablePointer,Variable 'phone' can be declared as pointer to const,/home/yichen/Desktop/Deepseek_GSCP07/F015.c|119|style|constVariablePointer|Variable 'phone' can be declared as pointer to const,/home/yichen/Desktop/Deepseek_GSCP_Results07/logs/F015_cppcheck.log
/home/yichen/Desktop/Deepseek_GSCP07/F015.c,cppcheck,True,success,True,0,16,122,style,constVariablePointer,Variable 'name' can be declared as pointer to const,/home/yichen/Desktop/Deepseek_GSCP07/F015.c|122|style|constVariablePointer|Variable 'name' can be declared as pointer to const,/home/yichen/Desktop/Deepseek_GSCP_Results07/logs/F015_cppcheck.log
/home/yichen/Desktop/Deepseek_GSCP07/F015.c,cppcheck,True,success,True,0,16,123,style,constVariablePointer,Variable 'text' can be declared as pointer to const,/home/yichen/Desktop/Deepseek_GSCP07/F015.c|123|style|constVariablePointer|Variable 'text' can be declared as pointer to const,/home/yichen/Desktop/Deepseek_GSCP_Results07/logs/F015_cppcheck.log
/home/yichen/Desktop/Deepseek_GSCP07/F015.c,cppcheck,True,success,True,0,16,126,style,constVariablePointer,Variable 'keep' can be declared as pointer to const,/home/yichen/Desktop/Deepseek_GSCP07/F015.c|126|style|constVariablePointer|Variable 'keep' can be declared as pointer to const,/home/yichen/Desktop/Deepseek_GSCP_Results07/logs/F015_cppcheck.log
/home/yichen/Desktop/Deepseek_GSCP07/F015.c,cppcheck,True,success,True,0,16,127,style,constVariablePointer,Variable 'remove' can be declared as pointer to const,/home/yichen/Desktop/Deepseek_GSCP07/F015.c|127|style|constVariablePointer|Variable 'remove' can be declared as pointer to const,/home/yichen/Desktop/Deepseek_GSCP_Results07/logs/F015_cppcheck.log
/home/yichen/Desktop/Deepseek_GSCP07/F015.c,cppcheck,True,success,True,0,16,130,style,constVariablePointer,Variable 'name' can be declared as pointer to const,/home/yichen/Desktop/Deepseek_GSCP07/F015.c|130|style|constVariablePointer|Variable 'name' can be declared as pointer to const,/home/yichen/Desktop/Deepseek_GSCP_Results07/logs/F015_cppcheck.log
/home/yichen/Desktop/Deepseek_GSCP07/F015.c,cppcheck,True,success,True,0,16,133,style,constVariablePointer,Variable 'name' can be declared as pointer to const,/home/yichen/Desktop/Deepseek_GSCP07/F015.c|133|style|constVariablePointer|Variable 'name' can be declared as pointer to const,/home/yichen/Desktop/Deepseek_GSCP_Results07/logs/F015_cppcheck.log
nofile,cppcheck,True,success,True,0,16,0,information,checkersReport,Active checkers: 113/592 (use --checkers-report=<filename> to see details),nofile|0|information|checkersReport|Active checkers: 113/592 (use --checkers-report=<filename> to see details),/home/yichen/Desktop/Deepseek_GSCP_Results07/logs/F015_cppcheck.log
/home/yichen/Desktop/Deepseek_GSCP07/F016.c,cppcheck,True,success,True,0,14,2,information,missingIncludeSystem,Include file: <stdio.h> not found. Please note: Cppcheck does not need standard library headers to get proper results.,/home/yichen/Desktop/Deepseek_GSCP07/F016.c|2|information|missingIncludeSystem|Include file: <stdio.h> not found. Please note: Cppcheck does not need standard library headers to get proper results.,/home/yichen/Desktop/Deepseek_GSCP_Results07/logs/F016_cppcheck.log
/home/yichen/Desktop/Deepseek_GSCP07/F016.c,cppcheck,True,success,True,0,14,3,information,missingIncludeSystem,Include file: <stdlib.h> not found. Please note: Cppcheck does not need standard library headers to get proper results.,/home/yichen/Desktop/Deepseek_GSCP07/F016.c|3|information|missingIncludeSystem|Include file: <stdlib.h> not found. Please note: Cppcheck does not need standard library headers to get proper results.,/home/yichen/Desktop/Deepseek_GSCP_Results07/logs/F016_cppcheck.log
/home/yichen/Desktop/Deepseek_GSCP07/F016.c,cppcheck,True,success,True,0,14,4,information,missingIncludeSystem,Include file: <string.h> not found. Please note: Cppcheck does not need standard library headers to get proper results.,/home/yichen/Desktop/Deepseek_GSCP07/F016.c|4|information|missingIncludeSystem|Include file: <string.h> not found. Please note: Cppcheck does not need standard library headers to get proper results.,/home/yichen/Desktop/Deepseek_GSCP_Results07/logs/F016_cppcheck.log
/home/yichen/Desktop/Deepseek_GSCP07/F016.c,cppcheck,True,success,True,0,14,61,style,constVariablePointer,Variable 'c' can be declared as pointer to const,/home/yichen/Desktop/Deepseek_GSCP07/F016.c|61|style|constVariablePointer|Variable 'c' can be declared as pointer to const,/home/yichen/Desktop/Deepseek_GSCP_Results07/logs/F016_cppcheck.log
/home/yichen/Desktop/Deepseek_GSCP07/F016.c,cppcheck,True,success,True,0,14,85,style,constVariablePointer,Variable 'name' can be declared as pointer to const,/home/yichen/Desktop/Deepseek_GSCP07/F016.c|85|style|constVariablePointer|Variable 'name' can be declared as pointer to const,/home/yichen/Desktop/Deepseek_GSCP_Results07/logs/F016_cppcheck.log
/home/yichen/Desktop/Deepseek_GSCP07/F016.c,cppcheck,True,success,True,0,14,86,style,constVariablePointer,Variable 'email' can be declared as pointer to const,/home/yichen/Desktop/Deepseek_GSCP07/F016.c|86|style|constVariablePointer|Variable 'email' can be declared as pointer to const,/home/yichen/Desktop/Deepseek_GSCP_Results07/logs/F016_cppcheck.log
/home/yichen/Desktop/Deepseek_GSCP07/F016.c,cppcheck,True,success,True,0,14,87,style,constVariablePointer,Variable 'phone' can be declared as pointer to const,/home/yichen/Desktop/Deepseek_GSCP07/F016.c|87|style|constVariablePointer|Variable 'phone' can be declared as pointer to const,/home/yichen/Desktop/Deepseek_GSCP_Results07/logs/F016_cppcheck.log
/home/yichen/Desktop/Deepseek_GSCP07/F016.c,cppcheck,True,success,True,0,14,98,style,constVariablePointer,Variable 'cmd' can be declared as pointer to const,/home/yichen/Desktop/Deepseek_GSCP07/F016.c|98|style|constVariablePointer|Variable 'cmd' can be declared as pointer to const,/home/yichen/Desktop/Deepseek_GSCP_Results07/logs/F016_cppcheck.log
/home/yichen/Desktop/Deepseek_GSCP07/F016.c,cppcheck,True,success,True,0,14,102,style,constVariablePointer,Variable 'name' can be declared as pointer to const,/home/yichen/Desktop/Deepseek_GSCP07/F016.c|102|style|constVariablePointer|Variable 'name' can be declared as pointer to const,/home/yichen/Desktop/Deepseek_GSCP_Results07/logs/F016_cppcheck.log
/home/yichen/Desktop/Deepseek_GSCP07/F016.c,cppcheck,True,success,True,0,14,103,style,constVariablePointer,Variable 'email' can be declared as pointer to const,/home/yichen/Desktop/Deepseek_GSCP07/F016.c|103|style|constVariablePointer|Variable 'email' can be declared as pointer to const,/home/yichen/Desktop/Deepseek_GSCP_Results07/logs/F016_cppcheck.log
/home/yichen/Desktop/Deepseek_GSCP07/F016.c,cppcheck,True,success,True,0,14,104,style,constVariablePointer,Variable 'phone' can be declared as pointer to const,/home/yichen/Desktop/Deepseek_GSCP07/F016.c|104|style|constVariablePointer|Variable 'phone' can be declared as pointer to const,/home/yichen/Desktop/Deepseek_GSCP_Results07/logs/F016_cppcheck.log
/home/yichen/Desktop/Deepseek_GSCP07/F016.c,cppcheck,True,success,True,0,14,107,style,constVariablePointer,Variable 'name' can be declared as pointer to const,/home/yichen/Desktop/Deepseek_GSCP07/F016.c|107|style|constVariablePointer|Variable 'name' can be declared as pointer to const,/home/yichen/Desktop/Deepseek_GSCP_Results07/logs/F016_cppcheck.log
/home/yichen/Desktop/Deepseek_GSCP07/F016.c,cppcheck,True,success,True,0,14,110,style,constVariablePointer,Variable 'name' can be declared as pointer to const,/home/yichen/Desktop/Deepseek_GSCP07/F016.c|110|style|constVariablePointer|Variable 'name' can be declared as pointer to const,/home/yichen/Desktop/Deepseek_GSCP_Results07/logs/F016_cppcheck.log
nofile,cppcheck,True,success,True,0,14,0,information,checkersReport,Active checkers: 113/592 (use --checkers-report=<filename> to see details),nofile|0|information|checkersReport|Active checkers: 113/592 (use --checkers-report=<filename> to see details),/home/yichen/Desktop/Deepseek_GSCP_Results07/logs/F016_cppcheck.log
/home/yichen/Desktop/Deepseek_GSCP07/F017.c,cppcheck,True,success,True,0,12,2,information,missingIncludeSystem,Include file: <stdio.h> not found. Please note: Cppcheck does not need standard library headers to get proper results.,/home/yichen/Desktop/Deepseek_GSCP07/F017.c|2|information|missingIncludeSystem|Include file: <stdio.h> not found. Please note: Cppcheck does not need standard library headers to get proper results.,/home/yichen/Desktop/Deepseek_GSCP_Results07/logs/F017_cppcheck.log
/home/yichen/Desktop/Deepseek_GSCP07/F017.c,cppcheck,True,success,True,0,12,3,information,missingIncludeSystem,Include file: <stdlib.h> not found. Please note: Cppcheck does not need standard library headers to get proper results.,/home/yichen/Desktop/Deepseek_GSCP07/F017.c|3|information|missingIncludeSystem|Include file: <stdlib.h> not found. Please note: Cppcheck does not need standard library headers to get proper results.,/home/yichen/Desktop/Deepseek_GSCP_Results07/logs/F017_cppcheck.log
/home/yichen/Desktop/Deepseek_GSCP07/F017.c,cppcheck,True,success,True,0,12,4,information,missingIncludeSystem,Include file: <string.h> not found. Please note: Cppcheck does not need standard library headers to get proper results.,/home/yichen/Desktop/Deepseek_GSCP07/F017.c|4|information|missingIncludeSystem|Include file: <string.h> not found. Please note: Cppcheck does not need standard library headers to get proper results.,/home/yichen/Desktop/Deepseek_GSCP_Results07/logs/F017_cppcheck.log
/home/yichen/Desktop/Deepseek_GSCP07/F017.c,cppcheck,True,success,True,0,12,63,style,constVariablePointer,Variable 'e' can be declared as pointer to const,/home/yichen/Desktop/Deepseek_GSCP07/F017.c|63|style|constVariablePointer|Variable 'e' can be declared as pointer to const,/home/yichen/Desktop/Deepseek_GSCP_Results07/logs/F017_cppcheck.log
/home/yichen/Desktop/Deepseek_GSCP07/F017.c,cppcheck,True,success,True,0,12,85,style,constVariablePointer,Variable 'key' can be declared as pointer to const,/home/yichen/Desktop/Deepseek_GSCP07/F017.c|85|style|constVariablePointer|Variable 'key' can be declared as pointer to const,/home/yichen/Desktop/Deepseek_GSCP_Results07/logs/F017_cppcheck.log
/home/yichen/Desktop/Deepseek_GSCP07/F017.c,cppcheck,True,success,True,0,12,86,style,constVariablePointer,Variable 'value' can be declared as pointer to const,/home/yichen/Desktop/Deepseek_GSCP07/F017.c|86|style|constVariablePointer|Variable 'value' can be declared as pointer to const,/home/yichen/Desktop/Deepseek_GSCP_Results07/logs/F017_cppcheck.log
/home/yichen/Desktop/Deepseek_GSCP07/F017.c,cppcheck,True,success,True,0,12,96,style,constVariablePointer,Variable 'cmd' can be declared as pointer to const,/home/yichen/Desktop/Deepseek_GSCP07/F017.c|96|style|constVariablePointer|Variable 'cmd' can be declared as pointer to const,/home/yichen/Desktop/Deepseek_GSCP_Results07/logs/F017_cppcheck.log
/home/yichen/Desktop/Deepseek_GSCP07/F017.c,cppcheck,True,success,True,0,12,100,style,constVariablePointer,Variable 'key' can be declared as pointer to const,/home/yichen/Desktop/Deepseek_GSCP07/F017.c|100|style|constVariablePointer|Variable 'key' can be declared as pointer to const,/home/yichen/Desktop/Deepseek_GSCP_Results07/logs/F017_cppcheck.log
/home/yichen/Desktop/Deepseek_GSCP07/F017.c,cppcheck,True,success,True,0,12,101,style,constVariablePointer,Variable 'val' can be declared as pointer to const,/home/yichen/Desktop/Deepseek_GSCP07/F017.c|101|style|constVariablePointer|Variable 'val' can be declared as pointer to const,/home/yichen/Desktop/Deepseek_GSCP_Results07/logs/F017_cppcheck.log
/home/yichen/Desktop/Deepseek_GSCP07/F017.c,cppcheck,True,success,True,0,12,107,style,constVariablePointer,Variable 'key' can be declared as pointer to const,/home/yichen/Desktop/Deepseek_GSCP07/F017.c|107|style|constVariablePointer|Variable 'key' can be declared as pointer to const,/home/yichen/Desktop/Deepseek_GSCP_Results07/logs/F017_cppcheck.log
/home/yichen/Desktop/Deepseek_GSCP07/F017.c,cppcheck,True,success,True,0,12,110,style,constVariablePointer,Variable 'key' can be declared as pointer to const,/home/yichen/Desktop/Deepseek_GSCP07/F017.c|110|style|constVariablePointer|Variable 'key' can be declared as pointer to const,/home/yichen/Desktop/Deepseek_GSCP_Results07/logs/F017_cppcheck.log
nofile,cppcheck,True,success,True,0,12,0,information,checkersReport,Active checkers: 113/592 (use --checkers-report=<filename> to see details),nofile|0|information|checkersReport|Active checkers: 113/592 (use --checkers-report=<filename> to see details),/home/yichen/Desktop/Deepseek_GSCP_Results07/logs/F017_cppcheck.log
/home/yichen/Desktop/Deepseek_GSCP07/F018.c,cppcheck,True,success,True,0,9,2,information,missingIncludeSystem,Include file: <stdio.h> not found. Please note: Cppcheck does not need standard library headers to get proper results.,/home/yichen/Desktop/Deepseek_GSCP07/F018.c|2|information|missingIncludeSystem|Include file: <stdio.h> not found. Please note: Cppcheck does not need standard library headers to get proper results.,/home/yichen/Desktop/Deepseek_GSCP_Results07/logs/F018_cppcheck.log
/home/yichen/Desktop/Deepseek_GSCP07/F018.c,cppcheck,True,success,True,0,9,3,information,missingIncludeSystem,Include file: <stdlib.h> not found. Please note: Cppcheck does not need standard library headers to get proper results.,/home/yichen/Desktop/Deepseek_GSCP07/F018.c|3|information|missingIncludeSystem|Include file: <stdlib.h> not found. Please note: Cppcheck does not need standard library headers to get proper results.,/home/yichen/Desktop/Deepseek_GSCP_Results07/logs/F018_cppcheck.log
/home/yichen/Desktop/Deepseek_GSCP07/F018.c,cppcheck,True,success,True,0,9,4,information,missingIncludeSystem,Include file: <string.h> not found. Please note: Cppcheck does not need standard library headers to get proper results.,/home/yichen/Desktop/Deepseek_GSCP07/F018.c|4|information|missingIncludeSystem|Include file: <string.h> not found. Please note: Cppcheck does not need standard library headers to get proper results.,/home/yichen/Desktop/Deepseek_GSCP_Results07/logs/F018_cppcheck.log
/home/yichen/Desktop/Deepseek_GSCP07/F018.c,cppcheck,True,success,True,0,9,61,style,constVariablePointer,Variable 'w' can be declared as pointer to const,/home/yichen/Desktop/Deepseek_GSCP07/F018.c|61|style|constVariablePointer|Variable 'w' can be declared as pointer to const,/home/yichen/Desktop/Deepseek_GSCP_Results07/logs/F018_cppcheck.log
/home/yichen/Desktop/Deepseek_GSCP07/F018.c,cppcheck,True,success,True,0,9,104,style,constVariablePointer,Variable 'cmd' can be declared as pointer to const,/home/yichen/Desktop/Deepseek_GSCP07/F018.c|104|style|constVariablePointer|Variable 'cmd' can be declared as pointer to const,/home/yichen/Desktop/Deepseek_GSCP_Results07/logs/F018_cppcheck.log
/home/yichen/Desktop/Deepseek_GSCP07/F018.c,cppcheck,True,success,True,0,9,108,style,constVariablePointer,Variable 'word' can be declared as pointer to const,/home/yichen/Desktop/Deepseek_GSCP07/F018.c|108|style|constVariablePointer|Variable 'word' can be declared as pointer to const,/home/yichen/Desktop/Deepseek_GSCP_Results07/logs/F018_cppcheck.log
/home/yichen/Desktop/Deepseek_GSCP07/F018.c,cppcheck,True,success,True,0,9,111,style,constVariablePointer,Variable 'word' can be declared as pointer to const,/home/yichen/Desktop/Deepseek_GSCP07/F018.c|111|style|constVariablePointer|Variable 'word' can be declared as pointer to const,/home/yichen/Desktop/Deepseek_GSCP_Results07/logs/F018_cppcheck.log
/home/yichen/Desktop/Deepseek_GSCP07/F018.c,cppcheck,True,success,True,0,9,114,style,constVariablePointer,Variable 'word' can be declared as pointer to const,/home/yichen/Desktop/Deepseek_GSCP07/F018.c|114|style|constVariablePointer|Variable 'word' can be declared as pointer to const,/home/yichen/Desktop/Deepseek_GSCP_Results07/logs/F018_cppcheck.log
nofile,cppcheck,True,success,True,0,9,0,information,checkersReport,Active checkers: 113/592 (use --checkers-report=<filename> to see details),nofile|0|information|checkersReport|Active checkers: 113/592 (use --checkers-report=<filename> to see details),/home/yichen/Desktop/Deepseek_GSCP_Results07/logs/F018_cppcheck.log
/home/yichen/Desktop/Deepseek_GSCP07/F019.c,cppcheck,True,success,True,0,17,2,information,missingIncludeSystem,Include file: <stdio.h> not found. Please note: Cppcheck does not need standard library headers to get proper results.,/home/yichen/Desktop/Deepseek_GSCP07/F019.c|2|information|missingIncludeSystem|Include file: <stdio.h> not found. Please note: Cppcheck does not need standard library headers to get proper results.,/home/yichen/Desktop/Deepseek_GSCP_Results07/logs/F019_cppcheck.log
/home/yichen/Desktop/Deepseek_GSCP07/F019.c,cppcheck,True,success,True,0,17,3,information,missingIncludeSystem,Include file: <stdlib.h> not found. Please note: Cppcheck does not need standard library headers to get proper results.,/home/yichen/Desktop/Deepseek_GSCP07/F019.c|3|information|missingIncludeSystem|Include file: <stdlib.h> not found. Please note: Cppcheck does not need standard library headers to get proper results.,/home/yichen/Desktop/Deepseek_GSCP_Results07/logs/F019_cppcheck.log
/home/yichen/Desktop/Deepseek_GSCP07/F019.c,cppcheck,True,success,True,0,17,4,information,missingIncludeSystem,Include file: <string.h> not found. Please note: Cppcheck does not need standard library headers to get proper results.,/home/yichen/Desktop/Deepseek_GSCP07/F019.c|4|information|missingIncludeSystem|Include file: <string.h> not found. Please note: Cppcheck does not need standard library headers to get proper results.,/home/yichen/Desktop/Deepseek_GSCP_Results07/logs/F019_cppcheck.log
/home/yichen/Desktop/Deepseek_GSCP07/F019.c,cppcheck,True,success,True,0,17,5,information,missingIncludeSystem,Include file: <ctype.h> not found. Please note: Cppcheck does not need standard library headers to get proper results.,/home/yichen/Desktop/Deepseek_GSCP07/F019.c|5|information|missingIncludeSystem|Include file: <ctype.h> not found. Please note: Cppcheck does not need standard library headers to get proper results.,/home/yichen/Desktop/Deepseek_GSCP_Results07/logs/F019_cppcheck.log
/home/yichen/Desktop/Deepseek_GSCP07/F019.c,cppcheck,True,success,True,0,17,75,error,memleakOnRealloc,Common realloc mistake: 'accounts' nulled but not freed upon failure,/home/yichen/Desktop/Deepseek_GSCP07/F019.c|75|error|memleakOnRealloc|Common realloc mistake: 'accounts' nulled but not freed upon failure,/home/yichen/Desktop/Deepseek_GSCP_Results07/logs/F019_cppcheck.log
/home/yichen/Desktop/Deepseek_GSCP07/F019.c,cppcheck,True,success,True,0,17,76,error,memleakOnRealloc,Common realloc mistake: 'bals' nulled but not freed upon failure,/home/yichen/Desktop/Deepseek_GSCP07/F019.c|76|error|memleakOnRealloc|Common realloc mistake: 'bals' nulled but not freed upon failure,/home/yichen/Desktop/Deepseek_GSCP_Results07/logs/F019_cppcheck.log
/home/yichen/Desktop/Deepseek_GSCP07/F019.c,cppcheck,True,success,True,0,17,98,style,constVariablePointer,Variable 'account' can be declared as pointer to const,/home/yichen/Desktop/Deepseek_GSCP07/F019.c|98|style|constVariablePointer|Variable 'account' can be declared as pointer to const,/home/yichen/Desktop/Deepseek_GSCP_Results07/logs/F019_cppcheck.log
/home/yichen/Desktop/Deepseek_GSCP07/F019.c,cppcheck,True,success,True,0,17,99,style,constVariablePointer,Variable 'amtstr' can be declared as pointer to const,/home/yichen/Desktop/Deepseek_GSCP07/F019.c|99|style|constVariablePointer|Variable 'amtstr' can be declared as pointer to const,/home/yichen/Desktop/Deepseek_GSCP_Results07/logs/F019_cppcheck.log
/home/yichen/Desktop/Deepseek_GSCP07/F019.c,cppcheck,True,success,True,0,17,100,style,constVariablePointer,Variable 'memo' can be declared as pointer to const,/home/yichen/Desktop/Deepseek_GSCP07/F019.c|100|style|constVariablePointer|Variable 'memo' can be declared as pointer to const,/home/yichen/Desktop/Deepseek_GSCP_Results07/logs/F019_cppcheck.log
/home/yichen/Desktop/Deepseek_GSCP07/F019.c,cppcheck,True,success,True,0,17,114,style,constVariablePointer,Variable 'cmd' can be declared as pointer to const,/home/yichen/Desktop/Deepseek_GSCP07/F019.c|114|style|constVariablePointer|Variable 'cmd' can be declared as pointer to const,/home/yichen/Desktop/Deepseek_GSCP_Results07/logs/F019_cppcheck.log
/home/yichen/Desktop/Deepseek_GSCP07/F019.c,cppcheck,True,success,True,0,17,118,style,constVariablePointer,Variable 'account' can be declared as pointer to const,/home/yichen/Desktop/Deepseek_GSCP07/F019.c|118|style|constVariablePointer|Variable 'account' can be declared as pointer to const,/home/yichen/Desktop/Deepseek_GSCP_Results07/logs/F019_cppcheck.log
/home/yichen/Desktop/Deepseek_GSCP07/F019.c,cppcheck,True,success,True,0,17,119,style,constVariablePointer,Variable 'amtstr' can be declared as pointer to const,/home/yichen/Desktop/Deepseek_GSCP07/F019.c|119|style|constVariablePointer|Variable 'amtstr' can be declared as pointer to const,/home/yichen/Desktop/Deepseek_GSCP_Results07/logs/F019_cppcheck.log
/home/yichen/Desktop/Deepseek_GSCP07/F019.c,cppcheck,True,success,True,0,17,120,style,constVariablePointer,Variable 'memo' can be declared as pointer to const,/home/yichen/Desktop/Deepseek_GSCP07/F019.c|120|style|constVariablePointer|Variable 'memo' can be declared as pointer to const,/home/yichen/Desktop/Deepseek_GSCP_Results07/logs/F019_cppcheck.log
/home/yichen/Desktop/Deepseek_GSCP07/F019.c,cppcheck,True,success,True,0,17,128,style,constVariablePointer,Variable 'account' can be declared as pointer to const,/home/yichen/Desktop/Deepseek_GSCP07/F019.c|128|style|constVariablePointer|Variable 'account' can be declared as pointer to const,/home/yichen/Desktop/Deepseek_GSCP_Results07/logs/F019_cppcheck.log
/home/yichen/Desktop/Deepseek_GSCP07/F019.c,cppcheck,True,success,True,0,17,129,style,constVariablePointer,Variable 'amtstr' can be declared as pointer to const,/home/yichen/Desktop/Deepseek_GSCP07/F019.c|129|style|constVariablePointer|Variable 'amtstr' can be declared as pointer to const,/home/yichen/Desktop/Deepseek_GSCP_Results07/logs/F019_cppcheck.log
/home/yichen/Desktop/Deepseek_GSCP07/F019.c,cppcheck,True,success,True,0,17,135,style,constVariablePointer,Variable 'account' can be declared as pointer to const,/home/yichen/Desktop/Deepseek_GSCP07/F019.c|135|style|constVariablePointer|Variable 'account' can be declared as pointer to const,/home/yichen/Desktop/Deepseek_GSCP_Results07/logs/F019_cppcheck.log
nofile,cppcheck,True,success,True,0,17,0,information,checkersReport,Active checkers: 113/592 (use --checkers-report=<filename> to see details),nofile|0|information|checkersReport|Active checkers: 113/592 (use --checkers-report=<filename> to see details),/home/yichen/Desktop/Deepseek_GSCP_Results07/logs/F019_cppcheck.log
/home/yichen/Desktop/Deepseek_GSCP07/F020.c,cppcheck,True,success,True,0,9,2,information,missingIncludeSystem,Include file: <stdio.h> not found. Please note: Cppcheck does not need standard library headers to get proper results.,/home/yichen/Desktop/Deepseek_GSCP07/F020.c|2|information|missingIncludeSystem|Include file: <stdio.h> not found. Please note: Cppcheck does not need standard library headers to get proper results.,/home/yichen/Desktop/Deepseek_GSCP_Results07/logs/F020_cppcheck.log
/home/yichen/Desktop/Deepseek_GSCP07/F020.c,cppcheck,True,success,True,0,9,3,information,missingIncludeSystem,Include file: <stdlib.h> not found. Please note: Cppcheck does not need standard library headers to get proper results.,/home/yichen/Desktop/Deepseek_GSCP07/F020.c|3|information|missingIncludeSystem|Include file: <stdlib.h> not found. Please note: Cppcheck does not need standard library headers to get proper results.,/home/yichen/Desktop/Deepseek_GSCP_Results07/logs/F020_cppcheck.log
/home/yichen/Desktop/Deepseek_GSCP07/F020.c,cppcheck,True,success,True,0,9,4,information,missingIncludeSystem,Include file: <string.h> not found. Please note: Cppcheck does not need standard library headers to get proper results.,/home/yichen/Desktop/Deepseek_GSCP07/F020.c|4|information|missingIncludeSystem|Include file: <string.h> not found. Please note: Cppcheck does not need standard library headers to get proper results.,/home/yichen/Desktop/Deepseek_GSCP_Results07/logs/F020_cppcheck.log
/home/yichen/Desktop/Deepseek_GSCP07/F020.c,cppcheck,True,success,True,0,9,77,style,constVariablePointer,Variable 'r' can be declared as pointer to const,/home/yichen/Desktop/Deepseek_GSCP07/F020.c|77|style|constVariablePointer|Variable 'r' can be declared as pointer to const,/home/yichen/Desktop/Deepseek_GSCP_Results07/logs/F020_cppcheck.log
/home/yichen/Desktop/Deepseek_GSCP07/F020.c,cppcheck,True,success,True,0,9,143,style,constVariablePointer,Variable 'cmd' can be declared as pointer to const,/home/yichen/Desktop/Deepseek_GSCP07/F020.c|143|style|constVariablePointer|Variable 'cmd' can be declared as pointer to const,/home/yichen/Desktop/Deepseek_GSCP_Results07/logs/F020_cppcheck.log
/home/yichen/Desktop/Deepseek_GSCP07/F020.c,cppcheck,True,success,True,0,9,147,style,constVariablePointer,Variable 'title' can be declared as pointer to const,/home/yichen/Desktop/Deepseek_GSCP07/F020.c|147|style|constVariablePointer|Variable 'title' can be declared as pointer to const,/home/yichen/Desktop/Deepseek_GSCP_Results07/logs/F020_cppcheck.log
/home/yichen/Desktop/Deepseek_GSCP07/F020.c,cppcheck,True,success,True,0,9,150,style,constVariablePointer,Variable 'title' can be declared as pointer to const,/home/yichen/Desktop/Deepseek_GSCP07/F020.c|150|style|constVariablePointer|Variable 'title' can be declared as pointer to const,/home/yichen/Desktop/Deepseek_GSCP_Results07/logs/F020_cppcheck.log
/home/yichen/Desktop/Deepseek_GSCP07/F020.c,cppcheck,True,success,True,0,9,153,style,constVariablePointer,Variable 'title' can be declared as pointer to const,/home/yichen/Desktop/Deepseek_GSCP07/F020.c|153|style|constVariablePointer|Variable 'title' can be declared as pointer to const,/home/yichen/Desktop/Deepseek_GSCP_Results07/logs/F020_cppcheck.log
nofile,cppcheck,True,success,True,0,9,0,information,checkersReport,Active checkers: 113/592 (use --checkers-report=<filename> to see details),nofile|0|information|checkersReport|Active checkers: 113/592 (use --checkers-report=<filename> to see details),/home/yichen/Desktop/Deepseek_GSCP_Results07/logs/F020_cppcheck.log
/home/yichen/Desktop/Deepseek_GSCP07/F021.c,cppcheck,True,success,True,0,12,2,information,missingIncludeSystem,Include file: <stdio.h> not found. Please note: Cppcheck does not need standard library headers to get proper results.,/home/yichen/Desktop/Deepseek_GSCP07/F021.c|2|information|missingIncludeSystem|Include file: <stdio.h> not found. Please note: Cppcheck does not need standard library headers to get proper results.,/home/yichen/Desktop/Deepseek_GSCP_Results07/logs/F021_cppcheck.log
/home/yichen/Desktop/Deepseek_GSCP07/F021.c,cppcheck,True,success,True,0,12,3,information,missingIncludeSystem,Include file: <stdlib.h> not found. Please note: Cppcheck does not need standard library headers to get proper results.,/home/yichen/Desktop/Deepseek_GSCP07/F021.c|3|information|missingIncludeSystem|Include file: <stdlib.h> not found. Please note: Cppcheck does not need standard library headers to get proper results.,/home/yichen/Desktop/Deepseek_GSCP_Results07/logs/F021_cppcheck.log
/home/yichen/Desktop/Deepseek_GSCP07/F021.c,cppcheck,True,success,True,0,12,4,information,missingIncludeSystem,Include file: <string.h> not found. Please note: Cppcheck does not need standard library headers to get proper results.,/home/yichen/Desktop/Deepseek_GSCP07/F021.c|4|information|missingIncludeSystem|Include file: <string.h> not found. Please note: Cppcheck does not need standard library headers to get proper results.,/home/yichen/Desktop/Deepseek_GSCP_Results07/logs/F021_cppcheck.log
/home/yichen/Desktop/Deepseek_GSCP07/F021.c,cppcheck,True,success,True,0,12,46,style,constVariablePointer,Variable 'name' can be declared as pointer to const,/home/yichen/Desktop/Deepseek_GSCP07/F021.c|46|style|constVariablePointer|Variable 'name' can be declared as pointer to const,/home/yichen/Desktop/Deepseek_GSCP_Results07/logs/F021_cppcheck.log
/home/yichen/Desktop/Deepseek_GSCP07/F021.c,cppcheck,True,success,True,0,12,62,style,constVariablePointer,Variable 'name' can be declared as pointer to const,/home/yichen/Desktop/Deepseek_GSCP07/F021.c|62|style|constVariablePointer|Variable 'name' can be declared as pointer to const,/home/yichen/Desktop/Deepseek_GSCP_Results07/logs/F021_cppcheck.log
/home/yichen/Desktop/Deepseek_GSCP07/F021.c,cppcheck,True,success,True,0,12,66,style,constVariablePointer,Variable 'ingname' can be declared as pointer to const,/home/yichen/Desktop/Deepseek_GSCP07/F021.c|66|style|constVariablePointer|Variable 'ingname' can be declared as pointer to const,/home/yichen/Desktop/Deepseek_GSCP_Results07/logs/F021_cppcheck.log
/home/yichen/Desktop/Deepseek_GSCP07/F021.c,cppcheck,True,success,True,0,12,68,style,constVariablePointer,Variable 'note' can be declared as pointer to const,/home/yichen/Desktop/Deepseek_GSCP07/F021.c|68|style|constVariablePointer|Variable 'note' can be declared as pointer to const,/home/yichen/Desktop/Deepseek_GSCP_Results07/logs/F021_cppcheck.log
/home/yichen/Desktop/Deepseek_GSCP07/F021.c,cppcheck,True,success,True,0,12,83,style,constVariablePointer,Variable 'name' can be declared as pointer to const,/home/yichen/Desktop/Deepseek_GSCP07/F021.c|83|style|constVariablePointer|Variable 'name' can be declared as pointer to const,/home/yichen/Desktop/Deepseek_GSCP_Results07/logs/F021_cppcheck.log
/home/yichen/Desktop/Deepseek_GSCP07/F021.c,cppcheck,True,success,True,0,12,87,style,constVariablePointer,Variable 'ingname' can be declared as pointer to const,/home/yichen/Desktop/Deepseek_GSCP07/F021.c|87|style|constVariablePointer|Variable 'ingname' can be declared as pointer to const,/home/yichen/Desktop/Deepseek_GSCP_Results07/logs/F021_cppcheck.log
/home/yichen/Desktop/Deepseek_GSCP07/F021.c,cppcheck,True,success,True,0,12,105,style,constVariablePointer,Variable 'name' can be declared as pointer to const,/home/yichen/Desktop/Deepseek_GSCP07/F021.c|105|style|constVariablePointer|Variable 'name' can be declared as pointer to const,/home/yichen/Desktop/Deepseek_GSCP_Results07/logs/F021_cppcheck.log
/home/yichen/Desktop/Deepseek_GSCP07/F021.c,cppcheck,True,success,True,0,12,121,style,constVariablePointer,Variable 'name' can be declared as pointer to const,/home/yichen/Desktop/Deepseek_GSCP07/F021.c|121|style|constVariablePointer|Variable 'name' can be declared as pointer to const,/home/yichen/Desktop/Deepseek_GSCP_Results07/logs/F021_cppcheck.log
nofile,cppcheck,True,success,True,0,12,0,information,checkersReport,Active checkers: 113/592 (use --checkers-report=<filename> to see details),nofile|0|information|checkersReport|Active checkers: 113/592 (use --checkers-report=<filename> to see details),/home/yichen/Desktop/Deepseek_GSCP_Results07/logs/F021_cppcheck.log
/home/yichen/Desktop/Deepseek_GSCP07/F022.c,cppcheck,True,success,True,0,14,2,information,missingIncludeSystem,Include file: <stdio.h> not found. Please note: Cppcheck does not need standard library headers to get proper results.,/home/yichen/Desktop/Deepseek_GSCP07/F022.c|2|information|missingIncludeSystem|Include file: <stdio.h> not found. Please note: Cppcheck does not need standard library headers to get proper results.,/home/yichen/Desktop/Deepseek_GSCP_Results07/logs/F022_cppcheck.log
/home/yichen/Desktop/Deepseek_GSCP07/F022.c,cppcheck,True,success,True,0,14,3,information,missingIncludeSystem,Include file: <stdlib.h> not found. Please note: Cppcheck does not need standard library headers to get proper results.,/home/yichen/Desktop/Deepseek_GSCP07/F022.c|3|information|missingIncludeSystem|Include file: <stdlib.h> not found. Please note: Cppcheck does not need standard library headers to get proper results.,/home/yichen/Desktop/Deepseek_GSCP_Results07/logs/F022_cppcheck.log
/home/yichen/Desktop/Deepseek_GSCP07/F022.c,cppcheck,True,success,True,0,14,4,information,missingIncludeSystem,Include file: <string.h> not found. Please note: Cppcheck does not need standard library headers to get proper results.,/home/yichen/Desktop/Deepseek_GSCP07/F022.c|4|information|missingIncludeSystem|Include file: <string.h> not found. Please note: Cppcheck does not need standard library headers to get proper results.,/home/yichen/Desktop/Deepseek_GSCP_Results07/logs/F022_cppcheck.log
/home/yichen/Desktop/Deepseek_GSCP07/F022.c,cppcheck,True,success,True,0,14,56,style,constVariablePointer,Variable 'name' can be declared as pointer to const,/home/yichen/Desktop/Deepseek_GSCP07/F022.c|56|style|constVariablePointer|Variable 'name' can be declared as pointer to const,/home/yichen/Desktop/Deepseek_GSCP_Results07/logs/F022_cppcheck.log
/home/yichen/Desktop/Deepseek_GSCP07/F022.c,cppcheck,True,success,True,0,14,72,style,constVariablePointer,Variable 'pname' can be declared as pointer to const,/home/yichen/Desktop/Deepseek_GSCP07/F022.c|72|style|constVariablePointer|Variable 'pname' can be declared as pointer to const,/home/yichen/Desktop/Deepseek_GSCP_Results07/logs/F022_cppcheck.log
/home/yichen/Desktop/Deepseek_GSCP07/F022.c,cppcheck,True,success,True,0,14,76,style,constVariablePointer,Variable 'title' can be declared as pointer to const,/home/yichen/Desktop/Deepseek_GSCP07/F022.c|76|style|constVariablePointer|Variable 'title' can be declared as pointer to const,/home/yichen/Desktop/Deepseek_GSCP_Results07/logs/F022_cppcheck.log
/home/yichen/Desktop/Deepseek_GSCP07/F022.c,cppcheck,True,success,True,0,14,78,style,constVariablePointer,Variable 'note' can be declared as pointer to const,/home/yichen/Desktop/Deepseek_GSCP07/F022.c|78|style|constVariablePointer|Variable 'note' can be declared as pointer to const,/home/yichen/Desktop/Deepseek_GSCP_Results07/logs/F022_cppcheck.log
/home/yichen/Desktop/Deepseek_GSCP07/F022.c,cppcheck,True,success,True,0,14,95,style,constVariablePointer,Variable 'from' can be declared as pointer to const,/home/yichen/Desktop/Deepseek_GSCP07/F022.c|95|style|constVariablePointer|Variable 'from' can be declared as pointer to const,/home/yichen/Desktop/Deepseek_GSCP_Results07/logs/F022_cppcheck.log
/home/yichen/Desktop/Deepseek_GSCP07/F022.c,cppcheck,True,success,True,0,14,96,style,constVariablePointer,Variable 'to' can be declared as pointer to const,/home/yichen/Desktop/Deepseek_GSCP07/F022.c|96|style|constVariablePointer|Variable 'to' can be declared as pointer to const,/home/yichen/Desktop/Deepseek_GSCP_Results07/logs/F022_cppcheck.log
/home/yichen/Desktop/Deepseek_GSCP07/F022.c,cppcheck,True,success,True,0,14,97,style,constVariablePointer,Variable 'title' can be declared as pointer to const,/home/yichen/Desktop/Deepseek_GSCP07/F022.c|97|style|constVariablePointer|Variable 'title' can be declared as pointer to const,/home/yichen/Desktop/Deepseek_GSCP_Results07/logs/F022_cppcheck.log
/home/yichen/Desktop/Deepseek_GSCP07/F022.c,cppcheck,True,success,True,0,14,122,style,constVariablePointer,Variable 'pname' can be declared as pointer to const,/home/yichen/Desktop/Deepseek_GSCP07/F022.c|122|style|constVariablePointer|Variable 'pname' can be declared as pointer to const,/home/yichen/Desktop/Deepseek_GSCP_Results07/logs/F022_cppcheck.log
/home/yichen/Desktop/Deepseek_GSCP07/F022.c,cppcheck,True,success,True,0,14,123,style,constVariablePointer,Variable 'title' can be declared as pointer to const,/home/yichen/Desktop/Deepseek_GSCP07/F022.c|123|style|constVariablePointer|Variable 'title' can be declared as pointer to const,/home/yichen/Desktop/Deepseek_GSCP_Results07/logs/F022_cppcheck.log
/home/yichen/Desktop/Deepseek_GSCP07/F022.c,cppcheck,True,success,True,0,14,132,style,constVariablePointer,Variable 'name' can be declared as pointer to const,/home/yichen/Desktop/Deepseek_GSCP07/F022.c|132|style|constVariablePointer|Variable 'name' can be declared as pointer to const,/home/yichen/Desktop/Deepseek_GSCP_Results07/logs/F022_cppcheck.log
nofile,cppcheck,True,success,True,0,14,0,information,checkersReport,Active checkers: 113/592 (use --checkers-report=<filename> to see details),nofile|0|information|checkersReport|Active checkers: 113/592 (use --checkers-report=<filename> to see details),/home/yichen/Desktop/Deepseek_GSCP_Results07/logs/F022_cppcheck.log
/home/yichen/Desktop/Deepseek_GSCP07/F023.c,cppcheck,True,success,True,0,13,2,information,missingIncludeSystem,Include file: <stdio.h> not found. Please note: Cppcheck does not need standard library headers to get proper results.,/home/yichen/Desktop/Deepseek_GSCP07/F023.c|2|information|missingIncludeSystem|Include file: <stdio.h> not found. Please note: Cppcheck does not need standard library headers to get proper results.,/home/yichen/Desktop/Deepseek_GSCP_Results07/logs/F023_cppcheck.log
/home/yichen/Desktop/Deepseek_GSCP07/F023.c,cppcheck,True,success,True,0,13,3,information,missingIncludeSystem,Include file: <stdlib.h> not found. Please note: Cppcheck does not need standard library headers to get proper results.,/home/yichen/Desktop/Deepseek_GSCP07/F023.c|3|information|missingIncludeSystem|Include file: <stdlib.h> not found. Please note: Cppcheck does not need standard library headers to get proper results.,/home/yichen/Desktop/Deepseek_GSCP_Results07/logs/F023_cppcheck.log
/home/yichen/Desktop/Deepseek_GSCP07/F023.c,cppcheck,True,success,True,0,13,4,information,missingIncludeSystem,Include file: <string.h> not found. Please note: Cppcheck does not need standard library headers to get proper results.,/home/yichen/Desktop/Deepseek_GSCP07/F023.c|4|information|missingIncludeSystem|Include file: <string.h> not found. Please note: Cppcheck does not need standard library headers to get proper results.,/home/yichen/Desktop/Deepseek_GSCP_Results07/logs/F023_cppcheck.log
/home/yichen/Desktop/Deepseek_GSCP07/F023.c,cppcheck,True,success,True,0,13,48,style,constVariablePointer,Variable 'sender' can be declared as pointer to const,/home/yichen/Desktop/Deepseek_GSCP07/F023.c|48|style|constVariablePointer|Variable 'sender' can be declared as pointer to const,/home/yichen/Desktop/Deepseek_GSCP_Results07/logs/F023_cppcheck.log
/home/yichen/Desktop/Deepseek_GSCP07/F023.c,cppcheck,True,success,True,0,13,50,style,constVariablePointer,Variable 'subject' can be declared as pointer to const,/home/yichen/Desktop/Deepseek_GSCP07/F023.c|50|style|constVariablePointer|Variable 'subject' can be declared as pointer to const,/home/yichen/Desktop/Deepseek_GSCP_Results07/logs/F023_cppcheck.log
/home/yichen/Desktop/Deepseek_GSCP07/F023.c,cppcheck,True,success,True,0,13,52,style,constVariablePointer,Variable 'body' can be declared as pointer to const,/home/yichen/Desktop/Deepseek_GSCP07/F023.c|52|style|constVariablePointer|Variable 'body' can be declared as pointer to const,/home/yichen/Desktop/Deepseek_GSCP_Results07/logs/F023_cppcheck.log
/home/yichen/Desktop/Deepseek_GSCP07/F023.c,cppcheck,True,success,True,0,13,70,style,constVariablePointer,Variable 'subject' can be declared as pointer to const,/home/yichen/Desktop/Deepseek_GSCP07/F023.c|70|style|constVariablePointer|Variable 'subject' can be declared as pointer to const,/home/yichen/Desktop/Deepseek_GSCP_Results07/logs/F023_cppcheck.log
/home/yichen/Desktop/Deepseek_GSCP07/F023.c,cppcheck,True,success,True,0,13,74,style,constVariablePointer,Variable 'tag' can be declared as pointer to const,/home/yichen/Desktop/Deepseek_GSCP07/F023.c|74|style|constVariablePointer|Variable 'tag' can be declared as pointer to const,/home/yichen/Desktop/Deepseek_GSCP_Results07/logs/F023_cppcheck.log
/home/yichen/Desktop/Deepseek_GSCP07/F023.c,cppcheck,True,success,True,0,13,93,style,constVariablePointer,Variable 'subject' can be declared as pointer to const,/home/yichen/Desktop/Deepseek_GSCP07/F023.c|93|style|constVariablePointer|Variable 'subject' can be declared as pointer to const,/home/yichen/Desktop/Deepseek_GSCP_Results07/logs/F023_cppcheck.log
/home/yichen/Desktop/Deepseek_GSCP07/F023.c,cppcheck,True,success,True,0,13,97,style,constVariablePointer,Variable 'tag' can be declared as pointer to const,/home/yichen/Desktop/Deepseek_GSCP07/F023.c|97|style|constVariablePointer|Variable 'tag' can be declared as pointer to const,/home/yichen/Desktop/Deepseek_GSCP_Results07/logs/F023_cppcheck.log
/home/yichen/Desktop/Deepseek_GSCP07/F023.c,cppcheck,True,success,True,0,13,114,style,constVariablePointer,Variable 'subject' can be declared as pointer to const,/home/yichen/Desktop/Deepseek_GSCP07/F023.c|114|style|constVariablePointer|Variable 'subject' can be declared as pointer to const,/home/yichen/Desktop/Deepseek_GSCP_Results07/logs/F023_cppcheck.log
/home/yichen/Desktop/Deepseek_GSCP07/F023.c,cppcheck,True,success,True,0,13,130,style,constVariablePointer,Variable 'tag' can be declared as pointer to const,/home/yichen/Desktop/Deepseek_GSCP07/F023.c|130|style|constVariablePointer|Variable 'tag' can be declared as pointer to const,/home/yichen/Desktop/Deepseek_GSCP_Results07/logs/F023_cppcheck.log
nofile,cppcheck,True,success,True,0,13,0,information,checkersReport,Active checkers: 113/592 (use --checkers-report=<filename> to see details),nofile|0|information|checkersReport|Active checkers: 113/592 (use --checkers-report=<filename> to see details),/home/yichen/Desktop/Deepseek_GSCP_Results07/logs/F023_cppcheck.log
/home/yichen/Desktop/Deepseek_GSCP07/F024.c,cppcheck,True,success,True,0,12,2,information,missingIncludeSystem,Include file: <stdio.h> not found. Please note: Cppcheck does not need standard library headers to get proper results.,/home/yichen/Desktop/Deepseek_GSCP07/F024.c|2|information|missingIncludeSystem|Include file: <stdio.h> not found. Please note: Cppcheck does not need standard library headers to get proper results.,/home/yichen/Desktop/Deepseek_GSCP_Results07/logs/F024_cppcheck.log
/home/yichen/Desktop/Deepseek_GSCP07/F024.c,cppcheck,True,success,True,0,12,3,information,missingIncludeSystem,Include file: <stdlib.h> not found. Please note: Cppcheck does not need standard library headers to get proper results.,/home/yichen/Desktop/Deepseek_GSCP07/F024.c|3|information|missingIncludeSystem|Include file: <stdlib.h> not found. Please note: Cppcheck does not need standard library headers to get proper results.,/home/yichen/Desktop/Deepseek_GSCP_Results07/logs/F024_cppcheck.log
/home/yichen/Desktop/Deepseek_GSCP07/F024.c,cppcheck,True,success,True,0,12,4,information,missingIncludeSystem,Include file: <string.h> not found. Please note: Cppcheck does not need standard library headers to get proper results.,/home/yichen/Desktop/Deepseek_GSCP07/F024.c|4|information|missingIncludeSystem|Include file: <string.h> not found. Please note: Cppcheck does not need standard library headers to get proper results.,/home/yichen/Desktop/Deepseek_GSCP_Results07/logs/F024_cppcheck.log
/home/yichen/Desktop/Deepseek_GSCP07/F024.c,cppcheck,True,success,True,0,12,45,style,constVariablePointer,Variable 'title' can be declared as pointer to const,/home/yichen/Desktop/Deepseek_GSCP07/F024.c|45|style|constVariablePointer|Variable 'title' can be declared as pointer to const,/home/yichen/Desktop/Deepseek_GSCP_Results07/logs/F024_cppcheck.log
/home/yichen/Desktop/Deepseek_GSCP07/F024.c,cppcheck,True,success,True,0,12,47,style,constVariablePointer,Variable 'yearstr' can be declared as pointer to const,/home/yichen/Desktop/Deepseek_GSCP07/F024.c|47|style|constVariablePointer|Variable 'yearstr' can be declared as pointer to const,/home/yichen/Desktop/Deepseek_GSCP_Results07/logs/F024_cppcheck.log
/home/yichen/Desktop/Deepseek_GSCP07/F024.c,cppcheck,True,success,True,0,12,64,style,constVariablePointer,Variable 'title' can be declared as pointer to const,/home/yichen/Desktop/Deepseek_GSCP07/F024.c|64|style|constVariablePointer|Variable 'title' can be declared as pointer to const,/home/yichen/Desktop/Deepseek_GSCP_Results07/logs/F024_cppcheck.log
/home/yichen/Desktop/Deepseek_GSCP07/F024.c,cppcheck,True,success,True,0,12,68,style,constVariablePointer,Variable 'name' can be declared as pointer to const,/home/yichen/Desktop/Deepseek_GSCP07/F024.c|68|style|constVariablePointer|Variable 'name' can be declared as pointer to const,/home/yichen/Desktop/Deepseek_GSCP_Results07/logs/F024_cppcheck.log
/home/yichen/Desktop/Deepseek_GSCP07/F024.c,cppcheck,True,success,True,0,12,87,style,constVariablePointer,Variable 'title' can be declared as pointer to const,/home/yichen/Desktop/Deepseek_GSCP07/F024.c|87|style|constVariablePointer|Variable 'title' can be declared as pointer to const,/home/yichen/Desktop/Deepseek_GSCP_Results07/logs/F024_cppcheck.log
/home/yichen/Desktop/Deepseek_GSCP07/F024.c,cppcheck,True,success,True,0,12,91,style,constVariablePointer,Variable 'name' can be declared as pointer to const,/home/yichen/Desktop/Deepseek_GSCP07/F024.c|91|style|constVariablePointer|Variable 'name' can be declared as pointer to const,/home/yichen/Desktop/Deepseek_GSCP_Results07/logs/F024_cppcheck.log
/home/yichen/Desktop/Deepseek_GSCP07/F024.c,cppcheck,True,success,True,0,12,108,style,constVariablePointer,Variable 'title' can be declared as pointer to const,/home/yichen/Desktop/Deepseek_GSCP07/F024.c|108|style|constVariablePointer|Variable 'title' can be declared as pointer to const,/home/yichen/Desktop/Deepseek_GSCP_Results07/logs/F024_cppcheck.log
/home/yichen/Desktop/Deepseek_GSCP07/F024.c,cppcheck,True,success,True,0,12,124,style,constVariablePointer,Variable 'title' can be declared as pointer to const,/home/yichen/Desktop/Deepseek_GSCP07/F024.c|124|style|constVariablePointer|Variable 'title' can be declared as pointer to const,/home/yichen/Desktop/Deepseek_GSCP_Results07/logs/F024_cppcheck.log
nofile,cppcheck,True,success,True,0,12,0,information,checkersReport,Active checkers: 113/592 (use --checkers-report=<filename> to see details),nofile|0|information|checkersReport|Active checkers: 113/592 (use --checkers-report=<filename> to see details),/home/yichen/Desktop/Deepseek_GSCP_Results07/logs/F024_cppcheck.log
/home/yichen/Desktop/Deepseek_GSCP07/F025.c,cppcheck,True,success,True,0,14,2,information,missingIncludeSystem,Include file: <stdio.h> not found. Please note: Cppcheck does not need standard library headers to get proper results.,/home/yichen/Desktop/Deepseek_GSCP07/F025.c|2|information|missingIncludeSystem|Include file: <stdio.h> not found. Please note: Cppcheck does not need standard library headers to get proper results.,/home/yichen/Desktop/Deepseek_GSCP_Results07/logs/F025_cppcheck.log
/home/yichen/Desktop/Deepseek_GSCP07/F025.c,cppcheck,True,success,True,0,14,3,information,missingIncludeSystem,Include file: <stdlib.h> not found. Please note: Cppcheck does not need standard library headers to get proper results.,/home/yichen/Desktop/Deepseek_GSCP07/F025.c|3|information|missingIncludeSystem|Include file: <stdlib.h> not found. Please note: Cppcheck does not need standard library headers to get proper results.,/home/yichen/Desktop/Deepseek_GSCP_Results07/logs/F025_cppcheck.log
/home/yichen/Desktop/Deepseek_GSCP07/F025.c,cppcheck,True,success,True,0,14,4,information,missingIncludeSystem,Include file: <string.h> not found. Please note: Cppcheck does not need standard library headers to get proper results.,/home/yichen/Desktop/Deepseek_GSCP07/F025.c|4|information|missingIncludeSystem|Include file: <string.h> not found. Please note: Cppcheck does not need standard library headers to get proper results.,/home/yichen/Desktop/Deepseek_GSCP_Results07/logs/F025_cppcheck.log
/home/yichen/Desktop/Deepseek_GSCP07/F025.c,cppcheck,True,success,True,0,14,55,style,constVariablePointer,Variable 'name' can be declared as pointer to const,/home/yichen/Desktop/Deepseek_GSCP07/F025.c|55|style|constVariablePointer|Variable 'name' can be declared as pointer to const,/home/yichen/Desktop/Deepseek_GSCP_Results07/logs/F025_cppcheck.log
/home/yichen/Desktop/Deepseek_GSCP07/F025.c,cppcheck,True,success,True,0,14,71,style,constVariablePointer,Variable 'cname' can be declared as pointer to const,/home/yichen/Desktop/Deepseek_GSCP07/F025.c|71|style|constVariablePointer|Variable 'cname' can be declared as pointer to const,/home/yichen/Desktop/Deepseek_GSCP_Results07/logs/F025_cppcheck.log
/home/yichen/Desktop/Deepseek_GSCP07/F025.c,cppcheck,True,success,True,0,14,75,style,constVariablePointer,Variable 'sname' can be declared as pointer to const,/home/yichen/Desktop/Deepseek_GSCP07/F025.c|75|style|constVariablePointer|Variable 'sname' can be declared as pointer to const,/home/yichen/Desktop/Deepseek_GSCP_Results07/logs/F025_cppcheck.log
/home/yichen/Desktop/Deepseek_GSCP07/F025.c,cppcheck,True,success,True,0,14,77,style,constVariablePointer,Variable 'note' can be declared as pointer to const,/home/yichen/Desktop/Deepseek_GSCP07/F025.c|77|style|constVariablePointer|Variable 'note' can be declared as pointer to const,/home/yichen/Desktop/Deepseek_GSCP_Results07/logs/F025_cppcheck.log
/home/yichen/Desktop/Deepseek_GSCP07/F025.c,cppcheck,True,success,True,0,14,93,style,constVariablePointer,Variable 'from' can be declared as pointer to const,/home/yichen/Desktop/Deepseek_GSCP07/F025.c|93|style|constVariablePointer|Variable 'from' can be declared as pointer to const,/home/yichen/Desktop/Deepseek_GSCP_Results07/logs/F025_cppcheck.log
/home/yichen/Desktop/Deepseek_GSCP07/F025.c,cppcheck,True,success,True,0,14,94,style,constVariablePointer,Variable 'to' can be declared as pointer to const,/home/yichen/Desktop/Deepseek_GSCP07/F025.c|94|style|constVariablePointer|Variable 'to' can be declared as pointer to const,/home/yichen/Desktop/Deepseek_GSCP_Results07/logs/F025_cppcheck.log
/home/yichen/Desktop/Deepseek_GSCP07/F025.c,cppcheck,True,success,True,0,14,95,style,constVariablePointer,Variable 'sname' can be declared as pointer to const,/home/yichen/Desktop/Deepseek_GSCP07/F025.c|95|style|constVariablePointer|Variable 'sname' can be declared as pointer to const,/home/yichen/Desktop/Deepseek_GSCP_Results07/logs/F025_cppcheck.log
/home/yichen/Desktop/Deepseek_GSCP07/F025.c,cppcheck,True,success,True,0,14,120,style,constVariablePointer,Variable 'cname' can be declared as pointer to const,/home/yichen/Desktop/Deepseek_GSCP07/F025.c|120|style|constVariablePointer|Variable 'cname' can be declared as pointer to const,/home/yichen/Desktop/Deepseek_GSCP_Results07/logs/F025_cppcheck.log
/home/yichen/Desktop/Deepseek_GSCP07/F025.c,cppcheck,True,success,True,0,14,124,style,constVariablePointer,Variable 'sname' can be declared as pointer to const,/home/yichen/Desktop/Deepseek_GSCP07/F025.c|124|style|constVariablePointer|Variable 'sname' can be declared as pointer to const,/home/yichen/Desktop/Deepseek_GSCP_Results07/logs/F025_cppcheck.log
/home/yichen/Desktop/Deepseek_GSCP07/F025.c,cppcheck,True,success,True,0,14,142,style,constVariablePointer,Variable 'name' can be declared as pointer to const,/home/yichen/Desktop/Deepseek_GSCP07/F025.c|142|style|constVariablePointer|Variable 'name' can be declared as pointer to const,/home/yichen/Desktop/Deepseek_GSCP_Results07/logs/F025_cppcheck.log
nofile,cppcheck,True,success,True,0,14,0,information,checkersReport,Active checkers: 113/592 (use --checkers-report=<filename> to see details),nofile|0|information|checkersReport|Active checkers: 113/592 (use --checkers-report=<filename> to see details),/home/yichen/Desktop/Deepseek_GSCP_Results07/logs/F025_cppcheck.log
/home/yichen/Desktop/Deepseek_GSCP07/F026.c,cppcheck,True,success,True,0,9,2,information,missingIncludeSystem,Include file: <stdio.h> not found. Please note: Cppcheck does not need standard library headers to get proper results.,/home/yichen/Desktop/Deepseek_GSCP07/F026.c|2|information|missingIncludeSystem|Include file: <stdio.h> not found. Please note: Cppcheck does not need standard library headers to get proper results.,/home/yichen/Desktop/Deepseek_GSCP_Results07/logs/F026_cppcheck.log
/home/yichen/Desktop/Deepseek_GSCP07/F026.c,cppcheck,True,success,True,0,9,3,information,missingIncludeSystem,Include file: <stdlib.h> not found. Please note: Cppcheck does not need standard library headers to get proper results.,/home/yichen/Desktop/Deepseek_GSCP07/F026.c|3|information|missingIncludeSystem|Include file: <stdlib.h> not found. Please note: Cppcheck does not need standard library headers to get proper results.,/home/yichen/Desktop/Deepseek_GSCP_Results07/logs/F026_cppcheck.log
/home/yichen/Desktop/Deepseek_GSCP07/F026.c,cppcheck,True,success,True,0,9,4,information,missingIncludeSystem,Include file: <string.h> not found. Please note: Cppcheck does not need standard library headers to get proper results.,/home/yichen/Desktop/Deepseek_GSCP07/F026.c|4|information|missingIncludeSystem|Include file: <string.h> not found. Please note: Cppcheck does not need standard library headers to get proper results.,/home/yichen/Desktop/Deepseek_GSCP_Results07/logs/F026_cppcheck.log
/home/yichen/Desktop/Deepseek_GSCP07/F026.c,cppcheck,True,success,True,0,9,21,style,constVariablePointer,Variable 'cat' can be declared as pointer to const,/home/yichen/Desktop/Deepseek_GSCP07/F026.c|21|style|constVariablePointer|Variable 'cat' can be declared as pointer to const,/home/yichen/Desktop/Deepseek_GSCP_Results07/logs/F026_cppcheck.log
/home/yichen/Desktop/Deepseek_GSCP07/F026.c,cppcheck,True,success,True,0,9,23,style,constVariablePointer,Variable 'text' can be declared as pointer to const,/home/yichen/Desktop/Deepseek_GSCP07/F026.c|23|style|constVariablePointer|Variable 'text' can be declared as pointer to const,/home/yichen/Desktop/Deepseek_GSCP_Results07/logs/F026_cppcheck.log
/home/yichen/Desktop/Deepseek_GSCP07/F026.c,cppcheck,True,success,True,0,9,38,style,constVariablePointer,Variable 'cat' can be declared as pointer to const,/home/yichen/Desktop/Deepseek_GSCP07/F026.c|38|style|constVariablePointer|Variable 'cat' can be declared as pointer to const,/home/yichen/Desktop/Deepseek_GSCP_Results07/logs/F026_cppcheck.log
/home/yichen/Desktop/Deepseek_GSCP07/F026.c,cppcheck,True,success,True,0,9,55,style,constVariablePointer,Variable 'cat' can be declared as pointer to const,/home/yichen/Desktop/Deepseek_GSCP07/F026.c|55|style|constVariablePointer|Variable 'cat' can be declared as pointer to const,/home/yichen/Desktop/Deepseek_GSCP_Results07/logs/F026_cppcheck.log
/home/yichen/Desktop/Deepseek_GSCP07/F026.c,cppcheck,True,success,True,0,9,72,style,constVariablePointer,Variable 'word' can be declared as pointer to const,/home/yichen/Desktop/Deepseek_GSCP07/F026.c|72|style|constVariablePointer|Variable 'word' can be declared as pointer to const,/home/yichen/Desktop/Deepseek_GSCP_Results07/logs/F026_cppcheck.log
nofile,cppcheck,True,success,True,0,9,0,information,checkersReport,Active checkers: 113/592 (use --checkers-report=<filename> to see details),nofile|0|information|checkersReport|Active checkers: 113/592 (use --checkers-report=<filename> to see details),/home/yichen/Desktop/Deepseek_GSCP_Results07/logs/F026_cppcheck.log
/home/yichen/Desktop/Deepseek_GSCP07/F027.c,cppcheck,True,success,True,0,12,2,information,missingIncludeSystem,Include file: <stdio.h> not found. Please note: Cppcheck does not need standard library headers to get proper results.,/home/yichen/Desktop/Deepseek_GSCP07/F027.c|2|information|missingIncludeSystem|Include file: <stdio.h> not found. Please note: Cppcheck does not need standard library headers to get proper results.,/home/yichen/Desktop/Deepseek_GSCP_Results07/logs/F027_cppcheck.log
/home/yichen/Desktop/Deepseek_GSCP07/F027.c,cppcheck,True,success,True,0,12,3,information,missingIncludeSystem,Include file: <stdlib.h> not found. Please note: Cppcheck does not need standard library headers to get proper results.,/home/yichen/Desktop/Deepseek_GSCP07/F027.c|3|information|missingIncludeSystem|Include file: <stdlib.h> not found. Please note: Cppcheck does not need standard library headers to get proper results.,/home/yichen/Desktop/Deepseek_GSCP_Results07/logs/F027_cppcheck.log
/home/yichen/Desktop/Deepseek_GSCP07/F027.c,cppcheck,True,success,True,0,12,4,information,missingIncludeSystem,Include file: <string.h> not found. Please note: Cppcheck does not need standard library headers to get proper results.,/home/yichen/Desktop/Deepseek_GSCP07/F027.c|4|information|missingIncludeSystem|Include file: <string.h> not found. Please note: Cppcheck does not need standard library headers to get proper results.,/home/yichen/Desktop/Deepseek_GSCP_Results07/logs/F027_cppcheck.log
/home/yichen/Desktop/Deepseek_GSCP07/F027.c,cppcheck,True,success,True,0,12,57,style,variableScope,The scope of the variable 'delta' can be reduced.,/home/yichen/Desktop/Deepseek_GSCP07/F027.c|57|style|variableScope|The scope of the variable 'delta' can be reduced.,/home/yichen/Desktop/Deepseek_GSCP_Results07/logs/F027_cppcheck.log
/home/yichen/Desktop/Deepseek_GSCP07/F027.c,cppcheck,True,success,True,0,12,31,style,constVariablePointer,Variable 'pstr' can be declared as pointer to const,/home/yichen/Desktop/Deepseek_GSCP07/F027.c|31|style|constVariablePointer|Variable 'pstr' can be declared as pointer to const,/home/yichen/Desktop/Deepseek_GSCP_Results07/logs/F027_cppcheck.log
/home/yichen/Desktop/Deepseek_GSCP07/F027.c,cppcheck,True,success,True,0,12,34,style,constVariablePointer,Variable 'title' can be declared as pointer to const,/home/yichen/Desktop/Deepseek_GSCP07/F027.c|34|style|constVariablePointer|Variable 'title' can be declared as pointer to const,/home/yichen/Desktop/Deepseek_GSCP_Results07/logs/F027_cppcheck.log
/home/yichen/Desktop/Deepseek_GSCP07/F027.c,cppcheck,True,success,True,0,12,37,style,constVariablePointer,Variable 'note' can be declared as pointer to const,/home/yichen/Desktop/Deepseek_GSCP07/F027.c|37|style|constVariablePointer|Variable 'note' can be declared as pointer to const,/home/yichen/Desktop/Deepseek_GSCP_Results07/logs/F027_cppcheck.log
/home/yichen/Desktop/Deepseek_GSCP07/F027.c,cppcheck,True,success,True,0,12,53,style,constVariablePointer,Variable 'title' can be declared as pointer to const,/home/yichen/Desktop/Deepseek_GSCP07/F027.c|53|style|constVariablePointer|Variable 'title' can be declared as pointer to const,/home/yichen/Desktop/Deepseek_GSCP_Results07/logs/F027_cppcheck.log
/home/yichen/Desktop/Deepseek_GSCP07/F027.c,cppcheck,True,success,True,0,12,55,style,constVariablePointer,Variable 'dstr' can be declared as pointer to const,/home/yichen/Desktop/Deepseek_GSCP07/F027.c|55|style|constVariablePointer|Variable 'dstr' can be declared as pointer to const,/home/yichen/Desktop/Deepseek_GSCP_Results07/logs/F027_cppcheck.log
/home/yichen/Desktop/Deepseek_GSCP07/F027.c,cppcheck,True,success,True,0,12,63,style,constVariablePointer,Variable 'title' can be declared as pointer to const,/home/yichen/Desktop/Deepseek_GSCP07/F027.c|63|style|constVariablePointer|Variable 'title' can be declared as pointer to const,/home/yichen/Desktop/Deepseek_GSCP_Results07/logs/F027_cppcheck.log
/home/yichen/Desktop/Deepseek_GSCP07/F027.c,cppcheck,True,success,True,0,12,79,style,constVariablePointer,Variable 'nstr' can be declared as pointer to const,/home/yichen/Desktop/Deepseek_GSCP07/F027.c|79|style|constVariablePointer|Variable 'nstr' can be declared as pointer to const,/home/yichen/Desktop/Deepseek_GSCP_Results07/logs/F027_cppcheck.log
nofile,cppcheck,True,success,True,0,12,0,information,checkersReport,Active checkers: 113/592 (use --checkers-report=<filename> to see details),nofile|0|information|checkersReport|Active checkers: 113/592 (use --checkers-report=<filename> to see details),/home/yichen/Desktop/Deepseek_GSCP_Results07/logs/F027_cppcheck.log
/home/yichen/Desktop/Deepseek_GSCP07/F028.c,cppcheck,True,success,True,0,16,2,information,missingIncludeSystem,Include file: <stdio.h> not found. Please note: Cppcheck does not need standard library headers to get proper results.,/home/yichen/Desktop/Deepseek_GSCP07/F028.c|2|information|missingIncludeSystem|Include file: <stdio.h> not found. Please note: Cppcheck does not need standard library headers to get proper results.,/home/yichen/Desktop/Deepseek_GSCP_Results07/logs/F028_cppcheck.log
/home/yichen/Desktop/Deepseek_GSCP07/F028.c,cppcheck,True,success,True,0,16,3,information,missingIncludeSystem,Include file: <stdlib.h> not found. Please note: Cppcheck does not need standard library headers to get proper results.,/home/yichen/Desktop/Deepseek_GSCP07/F028.c|3|information|missingIncludeSystem|Include file: <stdlib.h> not found. Please note: Cppcheck does not need standard library headers to get proper results.,/home/yichen/Desktop/Deepseek_GSCP_Results07/logs/F028_cppcheck.log
/home/yichen/Desktop/Deepseek_GSCP07/F028.c,cppcheck,True,success,True,0,16,4,information,missingIncludeSystem,Include file: <string.h> not found. Please note: Cppcheck does not need standard library headers to get proper results.,/home/yichen/Desktop/Deepseek_GSCP07/F028.c|4|information|missingIncludeSystem|Include file: <string.h> not found. Please note: Cppcheck does not need standard library headers to get proper results.,/home/yichen/Desktop/Deepseek_GSCP_Results07/logs/F028_cppcheck.log
/home/yichen/Desktop/Deepseek_GSCP07/F028.c,cppcheck,True,success,True,0,16,93,style,duplicateBranch,Found duplicate branches for 'if' and 'else'.,/home/yichen/Desktop/Deepseek_GSCP07/F028.c|93|style|duplicateBranch|Found duplicate branches for 'if' and 'else'.,/home/yichen/Desktop/Deepseek_GSCP_Results07/logs/F028_cppcheck.log
/home/yichen/Desktop/Deepseek_GSCP07/F028.c,cppcheck,True,success,True,0,16,28,style,constVariablePointer,Variable 'name' can be declared as pointer to const,/home/yichen/Desktop/Deepseek_GSCP07/F028.c|28|style|constVariablePointer|Variable 'name' can be declared as pointer to const,/home/yichen/Desktop/Deepseek_GSCP_Results07/logs/F028_cppcheck.log
/home/yichen/Desktop/Deepseek_GSCP07/F028.c,cppcheck,True,success,True,0,16,30,style,constVariablePointer,Variable 'note' can be declared as pointer to const,/home/yichen/Desktop/Deepseek_GSCP07/F028.c|30|style|constVariablePointer|Variable 'note' can be declared as pointer to const,/home/yichen/Desktop/Deepseek_GSCP_Results07/logs/F028_cppcheck.log
/home/yichen/Desktop/Deepseek_GSCP07/F028.c,cppcheck,True,success,True,0,16,46,style,constVariablePointer,Variable 'idxstr' can be declared as pointer to const,/home/yichen/Desktop/Deepseek_GSCP07/F028.c|46|style|constVariablePointer|Variable 'idxstr' can be declared as pointer to const,/home/yichen/Desktop/Deepseek_GSCP_Results07/logs/F028_cppcheck.log
/home/yichen/Desktop/Deepseek_GSCP07/F028.c,cppcheck,True,success,True,0,16,50,style,constVariablePointer,Variable 'name' can be declared as pointer to const,/home/yichen/Desktop/Deepseek_GSCP07/F028.c|50|style|constVariablePointer|Variable 'name' can be declared as pointer to const,/home/yichen/Desktop/Deepseek_GSCP_Results07/logs/F028_cppcheck.log
/home/yichen/Desktop/Deepseek_GSCP07/F028.c,cppcheck,True,success,True,0,16,52,style,constVariablePointer,Variable 'note' can be declared as pointer to const,/home/yichen/Desktop/Deepseek_GSCP07/F028.c|52|style|constVariablePointer|Variable 'note' can be declared as pointer to const,/home/yichen/Desktop/Deepseek_GSCP_Results07/logs/F028_cppcheck.log
/home/yichen/Desktop/Deepseek_GSCP07/F028.c,cppcheck,True,success,True,0,16,71,style,constVariablePointer,Variable 'fromstr' can be declared as pointer to const,/home/yichen/Desktop/Deepseek_GSCP07/F028.c|71|style|constVariablePointer|Variable 'fromstr' can be declared as pointer to const,/home/yichen/Desktop/Deepseek_GSCP_Results07/logs/F028_cppcheck.log
/home/yichen/Desktop/Deepseek_GSCP07/F028.c,cppcheck,True,success,True,0,16,72,style,constVariablePointer,Variable 'tostr' can be declared as pointer to const,/home/yichen/Desktop/Deepseek_GSCP07/F028.c|72|style|constVariablePointer|Variable 'tostr' can be declared as pointer to const,/home/yichen/Desktop/Deepseek_GSCP_Results07/logs/F028_cppcheck.log
/home/yichen/Desktop/Deepseek_GSCP07/F028.c,cppcheck,True,success,True,0,16,80,style,constVariablePointer,Variable 'prev_to' can be declared as pointer to const,/home/yichen/Desktop/Deepseek_GSCP07/F028.c|80|style|constVariablePointer|Variable 'prev_to' can be declared as pointer to const,/home/yichen/Desktop/Deepseek_GSCP_Results07/logs/F028_cppcheck.log
/home/yichen/Desktop/Deepseek_GSCP07/F028.c,cppcheck,True,success,True,0,16,119,style,constVariablePointer,Variable 'idxstr' can be declared as pointer to const,/home/yichen/Desktop/Deepseek_GSCP07/F028.c|119|style|constVariablePointer|Variable 'idxstr' can be declared as pointer to const,/home/yichen/Desktop/Deepseek_GSCP_Results07/logs/F028_cppcheck.log
/home/yichen/Desktop/Deepseek_GSCP07/F028.c,cppcheck,True,success,True,0,16,132,style,constVariablePointer,Variable 'name' can be declared as pointer to const,/home/yichen/Desktop/Deepseek_GSCP07/F028.c|132|style|constVariablePointer|Variable 'name' can be declared as pointer to const,/home/yichen/Desktop/Deepseek_GSCP_Results07/logs/F028_cppcheck.log
/home/yichen/Desktop/Deepseek_GSCP07/F028.c,cppcheck,True,success,True,0,16,81,style,unreadVariable,Variable 'prev_to' is assigned a value that is never used.,/home/yichen/Desktop/Deepseek_GSCP07/F028.c|81|style|unreadVariable|Variable 'prev_to' is assigned a value that is never used.,/home/yichen/Desktop/Deepseek_GSCP_Results07/logs/F028_cppcheck.log
nofile,cppcheck,True,success,True,0,16,0,information,checkersReport,Active checkers: 113/592 (use --checkers-report=<filename> to see details),nofile|0|information|checkersReport|Active checkers: 113/592 (use --checkers-report=<filename> to see details),/home/yichen/Desktop/Deepseek_GSCP_Results07/logs/F028_cppcheck.log
/home/yichen/Desktop/Deepseek_GSCP07/F029.c,cppcheck,True,success,True,0,8,2,information,missingIncludeSystem,Include file: <stdio.h> not found. Please note: Cppcheck does not need standard library headers to get proper results.,/home/yichen/Desktop/Deepseek_GSCP07/F029.c|2|information|missingIncludeSystem|Include file: <stdio.h> not found. Please note: Cppcheck does not need standard library headers to get proper results.,/home/yichen/Desktop/Deepseek_GSCP_Results07/logs/F029_cppcheck.log
/home/yichen/Desktop/Deepseek_GSCP07/F029.c,cppcheck,True,success,True,0,8,3,information,missingIncludeSystem,Include file: <stdlib.h> not found. Please note: Cppcheck does not need standard library headers to get proper results.,/home/yichen/Desktop/Deepseek_GSCP07/F029.c|3|information|missingIncludeSystem|Include file: <stdlib.h> not found. Please note: Cppcheck does not need standard library headers to get proper results.,/home/yichen/Desktop/Deepseek_GSCP_Results07/logs/F029_cppcheck.log
/home/yichen/Desktop/Deepseek_GSCP07/F029.c,cppcheck,True,success,True,0,8,4,information,missingIncludeSystem,Include file: <string.h> not found. Please note: Cppcheck does not need standard library headers to get proper results.,/home/yichen/Desktop/Deepseek_GSCP07/F029.c|4|information|missingIncludeSystem|Include file: <string.h> not found. Please note: Cppcheck does not need standard library headers to get proper results.,/home/yichen/Desktop/Deepseek_GSCP_Results07/logs/F029_cppcheck.log
/home/yichen/Desktop/Deepseek_GSCP07/F029.c,cppcheck,True,success,True,0,8,30,style,constVariablePointer,Variable 'key' can be declared as pointer to const,/home/yichen/Desktop/Deepseek_GSCP07/F029.c|30|style|constVariablePointer|Variable 'key' can be declared as pointer to const,/home/yichen/Desktop/Deepseek_GSCP_Results07/logs/F029_cppcheck.log
/home/yichen/Desktop/Deepseek_GSCP07/F029.c,cppcheck,True,success,True,0,8,32,style,constVariablePointer,Variable 'val' can be declared as pointer to const,/home/yichen/Desktop/Deepseek_GSCP07/F029.c|32|style|constVariablePointer|Variable 'val' can be declared as pointer to const,/home/yichen/Desktop/Deepseek_GSCP_Results07/logs/F029_cppcheck.log
/home/yichen/Desktop/Deepseek_GSCP07/F029.c,cppcheck,True,success,True,0,8,68,style,constVariablePointer,Variable 'key' can be declared as pointer to const,/home/yichen/Desktop/Deepseek_GSCP07/F029.c|68|style|constVariablePointer|Variable 'key' can be declared as pointer to const,/home/yichen/Desktop/Deepseek_GSCP_Results07/logs/F029_cppcheck.log
/home/yichen/Desktop/Deepseek_GSCP07/F029.c,cppcheck,True,success,True,0,8,85,style,constVariablePointer,Variable 'key' can be declared as pointer to const,/home/yichen/Desktop/Deepseek_GSCP07/F029.c|85|style|constVariablePointer|Variable 'key' can be declared as pointer to const,/home/yichen/Desktop/Deepseek_GSCP_Results07/logs/F029_cppcheck.log
nofile,cppcheck,True,success,True,0,8,0,information,checkersReport,Active checkers: 113/592 (use --checkers-report=<filename> to see details),nofile|0|information|checkersReport|Active checkers: 113/592 (use --checkers-report=<filename> to see details),/home/yichen/Desktop/Deepseek_GSCP_Results07/logs/F029_cppcheck.log
/home/yichen/Desktop/Deepseek_GSCP07/F030.c,cppcheck,True,success,True,0,10,2,information,missingIncludeSystem,Include file: <stdio.h> not found. Please note: Cppcheck does not need standard library headers to get proper results.,/home/yichen/Desktop/Deepseek_GSCP07/F030.c|2|information|missingIncludeSystem|Include file: <stdio.h> not found. Please note: Cppcheck does not need standard library headers to get proper results.,/home/yichen/Desktop/Deepseek_GSCP_Results07/logs/F030_cppcheck.log
/home/yichen/Desktop/Deepseek_GSCP07/F030.c,cppcheck,True,success,True,0,10,3,information,missingIncludeSystem,Include file: <stdlib.h> not found. Please note: Cppcheck does not need standard library headers to get proper results.,/home/yichen/Desktop/Deepseek_GSCP07/F030.c|3|information|missingIncludeSystem|Include file: <stdlib.h> not found. Please note: Cppcheck does not need standard library headers to get proper results.,/home/yichen/Desktop/Deepseek_GSCP_Results07/logs/F030_cppcheck.log
/home/yichen/Desktop/Deepseek_GSCP07/F030.c,cppcheck,True,success,True,0,10,4,information,missingIncludeSystem,Include file: <string.h> not found. Please note: Cppcheck does not need standard library headers to get proper results.,/home/yichen/Desktop/Deepseek_GSCP07/F030.c|4|information|missingIncludeSystem|Include file: <string.h> not found. Please note: Cppcheck does not need standard library headers to get proper results.,/home/yichen/Desktop/Deepseek_GSCP_Results07/logs/F030_cppcheck.log
/home/yichen/Desktop/Deepseek_GSCP07/F030.c,cppcheck,True,success,True,0,10,28,style,constVariablePointer,Variable 'old' can be declared as pointer to const,/home/yichen/Desktop/Deepseek_GSCP07/F030.c|28|style|constVariablePointer|Variable 'old' can be declared as pointer to const,/home/yichen/Desktop/Deepseek_GSCP_Results07/logs/F030_cppcheck.log
/home/yichen/Desktop/Deepseek_GSCP07/F030.c,cppcheck,True,success,True,0,10,30,style,constVariablePointer,Variable 'new' can be declared as pointer to const,/home/yichen/Desktop/Deepseek_GSCP07/F030.c|30|style|constVariablePointer|Variable 'new' can be declared as pointer to const,/home/yichen/Desktop/Deepseek_GSCP_Results07/logs/F030_cppcheck.log
/home/yichen/Desktop/Deepseek_GSCP07/F030.c,cppcheck,True,success,True,0,10,51,style,constVariablePointer,Variable 'pos' can be declared as pointer to const,/home/yichen/Desktop/Deepseek_GSCP07/F030.c|51|style|constVariablePointer|Variable 'pos' can be declared as pointer to const,/home/yichen/Desktop/Deepseek_GSCP_Results07/logs/F030_cppcheck.log
/home/yichen/Desktop/Deepseek_GSCP07/F030.c,cppcheck,True,success,True,0,10,76,style,constVariablePointer,Variable 'old' can be declared as pointer to const,/home/yichen/Desktop/Deepseek_GSCP07/F030.c|76|style|constVariablePointer|Variable 'old' can be declared as pointer to const,/home/yichen/Desktop/Deepseek_GSCP_Results07/logs/F030_cppcheck.log
/home/yichen/Desktop/Deepseek_GSCP07/F030.c,cppcheck,True,success,True,0,10,93,style,constVariablePointer,Variable 'istr' can be declared as pointer to const,/home/yichen/Desktop/Deepseek_GSCP07/F030.c|93|style|constVariablePointer|Variable 'istr' can be declared as pointer to const,/home/yichen/Desktop/Deepseek_GSCP_Results07/logs/F030_cppcheck.log
/home/yichen/Desktop/Deepseek_GSCP07/F030.c,cppcheck,True,success,True,0,10,94,style,constVariablePointer,Variable 'jstr' can be declared as pointer to const,/home/yichen/Desktop/Deepseek_GSCP07/F030.c|94|style|constVariablePointer|Variable 'jstr' can be declared as pointer to const,/home/yichen/Desktop/Deepseek_GSCP_Results07/logs/F030_cppcheck.log
nofile,cppcheck,True,success,True,0,10,0,information,checkersReport,Active checkers: 113/592 (use --checkers-report=<filename> to see details),nofile|0|information|checkersReport|Active checkers: 113/592 (use --checkers-report=<filename> to see details),/home/yichen/Desktop/Deepseek_GSCP_Results07/logs/F030_cppcheck.log
/home/yichen/Desktop/Deepseek_GSCP07/F031.c,cppcheck,True,success,True,0,8,2,information,missingIncludeSystem,Include file: <stdio.h> not found. Please note: Cppcheck does not need standard library headers to get proper results.,/home/yichen/Desktop/Deepseek_GSCP07/F031.c|2|information|missingIncludeSystem|Include file: <stdio.h> not found. Please note: Cppcheck does not need standard library headers to get proper results.,/home/yichen/Desktop/Deepseek_GSCP_Results07/logs/F031_cppcheck.log
/home/yichen/Desktop/Deepseek_GSCP07/F031.c,cppcheck,True,success,True,0,8,3,information,missingIncludeSystem,Include file: <stdlib.h> not found. Please note: Cppcheck does not need standard library headers to get proper results.,/home/yichen/Desktop/Deepseek_GSCP07/F031.c|3|information|missingIncludeSystem|Include file: <stdlib.h> not found. Please note: Cppcheck does not need standard library headers to get proper results.,/home/yichen/Desktop/Deepseek_GSCP_Results07/logs/F031_cppcheck.log
/home/yichen/Desktop/Deepseek_GSCP07/F031.c,cppcheck,True,success,True,0,8,4,information,missingIncludeSystem,Include file: <string.h> not found. Please note: Cppcheck does not need standard library headers to get proper results.,/home/yichen/Desktop/Deepseek_GSCP07/F031.c|4|information|missingIncludeSystem|Include file: <string.h> not found. Please note: Cppcheck does not need standard library headers to get proper results.,/home/yichen/Desktop/Deepseek_GSCP_Results07/logs/F031_cppcheck.log
/home/yichen/Desktop/Deepseek_GSCP07/F031.c,cppcheck,True,success,True,0,8,45,style,constVariablePointer,Variable 'nstr' can be declared as pointer to const,/home/yichen/Desktop/Deepseek_GSCP07/F031.c|45|style|constVariablePointer|Variable 'nstr' can be declared as pointer to const,/home/yichen/Desktop/Deepseek_GSCP_Results07/logs/F031_cppcheck.log
/home/yichen/Desktop/Deepseek_GSCP07/F031.c,cppcheck,True,success,True,0,8,90,style,constVariablePointer,Variable 'name' can be declared as pointer to const,/home/yichen/Desktop/Deepseek_GSCP07/F031.c|90|style|constVariablePointer|Variable 'name' can be declared as pointer to const,/home/yichen/Desktop/Deepseek_GSCP_Results07/logs/F031_cppcheck.log
/home/yichen/Desktop/Deepseek_GSCP07/F031.c,cppcheck,True,success,True,0,8,106,style,constVariablePointer,Variable 'name' can be declared as pointer to const,/home/yichen/Desktop/Deepseek_GSCP07/F031.c|106|style|constVariablePointer|Variable 'name' can be declared as pointer to const,/home/yichen/Desktop/Deepseek_GSCP_Results07/logs/F031_cppcheck.log
/home/yichen/Desktop/Deepseek_GSCP07/F031.c,cppcheck,True,success,True,0,8,108,style,constVariablePointer,Variable 'r' can be declared as pointer to const,/home/yichen/Desktop/Deepseek_GSCP07/F031.c|108|style|constVariablePointer|Variable 'r' can be declared as pointer to const,/home/yichen/Desktop/Deepseek_GSCP_Results07/logs/F031_cppcheck.log
nofile,cppcheck,True,success,True,0,8,0,information,checkersReport,Active checkers: 113/592 (use --checkers-report=<filename> to see details),nofile|0|information|checkersReport|Active checkers: 113/592 (use --checkers-report=<filename> to see details),/home/yichen/Desktop/Deepseek_GSCP_Results07/logs/F031_cppcheck.log
/home/yichen/Desktop/Deepseek_GSCP07/F032.c,cppcheck,True,success,True,0,10,2,information,missingIncludeSystem,Include file: <stdio.h> not found. Please note: Cppcheck does not need standard library headers to get proper results.,/home/yichen/Desktop/Deepseek_GSCP07/F032.c|2|information|missingIncludeSystem|Include file: <stdio.h> not found. Please note: Cppcheck does not need standard library headers to get proper results.,/home/yichen/Desktop/Deepseek_GSCP_Results07/logs/F032_cppcheck.log
/home/yichen/Desktop/Deepseek_GSCP07/F032.c,cppcheck,True,success,True,0,10,3,information,missingIncludeSystem,Include file: <stdlib.h> not found. Please note: Cppcheck does not need standard library headers to get proper results.,/home/yichen/Desktop/Deepseek_GSCP07/F032.c|3|information|missingIncludeSystem|Include file: <stdlib.h> not found. Please note: Cppcheck does not need standard library headers to get proper results.,/home/yichen/Desktop/Deepseek_GSCP_Results07/logs/F032_cppcheck.log
/home/yichen/Desktop/Deepseek_GSCP07/F032.c,cppcheck,True,success,True,0,10,4,information,missingIncludeSystem,Include file: <string.h> not found. Please note: Cppcheck does not need standard library headers to get proper results.,/home/yichen/Desktop/Deepseek_GSCP07/F032.c|4|information|missingIncludeSystem|Include file: <string.h> not found. Please note: Cppcheck does not need standard library headers to get proper results.,/home/yichen/Desktop/Deepseek_GSCP_Results07/logs/F032_cppcheck.log
/home/yichen/Desktop/Deepseek_GSCP07/F032.c,cppcheck,True,success,True,0,10,35,style,constVariablePointer,Variable 'key' can be declared as pointer to const,/home/yichen/Desktop/Deepseek_GSCP07/F032.c|35|style|constVariablePointer|Variable 'key' can be declared as pointer to const,/home/yichen/Desktop/Deepseek_GSCP_Results07/logs/F032_cppcheck.log
/home/yichen/Desktop/Deepseek_GSCP07/F032.c,cppcheck,True,success,True,0,10,37,style,constVariablePointer,Variable 'val' can be declared as pointer to const,/home/yichen/Desktop/Deepseek_GSCP07/F032.c|37|style|constVariablePointer|Variable 'val' can be declared as pointer to const,/home/yichen/Desktop/Deepseek_GSCP_Results07/logs/F032_cppcheck.log
/home/yichen/Desktop/Deepseek_GSCP07/F032.c,cppcheck,True,success,True,0,10,70,style,constVariablePointer,Variable 'key' can be declared as pointer to const,/home/yichen/Desktop/Deepseek_GSCP07/F032.c|70|style|constVariablePointer|Variable 'key' can be declared as pointer to const,/home/yichen/Desktop/Deepseek_GSCP_Results07/logs/F032_cppcheck.log
/home/yichen/Desktop/Deepseek_GSCP07/F032.c,cppcheck,True,success,True,0,10,72,style,constVariablePointer,Variable 'val' can be declared as pointer to const,/home/yichen/Desktop/Deepseek_GSCP07/F032.c|72|style|constVariablePointer|Variable 'val' can be declared as pointer to const,/home/yichen/Desktop/Deepseek_GSCP_Results07/logs/F032_cppcheck.log
/home/yichen/Desktop/Deepseek_GSCP07/F032.c,cppcheck,True,success,True,0,10,126,style,constVariablePointer,Variable 'key' can be declared as pointer to const,/home/yichen/Desktop/Deepseek_GSCP07/F032.c|126|style|constVariablePointer|Variable 'key' can be declared as pointer to const,/home/yichen/Desktop/Deepseek_GSCP_Results07/logs/F032_cppcheck.log
/home/yichen/Desktop/Deepseek_GSCP07/F032.c,cppcheck,True,success,True,0,10,128,style,constVariablePointer,Variable 's' can be declared as pointer to const,/home/yichen/Desktop/Deepseek_GSCP07/F032.c|128|style|constVariablePointer|Variable 's' can be declared as pointer to const,/home/yichen/Desktop/Deepseek_GSCP_Results07/logs/F032_cppcheck.log
nofile,cppcheck,True,success,True,0,10,0,information,checkersReport,Active checkers: 113/592 (use --checkers-report=<filename> to see details),nofile|0|information|checkersReport|Active checkers: 113/592 (use --checkers-report=<filename> to see details),/home/yichen/Desktop/Deepseek_GSCP_Results07/logs/F032_cppcheck.log
/home/yichen/Desktop/Deepseek_GSCP07/F033.c,cppcheck,True,success,True,0,15,2,information,missingIncludeSystem,Include file: <stdio.h> not found. Please note: Cppcheck does not need standard library headers to get proper results.,/home/yichen/Desktop/Deepseek_GSCP07/F033.c|2|information|missingIncludeSystem|Include file: <stdio.h> not found. Please note: Cppcheck does not need standard library headers to get proper results.,/home/yichen/Desktop/Deepseek_GSCP_Results07/logs/F033_cppcheck.log
/home/yichen/Desktop/Deepseek_GSCP07/F033.c,cppcheck,True,success,True,0,15,3,information,missingIncludeSystem,Include file: <stdlib.h> not found. Please note: Cppcheck does not need standard library headers to get proper results.,/home/yichen/Desktop/Deepseek_GSCP07/F033.c|3|information|missingIncludeSystem|Include file: <stdlib.h> not found. Please note: Cppcheck does not need standard library headers to get proper results.,/home/yichen/Desktop/Deepseek_GSCP_Results07/logs/F033_cppcheck.log
/home/yichen/Desktop/Deepseek_GSCP07/F033.c,cppcheck,True,success,True,0,15,4,information,missingIncludeSystem,Include file: <string.h> not found. Please note: Cppcheck does not need standard library headers to get proper results.,/home/yichen/Desktop/Deepseek_GSCP07/F033.c|4|information|missingIncludeSystem|Include file: <string.h> not found. Please note: Cppcheck does not need standard library headers to get proper results.,/home/yichen/Desktop/Deepseek_GSCP_Results07/logs/F033_cppcheck.log
/home/yichen/Desktop/Deepseek_GSCP07/F033.c,cppcheck,True,success,True,0,15,34,style,constVariablePointer,Variable 'id' can be declared as pointer to const,/home/yichen/Desktop/Deepseek_GSCP07/F033.c|34|style|constVariablePointer|Variable 'id' can be declared as pointer to const,/home/yichen/Desktop/Deepseek_GSCP_Results07/logs/F033_cppcheck.log
/home/yichen/Desktop/Deepseek_GSCP07/F033.c,cppcheck,True,success,True,0,15,37,style,constVariablePointer,Variable 'name' can be declared as pointer to const,/home/yichen/Desktop/Deepseek_GSCP07/F033.c|37|style|constVariablePointer|Variable 'name' can be declared as pointer to const,/home/yichen/Desktop/Deepseek_GSCP_Results07/logs/F033_cppcheck.log
/home/yichen/Desktop/Deepseek_GSCP07/F033.c,cppcheck,True,success,True,0,15,39,style,constVariablePointer,Variable 'dept' can be declared as pointer to const,/home/yichen/Desktop/Deepseek_GSCP07/F033.c|39|style|constVariablePointer|Variable 'dept' can be declared as pointer to const,/home/yichen/Desktop/Deepseek_GSCP_Results07/logs/F033_cppcheck.log
/home/yichen/Desktop/Deepseek_GSCP07/F033.c,cppcheck,True,success,True,0,15,41,style,constVariablePointer,Variable 'title' can be declared as pointer to const,/home/yichen/Desktop/Deepseek_GSCP07/F033.c|41|style|constVariablePointer|Variable 'title' can be declared as pointer to const,/home/yichen/Desktop/Deepseek_GSCP_Results07/logs/F033_cppcheck.log
/home/yichen/Desktop/Deepseek_GSCP07/F033.c,cppcheck,True,success,True,0,15,58,style,constVariablePointer,Variable 'id' can be declared as pointer to const,/home/yichen/Desktop/Deepseek_GSCP07/F033.c|58|style|constVariablePointer|Variable 'id' can be declared as pointer to const,/home/yichen/Desktop/Deepseek_GSCP_Results07/logs/F033_cppcheck.log
/home/yichen/Desktop/Deepseek_GSCP07/F033.c,cppcheck,True,success,True,0,15,62,style,constVariablePointer,Variable 'name' can be declared as pointer to const,/home/yichen/Desktop/Deepseek_GSCP07/F033.c|62|style|constVariablePointer|Variable 'name' can be declared as pointer to const,/home/yichen/Desktop/Deepseek_GSCP_Results07/logs/F033_cppcheck.log
/home/yichen/Desktop/Deepseek_GSCP07/F033.c,cppcheck,True,success,True,0,15,64,style,constVariablePointer,Variable 'dept' can be declared as pointer to const,/home/yichen/Desktop/Deepseek_GSCP07/F033.c|64|style|constVariablePointer|Variable 'dept' can be declared as pointer to const,/home/yichen/Desktop/Deepseek_GSCP_Results07/logs/F033_cppcheck.log
/home/yichen/Desktop/Deepseek_GSCP07/F033.c,cppcheck,True,success,True,0,15,66,style,constVariablePointer,Variable 'title' can be declared as pointer to const,/home/yichen/Desktop/Deepseek_GSCP07/F033.c|66|style|constVariablePointer|Variable 'title' can be declared as pointer to const,/home/yichen/Desktop/Deepseek_GSCP_Results07/logs/F033_cppcheck.log
/home/yichen/Desktop/Deepseek_GSCP07/F033.c,cppcheck,True,success,True,0,15,77,style,constVariablePointer,Variable 'id' can be declared as pointer to const,/home/yichen/Desktop/Deepseek_GSCP07/F033.c|77|style|constVariablePointer|Variable 'id' can be declared as pointer to const,/home/yichen/Desktop/Deepseek_GSCP_Results07/logs/F033_cppcheck.log
/home/yichen/Desktop/Deepseek_GSCP07/F033.c,cppcheck,True,success,True,0,15,93,style,constVariablePointer,Variable 'id' can be declared as pointer to const,/home/yichen/Desktop/Deepseek_GSCP07/F033.c|93|style|constVariablePointer|Variable 'id' can be declared as pointer to const,/home/yichen/Desktop/Deepseek_GSCP_Results07/logs/F033_cppcheck.log
/home/yichen/Desktop/Deepseek_GSCP07/F033.c,cppcheck,True,success,True,0,15,95,style,constVariablePointer,Variable 'e' can be declared as pointer to const,/home/yichen/Desktop/Deepseek_GSCP07/F033.c|95|style|constVariablePointer|Variable 'e' can be declared as pointer to const,/home/yichen/Desktop/Deepseek_GSCP_Results07/logs/F033_cppcheck.log
nofile,cppcheck,True,success,True,0,15,0,information,checkersReport,Active checkers: 113/592 (use --checkers-report=<filename> to see details),nofile|0|information|checkersReport|Active checkers: 113/592 (use --checkers-report=<filename> to see details),/home/yichen/Desktop/Deepseek_GSCP_Results07/logs/F033_cppcheck.log
/home/yichen/Desktop/Deepseek_GSCP07/F034.c,cppcheck,True,success,True,0,11,2,information,missingIncludeSystem,Include file: <stdio.h> not found. Please note: Cppcheck does not need standard library headers to get proper results.,/home/yichen/Desktop/Deepseek_GSCP07/F034.c|2|information|missingIncludeSystem|Include file: <stdio.h> not found. Please note: Cppcheck does not need standard library headers to get proper results.,/home/yichen/Desktop/Deepseek_GSCP_Results07/logs/F034_cppcheck.log
/home/yichen/Desktop/Deepseek_GSCP07/F034.c,cppcheck,True,success,True,0,11,3,information,missingIncludeSystem,Include file: <stdlib.h> not found. Please note: Cppcheck does not need standard library headers to get proper results.,/home/yichen/Desktop/Deepseek_GSCP07/F034.c|3|information|missingIncludeSystem|Include file: <stdlib.h> not found. Please note: Cppcheck does not need standard library headers to get proper results.,/home/yichen/Desktop/Deepseek_GSCP_Results07/logs/F034_cppcheck.log
/home/yichen/Desktop/Deepseek_GSCP07/F034.c,cppcheck,True,success,True,0,11,4,information,missingIncludeSystem,Include file: <string.h> not found. Please note: Cppcheck does not need standard library headers to get proper results.,/home/yichen/Desktop/Deepseek_GSCP07/F034.c|4|information|missingIncludeSystem|Include file: <string.h> not found. Please note: Cppcheck does not need standard library headers to get proper results.,/home/yichen/Desktop/Deepseek_GSCP_Results07/logs/F034_cppcheck.log
/home/yichen/Desktop/Deepseek_GSCP07/F034.c,cppcheck,True,success,True,0,11,36,style,constVariablePointer,Variable 'name' can be declared as pointer to const,/home/yichen/Desktop/Deepseek_GSCP07/F034.c|36|style|constVariablePointer|Variable 'name' can be declared as pointer to const,/home/yichen/Desktop/Deepseek_GSCP_Results07/logs/F034_cppcheck.log
/home/yichen/Desktop/Deepseek_GSCP07/F034.c,cppcheck,True,success,True,0,11,37,style,constVariablePointer,Variable 'text' can be declared as pointer to const,/home/yichen/Desktop/Deepseek_GSCP07/F034.c|37|style|constVariablePointer|Variable 'text' can be declared as pointer to const,/home/yichen/Desktop/Deepseek_GSCP_Results07/logs/F034_cppcheck.log
/home/yichen/Desktop/Deepseek_GSCP07/F034.c,cppcheck,True,success,True,0,11,60,style,constVariablePointer,Variable 'filename' can be declared as pointer to const,/home/yichen/Desktop/Deepseek_GSCP07/F034.c|60|style|constVariablePointer|Variable 'filename' can be declared as pointer to const,/home/yichen/Desktop/Deepseek_GSCP_Results07/logs/F034_cppcheck.log
/home/yichen/Desktop/Deepseek_GSCP07/F034.c,cppcheck,True,success,True,0,11,82,style,constVariablePointer,Variable 'name' can be declared as pointer to const,/home/yichen/Desktop/Deepseek_GSCP07/F034.c|82|style|constVariablePointer|Variable 'name' can be declared as pointer to const,/home/yichen/Desktop/Deepseek_GSCP_Results07/logs/F034_cppcheck.log
/home/yichen/Desktop/Deepseek_GSCP07/F034.c,cppcheck,True,success,True,0,11,84,style,constVariablePointer,Variable 'text' can be declared as pointer to const,/home/yichen/Desktop/Deepseek_GSCP07/F034.c|84|style|constVariablePointer|Variable 'text' can be declared as pointer to const,/home/yichen/Desktop/Deepseek_GSCP_Results07/logs/F034_cppcheck.log
/home/yichen/Desktop/Deepseek_GSCP07/F034.c,cppcheck,True,success,True,0,11,99,style,constVariablePointer,Variable 'name' can be declared as pointer to const,/home/yichen/Desktop/Deepseek_GSCP07/F034.c|99|style|constVariablePointer|Variable 'name' can be declared as pointer to const,/home/yichen/Desktop/Deepseek_GSCP_Results07/logs/F034_cppcheck.log
/home/yichen/Desktop/Deepseek_GSCP07/F034.c,cppcheck,True,success,True,0,11,60,style,unreadVariable,Variable 'filename' is assigned a value that is never used.,/home/yichen/Desktop/Deepseek_GSCP07/F034.c|60|style|unreadVariable|Variable 'filename' is assigned a value that is never used.,/home/yichen/Desktop/Deepseek_GSCP_Results07/logs/F034_cppcheck.log
nofile,cppcheck,True,success,True,0,11,0,information,checkersReport,Active checkers: 113/592 (use --checkers-report=<filename> to see details),nofile|0|information|checkersReport|Active checkers: 113/592 (use --checkers-report=<filename> to see details),/home/yichen/Desktop/Deepseek_GSCP_Results07/logs/F034_cppcheck.log
/home/yichen/Desktop/Deepseek_GSCP07/F035.c,cppcheck,True,success,True,0,11,2,information,missingIncludeSystem,Include file: <stdio.h> not found. Please note: Cppcheck does not need standard library headers to get proper results.,/home/yichen/Desktop/Deepseek_GSCP07/F035.c|2|information|missingIncludeSystem|Include file: <stdio.h> not found. Please note: Cppcheck does not need standard library headers to get proper results.,/home/yichen/Desktop/Deepseek_GSCP_Results07/logs/F035_cppcheck.log
/home/yichen/Desktop/Deepseek_GSCP07/F035.c,cppcheck,True,success,True,0,11,3,information,missingIncludeSystem,Include file: <stdlib.h> not found. Please note: Cppcheck does not need standard library headers to get proper results.,/home/yichen/Desktop/Deepseek_GSCP07/F035.c|3|information|missingIncludeSystem|Include file: <stdlib.h> not found. Please note: Cppcheck does not need standard library headers to get proper results.,/home/yichen/Desktop/Deepseek_GSCP_Results07/logs/F035_cppcheck.log
/home/yichen/Desktop/Deepseek_GSCP07/F035.c,cppcheck,True,success,True,0,11,4,information,missingIncludeSystem,Include file: <string.h> not found. Please note: Cppcheck does not need standard library headers to get proper results.,/home/yichen/Desktop/Deepseek_GSCP07/F035.c|4|information|missingIncludeSystem|Include file: <string.h> not found. Please note: Cppcheck does not need standard library headers to get proper results.,/home/yichen/Desktop/Deepseek_GSCP_Results07/logs/F035_cppcheck.log
/home/yichen/Desktop/Deepseek_GSCP07/F035.c,cppcheck,True,success,True,0,11,30,style,constVariablePointer,Variable 'name' can be declared as pointer to const,/home/yichen/Desktop/Deepseek_GSCP07/F035.c|30|style|constVariablePointer|Variable 'name' can be declared as pointer to const,/home/yichen/Desktop/Deepseek_GSCP_Results07/logs/F035_cppcheck.log
/home/yichen/Desktop/Deepseek_GSCP07/F035.c,cppcheck,True,success,True,0,11,33,style,constVariablePointer,Variable 'payload' can be declared as pointer to const,/home/yichen/Desktop/Deepseek_GSCP07/F035.c|33|style|constVariablePointer|Variable 'payload' can be declared as pointer to const,/home/yichen/Desktop/Deepseek_GSCP_Results07/logs/F035_cppcheck.log
/home/yichen/Desktop/Deepseek_GSCP07/F035.c,cppcheck,True,success,True,0,11,48,style,constVariablePointer,Variable 'old' can be declared as pointer to const,/home/yichen/Desktop/Deepseek_GSCP07/F035.c|48|style|constVariablePointer|Variable 'old' can be declared as pointer to const,/home/yichen/Desktop/Deepseek_GSCP_Results07/logs/F035_cppcheck.log
/home/yichen/Desktop/Deepseek_GSCP07/F035.c,cppcheck,True,success,True,0,11,50,style,constVariablePointer,Variable 'new' can be declared as pointer to const,/home/yichen/Desktop/Deepseek_GSCP07/F035.c|50|style|constVariablePointer|Variable 'new' can be declared as pointer to const,/home/yichen/Desktop/Deepseek_GSCP_Results07/logs/F035_cppcheck.log
/home/yichen/Desktop/Deepseek_GSCP07/F035.c,cppcheck,True,success,True,0,11,52,style,constVariablePointer,Variable 'orig' can be declared as pointer to const,/home/yichen/Desktop/Deepseek_GSCP07/F035.c|52|style|constVariablePointer|Variable 'orig' can be declared as pointer to const,/home/yichen/Desktop/Deepseek_GSCP_Results07/logs/F035_cppcheck.log
/home/yichen/Desktop/Deepseek_GSCP07/F035.c,cppcheck,True,success,True,0,11,67,style,constVariablePointer,Variable 'name' can be declared as pointer to const,/home/yichen/Desktop/Deepseek_GSCP07/F035.c|67|style|constVariablePointer|Variable 'name' can be declared as pointer to const,/home/yichen/Desktop/Deepseek_GSCP_Results07/logs/F035_cppcheck.log
/home/yichen/Desktop/Deepseek_GSCP07/F035.c,cppcheck,True,success,True,0,11,83,style,constVariablePointer,Variable 'name' can be declared as pointer to const,/home/yichen/Desktop/Deepseek_GSCP07/F035.c|83|style|constVariablePointer|Variable 'name' can be declared as pointer to const,/home/yichen/Desktop/Deepseek_GSCP_Results07/logs/F035_cppcheck.log
nofile,cppcheck,True,success,True,0,11,0,information,checkersReport,Active checkers: 113/592 (use --checkers-report=<filename> to see details),nofile|0|information|checkersReport|Active checkers: 113/592 (use --checkers-report=<filename> to see details),/home/yichen/Desktop/Deepseek_GSCP_Results07/logs/F035_cppcheck.log
/home/yichen/Desktop/Deepseek_GSCP07/F036.c,cppcheck,True,success,True,0,9,2,information,missingIncludeSystem,Include file: <stdio.h> not found. Please note: Cppcheck does not need standard library headers to get proper results.,/home/yichen/Desktop/Deepseek_GSCP07/F036.c|2|information|missingIncludeSystem|Include file: <stdio.h> not found. Please note: Cppcheck does not need standard library headers to get proper results.,/home/yichen/Desktop/Deepseek_GSCP_Results07/logs/F036_cppcheck.log
/home/yichen/Desktop/Deepseek_GSCP07/F036.c,cppcheck,True,success,True,0,9,3,information,missingIncludeSystem,Include file: <stdlib.h> not found. Please note: Cppcheck does not need standard library headers to get proper results.,/home/yichen/Desktop/Deepseek_GSCP07/F036.c|3|information|missingIncludeSystem|Include file: <stdlib.h> not found. Please note: Cppcheck does not need standard library headers to get proper results.,/home/yichen/Desktop/Deepseek_GSCP_Results07/logs/F036_cppcheck.log
/home/yichen/Desktop/Deepseek_GSCP07/F036.c,cppcheck,True,success,True,0,9,4,information,missingIncludeSystem,Include file: <string.h> not found. Please note: Cppcheck does not need standard library headers to get proper results.,/home/yichen/Desktop/Deepseek_GSCP07/F036.c|4|information|missingIncludeSystem|Include file: <string.h> not found. Please note: Cppcheck does not need standard library headers to get proper results.,/home/yichen/Desktop/Deepseek_GSCP_Results07/logs/F036_cppcheck.log
/home/yichen/Desktop/Deepseek_GSCP07/F036.c,cppcheck,True,success,True,0,9,5,information,missingIncludeSystem,Include file: <ctype.h> not found. Please note: Cppcheck does not need standard library headers to get proper results.,/home/yichen/Desktop/Deepseek_GSCP07/F036.c|5|information|missingIncludeSystem|Include file: <ctype.h> not found. Please note: Cppcheck does not need standard library headers to get proper results.,/home/yichen/Desktop/Deepseek_GSCP_Results07/logs/F036_cppcheck.log
/home/yichen/Desktop/Deepseek_GSCP07/F036.c,cppcheck,True,success,True,0,9,52,style,constVariablePointer,Variable 'name' can be declared as pointer to const,/home/yichen/Desktop/Deepseek_GSCP07/F036.c|52|style|constVariablePointer|Variable 'name' can be declared as pointer to const,/home/yichen/Desktop/Deepseek_GSCP_Results07/logs/F036_cppcheck.log
/home/yichen/Desktop/Deepseek_GSCP07/F036.c,cppcheck,True,success,True,0,9,54,style,constVariablePointer,Variable 'rest' can be declared as pointer to const,/home/yichen/Desktop/Deepseek_GSCP07/F036.c|54|style|constVariablePointer|Variable 'rest' can be declared as pointer to const,/home/yichen/Desktop/Deepseek_GSCP_Results07/logs/F036_cppcheck.log
/home/yichen/Desktop/Deepseek_GSCP07/F036.c,cppcheck,True,success,True,0,9,73,style,constVariablePointer,Variable 'name' can be declared as pointer to const,/home/yichen/Desktop/Deepseek_GSCP07/F036.c|73|style|constVariablePointer|Variable 'name' can be declared as pointer to const,/home/yichen/Desktop/Deepseek_GSCP_Results07/logs/F036_cppcheck.log
/home/yichen/Desktop/Deepseek_GSCP07/F036.c,cppcheck,True,success,True,0,9,89,style,constVariablePointer,Variable 'name' can be declared as pointer to const,/home/yichen/Desktop/Deepseek_GSCP07/F036.c|89|style|constVariablePointer|Variable 'name' can be declared as pointer to const,/home/yichen/Desktop/Deepseek_GSCP_Results07/logs/F036_cppcheck.log
nofile,cppcheck,True,success,True,0,9,0,information,checkersReport,Active checkers: 113/592 (use --checkers-report=<filename> to see details),nofile|0|information|checkersReport|Active checkers: 113/592 (use --checkers-report=<filename> to see details),/home/yichen/Desktop/Deepseek_GSCP_Results07/logs/F036_cppcheck.log
/home/yichen/Desktop/Deepseek_GSCP07/F037.c,cppcheck,True,success,True,0,15,2,information,missingIncludeSystem,Include file: <stdio.h> not found. Please note: Cppcheck does not need standard library headers to get proper results.,/home/yichen/Desktop/Deepseek_GSCP07/F037.c|2|information|missingIncludeSystem|Include file: <stdio.h> not found. Please note: Cppcheck does not need standard library headers to get proper results.,/home/yichen/Desktop/Deepseek_GSCP_Results07/logs/F037_cppcheck.log
/home/yichen/Desktop/Deepseek_GSCP07/F037.c,cppcheck,True,success,True,0,15,3,information,missingIncludeSystem,Include file: <stdlib.h> not found. Please note: Cppcheck does not need standard library headers to get proper results.,/home/yichen/Desktop/Deepseek_GSCP07/F037.c|3|information|missingIncludeSystem|Include file: <stdlib.h> not found. Please note: Cppcheck does not need standard library headers to get proper results.,/home/yichen/Desktop/Deepseek_GSCP_Results07/logs/F037_cppcheck.log
/home/yichen/Desktop/Deepseek_GSCP07/F037.c,cppcheck,True,success,True,0,15,4,information,missingIncludeSystem,Include file: <string.h> not found. Please note: Cppcheck does not need standard library headers to get proper results.,/home/yichen/Desktop/Deepseek_GSCP07/F037.c|4|information|missingIncludeSystem|Include file: <string.h> not found. Please note: Cppcheck does not need standard library headers to get proper results.,/home/yichen/Desktop/Deepseek_GSCP_Results07/logs/F037_cppcheck.log
/home/yichen/Desktop/Deepseek_GSCP07/F037.c,cppcheck,True,success,True,0,15,5,information,missingIncludeSystem,Include file: <ctype.h> not found. Please note: Cppcheck does not need standard library headers to get proper results.,/home/yichen/Desktop/Deepseek_GSCP07/F037.c|5|information|missingIncludeSystem|Include file: <ctype.h> not found. Please note: Cppcheck does not need standard library headers to get proper results.,/home/yichen/Desktop/Deepseek_GSCP_Results07/logs/F037_cppcheck.log
/home/yichen/Desktop/Deepseek_GSCP07/F037.c,cppcheck,True,success,True,0,15,46,style,constVariable,Variable 'hex' can be declared as const array,/home/yichen/Desktop/Deepseek_GSCP07/F037.c|46|style|constVariable|Variable 'hex' can be declared as const array,/home/yichen/Desktop/Deepseek_GSCP_Results07/logs/F037_cppcheck.log
/home/yichen/Desktop/Deepseek_GSCP07/F037.c,cppcheck,True,success,True,0,15,60,style,constVariablePointer,Variable 'name' can be declared as pointer to const,/home/yichen/Desktop/Deepseek_GSCP07/F037.c|60|style|constVariablePointer|Variable 'name' can be declared as pointer to const,/home/yichen/Desktop/Deepseek_GSCP_Results07/logs/F037_cppcheck.log
/home/yichen/Desktop/Deepseek_GSCP07/F037.c,cppcheck,True,success,True,0,15,63,style,constVariablePointer,Variable 'hex' can be declared as pointer to const,/home/yichen/Desktop/Deepseek_GSCP07/F037.c|63|style|constVariablePointer|Variable 'hex' can be declared as pointer to const,/home/yichen/Desktop/Deepseek_GSCP_Results07/logs/F037_cppcheck.log
/home/yichen/Desktop/Deepseek_GSCP07/F037.c,cppcheck,True,success,True,0,15,82,style,constVariablePointer,Variable 'name' can be declared as pointer to const,/home/yichen/Desktop/Deepseek_GSCP07/F037.c|82|style|constVariablePointer|Variable 'name' can be declared as pointer to const,/home/yichen/Desktop/Deepseek_GSCP_Results07/logs/F037_cppcheck.log
/home/yichen/Desktop/Deepseek_GSCP07/F037.c,cppcheck,True,success,True,0,15,86,style,constVariablePointer,Variable 'hex' can be declared as pointer to const,/home/yichen/Desktop/Deepseek_GSCP07/F037.c|86|style|constVariablePointer|Variable 'hex' can be declared as pointer to const,/home/yichen/Desktop/Deepseek_GSCP_Results07/logs/F037_cppcheck.log
/home/yichen/Desktop/Deepseek_GSCP07/F037.c,cppcheck,True,success,True,0,15,98,style,constVariablePointer,Variable 'name' can be declared as pointer to const,/home/yichen/Desktop/Deepseek_GSCP07/F037.c|98|style|constVariablePointer|Variable 'name' can be declared as pointer to const,/home/yichen/Desktop/Deepseek_GSCP_Results07/logs/F037_cppcheck.log
/home/yichen/Desktop/Deepseek_GSCP07/F037.c,cppcheck,True,success,True,0,15,100,style,constVariablePointer,Variable 'b' can be declared as pointer to const,/home/yichen/Desktop/Deepseek_GSCP07/F037.c|100|style|constVariablePointer|Variable 'b' can be declared as pointer to const,/home/yichen/Desktop/Deepseek_GSCP_Results07/logs/F037_cppcheck.log
/home/yichen/Desktop/Deepseek_GSCP07/F037.c,cppcheck,True,success,True,0,15,102,style,constVariablePointer,Variable 'offstr' can be declared as pointer to const,/home/yichen/Desktop/Deepseek_GSCP07/F037.c|102|style|constVariablePointer|Variable 'offstr' can be declared as pointer to const,/home/yichen/Desktop/Deepseek_GSCP_Results07/logs/F037_cppcheck.log
/home/yichen/Desktop/Deepseek_GSCP07/F037.c,cppcheck,True,success,True,0,15,103,style,constVariablePointer,Variable 'lenstr' can be declared as pointer to const,/home/yichen/Desktop/Deepseek_GSCP07/F037.c|103|style|constVariablePointer|Variable 'lenstr' can be declared as pointer to const,/home/yichen/Desktop/Deepseek_GSCP_Results07/logs/F037_cppcheck.log
/home/yichen/Desktop/Deepseek_GSCP07/F037.c,cppcheck,True,success,True,0,15,115,style,constVariablePointer,Variable 'name' can be declared as pointer to const,/home/yichen/Desktop/Deepseek_GSCP07/F037.c|115|style|constVariablePointer|Variable 'name' can be declared as pointer to const,/home/yichen/Desktop/Deepseek_GSCP_Results07/logs/F037_cppcheck.log
nofile,cppcheck,True,success,True,0,15,0,information,checkersReport,Active checkers: 113/592 (use --checkers-report=<filename> to see details),nofile|0|information|checkersReport|Active checkers: 113/592 (use --checkers-report=<filename> to see details),/home/yichen/Desktop/Deepseek_GSCP_Results07/logs/F037_cppcheck.log
/home/yichen/Desktop/Deepseek_GSCP07/F038.c,cppcheck,True,success,True,0,11,2,information,missingIncludeSystem,Include file: <stdio.h> not found. Please note: Cppcheck does not need standard library headers to get proper results.,/home/yichen/Desktop/Deepseek_GSCP07/F038.c|2|information|missingIncludeSystem|Include file: <stdio.h> not found. Please note: Cppcheck does not need standard library headers to get proper results.,/home/yichen/Desktop/Deepseek_GSCP_Results07/logs/F038_cppcheck.log
/home/yichen/Desktop/Deepseek_GSCP07/F038.c,cppcheck,True,success,True,0,11,3,information,missingIncludeSystem,Include file: <stdlib.h> not found. Please note: Cppcheck does not need standard library headers to get proper results.,/home/yichen/Desktop/Deepseek_GSCP07/F038.c|3|information|missingIncludeSystem|Include file: <stdlib.h> not found. Please note: Cppcheck does not need standard library headers to get proper results.,/home/yichen/Desktop/Deepseek_GSCP_Results07/logs/F038_cppcheck.log
/home/yichen/Desktop/Deepseek_GSCP07/F038.c,cppcheck,True,success,True,0,11,4,information,missingIncludeSystem,Include file: <string.h> not found. Please note: Cppcheck does not need standard library headers to get proper results.,/home/yichen/Desktop/Deepseek_GSCP07/F038.c|4|information|missingIncludeSystem|Include file: <string.h> not found. Please note: Cppcheck does not need standard library headers to get proper results.,/home/yichen/Desktop/Deepseek_GSCP_Results07/logs/F038_cppcheck.log
/home/yichen/Desktop/Deepseek_GSCP07/F038.c,cppcheck,True,success,True,0,11,5,information,missingIncludeSystem,Include file: <ctype.h> not found. Please note: Cppcheck does not need standard library headers to get proper results.,/home/yichen/Desktop/Deepseek_GSCP07/F038.c|5|information|missingIncludeSystem|Include file: <ctype.h> not found. Please note: Cppcheck does not need standard library headers to get proper results.,/home/yichen/Desktop/Deepseek_GSCP_Results07/logs/F038_cppcheck.log
/home/yichen/Desktop/Deepseek_GSCP07/F038.c,cppcheck,True,success,True,0,11,69,style,constVariablePointer,Variable 'name' can be declared as pointer to const,/home/yichen/Desktop/Deepseek_GSCP07/F038.c|69|style|constVariablePointer|Variable 'name' can be declared as pointer to const,/home/yichen/Desktop/Deepseek_GSCP_Results07/logs/F038_cppcheck.log
/home/yichen/Desktop/Deepseek_GSCP07/F038.c,cppcheck,True,success,True,0,11,72,style,constVariablePointer,Variable 'enc' can be declared as pointer to const,/home/yichen/Desktop/Deepseek_GSCP07/F038.c|72|style|constVariablePointer|Variable 'enc' can be declared as pointer to const,/home/yichen/Desktop/Deepseek_GSCP_Results07/logs/F038_cppcheck.log
/home/yichen/Desktop/Deepseek_GSCP07/F038.c,cppcheck,True,success,True,0,11,91,style,constVariablePointer,Variable 'name' can be declared as pointer to const,/home/yichen/Desktop/Deepseek_GSCP07/F038.c|91|style|constVariablePointer|Variable 'name' can be declared as pointer to const,/home/yichen/Desktop/Deepseek_GSCP_Results07/logs/F038_cppcheck.log
/home/yichen/Desktop/Deepseek_GSCP07/F038.c,cppcheck,True,success,True,0,11,93,style,constVariablePointer,Variable 'e' can be declared as pointer to const,/home/yichen/Desktop/Deepseek_GSCP07/F038.c|93|style|constVariablePointer|Variable 'e' can be declared as pointer to const,/home/yichen/Desktop/Deepseek_GSCP_Results07/logs/F038_cppcheck.log
/home/yichen/Desktop/Deepseek_GSCP07/F038.c,cppcheck,True,success,True,0,11,105,style,constVariablePointer,Variable 'name' can be declared as pointer to const,/home/yichen/Desktop/Deepseek_GSCP07/F038.c|105|style|constVariablePointer|Variable 'name' can be declared as pointer to const,/home/yichen/Desktop/Deepseek_GSCP_Results07/logs/F038_cppcheck.log
/home/yichen/Desktop/Deepseek_GSCP07/F038.c,cppcheck,True,success,True,0,11,44,style,unreadVariable,Variable 'ch' is assigned a value that is never used.,/home/yichen/Desktop/Deepseek_GSCP07/F038.c|44|style|unreadVariable|Variable 'ch' is assigned a value that is never used.,/home/yichen/Desktop/Deepseek_GSCP_Results07/logs/F038_cppcheck.log
nofile,cppcheck,True,success,True,0,11,0,information,checkersReport,Active checkers: 113/592 (use --checkers-report=<filename> to see details),nofile|0|information|checkersReport|Active checkers: 113/592 (use --checkers-report=<filename> to see details),/home/yichen/Desktop/Deepseek_GSCP_Results07/logs/F038_cppcheck.log
/home/yichen/Desktop/Deepseek_GSCP07/F039.c,cppcheck,True,success,True,0,16,2,information,missingIncludeSystem,Include file: <stdio.h> not found. Please note: Cppcheck does not need standard library headers to get proper results.,/home/yichen/Desktop/Deepseek_GSCP07/F039.c|2|information|missingIncludeSystem|Include file: <stdio.h> not found. Please note: Cppcheck does not need standard library headers to get proper results.,/home/yichen/Desktop/Deepseek_GSCP_Results07/logs/F039_cppcheck.log
/home/yichen/Desktop/Deepseek_GSCP07/F039.c,cppcheck,True,success,True,0,16,3,information,missingIncludeSystem,Include file: <stdlib.h> not found. Please note: Cppcheck does not need standard library headers to get proper results.,/home/yichen/Desktop/Deepseek_GSCP07/F039.c|3|information|missingIncludeSystem|Include file: <stdlib.h> not found. Please note: Cppcheck does not need standard library headers to get proper results.,/home/yichen/Desktop/Deepseek_GSCP_Results07/logs/F039_cppcheck.log
/home/yichen/Desktop/Deepseek_GSCP07/F039.c,cppcheck,True,success,True,0,16,4,information,missingIncludeSystem,Include file: <string.h> not found. Please note: Cppcheck does not need standard library headers to get proper results.,/home/yichen/Desktop/Deepseek_GSCP07/F039.c|4|information|missingIncludeSystem|Include file: <string.h> not found. Please note: Cppcheck does not need standard library headers to get proper results.,/home/yichen/Desktop/Deepseek_GSCP_Results07/logs/F039_cppcheck.log
/home/yichen/Desktop/Deepseek_GSCP07/F039.c,cppcheck,True,success,True,0,16,38,style,constVariablePointer,Variable 'name' can be declared as pointer to const,/home/yichen/Desktop/Deepseek_GSCP07/F039.c|38|style|constVariablePointer|Variable 'name' can be declared as pointer to const,/home/yichen/Desktop/Deepseek_GSCP_Results07/logs/F039_cppcheck.log
/home/yichen/Desktop/Deepseek_GSCP07/F039.c,cppcheck,True,success,True,0,16,40,style,constVariablePointer,Variable 'rowstr' can be declared as pointer to const,/home/yichen/Desktop/Deepseek_GSCP07/F039.c|40|style|constVariablePointer|Variable 'rowstr' can be declared as pointer to const,/home/yichen/Desktop/Deepseek_GSCP_Results07/logs/F039_cppcheck.log
/home/yichen/Desktop/Deepseek_GSCP07/F039.c,cppcheck,True,success,True,0,16,41,style,constVariablePointer,Variable 'colstr' can be declared as pointer to const,/home/yichen/Desktop/Deepseek_GSCP07/F039.c|41|style|constVariablePointer|Variable 'colstr' can be declared as pointer to const,/home/yichen/Desktop/Deepseek_GSCP_Results07/logs/F039_cppcheck.log
/home/yichen/Desktop/Deepseek_GSCP07/F039.c,cppcheck,True,success,True,0,16,68,style,constVariablePointer,Variable 'name' can be declared as pointer to const,/home/yichen/Desktop/Deepseek_GSCP07/F039.c|68|style|constVariablePointer|Variable 'name' can be declared as pointer to const,/home/yichen/Desktop/Deepseek_GSCP_Results07/logs/F039_cppcheck.log
/home/yichen/Desktop/Deepseek_GSCP07/F039.c,cppcheck,True,success,True,0,16,72,style,constVariablePointer,Variable 'rowstr' can be declared as pointer to const,/home/yichen/Desktop/Deepseek_GSCP07/F039.c|72|style|constVariablePointer|Variable 'rowstr' can be declared as pointer to const,/home/yichen/Desktop/Deepseek_GSCP_Results07/logs/F039_cppcheck.log
/home/yichen/Desktop/Deepseek_GSCP07/F039.c,cppcheck,True,success,True,0,16,73,style,constVariablePointer,Variable 'colstr' can be declared as pointer to const,/home/yichen/Desktop/Deepseek_GSCP07/F039.c|73|style|constVariablePointer|Variable 'colstr' can be declared as pointer to const,/home/yichen/Desktop/Deepseek_GSCP_Results07/logs/F039_cppcheck.log
/home/yichen/Desktop/Deepseek_GSCP07/F039.c,cppcheck,True,success,True,0,16,74,style,constVariablePointer,Variable 'value' can be declared as pointer to const,/home/yichen/Desktop/Deepseek_GSCP07/F039.c|74|style|constVariablePointer|Variable 'value' can be declared as pointer to const,/home/yichen/Desktop/Deepseek_GSCP_Results07/logs/F039_cppcheck.log
/home/yichen/Desktop/Deepseek_GSCP07/F039.c,cppcheck,True,success,True,0,16,85,style,constVariablePointer,Variable 'name' can be declared as pointer to const,/home/yichen/Desktop/Deepseek_GSCP07/F039.c|85|style|constVariablePointer|Variable 'name' can be declared as pointer to const,/home/yichen/Desktop/Deepseek_GSCP_Results07/logs/F039_cppcheck.log
/home/yichen/Desktop/Deepseek_GSCP07/F039.c,cppcheck,True,success,True,0,16,87,style,constVariablePointer,Variable 't' can be declared as pointer to const,/home/yichen/Desktop/Deepseek_GSCP07/F039.c|87|style|constVariablePointer|Variable 't' can be declared as pointer to const,/home/yichen/Desktop/Deepseek_GSCP_Results07/logs/F039_cppcheck.log
/home/yichen/Desktop/Deepseek_GSCP07/F039.c,cppcheck,True,success,True,0,16,89,style,constVariablePointer,Variable 'rowstr' can be declared as pointer to const,/home/yichen/Desktop/Deepseek_GSCP07/F039.c|89|style|constVariablePointer|Variable 'rowstr' can be declared as pointer to const,/home/yichen/Desktop/Deepseek_GSCP_Results07/logs/F039_cppcheck.log
/home/yichen/Desktop/Deepseek_GSCP07/F039.c,cppcheck,True,success,True,0,16,90,style,constVariablePointer,Variable 'colstr' can be declared as pointer to const,/home/yichen/Desktop/Deepseek_GSCP07/F039.c|90|style|constVariablePointer|Variable 'colstr' can be declared as pointer to const,/home/yichen/Desktop/Deepseek_GSCP_Results07/logs/F039_cppcheck.log
/home/yichen/Desktop/Deepseek_GSCP07/F039.c,cppcheck,True,success,True,0,16,103,style,constVariablePointer,Variable 'name' can be declared as pointer to const,/home/yichen/Desktop/Deepseek_GSCP07/F039.c|103|style|constVariablePointer|Variable 'name' can be declared as pointer to const,/home/yichen/Desktop/Deepseek_GSCP_Results07/logs/F039_cppcheck.log
nofile,cppcheck,True,success,True,0,16,0,information,checkersReport,Active checkers: 113/592 (use --checkers-report=<filename> to see details),nofile|0|information|checkersReport|Active checkers: 113/592 (use --checkers-report=<filename> to see details),/home/yichen/Desktop/Deepseek_GSCP_Results07/logs/F039_cppcheck.log
/home/yichen/Desktop/Deepseek_GSCP07/F040.c,cppcheck,True,success,True,0,15,2,information,missingIncludeSystem,Include file: <stdio.h> not found. Please note: Cppcheck does not need standard library headers to get proper results.,/home/yichen/Desktop/Deepseek_GSCP07/F040.c|2|information|missingIncludeSystem|Include file: <stdio.h> not found. Please note: Cppcheck does not need standard library headers to get proper results.,/home/yichen/Desktop/Deepseek_GSCP_Results07/logs/F040_cppcheck.log
/home/yichen/Desktop/Deepseek_GSCP07/F040.c,cppcheck,True,success,True,0,15,3,information,missingIncludeSystem,Include file: <stdlib.h> not found. Please note: Cppcheck does not need standard library headers to get proper results.,/home/yichen/Desktop/Deepseek_GSCP07/F040.c|3|information|missingIncludeSystem|Include file: <stdlib.h> not found. Please note: Cppcheck does not need standard library headers to get proper results.,/home/yichen/Desktop/Deepseek_GSCP_Results07/logs/F040_cppcheck.log
/home/yichen/Desktop/Deepseek_GSCP07/F040.c,cppcheck,True,success,True,0,15,4,information,missingIncludeSystem,Include file: <string.h> not found. Please note: Cppcheck does not need standard library headers to get proper results.,/home/yichen/Desktop/Deepseek_GSCP07/F040.c|4|information|missingIncludeSystem|Include file: <string.h> not found. Please note: Cppcheck does not need standard library headers to get proper results.,/home/yichen/Desktop/Deepseek_GSCP_Results07/logs/F040_cppcheck.log
/home/yichen/Desktop/Deepseek_GSCP07/F040.c,cppcheck,True,success,True,0,15,5,information,missingIncludeSystem,Include file: <ctype.h> not found. Please note: Cppcheck does not need standard library headers to get proper results.,/home/yichen/Desktop/Deepseek_GSCP07/F040.c|5|information|missingIncludeSystem|Include file: <ctype.h> not found. Please note: Cppcheck does not need standard library headers to get proper results.,/home/yichen/Desktop/Deepseek_GSCP_Results07/logs/F040_cppcheck.log
/home/yichen/Desktop/Deepseek_GSCP07/F040.c,cppcheck,True,success,True,0,15,41,style,constVariablePointer,Variable 'id' can be declared as pointer to const,/home/yichen/Desktop/Deepseek_GSCP07/F040.c|41|style|constVariablePointer|Variable 'id' can be declared as pointer to const,/home/yichen/Desktop/Deepseek_GSCP_Results07/logs/F040_cppcheck.log
/home/yichen/Desktop/Deepseek_GSCP07/F040.c,cppcheck,True,success,True,0,15,44,style,constVariablePointer,Variable 'hstr' can be declared as pointer to const,/home/yichen/Desktop/Deepseek_GSCP07/F040.c|44|style|constVariablePointer|Variable 'hstr' can be declared as pointer to const,/home/yichen/Desktop/Deepseek_GSCP_Results07/logs/F040_cppcheck.log
/home/yichen/Desktop/Deepseek_GSCP07/F040.c,cppcheck,True,success,True,0,15,45,style,constVariablePointer,Variable 'pstr' can be declared as pointer to const,/home/yichen/Desktop/Deepseek_GSCP07/F040.c|45|style|constVariablePointer|Variable 'pstr' can be declared as pointer to const,/home/yichen/Desktop/Deepseek_GSCP_Results07/logs/F040_cppcheck.log
/home/yichen/Desktop/Deepseek_GSCP07/F040.c,cppcheck,True,success,True,0,15,49,style,constVariablePointer,Variable 'header' can be declared as pointer to const,/home/yichen/Desktop/Deepseek_GSCP07/F040.c|49|style|constVariablePointer|Variable 'header' can be declared as pointer to const,/home/yichen/Desktop/Deepseek_GSCP_Results07/logs/F040_cppcheck.log
/home/yichen/Desktop/Deepseek_GSCP07/F040.c,cppcheck,True,success,True,0,15,51,style,constVariablePointer,Variable 'payload' can be declared as pointer to const,/home/yichen/Desktop/Deepseek_GSCP07/F040.c|51|style|constVariablePointer|Variable 'payload' can be declared as pointer to const,/home/yichen/Desktop/Deepseek_GSCP_Results07/logs/F040_cppcheck.log
/home/yichen/Desktop/Deepseek_GSCP07/F040.c,cppcheck,True,success,True,0,15,71,style,constVariablePointer,Variable 'id' can be declared as pointer to const,/home/yichen/Desktop/Deepseek_GSCP07/F040.c|71|style|constVariablePointer|Variable 'id' can be declared as pointer to const,/home/yichen/Desktop/Deepseek_GSCP_Results07/logs/F040_cppcheck.log
/home/yichen/Desktop/Deepseek_GSCP07/F040.c,cppcheck,True,success,True,0,15,87,style,constVariablePointer,Variable 'id' can be declared as pointer to const,/home/yichen/Desktop/Deepseek_GSCP07/F040.c|87|style|constVariablePointer|Variable 'id' can be declared as pointer to const,/home/yichen/Desktop/Deepseek_GSCP_Results07/logs/F040_cppcheck.log
/home/yichen/Desktop/Deepseek_GSCP07/F040.c,cppcheck,True,success,True,0,15,89,style,constVariablePointer,Variable 'p' can be declared as pointer to const,/home/yichen/Desktop/Deepseek_GSCP07/F040.c|89|style|constVariablePointer|Variable 'p' can be declared as pointer to const,/home/yichen/Desktop/Deepseek_GSCP_Results07/logs/F040_cppcheck.log
/home/yichen/Desktop/Deepseek_GSCP07/F040.c,cppcheck,True,success,True,0,15,94,style,constVariablePointer,Variable 'id' can be declared as pointer to const,/home/yichen/Desktop/Deepseek_GSCP07/F040.c|94|style|constVariablePointer|Variable 'id' can be declared as pointer to const,/home/yichen/Desktop/Deepseek_GSCP_Results07/logs/F040_cppcheck.log
/home/yichen/Desktop/Deepseek_GSCP07/F040.c,cppcheck,True,success,True,0,15,96,style,constVariablePointer,Variable 'p' can be declared as pointer to const,/home/yichen/Desktop/Deepseek_GSCP07/F040.c|96|style|constVariablePointer|Variable 'p' can be declared as pointer to const,/home/yichen/Desktop/Deepseek_GSCP_Results07/logs/F040_cppcheck.log
nofile,cppcheck,True,success,True,0,15,0,information,checkersReport,Active checkers: 113/592 (use --checkers-report=<filename> to see details),nofile|0|information|checkersReport|Active checkers: 113/592 (use --checkers-report=<filename> to see details),/home/yichen/Desktop/Deepseek_GSCP_Results07/logs/F040_cppcheck.log
