file,tool,attempted,status,success,returncode,finding_count,line,severity,check_id,message,evidence,log_path
/home/yichen/Desktop/Deepseek_Baseline_Code02/F001.c,cppcheck,True,success,True,0,8,2,information,missingIncludeSystem,Include file: <stdio.h> not found. Please note: Cppcheck does not need standard library headers to get proper results.,/home/yichen/Desktop/Deepseek_Baseline_Code02/F001.c|2|information|missingIncludeSystem|Include file: <stdio.h> not found. Please note: Cppcheck does not need standard library headers to get proper results.,/home/yichen/Desktop/Deepseek_Baseline_Results02/logs/F001_cppcheck.log
/home/yichen/Desktop/Deepseek_Baseline_Code02/F001.c,cppcheck,True,success,True,0,8,3,information,missingIncludeSystem,Include file: <stdlib.h> not found. Please note: Cppcheck does not need standard library headers to get proper results.,/home/yichen/Desktop/Deepseek_Baseline_Code02/F001.c|3|information|missingIncludeSystem|Include file: <stdlib.h> not found. Please note: Cppcheck does not need standard library headers to get proper results.,/home/yichen/Desktop/Deepseek_Baseline_Results02/logs/F001_cppcheck.log
/home/yichen/Desktop/Deepseek_Baseline_Code02/F001.c,cppcheck,True,success,True,0,8,4,information,missingIncludeSystem,Include file: <string.h> not found. Please note: Cppcheck does not need standard library headers to get proper results.,/home/yichen/Desktop/Deepseek_Baseline_Code02/F001.c|4|information|missingIncludeSystem|Include file: <string.h> not found. Please note: Cppcheck does not need standard library headers to get proper results.,/home/yichen/Desktop/Deepseek_Baseline_Results02/logs/F001_cppcheck.log
/home/yichen/Desktop/Deepseek_Baseline_Code02/F001.c,cppcheck,True,success,True,0,8,120,style,constVariablePointer,Variable 'id_start' can be declared as pointer to const,/home/yichen/Desktop/Deepseek_Baseline_Code02/F001.c|120|style|constVariablePointer|Variable 'id_start' can be declared as pointer to const,/home/yichen/Desktop/Deepseek_Baseline_Results02/logs/F001_cppcheck.log
/home/yichen/Desktop/Deepseek_Baseline_Code02/F001.c,cppcheck,True,success,True,0,8,128,style,constVariablePointer,Variable 'id_start' can be declared as pointer to const,/home/yichen/Desktop/Deepseek_Baseline_Code02/F001.c|128|style|constVariablePointer|Variable 'id_start' can be declared as pointer to const,/home/yichen/Desktop/Deepseek_Baseline_Results02/logs/F001_cppcheck.log
/home/yichen/Desktop/Deepseek_Baseline_Code02/F001.c,cppcheck,True,success,True,0,8,136,style,constVariablePointer,Variable 'id_start' can be declared as pointer to const,/home/yichen/Desktop/Deepseek_Baseline_Code02/F001.c|136|style|constVariablePointer|Variable 'id_start' can be declared as pointer to const,/home/yichen/Desktop/Deepseek_Baseline_Results02/logs/F001_cppcheck.log
/home/yichen/Desktop/Deepseek_Baseline_Code02/F001.c,cppcheck,True,success,True,0,8,115,style,unusedVariable,Unused variable: text,/home/yichen/Desktop/Deepseek_Baseline_Code02/F001.c|115|style|unusedVariable|Unused variable: text,/home/yichen/Desktop/Deepseek_Baseline_Results02/logs/F001_cppcheck.log
nofile,cppcheck,True,success,True,0,8,0,information,checkersReport,Active checkers: 113/592 (use --checkers-report=<filename> to see details),nofile|0|information|checkersReport|Active checkers: 113/592 (use --checkers-report=<filename> to see details),/home/yichen/Desktop/Deepseek_Baseline_Results02/logs/F001_cppcheck.log
/home/yichen/Desktop/Deepseek_Baseline_Code02/F002.c,cppcheck,True,success,True,0,9,2,information,missingIncludeSystem,Include file: <stdio.h> not found. Please note: Cppcheck does not need standard library headers to get proper results.,/home/yichen/Desktop/Deepseek_Baseline_Code02/F002.c|2|information|missingIncludeSystem|Include file: <stdio.h> not found. Please note: Cppcheck does not need standard library headers to get proper results.,/home/yichen/Desktop/Deepseek_Baseline_Results02/logs/F002_cppcheck.log
/home/yichen/Desktop/Deepseek_Baseline_Code02/F002.c,cppcheck,True,success,True,0,9,3,information,missingIncludeSystem,Include file: <stdlib.h> not found. Please note: Cppcheck does not need standard library headers to get proper results.,/home/yichen/Desktop/Deepseek_Baseline_Code02/F002.c|3|information|missingIncludeSystem|Include file: <stdlib.h> not found. Please note: Cppcheck does not need standard library headers to get proper results.,/home/yichen/Desktop/Deepseek_Baseline_Results02/logs/F002_cppcheck.log
/home/yichen/Desktop/Deepseek_Baseline_Code02/F002.c,cppcheck,True,success,True,0,9,4,information,missingIncludeSystem,Include file: <string.h> not found. Please note: Cppcheck does not need standard library headers to get proper results.,/home/yichen/Desktop/Deepseek_Baseline_Code02/F002.c|4|information|missingIncludeSystem|Include file: <string.h> not found. Please note: Cppcheck does not need standard library headers to get proper results.,/home/yichen/Desktop/Deepseek_Baseline_Results02/logs/F002_cppcheck.log
/home/yichen/Desktop/Deepseek_Baseline_Code02/F002.c,cppcheck,True,success,True,0,9,37,style,constVariablePointer,Variable 'm1' can be declared as pointer to const,/home/yichen/Desktop/Deepseek_Baseline_Code02/F002.c|37|style|constVariablePointer|Variable 'm1' can be declared as pointer to const,/home/yichen/Desktop/Deepseek_Baseline_Results02/logs/F002_cppcheck.log
/home/yichen/Desktop/Deepseek_Baseline_Code02/F002.c,cppcheck,True,success,True,0,9,38,style,constVariablePointer,Variable 'm2' can be declared as pointer to const,/home/yichen/Desktop/Deepseek_Baseline_Code02/F002.c|38|style|constVariablePointer|Variable 'm2' can be declared as pointer to const,/home/yichen/Desktop/Deepseek_Baseline_Results02/logs/F002_cppcheck.log
/home/yichen/Desktop/Deepseek_Baseline_Code02/F002.c,cppcheck,True,success,True,0,9,110,style,constVariablePointer,Variable 'tag' can be declared as pointer to const,/home/yichen/Desktop/Deepseek_Baseline_Code02/F002.c|110|style|constVariablePointer|Variable 'tag' can be declared as pointer to const,/home/yichen/Desktop/Deepseek_Baseline_Results02/logs/F002_cppcheck.log
/home/yichen/Desktop/Deepseek_Baseline_Code02/F002.c,cppcheck,True,success,True,0,9,118,style,constVariablePointer,Variable 'tag1' can be declared as pointer to const,/home/yichen/Desktop/Deepseek_Baseline_Code02/F002.c|118|style|constVariablePointer|Variable 'tag1' can be declared as pointer to const,/home/yichen/Desktop/Deepseek_Baseline_Results02/logs/F002_cppcheck.log
/home/yichen/Desktop/Deepseek_Baseline_Code02/F002.c,cppcheck,True,success,True,0,9,122,style,constVariablePointer,Variable 'tag2' can be declared as pointer to const,/home/yichen/Desktop/Deepseek_Baseline_Code02/F002.c|122|style|constVariablePointer|Variable 'tag2' can be declared as pointer to const,/home/yichen/Desktop/Deepseek_Baseline_Results02/logs/F002_cppcheck.log
nofile,cppcheck,True,success,True,0,9,0,information,checkersReport,Active checkers: 113/592 (use --checkers-report=<filename> to see details),nofile|0|information|checkersReport|Active checkers: 113/592 (use --checkers-report=<filename> to see details),/home/yichen/Desktop/Deepseek_Baseline_Results02/logs/F002_cppcheck.log
/home/yichen/Desktop/Deepseek_Baseline_Code02/F003.c,cppcheck,True,success,True,0,6,2,information,missingIncludeSystem,Include file: <stdio.h> not found. Please note: Cppcheck does not need standard library headers to get proper results.,/home/yichen/Desktop/Deepseek_Baseline_Code02/F003.c|2|information|missingIncludeSystem|Include file: <stdio.h> not found. Please note: Cppcheck does not need standard library headers to get proper results.,/home/yichen/Desktop/Deepseek_Baseline_Results02/logs/F003_cppcheck.log
/home/yichen/Desktop/Deepseek_Baseline_Code02/F003.c,cppcheck,True,success,True,0,6,3,information,missingIncludeSystem,Include file: <stdlib.h> not found. Please note: Cppcheck does not need standard library headers to get proper results.,/home/yichen/Desktop/Deepseek_Baseline_Code02/F003.c|3|information|missingIncludeSystem|Include file: <stdlib.h> not found. Please note: Cppcheck does not need standard library headers to get proper results.,/home/yichen/Desktop/Deepseek_Baseline_Results02/logs/F003_cppcheck.log
/home/yichen/Desktop/Deepseek_Baseline_Code02/F003.c,cppcheck,True,success,True,0,6,4,information,missingIncludeSystem,Include file: <string.h> not found. Please note: Cppcheck does not need standard library headers to get proper results.,/home/yichen/Desktop/Deepseek_Baseline_Code02/F003.c|4|information|missingIncludeSystem|Include file: <string.h> not found. Please note: Cppcheck does not need standard library headers to get proper results.,/home/yichen/Desktop/Deepseek_Baseline_Results02/logs/F003_cppcheck.log
/home/yichen/Desktop/Deepseek_Baseline_Code02/F003.c,cppcheck,True,success,True,0,6,108,style,constVariablePointer,Variable 'name' can be declared as pointer to const,/home/yichen/Desktop/Deepseek_Baseline_Code02/F003.c|108|style|constVariablePointer|Variable 'name' can be declared as pointer to const,/home/yichen/Desktop/Deepseek_Baseline_Results02/logs/F003_cppcheck.log
/home/yichen/Desktop/Deepseek_Baseline_Code02/F003.c,cppcheck,True,success,True,0,6,120,style,constVariablePointer,Variable 'old' can be declared as pointer to const,/home/yichen/Desktop/Deepseek_Baseline_Code02/F003.c|120|style|constVariablePointer|Variable 'old' can be declared as pointer to const,/home/yichen/Desktop/Deepseek_Baseline_Results02/logs/F003_cppcheck.log
nofile,cppcheck,True,success,True,0,6,0,information,checkersReport,Active checkers: 113/592 (use --checkers-report=<filename> to see details),nofile|0|information|checkersReport|Active checkers: 113/592 (use --checkers-report=<filename> to see details),/home/yichen/Desktop/Deepseek_Baseline_Results02/logs/F003_cppcheck.log
/home/yichen/Desktop/Deepseek_Baseline_Code02/F004.c,cppcheck,True,success,True,0,7,2,information,missingIncludeSystem,Include file: <stdio.h> not found. Please note: Cppcheck does not need standard library headers to get proper results.,/home/yichen/Desktop/Deepseek_Baseline_Code02/F004.c|2|information|missingIncludeSystem|Include file: <stdio.h> not found. Please note: Cppcheck does not need standard library headers to get proper results.,/home/yichen/Desktop/Deepseek_Baseline_Results02/logs/F004_cppcheck.log
/home/yichen/Desktop/Deepseek_Baseline_Code02/F004.c,cppcheck,True,success,True,0,7,3,information,missingIncludeSystem,Include file: <stdlib.h> not found. Please note: Cppcheck does not need standard library headers to get proper results.,/home/yichen/Desktop/Deepseek_Baseline_Code02/F004.c|3|information|missingIncludeSystem|Include file: <stdlib.h> not found. Please note: Cppcheck does not need standard library headers to get proper results.,/home/yichen/Desktop/Deepseek_Baseline_Results02/logs/F004_cppcheck.log
/home/yichen/Desktop/Deepseek_Baseline_Code02/F004.c,cppcheck,True,success,True,0,7,4,information,missingIncludeSystem,Include file: <string.h> not found. Please note: Cppcheck does not need standard library headers to get proper results.,/home/yichen/Desktop/Deepseek_Baseline_Code02/F004.c|4|information|missingIncludeSystem|Include file: <string.h> not found. Please note: Cppcheck does not need standard library headers to get proper results.,/home/yichen/Desktop/Deepseek_Baseline_Results02/logs/F004_cppcheck.log
/home/yichen/Desktop/Deepseek_Baseline_Code02/F004.c,cppcheck,True,success,True,0,7,66,style,constVariablePointer,Variable 'key' can be declared as pointer to const,/home/yichen/Desktop/Deepseek_Baseline_Code02/F004.c|66|style|constVariablePointer|Variable 'key' can be declared as pointer to const,/home/yichen/Desktop/Deepseek_Baseline_Results02/logs/F004_cppcheck.log
/home/yichen/Desktop/Deepseek_Baseline_Code02/F004.c,cppcheck,True,success,True,0,7,67,style,constVariablePointer,Variable 'v' can be declared as pointer to const,/home/yichen/Desktop/Deepseek_Baseline_Code02/F004.c|67|style|constVariablePointer|Variable 'v' can be declared as pointer to const,/home/yichen/Desktop/Deepseek_Baseline_Results02/logs/F004_cppcheck.log
/home/yichen/Desktop/Deepseek_Baseline_Code02/F004.c,cppcheck,True,success,True,0,7,112,style,constVariablePointer,Variable 'key' can be declared as pointer to const,/home/yichen/Desktop/Deepseek_Baseline_Code02/F004.c|112|style|constVariablePointer|Variable 'key' can be declared as pointer to const,/home/yichen/Desktop/Deepseek_Baseline_Results02/logs/F004_cppcheck.log
nofile,cppcheck,True,success,True,0,7,0,information,checkersReport,Active checkers: 113/592 (use --checkers-report=<filename> to see details),nofile|0|information|checkersReport|Active checkers: 113/592 (use --checkers-report=<filename> to see details),/home/yichen/Desktop/Deepseek_Baseline_Results02/logs/F004_cppcheck.log
/home/yichen/Desktop/Deepseek_Baseline_Code02/F005.c,cppcheck,True,success,True,0,4,2,information,missingIncludeSystem,Include file: <stdio.h> not found. Please note: Cppcheck does not need standard library headers to get proper results.,/home/yichen/Desktop/Deepseek_Baseline_Code02/F005.c|2|information|missingIncludeSystem|Include file: <stdio.h> not found. Please note: Cppcheck does not need standard library headers to get proper results.,/home/yichen/Desktop/Deepseek_Baseline_Results02/logs/F005_cppcheck.log
/home/yichen/Desktop/Deepseek_Baseline_Code02/F005.c,cppcheck,True,success,True,0,4,3,information,missingIncludeSystem,Include file: <stdlib.h> not found. Please note: Cppcheck does not need standard library headers to get proper results.,/home/yichen/Desktop/Deepseek_Baseline_Code02/F005.c|3|information|missingIncludeSystem|Include file: <stdlib.h> not found. Please note: Cppcheck does not need standard library headers to get proper results.,/home/yichen/Desktop/Deepseek_Baseline_Results02/logs/F005_cppcheck.log
/home/yichen/Desktop/Deepseek_Baseline_Code02/F005.c,cppcheck,True,success,True,0,4,4,information,missingIncludeSystem,Include file: <string.h> not found. Please note: Cppcheck does not need standard library headers to get proper results.,/home/yichen/Desktop/Deepseek_Baseline_Code02/F005.c|4|information|missingIncludeSystem|Include file: <string.h> not found. Please note: Cppcheck does not need standard library headers to get proper results.,/home/yichen/Desktop/Deepseek_Baseline_Results02/logs/F005_cppcheck.log
nofile,cppcheck,True,success,True,0,4,0,information,checkersReport,Active checkers: 113/592 (use --checkers-report=<filename> to see details),nofile|0|information|checkersReport|Active checkers: 113/592 (use --checkers-report=<filename> to see details),/home/yichen/Desktop/Deepseek_Baseline_Results02/logs/F005_cppcheck.log
/home/yichen/Desktop/Deepseek_Baseline_Code02/F006.c,cppcheck,True,success,True,0,7,2,information,missingIncludeSystem,Include file: <stdio.h> not found. Please note: Cppcheck does not need standard library headers to get proper results.,/home/yichen/Desktop/Deepseek_Baseline_Code02/F006.c|2|information|missingIncludeSystem|Include file: <stdio.h> not found. Please note: Cppcheck does not need standard library headers to get proper results.,/home/yichen/Desktop/Deepseek_Baseline_Results02/logs/F006_cppcheck.log
/home/yichen/Desktop/Deepseek_Baseline_Code02/F006.c,cppcheck,True,success,True,0,7,3,information,missingIncludeSystem,Include file: <stdlib.h> not found. Please note: Cppcheck does not need standard library headers to get proper results.,/home/yichen/Desktop/Deepseek_Baseline_Code02/F006.c|3|information|missingIncludeSystem|Include file: <stdlib.h> not found. Please note: Cppcheck does not need standard library headers to get proper results.,/home/yichen/Desktop/Deepseek_Baseline_Results02/logs/F006_cppcheck.log
/home/yichen/Desktop/Deepseek_Baseline_Code02/F006.c,cppcheck,True,success,True,0,7,4,information,missingIncludeSystem,Include file: <string.h> not found. Please note: Cppcheck does not need standard library headers to get proper results.,/home/yichen/Desktop/Deepseek_Baseline_Code02/F006.c|4|information|missingIncludeSystem|Include file: <string.h> not found. Please note: Cppcheck does not need standard library headers to get proper results.,/home/yichen/Desktop/Deepseek_Baseline_Results02/logs/F006_cppcheck.log
/home/yichen/Desktop/Deepseek_Baseline_Code02/F006.c,cppcheck,True,success,True,0,7,65,style,constVariablePointer,Variable 'i' can be declared as pointer to const,/home/yichen/Desktop/Deepseek_Baseline_Code02/F006.c|65|style|constVariablePointer|Variable 'i' can be declared as pointer to const,/home/yichen/Desktop/Deepseek_Baseline_Results02/logs/F006_cppcheck.log
/home/yichen/Desktop/Deepseek_Baseline_Code02/F006.c,cppcheck,True,success,True,0,7,97,style,constVariablePointer,Variable 'name' can be declared as pointer to const,/home/yichen/Desktop/Deepseek_Baseline_Code02/F006.c|97|style|constVariablePointer|Variable 'name' can be declared as pointer to const,/home/yichen/Desktop/Deepseek_Baseline_Results02/logs/F006_cppcheck.log
/home/yichen/Desktop/Deepseek_Baseline_Code02/F006.c,cppcheck,True,success,True,0,7,106,style,constVariablePointer,Variable 'name' can be declared as pointer to const,/home/yichen/Desktop/Deepseek_Baseline_Code02/F006.c|106|style|constVariablePointer|Variable 'name' can be declared as pointer to const,/home/yichen/Desktop/Deepseek_Baseline_Results02/logs/F006_cppcheck.log
nofile,cppcheck,True,success,True,0,7,0,information,checkersReport,Active checkers: 113/592 (use --checkers-report=<filename> to see details),nofile|0|information|checkersReport|Active checkers: 113/592 (use --checkers-report=<filename> to see details),/home/yichen/Desktop/Deepseek_Baseline_Results02/logs/F006_cppcheck.log
/home/yichen/Desktop/Deepseek_Baseline_Code02/F007.c,cppcheck,True,success,True,0,9,2,information,missingIncludeSystem,Include file: <stdio.h> not found. Please note: Cppcheck does not need standard library headers to get proper results.,/home/yichen/Desktop/Deepseek_Baseline_Code02/F007.c|2|information|missingIncludeSystem|Include file: <stdio.h> not found. Please note: Cppcheck does not need standard library headers to get proper results.,/home/yichen/Desktop/Deepseek_Baseline_Results02/logs/F007_cppcheck.log
/home/yichen/Desktop/Deepseek_Baseline_Code02/F007.c,cppcheck,True,success,True,0,9,3,information,missingIncludeSystem,Include file: <stdlib.h> not found. Please note: Cppcheck does not need standard library headers to get proper results.,/home/yichen/Desktop/Deepseek_Baseline_Code02/F007.c|3|information|missingIncludeSystem|Include file: <stdlib.h> not found. Please note: Cppcheck does not need standard library headers to get proper results.,/home/yichen/Desktop/Deepseek_Baseline_Results02/logs/F007_cppcheck.log
/home/yichen/Desktop/Deepseek_Baseline_Code02/F007.c,cppcheck,True,success,True,0,9,4,information,missingIncludeSystem,Include file: <string.h> not found. Please note: Cppcheck does not need standard library headers to get proper results.,/home/yichen/Desktop/Deepseek_Baseline_Code02/F007.c|4|information|missingIncludeSystem|Include file: <string.h> not found. Please note: Cppcheck does not need standard library headers to get proper results.,/home/yichen/Desktop/Deepseek_Baseline_Results02/logs/F007_cppcheck.log
/home/yichen/Desktop/Deepseek_Baseline_Code02/F007.c,cppcheck,True,success,True,0,9,71,style,constVariablePointer,Variable 'aa' can be declared as pointer to const,/home/yichen/Desktop/Deepseek_Baseline_Code02/F007.c|71|style|constVariablePointer|Variable 'aa' can be declared as pointer to const,/home/yichen/Desktop/Deepseek_Baseline_Results02/logs/F007_cppcheck.log
/home/yichen/Desktop/Deepseek_Baseline_Code02/F007.c,cppcheck,True,success,True,0,9,72,style,constVariablePointer,Variable 'bb' can be declared as pointer to const,/home/yichen/Desktop/Deepseek_Baseline_Code02/F007.c|72|style|constVariablePointer|Variable 'bb' can be declared as pointer to const,/home/yichen/Desktop/Deepseek_Baseline_Results02/logs/F007_cppcheck.log
/home/yichen/Desktop/Deepseek_Baseline_Code02/F007.c,cppcheck,True,success,True,0,9,141,style,constVariablePointer,Variable 'time' can be declared as pointer to const,/home/yichen/Desktop/Deepseek_Baseline_Code02/F007.c|141|style|constVariablePointer|Variable 'time' can be declared as pointer to const,/home/yichen/Desktop/Deepseek_Baseline_Results02/logs/F007_cppcheck.log
/home/yichen/Desktop/Deepseek_Baseline_Code02/F007.c,cppcheck,True,success,True,0,9,145,style,constVariablePointer,Variable 'label' can be declared as pointer to const,/home/yichen/Desktop/Deepseek_Baseline_Code02/F007.c|145|style|constVariablePointer|Variable 'label' can be declared as pointer to const,/home/yichen/Desktop/Deepseek_Baseline_Results02/logs/F007_cppcheck.log
/home/yichen/Desktop/Deepseek_Baseline_Code02/F007.c,cppcheck,True,success,True,0,9,153,style,constVariablePointer,Variable 'time' can be declared as pointer to const,/home/yichen/Desktop/Deepseek_Baseline_Code02/F007.c|153|style|constVariablePointer|Variable 'time' can be declared as pointer to const,/home/yichen/Desktop/Deepseek_Baseline_Results02/logs/F007_cppcheck.log
nofile,cppcheck,True,success,True,0,9,0,information,checkersReport,Active checkers: 113/592 (use --checkers-report=<filename> to see details),nofile|0|information|checkersReport|Active checkers: 113/592 (use --checkers-report=<filename> to see details),/home/yichen/Desktop/Deepseek_Baseline_Results02/logs/F007_cppcheck.log
/home/yichen/Desktop/Deepseek_Baseline_Code02/F008.c,cppcheck,True,success,True,0,6,2,information,missingIncludeSystem,Include file: <stdio.h> not found. Please note: Cppcheck does not need standard library headers to get proper results.,/home/yichen/Desktop/Deepseek_Baseline_Code02/F008.c|2|information|missingIncludeSystem|Include file: <stdio.h> not found. Please note: Cppcheck does not need standard library headers to get proper results.,/home/yichen/Desktop/Deepseek_Baseline_Results02/logs/F008_cppcheck.log
/home/yichen/Desktop/Deepseek_Baseline_Code02/F008.c,cppcheck,True,success,True,0,6,3,information,missingIncludeSystem,Include file: <stdlib.h> not found. Please note: Cppcheck does not need standard library headers to get proper results.,/home/yichen/Desktop/Deepseek_Baseline_Code02/F008.c|3|information|missingIncludeSystem|Include file: <stdlib.h> not found. Please note: Cppcheck does not need standard library headers to get proper results.,/home/yichen/Desktop/Deepseek_Baseline_Results02/logs/F008_cppcheck.log
/home/yichen/Desktop/Deepseek_Baseline_Code02/F008.c,cppcheck,True,success,True,0,6,4,information,missingIncludeSystem,Include file: <string.h> not found. Please note: Cppcheck does not need standard library headers to get proper results.,/home/yichen/Desktop/Deepseek_Baseline_Code02/F008.c|4|information|missingIncludeSystem|Include file: <string.h> not found. Please note: Cppcheck does not need standard library headers to get proper results.,/home/yichen/Desktop/Deepseek_Baseline_Results02/logs/F008_cppcheck.log
/home/yichen/Desktop/Deepseek_Baseline_Code02/F008.c,cppcheck,True,success,True,0,6,111,style,constVariablePointer,Variable 'name' can be declared as pointer to const,/home/yichen/Desktop/Deepseek_Baseline_Code02/F008.c|111|style|constVariablePointer|Variable 'name' can be declared as pointer to const,/home/yichen/Desktop/Deepseek_Baseline_Results02/logs/F008_cppcheck.log
/home/yichen/Desktop/Deepseek_Baseline_Code02/F008.c,cppcheck,True,success,True,0,6,123,style,constVariablePointer,Variable 'name' can be declared as pointer to const,/home/yichen/Desktop/Deepseek_Baseline_Code02/F008.c|123|style|constVariablePointer|Variable 'name' can be declared as pointer to const,/home/yichen/Desktop/Deepseek_Baseline_Results02/logs/F008_cppcheck.log
nofile,cppcheck,True,success,True,0,6,0,information,checkersReport,Active checkers: 113/592 (use --checkers-report=<filename> to see details),nofile|0|information|checkersReport|Active checkers: 113/592 (use --checkers-report=<filename> to see details),/home/yichen/Desktop/Deepseek_Baseline_Results02/logs/F008_cppcheck.log
/home/yichen/Desktop/Deepseek_Baseline_Code02/F009.c,cppcheck,True,success,True,0,7,2,information,missingIncludeSystem,Include file: <stdio.h> not found. Please note: Cppcheck does not need standard library headers to get proper results.,/home/yichen/Desktop/Deepseek_Baseline_Code02/F009.c|2|information|missingIncludeSystem|Include file: <stdio.h> not found. Please note: Cppcheck does not need standard library headers to get proper results.,/home/yichen/Desktop/Deepseek_Baseline_Results02/logs/F009_cppcheck.log
/home/yichen/Desktop/Deepseek_Baseline_Code02/F009.c,cppcheck,True,success,True,0,7,3,information,missingIncludeSystem,Include file: <stdlib.h> not found. Please note: Cppcheck does not need standard library headers to get proper results.,/home/yichen/Desktop/Deepseek_Baseline_Code02/F009.c|3|information|missingIncludeSystem|Include file: <stdlib.h> not found. Please note: Cppcheck does not need standard library headers to get proper results.,/home/yichen/Desktop/Deepseek_Baseline_Results02/logs/F009_cppcheck.log
/home/yichen/Desktop/Deepseek_Baseline_Code02/F009.c,cppcheck,True,success,True,0,7,4,information,missingIncludeSystem,Include file: <string.h> not found. Please note: Cppcheck does not need standard library headers to get proper results.,/home/yichen/Desktop/Deepseek_Baseline_Code02/F009.c|4|information|missingIncludeSystem|Include file: <string.h> not found. Please note: Cppcheck does not need standard library headers to get proper results.,/home/yichen/Desktop/Deepseek_Baseline_Results02/logs/F009_cppcheck.log
/home/yichen/Desktop/Deepseek_Baseline_Code02/F009.c,cppcheck,True,success,True,0,7,154,style,constVariablePointer,Variable 'group' can be declared as pointer to const,/home/yichen/Desktop/Deepseek_Baseline_Code02/F009.c|154|style|constVariablePointer|Variable 'group' can be declared as pointer to const,/home/yichen/Desktop/Deepseek_Baseline_Results02/logs/F009_cppcheck.log
/home/yichen/Desktop/Deepseek_Baseline_Code02/F009.c,cppcheck,True,success,True,0,7,162,style,constVariablePointer,Variable 'a' can be declared as pointer to const,/home/yichen/Desktop/Deepseek_Baseline_Code02/F009.c|162|style|constVariablePointer|Variable 'a' can be declared as pointer to const,/home/yichen/Desktop/Deepseek_Baseline_Results02/logs/F009_cppcheck.log
/home/yichen/Desktop/Deepseek_Baseline_Code02/F009.c,cppcheck,True,success,True,0,7,166,style,constVariablePointer,Variable 'b' can be declared as pointer to const,/home/yichen/Desktop/Deepseek_Baseline_Code02/F009.c|166|style|constVariablePointer|Variable 'b' can be declared as pointer to const,/home/yichen/Desktop/Deepseek_Baseline_Results02/logs/F009_cppcheck.log
nofile,cppcheck,True,success,True,0,7,0,information,checkersReport,Active checkers: 113/592 (use --checkers-report=<filename> to see details),nofile|0|information|checkersReport|Active checkers: 113/592 (use --checkers-report=<filename> to see details),/home/yichen/Desktop/Deepseek_Baseline_Results02/logs/F009_cppcheck.log
/home/yichen/Desktop/Deepseek_Baseline_Code02/F010.c,cppcheck,True,success,True,0,6,2,information,missingIncludeSystem,Include file: <stdio.h> not found. Please note: Cppcheck does not need standard library headers to get proper results.,/home/yichen/Desktop/Deepseek_Baseline_Code02/F010.c|2|information|missingIncludeSystem|Include file: <stdio.h> not found. Please note: Cppcheck does not need standard library headers to get proper results.,/home/yichen/Desktop/Deepseek_Baseline_Results02/logs/F010_cppcheck.log
/home/yichen/Desktop/Deepseek_Baseline_Code02/F010.c,cppcheck,True,success,True,0,6,3,information,missingIncludeSystem,Include file: <stdlib.h> not found. Please note: Cppcheck does not need standard library headers to get proper results.,/home/yichen/Desktop/Deepseek_Baseline_Code02/F010.c|3|information|missingIncludeSystem|Include file: <stdlib.h> not found. Please note: Cppcheck does not need standard library headers to get proper results.,/home/yichen/Desktop/Deepseek_Baseline_Results02/logs/F010_cppcheck.log
/home/yichen/Desktop/Deepseek_Baseline_Code02/F010.c,cppcheck,True,success,True,0,6,4,information,missingIncludeSystem,Include file: <string.h> not found. Please note: Cppcheck does not need standard library headers to get proper results.,/home/yichen/Desktop/Deepseek_Baseline_Code02/F010.c|4|information|missingIncludeSystem|Include file: <string.h> not found. Please note: Cppcheck does not need standard library headers to get proper results.,/home/yichen/Desktop/Deepseek_Baseline_Results02/logs/F010_cppcheck.log
/home/yichen/Desktop/Deepseek_Baseline_Code02/F010.c,cppcheck,True,success,True,0,6,139,style,constVariablePointer,Variable 'key' can be declared as pointer to const,/home/yichen/Desktop/Deepseek_Baseline_Code02/F010.c|139|style|constVariablePointer|Variable 'key' can be declared as pointer to const,/home/yichen/Desktop/Deepseek_Baseline_Results02/logs/F010_cppcheck.log
/home/yichen/Desktop/Deepseek_Baseline_Code02/F010.c,cppcheck,True,success,True,0,6,147,style,constVariablePointer,Variable 'key' can be declared as pointer to const,/home/yichen/Desktop/Deepseek_Baseline_Code02/F010.c|147|style|constVariablePointer|Variable 'key' can be declared as pointer to const,/home/yichen/Desktop/Deepseek_Baseline_Results02/logs/F010_cppcheck.log
nofile,cppcheck,True,success,True,0,6,0,information,checkersReport,Active checkers: 113/592 (use --checkers-report=<filename> to see details),nofile|0|information|checkersReport|Active checkers: 113/592 (use --checkers-report=<filename> to see details),/home/yichen/Desktop/Deepseek_Baseline_Results02/logs/F010_cppcheck.log
/home/yichen/Desktop/Deepseek_Baseline_Code02/F011.c,cppcheck,True,success,True,0,6,2,information,missingIncludeSystem,Include file: <stdio.h> not found. Please note: Cppcheck does not need standard library headers to get proper results.,/home/yichen/Desktop/Deepseek_Baseline_Code02/F011.c|2|information|missingIncludeSystem|Include file: <stdio.h> not found. Please note: Cppcheck does not need standard library headers to get proper results.,/home/yichen/Desktop/Deepseek_Baseline_Results02/logs/F011_cppcheck.log
/home/yichen/Desktop/Deepseek_Baseline_Code02/F011.c,cppcheck,True,success,True,0,6,3,information,missingIncludeSystem,Include file: <stdlib.h> not found. Please note: Cppcheck does not need standard library headers to get proper results.,/home/yichen/Desktop/Deepseek_Baseline_Code02/F011.c|3|information|missingIncludeSystem|Include file: <stdlib.h> not found. Please note: Cppcheck does not need standard library headers to get proper results.,/home/yichen/Desktop/Deepseek_Baseline_Results02/logs/F011_cppcheck.log
/home/yichen/Desktop/Deepseek_Baseline_Code02/F011.c,cppcheck,True,success,True,0,6,4,information,missingIncludeSystem,Include file: <string.h> not found. Please note: Cppcheck does not need standard library headers to get proper results.,/home/yichen/Desktop/Deepseek_Baseline_Code02/F011.c|4|information|missingIncludeSystem|Include file: <string.h> not found. Please note: Cppcheck does not need standard library headers to get proper results.,/home/yichen/Desktop/Deepseek_Baseline_Results02/logs/F011_cppcheck.log
/home/yichen/Desktop/Deepseek_Baseline_Code02/F011.c,cppcheck,True,success,True,0,6,129,style,constVariablePointer,Variable 'title' can be declared as pointer to const,/home/yichen/Desktop/Deepseek_Baseline_Code02/F011.c|129|style|constVariablePointer|Variable 'title' can be declared as pointer to const,/home/yichen/Desktop/Deepseek_Baseline_Results02/logs/F011_cppcheck.log
/home/yichen/Desktop/Deepseek_Baseline_Code02/F011.c,cppcheck,True,success,True,0,6,137,style,constVariablePointer,Variable 'title' can be declared as pointer to const,/home/yichen/Desktop/Deepseek_Baseline_Code02/F011.c|137|style|constVariablePointer|Variable 'title' can be declared as pointer to const,/home/yichen/Desktop/Deepseek_Baseline_Results02/logs/F011_cppcheck.log
nofile,cppcheck,True,success,True,0,6,0,information,checkersReport,Active checkers: 113/592 (use --checkers-report=<filename> to see details),nofile|0|information|checkersReport|Active checkers: 113/592 (use --checkers-report=<filename> to see details),/home/yichen/Desktop/Deepseek_Baseline_Results02/logs/F011_cppcheck.log
/home/yichen/Desktop/Deepseek_Baseline_Code02/F012.c,cppcheck,True,success,True,0,6,2,information,missingIncludeSystem,Include file: <stdio.h> not found. Please note: Cppcheck does not need standard library headers to get proper results.,/home/yichen/Desktop/Deepseek_Baseline_Code02/F012.c|2|information|missingIncludeSystem|Include file: <stdio.h> not found. Please note: Cppcheck does not need standard library headers to get proper results.,/home/yichen/Desktop/Deepseek_Baseline_Results02/logs/F012_cppcheck.log
/home/yichen/Desktop/Deepseek_Baseline_Code02/F012.c,cppcheck,True,success,True,0,6,3,information,missingIncludeSystem,Include file: <stdlib.h> not found. Please note: Cppcheck does not need standard library headers to get proper results.,/home/yichen/Desktop/Deepseek_Baseline_Code02/F012.c|3|information|missingIncludeSystem|Include file: <stdlib.h> not found. Please note: Cppcheck does not need standard library headers to get proper results.,/home/yichen/Desktop/Deepseek_Baseline_Results02/logs/F012_cppcheck.log
/home/yichen/Desktop/Deepseek_Baseline_Code02/F012.c,cppcheck,True,success,True,0,6,4,information,missingIncludeSystem,Include file: <string.h> not found. Please note: Cppcheck does not need standard library headers to get proper results.,/home/yichen/Desktop/Deepseek_Baseline_Code02/F012.c|4|information|missingIncludeSystem|Include file: <string.h> not found. Please note: Cppcheck does not need standard library headers to get proper results.,/home/yichen/Desktop/Deepseek_Baseline_Results02/logs/F012_cppcheck.log
/home/yichen/Desktop/Deepseek_Baseline_Code02/F012.c,cppcheck,True,success,True,0,6,117,style,constVariablePointer,Variable 'name' can be declared as pointer to const,/home/yichen/Desktop/Deepseek_Baseline_Code02/F012.c|117|style|constVariablePointer|Variable 'name' can be declared as pointer to const,/home/yichen/Desktop/Deepseek_Baseline_Results02/logs/F012_cppcheck.log
/home/yichen/Desktop/Deepseek_Baseline_Code02/F012.c,cppcheck,True,success,True,0,6,131,style,constVariablePointer,Variable 'name' can be declared as pointer to const,/home/yichen/Desktop/Deepseek_Baseline_Code02/F012.c|131|style|constVariablePointer|Variable 'name' can be declared as pointer to const,/home/yichen/Desktop/Deepseek_Baseline_Results02/logs/F012_cppcheck.log
nofile,cppcheck,True,success,True,0,6,0,information,checkersReport,Active checkers: 113/592 (use --checkers-report=<filename> to see details),nofile|0|information|checkersReport|Active checkers: 113/592 (use --checkers-report=<filename> to see details),/home/yichen/Desktop/Deepseek_Baseline_Results02/logs/F012_cppcheck.log
/home/yichen/Desktop/Deepseek_Baseline_Code02/F013.c,cppcheck,True,success,True,0,5,2,information,missingIncludeSystem,Include file: <stdio.h> not found. Please note: Cppcheck does not need standard library headers to get proper results.,/home/yichen/Desktop/Deepseek_Baseline_Code02/F013.c|2|information|missingIncludeSystem|Include file: <stdio.h> not found. Please note: Cppcheck does not need standard library headers to get proper results.,/home/yichen/Desktop/Deepseek_Baseline_Results02/logs/F013_cppcheck.log
/home/yichen/Desktop/Deepseek_Baseline_Code02/F013.c,cppcheck,True,success,True,0,5,3,information,missingIncludeSystem,Include file: <stdlib.h> not found. Please note: Cppcheck does not need standard library headers to get proper results.,/home/yichen/Desktop/Deepseek_Baseline_Code02/F013.c|3|information|missingIncludeSystem|Include file: <stdlib.h> not found. Please note: Cppcheck does not need standard library headers to get proper results.,/home/yichen/Desktop/Deepseek_Baseline_Results02/logs/F013_cppcheck.log
/home/yichen/Desktop/Deepseek_Baseline_Code02/F013.c,cppcheck,True,success,True,0,5,4,information,missingIncludeSystem,Include file: <string.h> not found. Please note: Cppcheck does not need standard library headers to get proper results.,/home/yichen/Desktop/Deepseek_Baseline_Code02/F013.c|4|information|missingIncludeSystem|Include file: <string.h> not found. Please note: Cppcheck does not need standard library headers to get proper results.,/home/yichen/Desktop/Deepseek_Baseline_Results02/logs/F013_cppcheck.log
/home/yichen/Desktop/Deepseek_Baseline_Code02/F013.c,cppcheck,True,success,True,0,5,157,style,constVariablePointer,Variable 'title' can be declared as pointer to const,/home/yichen/Desktop/Deepseek_Baseline_Code02/F013.c|157|style|constVariablePointer|Variable 'title' can be declared as pointer to const,/home/yichen/Desktop/Deepseek_Baseline_Results02/logs/F013_cppcheck.log
nofile,cppcheck,True,success,True,0,5,0,information,checkersReport,Active checkers: 113/592 (use --checkers-report=<filename> to see details),nofile|0|information|checkersReport|Active checkers: 113/592 (use --checkers-report=<filename> to see details),/home/yichen/Desktop/Deepseek_Baseline_Results02/logs/F013_cppcheck.log
/home/yichen/Desktop/Deepseek_Baseline_Code02/F014.c,cppcheck,True,success,True,0,7,2,information,missingIncludeSystem,Include file: <stdio.h> not found. Please note: Cppcheck does not need standard library headers to get proper results.,/home/yichen/Desktop/Deepseek_Baseline_Code02/F014.c|2|information|missingIncludeSystem|Include file: <stdio.h> not found. Please note: Cppcheck does not need standard library headers to get proper results.,/home/yichen/Desktop/Deepseek_Baseline_Results02/logs/F014_cppcheck.log
/home/yichen/Desktop/Deepseek_Baseline_Code02/F014.c,cppcheck,True,success,True,0,7,3,information,missingIncludeSystem,Include file: <stdlib.h> not found. Please note: Cppcheck does not need standard library headers to get proper results.,/home/yichen/Desktop/Deepseek_Baseline_Code02/F014.c|3|information|missingIncludeSystem|Include file: <stdlib.h> not found. Please note: Cppcheck does not need standard library headers to get proper results.,/home/yichen/Desktop/Deepseek_Baseline_Results02/logs/F014_cppcheck.log
/home/yichen/Desktop/Deepseek_Baseline_Code02/F014.c,cppcheck,True,success,True,0,7,4,information,missingIncludeSystem,Include file: <string.h> not found. Please note: Cppcheck does not need standard library headers to get proper results.,/home/yichen/Desktop/Deepseek_Baseline_Code02/F014.c|4|information|missingIncludeSystem|Include file: <string.h> not found. Please note: Cppcheck does not need standard library headers to get proper results.,/home/yichen/Desktop/Deepseek_Baseline_Results02/logs/F014_cppcheck.log
/home/yichen/Desktop/Deepseek_Baseline_Code02/F014.c,cppcheck,True,success,True,0,7,155,style,constVariablePointer,Variable 'name' can be declared as pointer to const,/home/yichen/Desktop/Deepseek_Baseline_Code02/F014.c|155|style|constVariablePointer|Variable 'name' can be declared as pointer to const,/home/yichen/Desktop/Deepseek_Baseline_Results02/logs/F014_cppcheck.log
/home/yichen/Desktop/Deepseek_Baseline_Code02/F014.c,cppcheck,True,success,True,0,7,163,style,constVariablePointer,Variable 'name' can be declared as pointer to const,/home/yichen/Desktop/Deepseek_Baseline_Code02/F014.c|163|style|constVariablePointer|Variable 'name' can be declared as pointer to const,/home/yichen/Desktop/Deepseek_Baseline_Results02/logs/F014_cppcheck.log
/home/yichen/Desktop/Deepseek_Baseline_Code02/F014.c,cppcheck,True,success,True,0,7,171,style,constVariablePointer,Variable 'name' can be declared as pointer to const,/home/yichen/Desktop/Deepseek_Baseline_Code02/F014.c|171|style|constVariablePointer|Variable 'name' can be declared as pointer to const,/home/yichen/Desktop/Deepseek_Baseline_Results02/logs/F014_cppcheck.log
nofile,cppcheck,True,success,True,0,7,0,information,checkersReport,Active checkers: 113/592 (use --checkers-report=<filename> to see details),nofile|0|information|checkersReport|Active checkers: 113/592 (use --checkers-report=<filename> to see details),/home/yichen/Desktop/Deepseek_Baseline_Results02/logs/F014_cppcheck.log
/home/yichen/Desktop/Deepseek_Baseline_Code02/F015.c,cppcheck,True,success,True,0,10,2,information,missingIncludeSystem,Include file: <stdio.h> not found. Please note: Cppcheck does not need standard library headers to get proper results.,/home/yichen/Desktop/Deepseek_Baseline_Code02/F015.c|2|information|missingIncludeSystem|Include file: <stdio.h> not found. Please note: Cppcheck does not need standard library headers to get proper results.,/home/yichen/Desktop/Deepseek_Baseline_Results02/logs/F015_cppcheck.log
/home/yichen/Desktop/Deepseek_Baseline_Code02/F015.c,cppcheck,True,success,True,0,10,3,information,missingIncludeSystem,Include file: <stdlib.h> not found. Please note: Cppcheck does not need standard library headers to get proper results.,/home/yichen/Desktop/Deepseek_Baseline_Code02/F015.c|3|information|missingIncludeSystem|Include file: <stdlib.h> not found. Please note: Cppcheck does not need standard library headers to get proper results.,/home/yichen/Desktop/Deepseek_Baseline_Results02/logs/F015_cppcheck.log
/home/yichen/Desktop/Deepseek_Baseline_Code02/F015.c,cppcheck,True,success,True,0,10,4,information,missingIncludeSystem,Include file: <string.h> not found. Please note: Cppcheck does not need standard library headers to get proper results.,/home/yichen/Desktop/Deepseek_Baseline_Code02/F015.c|4|information|missingIncludeSystem|Include file: <string.h> not found. Please note: Cppcheck does not need standard library headers to get proper results.,/home/yichen/Desktop/Deepseek_Baseline_Results02/logs/F015_cppcheck.log
/home/yichen/Desktop/Deepseek_Baseline_Code02/F015.c,cppcheck,True,success,True,0,10,142,style,constVariablePointer,Variable 'name' can be declared as pointer to const,/home/yichen/Desktop/Deepseek_Baseline_Code02/F015.c|142|style|constVariablePointer|Variable 'name' can be declared as pointer to const,/home/yichen/Desktop/Deepseek_Baseline_Results02/logs/F015_cppcheck.log
/home/yichen/Desktop/Deepseek_Baseline_Code02/F015.c,cppcheck,True,success,True,0,10,146,style,constVariablePointer,Variable 'email' can be declared as pointer to const,/home/yichen/Desktop/Deepseek_Baseline_Code02/F015.c|146|style|constVariablePointer|Variable 'email' can be declared as pointer to const,/home/yichen/Desktop/Deepseek_Baseline_Results02/logs/F015_cppcheck.log
/home/yichen/Desktop/Deepseek_Baseline_Code02/F015.c,cppcheck,True,success,True,0,10,150,style,constVariablePointer,Variable 'phone' can be declared as pointer to const,/home/yichen/Desktop/Deepseek_Baseline_Code02/F015.c|150|style|constVariablePointer|Variable 'phone' can be declared as pointer to const,/home/yichen/Desktop/Deepseek_Baseline_Results02/logs/F015_cppcheck.log
/home/yichen/Desktop/Deepseek_Baseline_Code02/F015.c,cppcheck,True,success,True,0,10,156,style,constVariablePointer,Variable 'name' can be declared as pointer to const,/home/yichen/Desktop/Deepseek_Baseline_Code02/F015.c|156|style|constVariablePointer|Variable 'name' can be declared as pointer to const,/home/yichen/Desktop/Deepseek_Baseline_Results02/logs/F015_cppcheck.log
/home/yichen/Desktop/Deepseek_Baseline_Code02/F015.c,cppcheck,True,success,True,0,10,164,style,constVariablePointer,Variable 'keep' can be declared as pointer to const,/home/yichen/Desktop/Deepseek_Baseline_Code02/F015.c|164|style|constVariablePointer|Variable 'keep' can be declared as pointer to const,/home/yichen/Desktop/Deepseek_Baseline_Results02/logs/F015_cppcheck.log
/home/yichen/Desktop/Deepseek_Baseline_Code02/F015.c,cppcheck,True,success,True,0,10,168,style,constVariablePointer,Variable 'remove' can be declared as pointer to const,/home/yichen/Desktop/Deepseek_Baseline_Code02/F015.c|168|style|constVariablePointer|Variable 'remove' can be declared as pointer to const,/home/yichen/Desktop/Deepseek_Baseline_Results02/logs/F015_cppcheck.log
nofile,cppcheck,True,success,True,0,10,0,information,checkersReport,Active checkers: 113/592 (use --checkers-report=<filename> to see details),nofile|0|information|checkersReport|Active checkers: 113/592 (use --checkers-report=<filename> to see details),/home/yichen/Desktop/Deepseek_Baseline_Results02/logs/F015_cppcheck.log
/home/yichen/Desktop/Deepseek_Baseline_Code02/F016.c,cppcheck,True,success,True,0,11,2,information,missingIncludeSystem,Include file: <stdio.h> not found. Please note: Cppcheck does not need standard library headers to get proper results.,/home/yichen/Desktop/Deepseek_Baseline_Code02/F016.c|2|information|missingIncludeSystem|Include file: <stdio.h> not found. Please note: Cppcheck does not need standard library headers to get proper results.,/home/yichen/Desktop/Deepseek_Baseline_Results02/logs/F016_cppcheck.log
/home/yichen/Desktop/Deepseek_Baseline_Code02/F016.c,cppcheck,True,success,True,0,11,3,information,missingIncludeSystem,Include file: <stdlib.h> not found. Please note: Cppcheck does not need standard library headers to get proper results.,/home/yichen/Desktop/Deepseek_Baseline_Code02/F016.c|3|information|missingIncludeSystem|Include file: <stdlib.h> not found. Please note: Cppcheck does not need standard library headers to get proper results.,/home/yichen/Desktop/Deepseek_Baseline_Results02/logs/F016_cppcheck.log
/home/yichen/Desktop/Deepseek_Baseline_Code02/F016.c,cppcheck,True,success,True,0,11,4,information,missingIncludeSystem,Include file: <string.h> not found. Please note: Cppcheck does not need standard library headers to get proper results.,/home/yichen/Desktop/Deepseek_Baseline_Code02/F016.c|4|information|missingIncludeSystem|Include file: <string.h> not found. Please note: Cppcheck does not need standard library headers to get proper results.,/home/yichen/Desktop/Deepseek_Baseline_Results02/logs/F016_cppcheck.log
/home/yichen/Desktop/Deepseek_Baseline_Code02/F016.c,cppcheck,True,success,True,0,11,56,style,constVariablePointer,Variable 'c' can be declared as pointer to const,/home/yichen/Desktop/Deepseek_Baseline_Code02/F016.c|56|style|constVariablePointer|Variable 'c' can be declared as pointer to const,/home/yichen/Desktop/Deepseek_Baseline_Results02/logs/F016_cppcheck.log
/home/yichen/Desktop/Deepseek_Baseline_Code02/F016.c,cppcheck,True,success,True,0,11,77,style,constVariablePointer,Variable 'name' can be declared as pointer to const,/home/yichen/Desktop/Deepseek_Baseline_Code02/F016.c|77|style|constVariablePointer|Variable 'name' can be declared as pointer to const,/home/yichen/Desktop/Deepseek_Baseline_Results02/logs/F016_cppcheck.log
/home/yichen/Desktop/Deepseek_Baseline_Code02/F016.c,cppcheck,True,success,True,0,11,81,style,constVariablePointer,Variable 'email' can be declared as pointer to const,/home/yichen/Desktop/Deepseek_Baseline_Code02/F016.c|81|style|constVariablePointer|Variable 'email' can be declared as pointer to const,/home/yichen/Desktop/Deepseek_Baseline_Results02/logs/F016_cppcheck.log
/home/yichen/Desktop/Deepseek_Baseline_Code02/F016.c,cppcheck,True,success,True,0,11,85,style,constVariablePointer,Variable 'phone' can be declared as pointer to const,/home/yichen/Desktop/Deepseek_Baseline_Code02/F016.c|85|style|constVariablePointer|Variable 'phone' can be declared as pointer to const,/home/yichen/Desktop/Deepseek_Baseline_Results02/logs/F016_cppcheck.log
/home/yichen/Desktop/Deepseek_Baseline_Code02/F016.c,cppcheck,True,success,True,0,11,119,style,constVariablePointer,Variable 'name' can be declared as pointer to const,/home/yichen/Desktop/Deepseek_Baseline_Code02/F016.c|119|style|constVariablePointer|Variable 'name' can be declared as pointer to const,/home/yichen/Desktop/Deepseek_Baseline_Results02/logs/F016_cppcheck.log
/home/yichen/Desktop/Deepseek_Baseline_Code02/F016.c,cppcheck,True,success,True,0,11,122,style,constVariablePointer,Variable 'email' can be declared as pointer to const,/home/yichen/Desktop/Deepseek_Baseline_Code02/F016.c|122|style|constVariablePointer|Variable 'email' can be declared as pointer to const,/home/yichen/Desktop/Deepseek_Baseline_Results02/logs/F016_cppcheck.log
/home/yichen/Desktop/Deepseek_Baseline_Code02/F016.c,cppcheck,True,success,True,0,11,125,style,constVariablePointer,Variable 'phone' can be declared as pointer to const,/home/yichen/Desktop/Deepseek_Baseline_Code02/F016.c|125|style|constVariablePointer|Variable 'phone' can be declared as pointer to const,/home/yichen/Desktop/Deepseek_Baseline_Results02/logs/F016_cppcheck.log
nofile,cppcheck,True,success,True,0,11,0,information,checkersReport,Active checkers: 113/592 (use --checkers-report=<filename> to see details),nofile|0|information|checkersReport|Active checkers: 113/592 (use --checkers-report=<filename> to see details),/home/yichen/Desktop/Deepseek_Baseline_Results02/logs/F016_cppcheck.log
/home/yichen/Desktop/Deepseek_Baseline_Code02/F017.c,cppcheck,True,success,True,0,8,2,information,missingIncludeSystem,Include file: <stdio.h> not found. Please note: Cppcheck does not need standard library headers to get proper results.,/home/yichen/Desktop/Deepseek_Baseline_Code02/F017.c|2|information|missingIncludeSystem|Include file: <stdio.h> not found. Please note: Cppcheck does not need standard library headers to get proper results.,/home/yichen/Desktop/Deepseek_Baseline_Results02/logs/F017_cppcheck.log
/home/yichen/Desktop/Deepseek_Baseline_Code02/F017.c,cppcheck,True,success,True,0,8,3,information,missingIncludeSystem,Include file: <stdlib.h> not found. Please note: Cppcheck does not need standard library headers to get proper results.,/home/yichen/Desktop/Deepseek_Baseline_Code02/F017.c|3|information|missingIncludeSystem|Include file: <stdlib.h> not found. Please note: Cppcheck does not need standard library headers to get proper results.,/home/yichen/Desktop/Deepseek_Baseline_Results02/logs/F017_cppcheck.log
/home/yichen/Desktop/Deepseek_Baseline_Code02/F017.c,cppcheck,True,success,True,0,8,4,information,missingIncludeSystem,Include file: <string.h> not found. Please note: Cppcheck does not need standard library headers to get proper results.,/home/yichen/Desktop/Deepseek_Baseline_Code02/F017.c|4|information|missingIncludeSystem|Include file: <string.h> not found. Please note: Cppcheck does not need standard library headers to get proper results.,/home/yichen/Desktop/Deepseek_Baseline_Results02/logs/F017_cppcheck.log
/home/yichen/Desktop/Deepseek_Baseline_Code02/F017.c,cppcheck,True,success,True,0,8,58,style,constVariablePointer,Variable 'c' can be declared as pointer to const,/home/yichen/Desktop/Deepseek_Baseline_Code02/F017.c|58|style|constVariablePointer|Variable 'c' can be declared as pointer to const,/home/yichen/Desktop/Deepseek_Baseline_Results02/logs/F017_cppcheck.log
/home/yichen/Desktop/Deepseek_Baseline_Code02/F017.c,cppcheck,True,success,True,0,8,80,style,constVariablePointer,Variable 'key' can be declared as pointer to const,/home/yichen/Desktop/Deepseek_Baseline_Code02/F017.c|80|style|constVariablePointer|Variable 'key' can be declared as pointer to const,/home/yichen/Desktop/Deepseek_Baseline_Results02/logs/F017_cppcheck.log
/home/yichen/Desktop/Deepseek_Baseline_Code02/F017.c,cppcheck,True,success,True,0,8,81,style,constVariablePointer,Variable 'value' can be declared as pointer to const,/home/yichen/Desktop/Deepseek_Baseline_Code02/F017.c|81|style|constVariablePointer|Variable 'value' can be declared as pointer to const,/home/yichen/Desktop/Deepseek_Baseline_Results02/logs/F017_cppcheck.log
/home/yichen/Desktop/Deepseek_Baseline_Code02/F017.c,cppcheck,True,success,True,0,8,113,style,constVariablePointer,Variable 'key' can be declared as pointer to const,/home/yichen/Desktop/Deepseek_Baseline_Code02/F017.c|113|style|constVariablePointer|Variable 'key' can be declared as pointer to const,/home/yichen/Desktop/Deepseek_Baseline_Results02/logs/F017_cppcheck.log
nofile,cppcheck,True,success,True,0,8,0,information,checkersReport,Active checkers: 113/592 (use --checkers-report=<filename> to see details),nofile|0|information|checkersReport|Active checkers: 113/592 (use --checkers-report=<filename> to see details),/home/yichen/Desktop/Deepseek_Baseline_Results02/logs/F017_cppcheck.log
/home/yichen/Desktop/Deepseek_Baseline_Code02/F018.c,cppcheck,True,success,True,0,7,2,information,missingIncludeSystem,Include file: <stdio.h> not found. Please note: Cppcheck does not need standard library headers to get proper results.,/home/yichen/Desktop/Deepseek_Baseline_Code02/F018.c|2|information|missingIncludeSystem|Include file: <stdio.h> not found. Please note: Cppcheck does not need standard library headers to get proper results.,/home/yichen/Desktop/Deepseek_Baseline_Results02/logs/F018_cppcheck.log
/home/yichen/Desktop/Deepseek_Baseline_Code02/F018.c,cppcheck,True,success,True,0,7,3,information,missingIncludeSystem,Include file: <stdlib.h> not found. Please note: Cppcheck does not need standard library headers to get proper results.,/home/yichen/Desktop/Deepseek_Baseline_Code02/F018.c|3|information|missingIncludeSystem|Include file: <stdlib.h> not found. Please note: Cppcheck does not need standard library headers to get proper results.,/home/yichen/Desktop/Deepseek_Baseline_Results02/logs/F018_cppcheck.log
/home/yichen/Desktop/Deepseek_Baseline_Code02/F018.c,cppcheck,True,success,True,0,7,4,information,missingIncludeSystem,Include file: <string.h> not found. Please note: Cppcheck does not need standard library headers to get proper results.,/home/yichen/Desktop/Deepseek_Baseline_Code02/F018.c|4|information|missingIncludeSystem|Include file: <string.h> not found. Please note: Cppcheck does not need standard library headers to get proper results.,/home/yichen/Desktop/Deepseek_Baseline_Results02/logs/F018_cppcheck.log
/home/yichen/Desktop/Deepseek_Baseline_Code02/F018.c,cppcheck,True,success,True,0,7,54,style,constVariablePointer,Variable 'w' can be declared as pointer to const,/home/yichen/Desktop/Deepseek_Baseline_Code02/F018.c|54|style|constVariablePointer|Variable 'w' can be declared as pointer to const,/home/yichen/Desktop/Deepseek_Baseline_Results02/logs/F018_cppcheck.log
/home/yichen/Desktop/Deepseek_Baseline_Code02/F018.c,cppcheck,True,success,True,0,7,59,style,constVariablePointer,Variable 'wa' can be declared as pointer to const,/home/yichen/Desktop/Deepseek_Baseline_Code02/F018.c|59|style|constVariablePointer|Variable 'wa' can be declared as pointer to const,/home/yichen/Desktop/Deepseek_Baseline_Results02/logs/F018_cppcheck.log
/home/yichen/Desktop/Deepseek_Baseline_Code02/F018.c,cppcheck,True,success,True,0,7,60,style,constVariablePointer,Variable 'wb' can be declared as pointer to const,/home/yichen/Desktop/Deepseek_Baseline_Code02/F018.c|60|style|constVariablePointer|Variable 'wb' can be declared as pointer to const,/home/yichen/Desktop/Deepseek_Baseline_Results02/logs/F018_cppcheck.log
nofile,cppcheck,True,success,True,0,7,0,information,checkersReport,Active checkers: 113/592 (use --checkers-report=<filename> to see details),nofile|0|information|checkersReport|Active checkers: 113/592 (use --checkers-report=<filename> to see details),/home/yichen/Desktop/Deepseek_Baseline_Results02/logs/F018_cppcheck.log
/home/yichen/Desktop/Deepseek_Baseline_Code02/F019.c,cppcheck,True,success,True,0,8,2,information,missingIncludeSystem,Include file: <stdio.h> not found. Please note: Cppcheck does not need standard library headers to get proper results.,/home/yichen/Desktop/Deepseek_Baseline_Code02/F019.c|2|information|missingIncludeSystem|Include file: <stdio.h> not found. Please note: Cppcheck does not need standard library headers to get proper results.,/home/yichen/Desktop/Deepseek_Baseline_Results02/logs/F019_cppcheck.log
/home/yichen/Desktop/Deepseek_Baseline_Code02/F019.c,cppcheck,True,success,True,0,8,3,information,missingIncludeSystem,Include file: <stdlib.h> not found. Please note: Cppcheck does not need standard library headers to get proper results.,/home/yichen/Desktop/Deepseek_Baseline_Code02/F019.c|3|information|missingIncludeSystem|Include file: <stdlib.h> not found. Please note: Cppcheck does not need standard library headers to get proper results.,/home/yichen/Desktop/Deepseek_Baseline_Results02/logs/F019_cppcheck.log
/home/yichen/Desktop/Deepseek_Baseline_Code02/F019.c,cppcheck,True,success,True,0,8,4,information,missingIncludeSystem,Include file: <string.h> not found. Please note: Cppcheck does not need standard library headers to get proper results.,/home/yichen/Desktop/Deepseek_Baseline_Code02/F019.c|4|information|missingIncludeSystem|Include file: <string.h> not found. Please note: Cppcheck does not need standard library headers to get proper results.,/home/yichen/Desktop/Deepseek_Baseline_Results02/logs/F019_cppcheck.log
/home/yichen/Desktop/Deepseek_Baseline_Code02/F019.c,cppcheck,True,success,True,0,8,5,information,missingIncludeSystem,Include file: <ctype.h> not found. Please note: Cppcheck does not need standard library headers to get proper results.,/home/yichen/Desktop/Deepseek_Baseline_Code02/F019.c|5|information|missingIncludeSystem|Include file: <ctype.h> not found. Please note: Cppcheck does not need standard library headers to get proper results.,/home/yichen/Desktop/Deepseek_Baseline_Results02/logs/F019_cppcheck.log
/home/yichen/Desktop/Deepseek_Baseline_Code02/F019.c,cppcheck,True,success,True,0,8,109,style,constVariablePointer,Variable 'account' can be declared as pointer to const,/home/yichen/Desktop/Deepseek_Baseline_Code02/F019.c|109|style|constVariablePointer|Variable 'account' can be declared as pointer to const,/home/yichen/Desktop/Deepseek_Baseline_Results02/logs/F019_cppcheck.log
/home/yichen/Desktop/Deepseek_Baseline_Code02/F019.c,cppcheck,True,success,True,0,8,121,style,constVariablePointer,Variable 'account' can be declared as pointer to const,/home/yichen/Desktop/Deepseek_Baseline_Code02/F019.c|121|style|constVariablePointer|Variable 'account' can be declared as pointer to const,/home/yichen/Desktop/Deepseek_Baseline_Results02/logs/F019_cppcheck.log
/home/yichen/Desktop/Deepseek_Baseline_Code02/F019.c,cppcheck,True,success,True,0,8,65,style,unusedVariable,Unused variable: memo,/home/yichen/Desktop/Deepseek_Baseline_Code02/F019.c|65|style|unusedVariable|Unused variable: memo,/home/yichen/Desktop/Deepseek_Baseline_Results02/logs/F019_cppcheck.log
nofile,cppcheck,True,success,True,0,8,0,information,checkersReport,Active checkers: 113/592 (use --checkers-report=<filename> to see details),nofile|0|information|checkersReport|Active checkers: 113/592 (use --checkers-report=<filename> to see details),/home/yichen/Desktop/Deepseek_Baseline_Results02/logs/F019_cppcheck.log
/home/yichen/Desktop/Deepseek_Baseline_Code02/F020.c,cppcheck,True,success,True,0,5,2,information,missingIncludeSystem,Include file: <stdio.h> not found. Please note: Cppcheck does not need standard library headers to get proper results.,/home/yichen/Desktop/Deepseek_Baseline_Code02/F020.c|2|information|missingIncludeSystem|Include file: <stdio.h> not found. Please note: Cppcheck does not need standard library headers to get proper results.,/home/yichen/Desktop/Deepseek_Baseline_Results02/logs/F020_cppcheck.log
/home/yichen/Desktop/Deepseek_Baseline_Code02/F020.c,cppcheck,True,success,True,0,5,3,information,missingIncludeSystem,Include file: <stdlib.h> not found. Please note: Cppcheck does not need standard library headers to get proper results.,/home/yichen/Desktop/Deepseek_Baseline_Code02/F020.c|3|information|missingIncludeSystem|Include file: <stdlib.h> not found. Please note: Cppcheck does not need standard library headers to get proper results.,/home/yichen/Desktop/Deepseek_Baseline_Results02/logs/F020_cppcheck.log
/home/yichen/Desktop/Deepseek_Baseline_Code02/F020.c,cppcheck,True,success,True,0,5,4,information,missingIncludeSystem,Include file: <string.h> not found. Please note: Cppcheck does not need standard library headers to get proper results.,/home/yichen/Desktop/Deepseek_Baseline_Code02/F020.c|4|information|missingIncludeSystem|Include file: <string.h> not found. Please note: Cppcheck does not need standard library headers to get proper results.,/home/yichen/Desktop/Deepseek_Baseline_Results02/logs/F020_cppcheck.log
/home/yichen/Desktop/Deepseek_Baseline_Code02/F020.c,cppcheck,True,success,True,0,5,52,style,constVariablePointer,Variable 'r' can be declared as pointer to const,/home/yichen/Desktop/Deepseek_Baseline_Code02/F020.c|52|style|constVariablePointer|Variable 'r' can be declared as pointer to const,/home/yichen/Desktop/Deepseek_Baseline_Results02/logs/F020_cppcheck.log
nofile,cppcheck,True,success,True,0,5,0,information,checkersReport,Active checkers: 113/592 (use --checkers-report=<filename> to see details),nofile|0|information|checkersReport|Active checkers: 113/592 (use --checkers-report=<filename> to see details),/home/yichen/Desktop/Deepseek_Baseline_Results02/logs/F020_cppcheck.log
/home/yichen/Desktop/Deepseek_Baseline_Code02/F021.c,cppcheck,True,success,True,0,7,2,information,missingIncludeSystem,Include file: <stdio.h> not found. Please note: Cppcheck does not need standard library headers to get proper results.,/home/yichen/Desktop/Deepseek_Baseline_Code02/F021.c|2|information|missingIncludeSystem|Include file: <stdio.h> not found. Please note: Cppcheck does not need standard library headers to get proper results.,/home/yichen/Desktop/Deepseek_Baseline_Results02/logs/F021_cppcheck.log
/home/yichen/Desktop/Deepseek_Baseline_Code02/F021.c,cppcheck,True,success,True,0,7,3,information,missingIncludeSystem,Include file: <stdlib.h> not found. Please note: Cppcheck does not need standard library headers to get proper results.,/home/yichen/Desktop/Deepseek_Baseline_Code02/F021.c|3|information|missingIncludeSystem|Include file: <stdlib.h> not found. Please note: Cppcheck does not need standard library headers to get proper results.,/home/yichen/Desktop/Deepseek_Baseline_Results02/logs/F021_cppcheck.log
/home/yichen/Desktop/Deepseek_Baseline_Code02/F021.c,cppcheck,True,success,True,0,7,4,information,missingIncludeSystem,Include file: <string.h> not found. Please note: Cppcheck does not need standard library headers to get proper results.,/home/yichen/Desktop/Deepseek_Baseline_Code02/F021.c|4|information|missingIncludeSystem|Include file: <string.h> not found. Please note: Cppcheck does not need standard library headers to get proper results.,/home/yichen/Desktop/Deepseek_Baseline_Results02/logs/F021_cppcheck.log
/home/yichen/Desktop/Deepseek_Baseline_Code02/F021.c,cppcheck,True,success,True,0,7,158,style,constVariablePointer,Variable 'recipe' can be declared as pointer to const,/home/yichen/Desktop/Deepseek_Baseline_Code02/F021.c|158|style|constVariablePointer|Variable 'recipe' can be declared as pointer to const,/home/yichen/Desktop/Deepseek_Baseline_Results02/logs/F021_cppcheck.log
/home/yichen/Desktop/Deepseek_Baseline_Code02/F021.c,cppcheck,True,success,True,0,7,162,style,constVariablePointer,Variable 'ing' can be declared as pointer to const,/home/yichen/Desktop/Deepseek_Baseline_Code02/F021.c|162|style|constVariablePointer|Variable 'ing' can be declared as pointer to const,/home/yichen/Desktop/Deepseek_Baseline_Results02/logs/F021_cppcheck.log
/home/yichen/Desktop/Deepseek_Baseline_Code02/F021.c,cppcheck,True,success,True,0,7,170,style,constVariablePointer,Variable 'recipe' can be declared as pointer to const,/home/yichen/Desktop/Deepseek_Baseline_Code02/F021.c|170|style|constVariablePointer|Variable 'recipe' can be declared as pointer to const,/home/yichen/Desktop/Deepseek_Baseline_Results02/logs/F021_cppcheck.log
nofile,cppcheck,True,success,True,0,7,0,information,checkersReport,Active checkers: 113/592 (use --checkers-report=<filename> to see details),nofile|0|information|checkersReport|Active checkers: 113/592 (use --checkers-report=<filename> to see details),/home/yichen/Desktop/Deepseek_Baseline_Results02/logs/F021_cppcheck.log
/home/yichen/Desktop/Deepseek_Baseline_Code02/F022.c,cppcheck,True,success,True,0,9,2,information,missingIncludeSystem,Include file: <stdio.h> not found. Please note: Cppcheck does not need standard library headers to get proper results.,/home/yichen/Desktop/Deepseek_Baseline_Code02/F022.c|2|information|missingIncludeSystem|Include file: <stdio.h> not found. Please note: Cppcheck does not need standard library headers to get proper results.,/home/yichen/Desktop/Deepseek_Baseline_Results02/logs/F022_cppcheck.log
/home/yichen/Desktop/Deepseek_Baseline_Code02/F022.c,cppcheck,True,success,True,0,9,3,information,missingIncludeSystem,Include file: <stdlib.h> not found. Please note: Cppcheck does not need standard library headers to get proper results.,/home/yichen/Desktop/Deepseek_Baseline_Code02/F022.c|3|information|missingIncludeSystem|Include file: <stdlib.h> not found. Please note: Cppcheck does not need standard library headers to get proper results.,/home/yichen/Desktop/Deepseek_Baseline_Results02/logs/F022_cppcheck.log
/home/yichen/Desktop/Deepseek_Baseline_Code02/F022.c,cppcheck,True,success,True,0,9,4,information,missingIncludeSystem,Include file: <string.h> not found. Please note: Cppcheck does not need standard library headers to get proper results.,/home/yichen/Desktop/Deepseek_Baseline_Code02/F022.c|4|information|missingIncludeSystem|Include file: <string.h> not found. Please note: Cppcheck does not need standard library headers to get proper results.,/home/yichen/Desktop/Deepseek_Baseline_Results02/logs/F022_cppcheck.log
/home/yichen/Desktop/Deepseek_Baseline_Code02/F022.c,cppcheck,True,success,True,0,9,162,style,constVariablePointer,Variable 'proj' can be declared as pointer to const,/home/yichen/Desktop/Deepseek_Baseline_Code02/F022.c|162|style|constVariablePointer|Variable 'proj' can be declared as pointer to const,/home/yichen/Desktop/Deepseek_Baseline_Results02/logs/F022_cppcheck.log
/home/yichen/Desktop/Deepseek_Baseline_Code02/F022.c,cppcheck,True,success,True,0,9,166,style,constVariablePointer,Variable 'title' can be declared as pointer to const,/home/yichen/Desktop/Deepseek_Baseline_Code02/F022.c|166|style|constVariablePointer|Variable 'title' can be declared as pointer to const,/home/yichen/Desktop/Deepseek_Baseline_Results02/logs/F022_cppcheck.log
/home/yichen/Desktop/Deepseek_Baseline_Code02/F022.c,cppcheck,True,success,True,0,9,174,style,constVariablePointer,Variable 'from' can be declared as pointer to const,/home/yichen/Desktop/Deepseek_Baseline_Code02/F022.c|174|style|constVariablePointer|Variable 'from' can be declared as pointer to const,/home/yichen/Desktop/Deepseek_Baseline_Results02/logs/F022_cppcheck.log
/home/yichen/Desktop/Deepseek_Baseline_Code02/F022.c,cppcheck,True,success,True,0,9,178,style,constVariablePointer,Variable 'to' can be declared as pointer to const,/home/yichen/Desktop/Deepseek_Baseline_Code02/F022.c|178|style|constVariablePointer|Variable 'to' can be declared as pointer to const,/home/yichen/Desktop/Deepseek_Baseline_Results02/logs/F022_cppcheck.log
/home/yichen/Desktop/Deepseek_Baseline_Code02/F022.c,cppcheck,True,success,True,0,9,186,style,constVariablePointer,Variable 'proj' can be declared as pointer to const,/home/yichen/Desktop/Deepseek_Baseline_Code02/F022.c|186|style|constVariablePointer|Variable 'proj' can be declared as pointer to const,/home/yichen/Desktop/Deepseek_Baseline_Results02/logs/F022_cppcheck.log
nofile,cppcheck,True,success,True,0,9,0,information,checkersReport,Active checkers: 113/592 (use --checkers-report=<filename> to see details),nofile|0|information|checkersReport|Active checkers: 113/592 (use --checkers-report=<filename> to see details),/home/yichen/Desktop/Deepseek_Baseline_Results02/logs/F022_cppcheck.log
/home/yichen/Desktop/Deepseek_Baseline_Code02/F023.c,cppcheck,True,success,True,0,8,2,information,missingIncludeSystem,Include file: <stdio.h> not found. Please note: Cppcheck does not need standard library headers to get proper results.,/home/yichen/Desktop/Deepseek_Baseline_Code02/F023.c|2|information|missingIncludeSystem|Include file: <stdio.h> not found. Please note: Cppcheck does not need standard library headers to get proper results.,/home/yichen/Desktop/Deepseek_Baseline_Results02/logs/F023_cppcheck.log
/home/yichen/Desktop/Deepseek_Baseline_Code02/F023.c,cppcheck,True,success,True,0,8,3,information,missingIncludeSystem,Include file: <stdlib.h> not found. Please note: Cppcheck does not need standard library headers to get proper results.,/home/yichen/Desktop/Deepseek_Baseline_Code02/F023.c|3|information|missingIncludeSystem|Include file: <stdlib.h> not found. Please note: Cppcheck does not need standard library headers to get proper results.,/home/yichen/Desktop/Deepseek_Baseline_Results02/logs/F023_cppcheck.log
/home/yichen/Desktop/Deepseek_Baseline_Code02/F023.c,cppcheck,True,success,True,0,8,4,information,missingIncludeSystem,Include file: <string.h> not found. Please note: Cppcheck does not need standard library headers to get proper results.,/home/yichen/Desktop/Deepseek_Baseline_Code02/F023.c|4|information|missingIncludeSystem|Include file: <string.h> not found. Please note: Cppcheck does not need standard library headers to get proper results.,/home/yichen/Desktop/Deepseek_Baseline_Results02/logs/F023_cppcheck.log
/home/yichen/Desktop/Deepseek_Baseline_Code02/F023.c,cppcheck,True,success,True,0,8,168,style,constVariablePointer,Variable 'sender' can be declared as pointer to const,/home/yichen/Desktop/Deepseek_Baseline_Code02/F023.c|168|style|constVariablePointer|Variable 'sender' can be declared as pointer to const,/home/yichen/Desktop/Deepseek_Baseline_Results02/logs/F023_cppcheck.log
/home/yichen/Desktop/Deepseek_Baseline_Code02/F023.c,cppcheck,True,success,True,0,8,172,style,constVariablePointer,Variable 'subject' can be declared as pointer to const,/home/yichen/Desktop/Deepseek_Baseline_Code02/F023.c|172|style|constVariablePointer|Variable 'subject' can be declared as pointer to const,/home/yichen/Desktop/Deepseek_Baseline_Results02/logs/F023_cppcheck.log
/home/yichen/Desktop/Deepseek_Baseline_Code02/F023.c,cppcheck,True,success,True,0,8,180,style,constVariablePointer,Variable 'subject' can be declared as pointer to const,/home/yichen/Desktop/Deepseek_Baseline_Code02/F023.c|180|style|constVariablePointer|Variable 'subject' can be declared as pointer to const,/home/yichen/Desktop/Deepseek_Baseline_Results02/logs/F023_cppcheck.log
/home/yichen/Desktop/Deepseek_Baseline_Code02/F023.c,cppcheck,True,success,True,0,8,188,style,constVariablePointer,Variable 'subject' can be declared as pointer to const,/home/yichen/Desktop/Deepseek_Baseline_Code02/F023.c|188|style|constVariablePointer|Variable 'subject' can be declared as pointer to const,/home/yichen/Desktop/Deepseek_Baseline_Results02/logs/F023_cppcheck.log
nofile,cppcheck,True,success,True,0,8,0,information,checkersReport,Active checkers: 113/592 (use --checkers-report=<filename> to see details),nofile|0|information|checkersReport|Active checkers: 113/592 (use --checkers-report=<filename> to see details),/home/yichen/Desktop/Deepseek_Baseline_Results02/logs/F023_cppcheck.log
/home/yichen/Desktop/Deepseek_Baseline_Code02/F024.c,cppcheck,True,success,True,0,7,2,information,missingIncludeSystem,Include file: <stdio.h> not found. Please note: Cppcheck does not need standard library headers to get proper results.,/home/yichen/Desktop/Deepseek_Baseline_Code02/F024.c|2|information|missingIncludeSystem|Include file: <stdio.h> not found. Please note: Cppcheck does not need standard library headers to get proper results.,/home/yichen/Desktop/Deepseek_Baseline_Results02/logs/F024_cppcheck.log
/home/yichen/Desktop/Deepseek_Baseline_Code02/F024.c,cppcheck,True,success,True,0,7,3,information,missingIncludeSystem,Include file: <stdlib.h> not found. Please note: Cppcheck does not need standard library headers to get proper results.,/home/yichen/Desktop/Deepseek_Baseline_Code02/F024.c|3|information|missingIncludeSystem|Include file: <stdlib.h> not found. Please note: Cppcheck does not need standard library headers to get proper results.,/home/yichen/Desktop/Deepseek_Baseline_Results02/logs/F024_cppcheck.log
/home/yichen/Desktop/Deepseek_Baseline_Code02/F024.c,cppcheck,True,success,True,0,7,4,information,missingIncludeSystem,Include file: <string.h> not found. Please note: Cppcheck does not need standard library headers to get proper results.,/home/yichen/Desktop/Deepseek_Baseline_Code02/F024.c|4|information|missingIncludeSystem|Include file: <string.h> not found. Please note: Cppcheck does not need standard library headers to get proper results.,/home/yichen/Desktop/Deepseek_Baseline_Results02/logs/F024_cppcheck.log
/home/yichen/Desktop/Deepseek_Baseline_Code02/F024.c,cppcheck,True,success,True,0,7,145,style,constVariablePointer,Variable 'title' can be declared as pointer to const,/home/yichen/Desktop/Deepseek_Baseline_Code02/F024.c|145|style|constVariablePointer|Variable 'title' can be declared as pointer to const,/home/yichen/Desktop/Deepseek_Baseline_Results02/logs/F024_cppcheck.log
/home/yichen/Desktop/Deepseek_Baseline_Code02/F024.c,cppcheck,True,success,True,0,7,154,style,constVariablePointer,Variable 'title' can be declared as pointer to const,/home/yichen/Desktop/Deepseek_Baseline_Code02/F024.c|154|style|constVariablePointer|Variable 'title' can be declared as pointer to const,/home/yichen/Desktop/Deepseek_Baseline_Results02/logs/F024_cppcheck.log
/home/yichen/Desktop/Deepseek_Baseline_Code02/F024.c,cppcheck,True,success,True,0,7,162,style,constVariablePointer,Variable 'title' can be declared as pointer to const,/home/yichen/Desktop/Deepseek_Baseline_Code02/F024.c|162|style|constVariablePointer|Variable 'title' can be declared as pointer to const,/home/yichen/Desktop/Deepseek_Baseline_Results02/logs/F024_cppcheck.log
nofile,cppcheck,True,success,True,0,7,0,information,checkersReport,Active checkers: 113/592 (use --checkers-report=<filename> to see details),nofile|0|information|checkersReport|Active checkers: 113/592 (use --checkers-report=<filename> to see details),/home/yichen/Desktop/Deepseek_Baseline_Results02/logs/F024_cppcheck.log
/home/yichen/Desktop/Deepseek_Baseline_Code02/F025.c,cppcheck,True,success,True,0,9,2,information,missingIncludeSystem,Include file: <stdio.h> not found. Please note: Cppcheck does not need standard library headers to get proper results.,/home/yichen/Desktop/Deepseek_Baseline_Code02/F025.c|2|information|missingIncludeSystem|Include file: <stdio.h> not found. Please note: Cppcheck does not need standard library headers to get proper results.,/home/yichen/Desktop/Deepseek_Baseline_Results02/logs/F025_cppcheck.log
/home/yichen/Desktop/Deepseek_Baseline_Code02/F025.c,cppcheck,True,success,True,0,9,3,information,missingIncludeSystem,Include file: <stdlib.h> not found. Please note: Cppcheck does not need standard library headers to get proper results.,/home/yichen/Desktop/Deepseek_Baseline_Code02/F025.c|3|information|missingIncludeSystem|Include file: <stdlib.h> not found. Please note: Cppcheck does not need standard library headers to get proper results.,/home/yichen/Desktop/Deepseek_Baseline_Results02/logs/F025_cppcheck.log
/home/yichen/Desktop/Deepseek_Baseline_Code02/F025.c,cppcheck,True,success,True,0,9,4,information,missingIncludeSystem,Include file: <string.h> not found. Please note: Cppcheck does not need standard library headers to get proper results.,/home/yichen/Desktop/Deepseek_Baseline_Code02/F025.c|4|information|missingIncludeSystem|Include file: <string.h> not found. Please note: Cppcheck does not need standard library headers to get proper results.,/home/yichen/Desktop/Deepseek_Baseline_Results02/logs/F025_cppcheck.log
/home/yichen/Desktop/Deepseek_Baseline_Code02/F025.c,cppcheck,True,success,True,0,9,172,style,constVariablePointer,Variable 'class_name' can be declared as pointer to const,/home/yichen/Desktop/Deepseek_Baseline_Code02/F025.c|172|style|constVariablePointer|Variable 'class_name' can be declared as pointer to const,/home/yichen/Desktop/Deepseek_Baseline_Results02/logs/F025_cppcheck.log
/home/yichen/Desktop/Deepseek_Baseline_Code02/F025.c,cppcheck,True,success,True,0,9,176,style,constVariablePointer,Variable 'student' can be declared as pointer to const,/home/yichen/Desktop/Deepseek_Baseline_Code02/F025.c|176|style|constVariablePointer|Variable 'student' can be declared as pointer to const,/home/yichen/Desktop/Deepseek_Baseline_Results02/logs/F025_cppcheck.log
/home/yichen/Desktop/Deepseek_Baseline_Code02/F025.c,cppcheck,True,success,True,0,9,184,style,constVariablePointer,Variable 'from' can be declared as pointer to const,/home/yichen/Desktop/Deepseek_Baseline_Code02/F025.c|184|style|constVariablePointer|Variable 'from' can be declared as pointer to const,/home/yichen/Desktop/Deepseek_Baseline_Results02/logs/F025_cppcheck.log
/home/yichen/Desktop/Deepseek_Baseline_Code02/F025.c,cppcheck,True,success,True,0,9,188,style,constVariablePointer,Variable 'to' can be declared as pointer to const,/home/yichen/Desktop/Deepseek_Baseline_Code02/F025.c|188|style|constVariablePointer|Variable 'to' can be declared as pointer to const,/home/yichen/Desktop/Deepseek_Baseline_Results02/logs/F025_cppcheck.log
/home/yichen/Desktop/Deepseek_Baseline_Code02/F025.c,cppcheck,True,success,True,0,9,196,style,constVariablePointer,Variable 'class_name' can be declared as pointer to const,/home/yichen/Desktop/Deepseek_Baseline_Code02/F025.c|196|style|constVariablePointer|Variable 'class_name' can be declared as pointer to const,/home/yichen/Desktop/Deepseek_Baseline_Results02/logs/F025_cppcheck.log
nofile,cppcheck,True,success,True,0,9,0,information,checkersReport,Active checkers: 113/592 (use --checkers-report=<filename> to see details),nofile|0|information|checkersReport|Active checkers: 113/592 (use --checkers-report=<filename> to see details),/home/yichen/Desktop/Deepseek_Baseline_Results02/logs/F025_cppcheck.log
/home/yichen/Desktop/Deepseek_Baseline_Code02/F026.c,cppcheck,True,success,True,0,5,2,information,missingIncludeSystem,Include file: <stdio.h> not found. Please note: Cppcheck does not need standard library headers to get proper results.,/home/yichen/Desktop/Deepseek_Baseline_Code02/F026.c|2|information|missingIncludeSystem|Include file: <stdio.h> not found. Please note: Cppcheck does not need standard library headers to get proper results.,/home/yichen/Desktop/Deepseek_Baseline_Results02/logs/F026_cppcheck.log
/home/yichen/Desktop/Deepseek_Baseline_Code02/F026.c,cppcheck,True,success,True,0,5,3,information,missingIncludeSystem,Include file: <stdlib.h> not found. Please note: Cppcheck does not need standard library headers to get proper results.,/home/yichen/Desktop/Deepseek_Baseline_Code02/F026.c|3|information|missingIncludeSystem|Include file: <stdlib.h> not found. Please note: Cppcheck does not need standard library headers to get proper results.,/home/yichen/Desktop/Deepseek_Baseline_Results02/logs/F026_cppcheck.log
/home/yichen/Desktop/Deepseek_Baseline_Code02/F026.c,cppcheck,True,success,True,0,5,4,information,missingIncludeSystem,Include file: <string.h> not found. Please note: Cppcheck does not need standard library headers to get proper results.,/home/yichen/Desktop/Deepseek_Baseline_Code02/F026.c|4|information|missingIncludeSystem|Include file: <string.h> not found. Please note: Cppcheck does not need standard library headers to get proper results.,/home/yichen/Desktop/Deepseek_Baseline_Results02/logs/F026_cppcheck.log
/home/yichen/Desktop/Deepseek_Baseline_Code02/F026.c,cppcheck,True,success,True,0,5,108,style,constVariablePointer,Variable 'cat' can be declared as pointer to const,/home/yichen/Desktop/Deepseek_Baseline_Code02/F026.c|108|style|constVariablePointer|Variable 'cat' can be declared as pointer to const,/home/yichen/Desktop/Deepseek_Baseline_Results02/logs/F026_cppcheck.log
nofile,cppcheck,True,success,True,0,5,0,information,checkersReport,Active checkers: 113/592 (use --checkers-report=<filename> to see details),nofile|0|information|checkersReport|Active checkers: 113/592 (use --checkers-report=<filename> to see details),/home/yichen/Desktop/Deepseek_Baseline_Results02/logs/F026_cppcheck.log
/home/yichen/Desktop/Deepseek_Baseline_Code02/F027.c,cppcheck,True,success,True,0,8,2,information,missingIncludeSystem,Include file: <stdio.h> not found. Please note: Cppcheck does not need standard library headers to get proper results.,/home/yichen/Desktop/Deepseek_Baseline_Code02/F027.c|2|information|missingIncludeSystem|Include file: <stdio.h> not found. Please note: Cppcheck does not need standard library headers to get proper results.,/home/yichen/Desktop/Deepseek_Baseline_Results02/logs/F027_cppcheck.log
/home/yichen/Desktop/Deepseek_Baseline_Code02/F027.c,cppcheck,True,success,True,0,8,3,information,missingIncludeSystem,Include file: <stdlib.h> not found. Please note: Cppcheck does not need standard library headers to get proper results.,/home/yichen/Desktop/Deepseek_Baseline_Code02/F027.c|3|information|missingIncludeSystem|Include file: <stdlib.h> not found. Please note: Cppcheck does not need standard library headers to get proper results.,/home/yichen/Desktop/Deepseek_Baseline_Results02/logs/F027_cppcheck.log
/home/yichen/Desktop/Deepseek_Baseline_Code02/F027.c,cppcheck,True,success,True,0,8,4,information,missingIncludeSystem,Include file: <string.h> not found. Please note: Cppcheck does not need standard library headers to get proper results.,/home/yichen/Desktop/Deepseek_Baseline_Code02/F027.c|4|information|missingIncludeSystem|Include file: <string.h> not found. Please note: Cppcheck does not need standard library headers to get proper results.,/home/yichen/Desktop/Deepseek_Baseline_Results02/logs/F027_cppcheck.log
/home/yichen/Desktop/Deepseek_Baseline_Code02/F027.c,cppcheck,True,success,True,0,8,64,style,constVariablePointer,Variable 'ra' can be declared as pointer to const,/home/yichen/Desktop/Deepseek_Baseline_Code02/F027.c|64|style|constVariablePointer|Variable 'ra' can be declared as pointer to const,/home/yichen/Desktop/Deepseek_Baseline_Results02/logs/F027_cppcheck.log
/home/yichen/Desktop/Deepseek_Baseline_Code02/F027.c,cppcheck,True,success,True,0,8,65,style,constVariablePointer,Variable 'rb' can be declared as pointer to const,/home/yichen/Desktop/Deepseek_Baseline_Code02/F027.c|65|style|constVariablePointer|Variable 'rb' can be declared as pointer to const,/home/yichen/Desktop/Deepseek_Baseline_Results02/logs/F027_cppcheck.log
/home/yichen/Desktop/Deepseek_Baseline_Code02/F027.c,cppcheck,True,success,True,0,8,127,style,constVariablePointer,Variable 'title' can be declared as pointer to const,/home/yichen/Desktop/Deepseek_Baseline_Code02/F027.c|127|style|constVariablePointer|Variable 'title' can be declared as pointer to const,/home/yichen/Desktop/Deepseek_Baseline_Results02/logs/F027_cppcheck.log
/home/yichen/Desktop/Deepseek_Baseline_Code02/F027.c,cppcheck,True,success,True,0,8,135,style,constVariablePointer,Variable 'title' can be declared as pointer to const,/home/yichen/Desktop/Deepseek_Baseline_Code02/F027.c|135|style|constVariablePointer|Variable 'title' can be declared as pointer to const,/home/yichen/Desktop/Deepseek_Baseline_Results02/logs/F027_cppcheck.log
nofile,cppcheck,True,success,True,0,8,0,information,checkersReport,Active checkers: 113/592 (use --checkers-report=<filename> to see details),nofile|0|information|checkersReport|Active checkers: 113/592 (use --checkers-report=<filename> to see details),/home/yichen/Desktop/Deepseek_Baseline_Results02/logs/F027_cppcheck.log
/home/yichen/Desktop/Deepseek_Baseline_Code02/F028.c,cppcheck,True,success,True,0,6,2,information,missingIncludeSystem,Include file: <stdio.h> not found. Please note: Cppcheck does not need standard library headers to get proper results.,/home/yichen/Desktop/Deepseek_Baseline_Code02/F028.c|2|information|missingIncludeSystem|Include file: <stdio.h> not found. Please note: Cppcheck does not need standard library headers to get proper results.,/home/yichen/Desktop/Deepseek_Baseline_Results02/logs/F028_cppcheck.log
/home/yichen/Desktop/Deepseek_Baseline_Code02/F028.c,cppcheck,True,success,True,0,6,3,information,missingIncludeSystem,Include file: <stdlib.h> not found. Please note: Cppcheck does not need standard library headers to get proper results.,/home/yichen/Desktop/Deepseek_Baseline_Code02/F028.c|3|information|missingIncludeSystem|Include file: <stdlib.h> not found. Please note: Cppcheck does not need standard library headers to get proper results.,/home/yichen/Desktop/Deepseek_Baseline_Results02/logs/F028_cppcheck.log
/home/yichen/Desktop/Deepseek_Baseline_Code02/F028.c,cppcheck,True,success,True,0,6,4,information,missingIncludeSystem,Include file: <string.h> not found. Please note: Cppcheck does not need standard library headers to get proper results.,/home/yichen/Desktop/Deepseek_Baseline_Code02/F028.c|4|information|missingIncludeSystem|Include file: <string.h> not found. Please note: Cppcheck does not need standard library headers to get proper results.,/home/yichen/Desktop/Deepseek_Baseline_Results02/logs/F028_cppcheck.log
/home/yichen/Desktop/Deepseek_Baseline_Code02/F028.c,cppcheck,True,success,True,0,6,140,style,constVariablePointer,Variable 'stop' can be declared as pointer to const,/home/yichen/Desktop/Deepseek_Baseline_Code02/F028.c|140|style|constVariablePointer|Variable 'stop' can be declared as pointer to const,/home/yichen/Desktop/Deepseek_Baseline_Results02/logs/F028_cppcheck.log
/home/yichen/Desktop/Deepseek_Baseline_Code02/F028.c,cppcheck,True,success,True,0,6,152,style,constVariablePointer,Variable 'stop' can be declared as pointer to const,/home/yichen/Desktop/Deepseek_Baseline_Code02/F028.c|152|style|constVariablePointer|Variable 'stop' can be declared as pointer to const,/home/yichen/Desktop/Deepseek_Baseline_Results02/logs/F028_cppcheck.log
nofile,cppcheck,True,success,True,0,6,0,information,checkersReport,Active checkers: 113/592 (use --checkers-report=<filename> to see details),nofile|0|information|checkersReport|Active checkers: 113/592 (use --checkers-report=<filename> to see details),/home/yichen/Desktop/Deepseek_Baseline_Results02/logs/F028_cppcheck.log
/home/yichen/Desktop/Deepseek_Baseline_Code02/F029.c,cppcheck,True,success,True,0,5,2,information,missingIncludeSystem,Include file: <stdio.h> not found. Please note: Cppcheck does not need standard library headers to get proper results.,/home/yichen/Desktop/Deepseek_Baseline_Code02/F029.c|2|information|missingIncludeSystem|Include file: <stdio.h> not found. Please note: Cppcheck does not need standard library headers to get proper results.,/home/yichen/Desktop/Deepseek_Baseline_Results02/logs/F029_cppcheck.log
/home/yichen/Desktop/Deepseek_Baseline_Code02/F029.c,cppcheck,True,success,True,0,5,3,information,missingIncludeSystem,Include file: <stdlib.h> not found. Please note: Cppcheck does not need standard library headers to get proper results.,/home/yichen/Desktop/Deepseek_Baseline_Code02/F029.c|3|information|missingIncludeSystem|Include file: <stdlib.h> not found. Please note: Cppcheck does not need standard library headers to get proper results.,/home/yichen/Desktop/Deepseek_Baseline_Results02/logs/F029_cppcheck.log
/home/yichen/Desktop/Deepseek_Baseline_Code02/F029.c,cppcheck,True,success,True,0,5,4,information,missingIncludeSystem,Include file: <string.h> not found. Please note: Cppcheck does not need standard library headers to get proper results.,/home/yichen/Desktop/Deepseek_Baseline_Code02/F029.c|4|information|missingIncludeSystem|Include file: <string.h> not found. Please note: Cppcheck does not need standard library headers to get proper results.,/home/yichen/Desktop/Deepseek_Baseline_Results02/logs/F029_cppcheck.log
/home/yichen/Desktop/Deepseek_Baseline_Code02/F029.c,cppcheck,True,success,True,0,5,131,style,constVariablePointer,Variable 'key' can be declared as pointer to const,/home/yichen/Desktop/Deepseek_Baseline_Code02/F029.c|131|style|constVariablePointer|Variable 'key' can be declared as pointer to const,/home/yichen/Desktop/Deepseek_Baseline_Results02/logs/F029_cppcheck.log
nofile,cppcheck,True,success,True,0,5,0,information,checkersReport,Active checkers: 113/592 (use --checkers-report=<filename> to see details),nofile|0|information|checkersReport|Active checkers: 113/592 (use --checkers-report=<filename> to see details),/home/yichen/Desktop/Deepseek_Baseline_Results02/logs/F029_cppcheck.log
/home/yichen/Desktop/Deepseek_Baseline_Code02/F030.c,cppcheck,True,success,True,0,6,2,information,missingIncludeSystem,Include file: <stdio.h> not found. Please note: Cppcheck does not need standard library headers to get proper results.,/home/yichen/Desktop/Deepseek_Baseline_Code02/F030.c|2|information|missingIncludeSystem|Include file: <stdio.h> not found. Please note: Cppcheck does not need standard library headers to get proper results.,/home/yichen/Desktop/Deepseek_Baseline_Results02/logs/F030_cppcheck.log
/home/yichen/Desktop/Deepseek_Baseline_Code02/F030.c,cppcheck,True,success,True,0,6,3,information,missingIncludeSystem,Include file: <stdlib.h> not found. Please note: Cppcheck does not need standard library headers to get proper results.,/home/yichen/Desktop/Deepseek_Baseline_Code02/F030.c|3|information|missingIncludeSystem|Include file: <stdlib.h> not found. Please note: Cppcheck does not need standard library headers to get proper results.,/home/yichen/Desktop/Deepseek_Baseline_Results02/logs/F030_cppcheck.log
/home/yichen/Desktop/Deepseek_Baseline_Code02/F030.c,cppcheck,True,success,True,0,6,4,information,missingIncludeSystem,Include file: <string.h> not found. Please note: Cppcheck does not need standard library headers to get proper results.,/home/yichen/Desktop/Deepseek_Baseline_Code02/F030.c|4|information|missingIncludeSystem|Include file: <string.h> not found. Please note: Cppcheck does not need standard library headers to get proper results.,/home/yichen/Desktop/Deepseek_Baseline_Results02/logs/F030_cppcheck.log
/home/yichen/Desktop/Deepseek_Baseline_Code02/F030.c,cppcheck,True,success,True,0,6,39,style,constVariablePointer,Variable 'pos' can be declared as pointer to const,/home/yichen/Desktop/Deepseek_Baseline_Code02/F030.c|39|style|constVariablePointer|Variable 'pos' can be declared as pointer to const,/home/yichen/Desktop/Deepseek_Baseline_Results02/logs/F030_cppcheck.log
/home/yichen/Desktop/Deepseek_Baseline_Code02/F030.c,cppcheck,True,success,True,0,6,130,style,constVariablePointer,Variable 'old' can be declared as pointer to const,/home/yichen/Desktop/Deepseek_Baseline_Code02/F030.c|130|style|constVariablePointer|Variable 'old' can be declared as pointer to const,/home/yichen/Desktop/Deepseek_Baseline_Results02/logs/F030_cppcheck.log
nofile,cppcheck,True,success,True,0,6,0,information,checkersReport,Active checkers: 113/592 (use --checkers-report=<filename> to see details),nofile|0|information|checkersReport|Active checkers: 113/592 (use --checkers-report=<filename> to see details),/home/yichen/Desktop/Deepseek_Baseline_Results02/logs/F030_cppcheck.log
/home/yichen/Desktop/Deepseek_Baseline_Code02/F031.c,cppcheck,True,success,True,0,5,2,information,missingIncludeSystem,Include file: <stdio.h> not found. Please note: Cppcheck does not need standard library headers to get proper results.,/home/yichen/Desktop/Deepseek_Baseline_Code02/F031.c|2|information|missingIncludeSystem|Include file: <stdio.h> not found. Please note: Cppcheck does not need standard library headers to get proper results.,/home/yichen/Desktop/Deepseek_Baseline_Results02/logs/F031_cppcheck.log
/home/yichen/Desktop/Deepseek_Baseline_Code02/F031.c,cppcheck,True,success,True,0,5,3,information,missingIncludeSystem,Include file: <stdlib.h> not found. Please note: Cppcheck does not need standard library headers to get proper results.,/home/yichen/Desktop/Deepseek_Baseline_Code02/F031.c|3|information|missingIncludeSystem|Include file: <stdlib.h> not found. Please note: Cppcheck does not need standard library headers to get proper results.,/home/yichen/Desktop/Deepseek_Baseline_Results02/logs/F031_cppcheck.log
/home/yichen/Desktop/Deepseek_Baseline_Code02/F031.c,cppcheck,True,success,True,0,5,4,information,missingIncludeSystem,Include file: <string.h> not found. Please note: Cppcheck does not need standard library headers to get proper results.,/home/yichen/Desktop/Deepseek_Baseline_Code02/F031.c|4|information|missingIncludeSystem|Include file: <string.h> not found. Please note: Cppcheck does not need standard library headers to get proper results.,/home/yichen/Desktop/Deepseek_Baseline_Results02/logs/F031_cppcheck.log
/home/yichen/Desktop/Deepseek_Baseline_Code02/F031.c,cppcheck,True,success,True,0,5,44,style,constVariablePointer,Variable 'name' can be declared as pointer to const,/home/yichen/Desktop/Deepseek_Baseline_Code02/F031.c|44|style|constVariablePointer|Variable 'name' can be declared as pointer to const,/home/yichen/Desktop/Deepseek_Baseline_Results02/logs/F031_cppcheck.log
nofile,cppcheck,True,success,True,0,5,0,information,checkersReport,Active checkers: 113/592 (use --checkers-report=<filename> to see details),nofile|0|information|checkersReport|Active checkers: 113/592 (use --checkers-report=<filename> to see details),/home/yichen/Desktop/Deepseek_Baseline_Results02/logs/F031_cppcheck.log
/home/yichen/Desktop/Deepseek_Baseline_Code02/F032.c,cppcheck,True,success,True,0,7,2,information,missingIncludeSystem,Include file: <stdio.h> not found. Please note: Cppcheck does not need standard library headers to get proper results.,/home/yichen/Desktop/Deepseek_Baseline_Code02/F032.c|2|information|missingIncludeSystem|Include file: <stdio.h> not found. Please note: Cppcheck does not need standard library headers to get proper results.,/home/yichen/Desktop/Deepseek_Baseline_Results02/logs/F032_cppcheck.log
/home/yichen/Desktop/Deepseek_Baseline_Code02/F032.c,cppcheck,True,success,True,0,7,3,information,missingIncludeSystem,Include file: <stdlib.h> not found. Please note: Cppcheck does not need standard library headers to get proper results.,/home/yichen/Desktop/Deepseek_Baseline_Code02/F032.c|3|information|missingIncludeSystem|Include file: <stdlib.h> not found. Please note: Cppcheck does not need standard library headers to get proper results.,/home/yichen/Desktop/Deepseek_Baseline_Results02/logs/F032_cppcheck.log
/home/yichen/Desktop/Deepseek_Baseline_Code02/F032.c,cppcheck,True,success,True,0,7,4,information,missingIncludeSystem,Include file: <string.h> not found. Please note: Cppcheck does not need standard library headers to get proper results.,/home/yichen/Desktop/Deepseek_Baseline_Code02/F032.c|4|information|missingIncludeSystem|Include file: <string.h> not found. Please note: Cppcheck does not need standard library headers to get proper results.,/home/yichen/Desktop/Deepseek_Baseline_Results02/logs/F032_cppcheck.log
/home/yichen/Desktop/Deepseek_Baseline_Code02/F032.c,cppcheck,True,success,True,0,7,111,style,constVariablePointer,Variable 's' can be declared as pointer to const,/home/yichen/Desktop/Deepseek_Baseline_Code02/F032.c|111|style|constVariablePointer|Variable 's' can be declared as pointer to const,/home/yichen/Desktop/Deepseek_Baseline_Results02/logs/F032_cppcheck.log
/home/yichen/Desktop/Deepseek_Baseline_Code02/F032.c,cppcheck,True,success,True,0,7,153,style,constVariablePointer,Variable 'key' can be declared as pointer to const,/home/yichen/Desktop/Deepseek_Baseline_Code02/F032.c|153|style|constVariablePointer|Variable 'key' can be declared as pointer to const,/home/yichen/Desktop/Deepseek_Baseline_Results02/logs/F032_cppcheck.log
/home/yichen/Desktop/Deepseek_Baseline_Code02/F032.c,cppcheck,True,success,True,0,7,166,style,constVariablePointer,Variable 'key' can be declared as pointer to const,/home/yichen/Desktop/Deepseek_Baseline_Code02/F032.c|166|style|constVariablePointer|Variable 'key' can be declared as pointer to const,/home/yichen/Desktop/Deepseek_Baseline_Results02/logs/F032_cppcheck.log
nofile,cppcheck,True,success,True,0,7,0,information,checkersReport,Active checkers: 113/592 (use --checkers-report=<filename> to see details),nofile|0|information|checkersReport|Active checkers: 113/592 (use --checkers-report=<filename> to see details),/home/yichen/Desktop/Deepseek_Baseline_Results02/logs/F032_cppcheck.log
/home/yichen/Desktop/Deepseek_Baseline_Code02/F033.c,cppcheck,True,success,True,0,13,2,information,missingIncludeSystem,Include file: <stdio.h> not found. Please note: Cppcheck does not need standard library headers to get proper results.,/home/yichen/Desktop/Deepseek_Baseline_Code02/F033.c|2|information|missingIncludeSystem|Include file: <stdio.h> not found. Please note: Cppcheck does not need standard library headers to get proper results.,/home/yichen/Desktop/Deepseek_Baseline_Results02/logs/F033_cppcheck.log
/home/yichen/Desktop/Deepseek_Baseline_Code02/F033.c,cppcheck,True,success,True,0,13,3,information,missingIncludeSystem,Include file: <stdlib.h> not found. Please note: Cppcheck does not need standard library headers to get proper results.,/home/yichen/Desktop/Deepseek_Baseline_Code02/F033.c|3|information|missingIncludeSystem|Include file: <stdlib.h> not found. Please note: Cppcheck does not need standard library headers to get proper results.,/home/yichen/Desktop/Deepseek_Baseline_Results02/logs/F033_cppcheck.log
/home/yichen/Desktop/Deepseek_Baseline_Code02/F033.c,cppcheck,True,success,True,0,13,4,information,missingIncludeSystem,Include file: <string.h> not found. Please note: Cppcheck does not need standard library headers to get proper results.,/home/yichen/Desktop/Deepseek_Baseline_Code02/F033.c|4|information|missingIncludeSystem|Include file: <string.h> not found. Please note: Cppcheck does not need standard library headers to get proper results.,/home/yichen/Desktop/Deepseek_Baseline_Results02/logs/F033_cppcheck.log
/home/yichen/Desktop/Deepseek_Baseline_Code02/F033.c,cppcheck,True,success,True,0,13,74,style,constVariablePointer,Variable 'e' can be declared as pointer to const,/home/yichen/Desktop/Deepseek_Baseline_Code02/F033.c|74|style|constVariablePointer|Variable 'e' can be declared as pointer to const,/home/yichen/Desktop/Deepseek_Baseline_Results02/logs/F033_cppcheck.log
/home/yichen/Desktop/Deepseek_Baseline_Code02/F033.c,cppcheck,True,success,True,0,13,110,style,constVariablePointer,Variable 'id' can be declared as pointer to const,/home/yichen/Desktop/Deepseek_Baseline_Code02/F033.c|110|style|constVariablePointer|Variable 'id' can be declared as pointer to const,/home/yichen/Desktop/Deepseek_Baseline_Results02/logs/F033_cppcheck.log
/home/yichen/Desktop/Deepseek_Baseline_Code02/F033.c,cppcheck,True,success,True,0,13,114,style,constVariablePointer,Variable 'name' can be declared as pointer to const,/home/yichen/Desktop/Deepseek_Baseline_Code02/F033.c|114|style|constVariablePointer|Variable 'name' can be declared as pointer to const,/home/yichen/Desktop/Deepseek_Baseline_Results02/logs/F033_cppcheck.log
/home/yichen/Desktop/Deepseek_Baseline_Code02/F033.c,cppcheck,True,success,True,0,13,118,style,constVariablePointer,Variable 'dept' can be declared as pointer to const,/home/yichen/Desktop/Deepseek_Baseline_Code02/F033.c|118|style|constVariablePointer|Variable 'dept' can be declared as pointer to const,/home/yichen/Desktop/Deepseek_Baseline_Results02/logs/F033_cppcheck.log
/home/yichen/Desktop/Deepseek_Baseline_Code02/F033.c,cppcheck,True,success,True,0,13,122,style,constVariablePointer,Variable 'title' can be declared as pointer to const,/home/yichen/Desktop/Deepseek_Baseline_Code02/F033.c|122|style|constVariablePointer|Variable 'title' can be declared as pointer to const,/home/yichen/Desktop/Deepseek_Baseline_Results02/logs/F033_cppcheck.log
/home/yichen/Desktop/Deepseek_Baseline_Code02/F033.c,cppcheck,True,success,True,0,13,127,style,constVariablePointer,Variable 'id' can be declared as pointer to const,/home/yichen/Desktop/Deepseek_Baseline_Code02/F033.c|127|style|constVariablePointer|Variable 'id' can be declared as pointer to const,/home/yichen/Desktop/Deepseek_Baseline_Results02/logs/F033_cppcheck.log
/home/yichen/Desktop/Deepseek_Baseline_Code02/F033.c,cppcheck,True,success,True,0,13,131,style,constVariablePointer,Variable 'name' can be declared as pointer to const,/home/yichen/Desktop/Deepseek_Baseline_Code02/F033.c|131|style|constVariablePointer|Variable 'name' can be declared as pointer to const,/home/yichen/Desktop/Deepseek_Baseline_Results02/logs/F033_cppcheck.log
/home/yichen/Desktop/Deepseek_Baseline_Code02/F033.c,cppcheck,True,success,True,0,13,135,style,constVariablePointer,Variable 'dept' can be declared as pointer to const,/home/yichen/Desktop/Deepseek_Baseline_Code02/F033.c|135|style|constVariablePointer|Variable 'dept' can be declared as pointer to const,/home/yichen/Desktop/Deepseek_Baseline_Results02/logs/F033_cppcheck.log
/home/yichen/Desktop/Deepseek_Baseline_Code02/F033.c,cppcheck,True,success,True,0,13,139,style,constVariablePointer,Variable 'title' can be declared as pointer to const,/home/yichen/Desktop/Deepseek_Baseline_Code02/F033.c|139|style|constVariablePointer|Variable 'title' can be declared as pointer to const,/home/yichen/Desktop/Deepseek_Baseline_Results02/logs/F033_cppcheck.log
nofile,cppcheck,True,success,True,0,13,0,information,checkersReport,Active checkers: 113/592 (use --checkers-report=<filename> to see details),nofile|0|information|checkersReport|Active checkers: 113/592 (use --checkers-report=<filename> to see details),/home/yichen/Desktop/Deepseek_Baseline_Results02/logs/F033_cppcheck.log
/home/yichen/Desktop/Deepseek_Baseline_Code02/F034.c,cppcheck,True,success,True,0,6,2,information,missingIncludeSystem,Include file: <stdio.h> not found. Please note: Cppcheck does not need standard library headers to get proper results.,/home/yichen/Desktop/Deepseek_Baseline_Code02/F034.c|2|information|missingIncludeSystem|Include file: <stdio.h> not found. Please note: Cppcheck does not need standard library headers to get proper results.,/home/yichen/Desktop/Deepseek_Baseline_Results02/logs/F034_cppcheck.log
/home/yichen/Desktop/Deepseek_Baseline_Code02/F034.c,cppcheck,True,success,True,0,6,3,information,missingIncludeSystem,Include file: <stdlib.h> not found. Please note: Cppcheck does not need standard library headers to get proper results.,/home/yichen/Desktop/Deepseek_Baseline_Code02/F034.c|3|information|missingIncludeSystem|Include file: <stdlib.h> not found. Please note: Cppcheck does not need standard library headers to get proper results.,/home/yichen/Desktop/Deepseek_Baseline_Results02/logs/F034_cppcheck.log
/home/yichen/Desktop/Deepseek_Baseline_Code02/F034.c,cppcheck,True,success,True,0,6,4,information,missingIncludeSystem,Include file: <string.h> not found. Please note: Cppcheck does not need standard library headers to get proper results.,/home/yichen/Desktop/Deepseek_Baseline_Code02/F034.c|4|information|missingIncludeSystem|Include file: <string.h> not found. Please note: Cppcheck does not need standard library headers to get proper results.,/home/yichen/Desktop/Deepseek_Baseline_Results02/logs/F034_cppcheck.log
/home/yichen/Desktop/Deepseek_Baseline_Code02/F034.c,cppcheck,True,success,True,0,6,74,style,constVariablePointer,Variable 'name' can be declared as pointer to const,/home/yichen/Desktop/Deepseek_Baseline_Code02/F034.c|74|style|constVariablePointer|Variable 'name' can be declared as pointer to const,/home/yichen/Desktop/Deepseek_Baseline_Results02/logs/F034_cppcheck.log
/home/yichen/Desktop/Deepseek_Baseline_Code02/F034.c,cppcheck,True,success,True,0,6,146,style,constVariablePointer,Variable 'name' can be declared as pointer to const,/home/yichen/Desktop/Deepseek_Baseline_Code02/F034.c|146|style|constVariablePointer|Variable 'name' can be declared as pointer to const,/home/yichen/Desktop/Deepseek_Baseline_Results02/logs/F034_cppcheck.log
nofile,cppcheck,True,success,True,0,6,0,information,checkersReport,Active checkers: 113/592 (use --checkers-report=<filename> to see details),nofile|0|information|checkersReport|Active checkers: 113/592 (use --checkers-report=<filename> to see details),/home/yichen/Desktop/Deepseek_Baseline_Results02/logs/F034_cppcheck.log
/home/yichen/Desktop/Deepseek_Baseline_Code02/F035.c,cppcheck,True,success,True,0,7,2,information,missingIncludeSystem,Include file: <stdio.h> not found. Please note: Cppcheck does not need standard library headers to get proper results.,/home/yichen/Desktop/Deepseek_Baseline_Code02/F035.c|2|information|missingIncludeSystem|Include file: <stdio.h> not found. Please note: Cppcheck does not need standard library headers to get proper results.,/home/yichen/Desktop/Deepseek_Baseline_Results02/logs/F035_cppcheck.log
/home/yichen/Desktop/Deepseek_Baseline_Code02/F035.c,cppcheck,True,success,True,0,7,3,information,missingIncludeSystem,Include file: <stdlib.h> not found. Please note: Cppcheck does not need standard library headers to get proper results.,/home/yichen/Desktop/Deepseek_Baseline_Code02/F035.c|3|information|missingIncludeSystem|Include file: <stdlib.h> not found. Please note: Cppcheck does not need standard library headers to get proper results.,/home/yichen/Desktop/Deepseek_Baseline_Results02/logs/F035_cppcheck.log
/home/yichen/Desktop/Deepseek_Baseline_Code02/F035.c,cppcheck,True,success,True,0,7,4,information,missingIncludeSystem,Include file: <string.h> not found. Please note: Cppcheck does not need standard library headers to get proper results.,/home/yichen/Desktop/Deepseek_Baseline_Code02/F035.c|4|information|missingIncludeSystem|Include file: <string.h> not found. Please note: Cppcheck does not need standard library headers to get proper results.,/home/yichen/Desktop/Deepseek_Baseline_Results02/logs/F035_cppcheck.log
/home/yichen/Desktop/Deepseek_Baseline_Code02/F035.c,cppcheck,True,success,True,0,7,38,style,constVariablePointer,Variable 'j' can be declared as pointer to const,/home/yichen/Desktop/Deepseek_Baseline_Code02/F035.c|38|style|constVariablePointer|Variable 'j' can be declared as pointer to const,/home/yichen/Desktop/Deepseek_Baseline_Results02/logs/F035_cppcheck.log
/home/yichen/Desktop/Deepseek_Baseline_Code02/F035.c,cppcheck,True,success,True,0,7,105,style,constVariablePointer,Variable 'name' can be declared as pointer to const,/home/yichen/Desktop/Deepseek_Baseline_Code02/F035.c|105|style|constVariablePointer|Variable 'name' can be declared as pointer to const,/home/yichen/Desktop/Deepseek_Baseline_Results02/logs/F035_cppcheck.log
/home/yichen/Desktop/Deepseek_Baseline_Code02/F035.c,cppcheck,True,success,True,0,7,113,style,constVariablePointer,Variable 'old' can be declared as pointer to const,/home/yichen/Desktop/Deepseek_Baseline_Code02/F035.c|113|style|constVariablePointer|Variable 'old' can be declared as pointer to const,/home/yichen/Desktop/Deepseek_Baseline_Results02/logs/F035_cppcheck.log
nofile,cppcheck,True,success,True,0,7,0,information,checkersReport,Active checkers: 113/592 (use --checkers-report=<filename> to see details),nofile|0|information|checkersReport|Active checkers: 113/592 (use --checkers-report=<filename> to see details),/home/yichen/Desktop/Deepseek_Baseline_Results02/logs/F035_cppcheck.log
/home/yichen/Desktop/Deepseek_Baseline_Code02/F036.c,cppcheck,True,success,True,0,6,2,information,missingIncludeSystem,Include file: <stdio.h> not found. Please note: Cppcheck does not need standard library headers to get proper results.,/home/yichen/Desktop/Deepseek_Baseline_Code02/F036.c|2|information|missingIncludeSystem|Include file: <stdio.h> not found. Please note: Cppcheck does not need standard library headers to get proper results.,/home/yichen/Desktop/Deepseek_Baseline_Results02/logs/F036_cppcheck.log
/home/yichen/Desktop/Deepseek_Baseline_Code02/F036.c,cppcheck,True,success,True,0,6,3,information,missingIncludeSystem,Include file: <stdlib.h> not found. Please note: Cppcheck does not need standard library headers to get proper results.,/home/yichen/Desktop/Deepseek_Baseline_Code02/F036.c|3|information|missingIncludeSystem|Include file: <stdlib.h> not found. Please note: Cppcheck does not need standard library headers to get proper results.,/home/yichen/Desktop/Deepseek_Baseline_Results02/logs/F036_cppcheck.log
/home/yichen/Desktop/Deepseek_Baseline_Code02/F036.c,cppcheck,True,success,True,0,6,4,information,missingIncludeSystem,Include file: <string.h> not found. Please note: Cppcheck does not need standard library headers to get proper results.,/home/yichen/Desktop/Deepseek_Baseline_Code02/F036.c|4|information|missingIncludeSystem|Include file: <string.h> not found. Please note: Cppcheck does not need standard library headers to get proper results.,/home/yichen/Desktop/Deepseek_Baseline_Results02/logs/F036_cppcheck.log
/home/yichen/Desktop/Deepseek_Baseline_Code02/F036.c,cppcheck,True,success,True,0,6,93,style,constVariablePointer,Variable 'name' can be declared as pointer to const,/home/yichen/Desktop/Deepseek_Baseline_Code02/F036.c|93|style|constVariablePointer|Variable 'name' can be declared as pointer to const,/home/yichen/Desktop/Deepseek_Baseline_Results02/logs/F036_cppcheck.log
/home/yichen/Desktop/Deepseek_Baseline_Code02/F036.c,cppcheck,True,success,True,0,6,102,style,constVariablePointer,Variable 'data' can be declared as pointer to const,/home/yichen/Desktop/Deepseek_Baseline_Code02/F036.c|102|style|constVariablePointer|Variable 'data' can be declared as pointer to const,/home/yichen/Desktop/Deepseek_Baseline_Results02/logs/F036_cppcheck.log
nofile,cppcheck,True,success,True,0,6,0,information,checkersReport,Active checkers: 113/592 (use --checkers-report=<filename> to see details),nofile|0|information|checkersReport|Active checkers: 113/592 (use --checkers-report=<filename> to see details),/home/yichen/Desktop/Deepseek_Baseline_Results02/logs/F036_cppcheck.log
/home/yichen/Desktop/Deepseek_Baseline_Code02/F037.c,cppcheck,True,success,True,0,9,2,information,missingIncludeSystem,Include file: <stdio.h> not found. Please note: Cppcheck does not need standard library headers to get proper results.,/home/yichen/Desktop/Deepseek_Baseline_Code02/F037.c|2|information|missingIncludeSystem|Include file: <stdio.h> not found. Please note: Cppcheck does not need standard library headers to get proper results.,/home/yichen/Desktop/Deepseek_Baseline_Results02/logs/F037_cppcheck.log
/home/yichen/Desktop/Deepseek_Baseline_Code02/F037.c,cppcheck,True,success,True,0,9,3,information,missingIncludeSystem,Include file: <stdlib.h> not found. Please note: Cppcheck does not need standard library headers to get proper results.,/home/yichen/Desktop/Deepseek_Baseline_Code02/F037.c|3|information|missingIncludeSystem|Include file: <stdlib.h> not found. Please note: Cppcheck does not need standard library headers to get proper results.,/home/yichen/Desktop/Deepseek_Baseline_Results02/logs/F037_cppcheck.log
/home/yichen/Desktop/Deepseek_Baseline_Code02/F037.c,cppcheck,True,success,True,0,9,4,information,missingIncludeSystem,Include file: <string.h> not found. Please note: Cppcheck does not need standard library headers to get proper results.,/home/yichen/Desktop/Deepseek_Baseline_Code02/F037.c|4|information|missingIncludeSystem|Include file: <string.h> not found. Please note: Cppcheck does not need standard library headers to get proper results.,/home/yichen/Desktop/Deepseek_Baseline_Results02/logs/F037_cppcheck.log
/home/yichen/Desktop/Deepseek_Baseline_Code02/F037.c,cppcheck,True,success,True,0,9,5,information,missingIncludeSystem,Include file: <ctype.h> not found. Please note: Cppcheck does not need standard library headers to get proper results.,/home/yichen/Desktop/Deepseek_Baseline_Code02/F037.c|5|information|missingIncludeSystem|Include file: <ctype.h> not found. Please note: Cppcheck does not need standard library headers to get proper results.,/home/yichen/Desktop/Deepseek_Baseline_Results02/logs/F037_cppcheck.log
/home/yichen/Desktop/Deepseek_Baseline_Code02/F037.c,cppcheck,True,success,True,0,9,86,style,constVariablePointer,Variable 'b' can be declared as pointer to const,/home/yichen/Desktop/Deepseek_Baseline_Code02/F037.c|86|style|constVariablePointer|Variable 'b' can be declared as pointer to const,/home/yichen/Desktop/Deepseek_Baseline_Results02/logs/F037_cppcheck.log
/home/yichen/Desktop/Deepseek_Baseline_Code02/F037.c,cppcheck,True,success,True,0,9,141,style,constVariablePointer,Variable 'name' can be declared as pointer to const,/home/yichen/Desktop/Deepseek_Baseline_Code02/F037.c|141|style|constVariablePointer|Variable 'name' can be declared as pointer to const,/home/yichen/Desktop/Deepseek_Baseline_Results02/logs/F037_cppcheck.log
/home/yichen/Desktop/Deepseek_Baseline_Code02/F037.c,cppcheck,True,success,True,0,9,149,style,constVariablePointer,Variable 'name' can be declared as pointer to const,/home/yichen/Desktop/Deepseek_Baseline_Code02/F037.c|149|style|constVariablePointer|Variable 'name' can be declared as pointer to const,/home/yichen/Desktop/Deepseek_Baseline_Results02/logs/F037_cppcheck.log
/home/yichen/Desktop/Deepseek_Baseline_Code02/F037.c,cppcheck,True,success,True,0,9,157,style,constVariablePointer,Variable 'name' can be declared as pointer to const,/home/yichen/Desktop/Deepseek_Baseline_Code02/F037.c|157|style|constVariablePointer|Variable 'name' can be declared as pointer to const,/home/yichen/Desktop/Deepseek_Baseline_Results02/logs/F037_cppcheck.log
nofile,cppcheck,True,success,True,0,9,0,information,checkersReport,Active checkers: 113/592 (use --checkers-report=<filename> to see details),nofile|0|information|checkersReport|Active checkers: 113/592 (use --checkers-report=<filename> to see details),/home/yichen/Desktop/Deepseek_Baseline_Results02/logs/F037_cppcheck.log
/home/yichen/Desktop/Deepseek_Baseline_Code02/F038.c,cppcheck,True,success,True,0,6,2,information,missingIncludeSystem,Include file: <stdio.h> not found. Please note: Cppcheck does not need standard library headers to get proper results.,/home/yichen/Desktop/Deepseek_Baseline_Code02/F038.c|2|information|missingIncludeSystem|Include file: <stdio.h> not found. Please note: Cppcheck does not need standard library headers to get proper results.,/home/yichen/Desktop/Deepseek_Baseline_Results02/logs/F038_cppcheck.log
/home/yichen/Desktop/Deepseek_Baseline_Code02/F038.c,cppcheck,True,success,True,0,6,3,information,missingIncludeSystem,Include file: <stdlib.h> not found. Please note: Cppcheck does not need standard library headers to get proper results.,/home/yichen/Desktop/Deepseek_Baseline_Code02/F038.c|3|information|missingIncludeSystem|Include file: <stdlib.h> not found. Please note: Cppcheck does not need standard library headers to get proper results.,/home/yichen/Desktop/Deepseek_Baseline_Results02/logs/F038_cppcheck.log
/home/yichen/Desktop/Deepseek_Baseline_Code02/F038.c,cppcheck,True,success,True,0,6,4,information,missingIncludeSystem,Include file: <string.h> not found. Please note: Cppcheck does not need standard library headers to get proper results.,/home/yichen/Desktop/Deepseek_Baseline_Code02/F038.c|4|information|missingIncludeSystem|Include file: <string.h> not found. Please note: Cppcheck does not need standard library headers to get proper results.,/home/yichen/Desktop/Deepseek_Baseline_Results02/logs/F038_cppcheck.log
/home/yichen/Desktop/Deepseek_Baseline_Code02/F038.c,cppcheck,True,success,True,0,6,5,information,missingIncludeSystem,Include file: <ctype.h> not found. Please note: Cppcheck does not need standard library headers to get proper results.,/home/yichen/Desktop/Deepseek_Baseline_Code02/F038.c|5|information|missingIncludeSystem|Include file: <ctype.h> not found. Please note: Cppcheck does not need standard library headers to get proper results.,/home/yichen/Desktop/Deepseek_Baseline_Results02/logs/F038_cppcheck.log
/home/yichen/Desktop/Deepseek_Baseline_Code02/F038.c,cppcheck,True,success,True,0,6,114,style,constVariablePointer,Variable 'name' can be declared as pointer to const,/home/yichen/Desktop/Deepseek_Baseline_Code02/F038.c|114|style|constVariablePointer|Variable 'name' can be declared as pointer to const,/home/yichen/Desktop/Deepseek_Baseline_Results02/logs/F038_cppcheck.log
nofile,cppcheck,True,success,True,0,6,0,information,checkersReport,Active checkers: 113/592 (use --checkers-report=<filename> to see details),nofile|0|information|checkersReport|Active checkers: 113/592 (use --checkers-report=<filename> to see details),/home/yichen/Desktop/Deepseek_Baseline_Results02/logs/F038_cppcheck.log
/home/yichen/Desktop/Deepseek_Baseline_Code02/F039.c,cppcheck,True,success,True,0,8,2,information,missingIncludeSystem,Include file: <stdio.h> not found. Please note: Cppcheck does not need standard library headers to get proper results.,/home/yichen/Desktop/Deepseek_Baseline_Code02/F039.c|2|information|missingIncludeSystem|Include file: <stdio.h> not found. Please note: Cppcheck does not need standard library headers to get proper results.,/home/yichen/Desktop/Deepseek_Baseline_Results02/logs/F039_cppcheck.log
/home/yichen/Desktop/Deepseek_Baseline_Code02/F039.c,cppcheck,True,success,True,0,8,3,information,missingIncludeSystem,Include file: <stdlib.h> not found. Please note: Cppcheck does not need standard library headers to get proper results.,/home/yichen/Desktop/Deepseek_Baseline_Code02/F039.c|3|information|missingIncludeSystem|Include file: <stdlib.h> not found. Please note: Cppcheck does not need standard library headers to get proper results.,/home/yichen/Desktop/Deepseek_Baseline_Results02/logs/F039_cppcheck.log
/home/yichen/Desktop/Deepseek_Baseline_Code02/F039.c,cppcheck,True,success,True,0,8,4,information,missingIncludeSystem,Include file: <string.h> not found. Please note: Cppcheck does not need standard library headers to get proper results.,/home/yichen/Desktop/Deepseek_Baseline_Code02/F039.c|4|information|missingIncludeSystem|Include file: <string.h> not found. Please note: Cppcheck does not need standard library headers to get proper results.,/home/yichen/Desktop/Deepseek_Baseline_Results02/logs/F039_cppcheck.log
/home/yichen/Desktop/Deepseek_Baseline_Code02/F039.c,cppcheck,True,success,True,0,8,55,style,constVariablePointer,Variable 't' can be declared as pointer to const,/home/yichen/Desktop/Deepseek_Baseline_Code02/F039.c|55|style|constVariablePointer|Variable 't' can be declared as pointer to const,/home/yichen/Desktop/Deepseek_Baseline_Results02/logs/F039_cppcheck.log
/home/yichen/Desktop/Deepseek_Baseline_Code02/F039.c,cppcheck,True,success,True,0,8,124,style,constVariablePointer,Variable 'name' can be declared as pointer to const,/home/yichen/Desktop/Deepseek_Baseline_Code02/F039.c|124|style|constVariablePointer|Variable 'name' can be declared as pointer to const,/home/yichen/Desktop/Deepseek_Baseline_Results02/logs/F039_cppcheck.log
/home/yichen/Desktop/Deepseek_Baseline_Code02/F039.c,cppcheck,True,success,True,0,8,134,style,constVariablePointer,Variable 'name' can be declared as pointer to const,/home/yichen/Desktop/Deepseek_Baseline_Code02/F039.c|134|style|constVariablePointer|Variable 'name' can be declared as pointer to const,/home/yichen/Desktop/Deepseek_Baseline_Results02/logs/F039_cppcheck.log
/home/yichen/Desktop/Deepseek_Baseline_Code02/F039.c,cppcheck,True,success,True,0,8,145,style,constVariablePointer,Variable 'name' can be declared as pointer to const,/home/yichen/Desktop/Deepseek_Baseline_Code02/F039.c|145|style|constVariablePointer|Variable 'name' can be declared as pointer to const,/home/yichen/Desktop/Deepseek_Baseline_Results02/logs/F039_cppcheck.log
nofile,cppcheck,True,success,True,0,8,0,information,checkersReport,Active checkers: 113/592 (use --checkers-report=<filename> to see details),nofile|0|information|checkersReport|Active checkers: 113/592 (use --checkers-report=<filename> to see details),/home/yichen/Desktop/Deepseek_Baseline_Results02/logs/F039_cppcheck.log
/home/yichen/Desktop/Deepseek_Baseline_Code02/F040.c,cppcheck,True,success,True,0,9,2,information,missingIncludeSystem,Include file: <stdio.h> not found. Please note: Cppcheck does not need standard library headers to get proper results.,/home/yichen/Desktop/Deepseek_Baseline_Code02/F040.c|2|information|missingIncludeSystem|Include file: <stdio.h> not found. Please note: Cppcheck does not need standard library headers to get proper results.,/home/yichen/Desktop/Deepseek_Baseline_Results02/logs/F040_cppcheck.log
/home/yichen/Desktop/Deepseek_Baseline_Code02/F040.c,cppcheck,True,success,True,0,9,3,information,missingIncludeSystem,Include file: <stdlib.h> not found. Please note: Cppcheck does not need standard library headers to get proper results.,/home/yichen/Desktop/Deepseek_Baseline_Code02/F040.c|3|information|missingIncludeSystem|Include file: <stdlib.h> not found. Please note: Cppcheck does not need standard library headers to get proper results.,/home/yichen/Desktop/Deepseek_Baseline_Results02/logs/F040_cppcheck.log
/home/yichen/Desktop/Deepseek_Baseline_Code02/F040.c,cppcheck,True,success,True,0,9,4,information,missingIncludeSystem,Include file: <string.h> not found. Please note: Cppcheck does not need standard library headers to get proper results.,/home/yichen/Desktop/Deepseek_Baseline_Code02/F040.c|4|information|missingIncludeSystem|Include file: <string.h> not found. Please note: Cppcheck does not need standard library headers to get proper results.,/home/yichen/Desktop/Deepseek_Baseline_Results02/logs/F040_cppcheck.log
/home/yichen/Desktop/Deepseek_Baseline_Code02/F040.c,cppcheck,True,success,True,0,9,61,style,constVariablePointer,Variable 'p' can be declared as pointer to const,/home/yichen/Desktop/Deepseek_Baseline_Code02/F040.c|61|style|constVariablePointer|Variable 'p' can be declared as pointer to const,/home/yichen/Desktop/Deepseek_Baseline_Results02/logs/F040_cppcheck.log
/home/yichen/Desktop/Deepseek_Baseline_Code02/F040.c,cppcheck,True,success,True,0,9,67,style,constVariablePointer,Variable 'p' can be declared as pointer to const,/home/yichen/Desktop/Deepseek_Baseline_Code02/F040.c|67|style|constVariablePointer|Variable 'p' can be declared as pointer to const,/home/yichen/Desktop/Deepseek_Baseline_Results02/logs/F040_cppcheck.log
/home/yichen/Desktop/Deepseek_Baseline_Code02/F040.c,cppcheck,True,success,True,0,9,104,style,constVariablePointer,Variable 'id' can be declared as pointer to const,/home/yichen/Desktop/Deepseek_Baseline_Code02/F040.c|104|style|constVariablePointer|Variable 'id' can be declared as pointer to const,/home/yichen/Desktop/Deepseek_Baseline_Results02/logs/F040_cppcheck.log
/home/yichen/Desktop/Deepseek_Baseline_Code02/F040.c,cppcheck,True,success,True,0,9,111,style,constVariablePointer,Variable 'header' can be declared as pointer to const,/home/yichen/Desktop/Deepseek_Baseline_Code02/F040.c|111|style|constVariablePointer|Variable 'header' can be declared as pointer to const,/home/yichen/Desktop/Deepseek_Baseline_Results02/logs/F040_cppcheck.log
/home/yichen/Desktop/Deepseek_Baseline_Code02/F040.c,cppcheck,True,success,True,0,9,116,style,constVariablePointer,Variable 'payload' can be declared as pointer to const,/home/yichen/Desktop/Deepseek_Baseline_Code02/F040.c|116|style|constVariablePointer|Variable 'payload' can be declared as pointer to const,/home/yichen/Desktop/Deepseek_Baseline_Results02/logs/F040_cppcheck.log
nofile,cppcheck,True,success,True,0,9,0,information,checkersReport,Active checkers: 113/592 (use --checkers-report=<filename> to see details),nofile|0|information|checkersReport|Active checkers: 113/592 (use --checkers-report=<filename> to see details),/home/yichen/Desktop/Deepseek_Baseline_Results02/logs/F040_cppcheck.log
