file,tool,attempted,status,success,returncode,finding_count,line,severity,check_id,message,evidence,log_path
/home/yichen/Desktop/Qwen_SDF08/F001.c,cppcheck,True,success,True,0,10,2,information,missingIncludeSystem,Include file: <stdio.h> not found. Please note: Cppcheck does not need standard library headers to get proper results.,/home/yichen/Desktop/Qwen_SDF08/F001.c|2|information|missingIncludeSystem|Include file: <stdio.h> not found. Please note: Cppcheck does not need standard library headers to get proper results.,/home/yichen/Desktop/Qwen_SDF_Results08/logs/F001_cppcheck.log
/home/yichen/Desktop/Qwen_SDF08/F001.c,cppcheck,True,success,True,0,10,3,information,missingIncludeSystem,Include file: <stdlib.h> not found. Please note: Cppcheck does not need standard library headers to get proper results.,/home/yichen/Desktop/Qwen_SDF08/F001.c|3|information|missingIncludeSystem|Include file: <stdlib.h> not found. Please note: Cppcheck does not need standard library headers to get proper results.,/home/yichen/Desktop/Qwen_SDF_Results08/logs/F001_cppcheck.log
/home/yichen/Desktop/Qwen_SDF08/F001.c,cppcheck,True,success,True,0,10,4,information,missingIncludeSystem,Include file: <string.h> not found. Please note: Cppcheck does not need standard library headers to get proper results.,/home/yichen/Desktop/Qwen_SDF08/F001.c|4|information|missingIncludeSystem|Include file: <string.h> not found. Please note: Cppcheck does not need standard library headers to get proper results.,/home/yichen/Desktop/Qwen_SDF_Results08/logs/F001_cppcheck.log
/home/yichen/Desktop/Qwen_SDF08/F001.c,cppcheck,True,success,True,0,10,5,information,missingIncludeSystem,Include file: <stdint.h> not found. Please note: Cppcheck does not need standard library headers to get proper results.,/home/yichen/Desktop/Qwen_SDF08/F001.c|5|information|missingIncludeSystem|Include file: <stdint.h> not found. Please note: Cppcheck does not need standard library headers to get proper results.,/home/yichen/Desktop/Qwen_SDF_Results08/logs/F001_cppcheck.log
/home/yichen/Desktop/Qwen_SDF08/F001.c,cppcheck,True,success,True,0,10,80,style,constVariablePointer,Variable 'id_start' can be declared as pointer to const,/home/yichen/Desktop/Qwen_SDF08/F001.c|80|style|constVariablePointer|Variable 'id_start' can be declared as pointer to const,/home/yichen/Desktop/Qwen_SDF_Results08/logs/F001_cppcheck.log
/home/yichen/Desktop/Qwen_SDF08/F001.c,cppcheck,True,success,True,0,10,106,style,constVariablePointer,Variable 'id_start' can be declared as pointer to const,/home/yichen/Desktop/Qwen_SDF08/F001.c|106|style|constVariablePointer|Variable 'id_start' can be declared as pointer to const,/home/yichen/Desktop/Qwen_SDF_Results08/logs/F001_cppcheck.log
/home/yichen/Desktop/Qwen_SDF08/F001.c,cppcheck,True,success,True,0,10,124,style,constVariablePointer,Variable 'id_start' can be declared as pointer to const,/home/yichen/Desktop/Qwen_SDF08/F001.c|124|style|constVariablePointer|Variable 'id_start' can be declared as pointer to const,/home/yichen/Desktop/Qwen_SDF_Results08/logs/F001_cppcheck.log
/home/yichen/Desktop/Qwen_SDF08/F001.c,cppcheck,True,success,True,0,10,141,style,constVariablePointer,Variable 'id_start' can be declared as pointer to const,/home/yichen/Desktop/Qwen_SDF08/F001.c|141|style|constVariablePointer|Variable 'id_start' can be declared as pointer to const,/home/yichen/Desktop/Qwen_SDF_Results08/logs/F001_cppcheck.log
/home/yichen/Desktop/Qwen_SDF08/F001.c,cppcheck,True,success,True,0,10,158,style,constVariablePointer,Variable 'id_start' can be declared as pointer to const,/home/yichen/Desktop/Qwen_SDF08/F001.c|158|style|constVariablePointer|Variable 'id_start' can be declared as pointer to const,/home/yichen/Desktop/Qwen_SDF_Results08/logs/F001_cppcheck.log
nofile,cppcheck,True,success,True,0,10,0,information,checkersReport,Active checkers: 113/592 (use --checkers-report=<filename> to see details),nofile|0|information|checkersReport|Active checkers: 113/592 (use --checkers-report=<filename> to see details),/home/yichen/Desktop/Qwen_SDF_Results08/logs/F001_cppcheck.log
/home/yichen/Desktop/Qwen_SDF08/F002.c,cppcheck,True,success,True,0,13,2,information,missingIncludeSystem,Include file: <stdio.h> not found. Please note: Cppcheck does not need standard library headers to get proper results.,/home/yichen/Desktop/Qwen_SDF08/F002.c|2|information|missingIncludeSystem|Include file: <stdio.h> not found. Please note: Cppcheck does not need standard library headers to get proper results.,/home/yichen/Desktop/Qwen_SDF_Results08/logs/F002_cppcheck.log
/home/yichen/Desktop/Qwen_SDF08/F002.c,cppcheck,True,success,True,0,13,3,information,missingIncludeSystem,Include file: <stdlib.h> not found. Please note: Cppcheck does not need standard library headers to get proper results.,/home/yichen/Desktop/Qwen_SDF08/F002.c|3|information|missingIncludeSystem|Include file: <stdlib.h> not found. Please note: Cppcheck does not need standard library headers to get proper results.,/home/yichen/Desktop/Qwen_SDF_Results08/logs/F002_cppcheck.log
/home/yichen/Desktop/Qwen_SDF08/F002.c,cppcheck,True,success,True,0,13,4,information,missingIncludeSystem,Include file: <string.h> not found. Please note: Cppcheck does not need standard library headers to get proper results.,/home/yichen/Desktop/Qwen_SDF08/F002.c|4|information|missingIncludeSystem|Include file: <string.h> not found. Please note: Cppcheck does not need standard library headers to get proper results.,/home/yichen/Desktop/Qwen_SDF_Results08/logs/F002_cppcheck.log
/home/yichen/Desktop/Qwen_SDF08/F002.c,cppcheck,True,success,True,0,13,5,information,missingIncludeSystem,Include file: <stdint.h> not found. Please note: Cppcheck does not need standard library headers to get proper results.,/home/yichen/Desktop/Qwen_SDF08/F002.c|5|information|missingIncludeSystem|Include file: <stdint.h> not found. Please note: Cppcheck does not need standard library headers to get proper results.,/home/yichen/Desktop/Qwen_SDF_Results08/logs/F002_cppcheck.log
/home/yichen/Desktop/Qwen_SDF08/F002.c,cppcheck,True,success,True,0,13,80,style,constVariablePointer,Variable 'tag_start' can be declared as pointer to const,/home/yichen/Desktop/Qwen_SDF08/F002.c|80|style|constVariablePointer|Variable 'tag_start' can be declared as pointer to const,/home/yichen/Desktop/Qwen_SDF_Results08/logs/F002_cppcheck.log
/home/yichen/Desktop/Qwen_SDF08/F002.c,cppcheck,True,success,True,0,13,106,style,constVariablePointer,Variable 't1' can be declared as pointer to const,/home/yichen/Desktop/Qwen_SDF08/F002.c|106|style|constVariablePointer|Variable 't1' can be declared as pointer to const,/home/yichen/Desktop/Qwen_SDF_Results08/logs/F002_cppcheck.log
/home/yichen/Desktop/Qwen_SDF08/F002.c,cppcheck,True,success,True,0,13,109,style,constVariablePointer,Variable 't2' can be declared as pointer to const,/home/yichen/Desktop/Qwen_SDF08/F002.c|109|style|constVariablePointer|Variable 't2' can be declared as pointer to const,/home/yichen/Desktop/Qwen_SDF_Results08/logs/F002_cppcheck.log
/home/yichen/Desktop/Qwen_SDF08/F002.c,cppcheck,True,success,True,0,13,112,style,constVariablePointer,Variable 'nt' can be declared as pointer to const,/home/yichen/Desktop/Qwen_SDF08/F002.c|112|style|constVariablePointer|Variable 'nt' can be declared as pointer to const,/home/yichen/Desktop/Qwen_SDF_Results08/logs/F002_cppcheck.log
/home/yichen/Desktop/Qwen_SDF08/F002.c,cppcheck,True,success,True,0,13,116,style,constVariablePointer,Variable 'm1' can be declared as pointer to const,/home/yichen/Desktop/Qwen_SDF08/F002.c|116|style|constVariablePointer|Variable 'm1' can be declared as pointer to const,/home/yichen/Desktop/Qwen_SDF_Results08/logs/F002_cppcheck.log
/home/yichen/Desktop/Qwen_SDF08/F002.c,cppcheck,True,success,True,0,13,117,style,constVariablePointer,Variable 'm2' can be declared as pointer to const,/home/yichen/Desktop/Qwen_SDF08/F002.c|117|style|constVariablePointer|Variable 'm2' can be declared as pointer to const,/home/yichen/Desktop/Qwen_SDF_Results08/logs/F002_cppcheck.log
/home/yichen/Desktop/Qwen_SDF08/F002.c,cppcheck,True,success,True,0,13,147,style,constVariablePointer,Variable 'tag_start' can be declared as pointer to const,/home/yichen/Desktop/Qwen_SDF08/F002.c|147|style|constVariablePointer|Variable 'tag_start' can be declared as pointer to const,/home/yichen/Desktop/Qwen_SDF_Results08/logs/F002_cppcheck.log
/home/yichen/Desktop/Qwen_SDF08/F002.c,cppcheck,True,success,True,0,13,164,style,constVariablePointer,Variable 'tag_start' can be declared as pointer to const,/home/yichen/Desktop/Qwen_SDF08/F002.c|164|style|constVariablePointer|Variable 'tag_start' can be declared as pointer to const,/home/yichen/Desktop/Qwen_SDF_Results08/logs/F002_cppcheck.log
nofile,cppcheck,True,success,True,0,13,0,information,checkersReport,Active checkers: 113/592 (use --checkers-report=<filename> to see details),nofile|0|information|checkersReport|Active checkers: 113/592 (use --checkers-report=<filename> to see details),/home/yichen/Desktop/Qwen_SDF_Results08/logs/F002_cppcheck.log
/home/yichen/Desktop/Qwen_SDF08/F003.c,cppcheck,True,success,True,0,10,2,information,missingIncludeSystem,Include file: <stdio.h> not found. Please note: Cppcheck does not need standard library headers to get proper results.,/home/yichen/Desktop/Qwen_SDF08/F003.c|2|information|missingIncludeSystem|Include file: <stdio.h> not found. Please note: Cppcheck does not need standard library headers to get proper results.,/home/yichen/Desktop/Qwen_SDF_Results08/logs/F003_cppcheck.log
/home/yichen/Desktop/Qwen_SDF08/F003.c,cppcheck,True,success,True,0,10,3,information,missingIncludeSystem,Include file: <stdlib.h> not found. Please note: Cppcheck does not need standard library headers to get proper results.,/home/yichen/Desktop/Qwen_SDF08/F003.c|3|information|missingIncludeSystem|Include file: <stdlib.h> not found. Please note: Cppcheck does not need standard library headers to get proper results.,/home/yichen/Desktop/Qwen_SDF_Results08/logs/F003_cppcheck.log
/home/yichen/Desktop/Qwen_SDF08/F003.c,cppcheck,True,success,True,0,10,4,information,missingIncludeSystem,Include file: <string.h> not found. Please note: Cppcheck does not need standard library headers to get proper results.,/home/yichen/Desktop/Qwen_SDF08/F003.c|4|information|missingIncludeSystem|Include file: <string.h> not found. Please note: Cppcheck does not need standard library headers to get proper results.,/home/yichen/Desktop/Qwen_SDF_Results08/logs/F003_cppcheck.log
/home/yichen/Desktop/Qwen_SDF08/F003.c,cppcheck,True,success,True,0,10,5,information,missingIncludeSystem,Include file: <stdint.h> not found. Please note: Cppcheck does not need standard library headers to get proper results.,/home/yichen/Desktop/Qwen_SDF08/F003.c|5|information|missingIncludeSystem|Include file: <stdint.h> not found. Please note: Cppcheck does not need standard library headers to get proper results.,/home/yichen/Desktop/Qwen_SDF_Results08/logs/F003_cppcheck.log
/home/yichen/Desktop/Qwen_SDF08/F003.c,cppcheck,True,success,True,0,10,69,style,constVariablePointer,Variable 'name_start' can be declared as pointer to const,/home/yichen/Desktop/Qwen_SDF08/F003.c|69|style|constVariablePointer|Variable 'name_start' can be declared as pointer to const,/home/yichen/Desktop/Qwen_SDF_Results08/logs/F003_cppcheck.log
/home/yichen/Desktop/Qwen_SDF08/F003.c,cppcheck,True,success,True,0,10,97,style,constVariablePointer,Variable 'name_start' can be declared as pointer to const,/home/yichen/Desktop/Qwen_SDF08/F003.c|97|style|constVariablePointer|Variable 'name_start' can be declared as pointer to const,/home/yichen/Desktop/Qwen_SDF_Results08/logs/F003_cppcheck.log
/home/yichen/Desktop/Qwen_SDF08/F003.c,cppcheck,True,success,True,0,10,112,style,constVariablePointer,Variable 'old_name' can be declared as pointer to const,/home/yichen/Desktop/Qwen_SDF08/F003.c|112|style|constVariablePointer|Variable 'old_name' can be declared as pointer to const,/home/yichen/Desktop/Qwen_SDF_Results08/logs/F003_cppcheck.log
/home/yichen/Desktop/Qwen_SDF08/F003.c,cppcheck,True,success,True,0,10,119,style,constVariablePointer,Variable 'new_name' can be declared as pointer to const,/home/yichen/Desktop/Qwen_SDF08/F003.c|119|style|constVariablePointer|Variable 'new_name' can be declared as pointer to const,/home/yichen/Desktop/Qwen_SDF_Results08/logs/F003_cppcheck.log
/home/yichen/Desktop/Qwen_SDF08/F003.c,cppcheck,True,success,True,0,10,132,style,constVariablePointer,Variable 'name_start' can be declared as pointer to const,/home/yichen/Desktop/Qwen_SDF08/F003.c|132|style|constVariablePointer|Variable 'name_start' can be declared as pointer to const,/home/yichen/Desktop/Qwen_SDF_Results08/logs/F003_cppcheck.log
nofile,cppcheck,True,success,True,0,10,0,information,checkersReport,Active checkers: 113/592 (use --checkers-report=<filename> to see details),nofile|0|information|checkersReport|Active checkers: 113/592 (use --checkers-report=<filename> to see details),/home/yichen/Desktop/Qwen_SDF_Results08/logs/F003_cppcheck.log
/home/yichen/Desktop/Qwen_SDF08/F004.c,cppcheck,True,success,True,0,8,2,information,missingIncludeSystem,Include file: <stdio.h> not found. Please note: Cppcheck does not need standard library headers to get proper results.,/home/yichen/Desktop/Qwen_SDF08/F004.c|2|information|missingIncludeSystem|Include file: <stdio.h> not found. Please note: Cppcheck does not need standard library headers to get proper results.,/home/yichen/Desktop/Qwen_SDF_Results08/logs/F004_cppcheck.log
/home/yichen/Desktop/Qwen_SDF08/F004.c,cppcheck,True,success,True,0,8,3,information,missingIncludeSystem,Include file: <stdlib.h> not found. Please note: Cppcheck does not need standard library headers to get proper results.,/home/yichen/Desktop/Qwen_SDF08/F004.c|3|information|missingIncludeSystem|Include file: <stdlib.h> not found. Please note: Cppcheck does not need standard library headers to get proper results.,/home/yichen/Desktop/Qwen_SDF_Results08/logs/F004_cppcheck.log
/home/yichen/Desktop/Qwen_SDF08/F004.c,cppcheck,True,success,True,0,8,4,information,missingIncludeSystem,Include file: <string.h> not found. Please note: Cppcheck does not need standard library headers to get proper results.,/home/yichen/Desktop/Qwen_SDF08/F004.c|4|information|missingIncludeSystem|Include file: <string.h> not found. Please note: Cppcheck does not need standard library headers to get proper results.,/home/yichen/Desktop/Qwen_SDF_Results08/logs/F004_cppcheck.log
/home/yichen/Desktop/Qwen_SDF08/F004.c,cppcheck,True,success,True,0,8,5,information,missingIncludeSystem,Include file: <stdint.h> not found. Please note: Cppcheck does not need standard library headers to get proper results.,/home/yichen/Desktop/Qwen_SDF08/F004.c|5|information|missingIncludeSystem|Include file: <stdint.h> not found. Please note: Cppcheck does not need standard library headers to get proper results.,/home/yichen/Desktop/Qwen_SDF_Results08/logs/F004_cppcheck.log
/home/yichen/Desktop/Qwen_SDF08/F004.c,cppcheck,True,success,True,0,8,69,style,constVariablePointer,Variable 'key_start' can be declared as pointer to const,/home/yichen/Desktop/Qwen_SDF08/F004.c|69|style|constVariablePointer|Variable 'key_start' can be declared as pointer to const,/home/yichen/Desktop/Qwen_SDF_Results08/logs/F004_cppcheck.log
/home/yichen/Desktop/Qwen_SDF08/F004.c,cppcheck,True,success,True,0,8,97,style,constVariablePointer,Variable 'key_start' can be declared as pointer to const,/home/yichen/Desktop/Qwen_SDF08/F004.c|97|style|constVariablePointer|Variable 'key_start' can be declared as pointer to const,/home/yichen/Desktop/Qwen_SDF_Results08/logs/F004_cppcheck.log
/home/yichen/Desktop/Qwen_SDF08/F004.c,cppcheck,True,success,True,0,8,129,style,constVariablePointer,Variable 'val' can be declared as pointer to const,/home/yichen/Desktop/Qwen_SDF08/F004.c|129|style|constVariablePointer|Variable 'val' can be declared as pointer to const,/home/yichen/Desktop/Qwen_SDF_Results08/logs/F004_cppcheck.log
nofile,cppcheck,True,success,True,0,8,0,information,checkersReport,Active checkers: 113/592 (use --checkers-report=<filename> to see details),nofile|0|information|checkersReport|Active checkers: 113/592 (use --checkers-report=<filename> to see details),/home/yichen/Desktop/Qwen_SDF_Results08/logs/F004_cppcheck.log
/home/yichen/Desktop/Qwen_SDF08/F005.c,cppcheck,True,success,True,0,5,2,information,missingIncludeSystem,Include file: <stdio.h> not found. Please note: Cppcheck does not need standard library headers to get proper results.,/home/yichen/Desktop/Qwen_SDF08/F005.c|2|information|missingIncludeSystem|Include file: <stdio.h> not found. Please note: Cppcheck does not need standard library headers to get proper results.,/home/yichen/Desktop/Qwen_SDF_Results08/logs/F005_cppcheck.log
/home/yichen/Desktop/Qwen_SDF08/F005.c,cppcheck,True,success,True,0,5,3,information,missingIncludeSystem,Include file: <stdlib.h> not found. Please note: Cppcheck does not need standard library headers to get proper results.,/home/yichen/Desktop/Qwen_SDF08/F005.c|3|information|missingIncludeSystem|Include file: <stdlib.h> not found. Please note: Cppcheck does not need standard library headers to get proper results.,/home/yichen/Desktop/Qwen_SDF_Results08/logs/F005_cppcheck.log
/home/yichen/Desktop/Qwen_SDF08/F005.c,cppcheck,True,success,True,0,5,4,information,missingIncludeSystem,Include file: <string.h> not found. Please note: Cppcheck does not need standard library headers to get proper results.,/home/yichen/Desktop/Qwen_SDF08/F005.c|4|information|missingIncludeSystem|Include file: <string.h> not found. Please note: Cppcheck does not need standard library headers to get proper results.,/home/yichen/Desktop/Qwen_SDF_Results08/logs/F005_cppcheck.log
/home/yichen/Desktop/Qwen_SDF08/F005.c,cppcheck,True,success,True,0,5,5,information,missingIncludeSystem,Include file: <stdint.h> not found. Please note: Cppcheck does not need standard library headers to get proper results.,/home/yichen/Desktop/Qwen_SDF08/F005.c|5|information|missingIncludeSystem|Include file: <stdint.h> not found. Please note: Cppcheck does not need standard library headers to get proper results.,/home/yichen/Desktop/Qwen_SDF_Results08/logs/F005_cppcheck.log
nofile,cppcheck,True,success,True,0,5,0,information,checkersReport,Active checkers: 113/592 (use --checkers-report=<filename> to see details),nofile|0|information|checkersReport|Active checkers: 113/592 (use --checkers-report=<filename> to see details),/home/yichen/Desktop/Qwen_SDF_Results08/logs/F005_cppcheck.log
/home/yichen/Desktop/Qwen_SDF08/F006.c,cppcheck,True,success,True,0,9,2,information,missingIncludeSystem,Include file: <stdio.h> not found. Please note: Cppcheck does not need standard library headers to get proper results.,/home/yichen/Desktop/Qwen_SDF08/F006.c|2|information|missingIncludeSystem|Include file: <stdio.h> not found. Please note: Cppcheck does not need standard library headers to get proper results.,/home/yichen/Desktop/Qwen_SDF_Results08/logs/F006_cppcheck.log
/home/yichen/Desktop/Qwen_SDF08/F006.c,cppcheck,True,success,True,0,9,3,information,missingIncludeSystem,Include file: <stdlib.h> not found. Please note: Cppcheck does not need standard library headers to get proper results.,/home/yichen/Desktop/Qwen_SDF08/F006.c|3|information|missingIncludeSystem|Include file: <stdlib.h> not found. Please note: Cppcheck does not need standard library headers to get proper results.,/home/yichen/Desktop/Qwen_SDF_Results08/logs/F006_cppcheck.log
/home/yichen/Desktop/Qwen_SDF08/F006.c,cppcheck,True,success,True,0,9,4,information,missingIncludeSystem,Include file: <string.h> not found. Please note: Cppcheck does not need standard library headers to get proper results.,/home/yichen/Desktop/Qwen_SDF08/F006.c|4|information|missingIncludeSystem|Include file: <string.h> not found. Please note: Cppcheck does not need standard library headers to get proper results.,/home/yichen/Desktop/Qwen_SDF_Results08/logs/F006_cppcheck.log
/home/yichen/Desktop/Qwen_SDF08/F006.c,cppcheck,True,success,True,0,9,5,information,missingIncludeSystem,Include file: <stdint.h> not found. Please note: Cppcheck does not need standard library headers to get proper results.,/home/yichen/Desktop/Qwen_SDF08/F006.c|5|information|missingIncludeSystem|Include file: <stdint.h> not found. Please note: Cppcheck does not need standard library headers to get proper results.,/home/yichen/Desktop/Qwen_SDF_Results08/logs/F006_cppcheck.log
/home/yichen/Desktop/Qwen_SDF08/F006.c,cppcheck,True,success,True,0,9,69,style,constVariablePointer,Variable 'item_start' can be declared as pointer to const,/home/yichen/Desktop/Qwen_SDF08/F006.c|69|style|constVariablePointer|Variable 'item_start' can be declared as pointer to const,/home/yichen/Desktop/Qwen_SDF_Results08/logs/F006_cppcheck.log
/home/yichen/Desktop/Qwen_SDF08/F006.c,cppcheck,True,success,True,0,9,98,style,constVariablePointer,Variable 'item_start' can be declared as pointer to const,/home/yichen/Desktop/Qwen_SDF08/F006.c|98|style|constVariablePointer|Variable 'item_start' can be declared as pointer to const,/home/yichen/Desktop/Qwen_SDF_Results08/logs/F006_cppcheck.log
/home/yichen/Desktop/Qwen_SDF08/F006.c,cppcheck,True,success,True,0,9,117,style,constVariablePointer,Variable 'item_start' can be declared as pointer to const,/home/yichen/Desktop/Qwen_SDF08/F006.c|117|style|constVariablePointer|Variable 'item_start' can be declared as pointer to const,/home/yichen/Desktop/Qwen_SDF_Results08/logs/F006_cppcheck.log
/home/yichen/Desktop/Qwen_SDF08/F006.c,cppcheck,True,success,True,0,9,134,style,constVariablePointer,Variable 'item_start' can be declared as pointer to const,/home/yichen/Desktop/Qwen_SDF08/F006.c|134|style|constVariablePointer|Variable 'item_start' can be declared as pointer to const,/home/yichen/Desktop/Qwen_SDF_Results08/logs/F006_cppcheck.log
nofile,cppcheck,True,success,True,0,9,0,information,checkersReport,Active checkers: 113/592 (use --checkers-report=<filename> to see details),nofile|0|information|checkersReport|Active checkers: 113/592 (use --checkers-report=<filename> to see details),/home/yichen/Desktop/Qwen_SDF_Results08/logs/F006_cppcheck.log
/home/yichen/Desktop/Qwen_SDF08/F007.c,cppcheck,True,success,True,0,10,2,information,missingIncludeSystem,Include file: <stdio.h> not found. Please note: Cppcheck does not need standard library headers to get proper results.,/home/yichen/Desktop/Qwen_SDF08/F007.c|2|information|missingIncludeSystem|Include file: <stdio.h> not found. Please note: Cppcheck does not need standard library headers to get proper results.,/home/yichen/Desktop/Qwen_SDF_Results08/logs/F007_cppcheck.log
/home/yichen/Desktop/Qwen_SDF08/F007.c,cppcheck,True,success,True,0,10,3,information,missingIncludeSystem,Include file: <stdlib.h> not found. Please note: Cppcheck does not need standard library headers to get proper results.,/home/yichen/Desktop/Qwen_SDF08/F007.c|3|information|missingIncludeSystem|Include file: <stdlib.h> not found. Please note: Cppcheck does not need standard library headers to get proper results.,/home/yichen/Desktop/Qwen_SDF_Results08/logs/F007_cppcheck.log
/home/yichen/Desktop/Qwen_SDF08/F007.c,cppcheck,True,success,True,0,10,4,information,missingIncludeSystem,Include file: <string.h> not found. Please note: Cppcheck does not need standard library headers to get proper results.,/home/yichen/Desktop/Qwen_SDF08/F007.c|4|information|missingIncludeSystem|Include file: <string.h> not found. Please note: Cppcheck does not need standard library headers to get proper results.,/home/yichen/Desktop/Qwen_SDF_Results08/logs/F007_cppcheck.log
/home/yichen/Desktop/Qwen_SDF08/F007.c,cppcheck,True,success,True,0,10,5,information,missingIncludeSystem,Include file: <stdint.h> not found. Please note: Cppcheck does not need standard library headers to get proper results.,/home/yichen/Desktop/Qwen_SDF08/F007.c|5|information|missingIncludeSystem|Include file: <stdint.h> not found. Please note: Cppcheck does not need standard library headers to get proper results.,/home/yichen/Desktop/Qwen_SDF_Results08/logs/F007_cppcheck.log
/home/yichen/Desktop/Qwen_SDF08/F007.c,cppcheck,True,success,True,0,10,71,style,constVariablePointer,Variable 't_start' can be declared as pointer to const,/home/yichen/Desktop/Qwen_SDF08/F007.c|71|style|constVariablePointer|Variable 't_start' can be declared as pointer to const,/home/yichen/Desktop/Qwen_SDF_Results08/logs/F007_cppcheck.log
/home/yichen/Desktop/Qwen_SDF08/F007.c,cppcheck,True,success,True,0,10,76,style,constVariablePointer,Variable 'l_start' can be declared as pointer to const,/home/yichen/Desktop/Qwen_SDF08/F007.c|76|style|constVariablePointer|Variable 'l_start' can be declared as pointer to const,/home/yichen/Desktop/Qwen_SDF_Results08/logs/F007_cppcheck.log
/home/yichen/Desktop/Qwen_SDF08/F007.c,cppcheck,True,success,True,0,10,92,style,constVariablePointer,Variable 't_start' can be declared as pointer to const,/home/yichen/Desktop/Qwen_SDF08/F007.c|92|style|constVariablePointer|Variable 't_start' can be declared as pointer to const,/home/yichen/Desktop/Qwen_SDF_Results08/logs/F007_cppcheck.log
/home/yichen/Desktop/Qwen_SDF08/F007.c,cppcheck,True,success,True,0,10,96,style,constVariablePointer,Variable 'l_start' can be declared as pointer to const,/home/yichen/Desktop/Qwen_SDF08/F007.c|96|style|constVariablePointer|Variable 'l_start' can be declared as pointer to const,/home/yichen/Desktop/Qwen_SDF_Results08/logs/F007_cppcheck.log
/home/yichen/Desktop/Qwen_SDF08/F007.c,cppcheck,True,success,True,0,10,114,style,constVariablePointer,Variable 'l_start' can be declared as pointer to const,/home/yichen/Desktop/Qwen_SDF08/F007.c|114|style|constVariablePointer|Variable 'l_start' can be declared as pointer to const,/home/yichen/Desktop/Qwen_SDF_Results08/logs/F007_cppcheck.log
nofile,cppcheck,True,success,True,0,10,0,information,checkersReport,Active checkers: 113/592 (use --checkers-report=<filename> to see details),nofile|0|information|checkersReport|Active checkers: 113/592 (use --checkers-report=<filename> to see details),/home/yichen/Desktop/Qwen_SDF_Results08/logs/F007_cppcheck.log
/home/yichen/Desktop/Qwen_SDF08/F008.c,cppcheck,True,success,True,0,7,2,information,missingIncludeSystem,Include file: <stdio.h> not found. Please note: Cppcheck does not need standard library headers to get proper results.,/home/yichen/Desktop/Qwen_SDF08/F008.c|2|information|missingIncludeSystem|Include file: <stdio.h> not found. Please note: Cppcheck does not need standard library headers to get proper results.,/home/yichen/Desktop/Qwen_SDF_Results08/logs/F008_cppcheck.log
/home/yichen/Desktop/Qwen_SDF08/F008.c,cppcheck,True,success,True,0,7,3,information,missingIncludeSystem,Include file: <stdlib.h> not found. Please note: Cppcheck does not need standard library headers to get proper results.,/home/yichen/Desktop/Qwen_SDF08/F008.c|3|information|missingIncludeSystem|Include file: <stdlib.h> not found. Please note: Cppcheck does not need standard library headers to get proper results.,/home/yichen/Desktop/Qwen_SDF_Results08/logs/F008_cppcheck.log
/home/yichen/Desktop/Qwen_SDF08/F008.c,cppcheck,True,success,True,0,7,4,information,missingIncludeSystem,Include file: <string.h> not found. Please note: Cppcheck does not need standard library headers to get proper results.,/home/yichen/Desktop/Qwen_SDF08/F008.c|4|information|missingIncludeSystem|Include file: <string.h> not found. Please note: Cppcheck does not need standard library headers to get proper results.,/home/yichen/Desktop/Qwen_SDF_Results08/logs/F008_cppcheck.log
/home/yichen/Desktop/Qwen_SDF08/F008.c,cppcheck,True,success,True,0,7,5,information,missingIncludeSystem,Include file: <stdint.h> not found. Please note: Cppcheck does not need standard library headers to get proper results.,/home/yichen/Desktop/Qwen_SDF08/F008.c|5|information|missingIncludeSystem|Include file: <stdint.h> not found. Please note: Cppcheck does not need standard library headers to get proper results.,/home/yichen/Desktop/Qwen_SDF_Results08/logs/F008_cppcheck.log
/home/yichen/Desktop/Qwen_SDF08/F008.c,cppcheck,True,success,True,0,7,70,style,constVariablePointer,Variable 'n_start' can be declared as pointer to const,/home/yichen/Desktop/Qwen_SDF08/F008.c|70|style|constVariablePointer|Variable 'n_start' can be declared as pointer to const,/home/yichen/Desktop/Qwen_SDF_Results08/logs/F008_cppcheck.log
/home/yichen/Desktop/Qwen_SDF08/F008.c,cppcheck,True,success,True,0,7,100,style,constVariablePointer,Variable 'n_start' can be declared as pointer to const,/home/yichen/Desktop/Qwen_SDF08/F008.c|100|style|constVariablePointer|Variable 'n_start' can be declared as pointer to const,/home/yichen/Desktop/Qwen_SDF_Results08/logs/F008_cppcheck.log
nofile,cppcheck,True,success,True,0,7,0,information,checkersReport,Active checkers: 113/592 (use --checkers-report=<filename> to see details),nofile|0|information|checkersReport|Active checkers: 113/592 (use --checkers-report=<filename> to see details),/home/yichen/Desktop/Qwen_SDF_Results08/logs/F008_cppcheck.log
/home/yichen/Desktop/Qwen_SDF08/F009.c,cppcheck,True,success,True,0,13,2,information,missingIncludeSystem,Include file: <stdio.h> not found. Please note: Cppcheck does not need standard library headers to get proper results.,/home/yichen/Desktop/Qwen_SDF08/F009.c|2|information|missingIncludeSystem|Include file: <stdio.h> not found. Please note: Cppcheck does not need standard library headers to get proper results.,/home/yichen/Desktop/Qwen_SDF_Results08/logs/F009_cppcheck.log
/home/yichen/Desktop/Qwen_SDF08/F009.c,cppcheck,True,success,True,0,13,3,information,missingIncludeSystem,Include file: <stdlib.h> not found. Please note: Cppcheck does not need standard library headers to get proper results.,/home/yichen/Desktop/Qwen_SDF08/F009.c|3|information|missingIncludeSystem|Include file: <stdlib.h> not found. Please note: Cppcheck does not need standard library headers to get proper results.,/home/yichen/Desktop/Qwen_SDF_Results08/logs/F009_cppcheck.log
/home/yichen/Desktop/Qwen_SDF08/F009.c,cppcheck,True,success,True,0,13,4,information,missingIncludeSystem,Include file: <string.h> not found. Please note: Cppcheck does not need standard library headers to get proper results.,/home/yichen/Desktop/Qwen_SDF08/F009.c|4|information|missingIncludeSystem|Include file: <string.h> not found. Please note: Cppcheck does not need standard library headers to get proper results.,/home/yichen/Desktop/Qwen_SDF_Results08/logs/F009_cppcheck.log
/home/yichen/Desktop/Qwen_SDF08/F009.c,cppcheck,True,success,True,0,13,5,information,missingIncludeSystem,Include file: <stdint.h> not found. Please note: Cppcheck does not need standard library headers to get proper results.,/home/yichen/Desktop/Qwen_SDF08/F009.c|5|information|missingIncludeSystem|Include file: <stdint.h> not found. Please note: Cppcheck does not need standard library headers to get proper results.,/home/yichen/Desktop/Qwen_SDF_Results08/logs/F009_cppcheck.log
/home/yichen/Desktop/Qwen_SDF08/F009.c,cppcheck,True,success,True,0,13,75,style,constVariablePointer,Variable 'g_start' can be declared as pointer to const,/home/yichen/Desktop/Qwen_SDF08/F009.c|75|style|constVariablePointer|Variable 'g_start' can be declared as pointer to const,/home/yichen/Desktop/Qwen_SDF_Results08/logs/F009_cppcheck.log
/home/yichen/Desktop/Qwen_SDF08/F009.c,cppcheck,True,success,True,0,13,106,style,constVariablePointer,Variable 'g1' can be declared as pointer to const,/home/yichen/Desktop/Qwen_SDF08/F009.c|106|style|constVariablePointer|Variable 'g1' can be declared as pointer to const,/home/yichen/Desktop/Qwen_SDF_Results08/logs/F009_cppcheck.log
/home/yichen/Desktop/Qwen_SDF08/F009.c,cppcheck,True,success,True,0,13,109,style,constVariablePointer,Variable 'g2' can be declared as pointer to const,/home/yichen/Desktop/Qwen_SDF08/F009.c|109|style|constVariablePointer|Variable 'g2' can be declared as pointer to const,/home/yichen/Desktop/Qwen_SDF_Results08/logs/F009_cppcheck.log
/home/yichen/Desktop/Qwen_SDF08/F009.c,cppcheck,True,success,True,0,13,112,style,constVariablePointer,Variable 'ng' can be declared as pointer to const,/home/yichen/Desktop/Qwen_SDF08/F009.c|112|style|constVariablePointer|Variable 'ng' can be declared as pointer to const,/home/yichen/Desktop/Qwen_SDF_Results08/logs/F009_cppcheck.log
/home/yichen/Desktop/Qwen_SDF08/F009.c,cppcheck,True,success,True,0,13,116,style,constVariablePointer,Variable 'src1' can be declared as pointer to const,/home/yichen/Desktop/Qwen_SDF08/F009.c|116|style|constVariablePointer|Variable 'src1' can be declared as pointer to const,/home/yichen/Desktop/Qwen_SDF_Results08/logs/F009_cppcheck.log
/home/yichen/Desktop/Qwen_SDF08/F009.c,cppcheck,True,success,True,0,13,116,style,constVariablePointer,Variable 'src2' can be declared as pointer to const,/home/yichen/Desktop/Qwen_SDF08/F009.c|116|style|constVariablePointer|Variable 'src2' can be declared as pointer to const,/home/yichen/Desktop/Qwen_SDF_Results08/logs/F009_cppcheck.log
/home/yichen/Desktop/Qwen_SDF08/F009.c,cppcheck,True,success,True,0,13,180,style,constVariablePointer,Variable 'g_start' can be declared as pointer to const,/home/yichen/Desktop/Qwen_SDF08/F009.c|180|style|constVariablePointer|Variable 'g_start' can be declared as pointer to const,/home/yichen/Desktop/Qwen_SDF_Results08/logs/F009_cppcheck.log
/home/yichen/Desktop/Qwen_SDF08/F009.c,cppcheck,True,success,True,0,13,201,style,constVariablePointer,Variable 'g_start' can be declared as pointer to const,/home/yichen/Desktop/Qwen_SDF08/F009.c|201|style|constVariablePointer|Variable 'g_start' can be declared as pointer to const,/home/yichen/Desktop/Qwen_SDF_Results08/logs/F009_cppcheck.log
nofile,cppcheck,True,success,True,0,13,0,information,checkersReport,Active checkers: 113/592 (use --checkers-report=<filename> to see details),nofile|0|information|checkersReport|Active checkers: 113/592 (use --checkers-report=<filename> to see details),/home/yichen/Desktop/Qwen_SDF_Results08/logs/F009_cppcheck.log
/home/yichen/Desktop/Qwen_SDF08/F010.c,cppcheck,True,success,True,0,10,2,information,missingIncludeSystem,Include file: <stdio.h> not found. Please note: Cppcheck does not need standard library headers to get proper results.,/home/yichen/Desktop/Qwen_SDF08/F010.c|2|information|missingIncludeSystem|Include file: <stdio.h> not found. Please note: Cppcheck does not need standard library headers to get proper results.,/home/yichen/Desktop/Qwen_SDF_Results08/logs/F010_cppcheck.log
/home/yichen/Desktop/Qwen_SDF08/F010.c,cppcheck,True,success,True,0,10,3,information,missingIncludeSystem,Include file: <stdlib.h> not found. Please note: Cppcheck does not need standard library headers to get proper results.,/home/yichen/Desktop/Qwen_SDF08/F010.c|3|information|missingIncludeSystem|Include file: <stdlib.h> not found. Please note: Cppcheck does not need standard library headers to get proper results.,/home/yichen/Desktop/Qwen_SDF_Results08/logs/F010_cppcheck.log
/home/yichen/Desktop/Qwen_SDF08/F010.c,cppcheck,True,success,True,0,10,4,information,missingIncludeSystem,Include file: <string.h> not found. Please note: Cppcheck does not need standard library headers to get proper results.,/home/yichen/Desktop/Qwen_SDF08/F010.c|4|information|missingIncludeSystem|Include file: <string.h> not found. Please note: Cppcheck does not need standard library headers to get proper results.,/home/yichen/Desktop/Qwen_SDF_Results08/logs/F010_cppcheck.log
/home/yichen/Desktop/Qwen_SDF08/F010.c,cppcheck,True,success,True,0,10,5,information,missingIncludeSystem,Include file: <stdint.h> not found. Please note: Cppcheck does not need standard library headers to get proper results.,/home/yichen/Desktop/Qwen_SDF08/F010.c|5|information|missingIncludeSystem|Include file: <stdint.h> not found. Please note: Cppcheck does not need standard library headers to get proper results.,/home/yichen/Desktop/Qwen_SDF_Results08/logs/F010_cppcheck.log
/home/yichen/Desktop/Qwen_SDF08/F010.c,cppcheck,True,success,True,0,10,75,style,constVariablePointer,Variable 'k_start' can be declared as pointer to const,/home/yichen/Desktop/Qwen_SDF08/F010.c|75|style|constVariablePointer|Variable 'k_start' can be declared as pointer to const,/home/yichen/Desktop/Qwen_SDF_Results08/logs/F010_cppcheck.log
/home/yichen/Desktop/Qwen_SDF08/F010.c,cppcheck,True,success,True,0,10,106,style,constVariablePointer,Variable 'k_start' can be declared as pointer to const,/home/yichen/Desktop/Qwen_SDF08/F010.c|106|style|constVariablePointer|Variable 'k_start' can be declared as pointer to const,/home/yichen/Desktop/Qwen_SDF_Results08/logs/F010_cppcheck.log
/home/yichen/Desktop/Qwen_SDF08/F010.c,cppcheck,True,success,True,0,10,109,style,constVariablePointer,Variable 'v_start' can be declared as pointer to const,/home/yichen/Desktop/Qwen_SDF08/F010.c|109|style|constVariablePointer|Variable 'v_start' can be declared as pointer to const,/home/yichen/Desktop/Qwen_SDF_Results08/logs/F010_cppcheck.log
/home/yichen/Desktop/Qwen_SDF08/F010.c,cppcheck,True,success,True,0,10,131,style,constVariablePointer,Variable 'k_start' can be declared as pointer to const,/home/yichen/Desktop/Qwen_SDF08/F010.c|131|style|constVariablePointer|Variable 'k_start' can be declared as pointer to const,/home/yichen/Desktop/Qwen_SDF_Results08/logs/F010_cppcheck.log
/home/yichen/Desktop/Qwen_SDF08/F010.c,cppcheck,True,success,True,0,10,152,style,constVariablePointer,Variable 'k_start' can be declared as pointer to const,/home/yichen/Desktop/Qwen_SDF08/F010.c|152|style|constVariablePointer|Variable 'k_start' can be declared as pointer to const,/home/yichen/Desktop/Qwen_SDF_Results08/logs/F010_cppcheck.log
nofile,cppcheck,True,success,True,0,10,0,information,checkersReport,Active checkers: 113/592 (use --checkers-report=<filename> to see details),nofile|0|information|checkersReport|Active checkers: 113/592 (use --checkers-report=<filename> to see details),/home/yichen/Desktop/Qwen_SDF_Results08/logs/F010_cppcheck.log
/home/yichen/Desktop/Qwen_SDF08/F011.c,cppcheck,True,success,True,0,9,2,information,missingIncludeSystem,Include file: <stdio.h> not found. Please note: Cppcheck does not need standard library headers to get proper results.,/home/yichen/Desktop/Qwen_SDF08/F011.c|2|information|missingIncludeSystem|Include file: <stdio.h> not found. Please note: Cppcheck does not need standard library headers to get proper results.,/home/yichen/Desktop/Qwen_SDF_Results08/logs/F011_cppcheck.log
/home/yichen/Desktop/Qwen_SDF08/F011.c,cppcheck,True,success,True,0,9,3,information,missingIncludeSystem,Include file: <stdlib.h> not found. Please note: Cppcheck does not need standard library headers to get proper results.,/home/yichen/Desktop/Qwen_SDF08/F011.c|3|information|missingIncludeSystem|Include file: <stdlib.h> not found. Please note: Cppcheck does not need standard library headers to get proper results.,/home/yichen/Desktop/Qwen_SDF_Results08/logs/F011_cppcheck.log
/home/yichen/Desktop/Qwen_SDF08/F011.c,cppcheck,True,success,True,0,9,4,information,missingIncludeSystem,Include file: <string.h> not found. Please note: Cppcheck does not need standard library headers to get proper results.,/home/yichen/Desktop/Qwen_SDF08/F011.c|4|information|missingIncludeSystem|Include file: <string.h> not found. Please note: Cppcheck does not need standard library headers to get proper results.,/home/yichen/Desktop/Qwen_SDF_Results08/logs/F011_cppcheck.log
/home/yichen/Desktop/Qwen_SDF08/F011.c,cppcheck,True,success,True,0,9,5,information,missingIncludeSystem,Include file: <stdint.h> not found. Please note: Cppcheck does not need standard library headers to get proper results.,/home/yichen/Desktop/Qwen_SDF08/F011.c|5|information|missingIncludeSystem|Include file: <stdint.h> not found. Please note: Cppcheck does not need standard library headers to get proper results.,/home/yichen/Desktop/Qwen_SDF_Results08/logs/F011_cppcheck.log
/home/yichen/Desktop/Qwen_SDF08/F011.c,cppcheck,True,success,True,0,9,80,style,constVariablePointer,Variable 't_start' can be declared as pointer to const,/home/yichen/Desktop/Qwen_SDF08/F011.c|80|style|constVariablePointer|Variable 't_start' can be declared as pointer to const,/home/yichen/Desktop/Qwen_SDF_Results08/logs/F011_cppcheck.log
/home/yichen/Desktop/Qwen_SDF08/F011.c,cppcheck,True,success,True,0,9,100,style,constVariablePointer,Variable 't_start' can be declared as pointer to const,/home/yichen/Desktop/Qwen_SDF08/F011.c|100|style|constVariablePointer|Variable 't_start' can be declared as pointer to const,/home/yichen/Desktop/Qwen_SDF_Results08/logs/F011_cppcheck.log
/home/yichen/Desktop/Qwen_SDF08/F011.c,cppcheck,True,success,True,0,9,114,style,constVariablePointer,Variable 't_start' can be declared as pointer to const,/home/yichen/Desktop/Qwen_SDF08/F011.c|114|style|constVariablePointer|Variable 't_start' can be declared as pointer to const,/home/yichen/Desktop/Qwen_SDF_Results08/logs/F011_cppcheck.log
/home/yichen/Desktop/Qwen_SDF08/F011.c,cppcheck,True,success,True,0,9,145,style,constVariablePointer,Variable 't_start' can be declared as pointer to const,/home/yichen/Desktop/Qwen_SDF08/F011.c|145|style|constVariablePointer|Variable 't_start' can be declared as pointer to const,/home/yichen/Desktop/Qwen_SDF_Results08/logs/F011_cppcheck.log
nofile,cppcheck,True,success,True,0,9,0,information,checkersReport,Active checkers: 113/592 (use --checkers-report=<filename> to see details),nofile|0|information|checkersReport|Active checkers: 113/592 (use --checkers-report=<filename> to see details),/home/yichen/Desktop/Qwen_SDF_Results08/logs/F011_cppcheck.log
/home/yichen/Desktop/Qwen_SDF08/F012.c,cppcheck,True,success,True,0,8,2,information,missingIncludeSystem,Include file: <stdio.h> not found. Please note: Cppcheck does not need standard library headers to get proper results.,/home/yichen/Desktop/Qwen_SDF08/F012.c|2|information|missingIncludeSystem|Include file: <stdio.h> not found. Please note: Cppcheck does not need standard library headers to get proper results.,/home/yichen/Desktop/Qwen_SDF_Results08/logs/F012_cppcheck.log
/home/yichen/Desktop/Qwen_SDF08/F012.c,cppcheck,True,success,True,0,8,3,information,missingIncludeSystem,Include file: <stdlib.h> not found. Please note: Cppcheck does not need standard library headers to get proper results.,/home/yichen/Desktop/Qwen_SDF08/F012.c|3|information|missingIncludeSystem|Include file: <stdlib.h> not found. Please note: Cppcheck does not need standard library headers to get proper results.,/home/yichen/Desktop/Qwen_SDF_Results08/logs/F012_cppcheck.log
/home/yichen/Desktop/Qwen_SDF08/F012.c,cppcheck,True,success,True,0,8,4,information,missingIncludeSystem,Include file: <string.h> not found. Please note: Cppcheck does not need standard library headers to get proper results.,/home/yichen/Desktop/Qwen_SDF08/F012.c|4|information|missingIncludeSystem|Include file: <string.h> not found. Please note: Cppcheck does not need standard library headers to get proper results.,/home/yichen/Desktop/Qwen_SDF_Results08/logs/F012_cppcheck.log
/home/yichen/Desktop/Qwen_SDF08/F012.c,cppcheck,True,success,True,0,8,5,information,missingIncludeSystem,Include file: <stdint.h> not found. Please note: Cppcheck does not need standard library headers to get proper results.,/home/yichen/Desktop/Qwen_SDF08/F012.c|5|information|missingIncludeSystem|Include file: <stdint.h> not found. Please note: Cppcheck does not need standard library headers to get proper results.,/home/yichen/Desktop/Qwen_SDF_Results08/logs/F012_cppcheck.log
/home/yichen/Desktop/Qwen_SDF08/F012.c,cppcheck,True,success,True,0,8,69,style,constVariablePointer,Variable 'n_start' can be declared as pointer to const,/home/yichen/Desktop/Qwen_SDF08/F012.c|69|style|constVariablePointer|Variable 'n_start' can be declared as pointer to const,/home/yichen/Desktop/Qwen_SDF_Results08/logs/F012_cppcheck.log
/home/yichen/Desktop/Qwen_SDF08/F012.c,cppcheck,True,success,True,0,8,93,style,constVariablePointer,Variable 'n_start' can be declared as pointer to const,/home/yichen/Desktop/Qwen_SDF08/F012.c|93|style|constVariablePointer|Variable 'n_start' can be declared as pointer to const,/home/yichen/Desktop/Qwen_SDF_Results08/logs/F012_cppcheck.log
/home/yichen/Desktop/Qwen_SDF08/F012.c,cppcheck,True,success,True,0,8,111,style,constVariablePointer,Variable 'n_start' can be declared as pointer to const,/home/yichen/Desktop/Qwen_SDF08/F012.c|111|style|constVariablePointer|Variable 'n_start' can be declared as pointer to const,/home/yichen/Desktop/Qwen_SDF_Results08/logs/F012_cppcheck.log
nofile,cppcheck,True,success,True,0,8,0,information,checkersReport,Active checkers: 113/592 (use --checkers-report=<filename> to see details),nofile|0|information|checkersReport|Active checkers: 113/592 (use --checkers-report=<filename> to see details),/home/yichen/Desktop/Qwen_SDF_Results08/logs/F012_cppcheck.log
/home/yichen/Desktop/Qwen_SDF08/F013.c,cppcheck,True,success,True,0,8,2,information,missingIncludeSystem,Include file: <stdio.h> not found. Please note: Cppcheck does not need standard library headers to get proper results.,/home/yichen/Desktop/Qwen_SDF08/F013.c|2|information|missingIncludeSystem|Include file: <stdio.h> not found. Please note: Cppcheck does not need standard library headers to get proper results.,/home/yichen/Desktop/Qwen_SDF_Results08/logs/F013_cppcheck.log
/home/yichen/Desktop/Qwen_SDF08/F013.c,cppcheck,True,success,True,0,8,3,information,missingIncludeSystem,Include file: <stdlib.h> not found. Please note: Cppcheck does not need standard library headers to get proper results.,/home/yichen/Desktop/Qwen_SDF08/F013.c|3|information|missingIncludeSystem|Include file: <stdlib.h> not found. Please note: Cppcheck does not need standard library headers to get proper results.,/home/yichen/Desktop/Qwen_SDF_Results08/logs/F013_cppcheck.log
/home/yichen/Desktop/Qwen_SDF08/F013.c,cppcheck,True,success,True,0,8,4,information,missingIncludeSystem,Include file: <string.h> not found. Please note: Cppcheck does not need standard library headers to get proper results.,/home/yichen/Desktop/Qwen_SDF08/F013.c|4|information|missingIncludeSystem|Include file: <string.h> not found. Please note: Cppcheck does not need standard library headers to get proper results.,/home/yichen/Desktop/Qwen_SDF_Results08/logs/F013_cppcheck.log
/home/yichen/Desktop/Qwen_SDF08/F013.c,cppcheck,True,success,True,0,8,5,information,missingIncludeSystem,Include file: <stdint.h> not found. Please note: Cppcheck does not need standard library headers to get proper results.,/home/yichen/Desktop/Qwen_SDF08/F013.c|5|information|missingIncludeSystem|Include file: <stdint.h> not found. Please note: Cppcheck does not need standard library headers to get proper results.,/home/yichen/Desktop/Qwen_SDF_Results08/logs/F013_cppcheck.log
/home/yichen/Desktop/Qwen_SDF08/F013.c,cppcheck,True,success,True,0,8,70,style,constVariablePointer,Variable 't_start' can be declared as pointer to const,/home/yichen/Desktop/Qwen_SDF08/F013.c|70|style|constVariablePointer|Variable 't_start' can be declared as pointer to const,/home/yichen/Desktop/Qwen_SDF_Results08/logs/F013_cppcheck.log
/home/yichen/Desktop/Qwen_SDF08/F013.c,cppcheck,True,success,True,0,8,85,style,constVariablePointer,Variable 't_start' can be declared as pointer to const,/home/yichen/Desktop/Qwen_SDF08/F013.c|85|style|constVariablePointer|Variable 't_start' can be declared as pointer to const,/home/yichen/Desktop/Qwen_SDF_Results08/logs/F013_cppcheck.log
/home/yichen/Desktop/Qwen_SDF08/F013.c,cppcheck,True,success,True,0,8,109,style,constVariablePointer,Variable 't_start' can be declared as pointer to const,/home/yichen/Desktop/Qwen_SDF08/F013.c|109|style|constVariablePointer|Variable 't_start' can be declared as pointer to const,/home/yichen/Desktop/Qwen_SDF_Results08/logs/F013_cppcheck.log
nofile,cppcheck,True,success,True,0,8,0,information,checkersReport,Active checkers: 113/592 (use --checkers-report=<filename> to see details),nofile|0|information|checkersReport|Active checkers: 113/592 (use --checkers-report=<filename> to see details),/home/yichen/Desktop/Qwen_SDF_Results08/logs/F013_cppcheck.log
/home/yichen/Desktop/Qwen_SDF08/F014.c,cppcheck,True,success,True,0,12,2,information,missingIncludeSystem,Include file: <stdio.h> not found. Please note: Cppcheck does not need standard library headers to get proper results.,/home/yichen/Desktop/Qwen_SDF08/F014.c|2|information|missingIncludeSystem|Include file: <stdio.h> not found. Please note: Cppcheck does not need standard library headers to get proper results.,/home/yichen/Desktop/Qwen_SDF_Results08/logs/F014_cppcheck.log
/home/yichen/Desktop/Qwen_SDF08/F014.c,cppcheck,True,success,True,0,12,3,information,missingIncludeSystem,Include file: <stdlib.h> not found. Please note: Cppcheck does not need standard library headers to get proper results.,/home/yichen/Desktop/Qwen_SDF08/F014.c|3|information|missingIncludeSystem|Include file: <stdlib.h> not found. Please note: Cppcheck does not need standard library headers to get proper results.,/home/yichen/Desktop/Qwen_SDF_Results08/logs/F014_cppcheck.log
/home/yichen/Desktop/Qwen_SDF08/F014.c,cppcheck,True,success,True,0,12,4,information,missingIncludeSystem,Include file: <string.h> not found. Please note: Cppcheck does not need standard library headers to get proper results.,/home/yichen/Desktop/Qwen_SDF08/F014.c|4|information|missingIncludeSystem|Include file: <string.h> not found. Please note: Cppcheck does not need standard library headers to get proper results.,/home/yichen/Desktop/Qwen_SDF_Results08/logs/F014_cppcheck.log
/home/yichen/Desktop/Qwen_SDF08/F014.c,cppcheck,True,success,True,0,12,5,information,missingIncludeSystem,Include file: <stdint.h> not found. Please note: Cppcheck does not need standard library headers to get proper results.,/home/yichen/Desktop/Qwen_SDF08/F014.c|5|information|missingIncludeSystem|Include file: <stdint.h> not found. Please note: Cppcheck does not need standard library headers to get proper results.,/home/yichen/Desktop/Qwen_SDF_Results08/logs/F014_cppcheck.log
/home/yichen/Desktop/Qwen_SDF08/F014.c,cppcheck,True,success,True,0,12,76,style,constVariablePointer,Variable 'n_start' can be declared as pointer to const,/home/yichen/Desktop/Qwen_SDF08/F014.c|76|style|constVariablePointer|Variable 'n_start' can be declared as pointer to const,/home/yichen/Desktop/Qwen_SDF_Results08/logs/F014_cppcheck.log
/home/yichen/Desktop/Qwen_SDF08/F014.c,cppcheck,True,success,True,0,12,93,style,constVariablePointer,Variable 'n_start' can be declared as pointer to const,/home/yichen/Desktop/Qwen_SDF08/F014.c|93|style|constVariablePointer|Variable 'n_start' can be declared as pointer to const,/home/yichen/Desktop/Qwen_SDF_Results08/logs/F014_cppcheck.log
/home/yichen/Desktop/Qwen_SDF08/F014.c,cppcheck,True,success,True,0,12,96,style,constVariablePointer,Variable 'l_start' can be declared as pointer to const,/home/yichen/Desktop/Qwen_SDF08/F014.c|96|style|constVariablePointer|Variable 'l_start' can be declared as pointer to const,/home/yichen/Desktop/Qwen_SDF_Results08/logs/F014_cppcheck.log
/home/yichen/Desktop/Qwen_SDF08/F014.c,cppcheck,True,success,True,0,12,113,style,constVariablePointer,Variable 'n_start' can be declared as pointer to const,/home/yichen/Desktop/Qwen_SDF08/F014.c|113|style|constVariablePointer|Variable 'n_start' can be declared as pointer to const,/home/yichen/Desktop/Qwen_SDF_Results08/logs/F014_cppcheck.log
/home/yichen/Desktop/Qwen_SDF08/F014.c,cppcheck,True,success,True,0,12,116,style,constVariablePointer,Variable 'l_start' can be declared as pointer to const,/home/yichen/Desktop/Qwen_SDF08/F014.c|116|style|constVariablePointer|Variable 'l_start' can be declared as pointer to const,/home/yichen/Desktop/Qwen_SDF_Results08/logs/F014_cppcheck.log
/home/yichen/Desktop/Qwen_SDF08/F014.c,cppcheck,True,success,True,0,12,138,style,constVariablePointer,Variable 'n_start' can be declared as pointer to const,/home/yichen/Desktop/Qwen_SDF08/F014.c|138|style|constVariablePointer|Variable 'n_start' can be declared as pointer to const,/home/yichen/Desktop/Qwen_SDF_Results08/logs/F014_cppcheck.log
/home/yichen/Desktop/Qwen_SDF08/F014.c,cppcheck,True,success,True,0,12,160,style,constVariablePointer,Variable 'n_start' can be declared as pointer to const,/home/yichen/Desktop/Qwen_SDF08/F014.c|160|style|constVariablePointer|Variable 'n_start' can be declared as pointer to const,/home/yichen/Desktop/Qwen_SDF_Results08/logs/F014_cppcheck.log
nofile,cppcheck,True,success,True,0,12,0,information,checkersReport,Active checkers: 113/592 (use --checkers-report=<filename> to see details),nofile|0|information|checkersReport|Active checkers: 113/592 (use --checkers-report=<filename> to see details),/home/yichen/Desktop/Qwen_SDF_Results08/logs/F014_cppcheck.log
/home/yichen/Desktop/Qwen_SDF08/F015.c,cppcheck,True,success,True,0,16,2,information,missingIncludeSystem,Include file: <stdio.h> not found. Please note: Cppcheck does not need standard library headers to get proper results.,/home/yichen/Desktop/Qwen_SDF08/F015.c|2|information|missingIncludeSystem|Include file: <stdio.h> not found. Please note: Cppcheck does not need standard library headers to get proper results.,/home/yichen/Desktop/Qwen_SDF_Results08/logs/F015_cppcheck.log
/home/yichen/Desktop/Qwen_SDF08/F015.c,cppcheck,True,success,True,0,16,3,information,missingIncludeSystem,Include file: <stdlib.h> not found. Please note: Cppcheck does not need standard library headers to get proper results.,/home/yichen/Desktop/Qwen_SDF08/F015.c|3|information|missingIncludeSystem|Include file: <stdlib.h> not found. Please note: Cppcheck does not need standard library headers to get proper results.,/home/yichen/Desktop/Qwen_SDF_Results08/logs/F015_cppcheck.log
/home/yichen/Desktop/Qwen_SDF08/F015.c,cppcheck,True,success,True,0,16,4,information,missingIncludeSystem,Include file: <string.h> not found. Please note: Cppcheck does not need standard library headers to get proper results.,/home/yichen/Desktop/Qwen_SDF08/F015.c|4|information|missingIncludeSystem|Include file: <string.h> not found. Please note: Cppcheck does not need standard library headers to get proper results.,/home/yichen/Desktop/Qwen_SDF_Results08/logs/F015_cppcheck.log
/home/yichen/Desktop/Qwen_SDF08/F015.c,cppcheck,True,success,True,0,16,5,information,missingIncludeSystem,Include file: <stdint.h> not found. Please note: Cppcheck does not need standard library headers to get proper results.,/home/yichen/Desktop/Qwen_SDF08/F015.c|5|information|missingIncludeSystem|Include file: <stdint.h> not found. Please note: Cppcheck does not need standard library headers to get proper results.,/home/yichen/Desktop/Qwen_SDF_Results08/logs/F015_cppcheck.log
/home/yichen/Desktop/Qwen_SDF08/F015.c,cppcheck,True,success,True,0,16,126,style,variableScope,The scope of the variable 'k_idx' can be reduced.,/home/yichen/Desktop/Qwen_SDF08/F015.c|126|style|variableScope|The scope of the variable 'k_idx' can be reduced.,/home/yichen/Desktop/Qwen_SDF_Results08/logs/F015_cppcheck.log
/home/yichen/Desktop/Qwen_SDF08/F015.c,cppcheck,True,success,True,0,16,82,style,constVariablePointer,Variable 'n_start' can be declared as pointer to const,/home/yichen/Desktop/Qwen_SDF08/F015.c|82|style|constVariablePointer|Variable 'n_start' can be declared as pointer to const,/home/yichen/Desktop/Qwen_SDF_Results08/logs/F015_cppcheck.log
/home/yichen/Desktop/Qwen_SDF08/F015.c,cppcheck,True,success,True,0,16,85,style,constVariablePointer,Variable 'e_start' can be declared as pointer to const,/home/yichen/Desktop/Qwen_SDF08/F015.c|85|style|constVariablePointer|Variable 'e_start' can be declared as pointer to const,/home/yichen/Desktop/Qwen_SDF_Results08/logs/F015_cppcheck.log
/home/yichen/Desktop/Qwen_SDF08/F015.c,cppcheck,True,success,True,0,16,88,style,constVariablePointer,Variable 'ph_start' can be declared as pointer to const,/home/yichen/Desktop/Qwen_SDF08/F015.c|88|style|constVariablePointer|Variable 'ph_start' can be declared as pointer to const,/home/yichen/Desktop/Qwen_SDF_Results08/logs/F015_cppcheck.log
/home/yichen/Desktop/Qwen_SDF08/F015.c,cppcheck,True,success,True,0,16,104,style,constVariablePointer,Variable 'n_start' can be declared as pointer to const,/home/yichen/Desktop/Qwen_SDF08/F015.c|104|style|constVariablePointer|Variable 'n_start' can be declared as pointer to const,/home/yichen/Desktop/Qwen_SDF_Results08/logs/F015_cppcheck.log
/home/yichen/Desktop/Qwen_SDF08/F015.c,cppcheck,True,success,True,0,16,118,style,constVariablePointer,Variable 'keep' can be declared as pointer to const,/home/yichen/Desktop/Qwen_SDF08/F015.c|118|style|constVariablePointer|Variable 'keep' can be declared as pointer to const,/home/yichen/Desktop/Qwen_SDF_Results08/logs/F015_cppcheck.log
/home/yichen/Desktop/Qwen_SDF08/F015.c,cppcheck,True,success,True,0,16,121,style,constVariablePointer,Variable 'rem' can be declared as pointer to const,/home/yichen/Desktop/Qwen_SDF08/F015.c|121|style|constVariablePointer|Variable 'rem' can be declared as pointer to const,/home/yichen/Desktop/Qwen_SDF_Results08/logs/F015_cppcheck.log
/home/yichen/Desktop/Qwen_SDF08/F015.c,cppcheck,True,success,True,0,16,150,style,constVariablePointer,Variable 'n_start' can be declared as pointer to const,/home/yichen/Desktop/Qwen_SDF08/F015.c|150|style|constVariablePointer|Variable 'n_start' can be declared as pointer to const,/home/yichen/Desktop/Qwen_SDF_Results08/logs/F015_cppcheck.log
/home/yichen/Desktop/Qwen_SDF08/F015.c,cppcheck,True,success,True,0,16,170,style,constVariablePointer,Variable 'n_start' can be declared as pointer to const,/home/yichen/Desktop/Qwen_SDF08/F015.c|170|style|constVariablePointer|Variable 'n_start' can be declared as pointer to const,/home/yichen/Desktop/Qwen_SDF_Results08/logs/F015_cppcheck.log
/home/yichen/Desktop/Qwen_SDF08/F015.c,cppcheck,True,success,True,0,16,126,style,unreadVariable,Variable 'k_idx' is assigned a value that is never used.,/home/yichen/Desktop/Qwen_SDF08/F015.c|126|style|unreadVariable|Variable 'k_idx' is assigned a value that is never used.,/home/yichen/Desktop/Qwen_SDF_Results08/logs/F015_cppcheck.log
/home/yichen/Desktop/Qwen_SDF08/F015.c,cppcheck,True,success,True,0,16,128,style,unreadVariable,Variable 'k_idx' is assigned a value that is never used.,/home/yichen/Desktop/Qwen_SDF08/F015.c|128|style|unreadVariable|Variable 'k_idx' is assigned a value that is never used.,/home/yichen/Desktop/Qwen_SDF_Results08/logs/F015_cppcheck.log
nofile,cppcheck,True,success,True,0,16,0,information,checkersReport,Active checkers: 113/592 (use --checkers-report=<filename> to see details),nofile|0|information|checkersReport|Active checkers: 113/592 (use --checkers-report=<filename> to see details),/home/yichen/Desktop/Qwen_SDF_Results08/logs/F015_cppcheck.log
/home/yichen/Desktop/Qwen_SDF08/F016.c,cppcheck,True,success,True,0,8,2,information,missingIncludeSystem,Include file: <stdio.h> not found. Please note: Cppcheck does not need standard library headers to get proper results.,/home/yichen/Desktop/Qwen_SDF08/F016.c|2|information|missingIncludeSystem|Include file: <stdio.h> not found. Please note: Cppcheck does not need standard library headers to get proper results.,/home/yichen/Desktop/Qwen_SDF_Results08/logs/F016_cppcheck.log
/home/yichen/Desktop/Qwen_SDF08/F016.c,cppcheck,True,success,True,0,8,3,information,missingIncludeSystem,Include file: <stdlib.h> not found. Please note: Cppcheck does not need standard library headers to get proper results.,/home/yichen/Desktop/Qwen_SDF08/F016.c|3|information|missingIncludeSystem|Include file: <stdlib.h> not found. Please note: Cppcheck does not need standard library headers to get proper results.,/home/yichen/Desktop/Qwen_SDF_Results08/logs/F016_cppcheck.log
/home/yichen/Desktop/Qwen_SDF08/F016.c,cppcheck,True,success,True,0,8,4,information,missingIncludeSystem,Include file: <string.h> not found. Please note: Cppcheck does not need standard library headers to get proper results.,/home/yichen/Desktop/Qwen_SDF08/F016.c|4|information|missingIncludeSystem|Include file: <string.h> not found. Please note: Cppcheck does not need standard library headers to get proper results.,/home/yichen/Desktop/Qwen_SDF_Results08/logs/F016_cppcheck.log
/home/yichen/Desktop/Qwen_SDF08/F016.c,cppcheck,True,success,True,0,8,5,information,missingIncludeSystem,Include file: <stdint.h> not found. Please note: Cppcheck does not need standard library headers to get proper results.,/home/yichen/Desktop/Qwen_SDF08/F016.c|5|information|missingIncludeSystem|Include file: <stdint.h> not found. Please note: Cppcheck does not need standard library headers to get proper results.,/home/yichen/Desktop/Qwen_SDF_Results08/logs/F016_cppcheck.log
/home/yichen/Desktop/Qwen_SDF08/F016.c,cppcheck,True,success,True,0,8,102,style,constVariablePointer,Variable 'n' can be declared as pointer to const,/home/yichen/Desktop/Qwen_SDF08/F016.c|102|style|constVariablePointer|Variable 'n' can be declared as pointer to const,/home/yichen/Desktop/Qwen_SDF_Results08/logs/F016_cppcheck.log
/home/yichen/Desktop/Qwen_SDF08/F016.c,cppcheck,True,success,True,0,8,124,style,constVariablePointer,Variable 'n_start' can be declared as pointer to const,/home/yichen/Desktop/Qwen_SDF08/F016.c|124|style|constVariablePointer|Variable 'n_start' can be declared as pointer to const,/home/yichen/Desktop/Qwen_SDF_Results08/logs/F016_cppcheck.log
/home/yichen/Desktop/Qwen_SDF08/F016.c,cppcheck,True,success,True,0,8,143,style,constVariablePointer,Variable 'n_start' can be declared as pointer to const,/home/yichen/Desktop/Qwen_SDF08/F016.c|143|style|constVariablePointer|Variable 'n_start' can be declared as pointer to const,/home/yichen/Desktop/Qwen_SDF_Results08/logs/F016_cppcheck.log
nofile,cppcheck,True,success,True,0,8,0,information,checkersReport,Active checkers: 113/592 (use --checkers-report=<filename> to see details),nofile|0|information|checkersReport|Active checkers: 113/592 (use --checkers-report=<filename> to see details),/home/yichen/Desktop/Qwen_SDF_Results08/logs/F016_cppcheck.log
/home/yichen/Desktop/Qwen_SDF08/F017.c,cppcheck,True,success,True,0,8,2,information,missingIncludeSystem,Include file: <stdio.h> not found. Please note: Cppcheck does not need standard library headers to get proper results.,/home/yichen/Desktop/Qwen_SDF08/F017.c|2|information|missingIncludeSystem|Include file: <stdio.h> not found. Please note: Cppcheck does not need standard library headers to get proper results.,/home/yichen/Desktop/Qwen_SDF_Results08/logs/F017_cppcheck.log
/home/yichen/Desktop/Qwen_SDF08/F017.c,cppcheck,True,success,True,0,8,3,information,missingIncludeSystem,Include file: <stdlib.h> not found. Please note: Cppcheck does not need standard library headers to get proper results.,/home/yichen/Desktop/Qwen_SDF08/F017.c|3|information|missingIncludeSystem|Include file: <stdlib.h> not found. Please note: Cppcheck does not need standard library headers to get proper results.,/home/yichen/Desktop/Qwen_SDF_Results08/logs/F017_cppcheck.log
/home/yichen/Desktop/Qwen_SDF08/F017.c,cppcheck,True,success,True,0,8,4,information,missingIncludeSystem,Include file: <string.h> not found. Please note: Cppcheck does not need standard library headers to get proper results.,/home/yichen/Desktop/Qwen_SDF08/F017.c|4|information|missingIncludeSystem|Include file: <string.h> not found. Please note: Cppcheck does not need standard library headers to get proper results.,/home/yichen/Desktop/Qwen_SDF_Results08/logs/F017_cppcheck.log
/home/yichen/Desktop/Qwen_SDF08/F017.c,cppcheck,True,success,True,0,8,5,information,missingIncludeSystem,Include file: <stdint.h> not found. Please note: Cppcheck does not need standard library headers to get proper results.,/home/yichen/Desktop/Qwen_SDF08/F017.c|5|information|missingIncludeSystem|Include file: <stdint.h> not found. Please note: Cppcheck does not need standard library headers to get proper results.,/home/yichen/Desktop/Qwen_SDF_Results08/logs/F017_cppcheck.log
/home/yichen/Desktop/Qwen_SDF08/F017.c,cppcheck,True,success,True,0,8,93,style,constVariablePointer,Variable 'k_start' can be declared as pointer to const,/home/yichen/Desktop/Qwen_SDF08/F017.c|93|style|constVariablePointer|Variable 'k_start' can be declared as pointer to const,/home/yichen/Desktop/Qwen_SDF_Results08/logs/F017_cppcheck.log
/home/yichen/Desktop/Qwen_SDF08/F017.c,cppcheck,True,success,True,0,8,118,style,constVariablePointer,Variable 'k_start' can be declared as pointer to const,/home/yichen/Desktop/Qwen_SDF08/F017.c|118|style|constVariablePointer|Variable 'k_start' can be declared as pointer to const,/home/yichen/Desktop/Qwen_SDF_Results08/logs/F017_cppcheck.log
/home/yichen/Desktop/Qwen_SDF08/F017.c,cppcheck,True,success,True,0,8,136,style,constVariablePointer,Variable 'k_start' can be declared as pointer to const,/home/yichen/Desktop/Qwen_SDF08/F017.c|136|style|constVariablePointer|Variable 'k_start' can be declared as pointer to const,/home/yichen/Desktop/Qwen_SDF_Results08/logs/F017_cppcheck.log
nofile,cppcheck,True,success,True,0,8,0,information,checkersReport,Active checkers: 113/592 (use --checkers-report=<filename> to see details),nofile|0|information|checkersReport|Active checkers: 113/592 (use --checkers-report=<filename> to see details),/home/yichen/Desktop/Qwen_SDF_Results08/logs/F017_cppcheck.log
/home/yichen/Desktop/Qwen_SDF08/F018.c,cppcheck,True,success,True,0,8,2,information,missingIncludeSystem,Include file: <stdio.h> not found. Please note: Cppcheck does not need standard library headers to get proper results.,/home/yichen/Desktop/Qwen_SDF08/F018.c|2|information|missingIncludeSystem|Include file: <stdio.h> not found. Please note: Cppcheck does not need standard library headers to get proper results.,/home/yichen/Desktop/Qwen_SDF_Results08/logs/F018_cppcheck.log
/home/yichen/Desktop/Qwen_SDF08/F018.c,cppcheck,True,success,True,0,8,3,information,missingIncludeSystem,Include file: <stdlib.h> not found. Please note: Cppcheck does not need standard library headers to get proper results.,/home/yichen/Desktop/Qwen_SDF08/F018.c|3|information|missingIncludeSystem|Include file: <stdlib.h> not found. Please note: Cppcheck does not need standard library headers to get proper results.,/home/yichen/Desktop/Qwen_SDF_Results08/logs/F018_cppcheck.log
/home/yichen/Desktop/Qwen_SDF08/F018.c,cppcheck,True,success,True,0,8,4,information,missingIncludeSystem,Include file: <string.h> not found. Please note: Cppcheck does not need standard library headers to get proper results.,/home/yichen/Desktop/Qwen_SDF08/F018.c|4|information|missingIncludeSystem|Include file: <string.h> not found. Please note: Cppcheck does not need standard library headers to get proper results.,/home/yichen/Desktop/Qwen_SDF_Results08/logs/F018_cppcheck.log
/home/yichen/Desktop/Qwen_SDF08/F018.c,cppcheck,True,success,True,0,8,5,information,missingIncludeSystem,Include file: <stdint.h> not found. Please note: Cppcheck does not need standard library headers to get proper results.,/home/yichen/Desktop/Qwen_SDF08/F018.c|5|information|missingIncludeSystem|Include file: <stdint.h> not found. Please note: Cppcheck does not need standard library headers to get proper results.,/home/yichen/Desktop/Qwen_SDF_Results08/logs/F018_cppcheck.log
/home/yichen/Desktop/Qwen_SDF08/F018.c,cppcheck,True,success,True,0,8,100,style,constVariablePointer,Variable 'w_start' can be declared as pointer to const,/home/yichen/Desktop/Qwen_SDF08/F018.c|100|style|constVariablePointer|Variable 'w_start' can be declared as pointer to const,/home/yichen/Desktop/Qwen_SDF_Results08/logs/F018_cppcheck.log
/home/yichen/Desktop/Qwen_SDF08/F018.c,cppcheck,True,success,True,0,8,124,style,constVariablePointer,Variable 'w_start' can be declared as pointer to const,/home/yichen/Desktop/Qwen_SDF08/F018.c|124|style|constVariablePointer|Variable 'w_start' can be declared as pointer to const,/home/yichen/Desktop/Qwen_SDF_Results08/logs/F018_cppcheck.log
/home/yichen/Desktop/Qwen_SDF08/F018.c,cppcheck,True,success,True,0,8,141,style,constVariablePointer,Variable 'w_start' can be declared as pointer to const,/home/yichen/Desktop/Qwen_SDF08/F018.c|141|style|constVariablePointer|Variable 'w_start' can be declared as pointer to const,/home/yichen/Desktop/Qwen_SDF_Results08/logs/F018_cppcheck.log
nofile,cppcheck,True,success,True,0,8,0,information,checkersReport,Active checkers: 113/592 (use --checkers-report=<filename> to see details),nofile|0|information|checkersReport|Active checkers: 113/592 (use --checkers-report=<filename> to see details),/home/yichen/Desktop/Qwen_SDF_Results08/logs/F018_cppcheck.log
/home/yichen/Desktop/Qwen_SDF08/F019.c,cppcheck,True,success,True,0,9,2,information,missingIncludeSystem,Include file: <stdio.h> not found. Please note: Cppcheck does not need standard library headers to get proper results.,/home/yichen/Desktop/Qwen_SDF08/F019.c|2|information|missingIncludeSystem|Include file: <stdio.h> not found. Please note: Cppcheck does not need standard library headers to get proper results.,/home/yichen/Desktop/Qwen_SDF_Results08/logs/F019_cppcheck.log
/home/yichen/Desktop/Qwen_SDF08/F019.c,cppcheck,True,success,True,0,9,3,information,missingIncludeSystem,Include file: <stdlib.h> not found. Please note: Cppcheck does not need standard library headers to get proper results.,/home/yichen/Desktop/Qwen_SDF08/F019.c|3|information|missingIncludeSystem|Include file: <stdlib.h> not found. Please note: Cppcheck does not need standard library headers to get proper results.,/home/yichen/Desktop/Qwen_SDF_Results08/logs/F019_cppcheck.log
/home/yichen/Desktop/Qwen_SDF08/F019.c,cppcheck,True,success,True,0,9,4,information,missingIncludeSystem,Include file: <string.h> not found. Please note: Cppcheck does not need standard library headers to get proper results.,/home/yichen/Desktop/Qwen_SDF08/F019.c|4|information|missingIncludeSystem|Include file: <string.h> not found. Please note: Cppcheck does not need standard library headers to get proper results.,/home/yichen/Desktop/Qwen_SDF_Results08/logs/F019_cppcheck.log
/home/yichen/Desktop/Qwen_SDF08/F019.c,cppcheck,True,success,True,0,9,5,information,missingIncludeSystem,Include file: <stdint.h> not found. Please note: Cppcheck does not need standard library headers to get proper results.,/home/yichen/Desktop/Qwen_SDF08/F019.c|5|information|missingIncludeSystem|Include file: <stdint.h> not found. Please note: Cppcheck does not need standard library headers to get proper results.,/home/yichen/Desktop/Qwen_SDF_Results08/logs/F019_cppcheck.log
/home/yichen/Desktop/Qwen_SDF08/F019.c,cppcheck,True,success,True,0,9,68,style,variableScope,The scope of the variable 'amt' can be reduced.,/home/yichen/Desktop/Qwen_SDF08/F019.c|68|style|variableScope|The scope of the variable 'amt' can be reduced.,/home/yichen/Desktop/Qwen_SDF_Results08/logs/F019_cppcheck.log
/home/yichen/Desktop/Qwen_SDF08/F019.c,cppcheck,True,success,True,0,9,103,style,constVariablePointer,Variable 'a' can be declared as pointer to const,/home/yichen/Desktop/Qwen_SDF08/F019.c|103|style|constVariablePointer|Variable 'a' can be declared as pointer to const,/home/yichen/Desktop/Qwen_SDF_Results08/logs/F019_cppcheck.log
/home/yichen/Desktop/Qwen_SDF08/F019.c,cppcheck,True,success,True,0,9,121,style,constVariablePointer,Variable 'a' can be declared as pointer to const,/home/yichen/Desktop/Qwen_SDF08/F019.c|121|style|constVariablePointer|Variable 'a' can be declared as pointer to const,/home/yichen/Desktop/Qwen_SDF_Results08/logs/F019_cppcheck.log
/home/yichen/Desktop/Qwen_SDF08/F019.c,cppcheck,True,success,True,0,9,138,style,constVariablePointer,Variable 'a' can be declared as pointer to const,/home/yichen/Desktop/Qwen_SDF08/F019.c|138|style|constVariablePointer|Variable 'a' can be declared as pointer to const,/home/yichen/Desktop/Qwen_SDF_Results08/logs/F019_cppcheck.log
nofile,cppcheck,True,success,True,0,9,0,information,checkersReport,Active checkers: 113/592 (use --checkers-report=<filename> to see details),nofile|0|information|checkersReport|Active checkers: 113/592 (use --checkers-report=<filename> to see details),/home/yichen/Desktop/Qwen_SDF_Results08/logs/F019_cppcheck.log
/home/yichen/Desktop/Qwen_SDF08/F020.c,cppcheck,True,success,True,0,8,2,information,missingIncludeSystem,Include file: <stdio.h> not found. Please note: Cppcheck does not need standard library headers to get proper results.,/home/yichen/Desktop/Qwen_SDF08/F020.c|2|information|missingIncludeSystem|Include file: <stdio.h> not found. Please note: Cppcheck does not need standard library headers to get proper results.,/home/yichen/Desktop/Qwen_SDF_Results08/logs/F020_cppcheck.log
/home/yichen/Desktop/Qwen_SDF08/F020.c,cppcheck,True,success,True,0,8,3,information,missingIncludeSystem,Include file: <stdlib.h> not found. Please note: Cppcheck does not need standard library headers to get proper results.,/home/yichen/Desktop/Qwen_SDF08/F020.c|3|information|missingIncludeSystem|Include file: <stdlib.h> not found. Please note: Cppcheck does not need standard library headers to get proper results.,/home/yichen/Desktop/Qwen_SDF_Results08/logs/F020_cppcheck.log
/home/yichen/Desktop/Qwen_SDF08/F020.c,cppcheck,True,success,True,0,8,4,information,missingIncludeSystem,Include file: <string.h> not found. Please note: Cppcheck does not need standard library headers to get proper results.,/home/yichen/Desktop/Qwen_SDF08/F020.c|4|information|missingIncludeSystem|Include file: <string.h> not found. Please note: Cppcheck does not need standard library headers to get proper results.,/home/yichen/Desktop/Qwen_SDF_Results08/logs/F020_cppcheck.log
/home/yichen/Desktop/Qwen_SDF08/F020.c,cppcheck,True,success,True,0,8,5,information,missingIncludeSystem,Include file: <stdint.h> not found. Please note: Cppcheck does not need standard library headers to get proper results.,/home/yichen/Desktop/Qwen_SDF08/F020.c|5|information|missingIncludeSystem|Include file: <stdint.h> not found. Please note: Cppcheck does not need standard library headers to get proper results.,/home/yichen/Desktop/Qwen_SDF_Results08/logs/F020_cppcheck.log
/home/yichen/Desktop/Qwen_SDF08/F020.c,cppcheck,True,success,True,0,8,128,style,constVariablePointer,Variable 't_start' can be declared as pointer to const,/home/yichen/Desktop/Qwen_SDF08/F020.c|128|style|constVariablePointer|Variable 't_start' can be declared as pointer to const,/home/yichen/Desktop/Qwen_SDF_Results08/logs/F020_cppcheck.log
/home/yichen/Desktop/Qwen_SDF08/F020.c,cppcheck,True,success,True,0,8,141,style,constVariablePointer,Variable 't_start' can be declared as pointer to const,/home/yichen/Desktop/Qwen_SDF08/F020.c|141|style|constVariablePointer|Variable 't_start' can be declared as pointer to const,/home/yichen/Desktop/Qwen_SDF_Results08/logs/F020_cppcheck.log
/home/yichen/Desktop/Qwen_SDF08/F020.c,cppcheck,True,success,True,0,8,159,style,constVariablePointer,Variable 't_start' can be declared as pointer to const,/home/yichen/Desktop/Qwen_SDF08/F020.c|159|style|constVariablePointer|Variable 't_start' can be declared as pointer to const,/home/yichen/Desktop/Qwen_SDF_Results08/logs/F020_cppcheck.log
nofile,cppcheck,True,success,True,0,8,0,information,checkersReport,Active checkers: 113/592 (use --checkers-report=<filename> to see details),nofile|0|information|checkersReport|Active checkers: 113/592 (use --checkers-report=<filename> to see details),/home/yichen/Desktop/Qwen_SDF_Results08/logs/F020_cppcheck.log
/home/yichen/Desktop/Qwen_SDF08/F021.c,cppcheck,True,success,True,0,12,2,information,missingIncludeSystem,Include file: <stdio.h> not found. Please note: Cppcheck does not need standard library headers to get proper results.,/home/yichen/Desktop/Qwen_SDF08/F021.c|2|information|missingIncludeSystem|Include file: <stdio.h> not found. Please note: Cppcheck does not need standard library headers to get proper results.,/home/yichen/Desktop/Qwen_SDF_Results08/logs/F021_cppcheck.log
/home/yichen/Desktop/Qwen_SDF08/F021.c,cppcheck,True,success,True,0,12,3,information,missingIncludeSystem,Include file: <stdlib.h> not found. Please note: Cppcheck does not need standard library headers to get proper results.,/home/yichen/Desktop/Qwen_SDF08/F021.c|3|information|missingIncludeSystem|Include file: <stdlib.h> not found. Please note: Cppcheck does not need standard library headers to get proper results.,/home/yichen/Desktop/Qwen_SDF_Results08/logs/F021_cppcheck.log
/home/yichen/Desktop/Qwen_SDF08/F021.c,cppcheck,True,success,True,0,12,4,information,missingIncludeSystem,Include file: <string.h> not found. Please note: Cppcheck does not need standard library headers to get proper results.,/home/yichen/Desktop/Qwen_SDF08/F021.c|4|information|missingIncludeSystem|Include file: <string.h> not found. Please note: Cppcheck does not need standard library headers to get proper results.,/home/yichen/Desktop/Qwen_SDF_Results08/logs/F021_cppcheck.log
/home/yichen/Desktop/Qwen_SDF08/F021.c,cppcheck,True,success,True,0,12,5,information,missingIncludeSystem,Include file: <stdint.h> not found. Please note: Cppcheck does not need standard library headers to get proper results.,/home/yichen/Desktop/Qwen_SDF08/F021.c|5|information|missingIncludeSystem|Include file: <stdint.h> not found. Please note: Cppcheck does not need standard library headers to get proper results.,/home/yichen/Desktop/Qwen_SDF_Results08/logs/F021_cppcheck.log
/home/yichen/Desktop/Qwen_SDF08/F021.c,cppcheck,True,success,True,0,12,76,style,constVariablePointer,Variable 'name' can be declared as pointer to const,/home/yichen/Desktop/Qwen_SDF08/F021.c|76|style|constVariablePointer|Variable 'name' can be declared as pointer to const,/home/yichen/Desktop/Qwen_SDF_Results08/logs/F021_cppcheck.log
/home/yichen/Desktop/Qwen_SDF08/F021.c,cppcheck,True,success,True,0,12,97,style,constVariablePointer,Variable 'name' can be declared as pointer to const,/home/yichen/Desktop/Qwen_SDF08/F021.c|97|style|constVariablePointer|Variable 'name' can be declared as pointer to const,/home/yichen/Desktop/Qwen_SDF_Results08/logs/F021_cppcheck.log
/home/yichen/Desktop/Qwen_SDF08/F021.c,cppcheck,True,success,True,0,12,100,style,constVariablePointer,Variable 'ing' can be declared as pointer to const,/home/yichen/Desktop/Qwen_SDF08/F021.c|100|style|constVariablePointer|Variable 'ing' can be declared as pointer to const,/home/yichen/Desktop/Qwen_SDF_Results08/logs/F021_cppcheck.log
/home/yichen/Desktop/Qwen_SDF08/F021.c,cppcheck,True,success,True,0,12,118,style,constVariablePointer,Variable 'name' can be declared as pointer to const,/home/yichen/Desktop/Qwen_SDF08/F021.c|118|style|constVariablePointer|Variable 'name' can be declared as pointer to const,/home/yichen/Desktop/Qwen_SDF_Results08/logs/F021_cppcheck.log
/home/yichen/Desktop/Qwen_SDF08/F021.c,cppcheck,True,success,True,0,12,121,style,constVariablePointer,Variable 'ing' can be declared as pointer to const,/home/yichen/Desktop/Qwen_SDF08/F021.c|121|style|constVariablePointer|Variable 'ing' can be declared as pointer to const,/home/yichen/Desktop/Qwen_SDF_Results08/logs/F021_cppcheck.log
/home/yichen/Desktop/Qwen_SDF08/F021.c,cppcheck,True,success,True,0,12,143,style,constVariablePointer,Variable 'name' can be declared as pointer to const,/home/yichen/Desktop/Qwen_SDF08/F021.c|143|style|constVariablePointer|Variable 'name' can be declared as pointer to const,/home/yichen/Desktop/Qwen_SDF_Results08/logs/F021_cppcheck.log
/home/yichen/Desktop/Qwen_SDF08/F021.c,cppcheck,True,success,True,0,12,164,style,constVariablePointer,Variable 'name' can be declared as pointer to const,/home/yichen/Desktop/Qwen_SDF08/F021.c|164|style|constVariablePointer|Variable 'name' can be declared as pointer to const,/home/yichen/Desktop/Qwen_SDF_Results08/logs/F021_cppcheck.log
nofile,cppcheck,True,success,True,0,12,0,information,checkersReport,Active checkers: 113/592 (use --checkers-report=<filename> to see details),nofile|0|information|checkersReport|Active checkers: 113/592 (use --checkers-report=<filename> to see details),/home/yichen/Desktop/Qwen_SDF_Results08/logs/F021_cppcheck.log
/home/yichen/Desktop/Qwen_SDF08/F022.c,cppcheck,True,success,True,0,14,2,information,missingIncludeSystem,Include file: <stdio.h> not found. Please note: Cppcheck does not need standard library headers to get proper results.,/home/yichen/Desktop/Qwen_SDF08/F022.c|2|information|missingIncludeSystem|Include file: <stdio.h> not found. Please note: Cppcheck does not need standard library headers to get proper results.,/home/yichen/Desktop/Qwen_SDF_Results08/logs/F022_cppcheck.log
/home/yichen/Desktop/Qwen_SDF08/F022.c,cppcheck,True,success,True,0,14,3,information,missingIncludeSystem,Include file: <stdlib.h> not found. Please note: Cppcheck does not need standard library headers to get proper results.,/home/yichen/Desktop/Qwen_SDF08/F022.c|3|information|missingIncludeSystem|Include file: <stdlib.h> not found. Please note: Cppcheck does not need standard library headers to get proper results.,/home/yichen/Desktop/Qwen_SDF_Results08/logs/F022_cppcheck.log
/home/yichen/Desktop/Qwen_SDF08/F022.c,cppcheck,True,success,True,0,14,4,information,missingIncludeSystem,Include file: <string.h> not found. Please note: Cppcheck does not need standard library headers to get proper results.,/home/yichen/Desktop/Qwen_SDF08/F022.c|4|information|missingIncludeSystem|Include file: <string.h> not found. Please note: Cppcheck does not need standard library headers to get proper results.,/home/yichen/Desktop/Qwen_SDF_Results08/logs/F022_cppcheck.log
/home/yichen/Desktop/Qwen_SDF08/F022.c,cppcheck,True,success,True,0,14,5,information,missingIncludeSystem,Include file: <stdint.h> not found. Please note: Cppcheck does not need standard library headers to get proper results.,/home/yichen/Desktop/Qwen_SDF08/F022.c|5|information|missingIncludeSystem|Include file: <stdint.h> not found. Please note: Cppcheck does not need standard library headers to get proper results.,/home/yichen/Desktop/Qwen_SDF_Results08/logs/F022_cppcheck.log
/home/yichen/Desktop/Qwen_SDF08/F022.c,cppcheck,True,success,True,0,14,86,style,constVariablePointer,Variable 'name' can be declared as pointer to const,/home/yichen/Desktop/Qwen_SDF08/F022.c|86|style|constVariablePointer|Variable 'name' can be declared as pointer to const,/home/yichen/Desktop/Qwen_SDF_Results08/logs/F022_cppcheck.log
/home/yichen/Desktop/Qwen_SDF08/F022.c,cppcheck,True,success,True,0,14,111,style,constVariablePointer,Variable 'proj' can be declared as pointer to const,/home/yichen/Desktop/Qwen_SDF08/F022.c|111|style|constVariablePointer|Variable 'proj' can be declared as pointer to const,/home/yichen/Desktop/Qwen_SDF_Results08/logs/F022_cppcheck.log
/home/yichen/Desktop/Qwen_SDF08/F022.c,cppcheck,True,success,True,0,14,120,style,constVariablePointer,Variable 'title' can be declared as pointer to const,/home/yichen/Desktop/Qwen_SDF08/F022.c|120|style|constVariablePointer|Variable 'title' can be declared as pointer to const,/home/yichen/Desktop/Qwen_SDF_Results08/logs/F022_cppcheck.log
/home/yichen/Desktop/Qwen_SDF08/F022.c,cppcheck,True,success,True,0,14,147,style,constVariablePointer,Variable 'from' can be declared as pointer to const,/home/yichen/Desktop/Qwen_SDF08/F022.c|147|style|constVariablePointer|Variable 'from' can be declared as pointer to const,/home/yichen/Desktop/Qwen_SDF_Results08/logs/F022_cppcheck.log
/home/yichen/Desktop/Qwen_SDF08/F022.c,cppcheck,True,success,True,0,14,156,style,constVariablePointer,Variable 'to' can be declared as pointer to const,/home/yichen/Desktop/Qwen_SDF08/F022.c|156|style|constVariablePointer|Variable 'to' can be declared as pointer to const,/home/yichen/Desktop/Qwen_SDF_Results08/logs/F022_cppcheck.log
/home/yichen/Desktop/Qwen_SDF08/F022.c,cppcheck,True,success,True,0,14,165,style,constVariablePointer,Variable 'title' can be declared as pointer to const,/home/yichen/Desktop/Qwen_SDF08/F022.c|165|style|constVariablePointer|Variable 'title' can be declared as pointer to const,/home/yichen/Desktop/Qwen_SDF_Results08/logs/F022_cppcheck.log
/home/yichen/Desktop/Qwen_SDF08/F022.c,cppcheck,True,success,True,0,14,195,style,constVariablePointer,Variable 'proj' can be declared as pointer to const,/home/yichen/Desktop/Qwen_SDF08/F022.c|195|style|constVariablePointer|Variable 'proj' can be declared as pointer to const,/home/yichen/Desktop/Qwen_SDF_Results08/logs/F022_cppcheck.log
/home/yichen/Desktop/Qwen_SDF08/F022.c,cppcheck,True,success,True,0,14,204,style,constVariablePointer,Variable 'title' can be declared as pointer to const,/home/yichen/Desktop/Qwen_SDF08/F022.c|204|style|constVariablePointer|Variable 'title' can be declared as pointer to const,/home/yichen/Desktop/Qwen_SDF_Results08/logs/F022_cppcheck.log
/home/yichen/Desktop/Qwen_SDF08/F022.c,cppcheck,True,success,True,0,14,223,style,constVariablePointer,Variable 'name' can be declared as pointer to const,/home/yichen/Desktop/Qwen_SDF08/F022.c|223|style|constVariablePointer|Variable 'name' can be declared as pointer to const,/home/yichen/Desktop/Qwen_SDF_Results08/logs/F022_cppcheck.log
nofile,cppcheck,True,success,True,0,14,0,information,checkersReport,Active checkers: 113/592 (use --checkers-report=<filename> to see details),nofile|0|information|checkersReport|Active checkers: 113/592 (use --checkers-report=<filename> to see details),/home/yichen/Desktop/Qwen_SDF_Results08/logs/F022_cppcheck.log
/home/yichen/Desktop/Qwen_SDF08/F023.c,cppcheck,True,success,True,0,13,2,information,missingIncludeSystem,Include file: <stdio.h> not found. Please note: Cppcheck does not need standard library headers to get proper results.,/home/yichen/Desktop/Qwen_SDF08/F023.c|2|information|missingIncludeSystem|Include file: <stdio.h> not found. Please note: Cppcheck does not need standard library headers to get proper results.,/home/yichen/Desktop/Qwen_SDF_Results08/logs/F023_cppcheck.log
/home/yichen/Desktop/Qwen_SDF08/F023.c,cppcheck,True,success,True,0,13,3,information,missingIncludeSystem,Include file: <stdlib.h> not found. Please note: Cppcheck does not need standard library headers to get proper results.,/home/yichen/Desktop/Qwen_SDF08/F023.c|3|information|missingIncludeSystem|Include file: <stdlib.h> not found. Please note: Cppcheck does not need standard library headers to get proper results.,/home/yichen/Desktop/Qwen_SDF_Results08/logs/F023_cppcheck.log
/home/yichen/Desktop/Qwen_SDF08/F023.c,cppcheck,True,success,True,0,13,4,information,missingIncludeSystem,Include file: <string.h> not found. Please note: Cppcheck does not need standard library headers to get proper results.,/home/yichen/Desktop/Qwen_SDF08/F023.c|4|information|missingIncludeSystem|Include file: <string.h> not found. Please note: Cppcheck does not need standard library headers to get proper results.,/home/yichen/Desktop/Qwen_SDF_Results08/logs/F023_cppcheck.log
/home/yichen/Desktop/Qwen_SDF08/F023.c,cppcheck,True,success,True,0,13,5,information,missingIncludeSystem,Include file: <stdint.h> not found. Please note: Cppcheck does not need standard library headers to get proper results.,/home/yichen/Desktop/Qwen_SDF08/F023.c|5|information|missingIncludeSystem|Include file: <stdint.h> not found. Please note: Cppcheck does not need standard library headers to get proper results.,/home/yichen/Desktop/Qwen_SDF_Results08/logs/F023_cppcheck.log
/home/yichen/Desktop/Qwen_SDF08/F023.c,cppcheck,True,success,True,0,13,81,style,constVariablePointer,Variable 'sender' can be declared as pointer to const,/home/yichen/Desktop/Qwen_SDF08/F023.c|81|style|constVariablePointer|Variable 'sender' can be declared as pointer to const,/home/yichen/Desktop/Qwen_SDF_Results08/logs/F023_cppcheck.log
/home/yichen/Desktop/Qwen_SDF08/F023.c,cppcheck,True,success,True,0,13,90,style,constVariablePointer,Variable 'subject' can be declared as pointer to const,/home/yichen/Desktop/Qwen_SDF08/F023.c|90|style|constVariablePointer|Variable 'subject' can be declared as pointer to const,/home/yichen/Desktop/Qwen_SDF_Results08/logs/F023_cppcheck.log
/home/yichen/Desktop/Qwen_SDF08/F023.c,cppcheck,True,success,True,0,13,114,style,constVariablePointer,Variable 'subject' can be declared as pointer to const,/home/yichen/Desktop/Qwen_SDF08/F023.c|114|style|constVariablePointer|Variable 'subject' can be declared as pointer to const,/home/yichen/Desktop/Qwen_SDF_Results08/logs/F023_cppcheck.log
/home/yichen/Desktop/Qwen_SDF08/F023.c,cppcheck,True,success,True,0,13,123,style,constVariablePointer,Variable 'tag' can be declared as pointer to const,/home/yichen/Desktop/Qwen_SDF08/F023.c|123|style|constVariablePointer|Variable 'tag' can be declared as pointer to const,/home/yichen/Desktop/Qwen_SDF_Results08/logs/F023_cppcheck.log
/home/yichen/Desktop/Qwen_SDF08/F023.c,cppcheck,True,success,True,0,13,142,style,constVariablePointer,Variable 'subject' can be declared as pointer to const,/home/yichen/Desktop/Qwen_SDF08/F023.c|142|style|constVariablePointer|Variable 'subject' can be declared as pointer to const,/home/yichen/Desktop/Qwen_SDF_Results08/logs/F023_cppcheck.log
/home/yichen/Desktop/Qwen_SDF08/F023.c,cppcheck,True,success,True,0,13,151,style,constVariablePointer,Variable 'tag' can be declared as pointer to const,/home/yichen/Desktop/Qwen_SDF08/F023.c|151|style|constVariablePointer|Variable 'tag' can be declared as pointer to const,/home/yichen/Desktop/Qwen_SDF_Results08/logs/F023_cppcheck.log
/home/yichen/Desktop/Qwen_SDF08/F023.c,cppcheck,True,success,True,0,13,173,style,constVariablePointer,Variable 'subject' can be declared as pointer to const,/home/yichen/Desktop/Qwen_SDF08/F023.c|173|style|constVariablePointer|Variable 'subject' can be declared as pointer to const,/home/yichen/Desktop/Qwen_SDF_Results08/logs/F023_cppcheck.log
/home/yichen/Desktop/Qwen_SDF08/F023.c,cppcheck,True,success,True,0,13,195,style,constVariablePointer,Variable 'tag' can be declared as pointer to const,/home/yichen/Desktop/Qwen_SDF08/F023.c|195|style|constVariablePointer|Variable 'tag' can be declared as pointer to const,/home/yichen/Desktop/Qwen_SDF_Results08/logs/F023_cppcheck.log
nofile,cppcheck,True,success,True,0,13,0,information,checkersReport,Active checkers: 113/592 (use --checkers-report=<filename> to see details),nofile|0|information|checkersReport|Active checkers: 113/592 (use --checkers-report=<filename> to see details),/home/yichen/Desktop/Qwen_SDF_Results08/logs/F023_cppcheck.log
/home/yichen/Desktop/Qwen_SDF08/F024.c,cppcheck,True,success,True,0,12,2,information,missingIncludeSystem,Include file: <stdio.h> not found. Please note: Cppcheck does not need standard library headers to get proper results.,/home/yichen/Desktop/Qwen_SDF08/F024.c|2|information|missingIncludeSystem|Include file: <stdio.h> not found. Please note: Cppcheck does not need standard library headers to get proper results.,/home/yichen/Desktop/Qwen_SDF_Results08/logs/F024_cppcheck.log
/home/yichen/Desktop/Qwen_SDF08/F024.c,cppcheck,True,success,True,0,12,3,information,missingIncludeSystem,Include file: <stdlib.h> not found. Please note: Cppcheck does not need standard library headers to get proper results.,/home/yichen/Desktop/Qwen_SDF08/F024.c|3|information|missingIncludeSystem|Include file: <stdlib.h> not found. Please note: Cppcheck does not need standard library headers to get proper results.,/home/yichen/Desktop/Qwen_SDF_Results08/logs/F024_cppcheck.log
/home/yichen/Desktop/Qwen_SDF08/F024.c,cppcheck,True,success,True,0,12,4,information,missingIncludeSystem,Include file: <string.h> not found. Please note: Cppcheck does not need standard library headers to get proper results.,/home/yichen/Desktop/Qwen_SDF08/F024.c|4|information|missingIncludeSystem|Include file: <string.h> not found. Please note: Cppcheck does not need standard library headers to get proper results.,/home/yichen/Desktop/Qwen_SDF_Results08/logs/F024_cppcheck.log
/home/yichen/Desktop/Qwen_SDF08/F024.c,cppcheck,True,success,True,0,12,5,information,missingIncludeSystem,Include file: <stdint.h> not found. Please note: Cppcheck does not need standard library headers to get proper results.,/home/yichen/Desktop/Qwen_SDF08/F024.c|5|information|missingIncludeSystem|Include file: <stdint.h> not found. Please note: Cppcheck does not need standard library headers to get proper results.,/home/yichen/Desktop/Qwen_SDF_Results08/logs/F024_cppcheck.log
/home/yichen/Desktop/Qwen_SDF08/F024.c,cppcheck,True,success,True,0,12,80,style,constVariablePointer,Variable 'title' can be declared as pointer to const,/home/yichen/Desktop/Qwen_SDF08/F024.c|80|style|constVariablePointer|Variable 'title' can be declared as pointer to const,/home/yichen/Desktop/Qwen_SDF_Results08/logs/F024_cppcheck.log
/home/yichen/Desktop/Qwen_SDF08/F024.c,cppcheck,True,success,True,0,12,104,style,constVariablePointer,Variable 'title' can be declared as pointer to const,/home/yichen/Desktop/Qwen_SDF08/F024.c|104|style|constVariablePointer|Variable 'title' can be declared as pointer to const,/home/yichen/Desktop/Qwen_SDF_Results08/logs/F024_cppcheck.log
/home/yichen/Desktop/Qwen_SDF08/F024.c,cppcheck,True,success,True,0,12,113,style,constVariablePointer,Variable 'name' can be declared as pointer to const,/home/yichen/Desktop/Qwen_SDF08/F024.c|113|style|constVariablePointer|Variable 'name' can be declared as pointer to const,/home/yichen/Desktop/Qwen_SDF_Results08/logs/F024_cppcheck.log
/home/yichen/Desktop/Qwen_SDF08/F024.c,cppcheck,True,success,True,0,12,132,style,constVariablePointer,Variable 'title' can be declared as pointer to const,/home/yichen/Desktop/Qwen_SDF08/F024.c|132|style|constVariablePointer|Variable 'title' can be declared as pointer to const,/home/yichen/Desktop/Qwen_SDF_Results08/logs/F024_cppcheck.log
/home/yichen/Desktop/Qwen_SDF08/F024.c,cppcheck,True,success,True,0,12,141,style,constVariablePointer,Variable 'name' can be declared as pointer to const,/home/yichen/Desktop/Qwen_SDF08/F024.c|141|style|constVariablePointer|Variable 'name' can be declared as pointer to const,/home/yichen/Desktop/Qwen_SDF_Results08/logs/F024_cppcheck.log
/home/yichen/Desktop/Qwen_SDF08/F024.c,cppcheck,True,success,True,0,12,163,style,constVariablePointer,Variable 'title' can be declared as pointer to const,/home/yichen/Desktop/Qwen_SDF08/F024.c|163|style|constVariablePointer|Variable 'title' can be declared as pointer to const,/home/yichen/Desktop/Qwen_SDF_Results08/logs/F024_cppcheck.log
/home/yichen/Desktop/Qwen_SDF08/F024.c,cppcheck,True,success,True,0,12,183,style,constVariablePointer,Variable 'title' can be declared as pointer to const,/home/yichen/Desktop/Qwen_SDF08/F024.c|183|style|constVariablePointer|Variable 'title' can be declared as pointer to const,/home/yichen/Desktop/Qwen_SDF_Results08/logs/F024_cppcheck.log
nofile,cppcheck,True,success,True,0,12,0,information,checkersReport,Active checkers: 113/592 (use --checkers-report=<filename> to see details),nofile|0|information|checkersReport|Active checkers: 113/592 (use --checkers-report=<filename> to see details),/home/yichen/Desktop/Qwen_SDF_Results08/logs/F024_cppcheck.log
/home/yichen/Desktop/Qwen_SDF08/F025.c,cppcheck,True,success,True,0,14,2,information,missingIncludeSystem,Include file: <stdio.h> not found. Please note: Cppcheck does not need standard library headers to get proper results.,/home/yichen/Desktop/Qwen_SDF08/F025.c|2|information|missingIncludeSystem|Include file: <stdio.h> not found. Please note: Cppcheck does not need standard library headers to get proper results.,/home/yichen/Desktop/Qwen_SDF_Results08/logs/F025_cppcheck.log
/home/yichen/Desktop/Qwen_SDF08/F025.c,cppcheck,True,success,True,0,14,3,information,missingIncludeSystem,Include file: <stdlib.h> not found. Please note: Cppcheck does not need standard library headers to get proper results.,/home/yichen/Desktop/Qwen_SDF08/F025.c|3|information|missingIncludeSystem|Include file: <stdlib.h> not found. Please note: Cppcheck does not need standard library headers to get proper results.,/home/yichen/Desktop/Qwen_SDF_Results08/logs/F025_cppcheck.log
/home/yichen/Desktop/Qwen_SDF08/F025.c,cppcheck,True,success,True,0,14,4,information,missingIncludeSystem,Include file: <string.h> not found. Please note: Cppcheck does not need standard library headers to get proper results.,/home/yichen/Desktop/Qwen_SDF08/F025.c|4|information|missingIncludeSystem|Include file: <string.h> not found. Please note: Cppcheck does not need standard library headers to get proper results.,/home/yichen/Desktop/Qwen_SDF_Results08/logs/F025_cppcheck.log
/home/yichen/Desktop/Qwen_SDF08/F025.c,cppcheck,True,success,True,0,14,5,information,missingIncludeSystem,Include file: <stdint.h> not found. Please note: Cppcheck does not need standard library headers to get proper results.,/home/yichen/Desktop/Qwen_SDF08/F025.c|5|information|missingIncludeSystem|Include file: <stdint.h> not found. Please note: Cppcheck does not need standard library headers to get proper results.,/home/yichen/Desktop/Qwen_SDF_Results08/logs/F025_cppcheck.log
/home/yichen/Desktop/Qwen_SDF08/F025.c,cppcheck,True,success,True,0,14,80,style,constVariablePointer,Variable 'name' can be declared as pointer to const,/home/yichen/Desktop/Qwen_SDF08/F025.c|80|style|constVariablePointer|Variable 'name' can be declared as pointer to const,/home/yichen/Desktop/Qwen_SDF_Results08/logs/F025_cppcheck.log
/home/yichen/Desktop/Qwen_SDF08/F025.c,cppcheck,True,success,True,0,14,97,style,constVariablePointer,Variable 'cls' can be declared as pointer to const,/home/yichen/Desktop/Qwen_SDF08/F025.c|97|style|constVariablePointer|Variable 'cls' can be declared as pointer to const,/home/yichen/Desktop/Qwen_SDF_Results08/logs/F025_cppcheck.log
/home/yichen/Desktop/Qwen_SDF08/F025.c,cppcheck,True,success,True,0,14,106,style,constVariablePointer,Variable 'stu' can be declared as pointer to const,/home/yichen/Desktop/Qwen_SDF08/F025.c|106|style|constVariablePointer|Variable 'stu' can be declared as pointer to const,/home/yichen/Desktop/Qwen_SDF_Results08/logs/F025_cppcheck.log
/home/yichen/Desktop/Qwen_SDF08/F025.c,cppcheck,True,success,True,0,14,132,style,constVariablePointer,Variable 'from' can be declared as pointer to const,/home/yichen/Desktop/Qwen_SDF08/F025.c|132|style|constVariablePointer|Variable 'from' can be declared as pointer to const,/home/yichen/Desktop/Qwen_SDF_Results08/logs/F025_cppcheck.log
/home/yichen/Desktop/Qwen_SDF08/F025.c,cppcheck,True,success,True,0,14,141,style,constVariablePointer,Variable 'to' can be declared as pointer to const,/home/yichen/Desktop/Qwen_SDF08/F025.c|141|style|constVariablePointer|Variable 'to' can be declared as pointer to const,/home/yichen/Desktop/Qwen_SDF_Results08/logs/F025_cppcheck.log
/home/yichen/Desktop/Qwen_SDF08/F025.c,cppcheck,True,success,True,0,14,150,style,constVariablePointer,Variable 'stu' can be declared as pointer to const,/home/yichen/Desktop/Qwen_SDF08/F025.c|150|style|constVariablePointer|Variable 'stu' can be declared as pointer to const,/home/yichen/Desktop/Qwen_SDF_Results08/logs/F025_cppcheck.log
/home/yichen/Desktop/Qwen_SDF08/F025.c,cppcheck,True,success,True,0,14,180,style,constVariablePointer,Variable 'cls' can be declared as pointer to const,/home/yichen/Desktop/Qwen_SDF08/F025.c|180|style|constVariablePointer|Variable 'cls' can be declared as pointer to const,/home/yichen/Desktop/Qwen_SDF_Results08/logs/F025_cppcheck.log
/home/yichen/Desktop/Qwen_SDF08/F025.c,cppcheck,True,success,True,0,14,189,style,constVariablePointer,Variable 'stu' can be declared as pointer to const,/home/yichen/Desktop/Qwen_SDF08/F025.c|189|style|constVariablePointer|Variable 'stu' can be declared as pointer to const,/home/yichen/Desktop/Qwen_SDF_Results08/logs/F025_cppcheck.log
/home/yichen/Desktop/Qwen_SDF08/F025.c,cppcheck,True,success,True,0,14,212,style,constVariablePointer,Variable 'cls' can be declared as pointer to const,/home/yichen/Desktop/Qwen_SDF08/F025.c|212|style|constVariablePointer|Variable 'cls' can be declared as pointer to const,/home/yichen/Desktop/Qwen_SDF_Results08/logs/F025_cppcheck.log
nofile,cppcheck,True,success,True,0,14,0,information,checkersReport,Active checkers: 113/592 (use --checkers-report=<filename> to see details),nofile|0|information|checkersReport|Active checkers: 113/592 (use --checkers-report=<filename> to see details),/home/yichen/Desktop/Qwen_SDF_Results08/logs/F025_cppcheck.log
/home/yichen/Desktop/Qwen_SDF08/F026.c,cppcheck,True,success,True,0,9,2,information,missingIncludeSystem,Include file: <stdio.h> not found. Please note: Cppcheck does not need standard library headers to get proper results.,/home/yichen/Desktop/Qwen_SDF08/F026.c|2|information|missingIncludeSystem|Include file: <stdio.h> not found. Please note: Cppcheck does not need standard library headers to get proper results.,/home/yichen/Desktop/Qwen_SDF_Results08/logs/F026_cppcheck.log
/home/yichen/Desktop/Qwen_SDF08/F026.c,cppcheck,True,success,True,0,9,3,information,missingIncludeSystem,Include file: <stdlib.h> not found. Please note: Cppcheck does not need standard library headers to get proper results.,/home/yichen/Desktop/Qwen_SDF08/F026.c|3|information|missingIncludeSystem|Include file: <stdlib.h> not found. Please note: Cppcheck does not need standard library headers to get proper results.,/home/yichen/Desktop/Qwen_SDF_Results08/logs/F026_cppcheck.log
/home/yichen/Desktop/Qwen_SDF08/F026.c,cppcheck,True,success,True,0,9,4,information,missingIncludeSystem,Include file: <string.h> not found. Please note: Cppcheck does not need standard library headers to get proper results.,/home/yichen/Desktop/Qwen_SDF08/F026.c|4|information|missingIncludeSystem|Include file: <string.h> not found. Please note: Cppcheck does not need standard library headers to get proper results.,/home/yichen/Desktop/Qwen_SDF_Results08/logs/F026_cppcheck.log
/home/yichen/Desktop/Qwen_SDF08/F026.c,cppcheck,True,success,True,0,9,5,information,missingIncludeSystem,Include file: <stdint.h> not found. Please note: Cppcheck does not need standard library headers to get proper results.,/home/yichen/Desktop/Qwen_SDF08/F026.c|5|information|missingIncludeSystem|Include file: <stdint.h> not found. Please note: Cppcheck does not need standard library headers to get proper results.,/home/yichen/Desktop/Qwen_SDF_Results08/logs/F026_cppcheck.log
/home/yichen/Desktop/Qwen_SDF08/F026.c,cppcheck,True,success,True,0,9,74,style,constVariablePointer,Variable 'cat' can be declared as pointer to const,/home/yichen/Desktop/Qwen_SDF08/F026.c|74|style|constVariablePointer|Variable 'cat' can be declared as pointer to const,/home/yichen/Desktop/Qwen_SDF_Results08/logs/F026_cppcheck.log
/home/yichen/Desktop/Qwen_SDF08/F026.c,cppcheck,True,success,True,0,9,94,style,constVariablePointer,Variable 'cat' can be declared as pointer to const,/home/yichen/Desktop/Qwen_SDF08/F026.c|94|style|constVariablePointer|Variable 'cat' can be declared as pointer to const,/home/yichen/Desktop/Qwen_SDF_Results08/logs/F026_cppcheck.log
/home/yichen/Desktop/Qwen_SDF08/F026.c,cppcheck,True,success,True,0,9,112,style,constVariablePointer,Variable 'cat' can be declared as pointer to const,/home/yichen/Desktop/Qwen_SDF08/F026.c|112|style|constVariablePointer|Variable 'cat' can be declared as pointer to const,/home/yichen/Desktop/Qwen_SDF_Results08/logs/F026_cppcheck.log
/home/yichen/Desktop/Qwen_SDF08/F026.c,cppcheck,True,success,True,0,9,130,style,constVariablePointer,Variable 'word' can be declared as pointer to const,/home/yichen/Desktop/Qwen_SDF08/F026.c|130|style|constVariablePointer|Variable 'word' can be declared as pointer to const,/home/yichen/Desktop/Qwen_SDF_Results08/logs/F026_cppcheck.log
nofile,cppcheck,True,success,True,0,9,0,information,checkersReport,Active checkers: 113/592 (use --checkers-report=<filename> to see details),nofile|0|information|checkersReport|Active checkers: 113/592 (use --checkers-report=<filename> to see details),/home/yichen/Desktop/Qwen_SDF_Results08/logs/F026_cppcheck.log
/home/yichen/Desktop/Qwen_SDF08/F027.c,cppcheck,True,success,True,0,8,2,information,missingIncludeSystem,Include file: <stdio.h> not found. Please note: Cppcheck does not need standard library headers to get proper results.,/home/yichen/Desktop/Qwen_SDF08/F027.c|2|information|missingIncludeSystem|Include file: <stdio.h> not found. Please note: Cppcheck does not need standard library headers to get proper results.,/home/yichen/Desktop/Qwen_SDF_Results08/logs/F027_cppcheck.log
/home/yichen/Desktop/Qwen_SDF08/F027.c,cppcheck,True,success,True,0,8,3,information,missingIncludeSystem,Include file: <stdlib.h> not found. Please note: Cppcheck does not need standard library headers to get proper results.,/home/yichen/Desktop/Qwen_SDF08/F027.c|3|information|missingIncludeSystem|Include file: <stdlib.h> not found. Please note: Cppcheck does not need standard library headers to get proper results.,/home/yichen/Desktop/Qwen_SDF_Results08/logs/F027_cppcheck.log
/home/yichen/Desktop/Qwen_SDF08/F027.c,cppcheck,True,success,True,0,8,4,information,missingIncludeSystem,Include file: <string.h> not found. Please note: Cppcheck does not need standard library headers to get proper results.,/home/yichen/Desktop/Qwen_SDF08/F027.c|4|information|missingIncludeSystem|Include file: <string.h> not found. Please note: Cppcheck does not need standard library headers to get proper results.,/home/yichen/Desktop/Qwen_SDF_Results08/logs/F027_cppcheck.log
/home/yichen/Desktop/Qwen_SDF08/F027.c,cppcheck,True,success,True,0,8,5,information,missingIncludeSystem,Include file: <stdint.h> not found. Please note: Cppcheck does not need standard library headers to get proper results.,/home/yichen/Desktop/Qwen_SDF08/F027.c|5|information|missingIncludeSystem|Include file: <stdint.h> not found. Please note: Cppcheck does not need standard library headers to get proper results.,/home/yichen/Desktop/Qwen_SDF_Results08/logs/F027_cppcheck.log
/home/yichen/Desktop/Qwen_SDF08/F027.c,cppcheck,True,success,True,0,8,87,style,constVariablePointer,Variable 'title' can be declared as pointer to const,/home/yichen/Desktop/Qwen_SDF08/F027.c|87|style|constVariablePointer|Variable 'title' can be declared as pointer to const,/home/yichen/Desktop/Qwen_SDF_Results08/logs/F027_cppcheck.log
/home/yichen/Desktop/Qwen_SDF08/F027.c,cppcheck,True,success,True,0,8,109,style,constVariablePointer,Variable 'title' can be declared as pointer to const,/home/yichen/Desktop/Qwen_SDF08/F027.c|109|style|constVariablePointer|Variable 'title' can be declared as pointer to const,/home/yichen/Desktop/Qwen_SDF_Results08/logs/F027_cppcheck.log
/home/yichen/Desktop/Qwen_SDF08/F027.c,cppcheck,True,success,True,0,8,129,style,constVariablePointer,Variable 'title' can be declared as pointer to const,/home/yichen/Desktop/Qwen_SDF08/F027.c|129|style|constVariablePointer|Variable 'title' can be declared as pointer to const,/home/yichen/Desktop/Qwen_SDF_Results08/logs/F027_cppcheck.log
nofile,cppcheck,True,success,True,0,8,0,information,checkersReport,Active checkers: 113/592 (use --checkers-report=<filename> to see details),nofile|0|information|checkersReport|Active checkers: 113/592 (use --checkers-report=<filename> to see details),/home/yichen/Desktop/Qwen_SDF_Results08/logs/F027_cppcheck.log
/home/yichen/Desktop/Qwen_SDF08/F028.c,cppcheck,True,success,True,0,8,2,information,missingIncludeSystem,Include file: <stdio.h> not found. Please note: Cppcheck does not need standard library headers to get proper results.,/home/yichen/Desktop/Qwen_SDF08/F028.c|2|information|missingIncludeSystem|Include file: <stdio.h> not found. Please note: Cppcheck does not need standard library headers to get proper results.,/home/yichen/Desktop/Qwen_SDF_Results08/logs/F028_cppcheck.log
/home/yichen/Desktop/Qwen_SDF08/F028.c,cppcheck,True,success,True,0,8,3,information,missingIncludeSystem,Include file: <stdlib.h> not found. Please note: Cppcheck does not need standard library headers to get proper results.,/home/yichen/Desktop/Qwen_SDF08/F028.c|3|information|missingIncludeSystem|Include file: <stdlib.h> not found. Please note: Cppcheck does not need standard library headers to get proper results.,/home/yichen/Desktop/Qwen_SDF_Results08/logs/F028_cppcheck.log
/home/yichen/Desktop/Qwen_SDF08/F028.c,cppcheck,True,success,True,0,8,4,information,missingIncludeSystem,Include file: <string.h> not found. Please note: Cppcheck does not need standard library headers to get proper results.,/home/yichen/Desktop/Qwen_SDF08/F028.c|4|information|missingIncludeSystem|Include file: <string.h> not found. Please note: Cppcheck does not need standard library headers to get proper results.,/home/yichen/Desktop/Qwen_SDF_Results08/logs/F028_cppcheck.log
/home/yichen/Desktop/Qwen_SDF08/F028.c,cppcheck,True,success,True,0,8,5,information,missingIncludeSystem,Include file: <stdint.h> not found. Please note: Cppcheck does not need standard library headers to get proper results.,/home/yichen/Desktop/Qwen_SDF08/F028.c|5|information|missingIncludeSystem|Include file: <stdint.h> not found. Please note: Cppcheck does not need standard library headers to get proper results.,/home/yichen/Desktop/Qwen_SDF_Results08/logs/F028_cppcheck.log
/home/yichen/Desktop/Qwen_SDF08/F028.c,cppcheck,True,success,True,0,8,74,style,constVariablePointer,Variable 'stop' can be declared as pointer to const,/home/yichen/Desktop/Qwen_SDF08/F028.c|74|style|constVariablePointer|Variable 'stop' can be declared as pointer to const,/home/yichen/Desktop/Qwen_SDF_Results08/logs/F028_cppcheck.log
/home/yichen/Desktop/Qwen_SDF08/F028.c,cppcheck,True,success,True,0,8,103,style,constVariablePointer,Variable 'stop' can be declared as pointer to const,/home/yichen/Desktop/Qwen_SDF08/F028.c|103|style|constVariablePointer|Variable 'stop' can be declared as pointer to const,/home/yichen/Desktop/Qwen_SDF_Results08/logs/F028_cppcheck.log
/home/yichen/Desktop/Qwen_SDF08/F028.c,cppcheck,True,success,True,0,8,165,style,constVariablePointer,Variable 'stop' can be declared as pointer to const,/home/yichen/Desktop/Qwen_SDF08/F028.c|165|style|constVariablePointer|Variable 'stop' can be declared as pointer to const,/home/yichen/Desktop/Qwen_SDF_Results08/logs/F028_cppcheck.log
nofile,cppcheck,True,success,True,0,8,0,information,checkersReport,Active checkers: 113/592 (use --checkers-report=<filename> to see details),nofile|0|information|checkersReport|Active checkers: 113/592 (use --checkers-report=<filename> to see details),/home/yichen/Desktop/Qwen_SDF_Results08/logs/F028_cppcheck.log
/home/yichen/Desktop/Qwen_SDF08/F029.c,cppcheck,True,success,True,0,8,2,information,missingIncludeSystem,Include file: <stdio.h> not found. Please note: Cppcheck does not need standard library headers to get proper results.,/home/yichen/Desktop/Qwen_SDF08/F029.c|2|information|missingIncludeSystem|Include file: <stdio.h> not found. Please note: Cppcheck does not need standard library headers to get proper results.,/home/yichen/Desktop/Qwen_SDF_Results08/logs/F029_cppcheck.log
/home/yichen/Desktop/Qwen_SDF08/F029.c,cppcheck,True,success,True,0,8,3,information,missingIncludeSystem,Include file: <stdlib.h> not found. Please note: Cppcheck does not need standard library headers to get proper results.,/home/yichen/Desktop/Qwen_SDF08/F029.c|3|information|missingIncludeSystem|Include file: <stdlib.h> not found. Please note: Cppcheck does not need standard library headers to get proper results.,/home/yichen/Desktop/Qwen_SDF_Results08/logs/F029_cppcheck.log
/home/yichen/Desktop/Qwen_SDF08/F029.c,cppcheck,True,success,True,0,8,4,information,missingIncludeSystem,Include file: <string.h> not found. Please note: Cppcheck does not need standard library headers to get proper results.,/home/yichen/Desktop/Qwen_SDF08/F029.c|4|information|missingIncludeSystem|Include file: <string.h> not found. Please note: Cppcheck does not need standard library headers to get proper results.,/home/yichen/Desktop/Qwen_SDF_Results08/logs/F029_cppcheck.log
/home/yichen/Desktop/Qwen_SDF08/F029.c,cppcheck,True,success,True,0,8,5,information,missingIncludeSystem,Include file: <stdint.h> not found. Please note: Cppcheck does not need standard library headers to get proper results.,/home/yichen/Desktop/Qwen_SDF08/F029.c|5|information|missingIncludeSystem|Include file: <stdint.h> not found. Please note: Cppcheck does not need standard library headers to get proper results.,/home/yichen/Desktop/Qwen_SDF_Results08/logs/F029_cppcheck.log
/home/yichen/Desktop/Qwen_SDF08/F029.c,cppcheck,True,success,True,0,8,74,style,constVariablePointer,Variable 'key' can be declared as pointer to const,/home/yichen/Desktop/Qwen_SDF08/F029.c|74|style|constVariablePointer|Variable 'key' can be declared as pointer to const,/home/yichen/Desktop/Qwen_SDF_Results08/logs/F029_cppcheck.log
/home/yichen/Desktop/Qwen_SDF08/F029.c,cppcheck,True,success,True,0,8,112,style,constVariablePointer,Variable 'key' can be declared as pointer to const,/home/yichen/Desktop/Qwen_SDF08/F029.c|112|style|constVariablePointer|Variable 'key' can be declared as pointer to const,/home/yichen/Desktop/Qwen_SDF_Results08/logs/F029_cppcheck.log
/home/yichen/Desktop/Qwen_SDF08/F029.c,cppcheck,True,success,True,0,8,130,style,constVariablePointer,Variable 'key' can be declared as pointer to const,/home/yichen/Desktop/Qwen_SDF08/F029.c|130|style|constVariablePointer|Variable 'key' can be declared as pointer to const,/home/yichen/Desktop/Qwen_SDF_Results08/logs/F029_cppcheck.log
nofile,cppcheck,True,success,True,0,8,0,information,checkersReport,Active checkers: 113/592 (use --checkers-report=<filename> to see details),nofile|0|information|checkersReport|Active checkers: 113/592 (use --checkers-report=<filename> to see details),/home/yichen/Desktop/Qwen_SDF_Results08/logs/F029_cppcheck.log
/home/yichen/Desktop/Qwen_SDF08/F030.c,cppcheck,True,success,True,0,8,2,information,missingIncludeSystem,Include file: <stdio.h> not found. Please note: Cppcheck does not need standard library headers to get proper results.,/home/yichen/Desktop/Qwen_SDF08/F030.c|2|information|missingIncludeSystem|Include file: <stdio.h> not found. Please note: Cppcheck does not need standard library headers to get proper results.,/home/yichen/Desktop/Qwen_SDF_Results08/logs/F030_cppcheck.log
/home/yichen/Desktop/Qwen_SDF08/F030.c,cppcheck,True,success,True,0,8,3,information,missingIncludeSystem,Include file: <stdlib.h> not found. Please note: Cppcheck does not need standard library headers to get proper results.,/home/yichen/Desktop/Qwen_SDF08/F030.c|3|information|missingIncludeSystem|Include file: <stdlib.h> not found. Please note: Cppcheck does not need standard library headers to get proper results.,/home/yichen/Desktop/Qwen_SDF_Results08/logs/F030_cppcheck.log
/home/yichen/Desktop/Qwen_SDF08/F030.c,cppcheck,True,success,True,0,8,4,information,missingIncludeSystem,Include file: <string.h> not found. Please note: Cppcheck does not need standard library headers to get proper results.,/home/yichen/Desktop/Qwen_SDF08/F030.c|4|information|missingIncludeSystem|Include file: <string.h> not found. Please note: Cppcheck does not need standard library headers to get proper results.,/home/yichen/Desktop/Qwen_SDF_Results08/logs/F030_cppcheck.log
/home/yichen/Desktop/Qwen_SDF08/F030.c,cppcheck,True,success,True,0,8,5,information,missingIncludeSystem,Include file: <stdint.h> not found. Please note: Cppcheck does not need standard library headers to get proper results.,/home/yichen/Desktop/Qwen_SDF08/F030.c|5|information|missingIncludeSystem|Include file: <stdint.h> not found. Please note: Cppcheck does not need standard library headers to get proper results.,/home/yichen/Desktop/Qwen_SDF_Results08/logs/F030_cppcheck.log
/home/yichen/Desktop/Qwen_SDF08/F030.c,cppcheck,True,success,True,0,8,74,style,constVariablePointer,Variable 'old_str' can be declared as pointer to const,/home/yichen/Desktop/Qwen_SDF08/F030.c|74|style|constVariablePointer|Variable 'old_str' can be declared as pointer to const,/home/yichen/Desktop/Qwen_SDF_Results08/logs/F030_cppcheck.log
/home/yichen/Desktop/Qwen_SDF08/F030.c,cppcheck,True,success,True,0,8,97,style,constVariablePointer,Variable 'pos' can be declared as pointer to const,/home/yichen/Desktop/Qwen_SDF08/F030.c|97|style|constVariablePointer|Variable 'pos' can be declared as pointer to const,/home/yichen/Desktop/Qwen_SDF_Results08/logs/F030_cppcheck.log
/home/yichen/Desktop/Qwen_SDF08/F030.c,cppcheck,True,success,True,0,8,119,style,constVariablePointer,Variable 'old_str' can be declared as pointer to const,/home/yichen/Desktop/Qwen_SDF08/F030.c|119|style|constVariablePointer|Variable 'old_str' can be declared as pointer to const,/home/yichen/Desktop/Qwen_SDF_Results08/logs/F030_cppcheck.log
nofile,cppcheck,True,success,True,0,8,0,information,checkersReport,Active checkers: 113/592 (use --checkers-report=<filename> to see details),nofile|0|information|checkersReport|Active checkers: 113/592 (use --checkers-report=<filename> to see details),/home/yichen/Desktop/Qwen_SDF_Results08/logs/F030_cppcheck.log
/home/yichen/Desktop/Qwen_SDF08/F031.c,cppcheck,True,success,True,0,7,2,information,missingIncludeSystem,Include file: <stdio.h> not found. Please note: Cppcheck does not need standard library headers to get proper results.,/home/yichen/Desktop/Qwen_SDF08/F031.c|2|information|missingIncludeSystem|Include file: <stdio.h> not found. Please note: Cppcheck does not need standard library headers to get proper results.,/home/yichen/Desktop/Qwen_SDF_Results08/logs/F031_cppcheck.log
/home/yichen/Desktop/Qwen_SDF08/F031.c,cppcheck,True,success,True,0,7,3,information,missingIncludeSystem,Include file: <stdlib.h> not found. Please note: Cppcheck does not need standard library headers to get proper results.,/home/yichen/Desktop/Qwen_SDF08/F031.c|3|information|missingIncludeSystem|Include file: <stdlib.h> not found. Please note: Cppcheck does not need standard library headers to get proper results.,/home/yichen/Desktop/Qwen_SDF_Results08/logs/F031_cppcheck.log
/home/yichen/Desktop/Qwen_SDF08/F031.c,cppcheck,True,success,True,0,7,4,information,missingIncludeSystem,Include file: <string.h> not found. Please note: Cppcheck does not need standard library headers to get proper results.,/home/yichen/Desktop/Qwen_SDF08/F031.c|4|information|missingIncludeSystem|Include file: <string.h> not found. Please note: Cppcheck does not need standard library headers to get proper results.,/home/yichen/Desktop/Qwen_SDF_Results08/logs/F031_cppcheck.log
/home/yichen/Desktop/Qwen_SDF08/F031.c,cppcheck,True,success,True,0,7,5,information,missingIncludeSystem,Include file: <stdint.h> not found. Please note: Cppcheck does not need standard library headers to get proper results.,/home/yichen/Desktop/Qwen_SDF08/F031.c|5|information|missingIncludeSystem|Include file: <stdint.h> not found. Please note: Cppcheck does not need standard library headers to get proper results.,/home/yichen/Desktop/Qwen_SDF_Results08/logs/F031_cppcheck.log
/home/yichen/Desktop/Qwen_SDF08/F031.c,cppcheck,True,success,True,0,7,116,style,constVariablePointer,Variable 'name' can be declared as pointer to const,/home/yichen/Desktop/Qwen_SDF08/F031.c|116|style|constVariablePointer|Variable 'name' can be declared as pointer to const,/home/yichen/Desktop/Qwen_SDF_Results08/logs/F031_cppcheck.log
/home/yichen/Desktop/Qwen_SDF08/F031.c,cppcheck,True,success,True,0,7,134,style,constVariablePointer,Variable 'name' can be declared as pointer to const,/home/yichen/Desktop/Qwen_SDF08/F031.c|134|style|constVariablePointer|Variable 'name' can be declared as pointer to const,/home/yichen/Desktop/Qwen_SDF_Results08/logs/F031_cppcheck.log
nofile,cppcheck,True,success,True,0,7,0,information,checkersReport,Active checkers: 113/592 (use --checkers-report=<filename> to see details),nofile|0|information|checkersReport|Active checkers: 113/592 (use --checkers-report=<filename> to see details),/home/yichen/Desktop/Qwen_SDF_Results08/logs/F031_cppcheck.log
/home/yichen/Desktop/Qwen_SDF08/F032.c,cppcheck,True,success,True,0,8,2,information,missingIncludeSystem,Include file: <stdio.h> not found. Please note: Cppcheck does not need standard library headers to get proper results.,/home/yichen/Desktop/Qwen_SDF08/F032.c|2|information|missingIncludeSystem|Include file: <stdio.h> not found. Please note: Cppcheck does not need standard library headers to get proper results.,/home/yichen/Desktop/Qwen_SDF_Results08/logs/F032_cppcheck.log
/home/yichen/Desktop/Qwen_SDF08/F032.c,cppcheck,True,success,True,0,8,3,information,missingIncludeSystem,Include file: <stdlib.h> not found. Please note: Cppcheck does not need standard library headers to get proper results.,/home/yichen/Desktop/Qwen_SDF08/F032.c|3|information|missingIncludeSystem|Include file: <stdlib.h> not found. Please note: Cppcheck does not need standard library headers to get proper results.,/home/yichen/Desktop/Qwen_SDF_Results08/logs/F032_cppcheck.log
/home/yichen/Desktop/Qwen_SDF08/F032.c,cppcheck,True,success,True,0,8,4,information,missingIncludeSystem,Include file: <string.h> not found. Please note: Cppcheck does not need standard library headers to get proper results.,/home/yichen/Desktop/Qwen_SDF08/F032.c|4|information|missingIncludeSystem|Include file: <string.h> not found. Please note: Cppcheck does not need standard library headers to get proper results.,/home/yichen/Desktop/Qwen_SDF_Results08/logs/F032_cppcheck.log
/home/yichen/Desktop/Qwen_SDF08/F032.c,cppcheck,True,success,True,0,8,5,information,missingIncludeSystem,Include file: <stdint.h> not found. Please note: Cppcheck does not need standard library headers to get proper results.,/home/yichen/Desktop/Qwen_SDF08/F032.c|5|information|missingIncludeSystem|Include file: <stdint.h> not found. Please note: Cppcheck does not need standard library headers to get proper results.,/home/yichen/Desktop/Qwen_SDF_Results08/logs/F032_cppcheck.log
/home/yichen/Desktop/Qwen_SDF08/F032.c,cppcheck,True,success,True,0,8,76,style,constVariablePointer,Variable 'key' can be declared as pointer to const,/home/yichen/Desktop/Qwen_SDF08/F032.c|76|style|constVariablePointer|Variable 'key' can be declared as pointer to const,/home/yichen/Desktop/Qwen_SDF_Results08/logs/F032_cppcheck.log
/home/yichen/Desktop/Qwen_SDF08/F032.c,cppcheck,True,success,True,0,8,110,style,constVariablePointer,Variable 'key' can be declared as pointer to const,/home/yichen/Desktop/Qwen_SDF08/F032.c|110|style|constVariablePointer|Variable 'key' can be declared as pointer to const,/home/yichen/Desktop/Qwen_SDF_Results08/logs/F032_cppcheck.log
/home/yichen/Desktop/Qwen_SDF08/F032.c,cppcheck,True,success,True,0,8,176,style,constVariablePointer,Variable 'key' can be declared as pointer to const,/home/yichen/Desktop/Qwen_SDF08/F032.c|176|style|constVariablePointer|Variable 'key' can be declared as pointer to const,/home/yichen/Desktop/Qwen_SDF_Results08/logs/F032_cppcheck.log
nofile,cppcheck,True,success,True,0,8,0,information,checkersReport,Active checkers: 113/592 (use --checkers-report=<filename> to see details),nofile|0|information|checkersReport|Active checkers: 113/592 (use --checkers-report=<filename> to see details),/home/yichen/Desktop/Qwen_SDF_Results08/logs/F032_cppcheck.log
/home/yichen/Desktop/Qwen_SDF08/F033.c,cppcheck,True,success,True,0,10,2,information,missingIncludeSystem,Include file: <stdio.h> not found. Please note: Cppcheck does not need standard library headers to get proper results.,/home/yichen/Desktop/Qwen_SDF08/F033.c|2|information|missingIncludeSystem|Include file: <stdio.h> not found. Please note: Cppcheck does not need standard library headers to get proper results.,/home/yichen/Desktop/Qwen_SDF_Results08/logs/F033_cppcheck.log
/home/yichen/Desktop/Qwen_SDF08/F033.c,cppcheck,True,success,True,0,10,3,information,missingIncludeSystem,Include file: <stdlib.h> not found. Please note: Cppcheck does not need standard library headers to get proper results.,/home/yichen/Desktop/Qwen_SDF08/F033.c|3|information|missingIncludeSystem|Include file: <stdlib.h> not found. Please note: Cppcheck does not need standard library headers to get proper results.,/home/yichen/Desktop/Qwen_SDF_Results08/logs/F033_cppcheck.log
/home/yichen/Desktop/Qwen_SDF08/F033.c,cppcheck,True,success,True,0,10,4,information,missingIncludeSystem,Include file: <string.h> not found. Please note: Cppcheck does not need standard library headers to get proper results.,/home/yichen/Desktop/Qwen_SDF08/F033.c|4|information|missingIncludeSystem|Include file: <string.h> not found. Please note: Cppcheck does not need standard library headers to get proper results.,/home/yichen/Desktop/Qwen_SDF_Results08/logs/F033_cppcheck.log
/home/yichen/Desktop/Qwen_SDF08/F033.c,cppcheck,True,success,True,0,10,5,information,missingIncludeSystem,Include file: <stdint.h> not found. Please note: Cppcheck does not need standard library headers to get proper results.,/home/yichen/Desktop/Qwen_SDF08/F033.c|5|information|missingIncludeSystem|Include file: <stdint.h> not found. Please note: Cppcheck does not need standard library headers to get proper results.,/home/yichen/Desktop/Qwen_SDF_Results08/logs/F033_cppcheck.log
/home/yichen/Desktop/Qwen_SDF08/F033.c,cppcheck,True,success,True,0,10,76,style,constVariablePointer,Variable 'id' can be declared as pointer to const,/home/yichen/Desktop/Qwen_SDF08/F033.c|76|style|constVariablePointer|Variable 'id' can be declared as pointer to const,/home/yichen/Desktop/Qwen_SDF_Results08/logs/F033_cppcheck.log
/home/yichen/Desktop/Qwen_SDF08/F033.c,cppcheck,True,success,True,0,10,85,style,constVariablePointer,Variable 'name' can be declared as pointer to const,/home/yichen/Desktop/Qwen_SDF08/F033.c|85|style|constVariablePointer|Variable 'name' can be declared as pointer to const,/home/yichen/Desktop/Qwen_SDF_Results08/logs/F033_cppcheck.log
/home/yichen/Desktop/Qwen_SDF08/F033.c,cppcheck,True,success,True,0,10,94,style,constVariablePointer,Variable 'dept' can be declared as pointer to const,/home/yichen/Desktop/Qwen_SDF08/F033.c|94|style|constVariablePointer|Variable 'dept' can be declared as pointer to const,/home/yichen/Desktop/Qwen_SDF_Results08/logs/F033_cppcheck.log
/home/yichen/Desktop/Qwen_SDF08/F033.c,cppcheck,True,success,True,0,10,131,style,constVariablePointer,Variable 'id' can be declared as pointer to const,/home/yichen/Desktop/Qwen_SDF08/F033.c|131|style|constVariablePointer|Variable 'id' can be declared as pointer to const,/home/yichen/Desktop/Qwen_SDF_Results08/logs/F033_cppcheck.log
/home/yichen/Desktop/Qwen_SDF08/F033.c,cppcheck,True,success,True,0,10,151,style,constVariablePointer,Variable 'id' can be declared as pointer to const,/home/yichen/Desktop/Qwen_SDF08/F033.c|151|style|constVariablePointer|Variable 'id' can be declared as pointer to const,/home/yichen/Desktop/Qwen_SDF_Results08/logs/F033_cppcheck.log
nofile,cppcheck,True,success,True,0,10,0,information,checkersReport,Active checkers: 113/592 (use --checkers-report=<filename> to see details),nofile|0|information|checkersReport|Active checkers: 113/592 (use --checkers-report=<filename> to see details),/home/yichen/Desktop/Qwen_SDF_Results08/logs/F033_cppcheck.log
/home/yichen/Desktop/Qwen_SDF08/F034.c,cppcheck,True,success,True,0,7,2,information,missingIncludeSystem,Include file: <stdio.h> not found. Please note: Cppcheck does not need standard library headers to get proper results.,/home/yichen/Desktop/Qwen_SDF08/F034.c|2|information|missingIncludeSystem|Include file: <stdio.h> not found. Please note: Cppcheck does not need standard library headers to get proper results.,/home/yichen/Desktop/Qwen_SDF_Results08/logs/F034_cppcheck.log
/home/yichen/Desktop/Qwen_SDF08/F034.c,cppcheck,True,success,True,0,7,3,information,missingIncludeSystem,Include file: <stdlib.h> not found. Please note: Cppcheck does not need standard library headers to get proper results.,/home/yichen/Desktop/Qwen_SDF08/F034.c|3|information|missingIncludeSystem|Include file: <stdlib.h> not found. Please note: Cppcheck does not need standard library headers to get proper results.,/home/yichen/Desktop/Qwen_SDF_Results08/logs/F034_cppcheck.log
/home/yichen/Desktop/Qwen_SDF08/F034.c,cppcheck,True,success,True,0,7,4,information,missingIncludeSystem,Include file: <string.h> not found. Please note: Cppcheck does not need standard library headers to get proper results.,/home/yichen/Desktop/Qwen_SDF08/F034.c|4|information|missingIncludeSystem|Include file: <string.h> not found. Please note: Cppcheck does not need standard library headers to get proper results.,/home/yichen/Desktop/Qwen_SDF_Results08/logs/F034_cppcheck.log
/home/yichen/Desktop/Qwen_SDF08/F034.c,cppcheck,True,success,True,0,7,5,information,missingIncludeSystem,Include file: <stdint.h> not found. Please note: Cppcheck does not need standard library headers to get proper results.,/home/yichen/Desktop/Qwen_SDF08/F034.c|5|information|missingIncludeSystem|Include file: <stdint.h> not found. Please note: Cppcheck does not need standard library headers to get proper results.,/home/yichen/Desktop/Qwen_SDF_Results08/logs/F034_cppcheck.log
/home/yichen/Desktop/Qwen_SDF08/F034.c,cppcheck,True,success,True,0,7,120,style,constVariablePointer,Variable 'name' can be declared as pointer to const,/home/yichen/Desktop/Qwen_SDF08/F034.c|120|style|constVariablePointer|Variable 'name' can be declared as pointer to const,/home/yichen/Desktop/Qwen_SDF_Results08/logs/F034_cppcheck.log
/home/yichen/Desktop/Qwen_SDF08/F034.c,cppcheck,True,success,True,0,7,140,style,constVariablePointer,Variable 'name' can be declared as pointer to const,/home/yichen/Desktop/Qwen_SDF08/F034.c|140|style|constVariablePointer|Variable 'name' can be declared as pointer to const,/home/yichen/Desktop/Qwen_SDF_Results08/logs/F034_cppcheck.log
nofile,cppcheck,True,success,True,0,7,0,information,checkersReport,Active checkers: 113/592 (use --checkers-report=<filename> to see details),nofile|0|information|checkersReport|Active checkers: 113/592 (use --checkers-report=<filename> to see details),/home/yichen/Desktop/Qwen_SDF_Results08/logs/F034_cppcheck.log
/home/yichen/Desktop/Qwen_SDF08/F035.c,cppcheck,True,success,True,0,10,2,information,missingIncludeSystem,Include file: <stdio.h> not found. Please note: Cppcheck does not need standard library headers to get proper results.,/home/yichen/Desktop/Qwen_SDF08/F035.c|2|information|missingIncludeSystem|Include file: <stdio.h> not found. Please note: Cppcheck does not need standard library headers to get proper results.,/home/yichen/Desktop/Qwen_SDF_Results08/logs/F035_cppcheck.log
/home/yichen/Desktop/Qwen_SDF08/F035.c,cppcheck,True,success,True,0,10,3,information,missingIncludeSystem,Include file: <stdlib.h> not found. Please note: Cppcheck does not need standard library headers to get proper results.,/home/yichen/Desktop/Qwen_SDF08/F035.c|3|information|missingIncludeSystem|Include file: <stdlib.h> not found. Please note: Cppcheck does not need standard library headers to get proper results.,/home/yichen/Desktop/Qwen_SDF_Results08/logs/F035_cppcheck.log
/home/yichen/Desktop/Qwen_SDF08/F035.c,cppcheck,True,success,True,0,10,4,information,missingIncludeSystem,Include file: <string.h> not found. Please note: Cppcheck does not need standard library headers to get proper results.,/home/yichen/Desktop/Qwen_SDF08/F035.c|4|information|missingIncludeSystem|Include file: <string.h> not found. Please note: Cppcheck does not need standard library headers to get proper results.,/home/yichen/Desktop/Qwen_SDF_Results08/logs/F035_cppcheck.log
/home/yichen/Desktop/Qwen_SDF08/F035.c,cppcheck,True,success,True,0,10,5,information,missingIncludeSystem,Include file: <stdint.h> not found. Please note: Cppcheck does not need standard library headers to get proper results.,/home/yichen/Desktop/Qwen_SDF08/F035.c|5|information|missingIncludeSystem|Include file: <stdint.h> not found. Please note: Cppcheck does not need standard library headers to get proper results.,/home/yichen/Desktop/Qwen_SDF_Results08/logs/F035_cppcheck.log
/home/yichen/Desktop/Qwen_SDF08/F035.c,cppcheck,True,success,True,0,10,74,style,constVariablePointer,Variable 'name' can be declared as pointer to const,/home/yichen/Desktop/Qwen_SDF08/F035.c|74|style|constVariablePointer|Variable 'name' can be declared as pointer to const,/home/yichen/Desktop/Qwen_SDF_Results08/logs/F035_cppcheck.log
/home/yichen/Desktop/Qwen_SDF08/F035.c,cppcheck,True,success,True,0,10,94,style,constVariablePointer,Variable 'old' can be declared as pointer to const,/home/yichen/Desktop/Qwen_SDF08/F035.c|94|style|constVariablePointer|Variable 'old' can be declared as pointer to const,/home/yichen/Desktop/Qwen_SDF_Results08/logs/F035_cppcheck.log
/home/yichen/Desktop/Qwen_SDF08/F035.c,cppcheck,True,success,True,0,10,103,style,constVariablePointer,Variable 'new_name' can be declared as pointer to const,/home/yichen/Desktop/Qwen_SDF08/F035.c|103|style|constVariablePointer|Variable 'new_name' can be declared as pointer to const,/home/yichen/Desktop/Qwen_SDF_Results08/logs/F035_cppcheck.log
/home/yichen/Desktop/Qwen_SDF08/F035.c,cppcheck,True,success,True,0,10,123,style,constVariablePointer,Variable 'name' can be declared as pointer to const,/home/yichen/Desktop/Qwen_SDF08/F035.c|123|style|constVariablePointer|Variable 'name' can be declared as pointer to const,/home/yichen/Desktop/Qwen_SDF_Results08/logs/F035_cppcheck.log
/home/yichen/Desktop/Qwen_SDF08/F035.c,cppcheck,True,success,True,0,10,141,style,constVariablePointer,Variable 'name' can be declared as pointer to const,/home/yichen/Desktop/Qwen_SDF08/F035.c|141|style|constVariablePointer|Variable 'name' can be declared as pointer to const,/home/yichen/Desktop/Qwen_SDF_Results08/logs/F035_cppcheck.log
nofile,cppcheck,True,success,True,0,10,0,information,checkersReport,Active checkers: 113/592 (use --checkers-report=<filename> to see details),nofile|0|information|checkersReport|Active checkers: 113/592 (use --checkers-report=<filename> to see details),/home/yichen/Desktop/Qwen_SDF_Results08/logs/F035_cppcheck.log
/home/yichen/Desktop/Qwen_SDF08/F036.c,cppcheck,True,success,True,0,9,2,information,missingIncludeSystem,Include file: <stdio.h> not found. Please note: Cppcheck does not need standard library headers to get proper results.,/home/yichen/Desktop/Qwen_SDF08/F036.c|2|information|missingIncludeSystem|Include file: <stdio.h> not found. Please note: Cppcheck does not need standard library headers to get proper results.,/home/yichen/Desktop/Qwen_SDF_Results08/logs/F036_cppcheck.log
/home/yichen/Desktop/Qwen_SDF08/F036.c,cppcheck,True,success,True,0,9,3,information,missingIncludeSystem,Include file: <stdlib.h> not found. Please note: Cppcheck does not need standard library headers to get proper results.,/home/yichen/Desktop/Qwen_SDF08/F036.c|3|information|missingIncludeSystem|Include file: <stdlib.h> not found. Please note: Cppcheck does not need standard library headers to get proper results.,/home/yichen/Desktop/Qwen_SDF_Results08/logs/F036_cppcheck.log
/home/yichen/Desktop/Qwen_SDF08/F036.c,cppcheck,True,success,True,0,9,4,information,missingIncludeSystem,Include file: <string.h> not found. Please note: Cppcheck does not need standard library headers to get proper results.,/home/yichen/Desktop/Qwen_SDF08/F036.c|4|information|missingIncludeSystem|Include file: <string.h> not found. Please note: Cppcheck does not need standard library headers to get proper results.,/home/yichen/Desktop/Qwen_SDF_Results08/logs/F036_cppcheck.log
/home/yichen/Desktop/Qwen_SDF08/F036.c,cppcheck,True,success,True,0,9,5,information,missingIncludeSystem,Include file: <stdint.h> not found. Please note: Cppcheck does not need standard library headers to get proper results.,/home/yichen/Desktop/Qwen_SDF08/F036.c|5|information|missingIncludeSystem|Include file: <stdint.h> not found. Please note: Cppcheck does not need standard library headers to get proper results.,/home/yichen/Desktop/Qwen_SDF_Results08/logs/F036_cppcheck.log
/home/yichen/Desktop/Qwen_SDF08/F036.c,cppcheck,True,success,True,0,9,74,style,constVariablePointer,Variable 'name' can be declared as pointer to const,/home/yichen/Desktop/Qwen_SDF08/F036.c|74|style|constVariablePointer|Variable 'name' can be declared as pointer to const,/home/yichen/Desktop/Qwen_SDF_Results08/logs/F036_cppcheck.log
/home/yichen/Desktop/Qwen_SDF08/F036.c,cppcheck,True,success,True,0,9,87,style,constVariablePointer,Variable 'data' can be declared as pointer to const,/home/yichen/Desktop/Qwen_SDF08/F036.c|87|style|constVariablePointer|Variable 'data' can be declared as pointer to const,/home/yichen/Desktop/Qwen_SDF_Results08/logs/F036_cppcheck.log
/home/yichen/Desktop/Qwen_SDF08/F036.c,cppcheck,True,success,True,0,9,104,style,constVariablePointer,Variable 'name' can be declared as pointer to const,/home/yichen/Desktop/Qwen_SDF08/F036.c|104|style|constVariablePointer|Variable 'name' can be declared as pointer to const,/home/yichen/Desktop/Qwen_SDF_Results08/logs/F036_cppcheck.log
/home/yichen/Desktop/Qwen_SDF08/F036.c,cppcheck,True,success,True,0,9,122,style,constVariablePointer,Variable 'name' can be declared as pointer to const,/home/yichen/Desktop/Qwen_SDF08/F036.c|122|style|constVariablePointer|Variable 'name' can be declared as pointer to const,/home/yichen/Desktop/Qwen_SDF_Results08/logs/F036_cppcheck.log
nofile,cppcheck,True,success,True,0,9,0,information,checkersReport,Active checkers: 113/592 (use --checkers-report=<filename> to see details),nofile|0|information|checkersReport|Active checkers: 113/592 (use --checkers-report=<filename> to see details),/home/yichen/Desktop/Qwen_SDF_Results08/logs/F036_cppcheck.log
/home/yichen/Desktop/Qwen_SDF08/F037.c,cppcheck,True,success,True,0,9,2,information,missingIncludeSystem,Include file: <stdio.h> not found. Please note: Cppcheck does not need standard library headers to get proper results.,/home/yichen/Desktop/Qwen_SDF08/F037.c|2|information|missingIncludeSystem|Include file: <stdio.h> not found. Please note: Cppcheck does not need standard library headers to get proper results.,/home/yichen/Desktop/Qwen_SDF_Results08/logs/F037_cppcheck.log
/home/yichen/Desktop/Qwen_SDF08/F037.c,cppcheck,True,success,True,0,9,3,information,missingIncludeSystem,Include file: <stdlib.h> not found. Please note: Cppcheck does not need standard library headers to get proper results.,/home/yichen/Desktop/Qwen_SDF08/F037.c|3|information|missingIncludeSystem|Include file: <stdlib.h> not found. Please note: Cppcheck does not need standard library headers to get proper results.,/home/yichen/Desktop/Qwen_SDF_Results08/logs/F037_cppcheck.log
/home/yichen/Desktop/Qwen_SDF08/F037.c,cppcheck,True,success,True,0,9,4,information,missingIncludeSystem,Include file: <string.h> not found. Please note: Cppcheck does not need standard library headers to get proper results.,/home/yichen/Desktop/Qwen_SDF08/F037.c|4|information|missingIncludeSystem|Include file: <string.h> not found. Please note: Cppcheck does not need standard library headers to get proper results.,/home/yichen/Desktop/Qwen_SDF_Results08/logs/F037_cppcheck.log
/home/yichen/Desktop/Qwen_SDF08/F037.c,cppcheck,True,success,True,0,9,5,information,missingIncludeSystem,Include file: <stdint.h> not found. Please note: Cppcheck does not need standard library headers to get proper results.,/home/yichen/Desktop/Qwen_SDF08/F037.c|5|information|missingIncludeSystem|Include file: <stdint.h> not found. Please note: Cppcheck does not need standard library headers to get proper results.,/home/yichen/Desktop/Qwen_SDF_Results08/logs/F037_cppcheck.log
/home/yichen/Desktop/Qwen_SDF08/F037.c,cppcheck,True,success,True,0,9,86,style,constVariablePointer,Variable 'name' can be declared as pointer to const,/home/yichen/Desktop/Qwen_SDF08/F037.c|86|style|constVariablePointer|Variable 'name' can be declared as pointer to const,/home/yichen/Desktop/Qwen_SDF_Results08/logs/F037_cppcheck.log
/home/yichen/Desktop/Qwen_SDF08/F037.c,cppcheck,True,success,True,0,9,125,style,constVariablePointer,Variable 'name' can be declared as pointer to const,/home/yichen/Desktop/Qwen_SDF08/F037.c|125|style|constVariablePointer|Variable 'name' can be declared as pointer to const,/home/yichen/Desktop/Qwen_SDF_Results08/logs/F037_cppcheck.log
/home/yichen/Desktop/Qwen_SDF08/F037.c,cppcheck,True,success,True,0,9,164,style,constVariablePointer,Variable 'name' can be declared as pointer to const,/home/yichen/Desktop/Qwen_SDF08/F037.c|164|style|constVariablePointer|Variable 'name' can be declared as pointer to const,/home/yichen/Desktop/Qwen_SDF_Results08/logs/F037_cppcheck.log
/home/yichen/Desktop/Qwen_SDF08/F037.c,cppcheck,True,success,True,0,9,198,style,constVariablePointer,Variable 'name' can be declared as pointer to const,/home/yichen/Desktop/Qwen_SDF08/F037.c|198|style|constVariablePointer|Variable 'name' can be declared as pointer to const,/home/yichen/Desktop/Qwen_SDF_Results08/logs/F037_cppcheck.log
nofile,cppcheck,True,success,True,0,9,0,information,checkersReport,Active checkers: 113/592 (use --checkers-report=<filename> to see details),nofile|0|information|checkersReport|Active checkers: 113/592 (use --checkers-report=<filename> to see details),/home/yichen/Desktop/Qwen_SDF_Results08/logs/F037_cppcheck.log
/home/yichen/Desktop/Qwen_SDF08/F038.c,cppcheck,True,success,True,0,9,2,information,missingIncludeSystem,Include file: <stdio.h> not found. Please note: Cppcheck does not need standard library headers to get proper results.,/home/yichen/Desktop/Qwen_SDF08/F038.c|2|information|missingIncludeSystem|Include file: <stdio.h> not found. Please note: Cppcheck does not need standard library headers to get proper results.,/home/yichen/Desktop/Qwen_SDF_Results08/logs/F038_cppcheck.log
/home/yichen/Desktop/Qwen_SDF08/F038.c,cppcheck,True,success,True,0,9,3,information,missingIncludeSystem,Include file: <stdlib.h> not found. Please note: Cppcheck does not need standard library headers to get proper results.,/home/yichen/Desktop/Qwen_SDF08/F038.c|3|information|missingIncludeSystem|Include file: <stdlib.h> not found. Please note: Cppcheck does not need standard library headers to get proper results.,/home/yichen/Desktop/Qwen_SDF_Results08/logs/F038_cppcheck.log
/home/yichen/Desktop/Qwen_SDF08/F038.c,cppcheck,True,success,True,0,9,4,information,missingIncludeSystem,Include file: <string.h> not found. Please note: Cppcheck does not need standard library headers to get proper results.,/home/yichen/Desktop/Qwen_SDF08/F038.c|4|information|missingIncludeSystem|Include file: <string.h> not found. Please note: Cppcheck does not need standard library headers to get proper results.,/home/yichen/Desktop/Qwen_SDF_Results08/logs/F038_cppcheck.log
/home/yichen/Desktop/Qwen_SDF08/F038.c,cppcheck,True,success,True,0,9,5,information,missingIncludeSystem,Include file: <stdint.h> not found. Please note: Cppcheck does not need standard library headers to get proper results.,/home/yichen/Desktop/Qwen_SDF08/F038.c|5|information|missingIncludeSystem|Include file: <stdint.h> not found. Please note: Cppcheck does not need standard library headers to get proper results.,/home/yichen/Desktop/Qwen_SDF_Results08/logs/F038_cppcheck.log
/home/yichen/Desktop/Qwen_SDF08/F038.c,cppcheck,True,success,True,0,9,74,style,constVariablePointer,Variable 'name' can be declared as pointer to const,/home/yichen/Desktop/Qwen_SDF08/F038.c|74|style|constVariablePointer|Variable 'name' can be declared as pointer to const,/home/yichen/Desktop/Qwen_SDF_Results08/logs/F038_cppcheck.log
/home/yichen/Desktop/Qwen_SDF08/F038.c,cppcheck,True,success,True,0,9,94,style,constVariablePointer,Variable 'name' can be declared as pointer to const,/home/yichen/Desktop/Qwen_SDF08/F038.c|94|style|constVariablePointer|Variable 'name' can be declared as pointer to const,/home/yichen/Desktop/Qwen_SDF_Results08/logs/F038_cppcheck.log
/home/yichen/Desktop/Qwen_SDF08/F038.c,cppcheck,True,success,True,0,9,100,style,constVariablePointer,Variable 's' can be declared as pointer to const,/home/yichen/Desktop/Qwen_SDF08/F038.c|100|style|constVariablePointer|Variable 's' can be declared as pointer to const,/home/yichen/Desktop/Qwen_SDF_Results08/logs/F038_cppcheck.log
/home/yichen/Desktop/Qwen_SDF08/F038.c,cppcheck,True,success,True,0,9,121,style,constVariablePointer,Variable 'name' can be declared as pointer to const,/home/yichen/Desktop/Qwen_SDF08/F038.c|121|style|constVariablePointer|Variable 'name' can be declared as pointer to const,/home/yichen/Desktop/Qwen_SDF_Results08/logs/F038_cppcheck.log
nofile,cppcheck,True,success,True,0,9,0,information,checkersReport,Active checkers: 113/592 (use --checkers-report=<filename> to see details),nofile|0|information|checkersReport|Active checkers: 113/592 (use --checkers-report=<filename> to see details),/home/yichen/Desktop/Qwen_SDF_Results08/logs/F038_cppcheck.log
/home/yichen/Desktop/Qwen_SDF08/F039.c,cppcheck,True,success,True,0,10,2,information,missingIncludeSystem,Include file: <stdio.h> not found. Please note: Cppcheck does not need standard library headers to get proper results.,/home/yichen/Desktop/Qwen_SDF08/F039.c|2|information|missingIncludeSystem|Include file: <stdio.h> not found. Please note: Cppcheck does not need standard library headers to get proper results.,/home/yichen/Desktop/Qwen_SDF_Results08/logs/F039_cppcheck.log
/home/yichen/Desktop/Qwen_SDF08/F039.c,cppcheck,True,success,True,0,10,3,information,missingIncludeSystem,Include file: <stdlib.h> not found. Please note: Cppcheck does not need standard library headers to get proper results.,/home/yichen/Desktop/Qwen_SDF08/F039.c|3|information|missingIncludeSystem|Include file: <stdlib.h> not found. Please note: Cppcheck does not need standard library headers to get proper results.,/home/yichen/Desktop/Qwen_SDF_Results08/logs/F039_cppcheck.log
/home/yichen/Desktop/Qwen_SDF08/F039.c,cppcheck,True,success,True,0,10,4,information,missingIncludeSystem,Include file: <string.h> not found. Please note: Cppcheck does not need standard library headers to get proper results.,/home/yichen/Desktop/Qwen_SDF08/F039.c|4|information|missingIncludeSystem|Include file: <string.h> not found. Please note: Cppcheck does not need standard library headers to get proper results.,/home/yichen/Desktop/Qwen_SDF_Results08/logs/F039_cppcheck.log
/home/yichen/Desktop/Qwen_SDF08/F039.c,cppcheck,True,success,True,0,10,5,information,missingIncludeSystem,Include file: <stdint.h> not found. Please note: Cppcheck does not need standard library headers to get proper results.,/home/yichen/Desktop/Qwen_SDF08/F039.c|5|information|missingIncludeSystem|Include file: <stdint.h> not found. Please note: Cppcheck does not need standard library headers to get proper results.,/home/yichen/Desktop/Qwen_SDF_Results08/logs/F039_cppcheck.log
/home/yichen/Desktop/Qwen_SDF08/F039.c,cppcheck,True,success,True,0,10,79,style,constVariablePointer,Variable 'name' can be declared as pointer to const,/home/yichen/Desktop/Qwen_SDF08/F039.c|79|style|constVariablePointer|Variable 'name' can be declared as pointer to const,/home/yichen/Desktop/Qwen_SDF_Results08/logs/F039_cppcheck.log
/home/yichen/Desktop/Qwen_SDF08/F039.c,cppcheck,True,success,True,0,10,120,style,constVariablePointer,Variable 'name' can be declared as pointer to const,/home/yichen/Desktop/Qwen_SDF08/F039.c|120|style|constVariablePointer|Variable 'name' can be declared as pointer to const,/home/yichen/Desktop/Qwen_SDF_Results08/logs/F039_cppcheck.log
/home/yichen/Desktop/Qwen_SDF08/F039.c,cppcheck,True,success,True,0,10,161,style,constVariablePointer,Variable 'name' can be declared as pointer to const,/home/yichen/Desktop/Qwen_SDF08/F039.c|161|style|constVariablePointer|Variable 'name' can be declared as pointer to const,/home/yichen/Desktop/Qwen_SDF_Results08/logs/F039_cppcheck.log
/home/yichen/Desktop/Qwen_SDF08/F039.c,cppcheck,True,success,True,0,10,182,style,constVariablePointer,Variable 't' can be declared as pointer to const,/home/yichen/Desktop/Qwen_SDF08/F039.c|182|style|constVariablePointer|Variable 't' can be declared as pointer to const,/home/yichen/Desktop/Qwen_SDF_Results08/logs/F039_cppcheck.log
/home/yichen/Desktop/Qwen_SDF08/F039.c,cppcheck,True,success,True,0,10,197,style,constVariablePointer,Variable 'name' can be declared as pointer to const,/home/yichen/Desktop/Qwen_SDF08/F039.c|197|style|constVariablePointer|Variable 'name' can be declared as pointer to const,/home/yichen/Desktop/Qwen_SDF_Results08/logs/F039_cppcheck.log
nofile,cppcheck,True,success,True,0,10,0,information,checkersReport,Active checkers: 113/592 (use --checkers-report=<filename> to see details),nofile|0|information|checkersReport|Active checkers: 113/592 (use --checkers-report=<filename> to see details),/home/yichen/Desktop/Qwen_SDF_Results08/logs/F039_cppcheck.log
/home/yichen/Desktop/Qwen_SDF08/F040.c,cppcheck,True,success,True,0,10,2,information,missingIncludeSystem,Include file: <stdio.h> not found. Please note: Cppcheck does not need standard library headers to get proper results.,/home/yichen/Desktop/Qwen_SDF08/F040.c|2|information|missingIncludeSystem|Include file: <stdio.h> not found. Please note: Cppcheck does not need standard library headers to get proper results.,/home/yichen/Desktop/Qwen_SDF_Results08/logs/F040_cppcheck.log
/home/yichen/Desktop/Qwen_SDF08/F040.c,cppcheck,True,success,True,0,10,3,information,missingIncludeSystem,Include file: <stdlib.h> not found. Please note: Cppcheck does not need standard library headers to get proper results.,/home/yichen/Desktop/Qwen_SDF08/F040.c|3|information|missingIncludeSystem|Include file: <stdlib.h> not found. Please note: Cppcheck does not need standard library headers to get proper results.,/home/yichen/Desktop/Qwen_SDF_Results08/logs/F040_cppcheck.log
/home/yichen/Desktop/Qwen_SDF08/F040.c,cppcheck,True,success,True,0,10,4,information,missingIncludeSystem,Include file: <string.h> not found. Please note: Cppcheck does not need standard library headers to get proper results.,/home/yichen/Desktop/Qwen_SDF08/F040.c|4|information|missingIncludeSystem|Include file: <string.h> not found. Please note: Cppcheck does not need standard library headers to get proper results.,/home/yichen/Desktop/Qwen_SDF_Results08/logs/F040_cppcheck.log
/home/yichen/Desktop/Qwen_SDF08/F040.c,cppcheck,True,success,True,0,10,5,information,missingIncludeSystem,Include file: <stdint.h> not found. Please note: Cppcheck does not need standard library headers to get proper results.,/home/yichen/Desktop/Qwen_SDF08/F040.c|5|information|missingIncludeSystem|Include file: <stdint.h> not found. Please note: Cppcheck does not need standard library headers to get proper results.,/home/yichen/Desktop/Qwen_SDF_Results08/logs/F040_cppcheck.log
/home/yichen/Desktop/Qwen_SDF08/F040.c,cppcheck,True,success,True,0,10,77,style,constVariablePointer,Variable 'id' can be declared as pointer to const,/home/yichen/Desktop/Qwen_SDF08/F040.c|77|style|constVariablePointer|Variable 'id' can be declared as pointer to const,/home/yichen/Desktop/Qwen_SDF_Results08/logs/F040_cppcheck.log
/home/yichen/Desktop/Qwen_SDF08/F040.c,cppcheck,True,success,True,0,10,107,style,constVariablePointer,Variable 'payload' can be declared as pointer to const,/home/yichen/Desktop/Qwen_SDF08/F040.c|107|style|constVariablePointer|Variable 'payload' can be declared as pointer to const,/home/yichen/Desktop/Qwen_SDF_Results08/logs/F040_cppcheck.log
/home/yichen/Desktop/Qwen_SDF08/F040.c,cppcheck,True,success,True,0,10,130,style,constVariablePointer,Variable 'id' can be declared as pointer to const,/home/yichen/Desktop/Qwen_SDF08/F040.c|130|style|constVariablePointer|Variable 'id' can be declared as pointer to const,/home/yichen/Desktop/Qwen_SDF_Results08/logs/F040_cppcheck.log
/home/yichen/Desktop/Qwen_SDF08/F040.c,cppcheck,True,success,True,0,10,149,style,constVariablePointer,Variable 'id' can be declared as pointer to const,/home/yichen/Desktop/Qwen_SDF08/F040.c|149|style|constVariablePointer|Variable 'id' can be declared as pointer to const,/home/yichen/Desktop/Qwen_SDF_Results08/logs/F040_cppcheck.log
/home/yichen/Desktop/Qwen_SDF08/F040.c,cppcheck,True,success,True,0,10,163,style,constVariablePointer,Variable 'id' can be declared as pointer to const,/home/yichen/Desktop/Qwen_SDF08/F040.c|163|style|constVariablePointer|Variable 'id' can be declared as pointer to const,/home/yichen/Desktop/Qwen_SDF_Results08/logs/F040_cppcheck.log
nofile,cppcheck,True,success,True,0,10,0,information,checkersReport,Active checkers: 113/592 (use --checkers-report=<filename> to see details),nofile|0|information|checkersReport|Active checkers: 113/592 (use --checkers-report=<filename> to see details),/home/yichen/Desktop/Qwen_SDF_Results08/logs/F040_cppcheck.log
