file,tool,attempted,status,success,returncode,finding_count,line,severity,check_id,message,evidence,log_path
/home/yichen/Desktop/Gemini_GSCP07/F001.c,cppcheck,True,success,True,0,6,2,information,missingIncludeSystem,Include file: <stdio.h> not found. Please note: Cppcheck does not need standard library headers to get proper results.,/home/yichen/Desktop/Gemini_GSCP07/F001.c|2|information|missingIncludeSystem|Include file: <stdio.h> not found. Please note: Cppcheck does not need standard library headers to get proper results.,/home/yichen/Desktop/Gemini_GSCP_Results07/logs/F001_cppcheck.log
/home/yichen/Desktop/Gemini_GSCP07/F001.c,cppcheck,True,success,True,0,6,3,information,missingIncludeSystem,Include file: <stdlib.h> not found. Please note: Cppcheck does not need standard library headers to get proper results.,/home/yichen/Desktop/Gemini_GSCP07/F001.c|3|information|missingIncludeSystem|Include file: <stdlib.h> not found. Please note: Cppcheck does not need standard library headers to get proper results.,/home/yichen/Desktop/Gemini_GSCP_Results07/logs/F001_cppcheck.log
/home/yichen/Desktop/Gemini_GSCP07/F001.c,cppcheck,True,success,True,0,6,4,information,missingIncludeSystem,Include file: <string.h> not found. Please note: Cppcheck does not need standard library headers to get proper results.,/home/yichen/Desktop/Gemini_GSCP07/F001.c|4|information|missingIncludeSystem|Include file: <string.h> not found. Please note: Cppcheck does not need standard library headers to get proper results.,/home/yichen/Desktop/Gemini_GSCP_Results07/logs/F001_cppcheck.log
/home/yichen/Desktop/Gemini_GSCP07/F001.c,cppcheck,True,success,True,0,6,64,style,constVariablePointer,Variable 'id' can be declared as pointer to const,/home/yichen/Desktop/Gemini_GSCP07/F001.c|64|style|constVariablePointer|Variable 'id' can be declared as pointer to const,/home/yichen/Desktop/Gemini_GSCP_Results07/logs/F001_cppcheck.log
/home/yichen/Desktop/Gemini_GSCP07/F001.c,cppcheck,True,success,True,0,6,71,style,constVariablePointer,Variable 'text' can be declared as pointer to const,/home/yichen/Desktop/Gemini_GSCP07/F001.c|71|style|constVariablePointer|Variable 'text' can be declared as pointer to const,/home/yichen/Desktop/Gemini_GSCP_Results07/logs/F001_cppcheck.log
nofile,cppcheck,True,success,True,0,6,0,information,checkersReport,Active checkers: 113/592 (use --checkers-report=<filename> to see details),nofile|0|information|checkersReport|Active checkers: 113/592 (use --checkers-report=<filename> to see details),/home/yichen/Desktop/Gemini_GSCP_Results07/logs/F001_cppcheck.log
/home/yichen/Desktop/Gemini_GSCP07/F002.c,cppcheck,True,success,True,0,13,2,information,missingIncludeSystem,Include file: <stdio.h> not found. Please note: Cppcheck does not need standard library headers to get proper results.,/home/yichen/Desktop/Gemini_GSCP07/F002.c|2|information|missingIncludeSystem|Include file: <stdio.h> not found. Please note: Cppcheck does not need standard library headers to get proper results.,/home/yichen/Desktop/Gemini_GSCP_Results07/logs/F002_cppcheck.log
/home/yichen/Desktop/Gemini_GSCP07/F002.c,cppcheck,True,success,True,0,13,3,information,missingIncludeSystem,Include file: <stdlib.h> not found. Please note: Cppcheck does not need standard library headers to get proper results.,/home/yichen/Desktop/Gemini_GSCP07/F002.c|3|information|missingIncludeSystem|Include file: <stdlib.h> not found. Please note: Cppcheck does not need standard library headers to get proper results.,/home/yichen/Desktop/Gemini_GSCP_Results07/logs/F002_cppcheck.log
/home/yichen/Desktop/Gemini_GSCP07/F002.c,cppcheck,True,success,True,0,13,4,information,missingIncludeSystem,Include file: <string.h> not found. Please note: Cppcheck does not need standard library headers to get proper results.,/home/yichen/Desktop/Gemini_GSCP07/F002.c|4|information|missingIncludeSystem|Include file: <string.h> not found. Please note: Cppcheck does not need standard library headers to get proper results.,/home/yichen/Desktop/Gemini_GSCP_Results07/logs/F002_cppcheck.log
/home/yichen/Desktop/Gemini_GSCP07/F002.c,cppcheck,True,success,True,0,13,65,style,constVariablePointer,Variable 'tag' can be declared as pointer to const,/home/yichen/Desktop/Gemini_GSCP07/F002.c|65|style|constVariablePointer|Variable 'tag' can be declared as pointer to const,/home/yichen/Desktop/Gemini_GSCP_Results07/logs/F002_cppcheck.log
/home/yichen/Desktop/Gemini_GSCP07/F002.c,cppcheck,True,success,True,0,13,72,style,constVariablePointer,Variable 'msg' can be declared as pointer to const,/home/yichen/Desktop/Gemini_GSCP07/F002.c|72|style|constVariablePointer|Variable 'msg' can be declared as pointer to const,/home/yichen/Desktop/Gemini_GSCP_Results07/logs/F002_cppcheck.log
/home/yichen/Desktop/Gemini_GSCP07/F002.c,cppcheck,True,success,True,0,13,84,style,constVariablePointer,Variable 'tag1' can be declared as pointer to const,/home/yichen/Desktop/Gemini_GSCP07/F002.c|84|style|constVariablePointer|Variable 'tag1' can be declared as pointer to const,/home/yichen/Desktop/Gemini_GSCP_Results07/logs/F002_cppcheck.log
/home/yichen/Desktop/Gemini_GSCP07/F002.c,cppcheck,True,success,True,0,13,91,style,constVariablePointer,Variable 'tag2' can be declared as pointer to const,/home/yichen/Desktop/Gemini_GSCP07/F002.c|91|style|constVariablePointer|Variable 'tag2' can be declared as pointer to const,/home/yichen/Desktop/Gemini_GSCP_Results07/logs/F002_cppcheck.log
/home/yichen/Desktop/Gemini_GSCP07/F002.c,cppcheck,True,success,True,0,13,98,style,constVariablePointer,Variable 'newtag' can be declared as pointer to const,/home/yichen/Desktop/Gemini_GSCP07/F002.c|98|style|constVariablePointer|Variable 'newtag' can be declared as pointer to const,/home/yichen/Desktop/Gemini_GSCP_Results07/logs/F002_cppcheck.log
/home/yichen/Desktop/Gemini_GSCP07/F002.c,cppcheck,True,success,True,0,13,101,style,constVariablePointer,Variable 'm1' can be declared as pointer to const,/home/yichen/Desktop/Gemini_GSCP07/F002.c|101|style|constVariablePointer|Variable 'm1' can be declared as pointer to const,/home/yichen/Desktop/Gemini_GSCP_Results07/logs/F002_cppcheck.log
/home/yichen/Desktop/Gemini_GSCP07/F002.c,cppcheck,True,success,True,0,13,102,style,constVariablePointer,Variable 'm2' can be declared as pointer to const,/home/yichen/Desktop/Gemini_GSCP07/F002.c|102|style|constVariablePointer|Variable 'm2' can be declared as pointer to const,/home/yichen/Desktop/Gemini_GSCP_Results07/logs/F002_cppcheck.log
/home/yichen/Desktop/Gemini_GSCP07/F002.c,cppcheck,True,success,True,0,13,131,style,constVariablePointer,Variable 'tag' can be declared as pointer to const,/home/yichen/Desktop/Gemini_GSCP07/F002.c|131|style|constVariablePointer|Variable 'tag' can be declared as pointer to const,/home/yichen/Desktop/Gemini_GSCP_Results07/logs/F002_cppcheck.log
/home/yichen/Desktop/Gemini_GSCP07/F002.c,cppcheck,True,success,True,0,13,149,style,constVariablePointer,Variable 'tag' can be declared as pointer to const,/home/yichen/Desktop/Gemini_GSCP07/F002.c|149|style|constVariablePointer|Variable 'tag' can be declared as pointer to const,/home/yichen/Desktop/Gemini_GSCP_Results07/logs/F002_cppcheck.log
nofile,cppcheck,True,success,True,0,13,0,information,checkersReport,Active checkers: 113/592 (use --checkers-report=<filename> to see details),nofile|0|information|checkersReport|Active checkers: 113/592 (use --checkers-report=<filename> to see details),/home/yichen/Desktop/Gemini_GSCP_Results07/logs/F002_cppcheck.log
/home/yichen/Desktop/Gemini_GSCP07/F003.c,cppcheck,True,success,True,0,10,2,information,missingIncludeSystem,Include file: <stdio.h> not found. Please note: Cppcheck does not need standard library headers to get proper results.,/home/yichen/Desktop/Gemini_GSCP07/F003.c|2|information|missingIncludeSystem|Include file: <stdio.h> not found. Please note: Cppcheck does not need standard library headers to get proper results.,/home/yichen/Desktop/Gemini_GSCP_Results07/logs/F003_cppcheck.log
/home/yichen/Desktop/Gemini_GSCP07/F003.c,cppcheck,True,success,True,0,10,3,information,missingIncludeSystem,Include file: <stdlib.h> not found. Please note: Cppcheck does not need standard library headers to get proper results.,/home/yichen/Desktop/Gemini_GSCP07/F003.c|3|information|missingIncludeSystem|Include file: <stdlib.h> not found. Please note: Cppcheck does not need standard library headers to get proper results.,/home/yichen/Desktop/Gemini_GSCP_Results07/logs/F003_cppcheck.log
/home/yichen/Desktop/Gemini_GSCP07/F003.c,cppcheck,True,success,True,0,10,4,information,missingIncludeSystem,Include file: <string.h> not found. Please note: Cppcheck does not need standard library headers to get proper results.,/home/yichen/Desktop/Gemini_GSCP07/F003.c|4|information|missingIncludeSystem|Include file: <string.h> not found. Please note: Cppcheck does not need standard library headers to get proper results.,/home/yichen/Desktop/Gemini_GSCP_Results07/logs/F003_cppcheck.log
/home/yichen/Desktop/Gemini_GSCP07/F003.c,cppcheck,True,success,True,0,10,65,style,constVariablePointer,Variable 'name' can be declared as pointer to const,/home/yichen/Desktop/Gemini_GSCP07/F003.c|65|style|constVariablePointer|Variable 'name' can be declared as pointer to const,/home/yichen/Desktop/Gemini_GSCP_Results07/logs/F003_cppcheck.log
/home/yichen/Desktop/Gemini_GSCP07/F003.c,cppcheck,True,success,True,0,10,72,style,constVariablePointer,Variable 'expansion' can be declared as pointer to const,/home/yichen/Desktop/Gemini_GSCP07/F003.c|72|style|constVariablePointer|Variable 'expansion' can be declared as pointer to const,/home/yichen/Desktop/Gemini_GSCP_Results07/logs/F003_cppcheck.log
/home/yichen/Desktop/Gemini_GSCP07/F003.c,cppcheck,True,success,True,0,10,98,style,constVariablePointer,Variable 'name' can be declared as pointer to const,/home/yichen/Desktop/Gemini_GSCP07/F003.c|98|style|constVariablePointer|Variable 'name' can be declared as pointer to const,/home/yichen/Desktop/Gemini_GSCP_Results07/logs/F003_cppcheck.log
/home/yichen/Desktop/Gemini_GSCP07/F003.c,cppcheck,True,success,True,0,10,113,style,constVariablePointer,Variable 'old_name' can be declared as pointer to const,/home/yichen/Desktop/Gemini_GSCP07/F003.c|113|style|constVariablePointer|Variable 'old_name' can be declared as pointer to const,/home/yichen/Desktop/Gemini_GSCP_Results07/logs/F003_cppcheck.log
/home/yichen/Desktop/Gemini_GSCP07/F003.c,cppcheck,True,success,True,0,10,120,style,constVariablePointer,Variable 'new_name' can be declared as pointer to const,/home/yichen/Desktop/Gemini_GSCP07/F003.c|120|style|constVariablePointer|Variable 'new_name' can be declared as pointer to const,/home/yichen/Desktop/Gemini_GSCP_Results07/logs/F003_cppcheck.log
/home/yichen/Desktop/Gemini_GSCP07/F003.c,cppcheck,True,success,True,0,10,135,style,constVariablePointer,Variable 'name' can be declared as pointer to const,/home/yichen/Desktop/Gemini_GSCP07/F003.c|135|style|constVariablePointer|Variable 'name' can be declared as pointer to const,/home/yichen/Desktop/Gemini_GSCP_Results07/logs/F003_cppcheck.log
nofile,cppcheck,True,success,True,0,10,0,information,checkersReport,Active checkers: 113/592 (use --checkers-report=<filename> to see details),nofile|0|information|checkersReport|Active checkers: 113/592 (use --checkers-report=<filename> to see details),/home/yichen/Desktop/Gemini_GSCP_Results07/logs/F003_cppcheck.log
/home/yichen/Desktop/Gemini_GSCP07/F004.c,cppcheck,True,success,True,0,8,2,information,missingIncludeSystem,Include file: <stdio.h> not found. Please note: Cppcheck does not need standard library headers to get proper results.,/home/yichen/Desktop/Gemini_GSCP07/F004.c|2|information|missingIncludeSystem|Include file: <stdio.h> not found. Please note: Cppcheck does not need standard library headers to get proper results.,/home/yichen/Desktop/Gemini_GSCP_Results07/logs/F004_cppcheck.log
/home/yichen/Desktop/Gemini_GSCP07/F004.c,cppcheck,True,success,True,0,8,3,information,missingIncludeSystem,Include file: <stdlib.h> not found. Please note: Cppcheck does not need standard library headers to get proper results.,/home/yichen/Desktop/Gemini_GSCP07/F004.c|3|information|missingIncludeSystem|Include file: <stdlib.h> not found. Please note: Cppcheck does not need standard library headers to get proper results.,/home/yichen/Desktop/Gemini_GSCP_Results07/logs/F004_cppcheck.log
/home/yichen/Desktop/Gemini_GSCP07/F004.c,cppcheck,True,success,True,0,8,4,information,missingIncludeSystem,Include file: <string.h> not found. Please note: Cppcheck does not need standard library headers to get proper results.,/home/yichen/Desktop/Gemini_GSCP07/F004.c|4|information|missingIncludeSystem|Include file: <string.h> not found. Please note: Cppcheck does not need standard library headers to get proper results.,/home/yichen/Desktop/Gemini_GSCP_Results07/logs/F004_cppcheck.log
/home/yichen/Desktop/Gemini_GSCP07/F004.c,cppcheck,True,success,True,0,8,65,style,constVariablePointer,Variable 'key' can be declared as pointer to const,/home/yichen/Desktop/Gemini_GSCP07/F004.c|65|style|constVariablePointer|Variable 'key' can be declared as pointer to const,/home/yichen/Desktop/Gemini_GSCP_Results07/logs/F004_cppcheck.log
/home/yichen/Desktop/Gemini_GSCP07/F004.c,cppcheck,True,success,True,0,8,72,style,constVariablePointer,Variable 'value' can be declared as pointer to const,/home/yichen/Desktop/Gemini_GSCP07/F004.c|72|style|constVariablePointer|Variable 'value' can be declared as pointer to const,/home/yichen/Desktop/Gemini_GSCP_Results07/logs/F004_cppcheck.log
/home/yichen/Desktop/Gemini_GSCP07/F004.c,cppcheck,True,success,True,0,8,98,style,constVariablePointer,Variable 'key' can be declared as pointer to const,/home/yichen/Desktop/Gemini_GSCP07/F004.c|98|style|constVariablePointer|Variable 'key' can be declared as pointer to const,/home/yichen/Desktop/Gemini_GSCP_Results07/logs/F004_cppcheck.log
/home/yichen/Desktop/Gemini_GSCP07/F004.c,cppcheck,True,success,True,0,8,125,style,constVariablePointer,Variable 'val' can be declared as pointer to const,/home/yichen/Desktop/Gemini_GSCP07/F004.c|125|style|constVariablePointer|Variable 'val' can be declared as pointer to const,/home/yichen/Desktop/Gemini_GSCP_Results07/logs/F004_cppcheck.log
nofile,cppcheck,True,success,True,0,8,0,information,checkersReport,Active checkers: 113/592 (use --checkers-report=<filename> to see details),nofile|0|information|checkersReport|Active checkers: 113/592 (use --checkers-report=<filename> to see details),/home/yichen/Desktop/Gemini_GSCP_Results07/logs/F004_cppcheck.log
/home/yichen/Desktop/Gemini_GSCP07/F005.c,cppcheck,True,success,True,0,10,2,information,missingIncludeSystem,Include file: <stdio.h> not found. Please note: Cppcheck does not need standard library headers to get proper results.,/home/yichen/Desktop/Gemini_GSCP07/F005.c|2|information|missingIncludeSystem|Include file: <stdio.h> not found. Please note: Cppcheck does not need standard library headers to get proper results.,/home/yichen/Desktop/Gemini_GSCP_Results07/logs/F005_cppcheck.log
/home/yichen/Desktop/Gemini_GSCP07/F005.c,cppcheck,True,success,True,0,10,3,information,missingIncludeSystem,Include file: <stdlib.h> not found. Please note: Cppcheck does not need standard library headers to get proper results.,/home/yichen/Desktop/Gemini_GSCP07/F005.c|3|information|missingIncludeSystem|Include file: <stdlib.h> not found. Please note: Cppcheck does not need standard library headers to get proper results.,/home/yichen/Desktop/Gemini_GSCP_Results07/logs/F005_cppcheck.log
/home/yichen/Desktop/Gemini_GSCP07/F005.c,cppcheck,True,success,True,0,10,4,information,missingIncludeSystem,Include file: <string.h> not found. Please note: Cppcheck does not need standard library headers to get proper results.,/home/yichen/Desktop/Gemini_GSCP07/F005.c|4|information|missingIncludeSystem|Include file: <string.h> not found. Please note: Cppcheck does not need standard library headers to get proper results.,/home/yichen/Desktop/Gemini_GSCP_Results07/logs/F005_cppcheck.log
/home/yichen/Desktop/Gemini_GSCP07/F005.c,cppcheck,True,success,True,0,10,60,style,constVariablePointer,Variable 'idx_str' can be declared as pointer to const,/home/yichen/Desktop/Gemini_GSCP07/F005.c|60|style|constVariablePointer|Variable 'idx_str' can be declared as pointer to const,/home/yichen/Desktop/Gemini_GSCP_Results07/logs/F005_cppcheck.log
/home/yichen/Desktop/Gemini_GSCP07/F005.c,cppcheck,True,success,True,0,10,67,style,constVariablePointer,Variable 'text' can be declared as pointer to const,/home/yichen/Desktop/Gemini_GSCP07/F005.c|67|style|constVariablePointer|Variable 'text' can be declared as pointer to const,/home/yichen/Desktop/Gemini_GSCP_Results07/logs/F005_cppcheck.log
/home/yichen/Desktop/Gemini_GSCP07/F005.c,cppcheck,True,success,True,0,10,84,style,constVariablePointer,Variable 'text' can be declared as pointer to const,/home/yichen/Desktop/Gemini_GSCP07/F005.c|84|style|constVariablePointer|Variable 'text' can be declared as pointer to const,/home/yichen/Desktop/Gemini_GSCP_Results07/logs/F005_cppcheck.log
/home/yichen/Desktop/Gemini_GSCP07/F005.c,cppcheck,True,success,True,0,10,95,style,constVariablePointer,Variable 'idx_str' can be declared as pointer to const,/home/yichen/Desktop/Gemini_GSCP07/F005.c|95|style|constVariablePointer|Variable 'idx_str' can be declared as pointer to const,/home/yichen/Desktop/Gemini_GSCP_Results07/logs/F005_cppcheck.log
/home/yichen/Desktop/Gemini_GSCP07/F005.c,cppcheck,True,success,True,0,10,108,style,constVariablePointer,Variable 'idx_str' can be declared as pointer to const,/home/yichen/Desktop/Gemini_GSCP07/F005.c|108|style|constVariablePointer|Variable 'idx_str' can be declared as pointer to const,/home/yichen/Desktop/Gemini_GSCP_Results07/logs/F005_cppcheck.log
/home/yichen/Desktop/Gemini_GSCP07/F005.c,cppcheck,True,success,True,0,10,115,style,constVariablePointer,Variable 'text' can be declared as pointer to const,/home/yichen/Desktop/Gemini_GSCP07/F005.c|115|style|constVariablePointer|Variable 'text' can be declared as pointer to const,/home/yichen/Desktop/Gemini_GSCP_Results07/logs/F005_cppcheck.log
nofile,cppcheck,True,success,True,0,10,0,information,checkersReport,Active checkers: 113/592 (use --checkers-report=<filename> to see details),nofile|0|information|checkersReport|Active checkers: 113/592 (use --checkers-report=<filename> to see details),/home/yichen/Desktop/Gemini_GSCP_Results07/logs/F005_cppcheck.log
/home/yichen/Desktop/Gemini_GSCP07/F006.c,cppcheck,True,success,True,0,10,2,information,missingIncludeSystem,Include file: <stdio.h> not found. Please note: Cppcheck does not need standard library headers to get proper results.,/home/yichen/Desktop/Gemini_GSCP07/F006.c|2|information|missingIncludeSystem|Include file: <stdio.h> not found. Please note: Cppcheck does not need standard library headers to get proper results.,/home/yichen/Desktop/Gemini_GSCP_Results07/logs/F006_cppcheck.log
/home/yichen/Desktop/Gemini_GSCP07/F006.c,cppcheck,True,success,True,0,10,3,information,missingIncludeSystem,Include file: <stdlib.h> not found. Please note: Cppcheck does not need standard library headers to get proper results.,/home/yichen/Desktop/Gemini_GSCP07/F006.c|3|information|missingIncludeSystem|Include file: <stdlib.h> not found. Please note: Cppcheck does not need standard library headers to get proper results.,/home/yichen/Desktop/Gemini_GSCP_Results07/logs/F006_cppcheck.log
/home/yichen/Desktop/Gemini_GSCP07/F006.c,cppcheck,True,success,True,0,10,4,information,missingIncludeSystem,Include file: <string.h> not found. Please note: Cppcheck does not need standard library headers to get proper results.,/home/yichen/Desktop/Gemini_GSCP07/F006.c|4|information|missingIncludeSystem|Include file: <string.h> not found. Please note: Cppcheck does not need standard library headers to get proper results.,/home/yichen/Desktop/Gemini_GSCP_Results07/logs/F006_cppcheck.log
/home/yichen/Desktop/Gemini_GSCP07/F006.c,cppcheck,True,success,True,0,10,65,style,constVariablePointer,Variable 'item' can be declared as pointer to const,/home/yichen/Desktop/Gemini_GSCP07/F006.c|65|style|constVariablePointer|Variable 'item' can be declared as pointer to const,/home/yichen/Desktop/Gemini_GSCP_Results07/logs/F006_cppcheck.log
/home/yichen/Desktop/Gemini_GSCP07/F006.c,cppcheck,True,success,True,0,10,72,style,constVariablePointer,Variable 'cnt_str' can be declared as pointer to const,/home/yichen/Desktop/Gemini_GSCP07/F006.c|72|style|constVariablePointer|Variable 'cnt_str' can be declared as pointer to const,/home/yichen/Desktop/Gemini_GSCP_Results07/logs/F006_cppcheck.log
/home/yichen/Desktop/Gemini_GSCP07/F006.c,cppcheck,True,success,True,0,10,97,style,constVariablePointer,Variable 'item' can be declared as pointer to const,/home/yichen/Desktop/Gemini_GSCP07/F006.c|97|style|constVariablePointer|Variable 'item' can be declared as pointer to const,/home/yichen/Desktop/Gemini_GSCP_Results07/logs/F006_cppcheck.log
/home/yichen/Desktop/Gemini_GSCP07/F006.c,cppcheck,True,success,True,0,10,104,style,constVariablePointer,Variable 'cnt_str' can be declared as pointer to const,/home/yichen/Desktop/Gemini_GSCP07/F006.c|104|style|constVariablePointer|Variable 'cnt_str' can be declared as pointer to const,/home/yichen/Desktop/Gemini_GSCP_Results07/logs/F006_cppcheck.log
/home/yichen/Desktop/Gemini_GSCP07/F006.c,cppcheck,True,success,True,0,10,117,style,constVariablePointer,Variable 'item' can be declared as pointer to const,/home/yichen/Desktop/Gemini_GSCP07/F006.c|117|style|constVariablePointer|Variable 'item' can be declared as pointer to const,/home/yichen/Desktop/Gemini_GSCP_Results07/logs/F006_cppcheck.log
/home/yichen/Desktop/Gemini_GSCP07/F006.c,cppcheck,True,success,True,0,10,132,style,constVariablePointer,Variable 'item' can be declared as pointer to const,/home/yichen/Desktop/Gemini_GSCP07/F006.c|132|style|constVariablePointer|Variable 'item' can be declared as pointer to const,/home/yichen/Desktop/Gemini_GSCP_Results07/logs/F006_cppcheck.log
nofile,cppcheck,True,success,True,0,10,0,information,checkersReport,Active checkers: 113/592 (use --checkers-report=<filename> to see details),nofile|0|information|checkersReport|Active checkers: 113/592 (use --checkers-report=<filename> to see details),/home/yichen/Desktop/Gemini_GSCP_Results07/logs/F006_cppcheck.log
/home/yichen/Desktop/Gemini_GSCP07/F007.c,cppcheck,True,success,True,0,10,2,information,missingIncludeSystem,Include file: <stdio.h> not found. Please note: Cppcheck does not need standard library headers to get proper results.,/home/yichen/Desktop/Gemini_GSCP07/F007.c|2|information|missingIncludeSystem|Include file: <stdio.h> not found. Please note: Cppcheck does not need standard library headers to get proper results.,/home/yichen/Desktop/Gemini_GSCP_Results07/logs/F007_cppcheck.log
/home/yichen/Desktop/Gemini_GSCP07/F007.c,cppcheck,True,success,True,0,10,3,information,missingIncludeSystem,Include file: <stdlib.h> not found. Please note: Cppcheck does not need standard library headers to get proper results.,/home/yichen/Desktop/Gemini_GSCP07/F007.c|3|information|missingIncludeSystem|Include file: <stdlib.h> not found. Please note: Cppcheck does not need standard library headers to get proper results.,/home/yichen/Desktop/Gemini_GSCP_Results07/logs/F007_cppcheck.log
/home/yichen/Desktop/Gemini_GSCP07/F007.c,cppcheck,True,success,True,0,10,4,information,missingIncludeSystem,Include file: <string.h> not found. Please note: Cppcheck does not need standard library headers to get proper results.,/home/yichen/Desktop/Gemini_GSCP07/F007.c|4|information|missingIncludeSystem|Include file: <string.h> not found. Please note: Cppcheck does not need standard library headers to get proper results.,/home/yichen/Desktop/Gemini_GSCP_Results07/logs/F007_cppcheck.log
/home/yichen/Desktop/Gemini_GSCP07/F007.c,cppcheck,True,success,True,0,10,66,style,constVariablePointer,Variable 'time' can be declared as pointer to const,/home/yichen/Desktop/Gemini_GSCP07/F007.c|66|style|constVariablePointer|Variable 'time' can be declared as pointer to const,/home/yichen/Desktop/Gemini_GSCP_Results07/logs/F007_cppcheck.log
/home/yichen/Desktop/Gemini_GSCP07/F007.c,cppcheck,True,success,True,0,10,73,style,constVariablePointer,Variable 'label' can be declared as pointer to const,/home/yichen/Desktop/Gemini_GSCP07/F007.c|73|style|constVariablePointer|Variable 'label' can be declared as pointer to const,/home/yichen/Desktop/Gemini_GSCP_Results07/logs/F007_cppcheck.log
/home/yichen/Desktop/Gemini_GSCP07/F007.c,cppcheck,True,success,True,0,10,80,style,constVariablePointer,Variable 'note' can be declared as pointer to const,/home/yichen/Desktop/Gemini_GSCP07/F007.c|80|style|constVariablePointer|Variable 'note' can be declared as pointer to const,/home/yichen/Desktop/Gemini_GSCP_Results07/logs/F007_cppcheck.log
/home/yichen/Desktop/Gemini_GSCP07/F007.c,cppcheck,True,success,True,0,10,93,style,constVariablePointer,Variable 'time' can be declared as pointer to const,/home/yichen/Desktop/Gemini_GSCP07/F007.c|93|style|constVariablePointer|Variable 'time' can be declared as pointer to const,/home/yichen/Desktop/Gemini_GSCP_Results07/logs/F007_cppcheck.log
/home/yichen/Desktop/Gemini_GSCP07/F007.c,cppcheck,True,success,True,0,10,100,style,constVariablePointer,Variable 'label' can be declared as pointer to const,/home/yichen/Desktop/Gemini_GSCP07/F007.c|100|style|constVariablePointer|Variable 'label' can be declared as pointer to const,/home/yichen/Desktop/Gemini_GSCP_Results07/logs/F007_cppcheck.log
/home/yichen/Desktop/Gemini_GSCP07/F007.c,cppcheck,True,success,True,0,10,119,style,constVariablePointer,Variable 'label' can be declared as pointer to const,/home/yichen/Desktop/Gemini_GSCP07/F007.c|119|style|constVariablePointer|Variable 'label' can be declared as pointer to const,/home/yichen/Desktop/Gemini_GSCP_Results07/logs/F007_cppcheck.log
nofile,cppcheck,True,success,True,0,10,0,information,checkersReport,Active checkers: 113/592 (use --checkers-report=<filename> to see details),nofile|0|information|checkersReport|Active checkers: 113/592 (use --checkers-report=<filename> to see details),/home/yichen/Desktop/Gemini_GSCP_Results07/logs/F007_cppcheck.log
/home/yichen/Desktop/Gemini_GSCP07/F008.c,cppcheck,True,success,True,0,11,2,information,missingIncludeSystem,Include file: <stdio.h> not found. Please note: Cppcheck does not need standard library headers to get proper results.,/home/yichen/Desktop/Gemini_GSCP07/F008.c|2|information|missingIncludeSystem|Include file: <stdio.h> not found. Please note: Cppcheck does not need standard library headers to get proper results.,/home/yichen/Desktop/Gemini_GSCP_Results07/logs/F008_cppcheck.log
/home/yichen/Desktop/Gemini_GSCP07/F008.c,cppcheck,True,success,True,0,11,3,information,missingIncludeSystem,Include file: <stdlib.h> not found. Please note: Cppcheck does not need standard library headers to get proper results.,/home/yichen/Desktop/Gemini_GSCP07/F008.c|3|information|missingIncludeSystem|Include file: <stdlib.h> not found. Please note: Cppcheck does not need standard library headers to get proper results.,/home/yichen/Desktop/Gemini_GSCP_Results07/logs/F008_cppcheck.log
/home/yichen/Desktop/Gemini_GSCP07/F008.c,cppcheck,True,success,True,0,11,4,information,missingIncludeSystem,Include file: <string.h> not found. Please note: Cppcheck does not need standard library headers to get proper results.,/home/yichen/Desktop/Gemini_GSCP07/F008.c|4|information|missingIncludeSystem|Include file: <string.h> not found. Please note: Cppcheck does not need standard library headers to get proper results.,/home/yichen/Desktop/Gemini_GSCP_Results07/logs/F008_cppcheck.log
/home/yichen/Desktop/Gemini_GSCP07/F008.c,cppcheck,True,success,True,0,11,66,style,constVariablePointer,Variable 'name' can be declared as pointer to const,/home/yichen/Desktop/Gemini_GSCP07/F008.c|66|style|constVariablePointer|Variable 'name' can be declared as pointer to const,/home/yichen/Desktop/Gemini_GSCP_Results07/logs/F008_cppcheck.log
/home/yichen/Desktop/Gemini_GSCP07/F008.c,cppcheck,True,success,True,0,11,73,style,constVariablePointer,Variable 'score_str' can be declared as pointer to const,/home/yichen/Desktop/Gemini_GSCP07/F008.c|73|style|constVariablePointer|Variable 'score_str' can be declared as pointer to const,/home/yichen/Desktop/Gemini_GSCP_Results07/logs/F008_cppcheck.log
/home/yichen/Desktop/Gemini_GSCP07/F008.c,cppcheck,True,success,True,0,11,80,style,constVariablePointer,Variable 'note' can be declared as pointer to const,/home/yichen/Desktop/Gemini_GSCP07/F008.c|80|style|constVariablePointer|Variable 'note' can be declared as pointer to const,/home/yichen/Desktop/Gemini_GSCP_Results07/logs/F008_cppcheck.log
/home/yichen/Desktop/Gemini_GSCP07/F008.c,cppcheck,True,success,True,0,11,102,style,constVariablePointer,Variable 'name' can be declared as pointer to const,/home/yichen/Desktop/Gemini_GSCP07/F008.c|102|style|constVariablePointer|Variable 'name' can be declared as pointer to const,/home/yichen/Desktop/Gemini_GSCP_Results07/logs/F008_cppcheck.log
/home/yichen/Desktop/Gemini_GSCP07/F008.c,cppcheck,True,success,True,0,11,109,style,constVariablePointer,Variable 'score_str' can be declared as pointer to const,/home/yichen/Desktop/Gemini_GSCP07/F008.c|109|style|constVariablePointer|Variable 'score_str' can be declared as pointer to const,/home/yichen/Desktop/Gemini_GSCP_Results07/logs/F008_cppcheck.log
/home/yichen/Desktop/Gemini_GSCP07/F008.c,cppcheck,True,success,True,0,11,116,style,constVariablePointer,Variable 'note' can be declared as pointer to const,/home/yichen/Desktop/Gemini_GSCP07/F008.c|116|style|constVariablePointer|Variable 'note' can be declared as pointer to const,/home/yichen/Desktop/Gemini_GSCP_Results07/logs/F008_cppcheck.log
/home/yichen/Desktop/Gemini_GSCP07/F008.c,cppcheck,True,success,True,0,11,130,style,constVariablePointer,Variable 'name' can be declared as pointer to const,/home/yichen/Desktop/Gemini_GSCP07/F008.c|130|style|constVariablePointer|Variable 'name' can be declared as pointer to const,/home/yichen/Desktop/Gemini_GSCP_Results07/logs/F008_cppcheck.log
nofile,cppcheck,True,success,True,0,11,0,information,checkersReport,Active checkers: 113/592 (use --checkers-report=<filename> to see details),nofile|0|information|checkersReport|Active checkers: 113/592 (use --checkers-report=<filename> to see details),/home/yichen/Desktop/Gemini_GSCP_Results07/logs/F008_cppcheck.log
/home/yichen/Desktop/Gemini_GSCP07/F009.c,cppcheck,True,success,True,0,11,2,information,missingIncludeSystem,Include file: <stdio.h> not found. Please note: Cppcheck does not need standard library headers to get proper results.,/home/yichen/Desktop/Gemini_GSCP07/F009.c|2|information|missingIncludeSystem|Include file: <stdio.h> not found. Please note: Cppcheck does not need standard library headers to get proper results.,/home/yichen/Desktop/Gemini_GSCP_Results07/logs/F009_cppcheck.log
/home/yichen/Desktop/Gemini_GSCP07/F009.c,cppcheck,True,success,True,0,11,3,information,missingIncludeSystem,Include file: <stdlib.h> not found. Please note: Cppcheck does not need standard library headers to get proper results.,/home/yichen/Desktop/Gemini_GSCP07/F009.c|3|information|missingIncludeSystem|Include file: <stdlib.h> not found. Please note: Cppcheck does not need standard library headers to get proper results.,/home/yichen/Desktop/Gemini_GSCP_Results07/logs/F009_cppcheck.log
/home/yichen/Desktop/Gemini_GSCP07/F009.c,cppcheck,True,success,True,0,11,4,information,missingIncludeSystem,Include file: <string.h> not found. Please note: Cppcheck does not need standard library headers to get proper results.,/home/yichen/Desktop/Gemini_GSCP07/F009.c|4|information|missingIncludeSystem|Include file: <string.h> not found. Please note: Cppcheck does not need standard library headers to get proper results.,/home/yichen/Desktop/Gemini_GSCP_Results07/logs/F009_cppcheck.log
/home/yichen/Desktop/Gemini_GSCP07/F009.c,cppcheck,True,success,True,0,11,65,style,constVariablePointer,Variable 'group' can be declared as pointer to const,/home/yichen/Desktop/Gemini_GSCP07/F009.c|65|style|constVariablePointer|Variable 'group' can be declared as pointer to const,/home/yichen/Desktop/Gemini_GSCP_Results07/logs/F009_cppcheck.log
/home/yichen/Desktop/Gemini_GSCP07/F009.c,cppcheck,True,success,True,0,11,72,style,constVariablePointer,Variable 'desc' can be declared as pointer to const,/home/yichen/Desktop/Gemini_GSCP07/F009.c|72|style|constVariablePointer|Variable 'desc' can be declared as pointer to const,/home/yichen/Desktop/Gemini_GSCP_Results07/logs/F009_cppcheck.log
/home/yichen/Desktop/Gemini_GSCP07/F009.c,cppcheck,True,success,True,0,11,84,style,constVariablePointer,Variable 'groupA' can be declared as pointer to const,/home/yichen/Desktop/Gemini_GSCP07/F009.c|84|style|constVariablePointer|Variable 'groupA' can be declared as pointer to const,/home/yichen/Desktop/Gemini_GSCP_Results07/logs/F009_cppcheck.log
/home/yichen/Desktop/Gemini_GSCP07/F009.c,cppcheck,True,success,True,0,11,91,style,constVariablePointer,Variable 'groupB' can be declared as pointer to const,/home/yichen/Desktop/Gemini_GSCP07/F009.c|91|style|constVariablePointer|Variable 'groupB' can be declared as pointer to const,/home/yichen/Desktop/Gemini_GSCP_Results07/logs/F009_cppcheck.log
/home/yichen/Desktop/Gemini_GSCP07/F009.c,cppcheck,True,success,True,0,11,98,style,constVariablePointer,Variable 'newGroup' can be declared as pointer to const,/home/yichen/Desktop/Gemini_GSCP07/F009.c|98|style|constVariablePointer|Variable 'newGroup' can be declared as pointer to const,/home/yichen/Desktop/Gemini_GSCP_Results07/logs/F009_cppcheck.log
/home/yichen/Desktop/Gemini_GSCP07/F009.c,cppcheck,True,success,True,0,11,117,style,constVariablePointer,Variable 'group' can be declared as pointer to const,/home/yichen/Desktop/Gemini_GSCP07/F009.c|117|style|constVariablePointer|Variable 'group' can be declared as pointer to const,/home/yichen/Desktop/Gemini_GSCP_Results07/logs/F009_cppcheck.log
/home/yichen/Desktop/Gemini_GSCP07/F009.c,cppcheck,True,success,True,0,11,135,style,constVariablePointer,Variable 'group' can be declared as pointer to const,/home/yichen/Desktop/Gemini_GSCP07/F009.c|135|style|constVariablePointer|Variable 'group' can be declared as pointer to const,/home/yichen/Desktop/Gemini_GSCP_Results07/logs/F009_cppcheck.log
nofile,cppcheck,True,success,True,0,11,0,information,checkersReport,Active checkers: 113/592 (use --checkers-report=<filename> to see details),nofile|0|information|checkersReport|Active checkers: 113/592 (use --checkers-report=<filename> to see details),/home/yichen/Desktop/Gemini_GSCP_Results07/logs/F009_cppcheck.log
/home/yichen/Desktop/Gemini_GSCP07/F010.c,cppcheck,True,success,True,0,10,2,information,missingIncludeSystem,Include file: <stdio.h> not found. Please note: Cppcheck does not need standard library headers to get proper results.,/home/yichen/Desktop/Gemini_GSCP07/F010.c|2|information|missingIncludeSystem|Include file: <stdio.h> not found. Please note: Cppcheck does not need standard library headers to get proper results.,/home/yichen/Desktop/Gemini_GSCP_Results07/logs/F010_cppcheck.log
/home/yichen/Desktop/Gemini_GSCP07/F010.c,cppcheck,True,success,True,0,10,3,information,missingIncludeSystem,Include file: <stdlib.h> not found. Please note: Cppcheck does not need standard library headers to get proper results.,/home/yichen/Desktop/Gemini_GSCP07/F010.c|3|information|missingIncludeSystem|Include file: <stdlib.h> not found. Please note: Cppcheck does not need standard library headers to get proper results.,/home/yichen/Desktop/Gemini_GSCP_Results07/logs/F010_cppcheck.log
/home/yichen/Desktop/Gemini_GSCP07/F010.c,cppcheck,True,success,True,0,10,4,information,missingIncludeSystem,Include file: <string.h> not found. Please note: Cppcheck does not need standard library headers to get proper results.,/home/yichen/Desktop/Gemini_GSCP07/F010.c|4|information|missingIncludeSystem|Include file: <string.h> not found. Please note: Cppcheck does not need standard library headers to get proper results.,/home/yichen/Desktop/Gemini_GSCP_Results07/logs/F010_cppcheck.log
/home/yichen/Desktop/Gemini_GSCP07/F010.c,cppcheck,True,success,True,0,10,65,style,constVariablePointer,Variable 'key' can be declared as pointer to const,/home/yichen/Desktop/Gemini_GSCP07/F010.c|65|style|constVariablePointer|Variable 'key' can be declared as pointer to const,/home/yichen/Desktop/Gemini_GSCP_Results07/logs/F010_cppcheck.log
/home/yichen/Desktop/Gemini_GSCP07/F010.c,cppcheck,True,success,True,0,10,72,style,constVariablePointer,Variable 'val' can be declared as pointer to const,/home/yichen/Desktop/Gemini_GSCP07/F010.c|72|style|constVariablePointer|Variable 'val' can be declared as pointer to const,/home/yichen/Desktop/Gemini_GSCP_Results07/logs/F010_cppcheck.log
/home/yichen/Desktop/Gemini_GSCP07/F010.c,cppcheck,True,success,True,0,10,86,style,constVariablePointer,Variable 'key' can be declared as pointer to const,/home/yichen/Desktop/Gemini_GSCP07/F010.c|86|style|constVariablePointer|Variable 'key' can be declared as pointer to const,/home/yichen/Desktop/Gemini_GSCP_Results07/logs/F010_cppcheck.log
/home/yichen/Desktop/Gemini_GSCP07/F010.c,cppcheck,True,success,True,0,10,93,style,constVariablePointer,Variable 'val' can be declared as pointer to const,/home/yichen/Desktop/Gemini_GSCP07/F010.c|93|style|constVariablePointer|Variable 'val' can be declared as pointer to const,/home/yichen/Desktop/Gemini_GSCP_Results07/logs/F010_cppcheck.log
/home/yichen/Desktop/Gemini_GSCP07/F010.c,cppcheck,True,success,True,0,10,109,style,constVariablePointer,Variable 'key' can be declared as pointer to const,/home/yichen/Desktop/Gemini_GSCP07/F010.c|109|style|constVariablePointer|Variable 'key' can be declared as pointer to const,/home/yichen/Desktop/Gemini_GSCP_Results07/logs/F010_cppcheck.log
/home/yichen/Desktop/Gemini_GSCP07/F010.c,cppcheck,True,success,True,0,10,127,style,constVariablePointer,Variable 'key' can be declared as pointer to const,/home/yichen/Desktop/Gemini_GSCP07/F010.c|127|style|constVariablePointer|Variable 'key' can be declared as pointer to const,/home/yichen/Desktop/Gemini_GSCP_Results07/logs/F010_cppcheck.log
nofile,cppcheck,True,success,True,0,10,0,information,checkersReport,Active checkers: 113/592 (use --checkers-report=<filename> to see details),nofile|0|information|checkersReport|Active checkers: 113/592 (use --checkers-report=<filename> to see details),/home/yichen/Desktop/Gemini_GSCP_Results07/logs/F010_cppcheck.log
/home/yichen/Desktop/Gemini_GSCP07/F011.c,cppcheck,True,success,True,0,10,2,information,missingIncludeSystem,Include file: <stdio.h> not found. Please note: Cppcheck does not need standard library headers to get proper results.,/home/yichen/Desktop/Gemini_GSCP07/F011.c|2|information|missingIncludeSystem|Include file: <stdio.h> not found. Please note: Cppcheck does not need standard library headers to get proper results.,/home/yichen/Desktop/Gemini_GSCP_Results07/logs/F011_cppcheck.log
/home/yichen/Desktop/Gemini_GSCP07/F011.c,cppcheck,True,success,True,0,10,3,information,missingIncludeSystem,Include file: <stdlib.h> not found. Please note: Cppcheck does not need standard library headers to get proper results.,/home/yichen/Desktop/Gemini_GSCP07/F011.c|3|information|missingIncludeSystem|Include file: <stdlib.h> not found. Please note: Cppcheck does not need standard library headers to get proper results.,/home/yichen/Desktop/Gemini_GSCP_Results07/logs/F011_cppcheck.log
/home/yichen/Desktop/Gemini_GSCP07/F011.c,cppcheck,True,success,True,0,10,4,information,missingIncludeSystem,Include file: <string.h> not found. Please note: Cppcheck does not need standard library headers to get proper results.,/home/yichen/Desktop/Gemini_GSCP07/F011.c|4|information|missingIncludeSystem|Include file: <string.h> not found. Please note: Cppcheck does not need standard library headers to get proper results.,/home/yichen/Desktop/Gemini_GSCP_Results07/logs/F011_cppcheck.log
/home/yichen/Desktop/Gemini_GSCP07/F011.c,cppcheck,True,success,True,0,10,66,style,constVariablePointer,Variable 'title' can be declared as pointer to const,/home/yichen/Desktop/Gemini_GSCP07/F011.c|66|style|constVariablePointer|Variable 'title' can be declared as pointer to const,/home/yichen/Desktop/Gemini_GSCP_Results07/logs/F011_cppcheck.log
/home/yichen/Desktop/Gemini_GSCP07/F011.c,cppcheck,True,success,True,0,10,73,style,constVariablePointer,Variable 'body' can be declared as pointer to const,/home/yichen/Desktop/Gemini_GSCP07/F011.c|73|style|constVariablePointer|Variable 'body' can be declared as pointer to const,/home/yichen/Desktop/Gemini_GSCP_Results07/logs/F011_cppcheck.log
/home/yichen/Desktop/Gemini_GSCP07/F011.c,cppcheck,True,success,True,0,10,94,style,constVariablePointer,Variable 'title' can be declared as pointer to const,/home/yichen/Desktop/Gemini_GSCP07/F011.c|94|style|constVariablePointer|Variable 'title' can be declared as pointer to const,/home/yichen/Desktop/Gemini_GSCP_Results07/logs/F011_cppcheck.log
/home/yichen/Desktop/Gemini_GSCP07/F011.c,cppcheck,True,success,True,0,10,101,style,constVariablePointer,Variable 'body' can be declared as pointer to const,/home/yichen/Desktop/Gemini_GSCP07/F011.c|101|style|constVariablePointer|Variable 'body' can be declared as pointer to const,/home/yichen/Desktop/Gemini_GSCP_Results07/logs/F011_cppcheck.log
/home/yichen/Desktop/Gemini_GSCP07/F011.c,cppcheck,True,success,True,0,10,114,style,constVariablePointer,Variable 'title' can be declared as pointer to const,/home/yichen/Desktop/Gemini_GSCP07/F011.c|114|style|constVariablePointer|Variable 'title' can be declared as pointer to const,/home/yichen/Desktop/Gemini_GSCP_Results07/logs/F011_cppcheck.log
/home/yichen/Desktop/Gemini_GSCP07/F011.c,cppcheck,True,success,True,0,10,146,style,constVariablePointer,Variable 'title' can be declared as pointer to const,/home/yichen/Desktop/Gemini_GSCP07/F011.c|146|style|constVariablePointer|Variable 'title' can be declared as pointer to const,/home/yichen/Desktop/Gemini_GSCP_Results07/logs/F011_cppcheck.log
nofile,cppcheck,True,success,True,0,10,0,information,checkersReport,Active checkers: 113/592 (use --checkers-report=<filename> to see details),nofile|0|information|checkersReport|Active checkers: 113/592 (use --checkers-report=<filename> to see details),/home/yichen/Desktop/Gemini_GSCP_Results07/logs/F011_cppcheck.log
/home/yichen/Desktop/Gemini_GSCP07/F012.c,cppcheck,True,success,True,0,8,2,information,missingIncludeSystem,Include file: <stdio.h> not found. Please note: Cppcheck does not need standard library headers to get proper results.,/home/yichen/Desktop/Gemini_GSCP07/F012.c|2|information|missingIncludeSystem|Include file: <stdio.h> not found. Please note: Cppcheck does not need standard library headers to get proper results.,/home/yichen/Desktop/Gemini_GSCP_Results07/logs/F012_cppcheck.log
/home/yichen/Desktop/Gemini_GSCP07/F012.c,cppcheck,True,success,True,0,8,3,information,missingIncludeSystem,Include file: <stdlib.h> not found. Please note: Cppcheck does not need standard library headers to get proper results.,/home/yichen/Desktop/Gemini_GSCP07/F012.c|3|information|missingIncludeSystem|Include file: <stdlib.h> not found. Please note: Cppcheck does not need standard library headers to get proper results.,/home/yichen/Desktop/Gemini_GSCP_Results07/logs/F012_cppcheck.log
/home/yichen/Desktop/Gemini_GSCP07/F012.c,cppcheck,True,success,True,0,8,4,information,missingIncludeSystem,Include file: <string.h> not found. Please note: Cppcheck does not need standard library headers to get proper results.,/home/yichen/Desktop/Gemini_GSCP07/F012.c|4|information|missingIncludeSystem|Include file: <string.h> not found. Please note: Cppcheck does not need standard library headers to get proper results.,/home/yichen/Desktop/Gemini_GSCP_Results07/logs/F012_cppcheck.log
/home/yichen/Desktop/Gemini_GSCP07/F012.c,cppcheck,True,success,True,0,8,65,style,constVariablePointer,Variable 'name' can be declared as pointer to const,/home/yichen/Desktop/Gemini_GSCP07/F012.c|65|style|constVariablePointer|Variable 'name' can be declared as pointer to const,/home/yichen/Desktop/Gemini_GSCP_Results07/logs/F012_cppcheck.log
/home/yichen/Desktop/Gemini_GSCP07/F012.c,cppcheck,True,success,True,0,8,72,style,constVariablePointer,Variable 'note' can be declared as pointer to const,/home/yichen/Desktop/Gemini_GSCP07/F012.c|72|style|constVariablePointer|Variable 'note' can be declared as pointer to const,/home/yichen/Desktop/Gemini_GSCP_Results07/logs/F012_cppcheck.log
/home/yichen/Desktop/Gemini_GSCP07/F012.c,cppcheck,True,success,True,0,8,94,style,constVariablePointer,Variable 'name' can be declared as pointer to const,/home/yichen/Desktop/Gemini_GSCP07/F012.c|94|style|constVariablePointer|Variable 'name' can be declared as pointer to const,/home/yichen/Desktop/Gemini_GSCP_Results07/logs/F012_cppcheck.log
/home/yichen/Desktop/Gemini_GSCP07/F012.c,cppcheck,True,success,True,0,8,112,style,constVariablePointer,Variable 'name' can be declared as pointer to const,/home/yichen/Desktop/Gemini_GSCP07/F012.c|112|style|constVariablePointer|Variable 'name' can be declared as pointer to const,/home/yichen/Desktop/Gemini_GSCP_Results07/logs/F012_cppcheck.log
nofile,cppcheck,True,success,True,0,8,0,information,checkersReport,Active checkers: 113/592 (use --checkers-report=<filename> to see details),nofile|0|information|checkersReport|Active checkers: 113/592 (use --checkers-report=<filename> to see details),/home/yichen/Desktop/Gemini_GSCP_Results07/logs/F012_cppcheck.log
/home/yichen/Desktop/Gemini_GSCP07/F013.c,cppcheck,True,success,True,0,10,2,information,missingIncludeSystem,Include file: <stdio.h> not found. Please note: Cppcheck does not need standard library headers to get proper results.,/home/yichen/Desktop/Gemini_GSCP07/F013.c|2|information|missingIncludeSystem|Include file: <stdio.h> not found. Please note: Cppcheck does not need standard library headers to get proper results.,/home/yichen/Desktop/Gemini_GSCP_Results07/logs/F013_cppcheck.log
/home/yichen/Desktop/Gemini_GSCP07/F013.c,cppcheck,True,success,True,0,10,3,information,missingIncludeSystem,Include file: <stdlib.h> not found. Please note: Cppcheck does not need standard library headers to get proper results.,/home/yichen/Desktop/Gemini_GSCP07/F013.c|3|information|missingIncludeSystem|Include file: <stdlib.h> not found. Please note: Cppcheck does not need standard library headers to get proper results.,/home/yichen/Desktop/Gemini_GSCP_Results07/logs/F013_cppcheck.log
/home/yichen/Desktop/Gemini_GSCP07/F013.c,cppcheck,True,success,True,0,10,4,information,missingIncludeSystem,Include file: <string.h> not found. Please note: Cppcheck does not need standard library headers to get proper results.,/home/yichen/Desktop/Gemini_GSCP07/F013.c|4|information|missingIncludeSystem|Include file: <string.h> not found. Please note: Cppcheck does not need standard library headers to get proper results.,/home/yichen/Desktop/Gemini_GSCP_Results07/logs/F013_cppcheck.log
/home/yichen/Desktop/Gemini_GSCP07/F013.c,cppcheck,True,success,True,0,10,66,style,constVariablePointer,Variable 'title' can be declared as pointer to const,/home/yichen/Desktop/Gemini_GSCP07/F013.c|66|style|constVariablePointer|Variable 'title' can be declared as pointer to const,/home/yichen/Desktop/Gemini_GSCP_Results07/logs/F013_cppcheck.log
/home/yichen/Desktop/Gemini_GSCP07/F013.c,cppcheck,True,success,True,0,10,73,style,constVariablePointer,Variable 'note' can be declared as pointer to const,/home/yichen/Desktop/Gemini_GSCP07/F013.c|73|style|constVariablePointer|Variable 'note' can be declared as pointer to const,/home/yichen/Desktop/Gemini_GSCP_Results07/logs/F013_cppcheck.log
/home/yichen/Desktop/Gemini_GSCP07/F013.c,cppcheck,True,success,True,0,10,86,style,constVariablePointer,Variable 'title' can be declared as pointer to const,/home/yichen/Desktop/Gemini_GSCP07/F013.c|86|style|constVariablePointer|Variable 'title' can be declared as pointer to const,/home/yichen/Desktop/Gemini_GSCP_Results07/logs/F013_cppcheck.log
/home/yichen/Desktop/Gemini_GSCP07/F013.c,cppcheck,True,success,True,0,10,97,style,constVariablePointer,Variable 'title' can be declared as pointer to const,/home/yichen/Desktop/Gemini_GSCP07/F013.c|97|style|constVariablePointer|Variable 'title' can be declared as pointer to const,/home/yichen/Desktop/Gemini_GSCP_Results07/logs/F013_cppcheck.log
/home/yichen/Desktop/Gemini_GSCP07/F013.c,cppcheck,True,success,True,0,10,108,style,constVariablePointer,Variable 'title' can be declared as pointer to const,/home/yichen/Desktop/Gemini_GSCP07/F013.c|108|style|constVariablePointer|Variable 'title' can be declared as pointer to const,/home/yichen/Desktop/Gemini_GSCP_Results07/logs/F013_cppcheck.log
/home/yichen/Desktop/Gemini_GSCP07/F013.c,cppcheck,True,success,True,0,10,124,style,constVariablePointer,Variable 'title' can be declared as pointer to const,/home/yichen/Desktop/Gemini_GSCP07/F013.c|124|style|constVariablePointer|Variable 'title' can be declared as pointer to const,/home/yichen/Desktop/Gemini_GSCP_Results07/logs/F013_cppcheck.log
nofile,cppcheck,True,success,True,0,10,0,information,checkersReport,Active checkers: 113/592 (use --checkers-report=<filename> to see details),nofile|0|information|checkersReport|Active checkers: 113/592 (use --checkers-report=<filename> to see details),/home/yichen/Desktop/Gemini_GSCP_Results07/logs/F013_cppcheck.log
/home/yichen/Desktop/Gemini_GSCP07/F014.c,cppcheck,True,success,True,0,12,2,information,missingIncludeSystem,Include file: <stdio.h> not found. Please note: Cppcheck does not need standard library headers to get proper results.,/home/yichen/Desktop/Gemini_GSCP07/F014.c|2|information|missingIncludeSystem|Include file: <stdio.h> not found. Please note: Cppcheck does not need standard library headers to get proper results.,/home/yichen/Desktop/Gemini_GSCP_Results07/logs/F014_cppcheck.log
/home/yichen/Desktop/Gemini_GSCP07/F014.c,cppcheck,True,success,True,0,12,3,information,missingIncludeSystem,Include file: <stdlib.h> not found. Please note: Cppcheck does not need standard library headers to get proper results.,/home/yichen/Desktop/Gemini_GSCP07/F014.c|3|information|missingIncludeSystem|Include file: <stdlib.h> not found. Please note: Cppcheck does not need standard library headers to get proper results.,/home/yichen/Desktop/Gemini_GSCP_Results07/logs/F014_cppcheck.log
/home/yichen/Desktop/Gemini_GSCP07/F014.c,cppcheck,True,success,True,0,12,4,information,missingIncludeSystem,Include file: <string.h> not found. Please note: Cppcheck does not need standard library headers to get proper results.,/home/yichen/Desktop/Gemini_GSCP07/F014.c|4|information|missingIncludeSystem|Include file: <string.h> not found. Please note: Cppcheck does not need standard library headers to get proper results.,/home/yichen/Desktop/Gemini_GSCP_Results07/logs/F014_cppcheck.log
/home/yichen/Desktop/Gemini_GSCP07/F014.c,cppcheck,True,success,True,0,12,73,style,constVariablePointer,Variable 'name' can be declared as pointer to const,/home/yichen/Desktop/Gemini_GSCP07/F014.c|73|style|constVariablePointer|Variable 'name' can be declared as pointer to const,/home/yichen/Desktop/Gemini_GSCP_Results07/logs/F014_cppcheck.log
/home/yichen/Desktop/Gemini_GSCP07/F014.c,cppcheck,True,success,True,0,12,80,style,constVariablePointer,Variable 'note' can be declared as pointer to const,/home/yichen/Desktop/Gemini_GSCP07/F014.c|80|style|constVariablePointer|Variable 'note' can be declared as pointer to const,/home/yichen/Desktop/Gemini_GSCP_Results07/logs/F014_cppcheck.log
/home/yichen/Desktop/Gemini_GSCP07/F014.c,cppcheck,True,success,True,0,12,92,style,constVariablePointer,Variable 'name' can be declared as pointer to const,/home/yichen/Desktop/Gemini_GSCP07/F014.c|92|style|constVariablePointer|Variable 'name' can be declared as pointer to const,/home/yichen/Desktop/Gemini_GSCP_Results07/logs/F014_cppcheck.log
/home/yichen/Desktop/Gemini_GSCP07/F014.c,cppcheck,True,success,True,0,12,99,style,constVariablePointer,Variable 'label' can be declared as pointer to const,/home/yichen/Desktop/Gemini_GSCP07/F014.c|99|style|constVariablePointer|Variable 'label' can be declared as pointer to const,/home/yichen/Desktop/Gemini_GSCP_Results07/logs/F014_cppcheck.log
/home/yichen/Desktop/Gemini_GSCP07/F014.c,cppcheck,True,success,True,0,12,113,style,constVariablePointer,Variable 'name' can be declared as pointer to const,/home/yichen/Desktop/Gemini_GSCP07/F014.c|113|style|constVariablePointer|Variable 'name' can be declared as pointer to const,/home/yichen/Desktop/Gemini_GSCP_Results07/logs/F014_cppcheck.log
/home/yichen/Desktop/Gemini_GSCP07/F014.c,cppcheck,True,success,True,0,12,120,style,constVariablePointer,Variable 'label' can be declared as pointer to const,/home/yichen/Desktop/Gemini_GSCP07/F014.c|120|style|constVariablePointer|Variable 'label' can be declared as pointer to const,/home/yichen/Desktop/Gemini_GSCP_Results07/logs/F014_cppcheck.log
/home/yichen/Desktop/Gemini_GSCP07/F014.c,cppcheck,True,success,True,0,12,136,style,constVariablePointer,Variable 'name' can be declared as pointer to const,/home/yichen/Desktop/Gemini_GSCP07/F014.c|136|style|constVariablePointer|Variable 'name' can be declared as pointer to const,/home/yichen/Desktop/Gemini_GSCP_Results07/logs/F014_cppcheck.log
/home/yichen/Desktop/Gemini_GSCP07/F014.c,cppcheck,True,success,True,0,12,165,style,constVariablePointer,Variable 'name' can be declared as pointer to const,/home/yichen/Desktop/Gemini_GSCP07/F014.c|165|style|constVariablePointer|Variable 'name' can be declared as pointer to const,/home/yichen/Desktop/Gemini_GSCP_Results07/logs/F014_cppcheck.log
nofile,cppcheck,True,success,True,0,12,0,information,checkersReport,Active checkers: 113/592 (use --checkers-report=<filename> to see details),nofile|0|information|checkersReport|Active checkers: 113/592 (use --checkers-report=<filename> to see details),/home/yichen/Desktop/Gemini_GSCP_Results07/logs/F014_cppcheck.log
/home/yichen/Desktop/Gemini_GSCP07/F015.c,cppcheck,True,success,True,0,13,2,information,missingIncludeSystem,Include file: <stdio.h> not found. Please note: Cppcheck does not need standard library headers to get proper results.,/home/yichen/Desktop/Gemini_GSCP07/F015.c|2|information|missingIncludeSystem|Include file: <stdio.h> not found. Please note: Cppcheck does not need standard library headers to get proper results.,/home/yichen/Desktop/Gemini_GSCP_Results07/logs/F015_cppcheck.log
/home/yichen/Desktop/Gemini_GSCP07/F015.c,cppcheck,True,success,True,0,13,3,information,missingIncludeSystem,Include file: <stdlib.h> not found. Please note: Cppcheck does not need standard library headers to get proper results.,/home/yichen/Desktop/Gemini_GSCP07/F015.c|3|information|missingIncludeSystem|Include file: <stdlib.h> not found. Please note: Cppcheck does not need standard library headers to get proper results.,/home/yichen/Desktop/Gemini_GSCP_Results07/logs/F015_cppcheck.log
/home/yichen/Desktop/Gemini_GSCP07/F015.c,cppcheck,True,success,True,0,13,4,information,missingIncludeSystem,Include file: <string.h> not found. Please note: Cppcheck does not need standard library headers to get proper results.,/home/yichen/Desktop/Gemini_GSCP07/F015.c|4|information|missingIncludeSystem|Include file: <string.h> not found. Please note: Cppcheck does not need standard library headers to get proper results.,/home/yichen/Desktop/Gemini_GSCP_Results07/logs/F015_cppcheck.log
/home/yichen/Desktop/Gemini_GSCP07/F015.c,cppcheck,True,success,True,0,13,67,style,constVariablePointer,Variable 'name' can be declared as pointer to const,/home/yichen/Desktop/Gemini_GSCP07/F015.c|67|style|constVariablePointer|Variable 'name' can be declared as pointer to const,/home/yichen/Desktop/Gemini_GSCP_Results07/logs/F015_cppcheck.log
/home/yichen/Desktop/Gemini_GSCP07/F015.c,cppcheck,True,success,True,0,13,74,style,constVariablePointer,Variable 'email' can be declared as pointer to const,/home/yichen/Desktop/Gemini_GSCP07/F015.c|74|style|constVariablePointer|Variable 'email' can be declared as pointer to const,/home/yichen/Desktop/Gemini_GSCP_Results07/logs/F015_cppcheck.log
/home/yichen/Desktop/Gemini_GSCP07/F015.c,cppcheck,True,success,True,0,13,81,style,constVariablePointer,Variable 'phone' can be declared as pointer to const,/home/yichen/Desktop/Gemini_GSCP07/F015.c|81|style|constVariablePointer|Variable 'phone' can be declared as pointer to const,/home/yichen/Desktop/Gemini_GSCP_Results07/logs/F015_cppcheck.log
/home/yichen/Desktop/Gemini_GSCP07/F015.c,cppcheck,True,success,True,0,13,97,style,constVariablePointer,Variable 'name' can be declared as pointer to const,/home/yichen/Desktop/Gemini_GSCP07/F015.c|97|style|constVariablePointer|Variable 'name' can be declared as pointer to const,/home/yichen/Desktop/Gemini_GSCP_Results07/logs/F015_cppcheck.log
/home/yichen/Desktop/Gemini_GSCP07/F015.c,cppcheck,True,success,True,0,13,104,style,constVariablePointer,Variable 'text' can be declared as pointer to const,/home/yichen/Desktop/Gemini_GSCP07/F015.c|104|style|constVariablePointer|Variable 'text' can be declared as pointer to const,/home/yichen/Desktop/Gemini_GSCP_Results07/logs/F015_cppcheck.log
/home/yichen/Desktop/Gemini_GSCP07/F015.c,cppcheck,True,success,True,0,13,117,style,constVariablePointer,Variable 'keep' can be declared as pointer to const,/home/yichen/Desktop/Gemini_GSCP07/F015.c|117|style|constVariablePointer|Variable 'keep' can be declared as pointer to const,/home/yichen/Desktop/Gemini_GSCP_Results07/logs/F015_cppcheck.log
/home/yichen/Desktop/Gemini_GSCP07/F015.c,cppcheck,True,success,True,0,13,124,style,constVariablePointer,Variable 'remove' can be declared as pointer to const,/home/yichen/Desktop/Gemini_GSCP07/F015.c|124|style|constVariablePointer|Variable 'remove' can be declared as pointer to const,/home/yichen/Desktop/Gemini_GSCP_Results07/logs/F015_cppcheck.log
/home/yichen/Desktop/Gemini_GSCP07/F015.c,cppcheck,True,success,True,0,13,161,style,constVariablePointer,Variable 'name' can be declared as pointer to const,/home/yichen/Desktop/Gemini_GSCP07/F015.c|161|style|constVariablePointer|Variable 'name' can be declared as pointer to const,/home/yichen/Desktop/Gemini_GSCP_Results07/logs/F015_cppcheck.log
/home/yichen/Desktop/Gemini_GSCP07/F015.c,cppcheck,True,success,True,0,13,179,style,constVariablePointer,Variable 'name' can be declared as pointer to const,/home/yichen/Desktop/Gemini_GSCP07/F015.c|179|style|constVariablePointer|Variable 'name' can be declared as pointer to const,/home/yichen/Desktop/Gemini_GSCP_Results07/logs/F015_cppcheck.log
nofile,cppcheck,True,success,True,0,13,0,information,checkersReport,Active checkers: 113/592 (use --checkers-report=<filename> to see details),nofile|0|information|checkersReport|Active checkers: 113/592 (use --checkers-report=<filename> to see details),/home/yichen/Desktop/Gemini_GSCP_Results07/logs/F015_cppcheck.log
/home/yichen/Desktop/Gemini_GSCP07/F016.c,cppcheck,True,success,True,0,6,2,information,missingIncludeSystem,Include file: <stdio.h> not found. Please note: Cppcheck does not need standard library headers to get proper results.,/home/yichen/Desktop/Gemini_GSCP07/F016.c|2|information|missingIncludeSystem|Include file: <stdio.h> not found. Please note: Cppcheck does not need standard library headers to get proper results.,/home/yichen/Desktop/Gemini_GSCP_Results07/logs/F016_cppcheck.log
/home/yichen/Desktop/Gemini_GSCP07/F016.c,cppcheck,True,success,True,0,6,3,information,missingIncludeSystem,Include file: <stdlib.h> not found. Please note: Cppcheck does not need standard library headers to get proper results.,/home/yichen/Desktop/Gemini_GSCP07/F016.c|3|information|missingIncludeSystem|Include file: <stdlib.h> not found. Please note: Cppcheck does not need standard library headers to get proper results.,/home/yichen/Desktop/Gemini_GSCP_Results07/logs/F016_cppcheck.log
/home/yichen/Desktop/Gemini_GSCP07/F016.c,cppcheck,True,success,True,0,6,4,information,missingIncludeSystem,Include file: <string.h> not found. Please note: Cppcheck does not need standard library headers to get proper results.,/home/yichen/Desktop/Gemini_GSCP07/F016.c|4|information|missingIncludeSystem|Include file: <string.h> not found. Please note: Cppcheck does not need standard library headers to get proper results.,/home/yichen/Desktop/Gemini_GSCP_Results07/logs/F016_cppcheck.log
/home/yichen/Desktop/Gemini_GSCP07/F016.c,cppcheck,True,success,True,0,6,118,style,constVariablePointer,Variable 'name' can be declared as pointer to const,/home/yichen/Desktop/Gemini_GSCP07/F016.c|118|style|constVariablePointer|Variable 'name' can be declared as pointer to const,/home/yichen/Desktop/Gemini_GSCP_Results07/logs/F016_cppcheck.log
/home/yichen/Desktop/Gemini_GSCP07/F016.c,cppcheck,True,success,True,0,6,135,style,constVariablePointer,Variable 'name' can be declared as pointer to const,/home/yichen/Desktop/Gemini_GSCP07/F016.c|135|style|constVariablePointer|Variable 'name' can be declared as pointer to const,/home/yichen/Desktop/Gemini_GSCP_Results07/logs/F016_cppcheck.log
nofile,cppcheck,True,success,True,0,6,0,information,checkersReport,Active checkers: 113/592 (use --checkers-report=<filename> to see details),nofile|0|information|checkersReport|Active checkers: 113/592 (use --checkers-report=<filename> to see details),/home/yichen/Desktop/Gemini_GSCP_Results07/logs/F016_cppcheck.log
/home/yichen/Desktop/Gemini_GSCP07/F017.c,cppcheck,True,success,True,0,8,2,information,missingIncludeSystem,Include file: <stdio.h> not found. Please note: Cppcheck does not need standard library headers to get proper results.,/home/yichen/Desktop/Gemini_GSCP07/F017.c|2|information|missingIncludeSystem|Include file: <stdio.h> not found. Please note: Cppcheck does not need standard library headers to get proper results.,/home/yichen/Desktop/Gemini_GSCP_Results07/logs/F017_cppcheck.log
/home/yichen/Desktop/Gemini_GSCP07/F017.c,cppcheck,True,success,True,0,8,3,information,missingIncludeSystem,Include file: <stdlib.h> not found. Please note: Cppcheck does not need standard library headers to get proper results.,/home/yichen/Desktop/Gemini_GSCP07/F017.c|3|information|missingIncludeSystem|Include file: <stdlib.h> not found. Please note: Cppcheck does not need standard library headers to get proper results.,/home/yichen/Desktop/Gemini_GSCP_Results07/logs/F017_cppcheck.log
/home/yichen/Desktop/Gemini_GSCP07/F017.c,cppcheck,True,success,True,0,8,4,information,missingIncludeSystem,Include file: <string.h> not found. Please note: Cppcheck does not need standard library headers to get proper results.,/home/yichen/Desktop/Gemini_GSCP07/F017.c|4|information|missingIncludeSystem|Include file: <string.h> not found. Please note: Cppcheck does not need standard library headers to get proper results.,/home/yichen/Desktop/Gemini_GSCP_Results07/logs/F017_cppcheck.log
/home/yichen/Desktop/Gemini_GSCP07/F017.c,cppcheck,True,success,True,0,8,92,style,constVariablePointer,Variable 'key' can be declared as pointer to const,/home/yichen/Desktop/Gemini_GSCP07/F017.c|92|style|constVariablePointer|Variable 'key' can be declared as pointer to const,/home/yichen/Desktop/Gemini_GSCP_Results07/logs/F017_cppcheck.log
/home/yichen/Desktop/Gemini_GSCP07/F017.c,cppcheck,True,success,True,0,8,99,style,constVariablePointer,Variable 'value' can be declared as pointer to const,/home/yichen/Desktop/Gemini_GSCP07/F017.c|99|style|constVariablePointer|Variable 'value' can be declared as pointer to const,/home/yichen/Desktop/Gemini_GSCP_Results07/logs/F017_cppcheck.log
/home/yichen/Desktop/Gemini_GSCP07/F017.c,cppcheck,True,success,True,0,8,125,style,constVariablePointer,Variable 'key' can be declared as pointer to const,/home/yichen/Desktop/Gemini_GSCP07/F017.c|125|style|constVariablePointer|Variable 'key' can be declared as pointer to const,/home/yichen/Desktop/Gemini_GSCP_Results07/logs/F017_cppcheck.log
/home/yichen/Desktop/Gemini_GSCP07/F017.c,cppcheck,True,success,True,0,8,141,style,constVariablePointer,Variable 'key' can be declared as pointer to const,/home/yichen/Desktop/Gemini_GSCP07/F017.c|141|style|constVariablePointer|Variable 'key' can be declared as pointer to const,/home/yichen/Desktop/Gemini_GSCP_Results07/logs/F017_cppcheck.log
nofile,cppcheck,True,success,True,0,8,0,information,checkersReport,Active checkers: 113/592 (use --checkers-report=<filename> to see details),nofile|0|information|checkersReport|Active checkers: 113/592 (use --checkers-report=<filename> to see details),/home/yichen/Desktop/Gemini_GSCP_Results07/logs/F017_cppcheck.log
/home/yichen/Desktop/Gemini_GSCP07/F018.c,cppcheck,True,success,True,0,7,2,information,missingIncludeSystem,Include file: <stdio.h> not found. Please note: Cppcheck does not need standard library headers to get proper results.,/home/yichen/Desktop/Gemini_GSCP07/F018.c|2|information|missingIncludeSystem|Include file: <stdio.h> not found. Please note: Cppcheck does not need standard library headers to get proper results.,/home/yichen/Desktop/Gemini_GSCP_Results07/logs/F018_cppcheck.log
/home/yichen/Desktop/Gemini_GSCP07/F018.c,cppcheck,True,success,True,0,7,3,information,missingIncludeSystem,Include file: <stdlib.h> not found. Please note: Cppcheck does not need standard library headers to get proper results.,/home/yichen/Desktop/Gemini_GSCP07/F018.c|3|information|missingIncludeSystem|Include file: <stdlib.h> not found. Please note: Cppcheck does not need standard library headers to get proper results.,/home/yichen/Desktop/Gemini_GSCP_Results07/logs/F018_cppcheck.log
/home/yichen/Desktop/Gemini_GSCP07/F018.c,cppcheck,True,success,True,0,7,4,information,missingIncludeSystem,Include file: <string.h> not found. Please note: Cppcheck does not need standard library headers to get proper results.,/home/yichen/Desktop/Gemini_GSCP07/F018.c|4|information|missingIncludeSystem|Include file: <string.h> not found. Please note: Cppcheck does not need standard library headers to get proper results.,/home/yichen/Desktop/Gemini_GSCP_Results07/logs/F018_cppcheck.log
/home/yichen/Desktop/Gemini_GSCP07/F018.c,cppcheck,True,success,True,0,7,107,style,constVariablePointer,Variable 'w' can be declared as pointer to const,/home/yichen/Desktop/Gemini_GSCP07/F018.c|107|style|constVariablePointer|Variable 'w' can be declared as pointer to const,/home/yichen/Desktop/Gemini_GSCP_Results07/logs/F018_cppcheck.log
/home/yichen/Desktop/Gemini_GSCP07/F018.c,cppcheck,True,success,True,0,7,131,style,constVariablePointer,Variable 'w' can be declared as pointer to const,/home/yichen/Desktop/Gemini_GSCP07/F018.c|131|style|constVariablePointer|Variable 'w' can be declared as pointer to const,/home/yichen/Desktop/Gemini_GSCP_Results07/logs/F018_cppcheck.log
/home/yichen/Desktop/Gemini_GSCP07/F018.c,cppcheck,True,success,True,0,7,146,style,constVariablePointer,Variable 'w' can be declared as pointer to const,/home/yichen/Desktop/Gemini_GSCP07/F018.c|146|style|constVariablePointer|Variable 'w' can be declared as pointer to const,/home/yichen/Desktop/Gemini_GSCP_Results07/logs/F018_cppcheck.log
nofile,cppcheck,True,success,True,0,7,0,information,checkersReport,Active checkers: 113/592 (use --checkers-report=<filename> to see details),nofile|0|information|checkersReport|Active checkers: 113/592 (use --checkers-report=<filename> to see details),/home/yichen/Desktop/Gemini_GSCP_Results07/logs/F018_cppcheck.log
/home/yichen/Desktop/Gemini_GSCP07/F019.c,cppcheck,True,success,True,0,13,2,information,missingIncludeSystem,Include file: <stdio.h> not found. Please note: Cppcheck does not need standard library headers to get proper results.,/home/yichen/Desktop/Gemini_GSCP07/F019.c|2|information|missingIncludeSystem|Include file: <stdio.h> not found. Please note: Cppcheck does not need standard library headers to get proper results.,/home/yichen/Desktop/Gemini_GSCP_Results07/logs/F019_cppcheck.log
/home/yichen/Desktop/Gemini_GSCP07/F019.c,cppcheck,True,success,True,0,13,3,information,missingIncludeSystem,Include file: <stdlib.h> not found. Please note: Cppcheck does not need standard library headers to get proper results.,/home/yichen/Desktop/Gemini_GSCP07/F019.c|3|information|missingIncludeSystem|Include file: <stdlib.h> not found. Please note: Cppcheck does not need standard library headers to get proper results.,/home/yichen/Desktop/Gemini_GSCP_Results07/logs/F019_cppcheck.log
/home/yichen/Desktop/Gemini_GSCP07/F019.c,cppcheck,True,success,True,0,13,4,information,missingIncludeSystem,Include file: <string.h> not found. Please note: Cppcheck does not need standard library headers to get proper results.,/home/yichen/Desktop/Gemini_GSCP07/F019.c|4|information|missingIncludeSystem|Include file: <string.h> not found. Please note: Cppcheck does not need standard library headers to get proper results.,/home/yichen/Desktop/Gemini_GSCP_Results07/logs/F019_cppcheck.log
/home/yichen/Desktop/Gemini_GSCP07/F019.c,cppcheck,True,success,True,0,13,53,style,constVariablePointer,Variable 'account' can be declared as pointer to const,/home/yichen/Desktop/Gemini_GSCP07/F019.c|53|style|constVariablePointer|Variable 'account' can be declared as pointer to const,/home/yichen/Desktop/Gemini_GSCP_Results07/logs/F019_cppcheck.log
/home/yichen/Desktop/Gemini_GSCP07/F019.c,cppcheck,True,success,True,0,13,60,style,constVariablePointer,Variable 'amount_str' can be declared as pointer to const,/home/yichen/Desktop/Gemini_GSCP07/F019.c|60|style|constVariablePointer|Variable 'amount_str' can be declared as pointer to const,/home/yichen/Desktop/Gemini_GSCP_Results07/logs/F019_cppcheck.log
/home/yichen/Desktop/Gemini_GSCP07/F019.c,cppcheck,True,success,True,0,13,116,style,constVariablePointer,Variable 'account' can be declared as pointer to const,/home/yichen/Desktop/Gemini_GSCP07/F019.c|116|style|constVariablePointer|Variable 'account' can be declared as pointer to const,/home/yichen/Desktop/Gemini_GSCP_Results07/logs/F019_cppcheck.log
/home/yichen/Desktop/Gemini_GSCP07/F019.c,cppcheck,True,success,True,0,13,123,style,constVariablePointer,Variable 'amount_str' can be declared as pointer to const,/home/yichen/Desktop/Gemini_GSCP07/F019.c|123|style|constVariablePointer|Variable 'amount_str' can be declared as pointer to const,/home/yichen/Desktop/Gemini_GSCP_Results07/logs/F019_cppcheck.log
/home/yichen/Desktop/Gemini_GSCP07/F019.c,cppcheck,True,success,True,0,13,151,style,constVariablePointer,Variable 'account' can be declared as pointer to const,/home/yichen/Desktop/Gemini_GSCP07/F019.c|151|style|constVariablePointer|Variable 'account' can be declared as pointer to const,/home/yichen/Desktop/Gemini_GSCP_Results07/logs/F019_cppcheck.log
/home/yichen/Desktop/Gemini_GSCP07/F019.c,cppcheck,True,success,True,0,13,158,style,constVariablePointer,Variable 'amount_str' can be declared as pointer to const,/home/yichen/Desktop/Gemini_GSCP07/F019.c|158|style|constVariablePointer|Variable 'amount_str' can be declared as pointer to const,/home/yichen/Desktop/Gemini_GSCP_Results07/logs/F019_cppcheck.log
/home/yichen/Desktop/Gemini_GSCP07/F019.c,cppcheck,True,success,True,0,13,170,style,constVariablePointer,Variable 'account' can be declared as pointer to const,/home/yichen/Desktop/Gemini_GSCP07/F019.c|170|style|constVariablePointer|Variable 'account' can be declared as pointer to const,/home/yichen/Desktop/Gemini_GSCP_Results07/logs/F019_cppcheck.log
/home/yichen/Desktop/Gemini_GSCP07/F019.c,cppcheck,True,success,True,0,13,64,style,unreadVariable,Variable 'p' is assigned a value that is never used.,/home/yichen/Desktop/Gemini_GSCP07/F019.c|64|style|unreadVariable|Variable 'p' is assigned a value that is never used.,/home/yichen/Desktop/Gemini_GSCP_Results07/logs/F019_cppcheck.log
/home/yichen/Desktop/Gemini_GSCP07/F019.c,cppcheck,True,success,True,0,13,127,style,unreadVariable,Variable 'p' is assigned a value that is never used.,/home/yichen/Desktop/Gemini_GSCP07/F019.c|127|style|unreadVariable|Variable 'p' is assigned a value that is never used.,/home/yichen/Desktop/Gemini_GSCP_Results07/logs/F019_cppcheck.log
nofile,cppcheck,True,success,True,0,13,0,information,checkersReport,Active checkers: 113/592 (use --checkers-report=<filename> to see details),nofile|0|information|checkersReport|Active checkers: 113/592 (use --checkers-report=<filename> to see details),/home/yichen/Desktop/Gemini_GSCP_Results07/logs/F019_cppcheck.log
/home/yichen/Desktop/Gemini_GSCP07/F020.c,cppcheck,True,success,True,0,7,2,information,missingIncludeSystem,Include file: <stdio.h> not found. Please note: Cppcheck does not need standard library headers to get proper results.,/home/yichen/Desktop/Gemini_GSCP07/F020.c|2|information|missingIncludeSystem|Include file: <stdio.h> not found. Please note: Cppcheck does not need standard library headers to get proper results.,/home/yichen/Desktop/Gemini_GSCP_Results07/logs/F020_cppcheck.log
/home/yichen/Desktop/Gemini_GSCP07/F020.c,cppcheck,True,success,True,0,7,3,information,missingIncludeSystem,Include file: <stdlib.h> not found. Please note: Cppcheck does not need standard library headers to get proper results.,/home/yichen/Desktop/Gemini_GSCP07/F020.c|3|information|missingIncludeSystem|Include file: <stdlib.h> not found. Please note: Cppcheck does not need standard library headers to get proper results.,/home/yichen/Desktop/Gemini_GSCP_Results07/logs/F020_cppcheck.log
/home/yichen/Desktop/Gemini_GSCP07/F020.c,cppcheck,True,success,True,0,7,4,information,missingIncludeSystem,Include file: <string.h> not found. Please note: Cppcheck does not need standard library headers to get proper results.,/home/yichen/Desktop/Gemini_GSCP07/F020.c|4|information|missingIncludeSystem|Include file: <string.h> not found. Please note: Cppcheck does not need standard library headers to get proper results.,/home/yichen/Desktop/Gemini_GSCP_Results07/logs/F020_cppcheck.log
/home/yichen/Desktop/Gemini_GSCP07/F020.c,cppcheck,True,success,True,0,7,116,style,constVariablePointer,Variable 'title' can be declared as pointer to const,/home/yichen/Desktop/Gemini_GSCP07/F020.c|116|style|constVariablePointer|Variable 'title' can be declared as pointer to const,/home/yichen/Desktop/Gemini_GSCP_Results07/logs/F020_cppcheck.log
/home/yichen/Desktop/Gemini_GSCP07/F020.c,cppcheck,True,success,True,0,7,127,style,constVariablePointer,Variable 'title' can be declared as pointer to const,/home/yichen/Desktop/Gemini_GSCP07/F020.c|127|style|constVariablePointer|Variable 'title' can be declared as pointer to const,/home/yichen/Desktop/Gemini_GSCP_Results07/logs/F020_cppcheck.log
/home/yichen/Desktop/Gemini_GSCP07/F020.c,cppcheck,True,success,True,0,7,143,style,constVariablePointer,Variable 'title' can be declared as pointer to const,/home/yichen/Desktop/Gemini_GSCP07/F020.c|143|style|constVariablePointer|Variable 'title' can be declared as pointer to const,/home/yichen/Desktop/Gemini_GSCP_Results07/logs/F020_cppcheck.log
nofile,cppcheck,True,success,True,0,7,0,information,checkersReport,Active checkers: 113/592 (use --checkers-report=<filename> to see details),nofile|0|information|checkersReport|Active checkers: 113/592 (use --checkers-report=<filename> to see details),/home/yichen/Desktop/Gemini_GSCP_Results07/logs/F020_cppcheck.log
/home/yichen/Desktop/Gemini_GSCP07/F021.c,cppcheck,True,success,True,0,12,2,information,missingIncludeSystem,Include file: <stdio.h> not found. Please note: Cppcheck does not need standard library headers to get proper results.,/home/yichen/Desktop/Gemini_GSCP07/F021.c|2|information|missingIncludeSystem|Include file: <stdio.h> not found. Please note: Cppcheck does not need standard library headers to get proper results.,/home/yichen/Desktop/Gemini_GSCP_Results07/logs/F021_cppcheck.log
/home/yichen/Desktop/Gemini_GSCP07/F021.c,cppcheck,True,success,True,0,12,3,information,missingIncludeSystem,Include file: <stdlib.h> not found. Please note: Cppcheck does not need standard library headers to get proper results.,/home/yichen/Desktop/Gemini_GSCP07/F021.c|3|information|missingIncludeSystem|Include file: <stdlib.h> not found. Please note: Cppcheck does not need standard library headers to get proper results.,/home/yichen/Desktop/Gemini_GSCP_Results07/logs/F021_cppcheck.log
/home/yichen/Desktop/Gemini_GSCP07/F021.c,cppcheck,True,success,True,0,12,4,information,missingIncludeSystem,Include file: <string.h> not found. Please note: Cppcheck does not need standard library headers to get proper results.,/home/yichen/Desktop/Gemini_GSCP07/F021.c|4|information|missingIncludeSystem|Include file: <string.h> not found. Please note: Cppcheck does not need standard library headers to get proper results.,/home/yichen/Desktop/Gemini_GSCP_Results07/logs/F021_cppcheck.log
/home/yichen/Desktop/Gemini_GSCP07/F021.c,cppcheck,True,success,True,0,12,72,style,constVariablePointer,Variable 'name' can be declared as pointer to const,/home/yichen/Desktop/Gemini_GSCP07/F021.c|72|style|constVariablePointer|Variable 'name' can be declared as pointer to const,/home/yichen/Desktop/Gemini_GSCP_Results07/logs/F021_cppcheck.log
/home/yichen/Desktop/Gemini_GSCP07/F021.c,cppcheck,True,success,True,0,12,97,style,constVariablePointer,Variable 'rname' can be declared as pointer to const,/home/yichen/Desktop/Gemini_GSCP07/F021.c|97|style|constVariablePointer|Variable 'rname' can be declared as pointer to const,/home/yichen/Desktop/Gemini_GSCP_Results07/logs/F021_cppcheck.log
/home/yichen/Desktop/Gemini_GSCP07/F021.c,cppcheck,True,success,True,0,12,104,style,constVariablePointer,Variable 'ing_name' can be declared as pointer to const,/home/yichen/Desktop/Gemini_GSCP07/F021.c|104|style|constVariablePointer|Variable 'ing_name' can be declared as pointer to const,/home/yichen/Desktop/Gemini_GSCP_Results07/logs/F021_cppcheck.log
/home/yichen/Desktop/Gemini_GSCP07/F021.c,cppcheck,True,success,True,0,12,111,style,constVariablePointer,Variable 'note' can be declared as pointer to const,/home/yichen/Desktop/Gemini_GSCP07/F021.c|111|style|constVariablePointer|Variable 'note' can be declared as pointer to const,/home/yichen/Desktop/Gemini_GSCP_Results07/logs/F021_cppcheck.log
/home/yichen/Desktop/Gemini_GSCP07/F021.c,cppcheck,True,success,True,0,12,129,style,constVariablePointer,Variable 'rname' can be declared as pointer to const,/home/yichen/Desktop/Gemini_GSCP07/F021.c|129|style|constVariablePointer|Variable 'rname' can be declared as pointer to const,/home/yichen/Desktop/Gemini_GSCP_Results07/logs/F021_cppcheck.log
/home/yichen/Desktop/Gemini_GSCP07/F021.c,cppcheck,True,success,True,0,12,136,style,constVariablePointer,Variable 'ing_name' can be declared as pointer to const,/home/yichen/Desktop/Gemini_GSCP07/F021.c|136|style|constVariablePointer|Variable 'ing_name' can be declared as pointer to const,/home/yichen/Desktop/Gemini_GSCP_Results07/logs/F021_cppcheck.log
/home/yichen/Desktop/Gemini_GSCP07/F021.c,cppcheck,True,success,True,0,12,158,style,constVariablePointer,Variable 'name' can be declared as pointer to const,/home/yichen/Desktop/Gemini_GSCP07/F021.c|158|style|constVariablePointer|Variable 'name' can be declared as pointer to const,/home/yichen/Desktop/Gemini_GSCP_Results07/logs/F021_cppcheck.log
/home/yichen/Desktop/Gemini_GSCP07/F021.c,cppcheck,True,success,True,0,12,178,style,constVariablePointer,Variable 'name' can be declared as pointer to const,/home/yichen/Desktop/Gemini_GSCP07/F021.c|178|style|constVariablePointer|Variable 'name' can be declared as pointer to const,/home/yichen/Desktop/Gemini_GSCP_Results07/logs/F021_cppcheck.log
nofile,cppcheck,True,success,True,0,12,0,information,checkersReport,Active checkers: 113/592 (use --checkers-report=<filename> to see details),nofile|0|information|checkersReport|Active checkers: 113/592 (use --checkers-report=<filename> to see details),/home/yichen/Desktop/Gemini_GSCP_Results07/logs/F021_cppcheck.log
/home/yichen/Desktop/Gemini_GSCP07/F022.c,cppcheck,True,success,True,0,14,2,information,missingIncludeSystem,Include file: <stdio.h> not found. Please note: Cppcheck does not need standard library headers to get proper results.,/home/yichen/Desktop/Gemini_GSCP07/F022.c|2|information|missingIncludeSystem|Include file: <stdio.h> not found. Please note: Cppcheck does not need standard library headers to get proper results.,/home/yichen/Desktop/Gemini_GSCP_Results07/logs/F022_cppcheck.log
/home/yichen/Desktop/Gemini_GSCP07/F022.c,cppcheck,True,success,True,0,14,3,information,missingIncludeSystem,Include file: <stdlib.h> not found. Please note: Cppcheck does not need standard library headers to get proper results.,/home/yichen/Desktop/Gemini_GSCP07/F022.c|3|information|missingIncludeSystem|Include file: <stdlib.h> not found. Please note: Cppcheck does not need standard library headers to get proper results.,/home/yichen/Desktop/Gemini_GSCP_Results07/logs/F022_cppcheck.log
/home/yichen/Desktop/Gemini_GSCP07/F022.c,cppcheck,True,success,True,0,14,4,information,missingIncludeSystem,Include file: <string.h> not found. Please note: Cppcheck does not need standard library headers to get proper results.,/home/yichen/Desktop/Gemini_GSCP07/F022.c|4|information|missingIncludeSystem|Include file: <string.h> not found. Please note: Cppcheck does not need standard library headers to get proper results.,/home/yichen/Desktop/Gemini_GSCP_Results07/logs/F022_cppcheck.log
/home/yichen/Desktop/Gemini_GSCP07/F022.c,cppcheck,True,success,True,0,14,73,style,constVariablePointer,Variable 'name' can be declared as pointer to const,/home/yichen/Desktop/Gemini_GSCP07/F022.c|73|style|constVariablePointer|Variable 'name' can be declared as pointer to const,/home/yichen/Desktop/Gemini_GSCP_Results07/logs/F022_cppcheck.log
/home/yichen/Desktop/Gemini_GSCP07/F022.c,cppcheck,True,success,True,0,14,98,style,constVariablePointer,Variable 'pname' can be declared as pointer to const,/home/yichen/Desktop/Gemini_GSCP07/F022.c|98|style|constVariablePointer|Variable 'pname' can be declared as pointer to const,/home/yichen/Desktop/Gemini_GSCP_Results07/logs/F022_cppcheck.log
/home/yichen/Desktop/Gemini_GSCP07/F022.c,cppcheck,True,success,True,0,14,105,style,constVariablePointer,Variable 'title' can be declared as pointer to const,/home/yichen/Desktop/Gemini_GSCP07/F022.c|105|style|constVariablePointer|Variable 'title' can be declared as pointer to const,/home/yichen/Desktop/Gemini_GSCP_Results07/logs/F022_cppcheck.log
/home/yichen/Desktop/Gemini_GSCP07/F022.c,cppcheck,True,success,True,0,14,112,style,constVariablePointer,Variable 'note' can be declared as pointer to const,/home/yichen/Desktop/Gemini_GSCP07/F022.c|112|style|constVariablePointer|Variable 'note' can be declared as pointer to const,/home/yichen/Desktop/Gemini_GSCP_Results07/logs/F022_cppcheck.log
/home/yichen/Desktop/Gemini_GSCP07/F022.c,cppcheck,True,success,True,0,14,131,style,constVariablePointer,Variable 'fromP' can be declared as pointer to const,/home/yichen/Desktop/Gemini_GSCP07/F022.c|131|style|constVariablePointer|Variable 'fromP' can be declared as pointer to const,/home/yichen/Desktop/Gemini_GSCP_Results07/logs/F022_cppcheck.log
/home/yichen/Desktop/Gemini_GSCP07/F022.c,cppcheck,True,success,True,0,14,138,style,constVariablePointer,Variable 'toP' can be declared as pointer to const,/home/yichen/Desktop/Gemini_GSCP07/F022.c|138|style|constVariablePointer|Variable 'toP' can be declared as pointer to const,/home/yichen/Desktop/Gemini_GSCP_Results07/logs/F022_cppcheck.log
/home/yichen/Desktop/Gemini_GSCP07/F022.c,cppcheck,True,success,True,0,14,145,style,constVariablePointer,Variable 'title' can be declared as pointer to const,/home/yichen/Desktop/Gemini_GSCP07/F022.c|145|style|constVariablePointer|Variable 'title' can be declared as pointer to const,/home/yichen/Desktop/Gemini_GSCP_Results07/logs/F022_cppcheck.log
/home/yichen/Desktop/Gemini_GSCP07/F022.c,cppcheck,True,success,True,0,14,176,style,constVariablePointer,Variable 'pname' can be declared as pointer to const,/home/yichen/Desktop/Gemini_GSCP07/F022.c|176|style|constVariablePointer|Variable 'pname' can be declared as pointer to const,/home/yichen/Desktop/Gemini_GSCP_Results07/logs/F022_cppcheck.log
/home/yichen/Desktop/Gemini_GSCP07/F022.c,cppcheck,True,success,True,0,14,183,style,constVariablePointer,Variable 'title' can be declared as pointer to const,/home/yichen/Desktop/Gemini_GSCP07/F022.c|183|style|constVariablePointer|Variable 'title' can be declared as pointer to const,/home/yichen/Desktop/Gemini_GSCP_Results07/logs/F022_cppcheck.log
/home/yichen/Desktop/Gemini_GSCP07/F022.c,cppcheck,True,success,True,0,14,199,style,constVariablePointer,Variable 'name' can be declared as pointer to const,/home/yichen/Desktop/Gemini_GSCP07/F022.c|199|style|constVariablePointer|Variable 'name' can be declared as pointer to const,/home/yichen/Desktop/Gemini_GSCP_Results07/logs/F022_cppcheck.log
nofile,cppcheck,True,success,True,0,14,0,information,checkersReport,Active checkers: 113/592 (use --checkers-report=<filename> to see details),nofile|0|information|checkersReport|Active checkers: 113/592 (use --checkers-report=<filename> to see details),/home/yichen/Desktop/Gemini_GSCP_Results07/logs/F022_cppcheck.log
/home/yichen/Desktop/Gemini_GSCP07/F023.c,cppcheck,True,success,True,0,13,2,information,missingIncludeSystem,Include file: <stdio.h> not found. Please note: Cppcheck does not need standard library headers to get proper results.,/home/yichen/Desktop/Gemini_GSCP07/F023.c|2|information|missingIncludeSystem|Include file: <stdio.h> not found. Please note: Cppcheck does not need standard library headers to get proper results.,/home/yichen/Desktop/Gemini_GSCP_Results07/logs/F023_cppcheck.log
/home/yichen/Desktop/Gemini_GSCP07/F023.c,cppcheck,True,success,True,0,13,3,information,missingIncludeSystem,Include file: <stdlib.h> not found. Please note: Cppcheck does not need standard library headers to get proper results.,/home/yichen/Desktop/Gemini_GSCP07/F023.c|3|information|missingIncludeSystem|Include file: <stdlib.h> not found. Please note: Cppcheck does not need standard library headers to get proper results.,/home/yichen/Desktop/Gemini_GSCP_Results07/logs/F023_cppcheck.log
/home/yichen/Desktop/Gemini_GSCP07/F023.c,cppcheck,True,success,True,0,13,4,information,missingIncludeSystem,Include file: <string.h> not found. Please note: Cppcheck does not need standard library headers to get proper results.,/home/yichen/Desktop/Gemini_GSCP07/F023.c|4|information|missingIncludeSystem|Include file: <string.h> not found. Please note: Cppcheck does not need standard library headers to get proper results.,/home/yichen/Desktop/Gemini_GSCP_Results07/logs/F023_cppcheck.log
/home/yichen/Desktop/Gemini_GSCP07/F023.c,cppcheck,True,success,True,0,13,69,style,constVariablePointer,Variable 'sender' can be declared as pointer to const,/home/yichen/Desktop/Gemini_GSCP07/F023.c|69|style|constVariablePointer|Variable 'sender' can be declared as pointer to const,/home/yichen/Desktop/Gemini_GSCP_Results07/logs/F023_cppcheck.log
/home/yichen/Desktop/Gemini_GSCP07/F023.c,cppcheck,True,success,True,0,13,76,style,constVariablePointer,Variable 'subject' can be declared as pointer to const,/home/yichen/Desktop/Gemini_GSCP07/F023.c|76|style|constVariablePointer|Variable 'subject' can be declared as pointer to const,/home/yichen/Desktop/Gemini_GSCP_Results07/logs/F023_cppcheck.log
/home/yichen/Desktop/Gemini_GSCP07/F023.c,cppcheck,True,success,True,0,13,83,style,constVariablePointer,Variable 'body' can be declared as pointer to const,/home/yichen/Desktop/Gemini_GSCP07/F023.c|83|style|constVariablePointer|Variable 'body' can be declared as pointer to const,/home/yichen/Desktop/Gemini_GSCP_Results07/logs/F023_cppcheck.log
/home/yichen/Desktop/Gemini_GSCP07/F023.c,cppcheck,True,success,True,0,13,99,style,constVariablePointer,Variable 'subj' can be declared as pointer to const,/home/yichen/Desktop/Gemini_GSCP07/F023.c|99|style|constVariablePointer|Variable 'subj' can be declared as pointer to const,/home/yichen/Desktop/Gemini_GSCP_Results07/logs/F023_cppcheck.log
/home/yichen/Desktop/Gemini_GSCP07/F023.c,cppcheck,True,success,True,0,13,106,style,constVariablePointer,Variable 'tag' can be declared as pointer to const,/home/yichen/Desktop/Gemini_GSCP07/F023.c|106|style|constVariablePointer|Variable 'tag' can be declared as pointer to const,/home/yichen/Desktop/Gemini_GSCP_Results07/logs/F023_cppcheck.log
/home/yichen/Desktop/Gemini_GSCP07/F023.c,cppcheck,True,success,True,0,13,124,style,constVariablePointer,Variable 'subj' can be declared as pointer to const,/home/yichen/Desktop/Gemini_GSCP07/F023.c|124|style|constVariablePointer|Variable 'subj' can be declared as pointer to const,/home/yichen/Desktop/Gemini_GSCP_Results07/logs/F023_cppcheck.log
/home/yichen/Desktop/Gemini_GSCP07/F023.c,cppcheck,True,success,True,0,13,131,style,constVariablePointer,Variable 'tag' can be declared as pointer to const,/home/yichen/Desktop/Gemini_GSCP07/F023.c|131|style|constVariablePointer|Variable 'tag' can be declared as pointer to const,/home/yichen/Desktop/Gemini_GSCP_Results07/logs/F023_cppcheck.log
/home/yichen/Desktop/Gemini_GSCP07/F023.c,cppcheck,True,success,True,0,13,152,style,constVariablePointer,Variable 'subj' can be declared as pointer to const,/home/yichen/Desktop/Gemini_GSCP07/F023.c|152|style|constVariablePointer|Variable 'subj' can be declared as pointer to const,/home/yichen/Desktop/Gemini_GSCP_Results07/logs/F023_cppcheck.log
/home/yichen/Desktop/Gemini_GSCP07/F023.c,cppcheck,True,success,True,0,13,173,style,constVariablePointer,Variable 'tag' can be declared as pointer to const,/home/yichen/Desktop/Gemini_GSCP07/F023.c|173|style|constVariablePointer|Variable 'tag' can be declared as pointer to const,/home/yichen/Desktop/Gemini_GSCP_Results07/logs/F023_cppcheck.log
nofile,cppcheck,True,success,True,0,13,0,information,checkersReport,Active checkers: 113/592 (use --checkers-report=<filename> to see details),nofile|0|information|checkersReport|Active checkers: 113/592 (use --checkers-report=<filename> to see details),/home/yichen/Desktop/Gemini_GSCP_Results07/logs/F023_cppcheck.log
/home/yichen/Desktop/Gemini_GSCP07/F024.c,cppcheck,True,success,True,0,12,2,information,missingIncludeSystem,Include file: <stdio.h> not found. Please note: Cppcheck does not need standard library headers to get proper results.,/home/yichen/Desktop/Gemini_GSCP07/F024.c|2|information|missingIncludeSystem|Include file: <stdio.h> not found. Please note: Cppcheck does not need standard library headers to get proper results.,/home/yichen/Desktop/Gemini_GSCP_Results07/logs/F024_cppcheck.log
/home/yichen/Desktop/Gemini_GSCP07/F024.c,cppcheck,True,success,True,0,12,3,information,missingIncludeSystem,Include file: <stdlib.h> not found. Please note: Cppcheck does not need standard library headers to get proper results.,/home/yichen/Desktop/Gemini_GSCP07/F024.c|3|information|missingIncludeSystem|Include file: <stdlib.h> not found. Please note: Cppcheck does not need standard library headers to get proper results.,/home/yichen/Desktop/Gemini_GSCP_Results07/logs/F024_cppcheck.log
/home/yichen/Desktop/Gemini_GSCP07/F024.c,cppcheck,True,success,True,0,12,4,information,missingIncludeSystem,Include file: <string.h> not found. Please note: Cppcheck does not need standard library headers to get proper results.,/home/yichen/Desktop/Gemini_GSCP07/F024.c|4|information|missingIncludeSystem|Include file: <string.h> not found. Please note: Cppcheck does not need standard library headers to get proper results.,/home/yichen/Desktop/Gemini_GSCP_Results07/logs/F024_cppcheck.log
/home/yichen/Desktop/Gemini_GSCP07/F024.c,cppcheck,True,success,True,0,12,68,style,constVariablePointer,Variable 'title' can be declared as pointer to const,/home/yichen/Desktop/Gemini_GSCP07/F024.c|68|style|constVariablePointer|Variable 'title' can be declared as pointer to const,/home/yichen/Desktop/Gemini_GSCP_Results07/logs/F024_cppcheck.log
/home/yichen/Desktop/Gemini_GSCP07/F024.c,cppcheck,True,success,True,0,12,75,style,constVariablePointer,Variable 'year' can be declared as pointer to const,/home/yichen/Desktop/Gemini_GSCP07/F024.c|75|style|constVariablePointer|Variable 'year' can be declared as pointer to const,/home/yichen/Desktop/Gemini_GSCP_Results07/logs/F024_cppcheck.log
/home/yichen/Desktop/Gemini_GSCP07/F024.c,cppcheck,True,success,True,0,12,92,style,constVariablePointer,Variable 'title' can be declared as pointer to const,/home/yichen/Desktop/Gemini_GSCP07/F024.c|92|style|constVariablePointer|Variable 'title' can be declared as pointer to const,/home/yichen/Desktop/Gemini_GSCP_Results07/logs/F024_cppcheck.log
/home/yichen/Desktop/Gemini_GSCP07/F024.c,cppcheck,True,success,True,0,12,99,style,constVariablePointer,Variable 'name' can be declared as pointer to const,/home/yichen/Desktop/Gemini_GSCP07/F024.c|99|style|constVariablePointer|Variable 'name' can be declared as pointer to const,/home/yichen/Desktop/Gemini_GSCP_Results07/logs/F024_cppcheck.log
/home/yichen/Desktop/Gemini_GSCP07/F024.c,cppcheck,True,success,True,0,12,117,style,constVariablePointer,Variable 'title' can be declared as pointer to const,/home/yichen/Desktop/Gemini_GSCP07/F024.c|117|style|constVariablePointer|Variable 'title' can be declared as pointer to const,/home/yichen/Desktop/Gemini_GSCP_Results07/logs/F024_cppcheck.log
/home/yichen/Desktop/Gemini_GSCP07/F024.c,cppcheck,True,success,True,0,12,124,style,constVariablePointer,Variable 'name' can be declared as pointer to const,/home/yichen/Desktop/Gemini_GSCP07/F024.c|124|style|constVariablePointer|Variable 'name' can be declared as pointer to const,/home/yichen/Desktop/Gemini_GSCP_Results07/logs/F024_cppcheck.log
/home/yichen/Desktop/Gemini_GSCP07/F024.c,cppcheck,True,success,True,0,12,145,style,constVariablePointer,Variable 'title' can be declared as pointer to const,/home/yichen/Desktop/Gemini_GSCP07/F024.c|145|style|constVariablePointer|Variable 'title' can be declared as pointer to const,/home/yichen/Desktop/Gemini_GSCP_Results07/logs/F024_cppcheck.log
/home/yichen/Desktop/Gemini_GSCP07/F024.c,cppcheck,True,success,True,0,12,165,style,constVariablePointer,Variable 'title' can be declared as pointer to const,/home/yichen/Desktop/Gemini_GSCP07/F024.c|165|style|constVariablePointer|Variable 'title' can be declared as pointer to const,/home/yichen/Desktop/Gemini_GSCP_Results07/logs/F024_cppcheck.log
nofile,cppcheck,True,success,True,0,12,0,information,checkersReport,Active checkers: 113/592 (use --checkers-report=<filename> to see details),nofile|0|information|checkersReport|Active checkers: 113/592 (use --checkers-report=<filename> to see details),/home/yichen/Desktop/Gemini_GSCP_Results07/logs/F024_cppcheck.log
/home/yichen/Desktop/Gemini_GSCP07/F025.c,cppcheck,True,success,True,0,14,2,information,missingIncludeSystem,Include file: <stdio.h> not found. Please note: Cppcheck does not need standard library headers to get proper results.,/home/yichen/Desktop/Gemini_GSCP07/F025.c|2|information|missingIncludeSystem|Include file: <stdio.h> not found. Please note: Cppcheck does not need standard library headers to get proper results.,/home/yichen/Desktop/Gemini_GSCP_Results07/logs/F025_cppcheck.log
/home/yichen/Desktop/Gemini_GSCP07/F025.c,cppcheck,True,success,True,0,14,3,information,missingIncludeSystem,Include file: <stdlib.h> not found. Please note: Cppcheck does not need standard library headers to get proper results.,/home/yichen/Desktop/Gemini_GSCP07/F025.c|3|information|missingIncludeSystem|Include file: <stdlib.h> not found. Please note: Cppcheck does not need standard library headers to get proper results.,/home/yichen/Desktop/Gemini_GSCP_Results07/logs/F025_cppcheck.log
/home/yichen/Desktop/Gemini_GSCP07/F025.c,cppcheck,True,success,True,0,14,4,information,missingIncludeSystem,Include file: <string.h> not found. Please note: Cppcheck does not need standard library headers to get proper results.,/home/yichen/Desktop/Gemini_GSCP07/F025.c|4|information|missingIncludeSystem|Include file: <string.h> not found. Please note: Cppcheck does not need standard library headers to get proper results.,/home/yichen/Desktop/Gemini_GSCP_Results07/logs/F025_cppcheck.log
/home/yichen/Desktop/Gemini_GSCP07/F025.c,cppcheck,True,success,True,0,14,72,style,constVariablePointer,Variable 'name' can be declared as pointer to const,/home/yichen/Desktop/Gemini_GSCP07/F025.c|72|style|constVariablePointer|Variable 'name' can be declared as pointer to const,/home/yichen/Desktop/Gemini_GSCP_Results07/logs/F025_cppcheck.log
/home/yichen/Desktop/Gemini_GSCP07/F025.c,cppcheck,True,success,True,0,14,97,style,constVariablePointer,Variable 'cname' can be declared as pointer to const,/home/yichen/Desktop/Gemini_GSCP07/F025.c|97|style|constVariablePointer|Variable 'cname' can be declared as pointer to const,/home/yichen/Desktop/Gemini_GSCP_Results07/logs/F025_cppcheck.log
/home/yichen/Desktop/Gemini_GSCP07/F025.c,cppcheck,True,success,True,0,14,104,style,constVariablePointer,Variable 'sname' can be declared as pointer to const,/home/yichen/Desktop/Gemini_GSCP07/F025.c|104|style|constVariablePointer|Variable 'sname' can be declared as pointer to const,/home/yichen/Desktop/Gemini_GSCP_Results07/logs/F025_cppcheck.log
/home/yichen/Desktop/Gemini_GSCP07/F025.c,cppcheck,True,success,True,0,14,111,style,constVariablePointer,Variable 'note' can be declared as pointer to const,/home/yichen/Desktop/Gemini_GSCP07/F025.c|111|style|constVariablePointer|Variable 'note' can be declared as pointer to const,/home/yichen/Desktop/Gemini_GSCP_Results07/logs/F025_cppcheck.log
/home/yichen/Desktop/Gemini_GSCP07/F025.c,cppcheck,True,success,True,0,14,129,style,constVariablePointer,Variable 'fromC' can be declared as pointer to const,/home/yichen/Desktop/Gemini_GSCP07/F025.c|129|style|constVariablePointer|Variable 'fromC' can be declared as pointer to const,/home/yichen/Desktop/Gemini_GSCP_Results07/logs/F025_cppcheck.log
/home/yichen/Desktop/Gemini_GSCP07/F025.c,cppcheck,True,success,True,0,14,136,style,constVariablePointer,Variable 'toC' can be declared as pointer to const,/home/yichen/Desktop/Gemini_GSCP07/F025.c|136|style|constVariablePointer|Variable 'toC' can be declared as pointer to const,/home/yichen/Desktop/Gemini_GSCP_Results07/logs/F025_cppcheck.log
/home/yichen/Desktop/Gemini_GSCP07/F025.c,cppcheck,True,success,True,0,14,143,style,constVariablePointer,Variable 'sname' can be declared as pointer to const,/home/yichen/Desktop/Gemini_GSCP07/F025.c|143|style|constVariablePointer|Variable 'sname' can be declared as pointer to const,/home/yichen/Desktop/Gemini_GSCP_Results07/logs/F025_cppcheck.log
/home/yichen/Desktop/Gemini_GSCP07/F025.c,cppcheck,True,success,True,0,14,174,style,constVariablePointer,Variable 'cname' can be declared as pointer to const,/home/yichen/Desktop/Gemini_GSCP07/F025.c|174|style|constVariablePointer|Variable 'cname' can be declared as pointer to const,/home/yichen/Desktop/Gemini_GSCP_Results07/logs/F025_cppcheck.log
/home/yichen/Desktop/Gemini_GSCP07/F025.c,cppcheck,True,success,True,0,14,181,style,constVariablePointer,Variable 'sname' can be declared as pointer to const,/home/yichen/Desktop/Gemini_GSCP07/F025.c|181|style|constVariablePointer|Variable 'sname' can be declared as pointer to const,/home/yichen/Desktop/Gemini_GSCP_Results07/logs/F025_cppcheck.log
/home/yichen/Desktop/Gemini_GSCP07/F025.c,cppcheck,True,success,True,0,14,203,style,constVariablePointer,Variable 'name' can be declared as pointer to const,/home/yichen/Desktop/Gemini_GSCP07/F025.c|203|style|constVariablePointer|Variable 'name' can be declared as pointer to const,/home/yichen/Desktop/Gemini_GSCP_Results07/logs/F025_cppcheck.log
nofile,cppcheck,True,success,True,0,14,0,information,checkersReport,Active checkers: 113/592 (use --checkers-report=<filename> to see details),nofile|0|information|checkersReport|Active checkers: 113/592 (use --checkers-report=<filename> to see details),/home/yichen/Desktop/Gemini_GSCP_Results07/logs/F025_cppcheck.log
/home/yichen/Desktop/Gemini_GSCP07/F026.c,cppcheck,True,success,True,0,9,2,information,missingIncludeSystem,Include file: <stdio.h> not found. Please note: Cppcheck does not need standard library headers to get proper results.,/home/yichen/Desktop/Gemini_GSCP07/F026.c|2|information|missingIncludeSystem|Include file: <stdio.h> not found. Please note: Cppcheck does not need standard library headers to get proper results.,/home/yichen/Desktop/Gemini_GSCP_Results07/logs/F026_cppcheck.log
/home/yichen/Desktop/Gemini_GSCP07/F026.c,cppcheck,True,success,True,0,9,3,information,missingIncludeSystem,Include file: <stdlib.h> not found. Please note: Cppcheck does not need standard library headers to get proper results.,/home/yichen/Desktop/Gemini_GSCP07/F026.c|3|information|missingIncludeSystem|Include file: <stdlib.h> not found. Please note: Cppcheck does not need standard library headers to get proper results.,/home/yichen/Desktop/Gemini_GSCP_Results07/logs/F026_cppcheck.log
/home/yichen/Desktop/Gemini_GSCP07/F026.c,cppcheck,True,success,True,0,9,4,information,missingIncludeSystem,Include file: <string.h> not found. Please note: Cppcheck does not need standard library headers to get proper results.,/home/yichen/Desktop/Gemini_GSCP07/F026.c|4|information|missingIncludeSystem|Include file: <string.h> not found. Please note: Cppcheck does not need standard library headers to get proper results.,/home/yichen/Desktop/Gemini_GSCP_Results07/logs/F026_cppcheck.log
/home/yichen/Desktop/Gemini_GSCP07/F026.c,cppcheck,True,success,True,0,9,65,style,constVariablePointer,Variable 'cat' can be declared as pointer to const,/home/yichen/Desktop/Gemini_GSCP07/F026.c|65|style|constVariablePointer|Variable 'cat' can be declared as pointer to const,/home/yichen/Desktop/Gemini_GSCP_Results07/logs/F026_cppcheck.log
/home/yichen/Desktop/Gemini_GSCP07/F026.c,cppcheck,True,success,True,0,9,72,style,constVariablePointer,Variable 'text' can be declared as pointer to const,/home/yichen/Desktop/Gemini_GSCP07/F026.c|72|style|constVariablePointer|Variable 'text' can be declared as pointer to const,/home/yichen/Desktop/Gemini_GSCP_Results07/logs/F026_cppcheck.log
/home/yichen/Desktop/Gemini_GSCP07/F026.c,cppcheck,True,success,True,0,9,84,style,constVariablePointer,Variable 'cat' can be declared as pointer to const,/home/yichen/Desktop/Gemini_GSCP07/F026.c|84|style|constVariablePointer|Variable 'cat' can be declared as pointer to const,/home/yichen/Desktop/Gemini_GSCP_Results07/logs/F026_cppcheck.log
/home/yichen/Desktop/Gemini_GSCP07/F026.c,cppcheck,True,success,True,0,9,102,style,constVariablePointer,Variable 'cat' can be declared as pointer to const,/home/yichen/Desktop/Gemini_GSCP07/F026.c|102|style|constVariablePointer|Variable 'cat' can be declared as pointer to const,/home/yichen/Desktop/Gemini_GSCP_Results07/logs/F026_cppcheck.log
/home/yichen/Desktop/Gemini_GSCP07/F026.c,cppcheck,True,success,True,0,9,120,style,constVariablePointer,Variable 'word' can be declared as pointer to const,/home/yichen/Desktop/Gemini_GSCP07/F026.c|120|style|constVariablePointer|Variable 'word' can be declared as pointer to const,/home/yichen/Desktop/Gemini_GSCP_Results07/logs/F026_cppcheck.log
nofile,cppcheck,True,success,True,0,9,0,information,checkersReport,Active checkers: 113/592 (use --checkers-report=<filename> to see details),nofile|0|information|checkersReport|Active checkers: 113/592 (use --checkers-report=<filename> to see details),/home/yichen/Desktop/Gemini_GSCP_Results07/logs/F026_cppcheck.log
/home/yichen/Desktop/Gemini_GSCP07/F027.c,cppcheck,True,success,True,0,11,2,information,missingIncludeSystem,Include file: <stdio.h> not found. Please note: Cppcheck does not need standard library headers to get proper results.,/home/yichen/Desktop/Gemini_GSCP07/F027.c|2|information|missingIncludeSystem|Include file: <stdio.h> not found. Please note: Cppcheck does not need standard library headers to get proper results.,/home/yichen/Desktop/Gemini_GSCP_Results07/logs/F027_cppcheck.log
/home/yichen/Desktop/Gemini_GSCP07/F027.c,cppcheck,True,success,True,0,11,3,information,missingIncludeSystem,Include file: <stdlib.h> not found. Please note: Cppcheck does not need standard library headers to get proper results.,/home/yichen/Desktop/Gemini_GSCP07/F027.c|3|information|missingIncludeSystem|Include file: <stdlib.h> not found. Please note: Cppcheck does not need standard library headers to get proper results.,/home/yichen/Desktop/Gemini_GSCP_Results07/logs/F027_cppcheck.log
/home/yichen/Desktop/Gemini_GSCP07/F027.c,cppcheck,True,success,True,0,11,4,information,missingIncludeSystem,Include file: <string.h> not found. Please note: Cppcheck does not need standard library headers to get proper results.,/home/yichen/Desktop/Gemini_GSCP07/F027.c|4|information|missingIncludeSystem|Include file: <string.h> not found. Please note: Cppcheck does not need standard library headers to get proper results.,/home/yichen/Desktop/Gemini_GSCP_Results07/logs/F027_cppcheck.log
/home/yichen/Desktop/Gemini_GSCP07/F027.c,cppcheck,True,success,True,0,11,66,style,constVariablePointer,Variable 'prio_str' can be declared as pointer to const,/home/yichen/Desktop/Gemini_GSCP07/F027.c|66|style|constVariablePointer|Variable 'prio_str' can be declared as pointer to const,/home/yichen/Desktop/Gemini_GSCP_Results07/logs/F027_cppcheck.log
/home/yichen/Desktop/Gemini_GSCP07/F027.c,cppcheck,True,success,True,0,11,73,style,constVariablePointer,Variable 'title' can be declared as pointer to const,/home/yichen/Desktop/Gemini_GSCP07/F027.c|73|style|constVariablePointer|Variable 'title' can be declared as pointer to const,/home/yichen/Desktop/Gemini_GSCP_Results07/logs/F027_cppcheck.log
/home/yichen/Desktop/Gemini_GSCP07/F027.c,cppcheck,True,success,True,0,11,80,style,constVariablePointer,Variable 'note' can be declared as pointer to const,/home/yichen/Desktop/Gemini_GSCP07/F027.c|80|style|constVariablePointer|Variable 'note' can be declared as pointer to const,/home/yichen/Desktop/Gemini_GSCP_Results07/logs/F027_cppcheck.log
/home/yichen/Desktop/Gemini_GSCP07/F027.c,cppcheck,True,success,True,0,11,93,style,constVariablePointer,Variable 'title' can be declared as pointer to const,/home/yichen/Desktop/Gemini_GSCP07/F027.c|93|style|constVariablePointer|Variable 'title' can be declared as pointer to const,/home/yichen/Desktop/Gemini_GSCP_Results07/logs/F027_cppcheck.log
/home/yichen/Desktop/Gemini_GSCP07/F027.c,cppcheck,True,success,True,0,11,100,style,constVariablePointer,Variable 'delta_str' can be declared as pointer to const,/home/yichen/Desktop/Gemini_GSCP07/F027.c|100|style|constVariablePointer|Variable 'delta_str' can be declared as pointer to const,/home/yichen/Desktop/Gemini_GSCP_Results07/logs/F027_cppcheck.log
/home/yichen/Desktop/Gemini_GSCP07/F027.c,cppcheck,True,success,True,0,11,112,style,constVariablePointer,Variable 'title' can be declared as pointer to const,/home/yichen/Desktop/Gemini_GSCP07/F027.c|112|style|constVariablePointer|Variable 'title' can be declared as pointer to const,/home/yichen/Desktop/Gemini_GSCP_Results07/logs/F027_cppcheck.log
/home/yichen/Desktop/Gemini_GSCP07/F027.c,cppcheck,True,success,True,0,11,128,style,constVariablePointer,Variable 'n_str' can be declared as pointer to const,/home/yichen/Desktop/Gemini_GSCP07/F027.c|128|style|constVariablePointer|Variable 'n_str' can be declared as pointer to const,/home/yichen/Desktop/Gemini_GSCP_Results07/logs/F027_cppcheck.log
nofile,cppcheck,True,success,True,0,11,0,information,checkersReport,Active checkers: 113/592 (use --checkers-report=<filename> to see details),nofile|0|information|checkersReport|Active checkers: 113/592 (use --checkers-report=<filename> to see details),/home/yichen/Desktop/Gemini_GSCP_Results07/logs/F027_cppcheck.log
/home/yichen/Desktop/Gemini_GSCP07/F028.c,cppcheck,True,success,True,0,13,2,information,missingIncludeSystem,Include file: <stdio.h> not found. Please note: Cppcheck does not need standard library headers to get proper results.,/home/yichen/Desktop/Gemini_GSCP07/F028.c|2|information|missingIncludeSystem|Include file: <stdio.h> not found. Please note: Cppcheck does not need standard library headers to get proper results.,/home/yichen/Desktop/Gemini_GSCP_Results07/logs/F028_cppcheck.log
/home/yichen/Desktop/Gemini_GSCP07/F028.c,cppcheck,True,success,True,0,13,3,information,missingIncludeSystem,Include file: <stdlib.h> not found. Please note: Cppcheck does not need standard library headers to get proper results.,/home/yichen/Desktop/Gemini_GSCP07/F028.c|3|information|missingIncludeSystem|Include file: <stdlib.h> not found. Please note: Cppcheck does not need standard library headers to get proper results.,/home/yichen/Desktop/Gemini_GSCP_Results07/logs/F028_cppcheck.log
/home/yichen/Desktop/Gemini_GSCP07/F028.c,cppcheck,True,success,True,0,13,4,information,missingIncludeSystem,Include file: <string.h> not found. Please note: Cppcheck does not need standard library headers to get proper results.,/home/yichen/Desktop/Gemini_GSCP07/F028.c|4|information|missingIncludeSystem|Include file: <string.h> not found. Please note: Cppcheck does not need standard library headers to get proper results.,/home/yichen/Desktop/Gemini_GSCP_Results07/logs/F028_cppcheck.log
/home/yichen/Desktop/Gemini_GSCP07/F028.c,cppcheck,True,success,True,0,13,65,style,constVariablePointer,Variable 'stop' can be declared as pointer to const,/home/yichen/Desktop/Gemini_GSCP07/F028.c|65|style|constVariablePointer|Variable 'stop' can be declared as pointer to const,/home/yichen/Desktop/Gemini_GSCP_Results07/logs/F028_cppcheck.log
/home/yichen/Desktop/Gemini_GSCP07/F028.c,cppcheck,True,success,True,0,13,72,style,constVariablePointer,Variable 'note' can be declared as pointer to const,/home/yichen/Desktop/Gemini_GSCP07/F028.c|72|style|constVariablePointer|Variable 'note' can be declared as pointer to const,/home/yichen/Desktop/Gemini_GSCP_Results07/logs/F028_cppcheck.log
/home/yichen/Desktop/Gemini_GSCP07/F028.c,cppcheck,True,success,True,0,13,84,style,constVariablePointer,Variable 'idx_str' can be declared as pointer to const,/home/yichen/Desktop/Gemini_GSCP07/F028.c|84|style|constVariablePointer|Variable 'idx_str' can be declared as pointer to const,/home/yichen/Desktop/Gemini_GSCP_Results07/logs/F028_cppcheck.log
/home/yichen/Desktop/Gemini_GSCP07/F028.c,cppcheck,True,success,True,0,13,91,style,constVariablePointer,Variable 'stop' can be declared as pointer to const,/home/yichen/Desktop/Gemini_GSCP07/F028.c|91|style|constVariablePointer|Variable 'stop' can be declared as pointer to const,/home/yichen/Desktop/Gemini_GSCP_Results07/logs/F028_cppcheck.log
/home/yichen/Desktop/Gemini_GSCP07/F028.c,cppcheck,True,success,True,0,13,98,style,constVariablePointer,Variable 'note' can be declared as pointer to const,/home/yichen/Desktop/Gemini_GSCP07/F028.c|98|style|constVariablePointer|Variable 'note' can be declared as pointer to const,/home/yichen/Desktop/Gemini_GSCP_Results07/logs/F028_cppcheck.log
/home/yichen/Desktop/Gemini_GSCP07/F028.c,cppcheck,True,success,True,0,13,116,style,constVariablePointer,Variable 'from_str' can be declared as pointer to const,/home/yichen/Desktop/Gemini_GSCP07/F028.c|116|style|constVariablePointer|Variable 'from_str' can be declared as pointer to const,/home/yichen/Desktop/Gemini_GSCP_Results07/logs/F028_cppcheck.log
/home/yichen/Desktop/Gemini_GSCP07/F028.c,cppcheck,True,success,True,0,13,123,style,constVariablePointer,Variable 'to_str' can be declared as pointer to const,/home/yichen/Desktop/Gemini_GSCP07/F028.c|123|style|constVariablePointer|Variable 'to_str' can be declared as pointer to const,/home/yichen/Desktop/Gemini_GSCP_Results07/logs/F028_cppcheck.log
/home/yichen/Desktop/Gemini_GSCP07/F028.c,cppcheck,True,success,True,0,13,143,style,constVariablePointer,Variable 'idx_str' can be declared as pointer to const,/home/yichen/Desktop/Gemini_GSCP07/F028.c|143|style|constVariablePointer|Variable 'idx_str' can be declared as pointer to const,/home/yichen/Desktop/Gemini_GSCP_Results07/logs/F028_cppcheck.log
/home/yichen/Desktop/Gemini_GSCP07/F028.c,cppcheck,True,success,True,0,13,157,style,constVariablePointer,Variable 'stop' can be declared as pointer to const,/home/yichen/Desktop/Gemini_GSCP07/F028.c|157|style|constVariablePointer|Variable 'stop' can be declared as pointer to const,/home/yichen/Desktop/Gemini_GSCP_Results07/logs/F028_cppcheck.log
nofile,cppcheck,True,success,True,0,13,0,information,checkersReport,Active checkers: 113/592 (use --checkers-report=<filename> to see details),nofile|0|information|checkersReport|Active checkers: 113/592 (use --checkers-report=<filename> to see details),/home/yichen/Desktop/Gemini_GSCP_Results07/logs/F028_cppcheck.log
/home/yichen/Desktop/Gemini_GSCP07/F029.c,cppcheck,True,success,True,0,8,2,information,missingIncludeSystem,Include file: <stdio.h> not found. Please note: Cppcheck does not need standard library headers to get proper results.,/home/yichen/Desktop/Gemini_GSCP07/F029.c|2|information|missingIncludeSystem|Include file: <stdio.h> not found. Please note: Cppcheck does not need standard library headers to get proper results.,/home/yichen/Desktop/Gemini_GSCP_Results07/logs/F029_cppcheck.log
/home/yichen/Desktop/Gemini_GSCP07/F029.c,cppcheck,True,success,True,0,8,3,information,missingIncludeSystem,Include file: <stdlib.h> not found. Please note: Cppcheck does not need standard library headers to get proper results.,/home/yichen/Desktop/Gemini_GSCP07/F029.c|3|information|missingIncludeSystem|Include file: <stdlib.h> not found. Please note: Cppcheck does not need standard library headers to get proper results.,/home/yichen/Desktop/Gemini_GSCP_Results07/logs/F029_cppcheck.log
/home/yichen/Desktop/Gemini_GSCP07/F029.c,cppcheck,True,success,True,0,8,4,information,missingIncludeSystem,Include file: <string.h> not found. Please note: Cppcheck does not need standard library headers to get proper results.,/home/yichen/Desktop/Gemini_GSCP07/F029.c|4|information|missingIncludeSystem|Include file: <string.h> not found. Please note: Cppcheck does not need standard library headers to get proper results.,/home/yichen/Desktop/Gemini_GSCP_Results07/logs/F029_cppcheck.log
/home/yichen/Desktop/Gemini_GSCP07/F029.c,cppcheck,True,success,True,0,8,65,style,constVariablePointer,Variable 'key' can be declared as pointer to const,/home/yichen/Desktop/Gemini_GSCP07/F029.c|65|style|constVariablePointer|Variable 'key' can be declared as pointer to const,/home/yichen/Desktop/Gemini_GSCP_Results07/logs/F029_cppcheck.log
/home/yichen/Desktop/Gemini_GSCP07/F029.c,cppcheck,True,success,True,0,8,72,style,constVariablePointer,Variable 'value' can be declared as pointer to const,/home/yichen/Desktop/Gemini_GSCP07/F029.c|72|style|constVariablePointer|Variable 'value' can be declared as pointer to const,/home/yichen/Desktop/Gemini_GSCP_Results07/logs/F029_cppcheck.log
/home/yichen/Desktop/Gemini_GSCP07/F029.c,cppcheck,True,success,True,0,8,107,style,constVariablePointer,Variable 'key' can be declared as pointer to const,/home/yichen/Desktop/Gemini_GSCP07/F029.c|107|style|constVariablePointer|Variable 'key' can be declared as pointer to const,/home/yichen/Desktop/Gemini_GSCP_Results07/logs/F029_cppcheck.log
/home/yichen/Desktop/Gemini_GSCP07/F029.c,cppcheck,True,success,True,0,8,125,style,constVariablePointer,Variable 'key' can be declared as pointer to const,/home/yichen/Desktop/Gemini_GSCP07/F029.c|125|style|constVariablePointer|Variable 'key' can be declared as pointer to const,/home/yichen/Desktop/Gemini_GSCP_Results07/logs/F029_cppcheck.log
nofile,cppcheck,True,success,True,0,8,0,information,checkersReport,Active checkers: 113/592 (use --checkers-report=<filename> to see details),nofile|0|information|checkersReport|Active checkers: 113/592 (use --checkers-report=<filename> to see details),/home/yichen/Desktop/Gemini_GSCP_Results07/logs/F029_cppcheck.log
/home/yichen/Desktop/Gemini_GSCP07/F030.c,cppcheck,True,success,True,0,10,2,information,missingIncludeSystem,Include file: <stdio.h> not found. Please note: Cppcheck does not need standard library headers to get proper results.,/home/yichen/Desktop/Gemini_GSCP07/F030.c|2|information|missingIncludeSystem|Include file: <stdio.h> not found. Please note: Cppcheck does not need standard library headers to get proper results.,/home/yichen/Desktop/Gemini_GSCP_Results07/logs/F030_cppcheck.log
/home/yichen/Desktop/Gemini_GSCP07/F030.c,cppcheck,True,success,True,0,10,3,information,missingIncludeSystem,Include file: <stdlib.h> not found. Please note: Cppcheck does not need standard library headers to get proper results.,/home/yichen/Desktop/Gemini_GSCP07/F030.c|3|information|missingIncludeSystem|Include file: <stdlib.h> not found. Please note: Cppcheck does not need standard library headers to get proper results.,/home/yichen/Desktop/Gemini_GSCP_Results07/logs/F030_cppcheck.log
/home/yichen/Desktop/Gemini_GSCP07/F030.c,cppcheck,True,success,True,0,10,4,information,missingIncludeSystem,Include file: <string.h> not found. Please note: Cppcheck does not need standard library headers to get proper results.,/home/yichen/Desktop/Gemini_GSCP07/F030.c|4|information|missingIncludeSystem|Include file: <string.h> not found. Please note: Cppcheck does not need standard library headers to get proper results.,/home/yichen/Desktop/Gemini_GSCP_Results07/logs/F030_cppcheck.log
/home/yichen/Desktop/Gemini_GSCP07/F030.c,cppcheck,True,success,True,0,10,65,style,constVariablePointer,Variable 'old_val' can be declared as pointer to const,/home/yichen/Desktop/Gemini_GSCP07/F030.c|65|style|constVariablePointer|Variable 'old_val' can be declared as pointer to const,/home/yichen/Desktop/Gemini_GSCP_Results07/logs/F030_cppcheck.log
/home/yichen/Desktop/Gemini_GSCP07/F030.c,cppcheck,True,success,True,0,10,72,style,constVariablePointer,Variable 'new_val' can be declared as pointer to const,/home/yichen/Desktop/Gemini_GSCP07/F030.c|72|style|constVariablePointer|Variable 'new_val' can be declared as pointer to const,/home/yichen/Desktop/Gemini_GSCP_Results07/logs/F030_cppcheck.log
/home/yichen/Desktop/Gemini_GSCP07/F030.c,cppcheck,True,success,True,0,10,86,style,constVariablePointer,Variable 'text' can be declared as pointer to const,/home/yichen/Desktop/Gemini_GSCP07/F030.c|86|style|constVariablePointer|Variable 'text' can be declared as pointer to const,/home/yichen/Desktop/Gemini_GSCP_Results07/logs/F030_cppcheck.log
/home/yichen/Desktop/Gemini_GSCP07/F030.c,cppcheck,True,success,True,0,10,102,style,constVariablePointer,Variable 'old_val' can be declared as pointer to const,/home/yichen/Desktop/Gemini_GSCP07/F030.c|102|style|constVariablePointer|Variable 'old_val' can be declared as pointer to const,/home/yichen/Desktop/Gemini_GSCP_Results07/logs/F030_cppcheck.log
/home/yichen/Desktop/Gemini_GSCP07/F030.c,cppcheck,True,success,True,0,10,120,style,constVariablePointer,Variable 'i_str' can be declared as pointer to const,/home/yichen/Desktop/Gemini_GSCP07/F030.c|120|style|constVariablePointer|Variable 'i_str' can be declared as pointer to const,/home/yichen/Desktop/Gemini_GSCP_Results07/logs/F030_cppcheck.log
/home/yichen/Desktop/Gemini_GSCP07/F030.c,cppcheck,True,success,True,0,10,127,style,constVariablePointer,Variable 'j_str' can be declared as pointer to const,/home/yichen/Desktop/Gemini_GSCP07/F030.c|127|style|constVariablePointer|Variable 'j_str' can be declared as pointer to const,/home/yichen/Desktop/Gemini_GSCP_Results07/logs/F030_cppcheck.log
nofile,cppcheck,True,success,True,0,10,0,information,checkersReport,Active checkers: 113/592 (use --checkers-report=<filename> to see details),nofile|0|information|checkersReport|Active checkers: 113/592 (use --checkers-report=<filename> to see details),/home/yichen/Desktop/Gemini_GSCP_Results07/logs/F030_cppcheck.log
/home/yichen/Desktop/Gemini_GSCP07/F031.c,cppcheck,True,success,True,0,9,2,information,missingIncludeSystem,Include file: <stdio.h> not found. Please note: Cppcheck does not need standard library headers to get proper results.,/home/yichen/Desktop/Gemini_GSCP07/F031.c|2|information|missingIncludeSystem|Include file: <stdio.h> not found. Please note: Cppcheck does not need standard library headers to get proper results.,/home/yichen/Desktop/Gemini_GSCP_Results07/logs/F031_cppcheck.log
/home/yichen/Desktop/Gemini_GSCP07/F031.c,cppcheck,True,success,True,0,9,3,information,missingIncludeSystem,Include file: <stdlib.h> not found. Please note: Cppcheck does not need standard library headers to get proper results.,/home/yichen/Desktop/Gemini_GSCP07/F031.c|3|information|missingIncludeSystem|Include file: <stdlib.h> not found. Please note: Cppcheck does not need standard library headers to get proper results.,/home/yichen/Desktop/Gemini_GSCP_Results07/logs/F031_cppcheck.log
/home/yichen/Desktop/Gemini_GSCP07/F031.c,cppcheck,True,success,True,0,9,4,information,missingIncludeSystem,Include file: <string.h> not found. Please note: Cppcheck does not need standard library headers to get proper results.,/home/yichen/Desktop/Gemini_GSCP07/F031.c|4|information|missingIncludeSystem|Include file: <string.h> not found. Please note: Cppcheck does not need standard library headers to get proper results.,/home/yichen/Desktop/Gemini_GSCP_Results07/logs/F031_cppcheck.log
/home/yichen/Desktop/Gemini_GSCP07/F031.c,cppcheck,True,success,True,0,9,65,style,constVariablePointer,Variable 'n_str' can be declared as pointer to const,/home/yichen/Desktop/Gemini_GSCP07/F031.c|65|style|constVariablePointer|Variable 'n_str' can be declared as pointer to const,/home/yichen/Desktop/Gemini_GSCP_Results07/logs/F031_cppcheck.log
/home/yichen/Desktop/Gemini_GSCP07/F031.c,cppcheck,True,success,True,0,9,79,style,constVariablePointer,Variable 'sp' can be declared as pointer to const,/home/yichen/Desktop/Gemini_GSCP07/F031.c|79|style|constVariablePointer|Variable 'sp' can be declared as pointer to const,/home/yichen/Desktop/Gemini_GSCP_Results07/logs/F031_cppcheck.log
/home/yichen/Desktop/Gemini_GSCP07/F031.c,cppcheck,True,success,True,0,9,87,style,constVariablePointer,Variable 'name' can be declared as pointer to const,/home/yichen/Desktop/Gemini_GSCP07/F031.c|87|style|constVariablePointer|Variable 'name' can be declared as pointer to const,/home/yichen/Desktop/Gemini_GSCP_Results07/logs/F031_cppcheck.log
/home/yichen/Desktop/Gemini_GSCP07/F031.c,cppcheck,True,success,True,0,9,109,style,constVariablePointer,Variable 'name' can be declared as pointer to const,/home/yichen/Desktop/Gemini_GSCP07/F031.c|109|style|constVariablePointer|Variable 'name' can be declared as pointer to const,/home/yichen/Desktop/Gemini_GSCP_Results07/logs/F031_cppcheck.log
/home/yichen/Desktop/Gemini_GSCP07/F031.c,cppcheck,True,success,True,0,9,127,style,constVariablePointer,Variable 'name' can be declared as pointer to const,/home/yichen/Desktop/Gemini_GSCP07/F031.c|127|style|constVariablePointer|Variable 'name' can be declared as pointer to const,/home/yichen/Desktop/Gemini_GSCP_Results07/logs/F031_cppcheck.log
nofile,cppcheck,True,success,True,0,9,0,information,checkersReport,Active checkers: 113/592 (use --checkers-report=<filename> to see details),nofile|0|information|checkersReport|Active checkers: 113/592 (use --checkers-report=<filename> to see details),/home/yichen/Desktop/Gemini_GSCP_Results07/logs/F031_cppcheck.log
/home/yichen/Desktop/Gemini_GSCP07/F032.c,cppcheck,True,success,True,0,10,2,information,missingIncludeSystem,Include file: <stdio.h> not found. Please note: Cppcheck does not need standard library headers to get proper results.,/home/yichen/Desktop/Gemini_GSCP07/F032.c|2|information|missingIncludeSystem|Include file: <stdio.h> not found. Please note: Cppcheck does not need standard library headers to get proper results.,/home/yichen/Desktop/Gemini_GSCP_Results07/logs/F032_cppcheck.log
/home/yichen/Desktop/Gemini_GSCP07/F032.c,cppcheck,True,success,True,0,10,3,information,missingIncludeSystem,Include file: <stdlib.h> not found. Please note: Cppcheck does not need standard library headers to get proper results.,/home/yichen/Desktop/Gemini_GSCP07/F032.c|3|information|missingIncludeSystem|Include file: <stdlib.h> not found. Please note: Cppcheck does not need standard library headers to get proper results.,/home/yichen/Desktop/Gemini_GSCP_Results07/logs/F032_cppcheck.log
/home/yichen/Desktop/Gemini_GSCP07/F032.c,cppcheck,True,success,True,0,10,4,information,missingIncludeSystem,Include file: <string.h> not found. Please note: Cppcheck does not need standard library headers to get proper results.,/home/yichen/Desktop/Gemini_GSCP07/F032.c|4|information|missingIncludeSystem|Include file: <string.h> not found. Please note: Cppcheck does not need standard library headers to get proper results.,/home/yichen/Desktop/Gemini_GSCP_Results07/logs/F032_cppcheck.log
/home/yichen/Desktop/Gemini_GSCP07/F032.c,cppcheck,True,success,True,0,10,69,style,constVariablePointer,Variable 'key' can be declared as pointer to const,/home/yichen/Desktop/Gemini_GSCP07/F032.c|69|style|constVariablePointer|Variable 'key' can be declared as pointer to const,/home/yichen/Desktop/Gemini_GSCP_Results07/logs/F032_cppcheck.log
/home/yichen/Desktop/Gemini_GSCP07/F032.c,cppcheck,True,success,True,0,10,76,style,constVariablePointer,Variable 'val' can be declared as pointer to const,/home/yichen/Desktop/Gemini_GSCP07/F032.c|76|style|constVariablePointer|Variable 'val' can be declared as pointer to const,/home/yichen/Desktop/Gemini_GSCP_Results07/logs/F032_cppcheck.log
/home/yichen/Desktop/Gemini_GSCP07/F032.c,cppcheck,True,success,True,0,10,107,style,constVariablePointer,Variable 'key' can be declared as pointer to const,/home/yichen/Desktop/Gemini_GSCP07/F032.c|107|style|constVariablePointer|Variable 'key' can be declared as pointer to const,/home/yichen/Desktop/Gemini_GSCP_Results07/logs/F032_cppcheck.log
/home/yichen/Desktop/Gemini_GSCP07/F032.c,cppcheck,True,success,True,0,10,114,style,constVariablePointer,Variable 'val' can be declared as pointer to const,/home/yichen/Desktop/Gemini_GSCP07/F032.c|114|style|constVariablePointer|Variable 'val' can be declared as pointer to const,/home/yichen/Desktop/Gemini_GSCP_Results07/logs/F032_cppcheck.log
/home/yichen/Desktop/Gemini_GSCP07/F032.c,cppcheck,True,success,True,0,10,178,style,constVariablePointer,Variable 'key' can be declared as pointer to const,/home/yichen/Desktop/Gemini_GSCP07/F032.c|178|style|constVariablePointer|Variable 'key' can be declared as pointer to const,/home/yichen/Desktop/Gemini_GSCP_Results07/logs/F032_cppcheck.log
/home/yichen/Desktop/Gemini_GSCP07/F032.c,cppcheck,True,success,True,0,10,181,style,constVariablePointer,Variable 'res' can be declared as pointer to const,/home/yichen/Desktop/Gemini_GSCP07/F032.c|181|style|constVariablePointer|Variable 'res' can be declared as pointer to const,/home/yichen/Desktop/Gemini_GSCP_Results07/logs/F032_cppcheck.log
nofile,cppcheck,True,success,True,0,10,0,information,checkersReport,Active checkers: 113/592 (use --checkers-report=<filename> to see details),nofile|0|information|checkersReport|Active checkers: 113/592 (use --checkers-report=<filename> to see details),/home/yichen/Desktop/Gemini_GSCP_Results07/logs/F032_cppcheck.log
/home/yichen/Desktop/Gemini_GSCP07/F033.c,cppcheck,True,success,True,0,14,2,information,missingIncludeSystem,Include file: <stdio.h> not found. Please note: Cppcheck does not need standard library headers to get proper results.,/home/yichen/Desktop/Gemini_GSCP07/F033.c|2|information|missingIncludeSystem|Include file: <stdio.h> not found. Please note: Cppcheck does not need standard library headers to get proper results.,/home/yichen/Desktop/Gemini_GSCP_Results07/logs/F033_cppcheck.log
/home/yichen/Desktop/Gemini_GSCP07/F033.c,cppcheck,True,success,True,0,14,3,information,missingIncludeSystem,Include file: <stdlib.h> not found. Please note: Cppcheck does not need standard library headers to get proper results.,/home/yichen/Desktop/Gemini_GSCP07/F033.c|3|information|missingIncludeSystem|Include file: <stdlib.h> not found. Please note: Cppcheck does not need standard library headers to get proper results.,/home/yichen/Desktop/Gemini_GSCP_Results07/logs/F033_cppcheck.log
/home/yichen/Desktop/Gemini_GSCP07/F033.c,cppcheck,True,success,True,0,14,4,information,missingIncludeSystem,Include file: <string.h> not found. Please note: Cppcheck does not need standard library headers to get proper results.,/home/yichen/Desktop/Gemini_GSCP07/F033.c|4|information|missingIncludeSystem|Include file: <string.h> not found. Please note: Cppcheck does not need standard library headers to get proper results.,/home/yichen/Desktop/Gemini_GSCP_Results07/logs/F033_cppcheck.log
/home/yichen/Desktop/Gemini_GSCP07/F033.c,cppcheck,True,success,True,0,14,67,style,constVariablePointer,Variable 'id' can be declared as pointer to const,/home/yichen/Desktop/Gemini_GSCP07/F033.c|67|style|constVariablePointer|Variable 'id' can be declared as pointer to const,/home/yichen/Desktop/Gemini_GSCP_Results07/logs/F033_cppcheck.log
/home/yichen/Desktop/Gemini_GSCP07/F033.c,cppcheck,True,success,True,0,14,74,style,constVariablePointer,Variable 'name' can be declared as pointer to const,/home/yichen/Desktop/Gemini_GSCP07/F033.c|74|style|constVariablePointer|Variable 'name' can be declared as pointer to const,/home/yichen/Desktop/Gemini_GSCP_Results07/logs/F033_cppcheck.log
/home/yichen/Desktop/Gemini_GSCP07/F033.c,cppcheck,True,success,True,0,14,81,style,constVariablePointer,Variable 'dept' can be declared as pointer to const,/home/yichen/Desktop/Gemini_GSCP07/F033.c|81|style|constVariablePointer|Variable 'dept' can be declared as pointer to const,/home/yichen/Desktop/Gemini_GSCP_Results07/logs/F033_cppcheck.log
/home/yichen/Desktop/Gemini_GSCP07/F033.c,cppcheck,True,success,True,0,14,88,style,constVariablePointer,Variable 'title' can be declared as pointer to const,/home/yichen/Desktop/Gemini_GSCP07/F033.c|88|style|constVariablePointer|Variable 'title' can be declared as pointer to const,/home/yichen/Desktop/Gemini_GSCP_Results07/logs/F033_cppcheck.log
/home/yichen/Desktop/Gemini_GSCP07/F033.c,cppcheck,True,success,True,0,14,111,style,constVariablePointer,Variable 'id' can be declared as pointer to const,/home/yichen/Desktop/Gemini_GSCP07/F033.c|111|style|constVariablePointer|Variable 'id' can be declared as pointer to const,/home/yichen/Desktop/Gemini_GSCP_Results07/logs/F033_cppcheck.log
/home/yichen/Desktop/Gemini_GSCP07/F033.c,cppcheck,True,success,True,0,14,118,style,constVariablePointer,Variable 'name' can be declared as pointer to const,/home/yichen/Desktop/Gemini_GSCP07/F033.c|118|style|constVariablePointer|Variable 'name' can be declared as pointer to const,/home/yichen/Desktop/Gemini_GSCP_Results07/logs/F033_cppcheck.log
/home/yichen/Desktop/Gemini_GSCP07/F033.c,cppcheck,True,success,True,0,14,125,style,constVariablePointer,Variable 'dept' can be declared as pointer to const,/home/yichen/Desktop/Gemini_GSCP07/F033.c|125|style|constVariablePointer|Variable 'dept' can be declared as pointer to const,/home/yichen/Desktop/Gemini_GSCP_Results07/logs/F033_cppcheck.log
/home/yichen/Desktop/Gemini_GSCP07/F033.c,cppcheck,True,success,True,0,14,132,style,constVariablePointer,Variable 'title' can be declared as pointer to const,/home/yichen/Desktop/Gemini_GSCP07/F033.c|132|style|constVariablePointer|Variable 'title' can be declared as pointer to const,/home/yichen/Desktop/Gemini_GSCP_Results07/logs/F033_cppcheck.log
/home/yichen/Desktop/Gemini_GSCP07/F033.c,cppcheck,True,success,True,0,14,146,style,constVariablePointer,Variable 'id' can be declared as pointer to const,/home/yichen/Desktop/Gemini_GSCP07/F033.c|146|style|constVariablePointer|Variable 'id' can be declared as pointer to const,/home/yichen/Desktop/Gemini_GSCP_Results07/logs/F033_cppcheck.log
/home/yichen/Desktop/Gemini_GSCP07/F033.c,cppcheck,True,success,True,0,14,164,style,constVariablePointer,Variable 'id' can be declared as pointer to const,/home/yichen/Desktop/Gemini_GSCP07/F033.c|164|style|constVariablePointer|Variable 'id' can be declared as pointer to const,/home/yichen/Desktop/Gemini_GSCP_Results07/logs/F033_cppcheck.log
nofile,cppcheck,True,success,True,0,14,0,information,checkersReport,Active checkers: 113/592 (use --checkers-report=<filename> to see details),nofile|0|information|checkersReport|Active checkers: 113/592 (use --checkers-report=<filename> to see details),/home/yichen/Desktop/Gemini_GSCP_Results07/logs/F033_cppcheck.log
/home/yichen/Desktop/Gemini_GSCP07/F034.c,cppcheck,True,success,True,0,9,2,information,missingIncludeSystem,Include file: <stdio.h> not found. Please note: Cppcheck does not need standard library headers to get proper results.,/home/yichen/Desktop/Gemini_GSCP07/F034.c|2|information|missingIncludeSystem|Include file: <stdio.h> not found. Please note: Cppcheck does not need standard library headers to get proper results.,/home/yichen/Desktop/Gemini_GSCP_Results07/logs/F034_cppcheck.log
/home/yichen/Desktop/Gemini_GSCP07/F034.c,cppcheck,True,success,True,0,9,3,information,missingIncludeSystem,Include file: <stdlib.h> not found. Please note: Cppcheck does not need standard library headers to get proper results.,/home/yichen/Desktop/Gemini_GSCP07/F034.c|3|information|missingIncludeSystem|Include file: <stdlib.h> not found. Please note: Cppcheck does not need standard library headers to get proper results.,/home/yichen/Desktop/Gemini_GSCP_Results07/logs/F034_cppcheck.log
/home/yichen/Desktop/Gemini_GSCP07/F034.c,cppcheck,True,success,True,0,9,4,information,missingIncludeSystem,Include file: <string.h> not found. Please note: Cppcheck does not need standard library headers to get proper results.,/home/yichen/Desktop/Gemini_GSCP07/F034.c|4|information|missingIncludeSystem|Include file: <string.h> not found. Please note: Cppcheck does not need standard library headers to get proper results.,/home/yichen/Desktop/Gemini_GSCP_Results07/logs/F034_cppcheck.log
/home/yichen/Desktop/Gemini_GSCP07/F034.c,cppcheck,True,success,True,0,9,44,style,constVariablePointer,Variable 'file_path' can be declared as pointer to const,/home/yichen/Desktop/Gemini_GSCP07/F034.c|44|style|constVariablePointer|Variable 'file_path' can be declared as pointer to const,/home/yichen/Desktop/Gemini_GSCP_Results07/logs/F034_cppcheck.log
/home/yichen/Desktop/Gemini_GSCP07/F034.c,cppcheck,True,success,True,0,9,78,style,constVariablePointer,Variable 'name' can be declared as pointer to const,/home/yichen/Desktop/Gemini_GSCP07/F034.c|78|style|constVariablePointer|Variable 'name' can be declared as pointer to const,/home/yichen/Desktop/Gemini_GSCP_Results07/logs/F034_cppcheck.log
/home/yichen/Desktop/Gemini_GSCP07/F034.c,cppcheck,True,success,True,0,9,122,style,constVariablePointer,Variable 'name' can be declared as pointer to const,/home/yichen/Desktop/Gemini_GSCP07/F034.c|122|style|constVariablePointer|Variable 'name' can be declared as pointer to const,/home/yichen/Desktop/Gemini_GSCP_Results07/logs/F034_cppcheck.log
/home/yichen/Desktop/Gemini_GSCP07/F034.c,cppcheck,True,success,True,0,9,129,style,constVariablePointer,Variable 'note' can be declared as pointer to const,/home/yichen/Desktop/Gemini_GSCP07/F034.c|129|style|constVariablePointer|Variable 'note' can be declared as pointer to const,/home/yichen/Desktop/Gemini_GSCP_Results07/logs/F034_cppcheck.log
/home/yichen/Desktop/Gemini_GSCP07/F034.c,cppcheck,True,success,True,0,9,141,style,constVariablePointer,Variable 'name' can be declared as pointer to const,/home/yichen/Desktop/Gemini_GSCP07/F034.c|141|style|constVariablePointer|Variable 'name' can be declared as pointer to const,/home/yichen/Desktop/Gemini_GSCP_Results07/logs/F034_cppcheck.log
nofile,cppcheck,True,success,True,0,9,0,information,checkersReport,Active checkers: 113/592 (use --checkers-report=<filename> to see details),nofile|0|information|checkersReport|Active checkers: 113/592 (use --checkers-report=<filename> to see details),/home/yichen/Desktop/Gemini_GSCP_Results07/logs/F034_cppcheck.log
/home/yichen/Desktop/Gemini_GSCP07/F035.c,cppcheck,True,success,True,0,10,2,information,missingIncludeSystem,Include file: <stdio.h> not found. Please note: Cppcheck does not need standard library headers to get proper results.,/home/yichen/Desktop/Gemini_GSCP07/F035.c|2|information|missingIncludeSystem|Include file: <stdio.h> not found. Please note: Cppcheck does not need standard library headers to get proper results.,/home/yichen/Desktop/Gemini_GSCP_Results07/logs/F035_cppcheck.log
/home/yichen/Desktop/Gemini_GSCP07/F035.c,cppcheck,True,success,True,0,10,3,information,missingIncludeSystem,Include file: <stdlib.h> not found. Please note: Cppcheck does not need standard library headers to get proper results.,/home/yichen/Desktop/Gemini_GSCP07/F035.c|3|information|missingIncludeSystem|Include file: <stdlib.h> not found. Please note: Cppcheck does not need standard library headers to get proper results.,/home/yichen/Desktop/Gemini_GSCP_Results07/logs/F035_cppcheck.log
/home/yichen/Desktop/Gemini_GSCP07/F035.c,cppcheck,True,success,True,0,10,4,information,missingIncludeSystem,Include file: <string.h> not found. Please note: Cppcheck does not need standard library headers to get proper results.,/home/yichen/Desktop/Gemini_GSCP07/F035.c|4|information|missingIncludeSystem|Include file: <string.h> not found. Please note: Cppcheck does not need standard library headers to get proper results.,/home/yichen/Desktop/Gemini_GSCP_Results07/logs/F035_cppcheck.log
/home/yichen/Desktop/Gemini_GSCP07/F035.c,cppcheck,True,success,True,0,10,65,style,constVariablePointer,Variable 'name' can be declared as pointer to const,/home/yichen/Desktop/Gemini_GSCP07/F035.c|65|style|constVariablePointer|Variable 'name' can be declared as pointer to const,/home/yichen/Desktop/Gemini_GSCP_Results07/logs/F035_cppcheck.log
/home/yichen/Desktop/Gemini_GSCP07/F035.c,cppcheck,True,success,True,0,10,72,style,constVariablePointer,Variable 'payload' can be declared as pointer to const,/home/yichen/Desktop/Gemini_GSCP07/F035.c|72|style|constVariablePointer|Variable 'payload' can be declared as pointer to const,/home/yichen/Desktop/Gemini_GSCP_Results07/logs/F035_cppcheck.log
/home/yichen/Desktop/Gemini_GSCP07/F035.c,cppcheck,True,success,True,0,10,84,style,constVariablePointer,Variable 'oldName' can be declared as pointer to const,/home/yichen/Desktop/Gemini_GSCP07/F035.c|84|style|constVariablePointer|Variable 'oldName' can be declared as pointer to const,/home/yichen/Desktop/Gemini_GSCP_Results07/logs/F035_cppcheck.log
/home/yichen/Desktop/Gemini_GSCP07/F035.c,cppcheck,True,success,True,0,10,91,style,constVariablePointer,Variable 'newName' can be declared as pointer to const,/home/yichen/Desktop/Gemini_GSCP07/F035.c|91|style|constVariablePointer|Variable 'newName' can be declared as pointer to const,/home/yichen/Desktop/Gemini_GSCP_Results07/logs/F035_cppcheck.log
/home/yichen/Desktop/Gemini_GSCP07/F035.c,cppcheck,True,success,True,0,10,110,style,constVariablePointer,Variable 'name' can be declared as pointer to const,/home/yichen/Desktop/Gemini_GSCP07/F035.c|110|style|constVariablePointer|Variable 'name' can be declared as pointer to const,/home/yichen/Desktop/Gemini_GSCP_Results07/logs/F035_cppcheck.log
/home/yichen/Desktop/Gemini_GSCP07/F035.c,cppcheck,True,success,True,0,10,126,style,constVariablePointer,Variable 'name' can be declared as pointer to const,/home/yichen/Desktop/Gemini_GSCP07/F035.c|126|style|constVariablePointer|Variable 'name' can be declared as pointer to const,/home/yichen/Desktop/Gemini_GSCP_Results07/logs/F035_cppcheck.log
nofile,cppcheck,True,success,True,0,10,0,information,checkersReport,Active checkers: 113/592 (use --checkers-report=<filename> to see details),nofile|0|information|checkersReport|Active checkers: 113/592 (use --checkers-report=<filename> to see details),/home/yichen/Desktop/Gemini_GSCP_Results07/logs/F035_cppcheck.log
/home/yichen/Desktop/Gemini_GSCP07/F036.c,cppcheck,True,success,True,0,8,2,information,missingIncludeSystem,Include file: <stdio.h> not found. Please note: Cppcheck does not need standard library headers to get proper results.,/home/yichen/Desktop/Gemini_GSCP07/F036.c|2|information|missingIncludeSystem|Include file: <stdio.h> not found. Please note: Cppcheck does not need standard library headers to get proper results.,/home/yichen/Desktop/Gemini_GSCP_Results07/logs/F036_cppcheck.log
/home/yichen/Desktop/Gemini_GSCP07/F036.c,cppcheck,True,success,True,0,8,3,information,missingIncludeSystem,Include file: <stdlib.h> not found. Please note: Cppcheck does not need standard library headers to get proper results.,/home/yichen/Desktop/Gemini_GSCP07/F036.c|3|information|missingIncludeSystem|Include file: <stdlib.h> not found. Please note: Cppcheck does not need standard library headers to get proper results.,/home/yichen/Desktop/Gemini_GSCP_Results07/logs/F036_cppcheck.log
/home/yichen/Desktop/Gemini_GSCP07/F036.c,cppcheck,True,success,True,0,8,4,information,missingIncludeSystem,Include file: <string.h> not found. Please note: Cppcheck does not need standard library headers to get proper results.,/home/yichen/Desktop/Gemini_GSCP07/F036.c|4|information|missingIncludeSystem|Include file: <string.h> not found. Please note: Cppcheck does not need standard library headers to get proper results.,/home/yichen/Desktop/Gemini_GSCP_Results07/logs/F036_cppcheck.log
/home/yichen/Desktop/Gemini_GSCP07/F036.c,cppcheck,True,success,True,0,8,65,style,constVariablePointer,Variable 'name' can be declared as pointer to const,/home/yichen/Desktop/Gemini_GSCP07/F036.c|65|style|constVariablePointer|Variable 'name' can be declared as pointer to const,/home/yichen/Desktop/Gemini_GSCP_Results07/logs/F036_cppcheck.log
/home/yichen/Desktop/Gemini_GSCP07/F036.c,cppcheck,True,success,True,0,8,76,style,constVariablePointer,Variable 'data_start' can be declared as pointer to const,/home/yichen/Desktop/Gemini_GSCP07/F036.c|76|style|constVariablePointer|Variable 'data_start' can be declared as pointer to const,/home/yichen/Desktop/Gemini_GSCP_Results07/logs/F036_cppcheck.log
/home/yichen/Desktop/Gemini_GSCP07/F036.c,cppcheck,True,success,True,0,8,96,style,constVariablePointer,Variable 'name' can be declared as pointer to const,/home/yichen/Desktop/Gemini_GSCP07/F036.c|96|style|constVariablePointer|Variable 'name' can be declared as pointer to const,/home/yichen/Desktop/Gemini_GSCP_Results07/logs/F036_cppcheck.log
/home/yichen/Desktop/Gemini_GSCP07/F036.c,cppcheck,True,success,True,0,8,112,style,constVariablePointer,Variable 'name' can be declared as pointer to const,/home/yichen/Desktop/Gemini_GSCP07/F036.c|112|style|constVariablePointer|Variable 'name' can be declared as pointer to const,/home/yichen/Desktop/Gemini_GSCP_Results07/logs/F036_cppcheck.log
nofile,cppcheck,True,success,True,0,8,0,information,checkersReport,Active checkers: 113/592 (use --checkers-report=<filename> to see details),nofile|0|information|checkersReport|Active checkers: 113/592 (use --checkers-report=<filename> to see details),/home/yichen/Desktop/Gemini_GSCP_Results07/logs/F036_cppcheck.log
/home/yichen/Desktop/Gemini_GSCP07/F037.c,cppcheck,True,success,True,0,13,2,information,missingIncludeSystem,Include file: <stdio.h> not found. Please note: Cppcheck does not need standard library headers to get proper results.,/home/yichen/Desktop/Gemini_GSCP07/F037.c|2|information|missingIncludeSystem|Include file: <stdio.h> not found. Please note: Cppcheck does not need standard library headers to get proper results.,/home/yichen/Desktop/Gemini_GSCP_Results07/logs/F037_cppcheck.log
/home/yichen/Desktop/Gemini_GSCP07/F037.c,cppcheck,True,success,True,0,13,3,information,missingIncludeSystem,Include file: <stdlib.h> not found. Please note: Cppcheck does not need standard library headers to get proper results.,/home/yichen/Desktop/Gemini_GSCP07/F037.c|3|information|missingIncludeSystem|Include file: <stdlib.h> not found. Please note: Cppcheck does not need standard library headers to get proper results.,/home/yichen/Desktop/Gemini_GSCP_Results07/logs/F037_cppcheck.log
/home/yichen/Desktop/Gemini_GSCP07/F037.c,cppcheck,True,success,True,0,13,4,information,missingIncludeSystem,Include file: <string.h> not found. Please note: Cppcheck does not need standard library headers to get proper results.,/home/yichen/Desktop/Gemini_GSCP07/F037.c|4|information|missingIncludeSystem|Include file: <string.h> not found. Please note: Cppcheck does not need standard library headers to get proper results.,/home/yichen/Desktop/Gemini_GSCP_Results07/logs/F037_cppcheck.log
/home/yichen/Desktop/Gemini_GSCP07/F037.c,cppcheck,True,success,True,0,13,43,style,constVariable,Variable 's' can be declared as const array,/home/yichen/Desktop/Gemini_GSCP07/F037.c|43|style|constVariable|Variable 's' can be declared as const array,/home/yichen/Desktop/Gemini_GSCP_Results07/logs/F037_cppcheck.log
/home/yichen/Desktop/Gemini_GSCP07/F037.c,cppcheck,True,success,True,0,13,72,style,constVariablePointer,Variable 'name' can be declared as pointer to const,/home/yichen/Desktop/Gemini_GSCP07/F037.c|72|style|constVariablePointer|Variable 'name' can be declared as pointer to const,/home/yichen/Desktop/Gemini_GSCP_Results07/logs/F037_cppcheck.log
/home/yichen/Desktop/Gemini_GSCP07/F037.c,cppcheck,True,success,True,0,13,79,style,constVariablePointer,Variable 'hex' can be declared as pointer to const,/home/yichen/Desktop/Gemini_GSCP07/F037.c|79|style|constVariablePointer|Variable 'hex' can be declared as pointer to const,/home/yichen/Desktop/Gemini_GSCP_Results07/logs/F037_cppcheck.log
/home/yichen/Desktop/Gemini_GSCP07/F037.c,cppcheck,True,success,True,0,13,101,style,constVariablePointer,Variable 'name' can be declared as pointer to const,/home/yichen/Desktop/Gemini_GSCP07/F037.c|101|style|constVariablePointer|Variable 'name' can be declared as pointer to const,/home/yichen/Desktop/Gemini_GSCP_Results07/logs/F037_cppcheck.log
/home/yichen/Desktop/Gemini_GSCP07/F037.c,cppcheck,True,success,True,0,13,108,style,constVariablePointer,Variable 'hex' can be declared as pointer to const,/home/yichen/Desktop/Gemini_GSCP07/F037.c|108|style|constVariablePointer|Variable 'hex' can be declared as pointer to const,/home/yichen/Desktop/Gemini_GSCP_Results07/logs/F037_cppcheck.log
/home/yichen/Desktop/Gemini_GSCP07/F037.c,cppcheck,True,success,True,0,13,133,style,constVariablePointer,Variable 'name' can be declared as pointer to const,/home/yichen/Desktop/Gemini_GSCP07/F037.c|133|style|constVariablePointer|Variable 'name' can be declared as pointer to const,/home/yichen/Desktop/Gemini_GSCP_Results07/logs/F037_cppcheck.log
/home/yichen/Desktop/Gemini_GSCP07/F037.c,cppcheck,True,success,True,0,13,140,style,constVariablePointer,Variable 'off_str' can be declared as pointer to const,/home/yichen/Desktop/Gemini_GSCP07/F037.c|140|style|constVariablePointer|Variable 'off_str' can be declared as pointer to const,/home/yichen/Desktop/Gemini_GSCP_Results07/logs/F037_cppcheck.log
/home/yichen/Desktop/Gemini_GSCP07/F037.c,cppcheck,True,success,True,0,13,147,style,constVariablePointer,Variable 'len_str' can be declared as pointer to const,/home/yichen/Desktop/Gemini_GSCP07/F037.c|147|style|constVariablePointer|Variable 'len_str' can be declared as pointer to const,/home/yichen/Desktop/Gemini_GSCP_Results07/logs/F037_cppcheck.log
/home/yichen/Desktop/Gemini_GSCP07/F037.c,cppcheck,True,success,True,0,13,165,style,constVariablePointer,Variable 'name' can be declared as pointer to const,/home/yichen/Desktop/Gemini_GSCP07/F037.c|165|style|constVariablePointer|Variable 'name' can be declared as pointer to const,/home/yichen/Desktop/Gemini_GSCP_Results07/logs/F037_cppcheck.log
nofile,cppcheck,True,success,True,0,13,0,information,checkersReport,Active checkers: 113/592 (use --checkers-report=<filename> to see details),nofile|0|information|checkersReport|Active checkers: 113/592 (use --checkers-report=<filename> to see details),/home/yichen/Desktop/Gemini_GSCP_Results07/logs/F037_cppcheck.log
/home/yichen/Desktop/Gemini_GSCP07/F038.c,cppcheck,True,success,True,0,9,2,information,missingIncludeSystem,Include file: <stdio.h> not found. Please note: Cppcheck does not need standard library headers to get proper results.,/home/yichen/Desktop/Gemini_GSCP07/F038.c|2|information|missingIncludeSystem|Include file: <stdio.h> not found. Please note: Cppcheck does not need standard library headers to get proper results.,/home/yichen/Desktop/Gemini_GSCP_Results07/logs/F038_cppcheck.log
/home/yichen/Desktop/Gemini_GSCP07/F038.c,cppcheck,True,success,True,0,9,3,information,missingIncludeSystem,Include file: <stdlib.h> not found. Please note: Cppcheck does not need standard library headers to get proper results.,/home/yichen/Desktop/Gemini_GSCP07/F038.c|3|information|missingIncludeSystem|Include file: <stdlib.h> not found. Please note: Cppcheck does not need standard library headers to get proper results.,/home/yichen/Desktop/Gemini_GSCP_Results07/logs/F038_cppcheck.log
/home/yichen/Desktop/Gemini_GSCP07/F038.c,cppcheck,True,success,True,0,9,4,information,missingIncludeSystem,Include file: <string.h> not found. Please note: Cppcheck does not need standard library headers to get proper results.,/home/yichen/Desktop/Gemini_GSCP07/F038.c|4|information|missingIncludeSystem|Include file: <string.h> not found. Please note: Cppcheck does not need standard library headers to get proper results.,/home/yichen/Desktop/Gemini_GSCP_Results07/logs/F038_cppcheck.log
/home/yichen/Desktop/Gemini_GSCP07/F038.c,cppcheck,True,success,True,0,9,65,style,constVariablePointer,Variable 'name' can be declared as pointer to const,/home/yichen/Desktop/Gemini_GSCP07/F038.c|65|style|constVariablePointer|Variable 'name' can be declared as pointer to const,/home/yichen/Desktop/Gemini_GSCP_Results07/logs/F038_cppcheck.log
/home/yichen/Desktop/Gemini_GSCP07/F038.c,cppcheck,True,success,True,0,9,72,style,constVariablePointer,Variable 'enc' can be declared as pointer to const,/home/yichen/Desktop/Gemini_GSCP07/F038.c|72|style|constVariablePointer|Variable 'enc' can be declared as pointer to const,/home/yichen/Desktop/Gemini_GSCP_Results07/logs/F038_cppcheck.log
/home/yichen/Desktop/Gemini_GSCP07/F038.c,cppcheck,True,success,True,0,9,117,style,constVariablePointer,Variable 'name' can be declared as pointer to const,/home/yichen/Desktop/Gemini_GSCP07/F038.c|117|style|constVariablePointer|Variable 'name' can be declared as pointer to const,/home/yichen/Desktop/Gemini_GSCP_Results07/logs/F038_cppcheck.log
/home/yichen/Desktop/Gemini_GSCP07/F038.c,cppcheck,True,success,True,0,9,122,style,constVariablePointer,Variable 'enc' can be declared as pointer to const,/home/yichen/Desktop/Gemini_GSCP07/F038.c|122|style|constVariablePointer|Variable 'enc' can be declared as pointer to const,/home/yichen/Desktop/Gemini_GSCP_Results07/logs/F038_cppcheck.log
/home/yichen/Desktop/Gemini_GSCP07/F038.c,cppcheck,True,success,True,0,9,143,style,constVariablePointer,Variable 'name' can be declared as pointer to const,/home/yichen/Desktop/Gemini_GSCP07/F038.c|143|style|constVariablePointer|Variable 'name' can be declared as pointer to const,/home/yichen/Desktop/Gemini_GSCP_Results07/logs/F038_cppcheck.log
nofile,cppcheck,True,success,True,0,9,0,information,checkersReport,Active checkers: 113/592 (use --checkers-report=<filename> to see details),nofile|0|information|checkersReport|Active checkers: 113/592 (use --checkers-report=<filename> to see details),/home/yichen/Desktop/Gemini_GSCP_Results07/logs/F038_cppcheck.log
/home/yichen/Desktop/Gemini_GSCP07/F039.c,cppcheck,True,success,True,0,15,2,information,missingIncludeSystem,Include file: <stdio.h> not found. Please note: Cppcheck does not need standard library headers to get proper results.,/home/yichen/Desktop/Gemini_GSCP07/F039.c|2|information|missingIncludeSystem|Include file: <stdio.h> not found. Please note: Cppcheck does not need standard library headers to get proper results.,/home/yichen/Desktop/Gemini_GSCP_Results07/logs/F039_cppcheck.log
/home/yichen/Desktop/Gemini_GSCP07/F039.c,cppcheck,True,success,True,0,15,3,information,missingIncludeSystem,Include file: <stdlib.h> not found. Please note: Cppcheck does not need standard library headers to get proper results.,/home/yichen/Desktop/Gemini_GSCP07/F039.c|3|information|missingIncludeSystem|Include file: <stdlib.h> not found. Please note: Cppcheck does not need standard library headers to get proper results.,/home/yichen/Desktop/Gemini_GSCP_Results07/logs/F039_cppcheck.log
/home/yichen/Desktop/Gemini_GSCP07/F039.c,cppcheck,True,success,True,0,15,4,information,missingIncludeSystem,Include file: <string.h> not found. Please note: Cppcheck does not need standard library headers to get proper results.,/home/yichen/Desktop/Gemini_GSCP07/F039.c|4|information|missingIncludeSystem|Include file: <string.h> not found. Please note: Cppcheck does not need standard library headers to get proper results.,/home/yichen/Desktop/Gemini_GSCP_Results07/logs/F039_cppcheck.log
/home/yichen/Desktop/Gemini_GSCP07/F039.c,cppcheck,True,success,True,0,15,67,style,constVariablePointer,Variable 'name' can be declared as pointer to const,/home/yichen/Desktop/Gemini_GSCP07/F039.c|67|style|constVariablePointer|Variable 'name' can be declared as pointer to const,/home/yichen/Desktop/Gemini_GSCP_Results07/logs/F039_cppcheck.log
/home/yichen/Desktop/Gemini_GSCP07/F039.c,cppcheck,True,success,True,0,15,74,style,constVariablePointer,Variable 'r_str' can be declared as pointer to const,/home/yichen/Desktop/Gemini_GSCP07/F039.c|74|style|constVariablePointer|Variable 'r_str' can be declared as pointer to const,/home/yichen/Desktop/Gemini_GSCP_Results07/logs/F039_cppcheck.log
/home/yichen/Desktop/Gemini_GSCP07/F039.c,cppcheck,True,success,True,0,15,81,style,constVariablePointer,Variable 'c_str' can be declared as pointer to const,/home/yichen/Desktop/Gemini_GSCP07/F039.c|81|style|constVariablePointer|Variable 'c_str' can be declared as pointer to const,/home/yichen/Desktop/Gemini_GSCP_Results07/logs/F039_cppcheck.log
/home/yichen/Desktop/Gemini_GSCP07/F039.c,cppcheck,True,success,True,0,15,107,style,constVariablePointer,Variable 'name' can be declared as pointer to const,/home/yichen/Desktop/Gemini_GSCP07/F039.c|107|style|constVariablePointer|Variable 'name' can be declared as pointer to const,/home/yichen/Desktop/Gemini_GSCP_Results07/logs/F039_cppcheck.log
/home/yichen/Desktop/Gemini_GSCP07/F039.c,cppcheck,True,success,True,0,15,114,style,constVariablePointer,Variable 'r_str' can be declared as pointer to const,/home/yichen/Desktop/Gemini_GSCP07/F039.c|114|style|constVariablePointer|Variable 'r_str' can be declared as pointer to const,/home/yichen/Desktop/Gemini_GSCP_Results07/logs/F039_cppcheck.log
/home/yichen/Desktop/Gemini_GSCP07/F039.c,cppcheck,True,success,True,0,15,121,style,constVariablePointer,Variable 'c_str' can be declared as pointer to const,/home/yichen/Desktop/Gemini_GSCP07/F039.c|121|style|constVariablePointer|Variable 'c_str' can be declared as pointer to const,/home/yichen/Desktop/Gemini_GSCP_Results07/logs/F039_cppcheck.log
/home/yichen/Desktop/Gemini_GSCP07/F039.c,cppcheck,True,success,True,0,15,128,style,constVariablePointer,Variable 'value' can be declared as pointer to const,/home/yichen/Desktop/Gemini_GSCP07/F039.c|128|style|constVariablePointer|Variable 'value' can be declared as pointer to const,/home/yichen/Desktop/Gemini_GSCP_Results07/logs/F039_cppcheck.log
/home/yichen/Desktop/Gemini_GSCP07/F039.c,cppcheck,True,success,True,0,15,142,style,constVariablePointer,Variable 'name' can be declared as pointer to const,/home/yichen/Desktop/Gemini_GSCP07/F039.c|142|style|constVariablePointer|Variable 'name' can be declared as pointer to const,/home/yichen/Desktop/Gemini_GSCP_Results07/logs/F039_cppcheck.log
/home/yichen/Desktop/Gemini_GSCP07/F039.c,cppcheck,True,success,True,0,15,149,style,constVariablePointer,Variable 'r_str' can be declared as pointer to const,/home/yichen/Desktop/Gemini_GSCP07/F039.c|149|style|constVariablePointer|Variable 'r_str' can be declared as pointer to const,/home/yichen/Desktop/Gemini_GSCP_Results07/logs/F039_cppcheck.log
/home/yichen/Desktop/Gemini_GSCP07/F039.c,cppcheck,True,success,True,0,15,156,style,constVariablePointer,Variable 'c_str' can be declared as pointer to const,/home/yichen/Desktop/Gemini_GSCP07/F039.c|156|style|constVariablePointer|Variable 'c_str' can be declared as pointer to const,/home/yichen/Desktop/Gemini_GSCP_Results07/logs/F039_cppcheck.log
/home/yichen/Desktop/Gemini_GSCP07/F039.c,cppcheck,True,success,True,0,15,171,style,constVariablePointer,Variable 'name' can be declared as pointer to const,/home/yichen/Desktop/Gemini_GSCP07/F039.c|171|style|constVariablePointer|Variable 'name' can be declared as pointer to const,/home/yichen/Desktop/Gemini_GSCP_Results07/logs/F039_cppcheck.log
nofile,cppcheck,True,success,True,0,15,0,information,checkersReport,Active checkers: 113/592 (use --checkers-report=<filename> to see details),nofile|0|information|checkersReport|Active checkers: 113/592 (use --checkers-report=<filename> to see details),/home/yichen/Desktop/Gemini_GSCP_Results07/logs/F039_cppcheck.log
/home/yichen/Desktop/Gemini_GSCP07/F040.c,cppcheck,True,success,True,0,12,2,information,missingIncludeSystem,Include file: <stdio.h> not found. Please note: Cppcheck does not need standard library headers to get proper results.,/home/yichen/Desktop/Gemini_GSCP07/F040.c|2|information|missingIncludeSystem|Include file: <stdio.h> not found. Please note: Cppcheck does not need standard library headers to get proper results.,/home/yichen/Desktop/Gemini_GSCP_Results07/logs/F040_cppcheck.log
/home/yichen/Desktop/Gemini_GSCP07/F040.c,cppcheck,True,success,True,0,12,3,information,missingIncludeSystem,Include file: <stdlib.h> not found. Please note: Cppcheck does not need standard library headers to get proper results.,/home/yichen/Desktop/Gemini_GSCP07/F040.c|3|information|missingIncludeSystem|Include file: <stdlib.h> not found. Please note: Cppcheck does not need standard library headers to get proper results.,/home/yichen/Desktop/Gemini_GSCP_Results07/logs/F040_cppcheck.log
/home/yichen/Desktop/Gemini_GSCP07/F040.c,cppcheck,True,success,True,0,12,4,information,missingIncludeSystem,Include file: <string.h> not found. Please note: Cppcheck does not need standard library headers to get proper results.,/home/yichen/Desktop/Gemini_GSCP07/F040.c|4|information|missingIncludeSystem|Include file: <string.h> not found. Please note: Cppcheck does not need standard library headers to get proper results.,/home/yichen/Desktop/Gemini_GSCP_Results07/logs/F040_cppcheck.log
/home/yichen/Desktop/Gemini_GSCP07/F040.c,cppcheck,True,success,True,0,12,68,style,constVariablePointer,Variable 'id' can be declared as pointer to const,/home/yichen/Desktop/Gemini_GSCP07/F040.c|68|style|constVariablePointer|Variable 'id' can be declared as pointer to const,/home/yichen/Desktop/Gemini_GSCP_Results07/logs/F040_cppcheck.log
/home/yichen/Desktop/Gemini_GSCP07/F040.c,cppcheck,True,success,True,0,12,75,style,constVariablePointer,Variable 'hlen_str' can be declared as pointer to const,/home/yichen/Desktop/Gemini_GSCP07/F040.c|75|style|constVariablePointer|Variable 'hlen_str' can be declared as pointer to const,/home/yichen/Desktop/Gemini_GSCP_Results07/logs/F040_cppcheck.log
/home/yichen/Desktop/Gemini_GSCP07/F040.c,cppcheck,True,success,True,0,12,82,style,constVariablePointer,Variable 'plen_str' can be declared as pointer to const,/home/yichen/Desktop/Gemini_GSCP07/F040.c|82|style|constVariablePointer|Variable 'plen_str' can be declared as pointer to const,/home/yichen/Desktop/Gemini_GSCP_Results07/logs/F040_cppcheck.log
/home/yichen/Desktop/Gemini_GSCP07/F040.c,cppcheck,True,success,True,0,12,89,style,constVariablePointer,Variable 'header' can be declared as pointer to const,/home/yichen/Desktop/Gemini_GSCP07/F040.c|89|style|constVariablePointer|Variable 'header' can be declared as pointer to const,/home/yichen/Desktop/Gemini_GSCP_Results07/logs/F040_cppcheck.log
/home/yichen/Desktop/Gemini_GSCP07/F040.c,cppcheck,True,success,True,0,12,96,style,constVariablePointer,Variable 'payload' can be declared as pointer to const,/home/yichen/Desktop/Gemini_GSCP07/F040.c|96|style|constVariablePointer|Variable 'payload' can be declared as pointer to const,/home/yichen/Desktop/Gemini_GSCP_Results07/logs/F040_cppcheck.log
/home/yichen/Desktop/Gemini_GSCP07/F040.c,cppcheck,True,success,True,0,12,115,style,constVariablePointer,Variable 'id' can be declared as pointer to const,/home/yichen/Desktop/Gemini_GSCP07/F040.c|115|style|constVariablePointer|Variable 'id' can be declared as pointer to const,/home/yichen/Desktop/Gemini_GSCP_Results07/logs/F040_cppcheck.log
/home/yichen/Desktop/Gemini_GSCP07/F040.c,cppcheck,True,success,True,0,12,132,style,constVariablePointer,Variable 'id' can be declared as pointer to const,/home/yichen/Desktop/Gemini_GSCP07/F040.c|132|style|constVariablePointer|Variable 'id' can be declared as pointer to const,/home/yichen/Desktop/Gemini_GSCP_Results07/logs/F040_cppcheck.log
/home/yichen/Desktop/Gemini_GSCP07/F040.c,cppcheck,True,success,True,0,12,143,style,constVariablePointer,Variable 'id' can be declared as pointer to const,/home/yichen/Desktop/Gemini_GSCP07/F040.c|143|style|constVariablePointer|Variable 'id' can be declared as pointer to const,/home/yichen/Desktop/Gemini_GSCP_Results07/logs/F040_cppcheck.log
nofile,cppcheck,True,success,True,0,12,0,information,checkersReport,Active checkers: 113/592 (use --checkers-report=<filename> to see details),nofile|0|information|checkersReport|Active checkers: 113/592 (use --checkers-report=<filename> to see details),/home/yichen/Desktop/Gemini_GSCP_Results07/logs/F040_cppcheck.log
