file,tool,attempted,status,success,returncode,finding_count,line,severity,check_id,message,evidence,log_path
/home/yichen/Desktop/Deepseek_GSCP04/F001.c,cppcheck,True,success,True,0,13,2,information,missingIncludeSystem,Include file: <stdio.h> not found. Please note: Cppcheck does not need standard library headers to get proper results.,/home/yichen/Desktop/Deepseek_GSCP04/F001.c|2|information|missingIncludeSystem|Include file: <stdio.h> not found. Please note: Cppcheck does not need standard library headers to get proper results.,/home/yichen/Desktop/Deepseek_GSCP_Results04/logs/F001_cppcheck.log
/home/yichen/Desktop/Deepseek_GSCP04/F001.c,cppcheck,True,success,True,0,13,3,information,missingIncludeSystem,Include file: <stdlib.h> not found. Please note: Cppcheck does not need standard library headers to get proper results.,/home/yichen/Desktop/Deepseek_GSCP04/F001.c|3|information|missingIncludeSystem|Include file: <stdlib.h> not found. Please note: Cppcheck does not need standard library headers to get proper results.,/home/yichen/Desktop/Deepseek_GSCP_Results04/logs/F001_cppcheck.log
/home/yichen/Desktop/Deepseek_GSCP04/F001.c,cppcheck,True,success,True,0,13,4,information,missingIncludeSystem,Include file: <string.h> not found. Please note: Cppcheck does not need standard library headers to get proper results.,/home/yichen/Desktop/Deepseek_GSCP04/F001.c|4|information|missingIncludeSystem|Include file: <string.h> not found. Please note: Cppcheck does not need standard library headers to get proper results.,/home/yichen/Desktop/Deepseek_GSCP_Results04/logs/F001_cppcheck.log
/home/yichen/Desktop/Deepseek_GSCP04/F001.c,cppcheck,True,success,True,0,13,70,style,constVariablePointer,Variable 'cmd' can be declared as pointer to const,/home/yichen/Desktop/Deepseek_GSCP04/F001.c|70|style|constVariablePointer|Variable 'cmd' can be declared as pointer to const,/home/yichen/Desktop/Deepseek_GSCP_Results04/logs/F001_cppcheck.log
/home/yichen/Desktop/Deepseek_GSCP04/F001.c,cppcheck,True,success,True,0,13,73,style,constVariablePointer,Variable 'id' can be declared as pointer to const,/home/yichen/Desktop/Deepseek_GSCP04/F001.c|73|style|constVariablePointer|Variable 'id' can be declared as pointer to const,/home/yichen/Desktop/Deepseek_GSCP_Results04/logs/F001_cppcheck.log
/home/yichen/Desktop/Deepseek_GSCP04/F001.c,cppcheck,True,success,True,0,13,75,style,constVariablePointer,Variable 'text' can be declared as pointer to const,/home/yichen/Desktop/Deepseek_GSCP04/F001.c|75|style|constVariablePointer|Variable 'text' can be declared as pointer to const,/home/yichen/Desktop/Deepseek_GSCP_Results04/logs/F001_cppcheck.log
/home/yichen/Desktop/Deepseek_GSCP04/F001.c,cppcheck,True,success,True,0,13,79,style,constVariablePointer,Variable 'id' can be declared as pointer to const,/home/yichen/Desktop/Deepseek_GSCP04/F001.c|79|style|constVariablePointer|Variable 'id' can be declared as pointer to const,/home/yichen/Desktop/Deepseek_GSCP_Results04/logs/F001_cppcheck.log
/home/yichen/Desktop/Deepseek_GSCP04/F001.c,cppcheck,True,success,True,0,13,81,style,constVariablePointer,Variable 'text' can be declared as pointer to const,/home/yichen/Desktop/Deepseek_GSCP04/F001.c|81|style|constVariablePointer|Variable 'text' can be declared as pointer to const,/home/yichen/Desktop/Deepseek_GSCP_Results04/logs/F001_cppcheck.log
/home/yichen/Desktop/Deepseek_GSCP04/F001.c,cppcheck,True,success,True,0,13,93,style,constVariablePointer,Variable 'id' can be declared as pointer to const,/home/yichen/Desktop/Deepseek_GSCP04/F001.c|93|style|constVariablePointer|Variable 'id' can be declared as pointer to const,/home/yichen/Desktop/Deepseek_GSCP_Results04/logs/F001_cppcheck.log
/home/yichen/Desktop/Deepseek_GSCP04/F001.c,cppcheck,True,success,True,0,13,95,style,constVariablePointer,Variable 'text' can be declared as pointer to const,/home/yichen/Desktop/Deepseek_GSCP04/F001.c|95|style|constVariablePointer|Variable 'text' can be declared as pointer to const,/home/yichen/Desktop/Deepseek_GSCP_Results04/logs/F001_cppcheck.log
/home/yichen/Desktop/Deepseek_GSCP04/F001.c,cppcheck,True,success,True,0,13,103,style,constVariablePointer,Variable 'id' can be declared as pointer to const,/home/yichen/Desktop/Deepseek_GSCP04/F001.c|103|style|constVariablePointer|Variable 'id' can be declared as pointer to const,/home/yichen/Desktop/Deepseek_GSCP_Results04/logs/F001_cppcheck.log
/home/yichen/Desktop/Deepseek_GSCP04/F001.c,cppcheck,True,success,True,0,13,106,style,constVariablePointer,Variable 'id' can be declared as pointer to const,/home/yichen/Desktop/Deepseek_GSCP04/F001.c|106|style|constVariablePointer|Variable 'id' can be declared as pointer to const,/home/yichen/Desktop/Deepseek_GSCP_Results04/logs/F001_cppcheck.log
nofile,cppcheck,True,success,True,0,13,0,information,checkersReport,Active checkers: 113/592 (use --checkers-report=<filename> to see details),nofile|0|information|checkersReport|Active checkers: 113/592 (use --checkers-report=<filename> to see details),/home/yichen/Desktop/Deepseek_GSCP_Results04/logs/F001_cppcheck.log
/home/yichen/Desktop/Deepseek_GSCP04/F002.c,cppcheck,True,success,True,0,14,2,information,missingIncludeSystem,Include file: <stdio.h> not found. Please note: Cppcheck does not need standard library headers to get proper results.,/home/yichen/Desktop/Deepseek_GSCP04/F002.c|2|information|missingIncludeSystem|Include file: <stdio.h> not found. Please note: Cppcheck does not need standard library headers to get proper results.,/home/yichen/Desktop/Deepseek_GSCP_Results04/logs/F002_cppcheck.log
/home/yichen/Desktop/Deepseek_GSCP04/F002.c,cppcheck,True,success,True,0,14,3,information,missingIncludeSystem,Include file: <stdlib.h> not found. Please note: Cppcheck does not need standard library headers to get proper results.,/home/yichen/Desktop/Deepseek_GSCP04/F002.c|3|information|missingIncludeSystem|Include file: <stdlib.h> not found. Please note: Cppcheck does not need standard library headers to get proper results.,/home/yichen/Desktop/Deepseek_GSCP_Results04/logs/F002_cppcheck.log
/home/yichen/Desktop/Deepseek_GSCP04/F002.c,cppcheck,True,success,True,0,14,4,information,missingIncludeSystem,Include file: <string.h> not found. Please note: Cppcheck does not need standard library headers to get proper results.,/home/yichen/Desktop/Deepseek_GSCP04/F002.c|4|information|missingIncludeSystem|Include file: <string.h> not found. Please note: Cppcheck does not need standard library headers to get proper results.,/home/yichen/Desktop/Deepseek_GSCP_Results04/logs/F002_cppcheck.log
/home/yichen/Desktop/Deepseek_GSCP04/F002.c,cppcheck,True,success,True,0,14,70,style,constVariablePointer,Variable 'm1' can be declared as pointer to const,/home/yichen/Desktop/Deepseek_GSCP04/F002.c|70|style|constVariablePointer|Variable 'm1' can be declared as pointer to const,/home/yichen/Desktop/Deepseek_GSCP_Results04/logs/F002_cppcheck.log
/home/yichen/Desktop/Deepseek_GSCP04/F002.c,cppcheck,True,success,True,0,14,71,style,constVariablePointer,Variable 'm2' can be declared as pointer to const,/home/yichen/Desktop/Deepseek_GSCP04/F002.c|71|style|constVariablePointer|Variable 'm2' can be declared as pointer to const,/home/yichen/Desktop/Deepseek_GSCP_Results04/logs/F002_cppcheck.log
/home/yichen/Desktop/Deepseek_GSCP04/F002.c,cppcheck,True,success,True,0,14,113,style,constVariablePointer,Variable 'cmd' can be declared as pointer to const,/home/yichen/Desktop/Deepseek_GSCP04/F002.c|113|style|constVariablePointer|Variable 'cmd' can be declared as pointer to const,/home/yichen/Desktop/Deepseek_GSCP_Results04/logs/F002_cppcheck.log
/home/yichen/Desktop/Deepseek_GSCP04/F002.c,cppcheck,True,success,True,0,14,116,style,constVariablePointer,Variable 'tag' can be declared as pointer to const,/home/yichen/Desktop/Deepseek_GSCP04/F002.c|116|style|constVariablePointer|Variable 'tag' can be declared as pointer to const,/home/yichen/Desktop/Deepseek_GSCP_Results04/logs/F002_cppcheck.log
/home/yichen/Desktop/Deepseek_GSCP04/F002.c,cppcheck,True,success,True,0,14,118,style,constVariablePointer,Variable 'msg' can be declared as pointer to const,/home/yichen/Desktop/Deepseek_GSCP04/F002.c|118|style|constVariablePointer|Variable 'msg' can be declared as pointer to const,/home/yichen/Desktop/Deepseek_GSCP_Results04/logs/F002_cppcheck.log
/home/yichen/Desktop/Deepseek_GSCP04/F002.c,cppcheck,True,success,True,0,14,124,style,constVariablePointer,Variable 'tag1' can be declared as pointer to const,/home/yichen/Desktop/Deepseek_GSCP04/F002.c|124|style|constVariablePointer|Variable 'tag1' can be declared as pointer to const,/home/yichen/Desktop/Deepseek_GSCP_Results04/logs/F002_cppcheck.log
/home/yichen/Desktop/Deepseek_GSCP04/F002.c,cppcheck,True,success,True,0,14,125,style,constVariablePointer,Variable 'tag2' can be declared as pointer to const,/home/yichen/Desktop/Deepseek_GSCP04/F002.c|125|style|constVariablePointer|Variable 'tag2' can be declared as pointer to const,/home/yichen/Desktop/Deepseek_GSCP_Results04/logs/F002_cppcheck.log
/home/yichen/Desktop/Deepseek_GSCP04/F002.c,cppcheck,True,success,True,0,14,126,style,constVariablePointer,Variable 'newtag' can be declared as pointer to const,/home/yichen/Desktop/Deepseek_GSCP04/F002.c|126|style|constVariablePointer|Variable 'newtag' can be declared as pointer to const,/home/yichen/Desktop/Deepseek_GSCP_Results04/logs/F002_cppcheck.log
/home/yichen/Desktop/Deepseek_GSCP04/F002.c,cppcheck,True,success,True,0,14,129,style,constVariablePointer,Variable 'tag' can be declared as pointer to const,/home/yichen/Desktop/Deepseek_GSCP04/F002.c|129|style|constVariablePointer|Variable 'tag' can be declared as pointer to const,/home/yichen/Desktop/Deepseek_GSCP_Results04/logs/F002_cppcheck.log
/home/yichen/Desktop/Deepseek_GSCP04/F002.c,cppcheck,True,success,True,0,14,132,style,constVariablePointer,Variable 'tag' can be declared as pointer to const,/home/yichen/Desktop/Deepseek_GSCP04/F002.c|132|style|constVariablePointer|Variable 'tag' can be declared as pointer to const,/home/yichen/Desktop/Deepseek_GSCP_Results04/logs/F002_cppcheck.log
nofile,cppcheck,True,success,True,0,14,0,information,checkersReport,Active checkers: 113/592 (use --checkers-report=<filename> to see details),nofile|0|information|checkersReport|Active checkers: 113/592 (use --checkers-report=<filename> to see details),/home/yichen/Desktop/Deepseek_GSCP_Results04/logs/F002_cppcheck.log
/home/yichen/Desktop/Deepseek_GSCP04/F003.c,cppcheck,True,success,True,0,11,2,information,missingIncludeSystem,Include file: <stdio.h> not found. Please note: Cppcheck does not need standard library headers to get proper results.,/home/yichen/Desktop/Deepseek_GSCP04/F003.c|2|information|missingIncludeSystem|Include file: <stdio.h> not found. Please note: Cppcheck does not need standard library headers to get proper results.,/home/yichen/Desktop/Deepseek_GSCP_Results04/logs/F003_cppcheck.log
/home/yichen/Desktop/Deepseek_GSCP04/F003.c,cppcheck,True,success,True,0,11,3,information,missingIncludeSystem,Include file: <stdlib.h> not found. Please note: Cppcheck does not need standard library headers to get proper results.,/home/yichen/Desktop/Deepseek_GSCP04/F003.c|3|information|missingIncludeSystem|Include file: <stdlib.h> not found. Please note: Cppcheck does not need standard library headers to get proper results.,/home/yichen/Desktop/Deepseek_GSCP_Results04/logs/F003_cppcheck.log
/home/yichen/Desktop/Deepseek_GSCP04/F003.c,cppcheck,True,success,True,0,11,4,information,missingIncludeSystem,Include file: <string.h> not found. Please note: Cppcheck does not need standard library headers to get proper results.,/home/yichen/Desktop/Deepseek_GSCP04/F003.c|4|information|missingIncludeSystem|Include file: <string.h> not found. Please note: Cppcheck does not need standard library headers to get proper results.,/home/yichen/Desktop/Deepseek_GSCP_Results04/logs/F003_cppcheck.log
/home/yichen/Desktop/Deepseek_GSCP04/F003.c,cppcheck,True,success,True,0,11,75,style,constVariablePointer,Variable 'cmd' can be declared as pointer to const,/home/yichen/Desktop/Deepseek_GSCP04/F003.c|75|style|constVariablePointer|Variable 'cmd' can be declared as pointer to const,/home/yichen/Desktop/Deepseek_GSCP_Results04/logs/F003_cppcheck.log
/home/yichen/Desktop/Deepseek_GSCP04/F003.c,cppcheck,True,success,True,0,11,78,style,constVariablePointer,Variable 'name' can be declared as pointer to const,/home/yichen/Desktop/Deepseek_GSCP04/F003.c|78|style|constVariablePointer|Variable 'name' can be declared as pointer to const,/home/yichen/Desktop/Deepseek_GSCP_Results04/logs/F003_cppcheck.log
/home/yichen/Desktop/Deepseek_GSCP04/F003.c,cppcheck,True,success,True,0,11,80,style,constVariablePointer,Variable 'exp' can be declared as pointer to const,/home/yichen/Desktop/Deepseek_GSCP04/F003.c|80|style|constVariablePointer|Variable 'exp' can be declared as pointer to const,/home/yichen/Desktop/Deepseek_GSCP_Results04/logs/F003_cppcheck.log
/home/yichen/Desktop/Deepseek_GSCP04/F003.c,cppcheck,True,success,True,0,11,91,style,constVariablePointer,Variable 'name' can be declared as pointer to const,/home/yichen/Desktop/Deepseek_GSCP04/F003.c|91|style|constVariablePointer|Variable 'name' can be declared as pointer to const,/home/yichen/Desktop/Deepseek_GSCP_Results04/logs/F003_cppcheck.log
/home/yichen/Desktop/Deepseek_GSCP04/F003.c,cppcheck,True,success,True,0,11,94,style,constVariablePointer,Variable 'old' can be declared as pointer to const,/home/yichen/Desktop/Deepseek_GSCP04/F003.c|94|style|constVariablePointer|Variable 'old' can be declared as pointer to const,/home/yichen/Desktop/Deepseek_GSCP_Results04/logs/F003_cppcheck.log
/home/yichen/Desktop/Deepseek_GSCP04/F003.c,cppcheck,True,success,True,0,11,95,style,constVariablePointer,Variable 'new' can be declared as pointer to const,/home/yichen/Desktop/Deepseek_GSCP04/F003.c|95|style|constVariablePointer|Variable 'new' can be declared as pointer to const,/home/yichen/Desktop/Deepseek_GSCP_Results04/logs/F003_cppcheck.log
/home/yichen/Desktop/Deepseek_GSCP04/F003.c,cppcheck,True,success,True,0,11,98,style,constVariablePointer,Variable 'name' can be declared as pointer to const,/home/yichen/Desktop/Deepseek_GSCP04/F003.c|98|style|constVariablePointer|Variable 'name' can be declared as pointer to const,/home/yichen/Desktop/Deepseek_GSCP_Results04/logs/F003_cppcheck.log
nofile,cppcheck,True,success,True,0,11,0,information,checkersReport,Active checkers: 113/592 (use --checkers-report=<filename> to see details),nofile|0|information|checkersReport|Active checkers: 113/592 (use --checkers-report=<filename> to see details),/home/yichen/Desktop/Deepseek_GSCP_Results04/logs/F003_cppcheck.log
/home/yichen/Desktop/Deepseek_GSCP04/F004.c,cppcheck,True,success,True,0,10,2,information,missingIncludeSystem,Include file: <stdio.h> not found. Please note: Cppcheck does not need standard library headers to get proper results.,/home/yichen/Desktop/Deepseek_GSCP04/F004.c|2|information|missingIncludeSystem|Include file: <stdio.h> not found. Please note: Cppcheck does not need standard library headers to get proper results.,/home/yichen/Desktop/Deepseek_GSCP_Results04/logs/F004_cppcheck.log
/home/yichen/Desktop/Deepseek_GSCP04/F004.c,cppcheck,True,success,True,0,10,3,information,missingIncludeSystem,Include file: <stdlib.h> not found. Please note: Cppcheck does not need standard library headers to get proper results.,/home/yichen/Desktop/Deepseek_GSCP04/F004.c|3|information|missingIncludeSystem|Include file: <stdlib.h> not found. Please note: Cppcheck does not need standard library headers to get proper results.,/home/yichen/Desktop/Deepseek_GSCP_Results04/logs/F004_cppcheck.log
/home/yichen/Desktop/Deepseek_GSCP04/F004.c,cppcheck,True,success,True,0,10,4,information,missingIncludeSystem,Include file: <string.h> not found. Please note: Cppcheck does not need standard library headers to get proper results.,/home/yichen/Desktop/Deepseek_GSCP04/F004.c|4|information|missingIncludeSystem|Include file: <string.h> not found. Please note: Cppcheck does not need standard library headers to get proper results.,/home/yichen/Desktop/Deepseek_GSCP_Results04/logs/F004_cppcheck.log
/home/yichen/Desktop/Deepseek_GSCP04/F004.c,cppcheck,True,success,True,0,10,64,style,constVariablePointer,Variable 'v' can be declared as pointer to const,/home/yichen/Desktop/Deepseek_GSCP04/F004.c|64|style|constVariablePointer|Variable 'v' can be declared as pointer to const,/home/yichen/Desktop/Deepseek_GSCP_Results04/logs/F004_cppcheck.log
/home/yichen/Desktop/Deepseek_GSCP04/F004.c,cppcheck,True,success,True,0,10,94,style,constVariablePointer,Variable 'cmd' can be declared as pointer to const,/home/yichen/Desktop/Deepseek_GSCP04/F004.c|94|style|constVariablePointer|Variable 'cmd' can be declared as pointer to const,/home/yichen/Desktop/Deepseek_GSCP_Results04/logs/F004_cppcheck.log
/home/yichen/Desktop/Deepseek_GSCP04/F004.c,cppcheck,True,success,True,0,10,97,style,constVariablePointer,Variable 'key' can be declared as pointer to const,/home/yichen/Desktop/Deepseek_GSCP04/F004.c|97|style|constVariablePointer|Variable 'key' can be declared as pointer to const,/home/yichen/Desktop/Deepseek_GSCP_Results04/logs/F004_cppcheck.log
/home/yichen/Desktop/Deepseek_GSCP04/F004.c,cppcheck,True,success,True,0,10,99,style,constVariablePointer,Variable 'val' can be declared as pointer to const,/home/yichen/Desktop/Deepseek_GSCP04/F004.c|99|style|constVariablePointer|Variable 'val' can be declared as pointer to const,/home/yichen/Desktop/Deepseek_GSCP_Results04/logs/F004_cppcheck.log
/home/yichen/Desktop/Deepseek_GSCP04/F004.c,cppcheck,True,success,True,0,10,103,style,constVariablePointer,Variable 'key' can be declared as pointer to const,/home/yichen/Desktop/Deepseek_GSCP04/F004.c|103|style|constVariablePointer|Variable 'key' can be declared as pointer to const,/home/yichen/Desktop/Deepseek_GSCP_Results04/logs/F004_cppcheck.log
/home/yichen/Desktop/Deepseek_GSCP04/F004.c,cppcheck,True,success,True,0,10,106,style,constVariablePointer,Variable 'text' can be declared as pointer to const,/home/yichen/Desktop/Deepseek_GSCP04/F004.c|106|style|constVariablePointer|Variable 'text' can be declared as pointer to const,/home/yichen/Desktop/Deepseek_GSCP_Results04/logs/F004_cppcheck.log
nofile,cppcheck,True,success,True,0,10,0,information,checkersReport,Active checkers: 113/592 (use --checkers-report=<filename> to see details),nofile|0|information|checkersReport|Active checkers: 113/592 (use --checkers-report=<filename> to see details),/home/yichen/Desktop/Deepseek_GSCP_Results04/logs/F004_cppcheck.log
/home/yichen/Desktop/Deepseek_GSCP04/F005.c,cppcheck,True,success,True,0,11,2,information,missingIncludeSystem,Include file: <stdio.h> not found. Please note: Cppcheck does not need standard library headers to get proper results.,/home/yichen/Desktop/Deepseek_GSCP04/F005.c|2|information|missingIncludeSystem|Include file: <stdio.h> not found. Please note: Cppcheck does not need standard library headers to get proper results.,/home/yichen/Desktop/Deepseek_GSCP_Results04/logs/F005_cppcheck.log
/home/yichen/Desktop/Deepseek_GSCP04/F005.c,cppcheck,True,success,True,0,11,3,information,missingIncludeSystem,Include file: <stdlib.h> not found. Please note: Cppcheck does not need standard library headers to get proper results.,/home/yichen/Desktop/Deepseek_GSCP04/F005.c|3|information|missingIncludeSystem|Include file: <stdlib.h> not found. Please note: Cppcheck does not need standard library headers to get proper results.,/home/yichen/Desktop/Deepseek_GSCP_Results04/logs/F005_cppcheck.log
/home/yichen/Desktop/Deepseek_GSCP04/F005.c,cppcheck,True,success,True,0,11,4,information,missingIncludeSystem,Include file: <string.h> not found. Please note: Cppcheck does not need standard library headers to get proper results.,/home/yichen/Desktop/Deepseek_GSCP04/F005.c|4|information|missingIncludeSystem|Include file: <string.h> not found. Please note: Cppcheck does not need standard library headers to get proper results.,/home/yichen/Desktop/Deepseek_GSCP_Results04/logs/F005_cppcheck.log
/home/yichen/Desktop/Deepseek_GSCP04/F005.c,cppcheck,True,success,True,0,11,54,style,constVariablePointer,Variable 'cmd' can be declared as pointer to const,/home/yichen/Desktop/Deepseek_GSCP04/F005.c|54|style|constVariablePointer|Variable 'cmd' can be declared as pointer to const,/home/yichen/Desktop/Deepseek_GSCP_Results04/logs/F005_cppcheck.log
/home/yichen/Desktop/Deepseek_GSCP04/F005.c,cppcheck,True,success,True,0,11,57,style,constVariablePointer,Variable 'idxstr' can be declared as pointer to const,/home/yichen/Desktop/Deepseek_GSCP04/F005.c|57|style|constVariablePointer|Variable 'idxstr' can be declared as pointer to const,/home/yichen/Desktop/Deepseek_GSCP_Results04/logs/F005_cppcheck.log
/home/yichen/Desktop/Deepseek_GSCP04/F005.c,cppcheck,True,success,True,0,11,61,style,constVariablePointer,Variable 'text' can be declared as pointer to const,/home/yichen/Desktop/Deepseek_GSCP04/F005.c|61|style|constVariablePointer|Variable 'text' can be declared as pointer to const,/home/yichen/Desktop/Deepseek_GSCP_Results04/logs/F005_cppcheck.log
/home/yichen/Desktop/Deepseek_GSCP04/F005.c,cppcheck,True,success,True,0,11,65,style,constVariablePointer,Variable 'text' can be declared as pointer to const,/home/yichen/Desktop/Deepseek_GSCP04/F005.c|65|style|constVariablePointer|Variable 'text' can be declared as pointer to const,/home/yichen/Desktop/Deepseek_GSCP_Results04/logs/F005_cppcheck.log
/home/yichen/Desktop/Deepseek_GSCP04/F005.c,cppcheck,True,success,True,0,11,69,style,constVariablePointer,Variable 'idxstr' can be declared as pointer to const,/home/yichen/Desktop/Deepseek_GSCP04/F005.c|69|style|constVariablePointer|Variable 'idxstr' can be declared as pointer to const,/home/yichen/Desktop/Deepseek_GSCP_Results04/logs/F005_cppcheck.log
/home/yichen/Desktop/Deepseek_GSCP04/F005.c,cppcheck,True,success,True,0,11,75,style,constVariablePointer,Variable 'idxstr' can be declared as pointer to const,/home/yichen/Desktop/Deepseek_GSCP04/F005.c|75|style|constVariablePointer|Variable 'idxstr' can be declared as pointer to const,/home/yichen/Desktop/Deepseek_GSCP_Results04/logs/F005_cppcheck.log
/home/yichen/Desktop/Deepseek_GSCP04/F005.c,cppcheck,True,success,True,0,11,79,style,constVariablePointer,Variable 'text' can be declared as pointer to const,/home/yichen/Desktop/Deepseek_GSCP04/F005.c|79|style|constVariablePointer|Variable 'text' can be declared as pointer to const,/home/yichen/Desktop/Deepseek_GSCP_Results04/logs/F005_cppcheck.log
nofile,cppcheck,True,success,True,0,11,0,information,checkersReport,Active checkers: 113/592 (use --checkers-report=<filename> to see details),nofile|0|information|checkersReport|Active checkers: 113/592 (use --checkers-report=<filename> to see details),/home/yichen/Desktop/Deepseek_GSCP_Results04/logs/F005_cppcheck.log
/home/yichen/Desktop/Deepseek_GSCP04/F006.c,cppcheck,True,success,True,0,12,2,information,missingIncludeSystem,Include file: <stdio.h> not found. Please note: Cppcheck does not need standard library headers to get proper results.,/home/yichen/Desktop/Deepseek_GSCP04/F006.c|2|information|missingIncludeSystem|Include file: <stdio.h> not found. Please note: Cppcheck does not need standard library headers to get proper results.,/home/yichen/Desktop/Deepseek_GSCP_Results04/logs/F006_cppcheck.log
/home/yichen/Desktop/Deepseek_GSCP04/F006.c,cppcheck,True,success,True,0,12,3,information,missingIncludeSystem,Include file: <stdlib.h> not found. Please note: Cppcheck does not need standard library headers to get proper results.,/home/yichen/Desktop/Deepseek_GSCP04/F006.c|3|information|missingIncludeSystem|Include file: <stdlib.h> not found. Please note: Cppcheck does not need standard library headers to get proper results.,/home/yichen/Desktop/Deepseek_GSCP_Results04/logs/F006_cppcheck.log
/home/yichen/Desktop/Deepseek_GSCP04/F006.c,cppcheck,True,success,True,0,12,4,information,missingIncludeSystem,Include file: <string.h> not found. Please note: Cppcheck does not need standard library headers to get proper results.,/home/yichen/Desktop/Deepseek_GSCP04/F006.c|4|information|missingIncludeSystem|Include file: <string.h> not found. Please note: Cppcheck does not need standard library headers to get proper results.,/home/yichen/Desktop/Deepseek_GSCP_Results04/logs/F006_cppcheck.log
/home/yichen/Desktop/Deepseek_GSCP04/F006.c,cppcheck,True,success,True,0,12,60,style,constVariablePointer,Variable 'p' can be declared as pointer to const,/home/yichen/Desktop/Deepseek_GSCP04/F006.c|60|style|constVariablePointer|Variable 'p' can be declared as pointer to const,/home/yichen/Desktop/Deepseek_GSCP_Results04/logs/F006_cppcheck.log
/home/yichen/Desktop/Deepseek_GSCP04/F006.c,cppcheck,True,success,True,0,12,75,style,constVariablePointer,Variable 'cmd' can be declared as pointer to const,/home/yichen/Desktop/Deepseek_GSCP04/F006.c|75|style|constVariablePointer|Variable 'cmd' can be declared as pointer to const,/home/yichen/Desktop/Deepseek_GSCP_Results04/logs/F006_cppcheck.log
/home/yichen/Desktop/Deepseek_GSCP04/F006.c,cppcheck,True,success,True,0,12,78,style,constVariablePointer,Variable 'item' can be declared as pointer to const,/home/yichen/Desktop/Deepseek_GSCP04/F006.c|78|style|constVariablePointer|Variable 'item' can be declared as pointer to const,/home/yichen/Desktop/Deepseek_GSCP_Results04/logs/F006_cppcheck.log
/home/yichen/Desktop/Deepseek_GSCP04/F006.c,cppcheck,True,success,True,0,12,79,style,constVariablePointer,Variable 'cntstr' can be declared as pointer to const,/home/yichen/Desktop/Deepseek_GSCP04/F006.c|79|style|constVariablePointer|Variable 'cntstr' can be declared as pointer to const,/home/yichen/Desktop/Deepseek_GSCP_Results04/logs/F006_cppcheck.log
/home/yichen/Desktop/Deepseek_GSCP04/F006.c,cppcheck,True,success,True,0,12,84,style,constVariablePointer,Variable 'item' can be declared as pointer to const,/home/yichen/Desktop/Deepseek_GSCP04/F006.c|84|style|constVariablePointer|Variable 'item' can be declared as pointer to const,/home/yichen/Desktop/Deepseek_GSCP_Results04/logs/F006_cppcheck.log
/home/yichen/Desktop/Deepseek_GSCP04/F006.c,cppcheck,True,success,True,0,12,85,style,constVariablePointer,Variable 'cntstr' can be declared as pointer to const,/home/yichen/Desktop/Deepseek_GSCP04/F006.c|85|style|constVariablePointer|Variable 'cntstr' can be declared as pointer to const,/home/yichen/Desktop/Deepseek_GSCP_Results04/logs/F006_cppcheck.log
/home/yichen/Desktop/Deepseek_GSCP04/F006.c,cppcheck,True,success,True,0,12,90,style,constVariablePointer,Variable 'item' can be declared as pointer to const,/home/yichen/Desktop/Deepseek_GSCP04/F006.c|90|style|constVariablePointer|Variable 'item' can be declared as pointer to const,/home/yichen/Desktop/Deepseek_GSCP_Results04/logs/F006_cppcheck.log
/home/yichen/Desktop/Deepseek_GSCP04/F006.c,cppcheck,True,success,True,0,12,93,style,constVariablePointer,Variable 'item' can be declared as pointer to const,/home/yichen/Desktop/Deepseek_GSCP04/F006.c|93|style|constVariablePointer|Variable 'item' can be declared as pointer to const,/home/yichen/Desktop/Deepseek_GSCP_Results04/logs/F006_cppcheck.log
nofile,cppcheck,True,success,True,0,12,0,information,checkersReport,Active checkers: 113/592 (use --checkers-report=<filename> to see details),nofile|0|information|checkersReport|Active checkers: 113/592 (use --checkers-report=<filename> to see details),/home/yichen/Desktop/Deepseek_GSCP_Results04/logs/F006_cppcheck.log
/home/yichen/Desktop/Deepseek_GSCP04/F007.c,cppcheck,True,success,True,0,12,2,information,missingIncludeSystem,Include file: <stdio.h> not found. Please note: Cppcheck does not need standard library headers to get proper results.,/home/yichen/Desktop/Deepseek_GSCP04/F007.c|2|information|missingIncludeSystem|Include file: <stdio.h> not found. Please note: Cppcheck does not need standard library headers to get proper results.,/home/yichen/Desktop/Deepseek_GSCP_Results04/logs/F007_cppcheck.log
/home/yichen/Desktop/Deepseek_GSCP04/F007.c,cppcheck,True,success,True,0,12,3,information,missingIncludeSystem,Include file: <stdlib.h> not found. Please note: Cppcheck does not need standard library headers to get proper results.,/home/yichen/Desktop/Deepseek_GSCP04/F007.c|3|information|missingIncludeSystem|Include file: <stdlib.h> not found. Please note: Cppcheck does not need standard library headers to get proper results.,/home/yichen/Desktop/Deepseek_GSCP_Results04/logs/F007_cppcheck.log
/home/yichen/Desktop/Deepseek_GSCP04/F007.c,cppcheck,True,success,True,0,12,4,information,missingIncludeSystem,Include file: <string.h> not found. Please note: Cppcheck does not need standard library headers to get proper results.,/home/yichen/Desktop/Deepseek_GSCP04/F007.c|4|information|missingIncludeSystem|Include file: <string.h> not found. Please note: Cppcheck does not need standard library headers to get proper results.,/home/yichen/Desktop/Deepseek_GSCP_Results04/logs/F007_cppcheck.log
/home/yichen/Desktop/Deepseek_GSCP04/F007.c,cppcheck,True,success,True,0,12,43,style,constVariablePointer,Variable 'best' can be declared as pointer to const,/home/yichen/Desktop/Deepseek_GSCP04/F007.c|43|style|constVariablePointer|Variable 'best' can be declared as pointer to const,/home/yichen/Desktop/Deepseek_GSCP_Results04/logs/F007_cppcheck.log
/home/yichen/Desktop/Deepseek_GSCP04/F007.c,cppcheck,True,success,True,0,12,84,style,constVariablePointer,Variable 'cmd' can be declared as pointer to const,/home/yichen/Desktop/Deepseek_GSCP04/F007.c|84|style|constVariablePointer|Variable 'cmd' can be declared as pointer to const,/home/yichen/Desktop/Deepseek_GSCP_Results04/logs/F007_cppcheck.log
/home/yichen/Desktop/Deepseek_GSCP04/F007.c,cppcheck,True,success,True,0,12,87,style,constVariablePointer,Variable 'time' can be declared as pointer to const,/home/yichen/Desktop/Deepseek_GSCP04/F007.c|87|style|constVariablePointer|Variable 'time' can be declared as pointer to const,/home/yichen/Desktop/Deepseek_GSCP_Results04/logs/F007_cppcheck.log
/home/yichen/Desktop/Deepseek_GSCP04/F007.c,cppcheck,True,success,True,0,12,88,style,constVariablePointer,Variable 'label' can be declared as pointer to const,/home/yichen/Desktop/Deepseek_GSCP04/F007.c|88|style|constVariablePointer|Variable 'label' can be declared as pointer to const,/home/yichen/Desktop/Deepseek_GSCP_Results04/logs/F007_cppcheck.log
/home/yichen/Desktop/Deepseek_GSCP04/F007.c,cppcheck,True,success,True,0,12,90,style,constVariablePointer,Variable 'note' can be declared as pointer to const,/home/yichen/Desktop/Deepseek_GSCP04/F007.c|90|style|constVariablePointer|Variable 'note' can be declared as pointer to const,/home/yichen/Desktop/Deepseek_GSCP_Results04/logs/F007_cppcheck.log
/home/yichen/Desktop/Deepseek_GSCP04/F007.c,cppcheck,True,success,True,0,12,94,style,constVariablePointer,Variable 'time' can be declared as pointer to const,/home/yichen/Desktop/Deepseek_GSCP04/F007.c|94|style|constVariablePointer|Variable 'time' can be declared as pointer to const,/home/yichen/Desktop/Deepseek_GSCP_Results04/logs/F007_cppcheck.log
/home/yichen/Desktop/Deepseek_GSCP04/F007.c,cppcheck,True,success,True,0,12,95,style,constVariablePointer,Variable 'label' can be declared as pointer to const,/home/yichen/Desktop/Deepseek_GSCP04/F007.c|95|style|constVariablePointer|Variable 'label' can be declared as pointer to const,/home/yichen/Desktop/Deepseek_GSCP_Results04/logs/F007_cppcheck.log
/home/yichen/Desktop/Deepseek_GSCP04/F007.c,cppcheck,True,success,True,0,12,98,style,constVariablePointer,Variable 'label' can be declared as pointer to const,/home/yichen/Desktop/Deepseek_GSCP04/F007.c|98|style|constVariablePointer|Variable 'label' can be declared as pointer to const,/home/yichen/Desktop/Deepseek_GSCP_Results04/logs/F007_cppcheck.log
nofile,cppcheck,True,success,True,0,12,0,information,checkersReport,Active checkers: 113/592 (use --checkers-report=<filename> to see details),nofile|0|information|checkersReport|Active checkers: 113/592 (use --checkers-report=<filename> to see details),/home/yichen/Desktop/Deepseek_GSCP_Results04/logs/F007_cppcheck.log
/home/yichen/Desktop/Deepseek_GSCP04/F008.c,cppcheck,True,success,True,0,13,2,information,missingIncludeSystem,Include file: <stdio.h> not found. Please note: Cppcheck does not need standard library headers to get proper results.,/home/yichen/Desktop/Deepseek_GSCP04/F008.c|2|information|missingIncludeSystem|Include file: <stdio.h> not found. Please note: Cppcheck does not need standard library headers to get proper results.,/home/yichen/Desktop/Deepseek_GSCP_Results04/logs/F008_cppcheck.log
/home/yichen/Desktop/Deepseek_GSCP04/F008.c,cppcheck,True,success,True,0,13,3,information,missingIncludeSystem,Include file: <stdlib.h> not found. Please note: Cppcheck does not need standard library headers to get proper results.,/home/yichen/Desktop/Deepseek_GSCP04/F008.c|3|information|missingIncludeSystem|Include file: <stdlib.h> not found. Please note: Cppcheck does not need standard library headers to get proper results.,/home/yichen/Desktop/Deepseek_GSCP_Results04/logs/F008_cppcheck.log
/home/yichen/Desktop/Deepseek_GSCP04/F008.c,cppcheck,True,success,True,0,13,4,information,missingIncludeSystem,Include file: <string.h> not found. Please note: Cppcheck does not need standard library headers to get proper results.,/home/yichen/Desktop/Deepseek_GSCP04/F008.c|4|information|missingIncludeSystem|Include file: <string.h> not found. Please note: Cppcheck does not need standard library headers to get proper results.,/home/yichen/Desktop/Deepseek_GSCP_Results04/logs/F008_cppcheck.log
/home/yichen/Desktop/Deepseek_GSCP04/F008.c,cppcheck,True,success,True,0,13,90,style,variableScope,The scope of the variable 'score' can be reduced.,/home/yichen/Desktop/Deepseek_GSCP04/F008.c|90|style|variableScope|The scope of the variable 'score' can be reduced.,/home/yichen/Desktop/Deepseek_GSCP_Results04/logs/F008_cppcheck.log
/home/yichen/Desktop/Deepseek_GSCP04/F008.c,cppcheck,True,success,True,0,13,76,style,constVariablePointer,Variable 'cmd' can be declared as pointer to const,/home/yichen/Desktop/Deepseek_GSCP04/F008.c|76|style|constVariablePointer|Variable 'cmd' can be declared as pointer to const,/home/yichen/Desktop/Deepseek_GSCP_Results04/logs/F008_cppcheck.log
/home/yichen/Desktop/Deepseek_GSCP04/F008.c,cppcheck,True,success,True,0,13,79,style,constVariablePointer,Variable 'name' can be declared as pointer to const,/home/yichen/Desktop/Deepseek_GSCP04/F008.c|79|style|constVariablePointer|Variable 'name' can be declared as pointer to const,/home/yichen/Desktop/Deepseek_GSCP_Results04/logs/F008_cppcheck.log
/home/yichen/Desktop/Deepseek_GSCP04/F008.c,cppcheck,True,success,True,0,13,80,style,constVariablePointer,Variable 'scstr' can be declared as pointer to const,/home/yichen/Desktop/Deepseek_GSCP04/F008.c|80|style|constVariablePointer|Variable 'scstr' can be declared as pointer to const,/home/yichen/Desktop/Deepseek_GSCP_Results04/logs/F008_cppcheck.log
/home/yichen/Desktop/Deepseek_GSCP04/F008.c,cppcheck,True,success,True,0,13,83,style,constVariablePointer,Variable 'note' can be declared as pointer to const,/home/yichen/Desktop/Deepseek_GSCP04/F008.c|83|style|constVariablePointer|Variable 'note' can be declared as pointer to const,/home/yichen/Desktop/Deepseek_GSCP_Results04/logs/F008_cppcheck.log
/home/yichen/Desktop/Deepseek_GSCP04/F008.c,cppcheck,True,success,True,0,13,87,style,constVariablePointer,Variable 'name' can be declared as pointer to const,/home/yichen/Desktop/Deepseek_GSCP04/F008.c|87|style|constVariablePointer|Variable 'name' can be declared as pointer to const,/home/yichen/Desktop/Deepseek_GSCP_Results04/logs/F008_cppcheck.log
/home/yichen/Desktop/Deepseek_GSCP04/F008.c,cppcheck,True,success,True,0,13,88,style,constVariablePointer,Variable 'scstr' can be declared as pointer to const,/home/yichen/Desktop/Deepseek_GSCP04/F008.c|88|style|constVariablePointer|Variable 'scstr' can be declared as pointer to const,/home/yichen/Desktop/Deepseek_GSCP_Results04/logs/F008_cppcheck.log
/home/yichen/Desktop/Deepseek_GSCP04/F008.c,cppcheck,True,success,True,0,13,91,style,constVariablePointer,Variable 'note' can be declared as pointer to const,/home/yichen/Desktop/Deepseek_GSCP04/F008.c|91|style|constVariablePointer|Variable 'note' can be declared as pointer to const,/home/yichen/Desktop/Deepseek_GSCP_Results04/logs/F008_cppcheck.log
/home/yichen/Desktop/Deepseek_GSCP04/F008.c,cppcheck,True,success,True,0,13,100,style,constVariablePointer,Variable 'name' can be declared as pointer to const,/home/yichen/Desktop/Deepseek_GSCP04/F008.c|100|style|constVariablePointer|Variable 'name' can be declared as pointer to const,/home/yichen/Desktop/Deepseek_GSCP_Results04/logs/F008_cppcheck.log
nofile,cppcheck,True,success,True,0,13,0,information,checkersReport,Active checkers: 113/592 (use --checkers-report=<filename> to see details),nofile|0|information|checkersReport|Active checkers: 113/592 (use --checkers-report=<filename> to see details),/home/yichen/Desktop/Deepseek_GSCP_Results04/logs/F008_cppcheck.log
/home/yichen/Desktop/Deepseek_GSCP04/F009.c,cppcheck,True,success,True,0,15,2,information,missingIncludeSystem,Include file: <stdio.h> not found. Please note: Cppcheck does not need standard library headers to get proper results.,/home/yichen/Desktop/Deepseek_GSCP04/F009.c|2|information|missingIncludeSystem|Include file: <stdio.h> not found. Please note: Cppcheck does not need standard library headers to get proper results.,/home/yichen/Desktop/Deepseek_GSCP_Results04/logs/F009_cppcheck.log
/home/yichen/Desktop/Deepseek_GSCP04/F009.c,cppcheck,True,success,True,0,15,3,information,missingIncludeSystem,Include file: <stdlib.h> not found. Please note: Cppcheck does not need standard library headers to get proper results.,/home/yichen/Desktop/Deepseek_GSCP04/F009.c|3|information|missingIncludeSystem|Include file: <stdlib.h> not found. Please note: Cppcheck does not need standard library headers to get proper results.,/home/yichen/Desktop/Deepseek_GSCP_Results04/logs/F009_cppcheck.log
/home/yichen/Desktop/Deepseek_GSCP04/F009.c,cppcheck,True,success,True,0,15,4,information,missingIncludeSystem,Include file: <string.h> not found. Please note: Cppcheck does not need standard library headers to get proper results.,/home/yichen/Desktop/Deepseek_GSCP04/F009.c|4|information|missingIncludeSystem|Include file: <string.h> not found. Please note: Cppcheck does not need standard library headers to get proper results.,/home/yichen/Desktop/Deepseek_GSCP_Results04/logs/F009_cppcheck.log
/home/yichen/Desktop/Deepseek_GSCP04/F009.c,cppcheck,True,success,True,0,15,61,style,constVariablePointer,Variable 'a' can be declared as pointer to const,/home/yichen/Desktop/Deepseek_GSCP04/F009.c|61|style|constVariablePointer|Variable 'a' can be declared as pointer to const,/home/yichen/Desktop/Deepseek_GSCP_Results04/logs/F009_cppcheck.log
/home/yichen/Desktop/Deepseek_GSCP04/F009.c,cppcheck,True,success,True,0,15,62,style,constVariablePointer,Variable 'b' can be declared as pointer to const,/home/yichen/Desktop/Deepseek_GSCP04/F009.c|62|style|constVariablePointer|Variable 'b' can be declared as pointer to const,/home/yichen/Desktop/Deepseek_GSCP_Results04/logs/F009_cppcheck.log
/home/yichen/Desktop/Deepseek_GSCP04/F009.c,cppcheck,True,success,True,0,15,74,style,constVariablePointer,Variable 'g' can be declared as pointer to const,/home/yichen/Desktop/Deepseek_GSCP04/F009.c|74|style|constVariablePointer|Variable 'g' can be declared as pointer to const,/home/yichen/Desktop/Deepseek_GSCP_Results04/logs/F009_cppcheck.log
/home/yichen/Desktop/Deepseek_GSCP04/F009.c,cppcheck,True,success,True,0,15,94,style,constVariablePointer,Variable 'cmd' can be declared as pointer to const,/home/yichen/Desktop/Deepseek_GSCP04/F009.c|94|style|constVariablePointer|Variable 'cmd' can be declared as pointer to const,/home/yichen/Desktop/Deepseek_GSCP_Results04/logs/F009_cppcheck.log
/home/yichen/Desktop/Deepseek_GSCP04/F009.c,cppcheck,True,success,True,0,15,97,style,constVariablePointer,Variable 'group' can be declared as pointer to const,/home/yichen/Desktop/Deepseek_GSCP04/F009.c|97|style|constVariablePointer|Variable 'group' can be declared as pointer to const,/home/yichen/Desktop/Deepseek_GSCP_Results04/logs/F009_cppcheck.log
/home/yichen/Desktop/Deepseek_GSCP04/F009.c,cppcheck,True,success,True,0,15,99,style,constVariablePointer,Variable 'desc' can be declared as pointer to const,/home/yichen/Desktop/Deepseek_GSCP04/F009.c|99|style|constVariablePointer|Variable 'desc' can be declared as pointer to const,/home/yichen/Desktop/Deepseek_GSCP_Results04/logs/F009_cppcheck.log
/home/yichen/Desktop/Deepseek_GSCP04/F009.c,cppcheck,True,success,True,0,15,105,style,constVariablePointer,Variable 'g1' can be declared as pointer to const,/home/yichen/Desktop/Deepseek_GSCP04/F009.c|105|style|constVariablePointer|Variable 'g1' can be declared as pointer to const,/home/yichen/Desktop/Deepseek_GSCP_Results04/logs/F009_cppcheck.log
/home/yichen/Desktop/Deepseek_GSCP04/F009.c,cppcheck,True,success,True,0,15,106,style,constVariablePointer,Variable 'g2' can be declared as pointer to const,/home/yichen/Desktop/Deepseek_GSCP04/F009.c|106|style|constVariablePointer|Variable 'g2' can be declared as pointer to const,/home/yichen/Desktop/Deepseek_GSCP_Results04/logs/F009_cppcheck.log
/home/yichen/Desktop/Deepseek_GSCP04/F009.c,cppcheck,True,success,True,0,15,107,style,constVariablePointer,Variable 'ng' can be declared as pointer to const,/home/yichen/Desktop/Deepseek_GSCP04/F009.c|107|style|constVariablePointer|Variable 'ng' can be declared as pointer to const,/home/yichen/Desktop/Deepseek_GSCP_Results04/logs/F009_cppcheck.log
/home/yichen/Desktop/Deepseek_GSCP04/F009.c,cppcheck,True,success,True,0,15,110,style,constVariablePointer,Variable 'group' can be declared as pointer to const,/home/yichen/Desktop/Deepseek_GSCP04/F009.c|110|style|constVariablePointer|Variable 'group' can be declared as pointer to const,/home/yichen/Desktop/Deepseek_GSCP_Results04/logs/F009_cppcheck.log
/home/yichen/Desktop/Deepseek_GSCP04/F009.c,cppcheck,True,success,True,0,15,113,style,constVariablePointer,Variable 'group' can be declared as pointer to const,/home/yichen/Desktop/Deepseek_GSCP04/F009.c|113|style|constVariablePointer|Variable 'group' can be declared as pointer to const,/home/yichen/Desktop/Deepseek_GSCP_Results04/logs/F009_cppcheck.log
nofile,cppcheck,True,success,True,0,15,0,information,checkersReport,Active checkers: 113/592 (use --checkers-report=<filename> to see details),nofile|0|information|checkersReport|Active checkers: 113/592 (use --checkers-report=<filename> to see details),/home/yichen/Desktop/Deepseek_GSCP_Results04/logs/F009_cppcheck.log
/home/yichen/Desktop/Deepseek_GSCP04/F010.c,cppcheck,True,success,True,0,12,2,information,missingIncludeSystem,Include file: <stdio.h> not found. Please note: Cppcheck does not need standard library headers to get proper results.,/home/yichen/Desktop/Deepseek_GSCP04/F010.c|2|information|missingIncludeSystem|Include file: <stdio.h> not found. Please note: Cppcheck does not need standard library headers to get proper results.,/home/yichen/Desktop/Deepseek_GSCP_Results04/logs/F010_cppcheck.log
/home/yichen/Desktop/Deepseek_GSCP04/F010.c,cppcheck,True,success,True,0,12,3,information,missingIncludeSystem,Include file: <stdlib.h> not found. Please note: Cppcheck does not need standard library headers to get proper results.,/home/yichen/Desktop/Deepseek_GSCP04/F010.c|3|information|missingIncludeSystem|Include file: <stdlib.h> not found. Please note: Cppcheck does not need standard library headers to get proper results.,/home/yichen/Desktop/Deepseek_GSCP_Results04/logs/F010_cppcheck.log
/home/yichen/Desktop/Deepseek_GSCP04/F010.c,cppcheck,True,success,True,0,12,4,information,missingIncludeSystem,Include file: <string.h> not found. Please note: Cppcheck does not need standard library headers to get proper results.,/home/yichen/Desktop/Deepseek_GSCP04/F010.c|4|information|missingIncludeSystem|Include file: <string.h> not found. Please note: Cppcheck does not need standard library headers to get proper results.,/home/yichen/Desktop/Deepseek_GSCP_Results04/logs/F010_cppcheck.log
/home/yichen/Desktop/Deepseek_GSCP04/F010.c,cppcheck,True,success,True,0,12,75,style,constVariablePointer,Variable 'kv' can be declared as pointer to const,/home/yichen/Desktop/Deepseek_GSCP04/F010.c|75|style|constVariablePointer|Variable 'kv' can be declared as pointer to const,/home/yichen/Desktop/Deepseek_GSCP_Results04/logs/F010_cppcheck.log
/home/yichen/Desktop/Deepseek_GSCP04/F010.c,cppcheck,True,success,True,0,12,95,style,constVariablePointer,Variable 'cmd' can be declared as pointer to const,/home/yichen/Desktop/Deepseek_GSCP04/F010.c|95|style|constVariablePointer|Variable 'cmd' can be declared as pointer to const,/home/yichen/Desktop/Deepseek_GSCP_Results04/logs/F010_cppcheck.log
/home/yichen/Desktop/Deepseek_GSCP04/F010.c,cppcheck,True,success,True,0,12,98,style,constVariablePointer,Variable 'key' can be declared as pointer to const,/home/yichen/Desktop/Deepseek_GSCP04/F010.c|98|style|constVariablePointer|Variable 'key' can be declared as pointer to const,/home/yichen/Desktop/Deepseek_GSCP_Results04/logs/F010_cppcheck.log
/home/yichen/Desktop/Deepseek_GSCP04/F010.c,cppcheck,True,success,True,0,12,100,style,constVariablePointer,Variable 'val' can be declared as pointer to const,/home/yichen/Desktop/Deepseek_GSCP04/F010.c|100|style|constVariablePointer|Variable 'val' can be declared as pointer to const,/home/yichen/Desktop/Deepseek_GSCP_Results04/logs/F010_cppcheck.log
/home/yichen/Desktop/Deepseek_GSCP04/F010.c,cppcheck,True,success,True,0,12,106,style,constVariablePointer,Variable 'key' can be declared as pointer to const,/home/yichen/Desktop/Deepseek_GSCP04/F010.c|106|style|constVariablePointer|Variable 'key' can be declared as pointer to const,/home/yichen/Desktop/Deepseek_GSCP_Results04/logs/F010_cppcheck.log
/home/yichen/Desktop/Deepseek_GSCP04/F010.c,cppcheck,True,success,True,0,12,107,style,constVariablePointer,Variable 'val' can be declared as pointer to const,/home/yichen/Desktop/Deepseek_GSCP04/F010.c|107|style|constVariablePointer|Variable 'val' can be declared as pointer to const,/home/yichen/Desktop/Deepseek_GSCP_Results04/logs/F010_cppcheck.log
/home/yichen/Desktop/Deepseek_GSCP04/F010.c,cppcheck,True,success,True,0,12,110,style,constVariablePointer,Variable 'key' can be declared as pointer to const,/home/yichen/Desktop/Deepseek_GSCP04/F010.c|110|style|constVariablePointer|Variable 'key' can be declared as pointer to const,/home/yichen/Desktop/Deepseek_GSCP_Results04/logs/F010_cppcheck.log
/home/yichen/Desktop/Deepseek_GSCP04/F010.c,cppcheck,True,success,True,0,12,113,style,constVariablePointer,Variable 'key' can be declared as pointer to const,/home/yichen/Desktop/Deepseek_GSCP04/F010.c|113|style|constVariablePointer|Variable 'key' can be declared as pointer to const,/home/yichen/Desktop/Deepseek_GSCP_Results04/logs/F010_cppcheck.log
nofile,cppcheck,True,success,True,0,12,0,information,checkersReport,Active checkers: 113/592 (use --checkers-report=<filename> to see details),nofile|0|information|checkersReport|Active checkers: 113/592 (use --checkers-report=<filename> to see details),/home/yichen/Desktop/Deepseek_GSCP_Results04/logs/F010_cppcheck.log
/home/yichen/Desktop/Deepseek_GSCP04/F011.c,cppcheck,True,success,True,0,13,2,information,missingIncludeSystem,Include file: <stdio.h> not found. Please note: Cppcheck does not need standard library headers to get proper results.,/home/yichen/Desktop/Deepseek_GSCP04/F011.c|2|information|missingIncludeSystem|Include file: <stdio.h> not found. Please note: Cppcheck does not need standard library headers to get proper results.,/home/yichen/Desktop/Deepseek_GSCP_Results04/logs/F011_cppcheck.log
/home/yichen/Desktop/Deepseek_GSCP04/F011.c,cppcheck,True,success,True,0,13,3,information,missingIncludeSystem,Include file: <stdlib.h> not found. Please note: Cppcheck does not need standard library headers to get proper results.,/home/yichen/Desktop/Deepseek_GSCP04/F011.c|3|information|missingIncludeSystem|Include file: <stdlib.h> not found. Please note: Cppcheck does not need standard library headers to get proper results.,/home/yichen/Desktop/Deepseek_GSCP_Results04/logs/F011_cppcheck.log
/home/yichen/Desktop/Deepseek_GSCP04/F011.c,cppcheck,True,success,True,0,13,4,information,missingIncludeSystem,Include file: <string.h> not found. Please note: Cppcheck does not need standard library headers to get proper results.,/home/yichen/Desktop/Deepseek_GSCP04/F011.c|4|information|missingIncludeSystem|Include file: <string.h> not found. Please note: Cppcheck does not need standard library headers to get proper results.,/home/yichen/Desktop/Deepseek_GSCP_Results04/logs/F011_cppcheck.log
/home/yichen/Desktop/Deepseek_GSCP04/F011.c,cppcheck,True,success,True,0,13,49,style,constVariablePointer,Variable 'd' can be declared as pointer to const,/home/yichen/Desktop/Deepseek_GSCP04/F011.c|49|style|constVariablePointer|Variable 'd' can be declared as pointer to const,/home/yichen/Desktop/Deepseek_GSCP_Results04/logs/F011_cppcheck.log
/home/yichen/Desktop/Deepseek_GSCP04/F011.c,cppcheck,True,success,True,0,13,74,style,constVariablePointer,Variable 'd' can be declared as pointer to const,/home/yichen/Desktop/Deepseek_GSCP04/F011.c|74|style|constVariablePointer|Variable 'd' can be declared as pointer to const,/home/yichen/Desktop/Deepseek_GSCP_Results04/logs/F011_cppcheck.log
/home/yichen/Desktop/Deepseek_GSCP04/F011.c,cppcheck,True,success,True,0,13,91,style,constVariablePointer,Variable 'cmd' can be declared as pointer to const,/home/yichen/Desktop/Deepseek_GSCP04/F011.c|91|style|constVariablePointer|Variable 'cmd' can be declared as pointer to const,/home/yichen/Desktop/Deepseek_GSCP_Results04/logs/F011_cppcheck.log
/home/yichen/Desktop/Deepseek_GSCP04/F011.c,cppcheck,True,success,True,0,13,94,style,constVariablePointer,Variable 'title' can be declared as pointer to const,/home/yichen/Desktop/Deepseek_GSCP04/F011.c|94|style|constVariablePointer|Variable 'title' can be declared as pointer to const,/home/yichen/Desktop/Deepseek_GSCP_Results04/logs/F011_cppcheck.log
/home/yichen/Desktop/Deepseek_GSCP04/F011.c,cppcheck,True,success,True,0,13,96,style,constVariablePointer,Variable 'body' can be declared as pointer to const,/home/yichen/Desktop/Deepseek_GSCP04/F011.c|96|style|constVariablePointer|Variable 'body' can be declared as pointer to const,/home/yichen/Desktop/Deepseek_GSCP_Results04/logs/F011_cppcheck.log
/home/yichen/Desktop/Deepseek_GSCP04/F011.c,cppcheck,True,success,True,0,13,107,style,constVariablePointer,Variable 'title' can be declared as pointer to const,/home/yichen/Desktop/Deepseek_GSCP04/F011.c|107|style|constVariablePointer|Variable 'title' can be declared as pointer to const,/home/yichen/Desktop/Deepseek_GSCP_Results04/logs/F011_cppcheck.log
/home/yichen/Desktop/Deepseek_GSCP04/F011.c,cppcheck,True,success,True,0,13,109,style,constVariablePointer,Variable 'body' can be declared as pointer to const,/home/yichen/Desktop/Deepseek_GSCP04/F011.c|109|style|constVariablePointer|Variable 'body' can be declared as pointer to const,/home/yichen/Desktop/Deepseek_GSCP_Results04/logs/F011_cppcheck.log
/home/yichen/Desktop/Deepseek_GSCP04/F011.c,cppcheck,True,success,True,0,13,117,style,constVariablePointer,Variable 'title' can be declared as pointer to const,/home/yichen/Desktop/Deepseek_GSCP04/F011.c|117|style|constVariablePointer|Variable 'title' can be declared as pointer to const,/home/yichen/Desktop/Deepseek_GSCP_Results04/logs/F011_cppcheck.log
/home/yichen/Desktop/Deepseek_GSCP04/F011.c,cppcheck,True,success,True,0,13,122,style,constVariablePointer,Variable 'title' can be declared as pointer to const,/home/yichen/Desktop/Deepseek_GSCP04/F011.c|122|style|constVariablePointer|Variable 'title' can be declared as pointer to const,/home/yichen/Desktop/Deepseek_GSCP_Results04/logs/F011_cppcheck.log
nofile,cppcheck,True,success,True,0,13,0,information,checkersReport,Active checkers: 113/592 (use --checkers-report=<filename> to see details),nofile|0|information|checkersReport|Active checkers: 113/592 (use --checkers-report=<filename> to see details),/home/yichen/Desktop/Deepseek_GSCP_Results04/logs/F011_cppcheck.log
/home/yichen/Desktop/Deepseek_GSCP04/F012.c,cppcheck,True,success,True,0,13,2,information,missingIncludeSystem,Include file: <stdio.h> not found. Please note: Cppcheck does not need standard library headers to get proper results.,/home/yichen/Desktop/Deepseek_GSCP04/F012.c|2|information|missingIncludeSystem|Include file: <stdio.h> not found. Please note: Cppcheck does not need standard library headers to get proper results.,/home/yichen/Desktop/Deepseek_GSCP_Results04/logs/F012_cppcheck.log
/home/yichen/Desktop/Deepseek_GSCP04/F012.c,cppcheck,True,success,True,0,13,3,information,missingIncludeSystem,Include file: <stdlib.h> not found. Please note: Cppcheck does not need standard library headers to get proper results.,/home/yichen/Desktop/Deepseek_GSCP04/F012.c|3|information|missingIncludeSystem|Include file: <stdlib.h> not found. Please note: Cppcheck does not need standard library headers to get proper results.,/home/yichen/Desktop/Deepseek_GSCP_Results04/logs/F012_cppcheck.log
/home/yichen/Desktop/Deepseek_GSCP04/F012.c,cppcheck,True,success,True,0,13,4,information,missingIncludeSystem,Include file: <string.h> not found. Please note: Cppcheck does not need standard library headers to get proper results.,/home/yichen/Desktop/Deepseek_GSCP04/F012.c|4|information|missingIncludeSystem|Include file: <string.h> not found. Please note: Cppcheck does not need standard library headers to get proper results.,/home/yichen/Desktop/Deepseek_GSCP_Results04/logs/F012_cppcheck.log
/home/yichen/Desktop/Deepseek_GSCP04/F012.c,cppcheck,True,success,True,0,13,76,style,constVariablePointer,Variable 'p' can be declared as pointer to const,/home/yichen/Desktop/Deepseek_GSCP04/F012.c|76|style|constVariablePointer|Variable 'p' can be declared as pointer to const,/home/yichen/Desktop/Deepseek_GSCP_Results04/logs/F012_cppcheck.log
/home/yichen/Desktop/Deepseek_GSCP04/F012.c,cppcheck,True,success,True,0,13,82,style,constVariablePointer,Variable 'p' can be declared as pointer to const,/home/yichen/Desktop/Deepseek_GSCP04/F012.c|82|style|constVariablePointer|Variable 'p' can be declared as pointer to const,/home/yichen/Desktop/Deepseek_GSCP_Results04/logs/F012_cppcheck.log
/home/yichen/Desktop/Deepseek_GSCP04/F012.c,cppcheck,True,success,True,0,13,101,style,constVariablePointer,Variable 'cmd' can be declared as pointer to const,/home/yichen/Desktop/Deepseek_GSCP04/F012.c|101|style|constVariablePointer|Variable 'cmd' can be declared as pointer to const,/home/yichen/Desktop/Deepseek_GSCP_Results04/logs/F012_cppcheck.log
/home/yichen/Desktop/Deepseek_GSCP04/F012.c,cppcheck,True,success,True,0,13,104,style,constVariablePointer,Variable 'name' can be declared as pointer to const,/home/yichen/Desktop/Deepseek_GSCP04/F012.c|104|style|constVariablePointer|Variable 'name' can be declared as pointer to const,/home/yichen/Desktop/Deepseek_GSCP_Results04/logs/F012_cppcheck.log
/home/yichen/Desktop/Deepseek_GSCP04/F012.c,cppcheck,True,success,True,0,13,106,style,constVariablePointer,Variable 'note' can be declared as pointer to const,/home/yichen/Desktop/Deepseek_GSCP04/F012.c|106|style|constVariablePointer|Variable 'note' can be declared as pointer to const,/home/yichen/Desktop/Deepseek_GSCP_Results04/logs/F012_cppcheck.log
/home/yichen/Desktop/Deepseek_GSCP04/F012.c,cppcheck,True,success,True,0,13,112,style,constVariablePointer,Variable 'name' can be declared as pointer to const,/home/yichen/Desktop/Deepseek_GSCP04/F012.c|112|style|constVariablePointer|Variable 'name' can be declared as pointer to const,/home/yichen/Desktop/Deepseek_GSCP_Results04/logs/F012_cppcheck.log
/home/yichen/Desktop/Deepseek_GSCP04/F012.c,cppcheck,True,success,True,0,13,115,style,constVariablePointer,Variable 'name' can be declared as pointer to const,/home/yichen/Desktop/Deepseek_GSCP04/F012.c|115|style|constVariablePointer|Variable 'name' can be declared as pointer to const,/home/yichen/Desktop/Deepseek_GSCP_Results04/logs/F012_cppcheck.log
/home/yichen/Desktop/Deepseek_GSCP04/F012.c,cppcheck,True,success,True,0,13,117,style,constVariablePointer,Variable 'note' can be declared as pointer to const,/home/yichen/Desktop/Deepseek_GSCP04/F012.c|117|style|constVariablePointer|Variable 'note' can be declared as pointer to const,/home/yichen/Desktop/Deepseek_GSCP_Results04/logs/F012_cppcheck.log
/home/yichen/Desktop/Deepseek_GSCP04/F012.c,cppcheck,True,success,True,0,13,121,style,constVariablePointer,Variable 'name' can be declared as pointer to const,/home/yichen/Desktop/Deepseek_GSCP04/F012.c|121|style|constVariablePointer|Variable 'name' can be declared as pointer to const,/home/yichen/Desktop/Deepseek_GSCP_Results04/logs/F012_cppcheck.log
nofile,cppcheck,True,success,True,0,13,0,information,checkersReport,Active checkers: 113/592 (use --checkers-report=<filename> to see details),nofile|0|information|checkersReport|Active checkers: 113/592 (use --checkers-report=<filename> to see details),/home/yichen/Desktop/Deepseek_GSCP_Results04/logs/F012_cppcheck.log
/home/yichen/Desktop/Deepseek_GSCP04/F013.c,cppcheck,True,success,True,0,12,2,information,missingIncludeSystem,Include file: <stdio.h> not found. Please note: Cppcheck does not need standard library headers to get proper results.,/home/yichen/Desktop/Deepseek_GSCP04/F013.c|2|information|missingIncludeSystem|Include file: <stdio.h> not found. Please note: Cppcheck does not need standard library headers to get proper results.,/home/yichen/Desktop/Deepseek_GSCP_Results04/logs/F013_cppcheck.log
/home/yichen/Desktop/Deepseek_GSCP04/F013.c,cppcheck,True,success,True,0,12,3,information,missingIncludeSystem,Include file: <stdlib.h> not found. Please note: Cppcheck does not need standard library headers to get proper results.,/home/yichen/Desktop/Deepseek_GSCP04/F013.c|3|information|missingIncludeSystem|Include file: <stdlib.h> not found. Please note: Cppcheck does not need standard library headers to get proper results.,/home/yichen/Desktop/Deepseek_GSCP_Results04/logs/F013_cppcheck.log
/home/yichen/Desktop/Deepseek_GSCP04/F013.c,cppcheck,True,success,True,0,12,4,information,missingIncludeSystem,Include file: <string.h> not found. Please note: Cppcheck does not need standard library headers to get proper results.,/home/yichen/Desktop/Deepseek_GSCP04/F013.c|4|information|missingIncludeSystem|Include file: <string.h> not found. Please note: Cppcheck does not need standard library headers to get proper results.,/home/yichen/Desktop/Deepseek_GSCP_Results04/logs/F013_cppcheck.log
/home/yichen/Desktop/Deepseek_GSCP04/F013.c,cppcheck,True,success,True,0,12,54,style,constVariablePointer,Variable 't' can be declared as pointer to const,/home/yichen/Desktop/Deepseek_GSCP04/F013.c|54|style|constVariablePointer|Variable 't' can be declared as pointer to const,/home/yichen/Desktop/Deepseek_GSCP_Results04/logs/F013_cppcheck.log
/home/yichen/Desktop/Deepseek_GSCP04/F013.c,cppcheck,True,success,True,0,12,77,style,constVariablePointer,Variable 'cmd' can be declared as pointer to const,/home/yichen/Desktop/Deepseek_GSCP04/F013.c|77|style|constVariablePointer|Variable 'cmd' can be declared as pointer to const,/home/yichen/Desktop/Deepseek_GSCP_Results04/logs/F013_cppcheck.log
/home/yichen/Desktop/Deepseek_GSCP04/F013.c,cppcheck,True,success,True,0,12,80,style,constVariablePointer,Variable 'title' can be declared as pointer to const,/home/yichen/Desktop/Deepseek_GSCP04/F013.c|80|style|constVariablePointer|Variable 'title' can be declared as pointer to const,/home/yichen/Desktop/Deepseek_GSCP_Results04/logs/F013_cppcheck.log
/home/yichen/Desktop/Deepseek_GSCP04/F013.c,cppcheck,True,success,True,0,12,82,style,constVariablePointer,Variable 'note' can be declared as pointer to const,/home/yichen/Desktop/Deepseek_GSCP04/F013.c|82|style|constVariablePointer|Variable 'note' can be declared as pointer to const,/home/yichen/Desktop/Deepseek_GSCP_Results04/logs/F013_cppcheck.log
/home/yichen/Desktop/Deepseek_GSCP04/F013.c,cppcheck,True,success,True,0,12,94,style,constVariablePointer,Variable 'title' can be declared as pointer to const,/home/yichen/Desktop/Deepseek_GSCP04/F013.c|94|style|constVariablePointer|Variable 'title' can be declared as pointer to const,/home/yichen/Desktop/Deepseek_GSCP_Results04/logs/F013_cppcheck.log
/home/yichen/Desktop/Deepseek_GSCP04/F013.c,cppcheck,True,success,True,0,12,97,style,constVariablePointer,Variable 'title' can be declared as pointer to const,/home/yichen/Desktop/Deepseek_GSCP04/F013.c|97|style|constVariablePointer|Variable 'title' can be declared as pointer to const,/home/yichen/Desktop/Deepseek_GSCP_Results04/logs/F013_cppcheck.log
/home/yichen/Desktop/Deepseek_GSCP04/F013.c,cppcheck,True,success,True,0,12,100,style,constVariablePointer,Variable 'title' can be declared as pointer to const,/home/yichen/Desktop/Deepseek_GSCP04/F013.c|100|style|constVariablePointer|Variable 'title' can be declared as pointer to const,/home/yichen/Desktop/Deepseek_GSCP_Results04/logs/F013_cppcheck.log
/home/yichen/Desktop/Deepseek_GSCP04/F013.c,cppcheck,True,success,True,0,12,103,style,constVariablePointer,Variable 'title' can be declared as pointer to const,/home/yichen/Desktop/Deepseek_GSCP04/F013.c|103|style|constVariablePointer|Variable 'title' can be declared as pointer to const,/home/yichen/Desktop/Deepseek_GSCP_Results04/logs/F013_cppcheck.log
nofile,cppcheck,True,success,True,0,12,0,information,checkersReport,Active checkers: 113/592 (use --checkers-report=<filename> to see details),nofile|0|information|checkersReport|Active checkers: 113/592 (use --checkers-report=<filename> to see details),/home/yichen/Desktop/Deepseek_GSCP_Results04/logs/F013_cppcheck.log
/home/yichen/Desktop/Deepseek_GSCP04/F014.c,cppcheck,True,success,True,0,14,2,information,missingIncludeSystem,Include file: <stdio.h> not found. Please note: Cppcheck does not need standard library headers to get proper results.,/home/yichen/Desktop/Deepseek_GSCP04/F014.c|2|information|missingIncludeSystem|Include file: <stdio.h> not found. Please note: Cppcheck does not need standard library headers to get proper results.,/home/yichen/Desktop/Deepseek_GSCP_Results04/logs/F014_cppcheck.log
/home/yichen/Desktop/Deepseek_GSCP04/F014.c,cppcheck,True,success,True,0,14,3,information,missingIncludeSystem,Include file: <stdlib.h> not found. Please note: Cppcheck does not need standard library headers to get proper results.,/home/yichen/Desktop/Deepseek_GSCP04/F014.c|3|information|missingIncludeSystem|Include file: <stdlib.h> not found. Please note: Cppcheck does not need standard library headers to get proper results.,/home/yichen/Desktop/Deepseek_GSCP_Results04/logs/F014_cppcheck.log
/home/yichen/Desktop/Deepseek_GSCP04/F014.c,cppcheck,True,success,True,0,14,4,information,missingIncludeSystem,Include file: <string.h> not found. Please note: Cppcheck does not need standard library headers to get proper results.,/home/yichen/Desktop/Deepseek_GSCP04/F014.c|4|information|missingIncludeSystem|Include file: <string.h> not found. Please note: Cppcheck does not need standard library headers to get proper results.,/home/yichen/Desktop/Deepseek_GSCP_Results04/logs/F014_cppcheck.log
/home/yichen/Desktop/Deepseek_GSCP04/F014.c,cppcheck,True,success,True,0,14,75,style,constVariablePointer,Variable 'item' can be declared as pointer to const,/home/yichen/Desktop/Deepseek_GSCP04/F014.c|75|style|constVariablePointer|Variable 'item' can be declared as pointer to const,/home/yichen/Desktop/Deepseek_GSCP_Results04/logs/F014_cppcheck.log
/home/yichen/Desktop/Deepseek_GSCP04/F014.c,cppcheck,True,success,True,0,14,99,style,constVariablePointer,Variable 'cmd' can be declared as pointer to const,/home/yichen/Desktop/Deepseek_GSCP04/F014.c|99|style|constVariablePointer|Variable 'cmd' can be declared as pointer to const,/home/yichen/Desktop/Deepseek_GSCP_Results04/logs/F014_cppcheck.log
/home/yichen/Desktop/Deepseek_GSCP04/F014.c,cppcheck,True,success,True,0,14,102,style,constVariablePointer,Variable 'name' can be declared as pointer to const,/home/yichen/Desktop/Deepseek_GSCP04/F014.c|102|style|constVariablePointer|Variable 'name' can be declared as pointer to const,/home/yichen/Desktop/Deepseek_GSCP_Results04/logs/F014_cppcheck.log
/home/yichen/Desktop/Deepseek_GSCP04/F014.c,cppcheck,True,success,True,0,14,104,style,constVariablePointer,Variable 'note' can be declared as pointer to const,/home/yichen/Desktop/Deepseek_GSCP04/F014.c|104|style|constVariablePointer|Variable 'note' can be declared as pointer to const,/home/yichen/Desktop/Deepseek_GSCP_Results04/logs/F014_cppcheck.log
/home/yichen/Desktop/Deepseek_GSCP04/F014.c,cppcheck,True,success,True,0,14,115,style,constVariablePointer,Variable 'name' can be declared as pointer to const,/home/yichen/Desktop/Deepseek_GSCP04/F014.c|115|style|constVariablePointer|Variable 'name' can be declared as pointer to const,/home/yichen/Desktop/Deepseek_GSCP_Results04/logs/F014_cppcheck.log
/home/yichen/Desktop/Deepseek_GSCP04/F014.c,cppcheck,True,success,True,0,14,116,style,constVariablePointer,Variable 'label' can be declared as pointer to const,/home/yichen/Desktop/Deepseek_GSCP04/F014.c|116|style|constVariablePointer|Variable 'label' can be declared as pointer to const,/home/yichen/Desktop/Deepseek_GSCP_Results04/logs/F014_cppcheck.log
/home/yichen/Desktop/Deepseek_GSCP04/F014.c,cppcheck,True,success,True,0,14,121,style,constVariablePointer,Variable 'name' can be declared as pointer to const,/home/yichen/Desktop/Deepseek_GSCP04/F014.c|121|style|constVariablePointer|Variable 'name' can be declared as pointer to const,/home/yichen/Desktop/Deepseek_GSCP_Results04/logs/F014_cppcheck.log
/home/yichen/Desktop/Deepseek_GSCP04/F014.c,cppcheck,True,success,True,0,14,122,style,constVariablePointer,Variable 'label' can be declared as pointer to const,/home/yichen/Desktop/Deepseek_GSCP04/F014.c|122|style|constVariablePointer|Variable 'label' can be declared as pointer to const,/home/yichen/Desktop/Deepseek_GSCP_Results04/logs/F014_cppcheck.log
/home/yichen/Desktop/Deepseek_GSCP04/F014.c,cppcheck,True,success,True,0,14,127,style,constVariablePointer,Variable 'name' can be declared as pointer to const,/home/yichen/Desktop/Deepseek_GSCP04/F014.c|127|style|constVariablePointer|Variable 'name' can be declared as pointer to const,/home/yichen/Desktop/Deepseek_GSCP_Results04/logs/F014_cppcheck.log
/home/yichen/Desktop/Deepseek_GSCP04/F014.c,cppcheck,True,success,True,0,14,130,style,constVariablePointer,Variable 'name' can be declared as pointer to const,/home/yichen/Desktop/Deepseek_GSCP04/F014.c|130|style|constVariablePointer|Variable 'name' can be declared as pointer to const,/home/yichen/Desktop/Deepseek_GSCP_Results04/logs/F014_cppcheck.log
nofile,cppcheck,True,success,True,0,14,0,information,checkersReport,Active checkers: 113/592 (use --checkers-report=<filename> to see details),nofile|0|information|checkersReport|Active checkers: 113/592 (use --checkers-report=<filename> to see details),/home/yichen/Desktop/Deepseek_GSCP_Results04/logs/F014_cppcheck.log
/home/yichen/Desktop/Deepseek_GSCP04/F015.c,cppcheck,True,success,True,0,16,2,information,missingIncludeSystem,Include file: <stdio.h> not found. Please note: Cppcheck does not need standard library headers to get proper results.,/home/yichen/Desktop/Deepseek_GSCP04/F015.c|2|information|missingIncludeSystem|Include file: <stdio.h> not found. Please note: Cppcheck does not need standard library headers to get proper results.,/home/yichen/Desktop/Deepseek_GSCP_Results04/logs/F015_cppcheck.log
/home/yichen/Desktop/Deepseek_GSCP04/F015.c,cppcheck,True,success,True,0,16,3,information,missingIncludeSystem,Include file: <stdlib.h> not found. Please note: Cppcheck does not need standard library headers to get proper results.,/home/yichen/Desktop/Deepseek_GSCP04/F015.c|3|information|missingIncludeSystem|Include file: <stdlib.h> not found. Please note: Cppcheck does not need standard library headers to get proper results.,/home/yichen/Desktop/Deepseek_GSCP_Results04/logs/F015_cppcheck.log
/home/yichen/Desktop/Deepseek_GSCP04/F015.c,cppcheck,True,success,True,0,16,4,information,missingIncludeSystem,Include file: <string.h> not found. Please note: Cppcheck does not need standard library headers to get proper results.,/home/yichen/Desktop/Deepseek_GSCP04/F015.c|4|information|missingIncludeSystem|Include file: <string.h> not found. Please note: Cppcheck does not need standard library headers to get proper results.,/home/yichen/Desktop/Deepseek_GSCP_Results04/logs/F015_cppcheck.log
/home/yichen/Desktop/Deepseek_GSCP04/F015.c,cppcheck,True,success,True,0,16,47,style,constVariablePointer,Variable 'r' can be declared as pointer to const,/home/yichen/Desktop/Deepseek_GSCP04/F015.c|47|style|constVariablePointer|Variable 'r' can be declared as pointer to const,/home/yichen/Desktop/Deepseek_GSCP_Results04/logs/F015_cppcheck.log
/home/yichen/Desktop/Deepseek_GSCP04/F015.c,cppcheck,True,success,True,0,16,76,style,constVariablePointer,Variable 'c' can be declared as pointer to const,/home/yichen/Desktop/Deepseek_GSCP04/F015.c|76|style|constVariablePointer|Variable 'c' can be declared as pointer to const,/home/yichen/Desktop/Deepseek_GSCP_Results04/logs/F015_cppcheck.log
/home/yichen/Desktop/Deepseek_GSCP04/F015.c,cppcheck,True,success,True,0,16,92,style,constVariablePointer,Variable 'cmd' can be declared as pointer to const,/home/yichen/Desktop/Deepseek_GSCP04/F015.c|92|style|constVariablePointer|Variable 'cmd' can be declared as pointer to const,/home/yichen/Desktop/Deepseek_GSCP_Results04/logs/F015_cppcheck.log
/home/yichen/Desktop/Deepseek_GSCP04/F015.c,cppcheck,True,success,True,0,16,95,style,constVariablePointer,Variable 'name' can be declared as pointer to const,/home/yichen/Desktop/Deepseek_GSCP04/F015.c|95|style|constVariablePointer|Variable 'name' can be declared as pointer to const,/home/yichen/Desktop/Deepseek_GSCP_Results04/logs/F015_cppcheck.log
/home/yichen/Desktop/Deepseek_GSCP04/F015.c,cppcheck,True,success,True,0,16,96,style,constVariablePointer,Variable 'email' can be declared as pointer to const,/home/yichen/Desktop/Deepseek_GSCP04/F015.c|96|style|constVariablePointer|Variable 'email' can be declared as pointer to const,/home/yichen/Desktop/Deepseek_GSCP_Results04/logs/F015_cppcheck.log
/home/yichen/Desktop/Deepseek_GSCP04/F015.c,cppcheck,True,success,True,0,16,97,style,constVariablePointer,Variable 'phone' can be declared as pointer to const,/home/yichen/Desktop/Deepseek_GSCP04/F015.c|97|style|constVariablePointer|Variable 'phone' can be declared as pointer to const,/home/yichen/Desktop/Deepseek_GSCP_Results04/logs/F015_cppcheck.log
/home/yichen/Desktop/Deepseek_GSCP04/F015.c,cppcheck,True,success,True,0,16,108,style,constVariablePointer,Variable 'name' can be declared as pointer to const,/home/yichen/Desktop/Deepseek_GSCP04/F015.c|108|style|constVariablePointer|Variable 'name' can be declared as pointer to const,/home/yichen/Desktop/Deepseek_GSCP_Results04/logs/F015_cppcheck.log
/home/yichen/Desktop/Deepseek_GSCP04/F015.c,cppcheck,True,success,True,0,16,110,style,constVariablePointer,Variable 'note' can be declared as pointer to const,/home/yichen/Desktop/Deepseek_GSCP04/F015.c|110|style|constVariablePointer|Variable 'note' can be declared as pointer to const,/home/yichen/Desktop/Deepseek_GSCP_Results04/logs/F015_cppcheck.log
/home/yichen/Desktop/Deepseek_GSCP04/F015.c,cppcheck,True,success,True,0,16,114,style,constVariablePointer,Variable 'keep' can be declared as pointer to const,/home/yichen/Desktop/Deepseek_GSCP04/F015.c|114|style|constVariablePointer|Variable 'keep' can be declared as pointer to const,/home/yichen/Desktop/Deepseek_GSCP_Results04/logs/F015_cppcheck.log
/home/yichen/Desktop/Deepseek_GSCP04/F015.c,cppcheck,True,success,True,0,16,115,style,constVariablePointer,Variable 'remove' can be declared as pointer to const,/home/yichen/Desktop/Deepseek_GSCP04/F015.c|115|style|constVariablePointer|Variable 'remove' can be declared as pointer to const,/home/yichen/Desktop/Deepseek_GSCP_Results04/logs/F015_cppcheck.log
/home/yichen/Desktop/Deepseek_GSCP04/F015.c,cppcheck,True,success,True,0,16,118,style,constVariablePointer,Variable 'name' can be declared as pointer to const,/home/yichen/Desktop/Deepseek_GSCP04/F015.c|118|style|constVariablePointer|Variable 'name' can be declared as pointer to const,/home/yichen/Desktop/Deepseek_GSCP_Results04/logs/F015_cppcheck.log
/home/yichen/Desktop/Deepseek_GSCP04/F015.c,cppcheck,True,success,True,0,16,121,style,constVariablePointer,Variable 'name' can be declared as pointer to const,/home/yichen/Desktop/Deepseek_GSCP04/F015.c|121|style|constVariablePointer|Variable 'name' can be declared as pointer to const,/home/yichen/Desktop/Deepseek_GSCP_Results04/logs/F015_cppcheck.log
nofile,cppcheck,True,success,True,0,16,0,information,checkersReport,Active checkers: 113/592 (use --checkers-report=<filename> to see details),nofile|0|information|checkersReport|Active checkers: 113/592 (use --checkers-report=<filename> to see details),/home/yichen/Desktop/Deepseek_GSCP_Results04/logs/F015_cppcheck.log
/home/yichen/Desktop/Deepseek_GSCP04/F016.c,cppcheck,True,success,True,0,14,2,information,missingIncludeSystem,Include file: <stdio.h> not found. Please note: Cppcheck does not need standard library headers to get proper results.,/home/yichen/Desktop/Deepseek_GSCP04/F016.c|2|information|missingIncludeSystem|Include file: <stdio.h> not found. Please note: Cppcheck does not need standard library headers to get proper results.,/home/yichen/Desktop/Deepseek_GSCP_Results04/logs/F016_cppcheck.log
/home/yichen/Desktop/Deepseek_GSCP04/F016.c,cppcheck,True,success,True,0,14,3,information,missingIncludeSystem,Include file: <stdlib.h> not found. Please note: Cppcheck does not need standard library headers to get proper results.,/home/yichen/Desktop/Deepseek_GSCP04/F016.c|3|information|missingIncludeSystem|Include file: <stdlib.h> not found. Please note: Cppcheck does not need standard library headers to get proper results.,/home/yichen/Desktop/Deepseek_GSCP_Results04/logs/F016_cppcheck.log
/home/yichen/Desktop/Deepseek_GSCP04/F016.c,cppcheck,True,success,True,0,14,4,information,missingIncludeSystem,Include file: <string.h> not found. Please note: Cppcheck does not need standard library headers to get proper results.,/home/yichen/Desktop/Deepseek_GSCP04/F016.c|4|information|missingIncludeSystem|Include file: <string.h> not found. Please note: Cppcheck does not need standard library headers to get proper results.,/home/yichen/Desktop/Deepseek_GSCP_Results04/logs/F016_cppcheck.log
/home/yichen/Desktop/Deepseek_GSCP04/F016.c,cppcheck,True,success,True,0,14,50,style,constVariablePointer,Variable 'c' can be declared as pointer to const,/home/yichen/Desktop/Deepseek_GSCP04/F016.c|50|style|constVariablePointer|Variable 'c' can be declared as pointer to const,/home/yichen/Desktop/Deepseek_GSCP_Results04/logs/F016_cppcheck.log
/home/yichen/Desktop/Deepseek_GSCP04/F016.c,cppcheck,True,success,True,0,14,67,style,constVariablePointer,Variable 'name' can be declared as pointer to const,/home/yichen/Desktop/Deepseek_GSCP04/F016.c|67|style|constVariablePointer|Variable 'name' can be declared as pointer to const,/home/yichen/Desktop/Deepseek_GSCP_Results04/logs/F016_cppcheck.log
/home/yichen/Desktop/Deepseek_GSCP04/F016.c,cppcheck,True,success,True,0,14,68,style,constVariablePointer,Variable 'email' can be declared as pointer to const,/home/yichen/Desktop/Deepseek_GSCP04/F016.c|68|style|constVariablePointer|Variable 'email' can be declared as pointer to const,/home/yichen/Desktop/Deepseek_GSCP_Results04/logs/F016_cppcheck.log
/home/yichen/Desktop/Deepseek_GSCP04/F016.c,cppcheck,True,success,True,0,14,69,style,constVariablePointer,Variable 'phone' can be declared as pointer to const,/home/yichen/Desktop/Deepseek_GSCP04/F016.c|69|style|constVariablePointer|Variable 'phone' can be declared as pointer to const,/home/yichen/Desktop/Deepseek_GSCP_Results04/logs/F016_cppcheck.log
/home/yichen/Desktop/Deepseek_GSCP04/F016.c,cppcheck,True,success,True,0,14,84,style,constVariablePointer,Variable 'cmd' can be declared as pointer to const,/home/yichen/Desktop/Deepseek_GSCP04/F016.c|84|style|constVariablePointer|Variable 'cmd' can be declared as pointer to const,/home/yichen/Desktop/Deepseek_GSCP_Results04/logs/F016_cppcheck.log
/home/yichen/Desktop/Deepseek_GSCP04/F016.c,cppcheck,True,success,True,0,14,89,style,constVariablePointer,Variable 'name' can be declared as pointer to const,/home/yichen/Desktop/Deepseek_GSCP04/F016.c|89|style|constVariablePointer|Variable 'name' can be declared as pointer to const,/home/yichen/Desktop/Deepseek_GSCP_Results04/logs/F016_cppcheck.log
/home/yichen/Desktop/Deepseek_GSCP04/F016.c,cppcheck,True,success,True,0,14,90,style,constVariablePointer,Variable 'email' can be declared as pointer to const,/home/yichen/Desktop/Deepseek_GSCP04/F016.c|90|style|constVariablePointer|Variable 'email' can be declared as pointer to const,/home/yichen/Desktop/Deepseek_GSCP_Results04/logs/F016_cppcheck.log
/home/yichen/Desktop/Deepseek_GSCP04/F016.c,cppcheck,True,success,True,0,14,91,style,constVariablePointer,Variable 'phone' can be declared as pointer to const,/home/yichen/Desktop/Deepseek_GSCP04/F016.c|91|style|constVariablePointer|Variable 'phone' can be declared as pointer to const,/home/yichen/Desktop/Deepseek_GSCP_Results04/logs/F016_cppcheck.log
/home/yichen/Desktop/Deepseek_GSCP04/F016.c,cppcheck,True,success,True,0,14,103,style,constVariablePointer,Variable 'name' can be declared as pointer to const,/home/yichen/Desktop/Deepseek_GSCP04/F016.c|103|style|constVariablePointer|Variable 'name' can be declared as pointer to const,/home/yichen/Desktop/Deepseek_GSCP_Results04/logs/F016_cppcheck.log
/home/yichen/Desktop/Deepseek_GSCP04/F016.c,cppcheck,True,success,True,0,14,106,style,constVariablePointer,Variable 'name' can be declared as pointer to const,/home/yichen/Desktop/Deepseek_GSCP04/F016.c|106|style|constVariablePointer|Variable 'name' can be declared as pointer to const,/home/yichen/Desktop/Deepseek_GSCP_Results04/logs/F016_cppcheck.log
nofile,cppcheck,True,success,True,0,14,0,information,checkersReport,Active checkers: 113/592 (use --checkers-report=<filename> to see details),nofile|0|information|checkersReport|Active checkers: 113/592 (use --checkers-report=<filename> to see details),/home/yichen/Desktop/Deepseek_GSCP_Results04/logs/F016_cppcheck.log
/home/yichen/Desktop/Deepseek_GSCP04/F017.c,cppcheck,True,success,True,0,12,2,information,missingIncludeSystem,Include file: <stdio.h> not found. Please note: Cppcheck does not need standard library headers to get proper results.,/home/yichen/Desktop/Deepseek_GSCP04/F017.c|2|information|missingIncludeSystem|Include file: <stdio.h> not found. Please note: Cppcheck does not need standard library headers to get proper results.,/home/yichen/Desktop/Deepseek_GSCP_Results04/logs/F017_cppcheck.log
/home/yichen/Desktop/Deepseek_GSCP04/F017.c,cppcheck,True,success,True,0,12,3,information,missingIncludeSystem,Include file: <stdlib.h> not found. Please note: Cppcheck does not need standard library headers to get proper results.,/home/yichen/Desktop/Deepseek_GSCP04/F017.c|3|information|missingIncludeSystem|Include file: <stdlib.h> not found. Please note: Cppcheck does not need standard library headers to get proper results.,/home/yichen/Desktop/Deepseek_GSCP_Results04/logs/F017_cppcheck.log
/home/yichen/Desktop/Deepseek_GSCP04/F017.c,cppcheck,True,success,True,0,12,4,information,missingIncludeSystem,Include file: <string.h> not found. Please note: Cppcheck does not need standard library headers to get proper results.,/home/yichen/Desktop/Deepseek_GSCP04/F017.c|4|information|missingIncludeSystem|Include file: <string.h> not found. Please note: Cppcheck does not need standard library headers to get proper results.,/home/yichen/Desktop/Deepseek_GSCP_Results04/logs/F017_cppcheck.log
/home/yichen/Desktop/Deepseek_GSCP04/F017.c,cppcheck,True,success,True,0,12,53,style,constVariablePointer,Variable 'c' can be declared as pointer to const,/home/yichen/Desktop/Deepseek_GSCP04/F017.c|53|style|constVariablePointer|Variable 'c' can be declared as pointer to const,/home/yichen/Desktop/Deepseek_GSCP_Results04/logs/F017_cppcheck.log
/home/yichen/Desktop/Deepseek_GSCP04/F017.c,cppcheck,True,success,True,0,12,72,style,constVariablePointer,Variable 'key' can be declared as pointer to const,/home/yichen/Desktop/Deepseek_GSCP04/F017.c|72|style|constVariablePointer|Variable 'key' can be declared as pointer to const,/home/yichen/Desktop/Deepseek_GSCP_Results04/logs/F017_cppcheck.log
/home/yichen/Desktop/Deepseek_GSCP04/F017.c,cppcheck,True,success,True,0,12,73,style,constVariablePointer,Variable 'value' can be declared as pointer to const,/home/yichen/Desktop/Deepseek_GSCP04/F017.c|73|style|constVariablePointer|Variable 'value' can be declared as pointer to const,/home/yichen/Desktop/Deepseek_GSCP_Results04/logs/F017_cppcheck.log
/home/yichen/Desktop/Deepseek_GSCP04/F017.c,cppcheck,True,success,True,0,12,85,style,constVariablePointer,Variable 'cmd' can be declared as pointer to const,/home/yichen/Desktop/Deepseek_GSCP04/F017.c|85|style|constVariablePointer|Variable 'cmd' can be declared as pointer to const,/home/yichen/Desktop/Deepseek_GSCP_Results04/logs/F017_cppcheck.log
/home/yichen/Desktop/Deepseek_GSCP04/F017.c,cppcheck,True,success,True,0,12,88,style,constVariablePointer,Variable 'key' can be declared as pointer to const,/home/yichen/Desktop/Deepseek_GSCP04/F017.c|88|style|constVariablePointer|Variable 'key' can be declared as pointer to const,/home/yichen/Desktop/Deepseek_GSCP_Results04/logs/F017_cppcheck.log
/home/yichen/Desktop/Deepseek_GSCP04/F017.c,cppcheck,True,success,True,0,12,90,style,constVariablePointer,Variable 'val' can be declared as pointer to const,/home/yichen/Desktop/Deepseek_GSCP04/F017.c|90|style|constVariablePointer|Variable 'val' can be declared as pointer to const,/home/yichen/Desktop/Deepseek_GSCP_Results04/logs/F017_cppcheck.log
/home/yichen/Desktop/Deepseek_GSCP04/F017.c,cppcheck,True,success,True,0,12,94,style,constVariablePointer,Variable 'key' can be declared as pointer to const,/home/yichen/Desktop/Deepseek_GSCP04/F017.c|94|style|constVariablePointer|Variable 'key' can be declared as pointer to const,/home/yichen/Desktop/Deepseek_GSCP_Results04/logs/F017_cppcheck.log
/home/yichen/Desktop/Deepseek_GSCP04/F017.c,cppcheck,True,success,True,0,12,97,style,constVariablePointer,Variable 'key' can be declared as pointer to const,/home/yichen/Desktop/Deepseek_GSCP04/F017.c|97|style|constVariablePointer|Variable 'key' can be declared as pointer to const,/home/yichen/Desktop/Deepseek_GSCP_Results04/logs/F017_cppcheck.log
nofile,cppcheck,True,success,True,0,12,0,information,checkersReport,Active checkers: 113/592 (use --checkers-report=<filename> to see details),nofile|0|information|checkersReport|Active checkers: 113/592 (use --checkers-report=<filename> to see details),/home/yichen/Desktop/Deepseek_GSCP_Results04/logs/F017_cppcheck.log
/home/yichen/Desktop/Deepseek_GSCP04/F018.c,cppcheck,True,success,True,0,9,2,information,missingIncludeSystem,Include file: <stdio.h> not found. Please note: Cppcheck does not need standard library headers to get proper results.,/home/yichen/Desktop/Deepseek_GSCP04/F018.c|2|information|missingIncludeSystem|Include file: <stdio.h> not found. Please note: Cppcheck does not need standard library headers to get proper results.,/home/yichen/Desktop/Deepseek_GSCP_Results04/logs/F018_cppcheck.log
/home/yichen/Desktop/Deepseek_GSCP04/F018.c,cppcheck,True,success,True,0,9,3,information,missingIncludeSystem,Include file: <stdlib.h> not found. Please note: Cppcheck does not need standard library headers to get proper results.,/home/yichen/Desktop/Deepseek_GSCP04/F018.c|3|information|missingIncludeSystem|Include file: <stdlib.h> not found. Please note: Cppcheck does not need standard library headers to get proper results.,/home/yichen/Desktop/Deepseek_GSCP_Results04/logs/F018_cppcheck.log
/home/yichen/Desktop/Deepseek_GSCP04/F018.c,cppcheck,True,success,True,0,9,4,information,missingIncludeSystem,Include file: <string.h> not found. Please note: Cppcheck does not need standard library headers to get proper results.,/home/yichen/Desktop/Deepseek_GSCP04/F018.c|4|information|missingIncludeSystem|Include file: <string.h> not found. Please note: Cppcheck does not need standard library headers to get proper results.,/home/yichen/Desktop/Deepseek_GSCP_Results04/logs/F018_cppcheck.log
/home/yichen/Desktop/Deepseek_GSCP04/F018.c,cppcheck,True,success,True,0,9,51,style,constVariablePointer,Variable 'w' can be declared as pointer to const,/home/yichen/Desktop/Deepseek_GSCP04/F018.c|51|style|constVariablePointer|Variable 'w' can be declared as pointer to const,/home/yichen/Desktop/Deepseek_GSCP_Results04/logs/F018_cppcheck.log
/home/yichen/Desktop/Deepseek_GSCP04/F018.c,cppcheck,True,success,True,0,9,88,style,constVariablePointer,Variable 'cmd' can be declared as pointer to const,/home/yichen/Desktop/Deepseek_GSCP04/F018.c|88|style|constVariablePointer|Variable 'cmd' can be declared as pointer to const,/home/yichen/Desktop/Deepseek_GSCP_Results04/logs/F018_cppcheck.log
/home/yichen/Desktop/Deepseek_GSCP04/F018.c,cppcheck,True,success,True,0,9,91,style,constVariablePointer,Variable 'word' can be declared as pointer to const,/home/yichen/Desktop/Deepseek_GSCP04/F018.c|91|style|constVariablePointer|Variable 'word' can be declared as pointer to const,/home/yichen/Desktop/Deepseek_GSCP_Results04/logs/F018_cppcheck.log
/home/yichen/Desktop/Deepseek_GSCP04/F018.c,cppcheck,True,success,True,0,9,95,style,constVariablePointer,Variable 'word' can be declared as pointer to const,/home/yichen/Desktop/Deepseek_GSCP04/F018.c|95|style|constVariablePointer|Variable 'word' can be declared as pointer to const,/home/yichen/Desktop/Deepseek_GSCP_Results04/logs/F018_cppcheck.log
/home/yichen/Desktop/Deepseek_GSCP04/F018.c,cppcheck,True,success,True,0,9,98,style,constVariablePointer,Variable 'word' can be declared as pointer to const,/home/yichen/Desktop/Deepseek_GSCP04/F018.c|98|style|constVariablePointer|Variable 'word' can be declared as pointer to const,/home/yichen/Desktop/Deepseek_GSCP_Results04/logs/F018_cppcheck.log
nofile,cppcheck,True,success,True,0,9,0,information,checkersReport,Active checkers: 113/592 (use --checkers-report=<filename> to see details),nofile|0|information|checkersReport|Active checkers: 113/592 (use --checkers-report=<filename> to see details),/home/yichen/Desktop/Deepseek_GSCP_Results04/logs/F018_cppcheck.log
/home/yichen/Desktop/Deepseek_GSCP04/F019.c,cppcheck,True,success,True,0,16,2,information,missingIncludeSystem,Include file: <stdio.h> not found. Please note: Cppcheck does not need standard library headers to get proper results.,/home/yichen/Desktop/Deepseek_GSCP04/F019.c|2|information|missingIncludeSystem|Include file: <stdio.h> not found. Please note: Cppcheck does not need standard library headers to get proper results.,/home/yichen/Desktop/Deepseek_GSCP_Results04/logs/F019_cppcheck.log
/home/yichen/Desktop/Deepseek_GSCP04/F019.c,cppcheck,True,success,True,0,16,3,information,missingIncludeSystem,Include file: <stdlib.h> not found. Please note: Cppcheck does not need standard library headers to get proper results.,/home/yichen/Desktop/Deepseek_GSCP04/F019.c|3|information|missingIncludeSystem|Include file: <stdlib.h> not found. Please note: Cppcheck does not need standard library headers to get proper results.,/home/yichen/Desktop/Deepseek_GSCP_Results04/logs/F019_cppcheck.log
/home/yichen/Desktop/Deepseek_GSCP04/F019.c,cppcheck,True,success,True,0,16,4,information,missingIncludeSystem,Include file: <string.h> not found. Please note: Cppcheck does not need standard library headers to get proper results.,/home/yichen/Desktop/Deepseek_GSCP04/F019.c|4|information|missingIncludeSystem|Include file: <string.h> not found. Please note: Cppcheck does not need standard library headers to get proper results.,/home/yichen/Desktop/Deepseek_GSCP_Results04/logs/F019_cppcheck.log
/home/yichen/Desktop/Deepseek_GSCP04/F019.c,cppcheck,True,success,True,0,16,5,information,missingIncludeSystem,Include file: <ctype.h> not found. Please note: Cppcheck does not need standard library headers to get proper results.,/home/yichen/Desktop/Deepseek_GSCP04/F019.c|5|information|missingIncludeSystem|Include file: <ctype.h> not found. Please note: Cppcheck does not need standard library headers to get proper results.,/home/yichen/Desktop/Deepseek_GSCP_Results04/logs/F019_cppcheck.log
/home/yichen/Desktop/Deepseek_GSCP04/F019.c,cppcheck,True,success,True,0,16,46,style,constVariablePointer,Variable 'a' can be declared as pointer to const,/home/yichen/Desktop/Deepseek_GSCP04/F019.c|46|style|constVariablePointer|Variable 'a' can be declared as pointer to const,/home/yichen/Desktop/Deepseek_GSCP_Results04/logs/F019_cppcheck.log
/home/yichen/Desktop/Deepseek_GSCP04/F019.c,cppcheck,True,success,True,0,16,72,style,constVariablePointer,Variable 'account' can be declared as pointer to const,/home/yichen/Desktop/Deepseek_GSCP04/F019.c|72|style|constVariablePointer|Variable 'account' can be declared as pointer to const,/home/yichen/Desktop/Deepseek_GSCP_Results04/logs/F019_cppcheck.log
/home/yichen/Desktop/Deepseek_GSCP04/F019.c,cppcheck,True,success,True,0,16,73,style,constVariablePointer,Variable 'amountstr' can be declared as pointer to const,/home/yichen/Desktop/Deepseek_GSCP04/F019.c|73|style|constVariablePointer|Variable 'amountstr' can be declared as pointer to const,/home/yichen/Desktop/Deepseek_GSCP_Results04/logs/F019_cppcheck.log
/home/yichen/Desktop/Deepseek_GSCP04/F019.c,cppcheck,True,success,True,0,16,74,style,constVariablePointer,Variable 'memo' can be declared as pointer to const,/home/yichen/Desktop/Deepseek_GSCP04/F019.c|74|style|constVariablePointer|Variable 'memo' can be declared as pointer to const,/home/yichen/Desktop/Deepseek_GSCP_Results04/logs/F019_cppcheck.log
/home/yichen/Desktop/Deepseek_GSCP04/F019.c,cppcheck,True,success,True,0,16,89,style,constVariablePointer,Variable 'cmd' can be declared as pointer to const,/home/yichen/Desktop/Deepseek_GSCP04/F019.c|89|style|constVariablePointer|Variable 'cmd' can be declared as pointer to const,/home/yichen/Desktop/Deepseek_GSCP_Results04/logs/F019_cppcheck.log
/home/yichen/Desktop/Deepseek_GSCP04/F019.c,cppcheck,True,success,True,0,16,92,style,constVariablePointer,Variable 'account' can be declared as pointer to const,/home/yichen/Desktop/Deepseek_GSCP04/F019.c|92|style|constVariablePointer|Variable 'account' can be declared as pointer to const,/home/yichen/Desktop/Deepseek_GSCP_Results04/logs/F019_cppcheck.log
/home/yichen/Desktop/Deepseek_GSCP04/F019.c,cppcheck,True,success,True,0,16,93,style,constVariablePointer,Variable 'amountstr' can be declared as pointer to const,/home/yichen/Desktop/Deepseek_GSCP04/F019.c|93|style|constVariablePointer|Variable 'amountstr' can be declared as pointer to const,/home/yichen/Desktop/Deepseek_GSCP_Results04/logs/F019_cppcheck.log
/home/yichen/Desktop/Deepseek_GSCP04/F019.c,cppcheck,True,success,True,0,16,99,style,constVariablePointer,Variable 'account' can be declared as pointer to const,/home/yichen/Desktop/Deepseek_GSCP04/F019.c|99|style|constVariablePointer|Variable 'account' can be declared as pointer to const,/home/yichen/Desktop/Deepseek_GSCP_Results04/logs/F019_cppcheck.log
/home/yichen/Desktop/Deepseek_GSCP04/F019.c,cppcheck,True,success,True,0,16,100,style,constVariablePointer,Variable 'amountstr' can be declared as pointer to const,/home/yichen/Desktop/Deepseek_GSCP04/F019.c|100|style|constVariablePointer|Variable 'amountstr' can be declared as pointer to const,/home/yichen/Desktop/Deepseek_GSCP_Results04/logs/F019_cppcheck.log
/home/yichen/Desktop/Deepseek_GSCP04/F019.c,cppcheck,True,success,True,0,16,106,style,constVariablePointer,Variable 'account' can be declared as pointer to const,/home/yichen/Desktop/Deepseek_GSCP04/F019.c|106|style|constVariablePointer|Variable 'account' can be declared as pointer to const,/home/yichen/Desktop/Deepseek_GSCP_Results04/logs/F019_cppcheck.log
/home/yichen/Desktop/Deepseek_GSCP04/F019.c,cppcheck,True,success,True,0,16,74,style,unreadVariable,Variable 'memo' is assigned a value that is never used.,/home/yichen/Desktop/Deepseek_GSCP04/F019.c|74|style|unreadVariable|Variable 'memo' is assigned a value that is never used.,/home/yichen/Desktop/Deepseek_GSCP_Results04/logs/F019_cppcheck.log
nofile,cppcheck,True,success,True,0,16,0,information,checkersReport,Active checkers: 113/592 (use --checkers-report=<filename> to see details),nofile|0|information|checkersReport|Active checkers: 113/592 (use --checkers-report=<filename> to see details),/home/yichen/Desktop/Deepseek_GSCP_Results04/logs/F019_cppcheck.log
/home/yichen/Desktop/Deepseek_GSCP04/F020.c,cppcheck,True,success,True,0,8,2,information,missingIncludeSystem,Include file: <stdio.h> not found. Please note: Cppcheck does not need standard library headers to get proper results.,/home/yichen/Desktop/Deepseek_GSCP04/F020.c|2|information|missingIncludeSystem|Include file: <stdio.h> not found. Please note: Cppcheck does not need standard library headers to get proper results.,/home/yichen/Desktop/Deepseek_GSCP_Results04/logs/F020_cppcheck.log
/home/yichen/Desktop/Deepseek_GSCP04/F020.c,cppcheck,True,success,True,0,8,3,information,missingIncludeSystem,Include file: <stdlib.h> not found. Please note: Cppcheck does not need standard library headers to get proper results.,/home/yichen/Desktop/Deepseek_GSCP04/F020.c|3|information|missingIncludeSystem|Include file: <stdlib.h> not found. Please note: Cppcheck does not need standard library headers to get proper results.,/home/yichen/Desktop/Deepseek_GSCP_Results04/logs/F020_cppcheck.log
/home/yichen/Desktop/Deepseek_GSCP04/F020.c,cppcheck,True,success,True,0,8,4,information,missingIncludeSystem,Include file: <string.h> not found. Please note: Cppcheck does not need standard library headers to get proper results.,/home/yichen/Desktop/Deepseek_GSCP04/F020.c|4|information|missingIncludeSystem|Include file: <string.h> not found. Please note: Cppcheck does not need standard library headers to get proper results.,/home/yichen/Desktop/Deepseek_GSCP_Results04/logs/F020_cppcheck.log
/home/yichen/Desktop/Deepseek_GSCP04/F020.c,cppcheck,True,success,True,0,8,60,style,constVariablePointer,Variable 'r' can be declared as pointer to const,/home/yichen/Desktop/Deepseek_GSCP04/F020.c|60|style|constVariablePointer|Variable 'r' can be declared as pointer to const,/home/yichen/Desktop/Deepseek_GSCP_Results04/logs/F020_cppcheck.log
/home/yichen/Desktop/Deepseek_GSCP04/F020.c,cppcheck,True,success,True,0,8,121,style,constVariablePointer,Variable 'cmd' can be declared as pointer to const,/home/yichen/Desktop/Deepseek_GSCP04/F020.c|121|style|constVariablePointer|Variable 'cmd' can be declared as pointer to const,/home/yichen/Desktop/Deepseek_GSCP_Results04/logs/F020_cppcheck.log
/home/yichen/Desktop/Deepseek_GSCP04/F020.c,cppcheck,True,success,True,0,8,124,style,constVariablePointer,Variable 'title' can be declared as pointer to const,/home/yichen/Desktop/Deepseek_GSCP04/F020.c|124|style|constVariablePointer|Variable 'title' can be declared as pointer to const,/home/yichen/Desktop/Deepseek_GSCP_Results04/logs/F020_cppcheck.log
/home/yichen/Desktop/Deepseek_GSCP04/F020.c,cppcheck,True,success,True,0,8,127,style,constVariablePointer,Variable 'title' can be declared as pointer to const,/home/yichen/Desktop/Deepseek_GSCP04/F020.c|127|style|constVariablePointer|Variable 'title' can be declared as pointer to const,/home/yichen/Desktop/Deepseek_GSCP_Results04/logs/F020_cppcheck.log
nofile,cppcheck,True,success,True,0,8,0,information,checkersReport,Active checkers: 113/592 (use --checkers-report=<filename> to see details),nofile|0|information|checkersReport|Active checkers: 113/592 (use --checkers-report=<filename> to see details),/home/yichen/Desktop/Deepseek_GSCP_Results04/logs/F020_cppcheck.log
/home/yichen/Desktop/Deepseek_GSCP04/F021.c,cppcheck,True,success,True,0,14,2,information,missingIncludeSystem,Include file: <stdio.h> not found. Please note: Cppcheck does not need standard library headers to get proper results.,/home/yichen/Desktop/Deepseek_GSCP04/F021.c|2|information|missingIncludeSystem|Include file: <stdio.h> not found. Please note: Cppcheck does not need standard library headers to get proper results.,/home/yichen/Desktop/Deepseek_GSCP_Results04/logs/F021_cppcheck.log
/home/yichen/Desktop/Deepseek_GSCP04/F021.c,cppcheck,True,success,True,0,14,3,information,missingIncludeSystem,Include file: <stdlib.h> not found. Please note: Cppcheck does not need standard library headers to get proper results.,/home/yichen/Desktop/Deepseek_GSCP04/F021.c|3|information|missingIncludeSystem|Include file: <stdlib.h> not found. Please note: Cppcheck does not need standard library headers to get proper results.,/home/yichen/Desktop/Deepseek_GSCP_Results04/logs/F021_cppcheck.log
/home/yichen/Desktop/Deepseek_GSCP04/F021.c,cppcheck,True,success,True,0,14,4,information,missingIncludeSystem,Include file: <string.h> not found. Please note: Cppcheck does not need standard library headers to get proper results.,/home/yichen/Desktop/Deepseek_GSCP04/F021.c|4|information|missingIncludeSystem|Include file: <string.h> not found. Please note: Cppcheck does not need standard library headers to get proper results.,/home/yichen/Desktop/Deepseek_GSCP_Results04/logs/F021_cppcheck.log
/home/yichen/Desktop/Deepseek_GSCP04/F021.c,cppcheck,True,success,True,0,14,82,style,constVariablePointer,Variable 'r' can be declared as pointer to const,/home/yichen/Desktop/Deepseek_GSCP04/F021.c|82|style|constVariablePointer|Variable 'r' can be declared as pointer to const,/home/yichen/Desktop/Deepseek_GSCP_Results04/logs/F021_cppcheck.log
/home/yichen/Desktop/Deepseek_GSCP04/F021.c,cppcheck,True,success,True,0,14,101,style,constVariablePointer,Variable 'cmd' can be declared as pointer to const,/home/yichen/Desktop/Deepseek_GSCP04/F021.c|101|style|constVariablePointer|Variable 'cmd' can be declared as pointer to const,/home/yichen/Desktop/Deepseek_GSCP_Results04/logs/F021_cppcheck.log
/home/yichen/Desktop/Deepseek_GSCP04/F021.c,cppcheck,True,success,True,0,14,104,style,constVariablePointer,Variable 'name' can be declared as pointer to const,/home/yichen/Desktop/Deepseek_GSCP04/F021.c|104|style|constVariablePointer|Variable 'name' can be declared as pointer to const,/home/yichen/Desktop/Deepseek_GSCP_Results04/logs/F021_cppcheck.log
/home/yichen/Desktop/Deepseek_GSCP04/F021.c,cppcheck,True,success,True,0,14,108,style,constVariablePointer,Variable 'name' can be declared as pointer to const,/home/yichen/Desktop/Deepseek_GSCP04/F021.c|108|style|constVariablePointer|Variable 'name' can be declared as pointer to const,/home/yichen/Desktop/Deepseek_GSCP_Results04/logs/F021_cppcheck.log
/home/yichen/Desktop/Deepseek_GSCP04/F021.c,cppcheck,True,success,True,0,14,110,style,constVariablePointer,Variable 'ing' can be declared as pointer to const,/home/yichen/Desktop/Deepseek_GSCP04/F021.c|110|style|constVariablePointer|Variable 'ing' can be declared as pointer to const,/home/yichen/Desktop/Deepseek_GSCP_Results04/logs/F021_cppcheck.log
/home/yichen/Desktop/Deepseek_GSCP04/F021.c,cppcheck,True,success,True,0,14,112,style,constVariablePointer,Variable 'note' can be declared as pointer to const,/home/yichen/Desktop/Deepseek_GSCP04/F021.c|112|style|constVariablePointer|Variable 'note' can be declared as pointer to const,/home/yichen/Desktop/Deepseek_GSCP_Results04/logs/F021_cppcheck.log
/home/yichen/Desktop/Deepseek_GSCP04/F021.c,cppcheck,True,success,True,0,14,117,style,constVariablePointer,Variable 'name' can be declared as pointer to const,/home/yichen/Desktop/Deepseek_GSCP04/F021.c|117|style|constVariablePointer|Variable 'name' can be declared as pointer to const,/home/yichen/Desktop/Deepseek_GSCP_Results04/logs/F021_cppcheck.log
/home/yichen/Desktop/Deepseek_GSCP04/F021.c,cppcheck,True,success,True,0,14,119,style,constVariablePointer,Variable 'ing' can be declared as pointer to const,/home/yichen/Desktop/Deepseek_GSCP04/F021.c|119|style|constVariablePointer|Variable 'ing' can be declared as pointer to const,/home/yichen/Desktop/Deepseek_GSCP_Results04/logs/F021_cppcheck.log
/home/yichen/Desktop/Deepseek_GSCP04/F021.c,cppcheck,True,success,True,0,14,124,style,constVariablePointer,Variable 'name' can be declared as pointer to const,/home/yichen/Desktop/Deepseek_GSCP04/F021.c|124|style|constVariablePointer|Variable 'name' can be declared as pointer to const,/home/yichen/Desktop/Deepseek_GSCP_Results04/logs/F021_cppcheck.log
/home/yichen/Desktop/Deepseek_GSCP04/F021.c,cppcheck,True,success,True,0,14,127,style,constVariablePointer,Variable 'name' can be declared as pointer to const,/home/yichen/Desktop/Deepseek_GSCP04/F021.c|127|style|constVariablePointer|Variable 'name' can be declared as pointer to const,/home/yichen/Desktop/Deepseek_GSCP_Results04/logs/F021_cppcheck.log
nofile,cppcheck,True,success,True,0,14,0,information,checkersReport,Active checkers: 113/592 (use --checkers-report=<filename> to see details),nofile|0|information|checkersReport|Active checkers: 113/592 (use --checkers-report=<filename> to see details),/home/yichen/Desktop/Deepseek_GSCP_Results04/logs/F021_cppcheck.log
/home/yichen/Desktop/Deepseek_GSCP04/F022.c,cppcheck,True,success,True,0,16,2,information,missingIncludeSystem,Include file: <stdio.h> not found. Please note: Cppcheck does not need standard library headers to get proper results.,/home/yichen/Desktop/Deepseek_GSCP04/F022.c|2|information|missingIncludeSystem|Include file: <stdio.h> not found. Please note: Cppcheck does not need standard library headers to get proper results.,/home/yichen/Desktop/Deepseek_GSCP_Results04/logs/F022_cppcheck.log
/home/yichen/Desktop/Deepseek_GSCP04/F022.c,cppcheck,True,success,True,0,16,3,information,missingIncludeSystem,Include file: <stdlib.h> not found. Please note: Cppcheck does not need standard library headers to get proper results.,/home/yichen/Desktop/Deepseek_GSCP04/F022.c|3|information|missingIncludeSystem|Include file: <stdlib.h> not found. Please note: Cppcheck does not need standard library headers to get proper results.,/home/yichen/Desktop/Deepseek_GSCP_Results04/logs/F022_cppcheck.log
/home/yichen/Desktop/Deepseek_GSCP04/F022.c,cppcheck,True,success,True,0,16,4,information,missingIncludeSystem,Include file: <string.h> not found. Please note: Cppcheck does not need standard library headers to get proper results.,/home/yichen/Desktop/Deepseek_GSCP04/F022.c|4|information|missingIncludeSystem|Include file: <string.h> not found. Please note: Cppcheck does not need standard library headers to get proper results.,/home/yichen/Desktop/Deepseek_GSCP_Results04/logs/F022_cppcheck.log
/home/yichen/Desktop/Deepseek_GSCP04/F022.c,cppcheck,True,success,True,0,16,65,style,constVariablePointer,Variable 't' can be declared as pointer to const,/home/yichen/Desktop/Deepseek_GSCP04/F022.c|65|style|constVariablePointer|Variable 't' can be declared as pointer to const,/home/yichen/Desktop/Deepseek_GSCP_Results04/logs/F022_cppcheck.log
/home/yichen/Desktop/Deepseek_GSCP04/F022.c,cppcheck,True,success,True,0,16,122,style,constVariablePointer,Variable 'cmd' can be declared as pointer to const,/home/yichen/Desktop/Deepseek_GSCP04/F022.c|122|style|constVariablePointer|Variable 'cmd' can be declared as pointer to const,/home/yichen/Desktop/Deepseek_GSCP_Results04/logs/F022_cppcheck.log
/home/yichen/Desktop/Deepseek_GSCP04/F022.c,cppcheck,True,success,True,0,16,125,style,constVariablePointer,Variable 'name' can be declared as pointer to const,/home/yichen/Desktop/Deepseek_GSCP04/F022.c|125|style|constVariablePointer|Variable 'name' can be declared as pointer to const,/home/yichen/Desktop/Deepseek_GSCP_Results04/logs/F022_cppcheck.log
/home/yichen/Desktop/Deepseek_GSCP04/F022.c,cppcheck,True,success,True,0,16,129,style,constVariablePointer,Variable 'pname' can be declared as pointer to const,/home/yichen/Desktop/Deepseek_GSCP04/F022.c|129|style|constVariablePointer|Variable 'pname' can be declared as pointer to const,/home/yichen/Desktop/Deepseek_GSCP_Results04/logs/F022_cppcheck.log
/home/yichen/Desktop/Deepseek_GSCP04/F022.c,cppcheck,True,success,True,0,16,131,style,constVariablePointer,Variable 'title' can be declared as pointer to const,/home/yichen/Desktop/Deepseek_GSCP04/F022.c|131|style|constVariablePointer|Variable 'title' can be declared as pointer to const,/home/yichen/Desktop/Deepseek_GSCP_Results04/logs/F022_cppcheck.log
/home/yichen/Desktop/Deepseek_GSCP04/F022.c,cppcheck,True,success,True,0,16,133,style,constVariablePointer,Variable 'note' can be declared as pointer to const,/home/yichen/Desktop/Deepseek_GSCP04/F022.c|133|style|constVariablePointer|Variable 'note' can be declared as pointer to const,/home/yichen/Desktop/Deepseek_GSCP_Results04/logs/F022_cppcheck.log
/home/yichen/Desktop/Deepseek_GSCP04/F022.c,cppcheck,True,success,True,0,16,138,style,constVariablePointer,Variable 'from' can be declared as pointer to const,/home/yichen/Desktop/Deepseek_GSCP04/F022.c|138|style|constVariablePointer|Variable 'from' can be declared as pointer to const,/home/yichen/Desktop/Deepseek_GSCP_Results04/logs/F022_cppcheck.log
/home/yichen/Desktop/Deepseek_GSCP04/F022.c,cppcheck,True,success,True,0,16,139,style,constVariablePointer,Variable 'to' can be declared as pointer to const,/home/yichen/Desktop/Deepseek_GSCP04/F022.c|139|style|constVariablePointer|Variable 'to' can be declared as pointer to const,/home/yichen/Desktop/Deepseek_GSCP_Results04/logs/F022_cppcheck.log
/home/yichen/Desktop/Deepseek_GSCP04/F022.c,cppcheck,True,success,True,0,16,140,style,constVariablePointer,Variable 'title' can be declared as pointer to const,/home/yichen/Desktop/Deepseek_GSCP04/F022.c|140|style|constVariablePointer|Variable 'title' can be declared as pointer to const,/home/yichen/Desktop/Deepseek_GSCP_Results04/logs/F022_cppcheck.log
/home/yichen/Desktop/Deepseek_GSCP04/F022.c,cppcheck,True,success,True,0,16,143,style,constVariablePointer,Variable 'pname' can be declared as pointer to const,/home/yichen/Desktop/Deepseek_GSCP04/F022.c|143|style|constVariablePointer|Variable 'pname' can be declared as pointer to const,/home/yichen/Desktop/Deepseek_GSCP_Results04/logs/F022_cppcheck.log
/home/yichen/Desktop/Deepseek_GSCP04/F022.c,cppcheck,True,success,True,0,16,144,style,constVariablePointer,Variable 'title' can be declared as pointer to const,/home/yichen/Desktop/Deepseek_GSCP04/F022.c|144|style|constVariablePointer|Variable 'title' can be declared as pointer to const,/home/yichen/Desktop/Deepseek_GSCP_Results04/logs/F022_cppcheck.log
/home/yichen/Desktop/Deepseek_GSCP04/F022.c,cppcheck,True,success,True,0,16,150,style,constVariablePointer,Variable 'name' can be declared as pointer to const,/home/yichen/Desktop/Deepseek_GSCP04/F022.c|150|style|constVariablePointer|Variable 'name' can be declared as pointer to const,/home/yichen/Desktop/Deepseek_GSCP_Results04/logs/F022_cppcheck.log
nofile,cppcheck,True,success,True,0,16,0,information,checkersReport,Active checkers: 113/592 (use --checkers-report=<filename> to see details),nofile|0|information|checkersReport|Active checkers: 113/592 (use --checkers-report=<filename> to see details),/home/yichen/Desktop/Deepseek_GSCP_Results04/logs/F022_cppcheck.log
/home/yichen/Desktop/Deepseek_GSCP04/F023.c,cppcheck,True,success,True,0,14,2,information,missingIncludeSystem,Include file: <stdio.h> not found. Please note: Cppcheck does not need standard library headers to get proper results.,/home/yichen/Desktop/Deepseek_GSCP04/F023.c|2|information|missingIncludeSystem|Include file: <stdio.h> not found. Please note: Cppcheck does not need standard library headers to get proper results.,/home/yichen/Desktop/Deepseek_GSCP_Results04/logs/F023_cppcheck.log
/home/yichen/Desktop/Deepseek_GSCP04/F023.c,cppcheck,True,success,True,0,14,3,information,missingIncludeSystem,Include file: <stdlib.h> not found. Please note: Cppcheck does not need standard library headers to get proper results.,/home/yichen/Desktop/Deepseek_GSCP04/F023.c|3|information|missingIncludeSystem|Include file: <stdlib.h> not found. Please note: Cppcheck does not need standard library headers to get proper results.,/home/yichen/Desktop/Deepseek_GSCP_Results04/logs/F023_cppcheck.log
/home/yichen/Desktop/Deepseek_GSCP04/F023.c,cppcheck,True,success,True,0,14,4,information,missingIncludeSystem,Include file: <string.h> not found. Please note: Cppcheck does not need standard library headers to get proper results.,/home/yichen/Desktop/Deepseek_GSCP04/F023.c|4|information|missingIncludeSystem|Include file: <string.h> not found. Please note: Cppcheck does not need standard library headers to get proper results.,/home/yichen/Desktop/Deepseek_GSCP_Results04/logs/F023_cppcheck.log
/home/yichen/Desktop/Deepseek_GSCP04/F023.c,cppcheck,True,success,True,0,14,103,style,constVariablePointer,Variable 'cmd' can be declared as pointer to const,/home/yichen/Desktop/Deepseek_GSCP04/F023.c|103|style|constVariablePointer|Variable 'cmd' can be declared as pointer to const,/home/yichen/Desktop/Deepseek_GSCP_Results04/logs/F023_cppcheck.log
/home/yichen/Desktop/Deepseek_GSCP04/F023.c,cppcheck,True,success,True,0,14,106,style,constVariablePointer,Variable 'sender' can be declared as pointer to const,/home/yichen/Desktop/Deepseek_GSCP04/F023.c|106|style|constVariablePointer|Variable 'sender' can be declared as pointer to const,/home/yichen/Desktop/Deepseek_GSCP_Results04/logs/F023_cppcheck.log
/home/yichen/Desktop/Deepseek_GSCP04/F023.c,cppcheck,True,success,True,0,14,108,style,constVariablePointer,Variable 'subject' can be declared as pointer to const,/home/yichen/Desktop/Deepseek_GSCP04/F023.c|108|style|constVariablePointer|Variable 'subject' can be declared as pointer to const,/home/yichen/Desktop/Deepseek_GSCP_Results04/logs/F023_cppcheck.log
/home/yichen/Desktop/Deepseek_GSCP04/F023.c,cppcheck,True,success,True,0,14,110,style,constVariablePointer,Variable 'body' can be declared as pointer to const,/home/yichen/Desktop/Deepseek_GSCP04/F023.c|110|style|constVariablePointer|Variable 'body' can be declared as pointer to const,/home/yichen/Desktop/Deepseek_GSCP_Results04/logs/F023_cppcheck.log
/home/yichen/Desktop/Deepseek_GSCP04/F023.c,cppcheck,True,success,True,0,14,114,style,constVariablePointer,Variable 'subject' can be declared as pointer to const,/home/yichen/Desktop/Deepseek_GSCP04/F023.c|114|style|constVariablePointer|Variable 'subject' can be declared as pointer to const,/home/yichen/Desktop/Deepseek_GSCP_Results04/logs/F023_cppcheck.log
/home/yichen/Desktop/Deepseek_GSCP04/F023.c,cppcheck,True,success,True,0,14,116,style,constVariablePointer,Variable 'tag' can be declared as pointer to const,/home/yichen/Desktop/Deepseek_GSCP04/F023.c|116|style|constVariablePointer|Variable 'tag' can be declared as pointer to const,/home/yichen/Desktop/Deepseek_GSCP_Results04/logs/F023_cppcheck.log
/home/yichen/Desktop/Deepseek_GSCP04/F023.c,cppcheck,True,success,True,0,14,121,style,constVariablePointer,Variable 'subject' can be declared as pointer to const,/home/yichen/Desktop/Deepseek_GSCP04/F023.c|121|style|constVariablePointer|Variable 'subject' can be declared as pointer to const,/home/yichen/Desktop/Deepseek_GSCP_Results04/logs/F023_cppcheck.log
/home/yichen/Desktop/Deepseek_GSCP04/F023.c,cppcheck,True,success,True,0,14,123,style,constVariablePointer,Variable 'tag' can be declared as pointer to const,/home/yichen/Desktop/Deepseek_GSCP04/F023.c|123|style|constVariablePointer|Variable 'tag' can be declared as pointer to const,/home/yichen/Desktop/Deepseek_GSCP_Results04/logs/F023_cppcheck.log
/home/yichen/Desktop/Deepseek_GSCP04/F023.c,cppcheck,True,success,True,0,14,128,style,constVariablePointer,Variable 'subject' can be declared as pointer to const,/home/yichen/Desktop/Deepseek_GSCP04/F023.c|128|style|constVariablePointer|Variable 'subject' can be declared as pointer to const,/home/yichen/Desktop/Deepseek_GSCP_Results04/logs/F023_cppcheck.log
/home/yichen/Desktop/Deepseek_GSCP04/F023.c,cppcheck,True,success,True,0,14,131,style,constVariablePointer,Variable 'tag' can be declared as pointer to const,/home/yichen/Desktop/Deepseek_GSCP04/F023.c|131|style|constVariablePointer|Variable 'tag' can be declared as pointer to const,/home/yichen/Desktop/Deepseek_GSCP_Results04/logs/F023_cppcheck.log
nofile,cppcheck,True,success,True,0,14,0,information,checkersReport,Active checkers: 113/592 (use --checkers-report=<filename> to see details),nofile|0|information|checkersReport|Active checkers: 113/592 (use --checkers-report=<filename> to see details),/home/yichen/Desktop/Deepseek_GSCP_Results04/logs/F023_cppcheck.log
/home/yichen/Desktop/Deepseek_GSCP04/F024.c,cppcheck,True,success,True,0,14,2,information,missingIncludeSystem,Include file: <stdio.h> not found. Please note: Cppcheck does not need standard library headers to get proper results.,/home/yichen/Desktop/Deepseek_GSCP04/F024.c|2|information|missingIncludeSystem|Include file: <stdio.h> not found. Please note: Cppcheck does not need standard library headers to get proper results.,/home/yichen/Desktop/Deepseek_GSCP_Results04/logs/F024_cppcheck.log
/home/yichen/Desktop/Deepseek_GSCP04/F024.c,cppcheck,True,success,True,0,14,3,information,missingIncludeSystem,Include file: <stdlib.h> not found. Please note: Cppcheck does not need standard library headers to get proper results.,/home/yichen/Desktop/Deepseek_GSCP04/F024.c|3|information|missingIncludeSystem|Include file: <stdlib.h> not found. Please note: Cppcheck does not need standard library headers to get proper results.,/home/yichen/Desktop/Deepseek_GSCP_Results04/logs/F024_cppcheck.log
/home/yichen/Desktop/Deepseek_GSCP04/F024.c,cppcheck,True,success,True,0,14,4,information,missingIncludeSystem,Include file: <string.h> not found. Please note: Cppcheck does not need standard library headers to get proper results.,/home/yichen/Desktop/Deepseek_GSCP04/F024.c|4|information|missingIncludeSystem|Include file: <string.h> not found. Please note: Cppcheck does not need standard library headers to get proper results.,/home/yichen/Desktop/Deepseek_GSCP_Results04/logs/F024_cppcheck.log
/home/yichen/Desktop/Deepseek_GSCP04/F024.c,cppcheck,True,success,True,0,14,74,style,constVariablePointer,Variable 'b' can be declared as pointer to const,/home/yichen/Desktop/Deepseek_GSCP04/F024.c|74|style|constVariablePointer|Variable 'b' can be declared as pointer to const,/home/yichen/Desktop/Deepseek_GSCP_Results04/logs/F024_cppcheck.log
/home/yichen/Desktop/Deepseek_GSCP04/F024.c,cppcheck,True,success,True,0,14,92,style,constVariablePointer,Variable 'cmd' can be declared as pointer to const,/home/yichen/Desktop/Deepseek_GSCP04/F024.c|92|style|constVariablePointer|Variable 'cmd' can be declared as pointer to const,/home/yichen/Desktop/Deepseek_GSCP_Results04/logs/F024_cppcheck.log
/home/yichen/Desktop/Deepseek_GSCP04/F024.c,cppcheck,True,success,True,0,14,95,style,constVariablePointer,Variable 'title' can be declared as pointer to const,/home/yichen/Desktop/Deepseek_GSCP04/F024.c|95|style|constVariablePointer|Variable 'title' can be declared as pointer to const,/home/yichen/Desktop/Deepseek_GSCP_Results04/logs/F024_cppcheck.log
/home/yichen/Desktop/Deepseek_GSCP04/F024.c,cppcheck,True,success,True,0,14,97,style,constVariablePointer,Variable 'yearstr' can be declared as pointer to const,/home/yichen/Desktop/Deepseek_GSCP04/F024.c|97|style|constVariablePointer|Variable 'yearstr' can be declared as pointer to const,/home/yichen/Desktop/Deepseek_GSCP_Results04/logs/F024_cppcheck.log
/home/yichen/Desktop/Deepseek_GSCP04/F024.c,cppcheck,True,success,True,0,14,107,style,constVariablePointer,Variable 'title' can be declared as pointer to const,/home/yichen/Desktop/Deepseek_GSCP04/F024.c|107|style|constVariablePointer|Variable 'title' can be declared as pointer to const,/home/yichen/Desktop/Deepseek_GSCP_Results04/logs/F024_cppcheck.log
/home/yichen/Desktop/Deepseek_GSCP04/F024.c,cppcheck,True,success,True,0,14,109,style,constVariablePointer,Variable 'name' can be declared as pointer to const,/home/yichen/Desktop/Deepseek_GSCP04/F024.c|109|style|constVariablePointer|Variable 'name' can be declared as pointer to const,/home/yichen/Desktop/Deepseek_GSCP_Results04/logs/F024_cppcheck.log
/home/yichen/Desktop/Deepseek_GSCP04/F024.c,cppcheck,True,success,True,0,14,114,style,constVariablePointer,Variable 'title' can be declared as pointer to const,/home/yichen/Desktop/Deepseek_GSCP04/F024.c|114|style|constVariablePointer|Variable 'title' can be declared as pointer to const,/home/yichen/Desktop/Deepseek_GSCP_Results04/logs/F024_cppcheck.log
/home/yichen/Desktop/Deepseek_GSCP04/F024.c,cppcheck,True,success,True,0,14,116,style,constVariablePointer,Variable 'name' can be declared as pointer to const,/home/yichen/Desktop/Deepseek_GSCP04/F024.c|116|style|constVariablePointer|Variable 'name' can be declared as pointer to const,/home/yichen/Desktop/Deepseek_GSCP_Results04/logs/F024_cppcheck.log
/home/yichen/Desktop/Deepseek_GSCP04/F024.c,cppcheck,True,success,True,0,14,121,style,constVariablePointer,Variable 'title' can be declared as pointer to const,/home/yichen/Desktop/Deepseek_GSCP04/F024.c|121|style|constVariablePointer|Variable 'title' can be declared as pointer to const,/home/yichen/Desktop/Deepseek_GSCP_Results04/logs/F024_cppcheck.log
/home/yichen/Desktop/Deepseek_GSCP04/F024.c,cppcheck,True,success,True,0,14,124,style,constVariablePointer,Variable 'title' can be declared as pointer to const,/home/yichen/Desktop/Deepseek_GSCP04/F024.c|124|style|constVariablePointer|Variable 'title' can be declared as pointer to const,/home/yichen/Desktop/Deepseek_GSCP_Results04/logs/F024_cppcheck.log
nofile,cppcheck,True,success,True,0,14,0,information,checkersReport,Active checkers: 113/592 (use --checkers-report=<filename> to see details),nofile|0|information|checkersReport|Active checkers: 113/592 (use --checkers-report=<filename> to see details),/home/yichen/Desktop/Deepseek_GSCP_Results04/logs/F024_cppcheck.log
/home/yichen/Desktop/Deepseek_GSCP04/F025.c,cppcheck,True,success,True,0,16,2,information,missingIncludeSystem,Include file: <stdio.h> not found. Please note: Cppcheck does not need standard library headers to get proper results.,/home/yichen/Desktop/Deepseek_GSCP04/F025.c|2|information|missingIncludeSystem|Include file: <stdio.h> not found. Please note: Cppcheck does not need standard library headers to get proper results.,/home/yichen/Desktop/Deepseek_GSCP_Results04/logs/F025_cppcheck.log
/home/yichen/Desktop/Deepseek_GSCP04/F025.c,cppcheck,True,success,True,0,16,3,information,missingIncludeSystem,Include file: <stdlib.h> not found. Please note: Cppcheck does not need standard library headers to get proper results.,/home/yichen/Desktop/Deepseek_GSCP04/F025.c|3|information|missingIncludeSystem|Include file: <stdlib.h> not found. Please note: Cppcheck does not need standard library headers to get proper results.,/home/yichen/Desktop/Deepseek_GSCP_Results04/logs/F025_cppcheck.log
/home/yichen/Desktop/Deepseek_GSCP04/F025.c,cppcheck,True,success,True,0,16,4,information,missingIncludeSystem,Include file: <string.h> not found. Please note: Cppcheck does not need standard library headers to get proper results.,/home/yichen/Desktop/Deepseek_GSCP04/F025.c|4|information|missingIncludeSystem|Include file: <string.h> not found. Please note: Cppcheck does not need standard library headers to get proper results.,/home/yichen/Desktop/Deepseek_GSCP_Results04/logs/F025_cppcheck.log
/home/yichen/Desktop/Deepseek_GSCP04/F025.c,cppcheck,True,success,True,0,16,77,style,constVariablePointer,Variable 's' can be declared as pointer to const,/home/yichen/Desktop/Deepseek_GSCP04/F025.c|77|style|constVariablePointer|Variable 's' can be declared as pointer to const,/home/yichen/Desktop/Deepseek_GSCP_Results04/logs/F025_cppcheck.log
/home/yichen/Desktop/Deepseek_GSCP04/F025.c,cppcheck,True,success,True,0,16,116,style,constVariablePointer,Variable 'cmd' can be declared as pointer to const,/home/yichen/Desktop/Deepseek_GSCP04/F025.c|116|style|constVariablePointer|Variable 'cmd' can be declared as pointer to const,/home/yichen/Desktop/Deepseek_GSCP_Results04/logs/F025_cppcheck.log
/home/yichen/Desktop/Deepseek_GSCP04/F025.c,cppcheck,True,success,True,0,16,119,style,constVariablePointer,Variable 'name' can be declared as pointer to const,/home/yichen/Desktop/Deepseek_GSCP04/F025.c|119|style|constVariablePointer|Variable 'name' can be declared as pointer to const,/home/yichen/Desktop/Deepseek_GSCP_Results04/logs/F025_cppcheck.log
/home/yichen/Desktop/Deepseek_GSCP04/F025.c,cppcheck,True,success,True,0,16,123,style,constVariablePointer,Variable 'cname' can be declared as pointer to const,/home/yichen/Desktop/Deepseek_GSCP04/F025.c|123|style|constVariablePointer|Variable 'cname' can be declared as pointer to const,/home/yichen/Desktop/Deepseek_GSCP_Results04/logs/F025_cppcheck.log
/home/yichen/Desktop/Deepseek_GSCP04/F025.c,cppcheck,True,success,True,0,16,125,style,constVariablePointer,Variable 'sname' can be declared as pointer to const,/home/yichen/Desktop/Deepseek_GSCP04/F025.c|125|style|constVariablePointer|Variable 'sname' can be declared as pointer to const,/home/yichen/Desktop/Deepseek_GSCP_Results04/logs/F025_cppcheck.log
/home/yichen/Desktop/Deepseek_GSCP04/F025.c,cppcheck,True,success,True,0,16,127,style,constVariablePointer,Variable 'note' can be declared as pointer to const,/home/yichen/Desktop/Deepseek_GSCP04/F025.c|127|style|constVariablePointer|Variable 'note' can be declared as pointer to const,/home/yichen/Desktop/Deepseek_GSCP_Results04/logs/F025_cppcheck.log
/home/yichen/Desktop/Deepseek_GSCP04/F025.c,cppcheck,True,success,True,0,16,132,style,constVariablePointer,Variable 'from' can be declared as pointer to const,/home/yichen/Desktop/Deepseek_GSCP04/F025.c|132|style|constVariablePointer|Variable 'from' can be declared as pointer to const,/home/yichen/Desktop/Deepseek_GSCP_Results04/logs/F025_cppcheck.log
/home/yichen/Desktop/Deepseek_GSCP04/F025.c,cppcheck,True,success,True,0,16,133,style,constVariablePointer,Variable 'to' can be declared as pointer to const,/home/yichen/Desktop/Deepseek_GSCP04/F025.c|133|style|constVariablePointer|Variable 'to' can be declared as pointer to const,/home/yichen/Desktop/Deepseek_GSCP_Results04/logs/F025_cppcheck.log
/home/yichen/Desktop/Deepseek_GSCP04/F025.c,cppcheck,True,success,True,0,16,134,style,constVariablePointer,Variable 'sname' can be declared as pointer to const,/home/yichen/Desktop/Deepseek_GSCP04/F025.c|134|style|constVariablePointer|Variable 'sname' can be declared as pointer to const,/home/yichen/Desktop/Deepseek_GSCP_Results04/logs/F025_cppcheck.log
/home/yichen/Desktop/Deepseek_GSCP04/F025.c,cppcheck,True,success,True,0,16,137,style,constVariablePointer,Variable 'cname' can be declared as pointer to const,/home/yichen/Desktop/Deepseek_GSCP04/F025.c|137|style|constVariablePointer|Variable 'cname' can be declared as pointer to const,/home/yichen/Desktop/Deepseek_GSCP_Results04/logs/F025_cppcheck.log
/home/yichen/Desktop/Deepseek_GSCP04/F025.c,cppcheck,True,success,True,0,16,139,style,constVariablePointer,Variable 'sname' can be declared as pointer to const,/home/yichen/Desktop/Deepseek_GSCP04/F025.c|139|style|constVariablePointer|Variable 'sname' can be declared as pointer to const,/home/yichen/Desktop/Deepseek_GSCP_Results04/logs/F025_cppcheck.log
/home/yichen/Desktop/Deepseek_GSCP04/F025.c,cppcheck,True,success,True,0,16,144,style,constVariablePointer,Variable 'name' can be declared as pointer to const,/home/yichen/Desktop/Deepseek_GSCP04/F025.c|144|style|constVariablePointer|Variable 'name' can be declared as pointer to const,/home/yichen/Desktop/Deepseek_GSCP_Results04/logs/F025_cppcheck.log
nofile,cppcheck,True,success,True,0,16,0,information,checkersReport,Active checkers: 113/592 (use --checkers-report=<filename> to see details),nofile|0|information|checkersReport|Active checkers: 113/592 (use --checkers-report=<filename> to see details),/home/yichen/Desktop/Deepseek_GSCP_Results04/logs/F025_cppcheck.log
/home/yichen/Desktop/Deepseek_GSCP04/F026.c,cppcheck,True,success,True,0,10,2,information,missingIncludeSystem,Include file: <stdio.h> not found. Please note: Cppcheck does not need standard library headers to get proper results.,/home/yichen/Desktop/Deepseek_GSCP04/F026.c|2|information|missingIncludeSystem|Include file: <stdio.h> not found. Please note: Cppcheck does not need standard library headers to get proper results.,/home/yichen/Desktop/Deepseek_GSCP_Results04/logs/F026_cppcheck.log
/home/yichen/Desktop/Deepseek_GSCP04/F026.c,cppcheck,True,success,True,0,10,3,information,missingIncludeSystem,Include file: <stdlib.h> not found. Please note: Cppcheck does not need standard library headers to get proper results.,/home/yichen/Desktop/Deepseek_GSCP04/F026.c|3|information|missingIncludeSystem|Include file: <stdlib.h> not found. Please note: Cppcheck does not need standard library headers to get proper results.,/home/yichen/Desktop/Deepseek_GSCP_Results04/logs/F026_cppcheck.log
/home/yichen/Desktop/Deepseek_GSCP04/F026.c,cppcheck,True,success,True,0,10,4,information,missingIncludeSystem,Include file: <string.h> not found. Please note: Cppcheck does not need standard library headers to get proper results.,/home/yichen/Desktop/Deepseek_GSCP04/F026.c|4|information|missingIncludeSystem|Include file: <string.h> not found. Please note: Cppcheck does not need standard library headers to get proper results.,/home/yichen/Desktop/Deepseek_GSCP_Results04/logs/F026_cppcheck.log
/home/yichen/Desktop/Deepseek_GSCP04/F026.c,cppcheck,True,success,True,0,10,72,style,constVariablePointer,Variable 'cmd' can be declared as pointer to const,/home/yichen/Desktop/Deepseek_GSCP04/F026.c|72|style|constVariablePointer|Variable 'cmd' can be declared as pointer to const,/home/yichen/Desktop/Deepseek_GSCP_Results04/logs/F026_cppcheck.log
/home/yichen/Desktop/Deepseek_GSCP04/F026.c,cppcheck,True,success,True,0,10,75,style,constVariablePointer,Variable 'cat' can be declared as pointer to const,/home/yichen/Desktop/Deepseek_GSCP04/F026.c|75|style|constVariablePointer|Variable 'cat' can be declared as pointer to const,/home/yichen/Desktop/Deepseek_GSCP_Results04/logs/F026_cppcheck.log
/home/yichen/Desktop/Deepseek_GSCP04/F026.c,cppcheck,True,success,True,0,10,77,style,constVariablePointer,Variable 'text' can be declared as pointer to const,/home/yichen/Desktop/Deepseek_GSCP04/F026.c|77|style|constVariablePointer|Variable 'text' can be declared as pointer to const,/home/yichen/Desktop/Deepseek_GSCP_Results04/logs/F026_cppcheck.log
/home/yichen/Desktop/Deepseek_GSCP04/F026.c,cppcheck,True,success,True,0,10,81,style,constVariablePointer,Variable 'cat' can be declared as pointer to const,/home/yichen/Desktop/Deepseek_GSCP04/F026.c|81|style|constVariablePointer|Variable 'cat' can be declared as pointer to const,/home/yichen/Desktop/Deepseek_GSCP_Results04/logs/F026_cppcheck.log
/home/yichen/Desktop/Deepseek_GSCP04/F026.c,cppcheck,True,success,True,0,10,84,style,constVariablePointer,Variable 'cat' can be declared as pointer to const,/home/yichen/Desktop/Deepseek_GSCP04/F026.c|84|style|constVariablePointer|Variable 'cat' can be declared as pointer to const,/home/yichen/Desktop/Deepseek_GSCP_Results04/logs/F026_cppcheck.log
/home/yichen/Desktop/Deepseek_GSCP04/F026.c,cppcheck,True,success,True,0,10,87,style,constVariablePointer,Variable 'word' can be declared as pointer to const,/home/yichen/Desktop/Deepseek_GSCP04/F026.c|87|style|constVariablePointer|Variable 'word' can be declared as pointer to const,/home/yichen/Desktop/Deepseek_GSCP_Results04/logs/F026_cppcheck.log
nofile,cppcheck,True,success,True,0,10,0,information,checkersReport,Active checkers: 113/592 (use --checkers-report=<filename> to see details),nofile|0|information|checkersReport|Active checkers: 113/592 (use --checkers-report=<filename> to see details),/home/yichen/Desktop/Deepseek_GSCP_Results04/logs/F026_cppcheck.log
/home/yichen/Desktop/Deepseek_GSCP04/F027.c,cppcheck,True,success,True,0,12,2,information,missingIncludeSystem,Include file: <stdio.h> not found. Please note: Cppcheck does not need standard library headers to get proper results.,/home/yichen/Desktop/Deepseek_GSCP04/F027.c|2|information|missingIncludeSystem|Include file: <stdio.h> not found. Please note: Cppcheck does not need standard library headers to get proper results.,/home/yichen/Desktop/Deepseek_GSCP_Results04/logs/F027_cppcheck.log
/home/yichen/Desktop/Deepseek_GSCP04/F027.c,cppcheck,True,success,True,0,12,3,information,missingIncludeSystem,Include file: <stdlib.h> not found. Please note: Cppcheck does not need standard library headers to get proper results.,/home/yichen/Desktop/Deepseek_GSCP04/F027.c|3|information|missingIncludeSystem|Include file: <stdlib.h> not found. Please note: Cppcheck does not need standard library headers to get proper results.,/home/yichen/Desktop/Deepseek_GSCP_Results04/logs/F027_cppcheck.log
/home/yichen/Desktop/Deepseek_GSCP04/F027.c,cppcheck,True,success,True,0,12,4,information,missingIncludeSystem,Include file: <string.h> not found. Please note: Cppcheck does not need standard library headers to get proper results.,/home/yichen/Desktop/Deepseek_GSCP04/F027.c|4|information|missingIncludeSystem|Include file: <string.h> not found. Please note: Cppcheck does not need standard library headers to get proper results.,/home/yichen/Desktop/Deepseek_GSCP_Results04/logs/F027_cppcheck.log
/home/yichen/Desktop/Deepseek_GSCP04/F027.c,cppcheck,True,success,True,0,12,78,style,constVariablePointer,Variable 'cmd' can be declared as pointer to const,/home/yichen/Desktop/Deepseek_GSCP04/F027.c|78|style|constVariablePointer|Variable 'cmd' can be declared as pointer to const,/home/yichen/Desktop/Deepseek_GSCP_Results04/logs/F027_cppcheck.log
/home/yichen/Desktop/Deepseek_GSCP04/F027.c,cppcheck,True,success,True,0,12,81,style,constVariablePointer,Variable 'pstr' can be declared as pointer to const,/home/yichen/Desktop/Deepseek_GSCP04/F027.c|81|style|constVariablePointer|Variable 'pstr' can be declared as pointer to const,/home/yichen/Desktop/Deepseek_GSCP_Results04/logs/F027_cppcheck.log
/home/yichen/Desktop/Deepseek_GSCP04/F027.c,cppcheck,True,success,True,0,12,84,style,constVariablePointer,Variable 'title' can be declared as pointer to const,/home/yichen/Desktop/Deepseek_GSCP04/F027.c|84|style|constVariablePointer|Variable 'title' can be declared as pointer to const,/home/yichen/Desktop/Deepseek_GSCP_Results04/logs/F027_cppcheck.log
/home/yichen/Desktop/Deepseek_GSCP04/F027.c,cppcheck,True,success,True,0,12,86,style,constVariablePointer,Variable 'note' can be declared as pointer to const,/home/yichen/Desktop/Deepseek_GSCP04/F027.c|86|style|constVariablePointer|Variable 'note' can be declared as pointer to const,/home/yichen/Desktop/Deepseek_GSCP_Results04/logs/F027_cppcheck.log
/home/yichen/Desktop/Deepseek_GSCP04/F027.c,cppcheck,True,success,True,0,12,97,style,constVariablePointer,Variable 'title' can be declared as pointer to const,/home/yichen/Desktop/Deepseek_GSCP04/F027.c|97|style|constVariablePointer|Variable 'title' can be declared as pointer to const,/home/yichen/Desktop/Deepseek_GSCP_Results04/logs/F027_cppcheck.log
/home/yichen/Desktop/Deepseek_GSCP04/F027.c,cppcheck,True,success,True,0,12,99,style,constVariablePointer,Variable 'dstr' can be declared as pointer to const,/home/yichen/Desktop/Deepseek_GSCP04/F027.c|99|style|constVariablePointer|Variable 'dstr' can be declared as pointer to const,/home/yichen/Desktop/Deepseek_GSCP_Results04/logs/F027_cppcheck.log
/home/yichen/Desktop/Deepseek_GSCP04/F027.c,cppcheck,True,success,True,0,12,104,style,constVariablePointer,Variable 'title' can be declared as pointer to const,/home/yichen/Desktop/Deepseek_GSCP04/F027.c|104|style|constVariablePointer|Variable 'title' can be declared as pointer to const,/home/yichen/Desktop/Deepseek_GSCP_Results04/logs/F027_cppcheck.log
/home/yichen/Desktop/Deepseek_GSCP04/F027.c,cppcheck,True,success,True,0,12,107,style,constVariablePointer,Variable 'nstr' can be declared as pointer to const,/home/yichen/Desktop/Deepseek_GSCP04/F027.c|107|style|constVariablePointer|Variable 'nstr' can be declared as pointer to const,/home/yichen/Desktop/Deepseek_GSCP_Results04/logs/F027_cppcheck.log
nofile,cppcheck,True,success,True,0,12,0,information,checkersReport,Active checkers: 113/592 (use --checkers-report=<filename> to see details),nofile|0|information|checkersReport|Active checkers: 113/592 (use --checkers-report=<filename> to see details),/home/yichen/Desktop/Deepseek_GSCP_Results04/logs/F027_cppcheck.log
/home/yichen/Desktop/Deepseek_GSCP04/F028.c,cppcheck,True,success,True,0,14,2,information,missingIncludeSystem,Include file: <stdio.h> not found. Please note: Cppcheck does not need standard library headers to get proper results.,/home/yichen/Desktop/Deepseek_GSCP04/F028.c|2|information|missingIncludeSystem|Include file: <stdio.h> not found. Please note: Cppcheck does not need standard library headers to get proper results.,/home/yichen/Desktop/Deepseek_GSCP_Results04/logs/F028_cppcheck.log
/home/yichen/Desktop/Deepseek_GSCP04/F028.c,cppcheck,True,success,True,0,14,3,information,missingIncludeSystem,Include file: <stdlib.h> not found. Please note: Cppcheck does not need standard library headers to get proper results.,/home/yichen/Desktop/Deepseek_GSCP04/F028.c|3|information|missingIncludeSystem|Include file: <stdlib.h> not found. Please note: Cppcheck does not need standard library headers to get proper results.,/home/yichen/Desktop/Deepseek_GSCP_Results04/logs/F028_cppcheck.log
/home/yichen/Desktop/Deepseek_GSCP04/F028.c,cppcheck,True,success,True,0,14,4,information,missingIncludeSystem,Include file: <string.h> not found. Please note: Cppcheck does not need standard library headers to get proper results.,/home/yichen/Desktop/Deepseek_GSCP04/F028.c|4|information|missingIncludeSystem|Include file: <string.h> not found. Please note: Cppcheck does not need standard library headers to get proper results.,/home/yichen/Desktop/Deepseek_GSCP_Results04/logs/F028_cppcheck.log
/home/yichen/Desktop/Deepseek_GSCP04/F028.c,cppcheck,True,success,True,0,14,75,style,constVariablePointer,Variable 'cmd' can be declared as pointer to const,/home/yichen/Desktop/Deepseek_GSCP04/F028.c|75|style|constVariablePointer|Variable 'cmd' can be declared as pointer to const,/home/yichen/Desktop/Deepseek_GSCP_Results04/logs/F028_cppcheck.log
/home/yichen/Desktop/Deepseek_GSCP04/F028.c,cppcheck,True,success,True,0,14,78,style,constVariablePointer,Variable 'name' can be declared as pointer to const,/home/yichen/Desktop/Deepseek_GSCP04/F028.c|78|style|constVariablePointer|Variable 'name' can be declared as pointer to const,/home/yichen/Desktop/Deepseek_GSCP_Results04/logs/F028_cppcheck.log
/home/yichen/Desktop/Deepseek_GSCP04/F028.c,cppcheck,True,success,True,0,14,80,style,constVariablePointer,Variable 'note' can be declared as pointer to const,/home/yichen/Desktop/Deepseek_GSCP04/F028.c|80|style|constVariablePointer|Variable 'note' can be declared as pointer to const,/home/yichen/Desktop/Deepseek_GSCP_Results04/logs/F028_cppcheck.log
/home/yichen/Desktop/Deepseek_GSCP04/F028.c,cppcheck,True,success,True,0,14,84,style,constVariablePointer,Variable 'idxstr' can be declared as pointer to const,/home/yichen/Desktop/Deepseek_GSCP04/F028.c|84|style|constVariablePointer|Variable 'idxstr' can be declared as pointer to const,/home/yichen/Desktop/Deepseek_GSCP_Results04/logs/F028_cppcheck.log
/home/yichen/Desktop/Deepseek_GSCP04/F028.c,cppcheck,True,success,True,0,14,88,style,constVariablePointer,Variable 'name' can be declared as pointer to const,/home/yichen/Desktop/Deepseek_GSCP04/F028.c|88|style|constVariablePointer|Variable 'name' can be declared as pointer to const,/home/yichen/Desktop/Deepseek_GSCP_Results04/logs/F028_cppcheck.log
/home/yichen/Desktop/Deepseek_GSCP04/F028.c,cppcheck,True,success,True,0,14,90,style,constVariablePointer,Variable 'note' can be declared as pointer to const,/home/yichen/Desktop/Deepseek_GSCP04/F028.c|90|style|constVariablePointer|Variable 'note' can be declared as pointer to const,/home/yichen/Desktop/Deepseek_GSCP_Results04/logs/F028_cppcheck.log
/home/yichen/Desktop/Deepseek_GSCP04/F028.c,cppcheck,True,success,True,0,14,94,style,constVariablePointer,Variable 'from' can be declared as pointer to const,/home/yichen/Desktop/Deepseek_GSCP04/F028.c|94|style|constVariablePointer|Variable 'from' can be declared as pointer to const,/home/yichen/Desktop/Deepseek_GSCP_Results04/logs/F028_cppcheck.log
/home/yichen/Desktop/Deepseek_GSCP04/F028.c,cppcheck,True,success,True,0,14,95,style,constVariablePointer,Variable 'to' can be declared as pointer to const,/home/yichen/Desktop/Deepseek_GSCP04/F028.c|95|style|constVariablePointer|Variable 'to' can be declared as pointer to const,/home/yichen/Desktop/Deepseek_GSCP_Results04/logs/F028_cppcheck.log
/home/yichen/Desktop/Deepseek_GSCP04/F028.c,cppcheck,True,success,True,0,14,101,style,constVariablePointer,Variable 'idxstr' can be declared as pointer to const,/home/yichen/Desktop/Deepseek_GSCP04/F028.c|101|style|constVariablePointer|Variable 'idxstr' can be declared as pointer to const,/home/yichen/Desktop/Deepseek_GSCP_Results04/logs/F028_cppcheck.log
/home/yichen/Desktop/Deepseek_GSCP04/F028.c,cppcheck,True,success,True,0,14,107,style,constVariablePointer,Variable 'name' can be declared as pointer to const,/home/yichen/Desktop/Deepseek_GSCP04/F028.c|107|style|constVariablePointer|Variable 'name' can be declared as pointer to const,/home/yichen/Desktop/Deepseek_GSCP_Results04/logs/F028_cppcheck.log
nofile,cppcheck,True,success,True,0,14,0,information,checkersReport,Active checkers: 113/592 (use --checkers-report=<filename> to see details),nofile|0|information|checkersReport|Active checkers: 113/592 (use --checkers-report=<filename> to see details),/home/yichen/Desktop/Deepseek_GSCP_Results04/logs/F028_cppcheck.log
/home/yichen/Desktop/Deepseek_GSCP04/F029.c,cppcheck,True,success,True,0,9,2,information,missingIncludeSystem,Include file: <stdio.h> not found. Please note: Cppcheck does not need standard library headers to get proper results.,/home/yichen/Desktop/Deepseek_GSCP04/F029.c|2|information|missingIncludeSystem|Include file: <stdio.h> not found. Please note: Cppcheck does not need standard library headers to get proper results.,/home/yichen/Desktop/Deepseek_GSCP_Results04/logs/F029_cppcheck.log
/home/yichen/Desktop/Deepseek_GSCP04/F029.c,cppcheck,True,success,True,0,9,3,information,missingIncludeSystem,Include file: <stdlib.h> not found. Please note: Cppcheck does not need standard library headers to get proper results.,/home/yichen/Desktop/Deepseek_GSCP04/F029.c|3|information|missingIncludeSystem|Include file: <stdlib.h> not found. Please note: Cppcheck does not need standard library headers to get proper results.,/home/yichen/Desktop/Deepseek_GSCP_Results04/logs/F029_cppcheck.log
/home/yichen/Desktop/Deepseek_GSCP04/F029.c,cppcheck,True,success,True,0,9,4,information,missingIncludeSystem,Include file: <string.h> not found. Please note: Cppcheck does not need standard library headers to get proper results.,/home/yichen/Desktop/Deepseek_GSCP04/F029.c|4|information|missingIncludeSystem|Include file: <string.h> not found. Please note: Cppcheck does not need standard library headers to get proper results.,/home/yichen/Desktop/Deepseek_GSCP_Results04/logs/F029_cppcheck.log
/home/yichen/Desktop/Deepseek_GSCP04/F029.c,cppcheck,True,success,True,0,9,74,style,constVariablePointer,Variable 'cmd' can be declared as pointer to const,/home/yichen/Desktop/Deepseek_GSCP04/F029.c|74|style|constVariablePointer|Variable 'cmd' can be declared as pointer to const,/home/yichen/Desktop/Deepseek_GSCP_Results04/logs/F029_cppcheck.log
/home/yichen/Desktop/Deepseek_GSCP04/F029.c,cppcheck,True,success,True,0,9,77,style,constVariablePointer,Variable 'key' can be declared as pointer to const,/home/yichen/Desktop/Deepseek_GSCP04/F029.c|77|style|constVariablePointer|Variable 'key' can be declared as pointer to const,/home/yichen/Desktop/Deepseek_GSCP_Results04/logs/F029_cppcheck.log
/home/yichen/Desktop/Deepseek_GSCP04/F029.c,cppcheck,True,success,True,0,9,79,style,constVariablePointer,Variable 'val' can be declared as pointer to const,/home/yichen/Desktop/Deepseek_GSCP04/F029.c|79|style|constVariablePointer|Variable 'val' can be declared as pointer to const,/home/yichen/Desktop/Deepseek_GSCP_Results04/logs/F029_cppcheck.log
/home/yichen/Desktop/Deepseek_GSCP04/F029.c,cppcheck,True,success,True,0,9,85,style,constVariablePointer,Variable 'key' can be declared as pointer to const,/home/yichen/Desktop/Deepseek_GSCP04/F029.c|85|style|constVariablePointer|Variable 'key' can be declared as pointer to const,/home/yichen/Desktop/Deepseek_GSCP_Results04/logs/F029_cppcheck.log
/home/yichen/Desktop/Deepseek_GSCP04/F029.c,cppcheck,True,success,True,0,9,88,style,constVariablePointer,Variable 'key' can be declared as pointer to const,/home/yichen/Desktop/Deepseek_GSCP04/F029.c|88|style|constVariablePointer|Variable 'key' can be declared as pointer to const,/home/yichen/Desktop/Deepseek_GSCP_Results04/logs/F029_cppcheck.log
nofile,cppcheck,True,success,True,0,9,0,information,checkersReport,Active checkers: 113/592 (use --checkers-report=<filename> to see details),nofile|0|information|checkersReport|Active checkers: 113/592 (use --checkers-report=<filename> to see details),/home/yichen/Desktop/Deepseek_GSCP_Results04/logs/F029_cppcheck.log
/home/yichen/Desktop/Deepseek_GSCP04/F030.c,cppcheck,True,success,True,0,11,2,information,missingIncludeSystem,Include file: <stdio.h> not found. Please note: Cppcheck does not need standard library headers to get proper results.,/home/yichen/Desktop/Deepseek_GSCP04/F030.c|2|information|missingIncludeSystem|Include file: <stdio.h> not found. Please note: Cppcheck does not need standard library headers to get proper results.,/home/yichen/Desktop/Deepseek_GSCP_Results04/logs/F030_cppcheck.log
/home/yichen/Desktop/Deepseek_GSCP04/F030.c,cppcheck,True,success,True,0,11,3,information,missingIncludeSystem,Include file: <stdlib.h> not found. Please note: Cppcheck does not need standard library headers to get proper results.,/home/yichen/Desktop/Deepseek_GSCP04/F030.c|3|information|missingIncludeSystem|Include file: <stdlib.h> not found. Please note: Cppcheck does not need standard library headers to get proper results.,/home/yichen/Desktop/Deepseek_GSCP_Results04/logs/F030_cppcheck.log
/home/yichen/Desktop/Deepseek_GSCP04/F030.c,cppcheck,True,success,True,0,11,4,information,missingIncludeSystem,Include file: <string.h> not found. Please note: Cppcheck does not need standard library headers to get proper results.,/home/yichen/Desktop/Deepseek_GSCP04/F030.c|4|information|missingIncludeSystem|Include file: <string.h> not found. Please note: Cppcheck does not need standard library headers to get proper results.,/home/yichen/Desktop/Deepseek_GSCP_Results04/logs/F030_cppcheck.log
/home/yichen/Desktop/Deepseek_GSCP04/F030.c,cppcheck,True,success,True,0,11,80,style,constVariablePointer,Variable 'cmd' can be declared as pointer to const,/home/yichen/Desktop/Deepseek_GSCP04/F030.c|80|style|constVariablePointer|Variable 'cmd' can be declared as pointer to const,/home/yichen/Desktop/Deepseek_GSCP_Results04/logs/F030_cppcheck.log
/home/yichen/Desktop/Deepseek_GSCP04/F030.c,cppcheck,True,success,True,0,11,83,style,constVariablePointer,Variable 'old' can be declared as pointer to const,/home/yichen/Desktop/Deepseek_GSCP04/F030.c|83|style|constVariablePointer|Variable 'old' can be declared as pointer to const,/home/yichen/Desktop/Deepseek_GSCP_Results04/logs/F030_cppcheck.log
/home/yichen/Desktop/Deepseek_GSCP04/F030.c,cppcheck,True,success,True,0,11,85,style,constVariablePointer,Variable 'new' can be declared as pointer to const,/home/yichen/Desktop/Deepseek_GSCP04/F030.c|85|style|constVariablePointer|Variable 'new' can be declared as pointer to const,/home/yichen/Desktop/Deepseek_GSCP_Results04/logs/F030_cppcheck.log
/home/yichen/Desktop/Deepseek_GSCP04/F030.c,cppcheck,True,success,True,0,11,89,style,constVariablePointer,Variable 'text' can be declared as pointer to const,/home/yichen/Desktop/Deepseek_GSCP04/F030.c|89|style|constVariablePointer|Variable 'text' can be declared as pointer to const,/home/yichen/Desktop/Deepseek_GSCP_Results04/logs/F030_cppcheck.log
/home/yichen/Desktop/Deepseek_GSCP04/F030.c,cppcheck,True,success,True,0,11,93,style,constVariablePointer,Variable 'old' can be declared as pointer to const,/home/yichen/Desktop/Deepseek_GSCP04/F030.c|93|style|constVariablePointer|Variable 'old' can be declared as pointer to const,/home/yichen/Desktop/Deepseek_GSCP_Results04/logs/F030_cppcheck.log
/home/yichen/Desktop/Deepseek_GSCP04/F030.c,cppcheck,True,success,True,0,11,96,style,constVariablePointer,Variable 'i1' can be declared as pointer to const,/home/yichen/Desktop/Deepseek_GSCP04/F030.c|96|style|constVariablePointer|Variable 'i1' can be declared as pointer to const,/home/yichen/Desktop/Deepseek_GSCP_Results04/logs/F030_cppcheck.log
/home/yichen/Desktop/Deepseek_GSCP04/F030.c,cppcheck,True,success,True,0,11,97,style,constVariablePointer,Variable 'i2' can be declared as pointer to const,/home/yichen/Desktop/Deepseek_GSCP04/F030.c|97|style|constVariablePointer|Variable 'i2' can be declared as pointer to const,/home/yichen/Desktop/Deepseek_GSCP_Results04/logs/F030_cppcheck.log
nofile,cppcheck,True,success,True,0,11,0,information,checkersReport,Active checkers: 113/592 (use --checkers-report=<filename> to see details),nofile|0|information|checkersReport|Active checkers: 113/592 (use --checkers-report=<filename> to see details),/home/yichen/Desktop/Deepseek_GSCP_Results04/logs/F030_cppcheck.log
/home/yichen/Desktop/Deepseek_GSCP04/F031.c,cppcheck,True,success,True,0,11,2,information,missingIncludeSystem,Include file: <stdio.h> not found. Please note: Cppcheck does not need standard library headers to get proper results.,/home/yichen/Desktop/Deepseek_GSCP04/F031.c|2|information|missingIncludeSystem|Include file: <stdio.h> not found. Please note: Cppcheck does not need standard library headers to get proper results.,/home/yichen/Desktop/Deepseek_GSCP_Results04/logs/F031_cppcheck.log
/home/yichen/Desktop/Deepseek_GSCP04/F031.c,cppcheck,True,success,True,0,11,3,information,missingIncludeSystem,Include file: <stdlib.h> not found. Please note: Cppcheck does not need standard library headers to get proper results.,/home/yichen/Desktop/Deepseek_GSCP04/F031.c|3|information|missingIncludeSystem|Include file: <stdlib.h> not found. Please note: Cppcheck does not need standard library headers to get proper results.,/home/yichen/Desktop/Deepseek_GSCP_Results04/logs/F031_cppcheck.log
/home/yichen/Desktop/Deepseek_GSCP04/F031.c,cppcheck,True,success,True,0,11,4,information,missingIncludeSystem,Include file: <string.h> not found. Please note: Cppcheck does not need standard library headers to get proper results.,/home/yichen/Desktop/Deepseek_GSCP04/F031.c|4|information|missingIncludeSystem|Include file: <string.h> not found. Please note: Cppcheck does not need standard library headers to get proper results.,/home/yichen/Desktop/Deepseek_GSCP_Results04/logs/F031_cppcheck.log
/home/yichen/Desktop/Deepseek_GSCP04/F031.c,cppcheck,True,success,True,0,11,56,style,constVariablePointer,Variable 'name' can be declared as pointer to const,/home/yichen/Desktop/Deepseek_GSCP04/F031.c|56|style|constVariablePointer|Variable 'name' can be declared as pointer to const,/home/yichen/Desktop/Deepseek_GSCP_Results04/logs/F031_cppcheck.log
/home/yichen/Desktop/Deepseek_GSCP04/F031.c,cppcheck,True,success,True,0,11,78,style,constVariablePointer,Variable 'name' can be declared as pointer to const,/home/yichen/Desktop/Deepseek_GSCP04/F031.c|78|style|constVariablePointer|Variable 'name' can be declared as pointer to const,/home/yichen/Desktop/Deepseek_GSCP_Results04/logs/F031_cppcheck.log
/home/yichen/Desktop/Deepseek_GSCP04/F031.c,cppcheck,True,success,True,0,11,79,style,constVariablePointer,Variable 'note' can be declared as pointer to const,/home/yichen/Desktop/Deepseek_GSCP04/F031.c|79|style|constVariablePointer|Variable 'note' can be declared as pointer to const,/home/yichen/Desktop/Deepseek_GSCP_Results04/logs/F031_cppcheck.log
/home/yichen/Desktop/Deepseek_GSCP04/F031.c,cppcheck,True,success,True,0,11,93,style,constVariablePointer,Variable 'cmd' can be declared as pointer to const,/home/yichen/Desktop/Deepseek_GSCP04/F031.c|93|style|constVariablePointer|Variable 'cmd' can be declared as pointer to const,/home/yichen/Desktop/Deepseek_GSCP_Results04/logs/F031_cppcheck.log
/home/yichen/Desktop/Deepseek_GSCP04/F031.c,cppcheck,True,success,True,0,11,96,style,constVariablePointer,Variable 'nstr' can be declared as pointer to const,/home/yichen/Desktop/Deepseek_GSCP04/F031.c|96|style|constVariablePointer|Variable 'nstr' can be declared as pointer to const,/home/yichen/Desktop/Deepseek_GSCP_Results04/logs/F031_cppcheck.log
/home/yichen/Desktop/Deepseek_GSCP04/F031.c,cppcheck,True,success,True,0,11,101,style,constVariablePointer,Variable 'name' can be declared as pointer to const,/home/yichen/Desktop/Deepseek_GSCP04/F031.c|101|style|constVariablePointer|Variable 'name' can be declared as pointer to const,/home/yichen/Desktop/Deepseek_GSCP_Results04/logs/F031_cppcheck.log
/home/yichen/Desktop/Deepseek_GSCP04/F031.c,cppcheck,True,success,True,0,11,104,style,constVariablePointer,Variable 'name' can be declared as pointer to const,/home/yichen/Desktop/Deepseek_GSCP04/F031.c|104|style|constVariablePointer|Variable 'name' can be declared as pointer to const,/home/yichen/Desktop/Deepseek_GSCP_Results04/logs/F031_cppcheck.log
nofile,cppcheck,True,success,True,0,11,0,information,checkersReport,Active checkers: 113/592 (use --checkers-report=<filename> to see details),nofile|0|information|checkersReport|Active checkers: 113/592 (use --checkers-report=<filename> to see details),/home/yichen/Desktop/Deepseek_GSCP_Results04/logs/F031_cppcheck.log
/home/yichen/Desktop/Deepseek_GSCP04/F032.c,cppcheck,True,success,True,0,11,2,information,missingIncludeSystem,Include file: <stdio.h> not found. Please note: Cppcheck does not need standard library headers to get proper results.,/home/yichen/Desktop/Deepseek_GSCP04/F032.c|2|information|missingIncludeSystem|Include file: <stdio.h> not found. Please note: Cppcheck does not need standard library headers to get proper results.,/home/yichen/Desktop/Deepseek_GSCP_Results04/logs/F032_cppcheck.log
/home/yichen/Desktop/Deepseek_GSCP04/F032.c,cppcheck,True,success,True,0,11,3,information,missingIncludeSystem,Include file: <stdlib.h> not found. Please note: Cppcheck does not need standard library headers to get proper results.,/home/yichen/Desktop/Deepseek_GSCP04/F032.c|3|information|missingIncludeSystem|Include file: <stdlib.h> not found. Please note: Cppcheck does not need standard library headers to get proper results.,/home/yichen/Desktop/Deepseek_GSCP_Results04/logs/F032_cppcheck.log
/home/yichen/Desktop/Deepseek_GSCP04/F032.c,cppcheck,True,success,True,0,11,4,information,missingIncludeSystem,Include file: <string.h> not found. Please note: Cppcheck does not need standard library headers to get proper results.,/home/yichen/Desktop/Deepseek_GSCP04/F032.c|4|information|missingIncludeSystem|Include file: <string.h> not found. Please note: Cppcheck does not need standard library headers to get proper results.,/home/yichen/Desktop/Deepseek_GSCP_Results04/logs/F032_cppcheck.log
/home/yichen/Desktop/Deepseek_GSCP04/F032.c,cppcheck,True,success,True,0,11,96,style,constVariablePointer,Variable 's' can be declared as pointer to const,/home/yichen/Desktop/Deepseek_GSCP04/F032.c|96|style|constVariablePointer|Variable 's' can be declared as pointer to const,/home/yichen/Desktop/Deepseek_GSCP_Results04/logs/F032_cppcheck.log
/home/yichen/Desktop/Deepseek_GSCP04/F032.c,cppcheck,True,success,True,0,11,111,style,constVariablePointer,Variable 'cmd' can be declared as pointer to const,/home/yichen/Desktop/Deepseek_GSCP04/F032.c|111|style|constVariablePointer|Variable 'cmd' can be declared as pointer to const,/home/yichen/Desktop/Deepseek_GSCP_Results04/logs/F032_cppcheck.log
/home/yichen/Desktop/Deepseek_GSCP04/F032.c,cppcheck,True,success,True,0,11,114,style,constVariablePointer,Variable 'key' can be declared as pointer to const,/home/yichen/Desktop/Deepseek_GSCP04/F032.c|114|style|constVariablePointer|Variable 'key' can be declared as pointer to const,/home/yichen/Desktop/Deepseek_GSCP_Results04/logs/F032_cppcheck.log
/home/yichen/Desktop/Deepseek_GSCP04/F032.c,cppcheck,True,success,True,0,11,116,style,constVariablePointer,Variable 'val' can be declared as pointer to const,/home/yichen/Desktop/Deepseek_GSCP04/F032.c|116|style|constVariablePointer|Variable 'val' can be declared as pointer to const,/home/yichen/Desktop/Deepseek_GSCP_Results04/logs/F032_cppcheck.log
/home/yichen/Desktop/Deepseek_GSCP04/F032.c,cppcheck,True,success,True,0,11,122,style,constVariablePointer,Variable 'key' can be declared as pointer to const,/home/yichen/Desktop/Deepseek_GSCP04/F032.c|122|style|constVariablePointer|Variable 'key' can be declared as pointer to const,/home/yichen/Desktop/Deepseek_GSCP_Results04/logs/F032_cppcheck.log
/home/yichen/Desktop/Deepseek_GSCP04/F032.c,cppcheck,True,success,True,0,11,124,style,constVariablePointer,Variable 'val' can be declared as pointer to const,/home/yichen/Desktop/Deepseek_GSCP04/F032.c|124|style|constVariablePointer|Variable 'val' can be declared as pointer to const,/home/yichen/Desktop/Deepseek_GSCP_Results04/logs/F032_cppcheck.log
/home/yichen/Desktop/Deepseek_GSCP04/F032.c,cppcheck,True,success,True,0,11,132,style,constVariablePointer,Variable 'key' can be declared as pointer to const,/home/yichen/Desktop/Deepseek_GSCP04/F032.c|132|style|constVariablePointer|Variable 'key' can be declared as pointer to const,/home/yichen/Desktop/Deepseek_GSCP_Results04/logs/F032_cppcheck.log
nofile,cppcheck,True,success,True,0,11,0,information,checkersReport,Active checkers: 113/592 (use --checkers-report=<filename> to see details),nofile|0|information|checkersReport|Active checkers: 113/592 (use --checkers-report=<filename> to see details),/home/yichen/Desktop/Deepseek_GSCP_Results04/logs/F032_cppcheck.log
/home/yichen/Desktop/Deepseek_GSCP04/F033.c,cppcheck,True,success,True,0,16,2,information,missingIncludeSystem,Include file: <stdio.h> not found. Please note: Cppcheck does not need standard library headers to get proper results.,/home/yichen/Desktop/Deepseek_GSCP04/F033.c|2|information|missingIncludeSystem|Include file: <stdio.h> not found. Please note: Cppcheck does not need standard library headers to get proper results.,/home/yichen/Desktop/Deepseek_GSCP_Results04/logs/F033_cppcheck.log
/home/yichen/Desktop/Deepseek_GSCP04/F033.c,cppcheck,True,success,True,0,16,3,information,missingIncludeSystem,Include file: <stdlib.h> not found. Please note: Cppcheck does not need standard library headers to get proper results.,/home/yichen/Desktop/Deepseek_GSCP04/F033.c|3|information|missingIncludeSystem|Include file: <stdlib.h> not found. Please note: Cppcheck does not need standard library headers to get proper results.,/home/yichen/Desktop/Deepseek_GSCP_Results04/logs/F033_cppcheck.log
/home/yichen/Desktop/Deepseek_GSCP04/F033.c,cppcheck,True,success,True,0,16,4,information,missingIncludeSystem,Include file: <string.h> not found. Please note: Cppcheck does not need standard library headers to get proper results.,/home/yichen/Desktop/Deepseek_GSCP04/F033.c|4|information|missingIncludeSystem|Include file: <string.h> not found. Please note: Cppcheck does not need standard library headers to get proper results.,/home/yichen/Desktop/Deepseek_GSCP_Results04/logs/F033_cppcheck.log
/home/yichen/Desktop/Deepseek_GSCP04/F033.c,cppcheck,True,success,True,0,16,61,style,constVariablePointer,Variable 'e' can be declared as pointer to const,/home/yichen/Desktop/Deepseek_GSCP04/F033.c|61|style|constVariablePointer|Variable 'e' can be declared as pointer to const,/home/yichen/Desktop/Deepseek_GSCP_Results04/logs/F033_cppcheck.log
/home/yichen/Desktop/Deepseek_GSCP04/F033.c,cppcheck,True,success,True,0,16,78,style,constVariablePointer,Variable 'cmd' can be declared as pointer to const,/home/yichen/Desktop/Deepseek_GSCP04/F033.c|78|style|constVariablePointer|Variable 'cmd' can be declared as pointer to const,/home/yichen/Desktop/Deepseek_GSCP_Results04/logs/F033_cppcheck.log
/home/yichen/Desktop/Deepseek_GSCP04/F033.c,cppcheck,True,success,True,0,16,81,style,constVariablePointer,Variable 'id' can be declared as pointer to const,/home/yichen/Desktop/Deepseek_GSCP04/F033.c|81|style|constVariablePointer|Variable 'id' can be declared as pointer to const,/home/yichen/Desktop/Deepseek_GSCP_Results04/logs/F033_cppcheck.log
/home/yichen/Desktop/Deepseek_GSCP04/F033.c,cppcheck,True,success,True,0,16,83,style,constVariablePointer,Variable 'name' can be declared as pointer to const,/home/yichen/Desktop/Deepseek_GSCP04/F033.c|83|style|constVariablePointer|Variable 'name' can be declared as pointer to const,/home/yichen/Desktop/Deepseek_GSCP_Results04/logs/F033_cppcheck.log
/home/yichen/Desktop/Deepseek_GSCP04/F033.c,cppcheck,True,success,True,0,16,85,style,constVariablePointer,Variable 'dept' can be declared as pointer to const,/home/yichen/Desktop/Deepseek_GSCP04/F033.c|85|style|constVariablePointer|Variable 'dept' can be declared as pointer to const,/home/yichen/Desktop/Deepseek_GSCP_Results04/logs/F033_cppcheck.log
/home/yichen/Desktop/Deepseek_GSCP04/F033.c,cppcheck,True,success,True,0,16,87,style,constVariablePointer,Variable 'title' can be declared as pointer to const,/home/yichen/Desktop/Deepseek_GSCP04/F033.c|87|style|constVariablePointer|Variable 'title' can be declared as pointer to const,/home/yichen/Desktop/Deepseek_GSCP_Results04/logs/F033_cppcheck.log
/home/yichen/Desktop/Deepseek_GSCP04/F033.c,cppcheck,True,success,True,0,16,95,style,constVariablePointer,Variable 'id' can be declared as pointer to const,/home/yichen/Desktop/Deepseek_GSCP04/F033.c|95|style|constVariablePointer|Variable 'id' can be declared as pointer to const,/home/yichen/Desktop/Deepseek_GSCP_Results04/logs/F033_cppcheck.log
/home/yichen/Desktop/Deepseek_GSCP04/F033.c,cppcheck,True,success,True,0,16,97,style,constVariablePointer,Variable 'name' can be declared as pointer to const,/home/yichen/Desktop/Deepseek_GSCP04/F033.c|97|style|constVariablePointer|Variable 'name' can be declared as pointer to const,/home/yichen/Desktop/Deepseek_GSCP_Results04/logs/F033_cppcheck.log
/home/yichen/Desktop/Deepseek_GSCP04/F033.c,cppcheck,True,success,True,0,16,99,style,constVariablePointer,Variable 'dept' can be declared as pointer to const,/home/yichen/Desktop/Deepseek_GSCP04/F033.c|99|style|constVariablePointer|Variable 'dept' can be declared as pointer to const,/home/yichen/Desktop/Deepseek_GSCP_Results04/logs/F033_cppcheck.log
/home/yichen/Desktop/Deepseek_GSCP04/F033.c,cppcheck,True,success,True,0,16,101,style,constVariablePointer,Variable 'title' can be declared as pointer to const,/home/yichen/Desktop/Deepseek_GSCP04/F033.c|101|style|constVariablePointer|Variable 'title' can be declared as pointer to const,/home/yichen/Desktop/Deepseek_GSCP_Results04/logs/F033_cppcheck.log
/home/yichen/Desktop/Deepseek_GSCP04/F033.c,cppcheck,True,success,True,0,16,105,style,constVariablePointer,Variable 'id' can be declared as pointer to const,/home/yichen/Desktop/Deepseek_GSCP04/F033.c|105|style|constVariablePointer|Variable 'id' can be declared as pointer to const,/home/yichen/Desktop/Deepseek_GSCP_Results04/logs/F033_cppcheck.log
/home/yichen/Desktop/Deepseek_GSCP04/F033.c,cppcheck,True,success,True,0,16,108,style,constVariablePointer,Variable 'id' can be declared as pointer to const,/home/yichen/Desktop/Deepseek_GSCP04/F033.c|108|style|constVariablePointer|Variable 'id' can be declared as pointer to const,/home/yichen/Desktop/Deepseek_GSCP_Results04/logs/F033_cppcheck.log
nofile,cppcheck,True,success,True,0,16,0,information,checkersReport,Active checkers: 113/592 (use --checkers-report=<filename> to see details),nofile|0|information|checkersReport|Active checkers: 113/592 (use --checkers-report=<filename> to see details),/home/yichen/Desktop/Deepseek_GSCP_Results04/logs/F033_cppcheck.log
/home/yichen/Desktop/Deepseek_GSCP04/F034.c,cppcheck,True,success,True,0,11,2,information,missingIncludeSystem,Include file: <stdio.h> not found. Please note: Cppcheck does not need standard library headers to get proper results.,/home/yichen/Desktop/Deepseek_GSCP04/F034.c|2|information|missingIncludeSystem|Include file: <stdio.h> not found. Please note: Cppcheck does not need standard library headers to get proper results.,/home/yichen/Desktop/Deepseek_GSCP_Results04/logs/F034_cppcheck.log
/home/yichen/Desktop/Deepseek_GSCP04/F034.c,cppcheck,True,success,True,0,11,3,information,missingIncludeSystem,Include file: <stdlib.h> not found. Please note: Cppcheck does not need standard library headers to get proper results.,/home/yichen/Desktop/Deepseek_GSCP04/F034.c|3|information|missingIncludeSystem|Include file: <stdlib.h> not found. Please note: Cppcheck does not need standard library headers to get proper results.,/home/yichen/Desktop/Deepseek_GSCP_Results04/logs/F034_cppcheck.log
/home/yichen/Desktop/Deepseek_GSCP04/F034.c,cppcheck,True,success,True,0,11,4,information,missingIncludeSystem,Include file: <string.h> not found. Please note: Cppcheck does not need standard library headers to get proper results.,/home/yichen/Desktop/Deepseek_GSCP04/F034.c|4|information|missingIncludeSystem|Include file: <string.h> not found. Please note: Cppcheck does not need standard library headers to get proper results.,/home/yichen/Desktop/Deepseek_GSCP_Results04/logs/F034_cppcheck.log
/home/yichen/Desktop/Deepseek_GSCP04/F034.c,cppcheck,True,success,True,0,11,61,style,constVariablePointer,Variable 'name' can be declared as pointer to const,/home/yichen/Desktop/Deepseek_GSCP04/F034.c|61|style|constVariablePointer|Variable 'name' can be declared as pointer to const,/home/yichen/Desktop/Deepseek_GSCP_Results04/logs/F034_cppcheck.log
/home/yichen/Desktop/Deepseek_GSCP04/F034.c,cppcheck,True,success,True,0,11,63,style,constVariablePointer,Variable 'note' can be declared as pointer to const,/home/yichen/Desktop/Deepseek_GSCP04/F034.c|63|style|constVariablePointer|Variable 'note' can be declared as pointer to const,/home/yichen/Desktop/Deepseek_GSCP_Results04/logs/F034_cppcheck.log
/home/yichen/Desktop/Deepseek_GSCP04/F034.c,cppcheck,True,success,True,0,11,89,style,constVariablePointer,Variable 'filepath' can be declared as pointer to const,/home/yichen/Desktop/Deepseek_GSCP04/F034.c|89|style|constVariablePointer|Variable 'filepath' can be declared as pointer to const,/home/yichen/Desktop/Deepseek_GSCP_Results04/logs/F034_cppcheck.log
/home/yichen/Desktop/Deepseek_GSCP04/F034.c,cppcheck,True,success,True,0,11,95,style,constVariablePointer,Variable 'cmd' can be declared as pointer to const,/home/yichen/Desktop/Deepseek_GSCP04/F034.c|95|style|constVariablePointer|Variable 'cmd' can be declared as pointer to const,/home/yichen/Desktop/Deepseek_GSCP_Results04/logs/F034_cppcheck.log
/home/yichen/Desktop/Deepseek_GSCP04/F034.c,cppcheck,True,success,True,0,11,100,style,constVariablePointer,Variable 'name' can be declared as pointer to const,/home/yichen/Desktop/Deepseek_GSCP04/F034.c|100|style|constVariablePointer|Variable 'name' can be declared as pointer to const,/home/yichen/Desktop/Deepseek_GSCP_Results04/logs/F034_cppcheck.log
/home/yichen/Desktop/Deepseek_GSCP04/F034.c,cppcheck,True,success,True,0,11,102,style,constVariablePointer,Variable 'note' can be declared as pointer to const,/home/yichen/Desktop/Deepseek_GSCP04/F034.c|102|style|constVariablePointer|Variable 'note' can be declared as pointer to const,/home/yichen/Desktop/Deepseek_GSCP_Results04/logs/F034_cppcheck.log
/home/yichen/Desktop/Deepseek_GSCP04/F034.c,cppcheck,True,success,True,0,11,106,style,constVariablePointer,Variable 'name' can be declared as pointer to const,/home/yichen/Desktop/Deepseek_GSCP04/F034.c|106|style|constVariablePointer|Variable 'name' can be declared as pointer to const,/home/yichen/Desktop/Deepseek_GSCP_Results04/logs/F034_cppcheck.log
nofile,cppcheck,True,success,True,0,11,0,information,checkersReport,Active checkers: 113/592 (use --checkers-report=<filename> to see details),nofile|0|information|checkersReport|Active checkers: 113/592 (use --checkers-report=<filename> to see details),/home/yichen/Desktop/Deepseek_GSCP_Results04/logs/F034_cppcheck.log
/home/yichen/Desktop/Deepseek_GSCP04/F035.c,cppcheck,True,success,True,0,13,2,information,missingIncludeSystem,Include file: <stdio.h> not found. Please note: Cppcheck does not need standard library headers to get proper results.,/home/yichen/Desktop/Deepseek_GSCP04/F035.c|2|information|missingIncludeSystem|Include file: <stdio.h> not found. Please note: Cppcheck does not need standard library headers to get proper results.,/home/yichen/Desktop/Deepseek_GSCP_Results04/logs/F035_cppcheck.log
/home/yichen/Desktop/Deepseek_GSCP04/F035.c,cppcheck,True,success,True,0,13,3,information,missingIncludeSystem,Include file: <stdlib.h> not found. Please note: Cppcheck does not need standard library headers to get proper results.,/home/yichen/Desktop/Deepseek_GSCP04/F035.c|3|information|missingIncludeSystem|Include file: <stdlib.h> not found. Please note: Cppcheck does not need standard library headers to get proper results.,/home/yichen/Desktop/Deepseek_GSCP_Results04/logs/F035_cppcheck.log
/home/yichen/Desktop/Deepseek_GSCP04/F035.c,cppcheck,True,success,True,0,13,4,information,missingIncludeSystem,Include file: <string.h> not found. Please note: Cppcheck does not need standard library headers to get proper results.,/home/yichen/Desktop/Deepseek_GSCP04/F035.c|4|information|missingIncludeSystem|Include file: <string.h> not found. Please note: Cppcheck does not need standard library headers to get proper results.,/home/yichen/Desktop/Deepseek_GSCP_Results04/logs/F035_cppcheck.log
/home/yichen/Desktop/Deepseek_GSCP04/F035.c,cppcheck,True,success,True,0,13,35,style,constVariablePointer,Variable 'o' can be declared as pointer to const,/home/yichen/Desktop/Deepseek_GSCP04/F035.c|35|style|constVariablePointer|Variable 'o' can be declared as pointer to const,/home/yichen/Desktop/Deepseek_GSCP_Results04/logs/F035_cppcheck.log
/home/yichen/Desktop/Deepseek_GSCP04/F035.c,cppcheck,True,success,True,0,13,54,style,constVariablePointer,Variable 'j' can be declared as pointer to const,/home/yichen/Desktop/Deepseek_GSCP04/F035.c|54|style|constVariablePointer|Variable 'j' can be declared as pointer to const,/home/yichen/Desktop/Deepseek_GSCP_Results04/logs/F035_cppcheck.log
/home/yichen/Desktop/Deepseek_GSCP04/F035.c,cppcheck,True,success,True,0,13,71,style,constVariablePointer,Variable 'cmd' can be declared as pointer to const,/home/yichen/Desktop/Deepseek_GSCP04/F035.c|71|style|constVariablePointer|Variable 'cmd' can be declared as pointer to const,/home/yichen/Desktop/Deepseek_GSCP_Results04/logs/F035_cppcheck.log
/home/yichen/Desktop/Deepseek_GSCP04/F035.c,cppcheck,True,success,True,0,13,74,style,constVariablePointer,Variable 'name' can be declared as pointer to const,/home/yichen/Desktop/Deepseek_GSCP04/F035.c|74|style|constVariablePointer|Variable 'name' can be declared as pointer to const,/home/yichen/Desktop/Deepseek_GSCP_Results04/logs/F035_cppcheck.log
/home/yichen/Desktop/Deepseek_GSCP04/F035.c,cppcheck,True,success,True,0,13,76,style,constVariablePointer,Variable 'payload' can be declared as pointer to const,/home/yichen/Desktop/Deepseek_GSCP04/F035.c|76|style|constVariablePointer|Variable 'payload' can be declared as pointer to const,/home/yichen/Desktop/Deepseek_GSCP_Results04/logs/F035_cppcheck.log
/home/yichen/Desktop/Deepseek_GSCP04/F035.c,cppcheck,True,success,True,0,13,80,style,constVariablePointer,Variable 'old' can be declared as pointer to const,/home/yichen/Desktop/Deepseek_GSCP04/F035.c|80|style|constVariablePointer|Variable 'old' can be declared as pointer to const,/home/yichen/Desktop/Deepseek_GSCP_Results04/logs/F035_cppcheck.log
/home/yichen/Desktop/Deepseek_GSCP04/F035.c,cppcheck,True,success,True,0,13,81,style,constVariablePointer,Variable 'new' can be declared as pointer to const,/home/yichen/Desktop/Deepseek_GSCP04/F035.c|81|style|constVariablePointer|Variable 'new' can be declared as pointer to const,/home/yichen/Desktop/Deepseek_GSCP_Results04/logs/F035_cppcheck.log
/home/yichen/Desktop/Deepseek_GSCP04/F035.c,cppcheck,True,success,True,0,13,84,style,constVariablePointer,Variable 'name' can be declared as pointer to const,/home/yichen/Desktop/Deepseek_GSCP04/F035.c|84|style|constVariablePointer|Variable 'name' can be declared as pointer to const,/home/yichen/Desktop/Deepseek_GSCP_Results04/logs/F035_cppcheck.log
/home/yichen/Desktop/Deepseek_GSCP04/F035.c,cppcheck,True,success,True,0,13,87,style,constVariablePointer,Variable 'name' can be declared as pointer to const,/home/yichen/Desktop/Deepseek_GSCP04/F035.c|87|style|constVariablePointer|Variable 'name' can be declared as pointer to const,/home/yichen/Desktop/Deepseek_GSCP_Results04/logs/F035_cppcheck.log
nofile,cppcheck,True,success,True,0,13,0,information,checkersReport,Active checkers: 113/592 (use --checkers-report=<filename> to see details),nofile|0|information|checkersReport|Active checkers: 113/592 (use --checkers-report=<filename> to see details),/home/yichen/Desktop/Deepseek_GSCP_Results04/logs/F035_cppcheck.log
/home/yichen/Desktop/Deepseek_GSCP04/F036.c,cppcheck,True,success,True,0,9,2,information,missingIncludeSystem,Include file: <stdio.h> not found. Please note: Cppcheck does not need standard library headers to get proper results.,/home/yichen/Desktop/Deepseek_GSCP04/F036.c|2|information|missingIncludeSystem|Include file: <stdio.h> not found. Please note: Cppcheck does not need standard library headers to get proper results.,/home/yichen/Desktop/Deepseek_GSCP_Results04/logs/F036_cppcheck.log
/home/yichen/Desktop/Deepseek_GSCP04/F036.c,cppcheck,True,success,True,0,9,3,information,missingIncludeSystem,Include file: <stdlib.h> not found. Please note: Cppcheck does not need standard library headers to get proper results.,/home/yichen/Desktop/Deepseek_GSCP04/F036.c|3|information|missingIncludeSystem|Include file: <stdlib.h> not found. Please note: Cppcheck does not need standard library headers to get proper results.,/home/yichen/Desktop/Deepseek_GSCP_Results04/logs/F036_cppcheck.log
/home/yichen/Desktop/Deepseek_GSCP04/F036.c,cppcheck,True,success,True,0,9,4,information,missingIncludeSystem,Include file: <string.h> not found. Please note: Cppcheck does not need standard library headers to get proper results.,/home/yichen/Desktop/Deepseek_GSCP04/F036.c|4|information|missingIncludeSystem|Include file: <string.h> not found. Please note: Cppcheck does not need standard library headers to get proper results.,/home/yichen/Desktop/Deepseek_GSCP_Results04/logs/F036_cppcheck.log
/home/yichen/Desktop/Deepseek_GSCP04/F036.c,cppcheck,True,success,True,0,9,78,style,constVariablePointer,Variable 'cmd' can be declared as pointer to const,/home/yichen/Desktop/Deepseek_GSCP04/F036.c|78|style|constVariablePointer|Variable 'cmd' can be declared as pointer to const,/home/yichen/Desktop/Deepseek_GSCP_Results04/logs/F036_cppcheck.log
/home/yichen/Desktop/Deepseek_GSCP04/F036.c,cppcheck,True,success,True,0,9,81,style,constVariablePointer,Variable 'name' can be declared as pointer to const,/home/yichen/Desktop/Deepseek_GSCP04/F036.c|81|style|constVariablePointer|Variable 'name' can be declared as pointer to const,/home/yichen/Desktop/Deepseek_GSCP_Results04/logs/F036_cppcheck.log
/home/yichen/Desktop/Deepseek_GSCP04/F036.c,cppcheck,True,success,True,0,9,83,style,constVariablePointer,Variable 'spec' can be declared as pointer to const,/home/yichen/Desktop/Deepseek_GSCP04/F036.c|83|style|constVariablePointer|Variable 'spec' can be declared as pointer to const,/home/yichen/Desktop/Deepseek_GSCP_Results04/logs/F036_cppcheck.log
/home/yichen/Desktop/Deepseek_GSCP04/F036.c,cppcheck,True,success,True,0,9,97,style,constVariablePointer,Variable 'name' can be declared as pointer to const,/home/yichen/Desktop/Deepseek_GSCP04/F036.c|97|style|constVariablePointer|Variable 'name' can be declared as pointer to const,/home/yichen/Desktop/Deepseek_GSCP_Results04/logs/F036_cppcheck.log
/home/yichen/Desktop/Deepseek_GSCP04/F036.c,cppcheck,True,success,True,0,9,100,style,constVariablePointer,Variable 'name' can be declared as pointer to const,/home/yichen/Desktop/Deepseek_GSCP04/F036.c|100|style|constVariablePointer|Variable 'name' can be declared as pointer to const,/home/yichen/Desktop/Deepseek_GSCP_Results04/logs/F036_cppcheck.log
nofile,cppcheck,True,success,True,0,9,0,information,checkersReport,Active checkers: 113/592 (use --checkers-report=<filename> to see details),nofile|0|information|checkersReport|Active checkers: 113/592 (use --checkers-report=<filename> to see details),/home/yichen/Desktop/Deepseek_GSCP_Results04/logs/F036_cppcheck.log
/home/yichen/Desktop/Deepseek_GSCP04/F037.c,cppcheck,True,success,True,0,15,2,information,missingIncludeSystem,Include file: <stdio.h> not found. Please note: Cppcheck does not need standard library headers to get proper results.,/home/yichen/Desktop/Deepseek_GSCP04/F037.c|2|information|missingIncludeSystem|Include file: <stdio.h> not found. Please note: Cppcheck does not need standard library headers to get proper results.,/home/yichen/Desktop/Deepseek_GSCP_Results04/logs/F037_cppcheck.log
/home/yichen/Desktop/Deepseek_GSCP04/F037.c,cppcheck,True,success,True,0,15,3,information,missingIncludeSystem,Include file: <stdlib.h> not found. Please note: Cppcheck does not need standard library headers to get proper results.,/home/yichen/Desktop/Deepseek_GSCP04/F037.c|3|information|missingIncludeSystem|Include file: <stdlib.h> not found. Please note: Cppcheck does not need standard library headers to get proper results.,/home/yichen/Desktop/Deepseek_GSCP_Results04/logs/F037_cppcheck.log
/home/yichen/Desktop/Deepseek_GSCP04/F037.c,cppcheck,True,success,True,0,15,4,information,missingIncludeSystem,Include file: <string.h> not found. Please note: Cppcheck does not need standard library headers to get proper results.,/home/yichen/Desktop/Deepseek_GSCP04/F037.c|4|information|missingIncludeSystem|Include file: <string.h> not found. Please note: Cppcheck does not need standard library headers to get proper results.,/home/yichen/Desktop/Deepseek_GSCP_Results04/logs/F037_cppcheck.log
/home/yichen/Desktop/Deepseek_GSCP04/F037.c,cppcheck,True,success,True,0,15,5,information,missingIncludeSystem,Include file: <ctype.h> not found. Please note: Cppcheck does not need standard library headers to get proper results.,/home/yichen/Desktop/Deepseek_GSCP04/F037.c|5|information|missingIncludeSystem|Include file: <ctype.h> not found. Please note: Cppcheck does not need standard library headers to get proper results.,/home/yichen/Desktop/Deepseek_GSCP_Results04/logs/F037_cppcheck.log
/home/yichen/Desktop/Deepseek_GSCP04/F037.c,cppcheck,True,success,True,0,15,72,style,constVariablePointer,Variable 'b' can be declared as pointer to const,/home/yichen/Desktop/Deepseek_GSCP04/F037.c|72|style|constVariablePointer|Variable 'b' can be declared as pointer to const,/home/yichen/Desktop/Deepseek_GSCP_Results04/logs/F037_cppcheck.log
/home/yichen/Desktop/Deepseek_GSCP04/F037.c,cppcheck,True,success,True,0,15,106,style,constVariablePointer,Variable 'cmd' can be declared as pointer to const,/home/yichen/Desktop/Deepseek_GSCP04/F037.c|106|style|constVariablePointer|Variable 'cmd' can be declared as pointer to const,/home/yichen/Desktop/Deepseek_GSCP_Results04/logs/F037_cppcheck.log
/home/yichen/Desktop/Deepseek_GSCP04/F037.c,cppcheck,True,success,True,0,15,109,style,constVariablePointer,Variable 'name' can be declared as pointer to const,/home/yichen/Desktop/Deepseek_GSCP04/F037.c|109|style|constVariablePointer|Variable 'name' can be declared as pointer to const,/home/yichen/Desktop/Deepseek_GSCP_Results04/logs/F037_cppcheck.log
/home/yichen/Desktop/Deepseek_GSCP04/F037.c,cppcheck,True,success,True,0,15,111,style,constVariablePointer,Variable 'hex' can be declared as pointer to const,/home/yichen/Desktop/Deepseek_GSCP04/F037.c|111|style|constVariablePointer|Variable 'hex' can be declared as pointer to const,/home/yichen/Desktop/Deepseek_GSCP_Results04/logs/F037_cppcheck.log
/home/yichen/Desktop/Deepseek_GSCP04/F037.c,cppcheck,True,success,True,0,15,115,style,constVariablePointer,Variable 'name' can be declared as pointer to const,/home/yichen/Desktop/Deepseek_GSCP04/F037.c|115|style|constVariablePointer|Variable 'name' can be declared as pointer to const,/home/yichen/Desktop/Deepseek_GSCP_Results04/logs/F037_cppcheck.log
/home/yichen/Desktop/Deepseek_GSCP04/F037.c,cppcheck,True,success,True,0,15,117,style,constVariablePointer,Variable 'hex' can be declared as pointer to const,/home/yichen/Desktop/Deepseek_GSCP04/F037.c|117|style|constVariablePointer|Variable 'hex' can be declared as pointer to const,/home/yichen/Desktop/Deepseek_GSCP_Results04/logs/F037_cppcheck.log
/home/yichen/Desktop/Deepseek_GSCP04/F037.c,cppcheck,True,success,True,0,15,121,style,constVariablePointer,Variable 'name' can be declared as pointer to const,/home/yichen/Desktop/Deepseek_GSCP04/F037.c|121|style|constVariablePointer|Variable 'name' can be declared as pointer to const,/home/yichen/Desktop/Deepseek_GSCP_Results04/logs/F037_cppcheck.log
/home/yichen/Desktop/Deepseek_GSCP04/F037.c,cppcheck,True,success,True,0,15,123,style,constVariablePointer,Variable 'off' can be declared as pointer to const,/home/yichen/Desktop/Deepseek_GSCP04/F037.c|123|style|constVariablePointer|Variable 'off' can be declared as pointer to const,/home/yichen/Desktop/Deepseek_GSCP_Results04/logs/F037_cppcheck.log
/home/yichen/Desktop/Deepseek_GSCP04/F037.c,cppcheck,True,success,True,0,15,124,style,constVariablePointer,Variable 'len' can be declared as pointer to const,/home/yichen/Desktop/Deepseek_GSCP04/F037.c|124|style|constVariablePointer|Variable 'len' can be declared as pointer to const,/home/yichen/Desktop/Deepseek_GSCP_Results04/logs/F037_cppcheck.log
/home/yichen/Desktop/Deepseek_GSCP04/F037.c,cppcheck,True,success,True,0,15,130,style,constVariablePointer,Variable 'name' can be declared as pointer to const,/home/yichen/Desktop/Deepseek_GSCP04/F037.c|130|style|constVariablePointer|Variable 'name' can be declared as pointer to const,/home/yichen/Desktop/Deepseek_GSCP_Results04/logs/F037_cppcheck.log
nofile,cppcheck,True,success,True,0,15,0,information,checkersReport,Active checkers: 113/592 (use --checkers-report=<filename> to see details),nofile|0|information|checkersReport|Active checkers: 113/592 (use --checkers-report=<filename> to see details),/home/yichen/Desktop/Deepseek_GSCP_Results04/logs/F037_cppcheck.log
/home/yichen/Desktop/Deepseek_GSCP04/F038.c,cppcheck,True,success,True,0,11,2,information,missingIncludeSystem,Include file: <stdio.h> not found. Please note: Cppcheck does not need standard library headers to get proper results.,/home/yichen/Desktop/Deepseek_GSCP04/F038.c|2|information|missingIncludeSystem|Include file: <stdio.h> not found. Please note: Cppcheck does not need standard library headers to get proper results.,/home/yichen/Desktop/Deepseek_GSCP_Results04/logs/F038_cppcheck.log
/home/yichen/Desktop/Deepseek_GSCP04/F038.c,cppcheck,True,success,True,0,11,3,information,missingIncludeSystem,Include file: <stdlib.h> not found. Please note: Cppcheck does not need standard library headers to get proper results.,/home/yichen/Desktop/Deepseek_GSCP04/F038.c|3|information|missingIncludeSystem|Include file: <stdlib.h> not found. Please note: Cppcheck does not need standard library headers to get proper results.,/home/yichen/Desktop/Deepseek_GSCP_Results04/logs/F038_cppcheck.log
/home/yichen/Desktop/Deepseek_GSCP04/F038.c,cppcheck,True,success,True,0,11,4,information,missingIncludeSystem,Include file: <string.h> not found. Please note: Cppcheck does not need standard library headers to get proper results.,/home/yichen/Desktop/Deepseek_GSCP04/F038.c|4|information|missingIncludeSystem|Include file: <string.h> not found. Please note: Cppcheck does not need standard library headers to get proper results.,/home/yichen/Desktop/Deepseek_GSCP_Results04/logs/F038_cppcheck.log
/home/yichen/Desktop/Deepseek_GSCP04/F038.c,cppcheck,True,success,True,0,11,5,information,missingIncludeSystem,Include file: <ctype.h> not found. Please note: Cppcheck does not need standard library headers to get proper results.,/home/yichen/Desktop/Deepseek_GSCP04/F038.c|5|information|missingIncludeSystem|Include file: <ctype.h> not found. Please note: Cppcheck does not need standard library headers to get proper results.,/home/yichen/Desktop/Deepseek_GSCP_Results04/logs/F038_cppcheck.log
/home/yichen/Desktop/Deepseek_GSCP04/F038.c,cppcheck,True,success,True,0,11,51,style,constVariablePointer,Variable 's' can be declared as pointer to const,/home/yichen/Desktop/Deepseek_GSCP04/F038.c|51|style|constVariablePointer|Variable 's' can be declared as pointer to const,/home/yichen/Desktop/Deepseek_GSCP_Results04/logs/F038_cppcheck.log
/home/yichen/Desktop/Deepseek_GSCP04/F038.c,cppcheck,True,success,True,0,11,96,style,constVariablePointer,Variable 'cmd' can be declared as pointer to const,/home/yichen/Desktop/Deepseek_GSCP04/F038.c|96|style|constVariablePointer|Variable 'cmd' can be declared as pointer to const,/home/yichen/Desktop/Deepseek_GSCP_Results04/logs/F038_cppcheck.log
/home/yichen/Desktop/Deepseek_GSCP04/F038.c,cppcheck,True,success,True,0,11,99,style,constVariablePointer,Variable 'name' can be declared as pointer to const,/home/yichen/Desktop/Deepseek_GSCP04/F038.c|99|style|constVariablePointer|Variable 'name' can be declared as pointer to const,/home/yichen/Desktop/Deepseek_GSCP_Results04/logs/F038_cppcheck.log
/home/yichen/Desktop/Deepseek_GSCP04/F038.c,cppcheck,True,success,True,0,11,101,style,constVariablePointer,Variable 'enc' can be declared as pointer to const,/home/yichen/Desktop/Deepseek_GSCP04/F038.c|101|style|constVariablePointer|Variable 'enc' can be declared as pointer to const,/home/yichen/Desktop/Deepseek_GSCP_Results04/logs/F038_cppcheck.log
/home/yichen/Desktop/Deepseek_GSCP04/F038.c,cppcheck,True,success,True,0,11,105,style,constVariablePointer,Variable 'name' can be declared as pointer to const,/home/yichen/Desktop/Deepseek_GSCP04/F038.c|105|style|constVariablePointer|Variable 'name' can be declared as pointer to const,/home/yichen/Desktop/Deepseek_GSCP_Results04/logs/F038_cppcheck.log
/home/yichen/Desktop/Deepseek_GSCP04/F038.c,cppcheck,True,success,True,0,11,108,style,constVariablePointer,Variable 'name' can be declared as pointer to const,/home/yichen/Desktop/Deepseek_GSCP04/F038.c|108|style|constVariablePointer|Variable 'name' can be declared as pointer to const,/home/yichen/Desktop/Deepseek_GSCP_Results04/logs/F038_cppcheck.log
nofile,cppcheck,True,success,True,0,11,0,information,checkersReport,Active checkers: 113/592 (use --checkers-report=<filename> to see details),nofile|0|information|checkersReport|Active checkers: 113/592 (use --checkers-report=<filename> to see details),/home/yichen/Desktop/Deepseek_GSCP_Results04/logs/F038_cppcheck.log
/home/yichen/Desktop/Deepseek_GSCP04/F039.c,cppcheck,True,success,True,0,17,2,information,missingIncludeSystem,Include file: <stdio.h> not found. Please note: Cppcheck does not need standard library headers to get proper results.,/home/yichen/Desktop/Deepseek_GSCP04/F039.c|2|information|missingIncludeSystem|Include file: <stdio.h> not found. Please note: Cppcheck does not need standard library headers to get proper results.,/home/yichen/Desktop/Deepseek_GSCP_Results04/logs/F039_cppcheck.log
/home/yichen/Desktop/Deepseek_GSCP04/F039.c,cppcheck,True,success,True,0,17,3,information,missingIncludeSystem,Include file: <stdlib.h> not found. Please note: Cppcheck does not need standard library headers to get proper results.,/home/yichen/Desktop/Deepseek_GSCP04/F039.c|3|information|missingIncludeSystem|Include file: <stdlib.h> not found. Please note: Cppcheck does not need standard library headers to get proper results.,/home/yichen/Desktop/Deepseek_GSCP_Results04/logs/F039_cppcheck.log
/home/yichen/Desktop/Deepseek_GSCP04/F039.c,cppcheck,True,success,True,0,17,4,information,missingIncludeSystem,Include file: <string.h> not found. Please note: Cppcheck does not need standard library headers to get proper results.,/home/yichen/Desktop/Deepseek_GSCP04/F039.c|4|information|missingIncludeSystem|Include file: <string.h> not found. Please note: Cppcheck does not need standard library headers to get proper results.,/home/yichen/Desktop/Deepseek_GSCP_Results04/logs/F039_cppcheck.log
/home/yichen/Desktop/Deepseek_GSCP04/F039.c,cppcheck,True,success,True,0,17,53,style,constParameterPointer,Parameter 't' can be declared as pointer to const,/home/yichen/Desktop/Deepseek_GSCP04/F039.c|53|style|constParameterPointer|Parameter 't' can be declared as pointer to const,/home/yichen/Desktop/Deepseek_GSCP_Results04/logs/F039_cppcheck.log
/home/yichen/Desktop/Deepseek_GSCP04/F039.c,cppcheck,True,success,True,0,17,91,style,constVariablePointer,Variable 'cmd' can be declared as pointer to const,/home/yichen/Desktop/Deepseek_GSCP04/F039.c|91|style|constVariablePointer|Variable 'cmd' can be declared as pointer to const,/home/yichen/Desktop/Deepseek_GSCP_Results04/logs/F039_cppcheck.log
/home/yichen/Desktop/Deepseek_GSCP04/F039.c,cppcheck,True,success,True,0,17,94,style,constVariablePointer,Variable 'name' can be declared as pointer to const,/home/yichen/Desktop/Deepseek_GSCP04/F039.c|94|style|constVariablePointer|Variable 'name' can be declared as pointer to const,/home/yichen/Desktop/Deepseek_GSCP_Results04/logs/F039_cppcheck.log
/home/yichen/Desktop/Deepseek_GSCP04/F039.c,cppcheck,True,success,True,0,17,96,style,constVariablePointer,Variable 'rstr' can be declared as pointer to const,/home/yichen/Desktop/Deepseek_GSCP04/F039.c|96|style|constVariablePointer|Variable 'rstr' can be declared as pointer to const,/home/yichen/Desktop/Deepseek_GSCP_Results04/logs/F039_cppcheck.log
/home/yichen/Desktop/Deepseek_GSCP04/F039.c,cppcheck,True,success,True,0,17,97,style,constVariablePointer,Variable 'cstr' can be declared as pointer to const,/home/yichen/Desktop/Deepseek_GSCP04/F039.c|97|style|constVariablePointer|Variable 'cstr' can be declared as pointer to const,/home/yichen/Desktop/Deepseek_GSCP_Results04/logs/F039_cppcheck.log
/home/yichen/Desktop/Deepseek_GSCP04/F039.c,cppcheck,True,success,True,0,17,102,style,constVariablePointer,Variable 'name' can be declared as pointer to const,/home/yichen/Desktop/Deepseek_GSCP04/F039.c|102|style|constVariablePointer|Variable 'name' can be declared as pointer to const,/home/yichen/Desktop/Deepseek_GSCP_Results04/logs/F039_cppcheck.log
/home/yichen/Desktop/Deepseek_GSCP04/F039.c,cppcheck,True,success,True,0,17,104,style,constVariablePointer,Variable 'rstr' can be declared as pointer to const,/home/yichen/Desktop/Deepseek_GSCP04/F039.c|104|style|constVariablePointer|Variable 'rstr' can be declared as pointer to const,/home/yichen/Desktop/Deepseek_GSCP_Results04/logs/F039_cppcheck.log
/home/yichen/Desktop/Deepseek_GSCP04/F039.c,cppcheck,True,success,True,0,17,105,style,constVariablePointer,Variable 'cstr' can be declared as pointer to const,/home/yichen/Desktop/Deepseek_GSCP04/F039.c|105|style|constVariablePointer|Variable 'cstr' can be declared as pointer to const,/home/yichen/Desktop/Deepseek_GSCP_Results04/logs/F039_cppcheck.log
/home/yichen/Desktop/Deepseek_GSCP04/F039.c,cppcheck,True,success,True,0,17,107,style,constVariablePointer,Variable 'val' can be declared as pointer to const,/home/yichen/Desktop/Deepseek_GSCP04/F039.c|107|style|constVariablePointer|Variable 'val' can be declared as pointer to const,/home/yichen/Desktop/Deepseek_GSCP_Results04/logs/F039_cppcheck.log
/home/yichen/Desktop/Deepseek_GSCP04/F039.c,cppcheck,True,success,True,0,17,112,style,constVariablePointer,Variable 'name' can be declared as pointer to const,/home/yichen/Desktop/Deepseek_GSCP04/F039.c|112|style|constVariablePointer|Variable 'name' can be declared as pointer to const,/home/yichen/Desktop/Deepseek_GSCP_Results04/logs/F039_cppcheck.log
/home/yichen/Desktop/Deepseek_GSCP04/F039.c,cppcheck,True,success,True,0,17,114,style,constVariablePointer,Variable 'rstr' can be declared as pointer to const,/home/yichen/Desktop/Deepseek_GSCP04/F039.c|114|style|constVariablePointer|Variable 'rstr' can be declared as pointer to const,/home/yichen/Desktop/Deepseek_GSCP_Results04/logs/F039_cppcheck.log
/home/yichen/Desktop/Deepseek_GSCP04/F039.c,cppcheck,True,success,True,0,17,115,style,constVariablePointer,Variable 'cstr' can be declared as pointer to const,/home/yichen/Desktop/Deepseek_GSCP04/F039.c|115|style|constVariablePointer|Variable 'cstr' can be declared as pointer to const,/home/yichen/Desktop/Deepseek_GSCP_Results04/logs/F039_cppcheck.log
/home/yichen/Desktop/Deepseek_GSCP04/F039.c,cppcheck,True,success,True,0,17,120,style,constVariablePointer,Variable 'name' can be declared as pointer to const,/home/yichen/Desktop/Deepseek_GSCP04/F039.c|120|style|constVariablePointer|Variable 'name' can be declared as pointer to const,/home/yichen/Desktop/Deepseek_GSCP_Results04/logs/F039_cppcheck.log
nofile,cppcheck,True,success,True,0,17,0,information,checkersReport,Active checkers: 113/592 (use --checkers-report=<filename> to see details),nofile|0|information|checkersReport|Active checkers: 113/592 (use --checkers-report=<filename> to see details),/home/yichen/Desktop/Deepseek_GSCP_Results04/logs/F039_cppcheck.log
/home/yichen/Desktop/Deepseek_GSCP04/F040.c,cppcheck,True,success,True,0,15,2,information,missingIncludeSystem,Include file: <stdio.h> not found. Please note: Cppcheck does not need standard library headers to get proper results.,/home/yichen/Desktop/Deepseek_GSCP04/F040.c|2|information|missingIncludeSystem|Include file: <stdio.h> not found. Please note: Cppcheck does not need standard library headers to get proper results.,/home/yichen/Desktop/Deepseek_GSCP_Results04/logs/F040_cppcheck.log
/home/yichen/Desktop/Deepseek_GSCP04/F040.c,cppcheck,True,success,True,0,15,3,information,missingIncludeSystem,Include file: <stdlib.h> not found. Please note: Cppcheck does not need standard library headers to get proper results.,/home/yichen/Desktop/Deepseek_GSCP04/F040.c|3|information|missingIncludeSystem|Include file: <stdlib.h> not found. Please note: Cppcheck does not need standard library headers to get proper results.,/home/yichen/Desktop/Deepseek_GSCP_Results04/logs/F040_cppcheck.log
/home/yichen/Desktop/Deepseek_GSCP04/F040.c,cppcheck,True,success,True,0,15,4,information,missingIncludeSystem,Include file: <string.h> not found. Please note: Cppcheck does not need standard library headers to get proper results.,/home/yichen/Desktop/Deepseek_GSCP04/F040.c|4|information|missingIncludeSystem|Include file: <string.h> not found. Please note: Cppcheck does not need standard library headers to get proper results.,/home/yichen/Desktop/Deepseek_GSCP_Results04/logs/F040_cppcheck.log
/home/yichen/Desktop/Deepseek_GSCP04/F040.c,cppcheck,True,success,True,0,15,59,style,constVariablePointer,Variable 'p' can be declared as pointer to const,/home/yichen/Desktop/Deepseek_GSCP04/F040.c|59|style|constVariablePointer|Variable 'p' can be declared as pointer to const,/home/yichen/Desktop/Deepseek_GSCP_Results04/logs/F040_cppcheck.log
/home/yichen/Desktop/Deepseek_GSCP04/F040.c,cppcheck,True,success,True,0,15,64,style,constVariablePointer,Variable 'p' can be declared as pointer to const,/home/yichen/Desktop/Deepseek_GSCP04/F040.c|64|style|constVariablePointer|Variable 'p' can be declared as pointer to const,/home/yichen/Desktop/Deepseek_GSCP_Results04/logs/F040_cppcheck.log
/home/yichen/Desktop/Deepseek_GSCP04/F040.c,cppcheck,True,success,True,0,15,77,style,constVariablePointer,Variable 'cmd' can be declared as pointer to const,/home/yichen/Desktop/Deepseek_GSCP04/F040.c|77|style|constVariablePointer|Variable 'cmd' can be declared as pointer to const,/home/yichen/Desktop/Deepseek_GSCP_Results04/logs/F040_cppcheck.log
/home/yichen/Desktop/Deepseek_GSCP04/F040.c,cppcheck,True,success,True,0,15,80,style,constVariablePointer,Variable 'id' can be declared as pointer to const,/home/yichen/Desktop/Deepseek_GSCP04/F040.c|80|style|constVariablePointer|Variable 'id' can be declared as pointer to const,/home/yichen/Desktop/Deepseek_GSCP_Results04/logs/F040_cppcheck.log
/home/yichen/Desktop/Deepseek_GSCP04/F040.c,cppcheck,True,success,True,0,15,82,style,constVariablePointer,Variable 'hlen' can be declared as pointer to const,/home/yichen/Desktop/Deepseek_GSCP04/F040.c|82|style|constVariablePointer|Variable 'hlen' can be declared as pointer to const,/home/yichen/Desktop/Deepseek_GSCP_Results04/logs/F040_cppcheck.log
/home/yichen/Desktop/Deepseek_GSCP04/F040.c,cppcheck,True,success,True,0,15,83,style,constVariablePointer,Variable 'plen' can be declared as pointer to const,/home/yichen/Desktop/Deepseek_GSCP04/F040.c|83|style|constVariablePointer|Variable 'plen' can be declared as pointer to const,/home/yichen/Desktop/Deepseek_GSCP_Results04/logs/F040_cppcheck.log
/home/yichen/Desktop/Deepseek_GSCP04/F040.c,cppcheck,True,success,True,0,15,86,style,constVariablePointer,Variable 'header' can be declared as pointer to const,/home/yichen/Desktop/Deepseek_GSCP04/F040.c|86|style|constVariablePointer|Variable 'header' can be declared as pointer to const,/home/yichen/Desktop/Deepseek_GSCP_Results04/logs/F040_cppcheck.log
/home/yichen/Desktop/Deepseek_GSCP04/F040.c,cppcheck,True,success,True,0,15,88,style,constVariablePointer,Variable 'payload' can be declared as pointer to const,/home/yichen/Desktop/Deepseek_GSCP04/F040.c|88|style|constVariablePointer|Variable 'payload' can be declared as pointer to const,/home/yichen/Desktop/Deepseek_GSCP_Results04/logs/F040_cppcheck.log
/home/yichen/Desktop/Deepseek_GSCP04/F040.c,cppcheck,True,success,True,0,15,92,style,constVariablePointer,Variable 'id' can be declared as pointer to const,/home/yichen/Desktop/Deepseek_GSCP04/F040.c|92|style|constVariablePointer|Variable 'id' can be declared as pointer to const,/home/yichen/Desktop/Deepseek_GSCP_Results04/logs/F040_cppcheck.log
/home/yichen/Desktop/Deepseek_GSCP04/F040.c,cppcheck,True,success,True,0,15,95,style,constVariablePointer,Variable 'id' can be declared as pointer to const,/home/yichen/Desktop/Deepseek_GSCP04/F040.c|95|style|constVariablePointer|Variable 'id' can be declared as pointer to const,/home/yichen/Desktop/Deepseek_GSCP_Results04/logs/F040_cppcheck.log
/home/yichen/Desktop/Deepseek_GSCP04/F040.c,cppcheck,True,success,True,0,15,98,style,constVariablePointer,Variable 'id' can be declared as pointer to const,/home/yichen/Desktop/Deepseek_GSCP04/F040.c|98|style|constVariablePointer|Variable 'id' can be declared as pointer to const,/home/yichen/Desktop/Deepseek_GSCP_Results04/logs/F040_cppcheck.log
nofile,cppcheck,True,success,True,0,15,0,information,checkersReport,Active checkers: 113/592 (use --checkers-report=<filename> to see details),nofile|0|information|checkersReport|Active checkers: 113/592 (use --checkers-report=<filename> to see details),/home/yichen/Desktop/Deepseek_GSCP_Results04/logs/F040_cppcheck.log
