file,tool,attempted,status,success,returncode,finding_count,line,severity,check_id,message,evidence,log_path
/home/yichen/Desktop/Gemini_GSCP05/F001.c,cppcheck,True,success,True,0,7,2,information,missingIncludeSystem,Include file: <stdio.h> not found. Please note: Cppcheck does not need standard library headers to get proper results.,/home/yichen/Desktop/Gemini_GSCP05/F001.c|2|information|missingIncludeSystem|Include file: <stdio.h> not found. Please note: Cppcheck does not need standard library headers to get proper results.,/home/yichen/Desktop/Gemini_GSCP_Results05/logs/F001_cppcheck.log
/home/yichen/Desktop/Gemini_GSCP05/F001.c,cppcheck,True,success,True,0,7,3,information,missingIncludeSystem,Include file: <stdlib.h> not found. Please note: Cppcheck does not need standard library headers to get proper results.,/home/yichen/Desktop/Gemini_GSCP05/F001.c|3|information|missingIncludeSystem|Include file: <stdlib.h> not found. Please note: Cppcheck does not need standard library headers to get proper results.,/home/yichen/Desktop/Gemini_GSCP_Results05/logs/F001_cppcheck.log
/home/yichen/Desktop/Gemini_GSCP05/F001.c,cppcheck,True,success,True,0,7,4,information,missingIncludeSystem,Include file: <string.h> not found. Please note: Cppcheck does not need standard library headers to get proper results.,/home/yichen/Desktop/Gemini_GSCP05/F001.c|4|information|missingIncludeSystem|Include file: <string.h> not found. Please note: Cppcheck does not need standard library headers to get proper results.,/home/yichen/Desktop/Gemini_GSCP_Results05/logs/F001_cppcheck.log
/home/yichen/Desktop/Gemini_GSCP05/F001.c,cppcheck,True,success,True,0,7,54,style,constVariablePointer,Variable 'id_start' can be declared as pointer to const,/home/yichen/Desktop/Gemini_GSCP05/F001.c|54|style|constVariablePointer|Variable 'id_start' can be declared as pointer to const,/home/yichen/Desktop/Gemini_GSCP_Results05/logs/F001_cppcheck.log
/home/yichen/Desktop/Gemini_GSCP05/F001.c,cppcheck,True,success,True,0,7,85,style,constVariablePointer,Variable 'id_start' can be declared as pointer to const,/home/yichen/Desktop/Gemini_GSCP05/F001.c|85|style|constVariablePointer|Variable 'id_start' can be declared as pointer to const,/home/yichen/Desktop/Gemini_GSCP_Results05/logs/F001_cppcheck.log
/home/yichen/Desktop/Gemini_GSCP05/F001.c,cppcheck,True,success,True,0,7,107,style,constVariablePointer,Variable 'id_start' can be declared as pointer to const,/home/yichen/Desktop/Gemini_GSCP05/F001.c|107|style|constVariablePointer|Variable 'id_start' can be declared as pointer to const,/home/yichen/Desktop/Gemini_GSCP_Results05/logs/F001_cppcheck.log
nofile,cppcheck,True,success,True,0,7,0,information,checkersReport,Active checkers: 113/592 (use --checkers-report=<filename> to see details),nofile|0|information|checkersReport|Active checkers: 113/592 (use --checkers-report=<filename> to see details),/home/yichen/Desktop/Gemini_GSCP_Results05/logs/F001_cppcheck.log
/home/yichen/Desktop/Gemini_GSCP05/F002.c,cppcheck,True,success,True,0,10,2,information,missingIncludeSystem,Include file: <stdio.h> not found. Please note: Cppcheck does not need standard library headers to get proper results.,/home/yichen/Desktop/Gemini_GSCP05/F002.c|2|information|missingIncludeSystem|Include file: <stdio.h> not found. Please note: Cppcheck does not need standard library headers to get proper results.,/home/yichen/Desktop/Gemini_GSCP_Results05/logs/F002_cppcheck.log
/home/yichen/Desktop/Gemini_GSCP05/F002.c,cppcheck,True,success,True,0,10,3,information,missingIncludeSystem,Include file: <stdlib.h> not found. Please note: Cppcheck does not need standard library headers to get proper results.,/home/yichen/Desktop/Gemini_GSCP05/F002.c|3|information|missingIncludeSystem|Include file: <stdlib.h> not found. Please note: Cppcheck does not need standard library headers to get proper results.,/home/yichen/Desktop/Gemini_GSCP_Results05/logs/F002_cppcheck.log
/home/yichen/Desktop/Gemini_GSCP05/F002.c,cppcheck,True,success,True,0,10,4,information,missingIncludeSystem,Include file: <string.h> not found. Please note: Cppcheck does not need standard library headers to get proper results.,/home/yichen/Desktop/Gemini_GSCP05/F002.c|4|information|missingIncludeSystem|Include file: <string.h> not found. Please note: Cppcheck does not need standard library headers to get proper results.,/home/yichen/Desktop/Gemini_GSCP_Results05/logs/F002_cppcheck.log
/home/yichen/Desktop/Gemini_GSCP05/F002.c,cppcheck,True,success,True,0,10,54,style,constVariablePointer,Variable 'tag_start' can be declared as pointer to const,/home/yichen/Desktop/Gemini_GSCP05/F002.c|54|style|constVariablePointer|Variable 'tag_start' can be declared as pointer to const,/home/yichen/Desktop/Gemini_GSCP_Results05/logs/F002_cppcheck.log
/home/yichen/Desktop/Gemini_GSCP05/F002.c,cppcheck,True,success,True,0,10,74,style,constVariablePointer,Variable 'tag1' can be declared as pointer to const,/home/yichen/Desktop/Gemini_GSCP05/F002.c|74|style|constVariablePointer|Variable 'tag1' can be declared as pointer to const,/home/yichen/Desktop/Gemini_GSCP_Results05/logs/F002_cppcheck.log
/home/yichen/Desktop/Gemini_GSCP05/F002.c,cppcheck,True,success,True,0,10,80,style,constVariablePointer,Variable 'tag2' can be declared as pointer to const,/home/yichen/Desktop/Gemini_GSCP05/F002.c|80|style|constVariablePointer|Variable 'tag2' can be declared as pointer to const,/home/yichen/Desktop/Gemini_GSCP_Results05/logs/F002_cppcheck.log
/home/yichen/Desktop/Gemini_GSCP05/F002.c,cppcheck,True,success,True,0,10,86,style,constVariablePointer,Variable 'newtag' can be declared as pointer to const,/home/yichen/Desktop/Gemini_GSCP05/F002.c|86|style|constVariablePointer|Variable 'newtag' can be declared as pointer to const,/home/yichen/Desktop/Gemini_GSCP_Results05/logs/F002_cppcheck.log
/home/yichen/Desktop/Gemini_GSCP05/F002.c,cppcheck,True,success,True,0,10,87,style,constVariablePointer,Variable 'msg1' can be declared as pointer to const,/home/yichen/Desktop/Gemini_GSCP05/F002.c|87|style|constVariablePointer|Variable 'msg1' can be declared as pointer to const,/home/yichen/Desktop/Gemini_GSCP_Results05/logs/F002_cppcheck.log
/home/yichen/Desktop/Gemini_GSCP05/F002.c,cppcheck,True,success,True,0,10,88,style,constVariablePointer,Variable 'msg2' can be declared as pointer to const,/home/yichen/Desktop/Gemini_GSCP05/F002.c|88|style|constVariablePointer|Variable 'msg2' can be declared as pointer to const,/home/yichen/Desktop/Gemini_GSCP_Results05/logs/F002_cppcheck.log
nofile,cppcheck,True,success,True,0,10,0,information,checkersReport,Active checkers: 113/592 (use --checkers-report=<filename> to see details),nofile|0|information|checkersReport|Active checkers: 113/592 (use --checkers-report=<filename> to see details),/home/yichen/Desktop/Gemini_GSCP_Results05/logs/F002_cppcheck.log
/home/yichen/Desktop/Gemini_GSCP05/F003.c,cppcheck,True,success,True,0,6,2,information,missingIncludeSystem,Include file: <stdio.h> not found. Please note: Cppcheck does not need standard library headers to get proper results.,/home/yichen/Desktop/Gemini_GSCP05/F003.c|2|information|missingIncludeSystem|Include file: <stdio.h> not found. Please note: Cppcheck does not need standard library headers to get proper results.,/home/yichen/Desktop/Gemini_GSCP_Results05/logs/F003_cppcheck.log
/home/yichen/Desktop/Gemini_GSCP05/F003.c,cppcheck,True,success,True,0,6,3,information,missingIncludeSystem,Include file: <stdlib.h> not found. Please note: Cppcheck does not need standard library headers to get proper results.,/home/yichen/Desktop/Gemini_GSCP05/F003.c|3|information|missingIncludeSystem|Include file: <stdlib.h> not found. Please note: Cppcheck does not need standard library headers to get proper results.,/home/yichen/Desktop/Gemini_GSCP_Results05/logs/F003_cppcheck.log
/home/yichen/Desktop/Gemini_GSCP05/F003.c,cppcheck,True,success,True,0,6,4,information,missingIncludeSystem,Include file: <string.h> not found. Please note: Cppcheck does not need standard library headers to get proper results.,/home/yichen/Desktop/Gemini_GSCP05/F003.c|4|information|missingIncludeSystem|Include file: <string.h> not found. Please note: Cppcheck does not need standard library headers to get proper results.,/home/yichen/Desktop/Gemini_GSCP_Results05/logs/F003_cppcheck.log
/home/yichen/Desktop/Gemini_GSCP05/F003.c,cppcheck,True,success,True,0,6,54,style,constVariablePointer,Variable 'name_start' can be declared as pointer to const,/home/yichen/Desktop/Gemini_GSCP05/F003.c|54|style|constVariablePointer|Variable 'name_start' can be declared as pointer to const,/home/yichen/Desktop/Gemini_GSCP_Results05/logs/F003_cppcheck.log
/home/yichen/Desktop/Gemini_GSCP05/F003.c,cppcheck,True,success,True,0,6,100,style,constVariablePointer,Variable 'old_start' can be declared as pointer to const,/home/yichen/Desktop/Gemini_GSCP05/F003.c|100|style|constVariablePointer|Variable 'old_start' can be declared as pointer to const,/home/yichen/Desktop/Gemini_GSCP_Results05/logs/F003_cppcheck.log
nofile,cppcheck,True,success,True,0,6,0,information,checkersReport,Active checkers: 113/592 (use --checkers-report=<filename> to see details),nofile|0|information|checkersReport|Active checkers: 113/592 (use --checkers-report=<filename> to see details),/home/yichen/Desktop/Gemini_GSCP_Results05/logs/F003_cppcheck.log
/home/yichen/Desktop/Gemini_GSCP05/F004.c,cppcheck,True,success,True,0,5,2,information,missingIncludeSystem,Include file: <stdio.h> not found. Please note: Cppcheck does not need standard library headers to get proper results.,/home/yichen/Desktop/Gemini_GSCP05/F004.c|2|information|missingIncludeSystem|Include file: <stdio.h> not found. Please note: Cppcheck does not need standard library headers to get proper results.,/home/yichen/Desktop/Gemini_GSCP_Results05/logs/F004_cppcheck.log
/home/yichen/Desktop/Gemini_GSCP05/F004.c,cppcheck,True,success,True,0,5,3,information,missingIncludeSystem,Include file: <stdlib.h> not found. Please note: Cppcheck does not need standard library headers to get proper results.,/home/yichen/Desktop/Gemini_GSCP05/F004.c|3|information|missingIncludeSystem|Include file: <stdlib.h> not found. Please note: Cppcheck does not need standard library headers to get proper results.,/home/yichen/Desktop/Gemini_GSCP_Results05/logs/F004_cppcheck.log
/home/yichen/Desktop/Gemini_GSCP05/F004.c,cppcheck,True,success,True,0,5,4,information,missingIncludeSystem,Include file: <string.h> not found. Please note: Cppcheck does not need standard library headers to get proper results.,/home/yichen/Desktop/Gemini_GSCP05/F004.c|4|information|missingIncludeSystem|Include file: <string.h> not found. Please note: Cppcheck does not need standard library headers to get proper results.,/home/yichen/Desktop/Gemini_GSCP_Results05/logs/F004_cppcheck.log
/home/yichen/Desktop/Gemini_GSCP05/F004.c,cppcheck,True,success,True,0,5,54,style,constVariablePointer,Variable 'key_start' can be declared as pointer to const,/home/yichen/Desktop/Gemini_GSCP05/F004.c|54|style|constVariablePointer|Variable 'key_start' can be declared as pointer to const,/home/yichen/Desktop/Gemini_GSCP_Results05/logs/F004_cppcheck.log
nofile,cppcheck,True,success,True,0,5,0,information,checkersReport,Active checkers: 113/592 (use --checkers-report=<filename> to see details),nofile|0|information|checkersReport|Active checkers: 113/592 (use --checkers-report=<filename> to see details),/home/yichen/Desktop/Gemini_GSCP_Results05/logs/F004_cppcheck.log
/home/yichen/Desktop/Gemini_GSCP05/F005.c,cppcheck,True,success,True,0,5,2,information,missingIncludeSystem,Include file: <stdio.h> not found. Please note: Cppcheck does not need standard library headers to get proper results.,/home/yichen/Desktop/Gemini_GSCP05/F005.c|2|information|missingIncludeSystem|Include file: <stdio.h> not found. Please note: Cppcheck does not need standard library headers to get proper results.,/home/yichen/Desktop/Gemini_GSCP_Results05/logs/F005_cppcheck.log
/home/yichen/Desktop/Gemini_GSCP05/F005.c,cppcheck,True,success,True,0,5,3,information,missingIncludeSystem,Include file: <stdlib.h> not found. Please note: Cppcheck does not need standard library headers to get proper results.,/home/yichen/Desktop/Gemini_GSCP05/F005.c|3|information|missingIncludeSystem|Include file: <stdlib.h> not found. Please note: Cppcheck does not need standard library headers to get proper results.,/home/yichen/Desktop/Gemini_GSCP_Results05/logs/F005_cppcheck.log
/home/yichen/Desktop/Gemini_GSCP05/F005.c,cppcheck,True,success,True,0,5,4,information,missingIncludeSystem,Include file: <string.h> not found. Please note: Cppcheck does not need standard library headers to get proper results.,/home/yichen/Desktop/Gemini_GSCP05/F005.c|4|information|missingIncludeSystem|Include file: <string.h> not found. Please note: Cppcheck does not need standard library headers to get proper results.,/home/yichen/Desktop/Gemini_GSCP_Results05/logs/F005_cppcheck.log
/home/yichen/Desktop/Gemini_GSCP05/F005.c,cppcheck,True,success,True,0,5,67,style,constVariablePointer,Variable 'text' can be declared as pointer to const,/home/yichen/Desktop/Gemini_GSCP05/F005.c|67|style|constVariablePointer|Variable 'text' can be declared as pointer to const,/home/yichen/Desktop/Gemini_GSCP_Results05/logs/F005_cppcheck.log
nofile,cppcheck,True,success,True,0,5,0,information,checkersReport,Active checkers: 113/592 (use --checkers-report=<filename> to see details),nofile|0|information|checkersReport|Active checkers: 113/592 (use --checkers-report=<filename> to see details),/home/yichen/Desktop/Gemini_GSCP_Results05/logs/F005_cppcheck.log
/home/yichen/Desktop/Gemini_GSCP05/F006.c,cppcheck,True,success,True,0,8,2,information,missingIncludeSystem,Include file: <stdio.h> not found. Please note: Cppcheck does not need standard library headers to get proper results.,/home/yichen/Desktop/Gemini_GSCP05/F006.c|2|information|missingIncludeSystem|Include file: <stdio.h> not found. Please note: Cppcheck does not need standard library headers to get proper results.,/home/yichen/Desktop/Gemini_GSCP_Results05/logs/F006_cppcheck.log
/home/yichen/Desktop/Gemini_GSCP05/F006.c,cppcheck,True,success,True,0,8,3,information,missingIncludeSystem,Include file: <stdlib.h> not found. Please note: Cppcheck does not need standard library headers to get proper results.,/home/yichen/Desktop/Gemini_GSCP05/F006.c|3|information|missingIncludeSystem|Include file: <stdlib.h> not found. Please note: Cppcheck does not need standard library headers to get proper results.,/home/yichen/Desktop/Gemini_GSCP_Results05/logs/F006_cppcheck.log
/home/yichen/Desktop/Gemini_GSCP05/F006.c,cppcheck,True,success,True,0,8,4,information,missingIncludeSystem,Include file: <string.h> not found. Please note: Cppcheck does not need standard library headers to get proper results.,/home/yichen/Desktop/Gemini_GSCP05/F006.c|4|information|missingIncludeSystem|Include file: <string.h> not found. Please note: Cppcheck does not need standard library headers to get proper results.,/home/yichen/Desktop/Gemini_GSCP_Results05/logs/F006_cppcheck.log
/home/yichen/Desktop/Gemini_GSCP05/F006.c,cppcheck,True,success,True,0,8,54,style,constVariablePointer,Variable 'item_start' can be declared as pointer to const,/home/yichen/Desktop/Gemini_GSCP05/F006.c|54|style|constVariablePointer|Variable 'item_start' can be declared as pointer to const,/home/yichen/Desktop/Gemini_GSCP_Results05/logs/F006_cppcheck.log
/home/yichen/Desktop/Gemini_GSCP05/F006.c,cppcheck,True,success,True,0,8,58,style,constVariablePointer,Variable 'cnt_str' can be declared as pointer to const,/home/yichen/Desktop/Gemini_GSCP05/F006.c|58|style|constVariablePointer|Variable 'cnt_str' can be declared as pointer to const,/home/yichen/Desktop/Gemini_GSCP_Results05/logs/F006_cppcheck.log
/home/yichen/Desktop/Gemini_GSCP05/F006.c,cppcheck,True,success,True,0,8,84,style,constVariablePointer,Variable 'item_start' can be declared as pointer to const,/home/yichen/Desktop/Gemini_GSCP05/F006.c|84|style|constVariablePointer|Variable 'item_start' can be declared as pointer to const,/home/yichen/Desktop/Gemini_GSCP_Results05/logs/F006_cppcheck.log
/home/yichen/Desktop/Gemini_GSCP05/F006.c,cppcheck,True,success,True,0,8,88,style,constVariablePointer,Variable 'cnt_str' can be declared as pointer to const,/home/yichen/Desktop/Gemini_GSCP05/F006.c|88|style|constVariablePointer|Variable 'cnt_str' can be declared as pointer to const,/home/yichen/Desktop/Gemini_GSCP_Results05/logs/F006_cppcheck.log
nofile,cppcheck,True,success,True,0,8,0,information,checkersReport,Active checkers: 113/592 (use --checkers-report=<filename> to see details),nofile|0|information|checkersReport|Active checkers: 113/592 (use --checkers-report=<filename> to see details),/home/yichen/Desktop/Gemini_GSCP_Results05/logs/F006_cppcheck.log
/home/yichen/Desktop/Gemini_GSCP05/F007.c,cppcheck,True,success,True,0,6,2,information,missingIncludeSystem,Include file: <stdio.h> not found. Please note: Cppcheck does not need standard library headers to get proper results.,/home/yichen/Desktop/Gemini_GSCP05/F007.c|2|information|missingIncludeSystem|Include file: <stdio.h> not found. Please note: Cppcheck does not need standard library headers to get proper results.,/home/yichen/Desktop/Gemini_GSCP_Results05/logs/F007_cppcheck.log
/home/yichen/Desktop/Gemini_GSCP05/F007.c,cppcheck,True,success,True,0,6,3,information,missingIncludeSystem,Include file: <stdlib.h> not found. Please note: Cppcheck does not need standard library headers to get proper results.,/home/yichen/Desktop/Gemini_GSCP05/F007.c|3|information|missingIncludeSystem|Include file: <stdlib.h> not found. Please note: Cppcheck does not need standard library headers to get proper results.,/home/yichen/Desktop/Gemini_GSCP_Results05/logs/F007_cppcheck.log
/home/yichen/Desktop/Gemini_GSCP05/F007.c,cppcheck,True,success,True,0,6,4,information,missingIncludeSystem,Include file: <string.h> not found. Please note: Cppcheck does not need standard library headers to get proper results.,/home/yichen/Desktop/Gemini_GSCP05/F007.c|4|information|missingIncludeSystem|Include file: <string.h> not found. Please note: Cppcheck does not need standard library headers to get proper results.,/home/yichen/Desktop/Gemini_GSCP_Results05/logs/F007_cppcheck.log
/home/yichen/Desktop/Gemini_GSCP05/F007.c,cppcheck,True,success,True,0,6,68,style,constVariablePointer,Variable 'label_start' can be declared as pointer to const,/home/yichen/Desktop/Gemini_GSCP05/F007.c|68|style|constVariablePointer|Variable 'label_start' can be declared as pointer to const,/home/yichen/Desktop/Gemini_GSCP_Results05/logs/F007_cppcheck.log
/home/yichen/Desktop/Gemini_GSCP05/F007.c,cppcheck,True,success,True,0,6,95,style,constVariablePointer,Variable 'label_start' can be declared as pointer to const,/home/yichen/Desktop/Gemini_GSCP05/F007.c|95|style|constVariablePointer|Variable 'label_start' can be declared as pointer to const,/home/yichen/Desktop/Gemini_GSCP_Results05/logs/F007_cppcheck.log
nofile,cppcheck,True,success,True,0,6,0,information,checkersReport,Active checkers: 113/592 (use --checkers-report=<filename> to see details),nofile|0|information|checkersReport|Active checkers: 113/592 (use --checkers-report=<filename> to see details),/home/yichen/Desktop/Gemini_GSCP_Results05/logs/F007_cppcheck.log
/home/yichen/Desktop/Gemini_GSCP05/F008.c,cppcheck,True,success,True,0,8,2,information,missingIncludeSystem,Include file: <stdio.h> not found. Please note: Cppcheck does not need standard library headers to get proper results.,/home/yichen/Desktop/Gemini_GSCP05/F008.c|2|information|missingIncludeSystem|Include file: <stdio.h> not found. Please note: Cppcheck does not need standard library headers to get proper results.,/home/yichen/Desktop/Gemini_GSCP_Results05/logs/F008_cppcheck.log
/home/yichen/Desktop/Gemini_GSCP05/F008.c,cppcheck,True,success,True,0,8,3,information,missingIncludeSystem,Include file: <stdlib.h> not found. Please note: Cppcheck does not need standard library headers to get proper results.,/home/yichen/Desktop/Gemini_GSCP05/F008.c|3|information|missingIncludeSystem|Include file: <stdlib.h> not found. Please note: Cppcheck does not need standard library headers to get proper results.,/home/yichen/Desktop/Gemini_GSCP_Results05/logs/F008_cppcheck.log
/home/yichen/Desktop/Gemini_GSCP05/F008.c,cppcheck,True,success,True,0,8,4,information,missingIncludeSystem,Include file: <string.h> not found. Please note: Cppcheck does not need standard library headers to get proper results.,/home/yichen/Desktop/Gemini_GSCP05/F008.c|4|information|missingIncludeSystem|Include file: <string.h> not found. Please note: Cppcheck does not need standard library headers to get proper results.,/home/yichen/Desktop/Gemini_GSCP_Results05/logs/F008_cppcheck.log
/home/yichen/Desktop/Gemini_GSCP05/F008.c,cppcheck,True,success,True,0,8,55,style,constVariablePointer,Variable 'name_start' can be declared as pointer to const,/home/yichen/Desktop/Gemini_GSCP05/F008.c|55|style|constVariablePointer|Variable 'name_start' can be declared as pointer to const,/home/yichen/Desktop/Gemini_GSCP_Results05/logs/F008_cppcheck.log
/home/yichen/Desktop/Gemini_GSCP05/F008.c,cppcheck,True,success,True,0,8,66,style,constVariablePointer,Variable 'note_start' can be declared as pointer to const,/home/yichen/Desktop/Gemini_GSCP05/F008.c|66|style|constVariablePointer|Variable 'note_start' can be declared as pointer to const,/home/yichen/Desktop/Gemini_GSCP_Results05/logs/F008_cppcheck.log
/home/yichen/Desktop/Gemini_GSCP05/F008.c,cppcheck,True,success,True,0,8,83,style,constVariablePointer,Variable 'name_start' can be declared as pointer to const,/home/yichen/Desktop/Gemini_GSCP05/F008.c|83|style|constVariablePointer|Variable 'name_start' can be declared as pointer to const,/home/yichen/Desktop/Gemini_GSCP_Results05/logs/F008_cppcheck.log
/home/yichen/Desktop/Gemini_GSCP05/F008.c,cppcheck,True,success,True,0,8,94,style,constVariablePointer,Variable 'note_start' can be declared as pointer to const,/home/yichen/Desktop/Gemini_GSCP05/F008.c|94|style|constVariablePointer|Variable 'note_start' can be declared as pointer to const,/home/yichen/Desktop/Gemini_GSCP_Results05/logs/F008_cppcheck.log
nofile,cppcheck,True,success,True,0,8,0,information,checkersReport,Active checkers: 113/592 (use --checkers-report=<filename> to see details),nofile|0|information|checkersReport|Active checkers: 113/592 (use --checkers-report=<filename> to see details),/home/yichen/Desktop/Gemini_GSCP_Results05/logs/F008_cppcheck.log
/home/yichen/Desktop/Gemini_GSCP05/F009.c,cppcheck,True,success,True,0,7,2,information,missingIncludeSystem,Include file: <stdio.h> not found. Please note: Cppcheck does not need standard library headers to get proper results.,/home/yichen/Desktop/Gemini_GSCP05/F009.c|2|information|missingIncludeSystem|Include file: <stdio.h> not found. Please note: Cppcheck does not need standard library headers to get proper results.,/home/yichen/Desktop/Gemini_GSCP_Results05/logs/F009_cppcheck.log
/home/yichen/Desktop/Gemini_GSCP05/F009.c,cppcheck,True,success,True,0,7,3,information,missingIncludeSystem,Include file: <stdlib.h> not found. Please note: Cppcheck does not need standard library headers to get proper results.,/home/yichen/Desktop/Gemini_GSCP05/F009.c|3|information|missingIncludeSystem|Include file: <stdlib.h> not found. Please note: Cppcheck does not need standard library headers to get proper results.,/home/yichen/Desktop/Gemini_GSCP_Results05/logs/F009_cppcheck.log
/home/yichen/Desktop/Gemini_GSCP05/F009.c,cppcheck,True,success,True,0,7,4,information,missingIncludeSystem,Include file: <string.h> not found. Please note: Cppcheck does not need standard library headers to get proper results.,/home/yichen/Desktop/Gemini_GSCP05/F009.c|4|information|missingIncludeSystem|Include file: <string.h> not found. Please note: Cppcheck does not need standard library headers to get proper results.,/home/yichen/Desktop/Gemini_GSCP_Results05/logs/F009_cppcheck.log
/home/yichen/Desktop/Gemini_GSCP05/F009.c,cppcheck,True,success,True,0,7,60,style,constVariablePointer,Variable 'group_start' can be declared as pointer to const,/home/yichen/Desktop/Gemini_GSCP05/F009.c|60|style|constVariablePointer|Variable 'group_start' can be declared as pointer to const,/home/yichen/Desktop/Gemini_GSCP_Results05/logs/F009_cppcheck.log
/home/yichen/Desktop/Gemini_GSCP05/F009.c,cppcheck,True,success,True,0,7,104,style,constVariablePointer,Variable 'gA' can be declared as pointer to const,/home/yichen/Desktop/Gemini_GSCP05/F009.c|104|style|constVariablePointer|Variable 'gA' can be declared as pointer to const,/home/yichen/Desktop/Gemini_GSCP_Results05/logs/F009_cppcheck.log
/home/yichen/Desktop/Gemini_GSCP05/F009.c,cppcheck,True,success,True,0,7,110,style,constVariablePointer,Variable 'gB' can be declared as pointer to const,/home/yichen/Desktop/Gemini_GSCP05/F009.c|110|style|constVariablePointer|Variable 'gB' can be declared as pointer to const,/home/yichen/Desktop/Gemini_GSCP_Results05/logs/F009_cppcheck.log
nofile,cppcheck,True,success,True,0,7,0,information,checkersReport,Active checkers: 113/592 (use --checkers-report=<filename> to see details),nofile|0|information|checkersReport|Active checkers: 113/592 (use --checkers-report=<filename> to see details),/home/yichen/Desktop/Gemini_GSCP_Results05/logs/F009_cppcheck.log
/home/yichen/Desktop/Gemini_GSCP05/F010.c,cppcheck,True,success,True,0,6,2,information,missingIncludeSystem,Include file: <stdio.h> not found. Please note: Cppcheck does not need standard library headers to get proper results.,/home/yichen/Desktop/Gemini_GSCP05/F010.c|2|information|missingIncludeSystem|Include file: <stdio.h> not found. Please note: Cppcheck does not need standard library headers to get proper results.,/home/yichen/Desktop/Gemini_GSCP_Results05/logs/F010_cppcheck.log
/home/yichen/Desktop/Gemini_GSCP05/F010.c,cppcheck,True,success,True,0,6,3,information,missingIncludeSystem,Include file: <stdlib.h> not found. Please note: Cppcheck does not need standard library headers to get proper results.,/home/yichen/Desktop/Gemini_GSCP05/F010.c|3|information|missingIncludeSystem|Include file: <stdlib.h> not found. Please note: Cppcheck does not need standard library headers to get proper results.,/home/yichen/Desktop/Gemini_GSCP_Results05/logs/F010_cppcheck.log
/home/yichen/Desktop/Gemini_GSCP05/F010.c,cppcheck,True,success,True,0,6,4,information,missingIncludeSystem,Include file: <string.h> not found. Please note: Cppcheck does not need standard library headers to get proper results.,/home/yichen/Desktop/Gemini_GSCP05/F010.c|4|information|missingIncludeSystem|Include file: <string.h> not found. Please note: Cppcheck does not need standard library headers to get proper results.,/home/yichen/Desktop/Gemini_GSCP_Results05/logs/F010_cppcheck.log
/home/yichen/Desktop/Gemini_GSCP05/F010.c,cppcheck,True,success,True,0,6,56,style,constVariablePointer,Variable 'key_start' can be declared as pointer to const,/home/yichen/Desktop/Gemini_GSCP05/F010.c|56|style|constVariablePointer|Variable 'key_start' can be declared as pointer to const,/home/yichen/Desktop/Gemini_GSCP_Results05/logs/F010_cppcheck.log
/home/yichen/Desktop/Gemini_GSCP05/F010.c,cppcheck,True,success,True,0,6,100,style,constVariablePointer,Variable 'key_start' can be declared as pointer to const,/home/yichen/Desktop/Gemini_GSCP05/F010.c|100|style|constVariablePointer|Variable 'key_start' can be declared as pointer to const,/home/yichen/Desktop/Gemini_GSCP_Results05/logs/F010_cppcheck.log
nofile,cppcheck,True,success,True,0,6,0,information,checkersReport,Active checkers: 113/592 (use --checkers-report=<filename> to see details),nofile|0|information|checkersReport|Active checkers: 113/592 (use --checkers-report=<filename> to see details),/home/yichen/Desktop/Gemini_GSCP_Results05/logs/F010_cppcheck.log
/home/yichen/Desktop/Gemini_GSCP05/F011.c,cppcheck,True,success,True,0,6,2,information,missingIncludeSystem,Include file: <stdio.h> not found. Please note: Cppcheck does not need standard library headers to get proper results.,/home/yichen/Desktop/Gemini_GSCP05/F011.c|2|information|missingIncludeSystem|Include file: <stdio.h> not found. Please note: Cppcheck does not need standard library headers to get proper results.,/home/yichen/Desktop/Gemini_GSCP_Results05/logs/F011_cppcheck.log
/home/yichen/Desktop/Gemini_GSCP05/F011.c,cppcheck,True,success,True,0,6,3,information,missingIncludeSystem,Include file: <stdlib.h> not found. Please note: Cppcheck does not need standard library headers to get proper results.,/home/yichen/Desktop/Gemini_GSCP05/F011.c|3|information|missingIncludeSystem|Include file: <stdlib.h> not found. Please note: Cppcheck does not need standard library headers to get proper results.,/home/yichen/Desktop/Gemini_GSCP_Results05/logs/F011_cppcheck.log
/home/yichen/Desktop/Gemini_GSCP05/F011.c,cppcheck,True,success,True,0,6,4,information,missingIncludeSystem,Include file: <string.h> not found. Please note: Cppcheck does not need standard library headers to get proper results.,/home/yichen/Desktop/Gemini_GSCP05/F011.c|4|information|missingIncludeSystem|Include file: <string.h> not found. Please note: Cppcheck does not need standard library headers to get proper results.,/home/yichen/Desktop/Gemini_GSCP_Results05/logs/F011_cppcheck.log
/home/yichen/Desktop/Gemini_GSCP05/F011.c,cppcheck,True,success,True,0,6,55,style,constVariablePointer,Variable 'title_start' can be declared as pointer to const,/home/yichen/Desktop/Gemini_GSCP05/F011.c|55|style|constVariablePointer|Variable 'title_start' can be declared as pointer to const,/home/yichen/Desktop/Gemini_GSCP_Results05/logs/F011_cppcheck.log
/home/yichen/Desktop/Gemini_GSCP05/F011.c,cppcheck,True,success,True,0,6,75,style,constVariablePointer,Variable 'title_start' can be declared as pointer to const,/home/yichen/Desktop/Gemini_GSCP05/F011.c|75|style|constVariablePointer|Variable 'title_start' can be declared as pointer to const,/home/yichen/Desktop/Gemini_GSCP_Results05/logs/F011_cppcheck.log
nofile,cppcheck,True,success,True,0,6,0,information,checkersReport,Active checkers: 113/592 (use --checkers-report=<filename> to see details),nofile|0|information|checkersReport|Active checkers: 113/592 (use --checkers-report=<filename> to see details),/home/yichen/Desktop/Gemini_GSCP_Results05/logs/F011_cppcheck.log
/home/yichen/Desktop/Gemini_GSCP05/F012.c,cppcheck,True,success,True,0,5,2,information,missingIncludeSystem,Include file: <stdio.h> not found. Please note: Cppcheck does not need standard library headers to get proper results.,/home/yichen/Desktop/Gemini_GSCP05/F012.c|2|information|missingIncludeSystem|Include file: <stdio.h> not found. Please note: Cppcheck does not need standard library headers to get proper results.,/home/yichen/Desktop/Gemini_GSCP_Results05/logs/F012_cppcheck.log
/home/yichen/Desktop/Gemini_GSCP05/F012.c,cppcheck,True,success,True,0,5,3,information,missingIncludeSystem,Include file: <stdlib.h> not found. Please note: Cppcheck does not need standard library headers to get proper results.,/home/yichen/Desktop/Gemini_GSCP05/F012.c|3|information|missingIncludeSystem|Include file: <stdlib.h> not found. Please note: Cppcheck does not need standard library headers to get proper results.,/home/yichen/Desktop/Gemini_GSCP_Results05/logs/F012_cppcheck.log
/home/yichen/Desktop/Gemini_GSCP05/F012.c,cppcheck,True,success,True,0,5,4,information,missingIncludeSystem,Include file: <string.h> not found. Please note: Cppcheck does not need standard library headers to get proper results.,/home/yichen/Desktop/Gemini_GSCP05/F012.c|4|information|missingIncludeSystem|Include file: <string.h> not found. Please note: Cppcheck does not need standard library headers to get proper results.,/home/yichen/Desktop/Gemini_GSCP_Results05/logs/F012_cppcheck.log
/home/yichen/Desktop/Gemini_GSCP05/F012.c,cppcheck,True,success,True,0,5,54,style,constVariablePointer,Variable 'name_start' can be declared as pointer to const,/home/yichen/Desktop/Gemini_GSCP05/F012.c|54|style|constVariablePointer|Variable 'name_start' can be declared as pointer to const,/home/yichen/Desktop/Gemini_GSCP_Results05/logs/F012_cppcheck.log
nofile,cppcheck,True,success,True,0,5,0,information,checkersReport,Active checkers: 113/592 (use --checkers-report=<filename> to see details),nofile|0|information|checkersReport|Active checkers: 113/592 (use --checkers-report=<filename> to see details),/home/yichen/Desktop/Gemini_GSCP_Results05/logs/F012_cppcheck.log
/home/yichen/Desktop/Gemini_GSCP05/F013.c,cppcheck,True,success,True,0,5,2,information,missingIncludeSystem,Include file: <stdio.h> not found. Please note: Cppcheck does not need standard library headers to get proper results.,/home/yichen/Desktop/Gemini_GSCP05/F013.c|2|information|missingIncludeSystem|Include file: <stdio.h> not found. Please note: Cppcheck does not need standard library headers to get proper results.,/home/yichen/Desktop/Gemini_GSCP_Results05/logs/F013_cppcheck.log
/home/yichen/Desktop/Gemini_GSCP05/F013.c,cppcheck,True,success,True,0,5,3,information,missingIncludeSystem,Include file: <stdlib.h> not found. Please note: Cppcheck does not need standard library headers to get proper results.,/home/yichen/Desktop/Gemini_GSCP05/F013.c|3|information|missingIncludeSystem|Include file: <stdlib.h> not found. Please note: Cppcheck does not need standard library headers to get proper results.,/home/yichen/Desktop/Gemini_GSCP_Results05/logs/F013_cppcheck.log
/home/yichen/Desktop/Gemini_GSCP05/F013.c,cppcheck,True,success,True,0,5,4,information,missingIncludeSystem,Include file: <string.h> not found. Please note: Cppcheck does not need standard library headers to get proper results.,/home/yichen/Desktop/Gemini_GSCP05/F013.c|4|information|missingIncludeSystem|Include file: <string.h> not found. Please note: Cppcheck does not need standard library headers to get proper results.,/home/yichen/Desktop/Gemini_GSCP_Results05/logs/F013_cppcheck.log
/home/yichen/Desktop/Gemini_GSCP05/F013.c,cppcheck,True,success,True,0,5,55,style,constVariablePointer,Variable 'title_start' can be declared as pointer to const,/home/yichen/Desktop/Gemini_GSCP05/F013.c|55|style|constVariablePointer|Variable 'title_start' can be declared as pointer to const,/home/yichen/Desktop/Gemini_GSCP_Results05/logs/F013_cppcheck.log
nofile,cppcheck,True,success,True,0,5,0,information,checkersReport,Active checkers: 113/592 (use --checkers-report=<filename> to see details),nofile|0|information|checkersReport|Active checkers: 113/592 (use --checkers-report=<filename> to see details),/home/yichen/Desktop/Gemini_GSCP_Results05/logs/F013_cppcheck.log
/home/yichen/Desktop/Gemini_GSCP05/F014.c,cppcheck,True,success,True,0,7,2,information,missingIncludeSystem,Include file: <stdio.h> not found. Please note: Cppcheck does not need standard library headers to get proper results.,/home/yichen/Desktop/Gemini_GSCP05/F014.c|2|information|missingIncludeSystem|Include file: <stdio.h> not found. Please note: Cppcheck does not need standard library headers to get proper results.,/home/yichen/Desktop/Gemini_GSCP_Results05/logs/F014_cppcheck.log
/home/yichen/Desktop/Gemini_GSCP05/F014.c,cppcheck,True,success,True,0,7,3,information,missingIncludeSystem,Include file: <stdlib.h> not found. Please note: Cppcheck does not need standard library headers to get proper results.,/home/yichen/Desktop/Gemini_GSCP05/F014.c|3|information|missingIncludeSystem|Include file: <stdlib.h> not found. Please note: Cppcheck does not need standard library headers to get proper results.,/home/yichen/Desktop/Gemini_GSCP_Results05/logs/F014_cppcheck.log
/home/yichen/Desktop/Gemini_GSCP05/F014.c,cppcheck,True,success,True,0,7,4,information,missingIncludeSystem,Include file: <string.h> not found. Please note: Cppcheck does not need standard library headers to get proper results.,/home/yichen/Desktop/Gemini_GSCP05/F014.c|4|information|missingIncludeSystem|Include file: <string.h> not found. Please note: Cppcheck does not need standard library headers to get proper results.,/home/yichen/Desktop/Gemini_GSCP_Results05/logs/F014_cppcheck.log
/home/yichen/Desktop/Gemini_GSCP05/F014.c,cppcheck,True,success,True,0,7,57,style,constVariablePointer,Variable 'name_start' can be declared as pointer to const,/home/yichen/Desktop/Gemini_GSCP05/F014.c|57|style|constVariablePointer|Variable 'name_start' can be declared as pointer to const,/home/yichen/Desktop/Gemini_GSCP_Results05/logs/F014_cppcheck.log
/home/yichen/Desktop/Gemini_GSCP05/F014.c,cppcheck,True,success,True,0,7,80,style,constVariablePointer,Variable 'name_start' can be declared as pointer to const,/home/yichen/Desktop/Gemini_GSCP05/F014.c|80|style|constVariablePointer|Variable 'name_start' can be declared as pointer to const,/home/yichen/Desktop/Gemini_GSCP_Results05/logs/F014_cppcheck.log
/home/yichen/Desktop/Gemini_GSCP05/F014.c,cppcheck,True,success,True,0,7,105,style,constVariablePointer,Variable 'name_start' can be declared as pointer to const,/home/yichen/Desktop/Gemini_GSCP05/F014.c|105|style|constVariablePointer|Variable 'name_start' can be declared as pointer to const,/home/yichen/Desktop/Gemini_GSCP_Results05/logs/F014_cppcheck.log
nofile,cppcheck,True,success,True,0,7,0,information,checkersReport,Active checkers: 113/592 (use --checkers-report=<filename> to see details),nofile|0|information|checkersReport|Active checkers: 113/592 (use --checkers-report=<filename> to see details),/home/yichen/Desktop/Gemini_GSCP_Results05/logs/F014_cppcheck.log
/home/yichen/Desktop/Gemini_GSCP05/F015.c,cppcheck,True,success,True,0,9,2,information,missingIncludeSystem,Include file: <stdio.h> not found. Please note: Cppcheck does not need standard library headers to get proper results.,/home/yichen/Desktop/Gemini_GSCP05/F015.c|2|information|missingIncludeSystem|Include file: <stdio.h> not found. Please note: Cppcheck does not need standard library headers to get proper results.,/home/yichen/Desktop/Gemini_GSCP_Results05/logs/F015_cppcheck.log
/home/yichen/Desktop/Gemini_GSCP05/F015.c,cppcheck,True,success,True,0,9,3,information,missingIncludeSystem,Include file: <stdlib.h> not found. Please note: Cppcheck does not need standard library headers to get proper results.,/home/yichen/Desktop/Gemini_GSCP05/F015.c|3|information|missingIncludeSystem|Include file: <stdlib.h> not found. Please note: Cppcheck does not need standard library headers to get proper results.,/home/yichen/Desktop/Gemini_GSCP_Results05/logs/F015_cppcheck.log
/home/yichen/Desktop/Gemini_GSCP05/F015.c,cppcheck,True,success,True,0,9,4,information,missingIncludeSystem,Include file: <string.h> not found. Please note: Cppcheck does not need standard library headers to get proper results.,/home/yichen/Desktop/Gemini_GSCP05/F015.c|4|information|missingIncludeSystem|Include file: <string.h> not found. Please note: Cppcheck does not need standard library headers to get proper results.,/home/yichen/Desktop/Gemini_GSCP_Results05/logs/F015_cppcheck.log
/home/yichen/Desktop/Gemini_GSCP05/F015.c,cppcheck,True,success,True,0,9,56,style,constVariablePointer,Variable 'name_start' can be declared as pointer to const,/home/yichen/Desktop/Gemini_GSCP05/F015.c|56|style|constVariablePointer|Variable 'name_start' can be declared as pointer to const,/home/yichen/Desktop/Gemini_GSCP_Results05/logs/F015_cppcheck.log
/home/yichen/Desktop/Gemini_GSCP05/F015.c,cppcheck,True,success,True,0,9,62,style,constVariablePointer,Variable 'email_start' can be declared as pointer to const,/home/yichen/Desktop/Gemini_GSCP05/F015.c|62|style|constVariablePointer|Variable 'email_start' can be declared as pointer to const,/home/yichen/Desktop/Gemini_GSCP_Results05/logs/F015_cppcheck.log
/home/yichen/Desktop/Gemini_GSCP05/F015.c,cppcheck,True,success,True,0,9,68,style,constVariablePointer,Variable 'phone_start' can be declared as pointer to const,/home/yichen/Desktop/Gemini_GSCP05/F015.c|68|style|constVariablePointer|Variable 'phone_start' can be declared as pointer to const,/home/yichen/Desktop/Gemini_GSCP_Results05/logs/F015_cppcheck.log
/home/yichen/Desktop/Gemini_GSCP05/F015.c,cppcheck,True,success,True,0,9,86,style,constVariablePointer,Variable 'name_start' can be declared as pointer to const,/home/yichen/Desktop/Gemini_GSCP05/F015.c|86|style|constVariablePointer|Variable 'name_start' can be declared as pointer to const,/home/yichen/Desktop/Gemini_GSCP_Results05/logs/F015_cppcheck.log
/home/yichen/Desktop/Gemini_GSCP05/F015.c,cppcheck,True,success,True,0,9,103,style,constVariablePointer,Variable 'keep_start' can be declared as pointer to const,/home/yichen/Desktop/Gemini_GSCP05/F015.c|103|style|constVariablePointer|Variable 'keep_start' can be declared as pointer to const,/home/yichen/Desktop/Gemini_GSCP_Results05/logs/F015_cppcheck.log
nofile,cppcheck,True,success,True,0,9,0,information,checkersReport,Active checkers: 113/592 (use --checkers-report=<filename> to see details),nofile|0|information|checkersReport|Active checkers: 113/592 (use --checkers-report=<filename> to see details),/home/yichen/Desktop/Gemini_GSCP_Results05/logs/F015_cppcheck.log
/home/yichen/Desktop/Gemini_GSCP05/F016.c,cppcheck,True,success,True,0,4,2,information,missingIncludeSystem,Include file: <stdio.h> not found. Please note: Cppcheck does not need standard library headers to get proper results.,/home/yichen/Desktop/Gemini_GSCP05/F016.c|2|information|missingIncludeSystem|Include file: <stdio.h> not found. Please note: Cppcheck does not need standard library headers to get proper results.,/home/yichen/Desktop/Gemini_GSCP_Results05/logs/F016_cppcheck.log
/home/yichen/Desktop/Gemini_GSCP05/F016.c,cppcheck,True,success,True,0,4,3,information,missingIncludeSystem,Include file: <stdlib.h> not found. Please note: Cppcheck does not need standard library headers to get proper results.,/home/yichen/Desktop/Gemini_GSCP05/F016.c|3|information|missingIncludeSystem|Include file: <stdlib.h> not found. Please note: Cppcheck does not need standard library headers to get proper results.,/home/yichen/Desktop/Gemini_GSCP_Results05/logs/F016_cppcheck.log
/home/yichen/Desktop/Gemini_GSCP05/F016.c,cppcheck,True,success,True,0,4,4,information,missingIncludeSystem,Include file: <string.h> not found. Please note: Cppcheck does not need standard library headers to get proper results.,/home/yichen/Desktop/Gemini_GSCP05/F016.c|4|information|missingIncludeSystem|Include file: <string.h> not found. Please note: Cppcheck does not need standard library headers to get proper results.,/home/yichen/Desktop/Gemini_GSCP_Results05/logs/F016_cppcheck.log
nofile,cppcheck,True,success,True,0,4,0,information,checkersReport,Active checkers: 113/592 (use --checkers-report=<filename> to see details),nofile|0|information|checkersReport|Active checkers: 113/592 (use --checkers-report=<filename> to see details),/home/yichen/Desktop/Gemini_GSCP_Results05/logs/F016_cppcheck.log
/home/yichen/Desktop/Gemini_GSCP05/F017.c,cppcheck,True,success,True,0,7,2,information,missingIncludeSystem,Include file: <stdio.h> not found. Please note: Cppcheck does not need standard library headers to get proper results.,/home/yichen/Desktop/Gemini_GSCP05/F017.c|2|information|missingIncludeSystem|Include file: <stdio.h> not found. Please note: Cppcheck does not need standard library headers to get proper results.,/home/yichen/Desktop/Gemini_GSCP_Results05/logs/F017_cppcheck.log
/home/yichen/Desktop/Gemini_GSCP05/F017.c,cppcheck,True,success,True,0,7,3,information,missingIncludeSystem,Include file: <stdlib.h> not found. Please note: Cppcheck does not need standard library headers to get proper results.,/home/yichen/Desktop/Gemini_GSCP05/F017.c|3|information|missingIncludeSystem|Include file: <stdlib.h> not found. Please note: Cppcheck does not need standard library headers to get proper results.,/home/yichen/Desktop/Gemini_GSCP_Results05/logs/F017_cppcheck.log
/home/yichen/Desktop/Gemini_GSCP05/F017.c,cppcheck,True,success,True,0,7,4,information,missingIncludeSystem,Include file: <string.h> not found. Please note: Cppcheck does not need standard library headers to get proper results.,/home/yichen/Desktop/Gemini_GSCP05/F017.c|4|information|missingIncludeSystem|Include file: <string.h> not found. Please note: Cppcheck does not need standard library headers to get proper results.,/home/yichen/Desktop/Gemini_GSCP_Results05/logs/F017_cppcheck.log
/home/yichen/Desktop/Gemini_GSCP05/F017.c,cppcheck,True,success,True,0,7,53,style,constVariablePointer,Variable 'k' can be declared as pointer to const,/home/yichen/Desktop/Gemini_GSCP05/F017.c|53|style|constVariablePointer|Variable 'k' can be declared as pointer to const,/home/yichen/Desktop/Gemini_GSCP_Results05/logs/F017_cppcheck.log
/home/yichen/Desktop/Gemini_GSCP05/F017.c,cppcheck,True,success,True,0,7,54,style,constVariablePointer,Variable 'v' can be declared as pointer to const,/home/yichen/Desktop/Gemini_GSCP05/F017.c|54|style|constVariablePointer|Variable 'v' can be declared as pointer to const,/home/yichen/Desktop/Gemini_GSCP_Results05/logs/F017_cppcheck.log
/home/yichen/Desktop/Gemini_GSCP05/F017.c,cppcheck,True,success,True,0,7,79,style,constVariablePointer,Variable 'key_start' can be declared as pointer to const,/home/yichen/Desktop/Gemini_GSCP05/F017.c|79|style|constVariablePointer|Variable 'key_start' can be declared as pointer to const,/home/yichen/Desktop/Gemini_GSCP_Results05/logs/F017_cppcheck.log
nofile,cppcheck,True,success,True,0,7,0,information,checkersReport,Active checkers: 113/592 (use --checkers-report=<filename> to see details),nofile|0|information|checkersReport|Active checkers: 113/592 (use --checkers-report=<filename> to see details),/home/yichen/Desktop/Gemini_GSCP_Results05/logs/F017_cppcheck.log
/home/yichen/Desktop/Gemini_GSCP05/F018.c,cppcheck,True,success,True,0,4,2,information,missingIncludeSystem,Include file: <stdio.h> not found. Please note: Cppcheck does not need standard library headers to get proper results.,/home/yichen/Desktop/Gemini_GSCP05/F018.c|2|information|missingIncludeSystem|Include file: <stdio.h> not found. Please note: Cppcheck does not need standard library headers to get proper results.,/home/yichen/Desktop/Gemini_GSCP_Results05/logs/F018_cppcheck.log
/home/yichen/Desktop/Gemini_GSCP05/F018.c,cppcheck,True,success,True,0,4,3,information,missingIncludeSystem,Include file: <stdlib.h> not found. Please note: Cppcheck does not need standard library headers to get proper results.,/home/yichen/Desktop/Gemini_GSCP05/F018.c|3|information|missingIncludeSystem|Include file: <stdlib.h> not found. Please note: Cppcheck does not need standard library headers to get proper results.,/home/yichen/Desktop/Gemini_GSCP_Results05/logs/F018_cppcheck.log
/home/yichen/Desktop/Gemini_GSCP05/F018.c,cppcheck,True,success,True,0,4,4,information,missingIncludeSystem,Include file: <string.h> not found. Please note: Cppcheck does not need standard library headers to get proper results.,/home/yichen/Desktop/Gemini_GSCP05/F018.c|4|information|missingIncludeSystem|Include file: <string.h> not found. Please note: Cppcheck does not need standard library headers to get proper results.,/home/yichen/Desktop/Gemini_GSCP_Results05/logs/F018_cppcheck.log
nofile,cppcheck,True,success,True,0,4,0,information,checkersReport,Active checkers: 113/592 (use --checkers-report=<filename> to see details),nofile|0|information|checkersReport|Active checkers: 113/592 (use --checkers-report=<filename> to see details),/home/yichen/Desktop/Gemini_GSCP_Results05/logs/F018_cppcheck.log
/home/yichen/Desktop/Gemini_GSCP05/F019.c,cppcheck,True,success,True,0,7,2,information,missingIncludeSystem,Include file: <stdio.h> not found. Please note: Cppcheck does not need standard library headers to get proper results.,/home/yichen/Desktop/Gemini_GSCP05/F019.c|2|information|missingIncludeSystem|Include file: <stdio.h> not found. Please note: Cppcheck does not need standard library headers to get proper results.,/home/yichen/Desktop/Gemini_GSCP_Results05/logs/F019_cppcheck.log
/home/yichen/Desktop/Gemini_GSCP05/F019.c,cppcheck,True,success,True,0,7,3,information,missingIncludeSystem,Include file: <stdlib.h> not found. Please note: Cppcheck does not need standard library headers to get proper results.,/home/yichen/Desktop/Gemini_GSCP05/F019.c|3|information|missingIncludeSystem|Include file: <stdlib.h> not found. Please note: Cppcheck does not need standard library headers to get proper results.,/home/yichen/Desktop/Gemini_GSCP_Results05/logs/F019_cppcheck.log
/home/yichen/Desktop/Gemini_GSCP05/F019.c,cppcheck,True,success,True,0,7,4,information,missingIncludeSystem,Include file: <string.h> not found. Please note: Cppcheck does not need standard library headers to get proper results.,/home/yichen/Desktop/Gemini_GSCP05/F019.c|4|information|missingIncludeSystem|Include file: <string.h> not found. Please note: Cppcheck does not need standard library headers to get proper results.,/home/yichen/Desktop/Gemini_GSCP_Results05/logs/F019_cppcheck.log
/home/yichen/Desktop/Gemini_GSCP05/F019.c,cppcheck,True,success,True,0,7,115,style,constVariablePointer,Variable 'acc_start' can be declared as pointer to const,/home/yichen/Desktop/Gemini_GSCP05/F019.c|115|style|constVariablePointer|Variable 'acc_start' can be declared as pointer to const,/home/yichen/Desktop/Gemini_GSCP_Results05/logs/F019_cppcheck.log
/home/yichen/Desktop/Gemini_GSCP05/F019.c,cppcheck,True,success,True,0,7,121,style,constVariablePointer,Variable 'amt_start' can be declared as pointer to const,/home/yichen/Desktop/Gemini_GSCP05/F019.c|121|style|constVariablePointer|Variable 'amt_start' can be declared as pointer to const,/home/yichen/Desktop/Gemini_GSCP_Results05/logs/F019_cppcheck.log
/home/yichen/Desktop/Gemini_GSCP05/F019.c,cppcheck,True,success,True,0,7,147,style,constVariablePointer,Variable 'acc_start' can be declared as pointer to const,/home/yichen/Desktop/Gemini_GSCP05/F019.c|147|style|constVariablePointer|Variable 'acc_start' can be declared as pointer to const,/home/yichen/Desktop/Gemini_GSCP_Results05/logs/F019_cppcheck.log
nofile,cppcheck,True,success,True,0,7,0,information,checkersReport,Active checkers: 113/592 (use --checkers-report=<filename> to see details),nofile|0|information|checkersReport|Active checkers: 113/592 (use --checkers-report=<filename> to see details),/home/yichen/Desktop/Gemini_GSCP_Results05/logs/F019_cppcheck.log
/home/yichen/Desktop/Gemini_GSCP05/F020.c,cppcheck,True,success,True,0,4,2,information,missingIncludeSystem,Include file: <stdio.h> not found. Please note: Cppcheck does not need standard library headers to get proper results.,/home/yichen/Desktop/Gemini_GSCP05/F020.c|2|information|missingIncludeSystem|Include file: <stdio.h> not found. Please note: Cppcheck does not need standard library headers to get proper results.,/home/yichen/Desktop/Gemini_GSCP_Results05/logs/F020_cppcheck.log
/home/yichen/Desktop/Gemini_GSCP05/F020.c,cppcheck,True,success,True,0,4,3,information,missingIncludeSystem,Include file: <stdlib.h> not found. Please note: Cppcheck does not need standard library headers to get proper results.,/home/yichen/Desktop/Gemini_GSCP05/F020.c|3|information|missingIncludeSystem|Include file: <stdlib.h> not found. Please note: Cppcheck does not need standard library headers to get proper results.,/home/yichen/Desktop/Gemini_GSCP_Results05/logs/F020_cppcheck.log
/home/yichen/Desktop/Gemini_GSCP05/F020.c,cppcheck,True,success,True,0,4,4,information,missingIncludeSystem,Include file: <string.h> not found. Please note: Cppcheck does not need standard library headers to get proper results.,/home/yichen/Desktop/Gemini_GSCP05/F020.c|4|information|missingIncludeSystem|Include file: <string.h> not found. Please note: Cppcheck does not need standard library headers to get proper results.,/home/yichen/Desktop/Gemini_GSCP_Results05/logs/F020_cppcheck.log
nofile,cppcheck,True,success,True,0,4,0,information,checkersReport,Active checkers: 113/592 (use --checkers-report=<filename> to see details),nofile|0|information|checkersReport|Active checkers: 113/592 (use --checkers-report=<filename> to see details),/home/yichen/Desktop/Gemini_GSCP_Results05/logs/F020_cppcheck.log
/home/yichen/Desktop/Gemini_GSCP05/F021.c,cppcheck,True,success,True,0,7,2,information,missingIncludeSystem,Include file: <stdio.h> not found. Please note: Cppcheck does not need standard library headers to get proper results.,/home/yichen/Desktop/Gemini_GSCP05/F021.c|2|information|missingIncludeSystem|Include file: <stdio.h> not found. Please note: Cppcheck does not need standard library headers to get proper results.,/home/yichen/Desktop/Gemini_GSCP_Results05/logs/F021_cppcheck.log
/home/yichen/Desktop/Gemini_GSCP05/F021.c,cppcheck,True,success,True,0,7,3,information,missingIncludeSystem,Include file: <stdlib.h> not found. Please note: Cppcheck does not need standard library headers to get proper results.,/home/yichen/Desktop/Gemini_GSCP05/F021.c|3|information|missingIncludeSystem|Include file: <stdlib.h> not found. Please note: Cppcheck does not need standard library headers to get proper results.,/home/yichen/Desktop/Gemini_GSCP_Results05/logs/F021_cppcheck.log
/home/yichen/Desktop/Gemini_GSCP05/F021.c,cppcheck,True,success,True,0,7,4,information,missingIncludeSystem,Include file: <string.h> not found. Please note: Cppcheck does not need standard library headers to get proper results.,/home/yichen/Desktop/Gemini_GSCP05/F021.c|4|information|missingIncludeSystem|Include file: <string.h> not found. Please note: Cppcheck does not need standard library headers to get proper results.,/home/yichen/Desktop/Gemini_GSCP_Results05/logs/F021_cppcheck.log
/home/yichen/Desktop/Gemini_GSCP05/F021.c,cppcheck,True,success,True,0,7,85,style,constVariablePointer,Variable 'r_name' can be declared as pointer to const,/home/yichen/Desktop/Gemini_GSCP05/F021.c|85|style|constVariablePointer|Variable 'r_name' can be declared as pointer to const,/home/yichen/Desktop/Gemini_GSCP_Results05/logs/F021_cppcheck.log
/home/yichen/Desktop/Gemini_GSCP05/F021.c,cppcheck,True,success,True,0,7,91,style,constVariablePointer,Variable 'ing_name' can be declared as pointer to const,/home/yichen/Desktop/Gemini_GSCP05/F021.c|91|style|constVariablePointer|Variable 'ing_name' can be declared as pointer to const,/home/yichen/Desktop/Gemini_GSCP_Results05/logs/F021_cppcheck.log
/home/yichen/Desktop/Gemini_GSCP05/F021.c,cppcheck,True,success,True,0,7,118,style,constVariablePointer,Variable 'r_name' can be declared as pointer to const,/home/yichen/Desktop/Gemini_GSCP05/F021.c|118|style|constVariablePointer|Variable 'r_name' can be declared as pointer to const,/home/yichen/Desktop/Gemini_GSCP_Results05/logs/F021_cppcheck.log
nofile,cppcheck,True,success,True,0,7,0,information,checkersReport,Active checkers: 113/592 (use --checkers-report=<filename> to see details),nofile|0|information|checkersReport|Active checkers: 113/592 (use --checkers-report=<filename> to see details),/home/yichen/Desktop/Gemini_GSCP_Results05/logs/F021_cppcheck.log
/home/yichen/Desktop/Gemini_GSCP05/F022.c,cppcheck,True,success,True,0,9,2,information,missingIncludeSystem,Include file: <stdio.h> not found. Please note: Cppcheck does not need standard library headers to get proper results.,/home/yichen/Desktop/Gemini_GSCP05/F022.c|2|information|missingIncludeSystem|Include file: <stdio.h> not found. Please note: Cppcheck does not need standard library headers to get proper results.,/home/yichen/Desktop/Gemini_GSCP_Results05/logs/F022_cppcheck.log
/home/yichen/Desktop/Gemini_GSCP05/F022.c,cppcheck,True,success,True,0,9,3,information,missingIncludeSystem,Include file: <stdlib.h> not found. Please note: Cppcheck does not need standard library headers to get proper results.,/home/yichen/Desktop/Gemini_GSCP05/F022.c|3|information|missingIncludeSystem|Include file: <stdlib.h> not found. Please note: Cppcheck does not need standard library headers to get proper results.,/home/yichen/Desktop/Gemini_GSCP_Results05/logs/F022_cppcheck.log
/home/yichen/Desktop/Gemini_GSCP05/F022.c,cppcheck,True,success,True,0,9,4,information,missingIncludeSystem,Include file: <string.h> not found. Please note: Cppcheck does not need standard library headers to get proper results.,/home/yichen/Desktop/Gemini_GSCP05/F022.c|4|information|missingIncludeSystem|Include file: <string.h> not found. Please note: Cppcheck does not need standard library headers to get proper results.,/home/yichen/Desktop/Gemini_GSCP_Results05/logs/F022_cppcheck.log
/home/yichen/Desktop/Gemini_GSCP05/F022.c,cppcheck,True,success,True,0,9,86,style,constVariablePointer,Variable 'p_name' can be declared as pointer to const,/home/yichen/Desktop/Gemini_GSCP05/F022.c|86|style|constVariablePointer|Variable 'p_name' can be declared as pointer to const,/home/yichen/Desktop/Gemini_GSCP_Results05/logs/F022_cppcheck.log
/home/yichen/Desktop/Gemini_GSCP05/F022.c,cppcheck,True,success,True,0,9,92,style,constVariablePointer,Variable 'title' can be declared as pointer to const,/home/yichen/Desktop/Gemini_GSCP05/F022.c|92|style|constVariablePointer|Variable 'title' can be declared as pointer to const,/home/yichen/Desktop/Gemini_GSCP_Results05/logs/F022_cppcheck.log
/home/yichen/Desktop/Gemini_GSCP05/F022.c,cppcheck,True,success,True,0,9,120,style,constVariablePointer,Variable 'from_p' can be declared as pointer to const,/home/yichen/Desktop/Gemini_GSCP05/F022.c|120|style|constVariablePointer|Variable 'from_p' can be declared as pointer to const,/home/yichen/Desktop/Gemini_GSCP_Results05/logs/F022_cppcheck.log
/home/yichen/Desktop/Gemini_GSCP05/F022.c,cppcheck,True,success,True,0,9,126,style,constVariablePointer,Variable 'to_p' can be declared as pointer to const,/home/yichen/Desktop/Gemini_GSCP05/F022.c|126|style|constVariablePointer|Variable 'to_p' can be declared as pointer to const,/home/yichen/Desktop/Gemini_GSCP_Results05/logs/F022_cppcheck.log
/home/yichen/Desktop/Gemini_GSCP05/F022.c,cppcheck,True,success,True,0,9,164,style,constVariablePointer,Variable 'p_name' can be declared as pointer to const,/home/yichen/Desktop/Gemini_GSCP05/F022.c|164|style|constVariablePointer|Variable 'p_name' can be declared as pointer to const,/home/yichen/Desktop/Gemini_GSCP_Results05/logs/F022_cppcheck.log
nofile,cppcheck,True,success,True,0,9,0,information,checkersReport,Active checkers: 113/592 (use --checkers-report=<filename> to see details),nofile|0|information|checkersReport|Active checkers: 113/592 (use --checkers-report=<filename> to see details),/home/yichen/Desktop/Gemini_GSCP_Results05/logs/F022_cppcheck.log
/home/yichen/Desktop/Gemini_GSCP05/F023.c,cppcheck,True,success,True,0,8,2,information,missingIncludeSystem,Include file: <stdio.h> not found. Please note: Cppcheck does not need standard library headers to get proper results.,/home/yichen/Desktop/Gemini_GSCP05/F023.c|2|information|missingIncludeSystem|Include file: <stdio.h> not found. Please note: Cppcheck does not need standard library headers to get proper results.,/home/yichen/Desktop/Gemini_GSCP_Results05/logs/F023_cppcheck.log
/home/yichen/Desktop/Gemini_GSCP05/F023.c,cppcheck,True,success,True,0,8,3,information,missingIncludeSystem,Include file: <stdlib.h> not found. Please note: Cppcheck does not need standard library headers to get proper results.,/home/yichen/Desktop/Gemini_GSCP05/F023.c|3|information|missingIncludeSystem|Include file: <stdlib.h> not found. Please note: Cppcheck does not need standard library headers to get proper results.,/home/yichen/Desktop/Gemini_GSCP_Results05/logs/F023_cppcheck.log
/home/yichen/Desktop/Gemini_GSCP05/F023.c,cppcheck,True,success,True,0,8,4,information,missingIncludeSystem,Include file: <string.h> not found. Please note: Cppcheck does not need standard library headers to get proper results.,/home/yichen/Desktop/Gemini_GSCP05/F023.c|4|information|missingIncludeSystem|Include file: <string.h> not found. Please note: Cppcheck does not need standard library headers to get proper results.,/home/yichen/Desktop/Gemini_GSCP_Results05/logs/F023_cppcheck.log
/home/yichen/Desktop/Gemini_GSCP05/F023.c,cppcheck,True,success,True,0,8,58,style,constVariablePointer,Variable 'sender' can be declared as pointer to const,/home/yichen/Desktop/Gemini_GSCP05/F023.c|58|style|constVariablePointer|Variable 'sender' can be declared as pointer to const,/home/yichen/Desktop/Gemini_GSCP_Results05/logs/F023_cppcheck.log
/home/yichen/Desktop/Gemini_GSCP05/F023.c,cppcheck,True,success,True,0,8,64,style,constVariablePointer,Variable 'subject' can be declared as pointer to const,/home/yichen/Desktop/Gemini_GSCP05/F023.c|64|style|constVariablePointer|Variable 'subject' can be declared as pointer to const,/home/yichen/Desktop/Gemini_GSCP_Results05/logs/F023_cppcheck.log
/home/yichen/Desktop/Gemini_GSCP05/F023.c,cppcheck,True,success,True,0,8,89,style,constVariablePointer,Variable 'subject' can be declared as pointer to const,/home/yichen/Desktop/Gemini_GSCP05/F023.c|89|style|constVariablePointer|Variable 'subject' can be declared as pointer to const,/home/yichen/Desktop/Gemini_GSCP_Results05/logs/F023_cppcheck.log
/home/yichen/Desktop/Gemini_GSCP05/F023.c,cppcheck,True,success,True,0,8,123,style,constVariablePointer,Variable 'subject' can be declared as pointer to const,/home/yichen/Desktop/Gemini_GSCP05/F023.c|123|style|constVariablePointer|Variable 'subject' can be declared as pointer to const,/home/yichen/Desktop/Gemini_GSCP_Results05/logs/F023_cppcheck.log
nofile,cppcheck,True,success,True,0,8,0,information,checkersReport,Active checkers: 113/592 (use --checkers-report=<filename> to see details),nofile|0|information|checkersReport|Active checkers: 113/592 (use --checkers-report=<filename> to see details),/home/yichen/Desktop/Gemini_GSCP_Results05/logs/F023_cppcheck.log
/home/yichen/Desktop/Gemini_GSCP05/F024.c,cppcheck,True,success,True,0,7,2,information,missingIncludeSystem,Include file: <stdio.h> not found. Please note: Cppcheck does not need standard library headers to get proper results.,/home/yichen/Desktop/Gemini_GSCP05/F024.c|2|information|missingIncludeSystem|Include file: <stdio.h> not found. Please note: Cppcheck does not need standard library headers to get proper results.,/home/yichen/Desktop/Gemini_GSCP_Results05/logs/F024_cppcheck.log
/home/yichen/Desktop/Gemini_GSCP05/F024.c,cppcheck,True,success,True,0,7,3,information,missingIncludeSystem,Include file: <stdlib.h> not found. Please note: Cppcheck does not need standard library headers to get proper results.,/home/yichen/Desktop/Gemini_GSCP05/F024.c|3|information|missingIncludeSystem|Include file: <stdlib.h> not found. Please note: Cppcheck does not need standard library headers to get proper results.,/home/yichen/Desktop/Gemini_GSCP_Results05/logs/F024_cppcheck.log
/home/yichen/Desktop/Gemini_GSCP05/F024.c,cppcheck,True,success,True,0,7,4,information,missingIncludeSystem,Include file: <string.h> not found. Please note: Cppcheck does not need standard library headers to get proper results.,/home/yichen/Desktop/Gemini_GSCP05/F024.c|4|information|missingIncludeSystem|Include file: <string.h> not found. Please note: Cppcheck does not need standard library headers to get proper results.,/home/yichen/Desktop/Gemini_GSCP_Results05/logs/F024_cppcheck.log
/home/yichen/Desktop/Gemini_GSCP05/F024.c,cppcheck,True,success,True,0,7,57,style,constVariablePointer,Variable 'title' can be declared as pointer to const,/home/yichen/Desktop/Gemini_GSCP05/F024.c|57|style|constVariablePointer|Variable 'title' can be declared as pointer to const,/home/yichen/Desktop/Gemini_GSCP_Results05/logs/F024_cppcheck.log
/home/yichen/Desktop/Gemini_GSCP05/F024.c,cppcheck,True,success,True,0,7,89,style,constVariablePointer,Variable 'title' can be declared as pointer to const,/home/yichen/Desktop/Gemini_GSCP05/F024.c|89|style|constVariablePointer|Variable 'title' can be declared as pointer to const,/home/yichen/Desktop/Gemini_GSCP_Results05/logs/F024_cppcheck.log
/home/yichen/Desktop/Gemini_GSCP05/F024.c,cppcheck,True,success,True,0,7,114,style,constVariablePointer,Variable 'title' can be declared as pointer to const,/home/yichen/Desktop/Gemini_GSCP05/F024.c|114|style|constVariablePointer|Variable 'title' can be declared as pointer to const,/home/yichen/Desktop/Gemini_GSCP_Results05/logs/F024_cppcheck.log
nofile,cppcheck,True,success,True,0,7,0,information,checkersReport,Active checkers: 113/592 (use --checkers-report=<filename> to see details),nofile|0|information|checkersReport|Active checkers: 113/592 (use --checkers-report=<filename> to see details),/home/yichen/Desktop/Gemini_GSCP_Results05/logs/F024_cppcheck.log
/home/yichen/Desktop/Gemini_GSCP05/F025.c,cppcheck,True,success,True,0,9,2,information,missingIncludeSystem,Include file: <stdio.h> not found. Please note: Cppcheck does not need standard library headers to get proper results.,/home/yichen/Desktop/Gemini_GSCP05/F025.c|2|information|missingIncludeSystem|Include file: <stdio.h> not found. Please note: Cppcheck does not need standard library headers to get proper results.,/home/yichen/Desktop/Gemini_GSCP_Results05/logs/F025_cppcheck.log
/home/yichen/Desktop/Gemini_GSCP05/F025.c,cppcheck,True,success,True,0,9,3,information,missingIncludeSystem,Include file: <stdlib.h> not found. Please note: Cppcheck does not need standard library headers to get proper results.,/home/yichen/Desktop/Gemini_GSCP05/F025.c|3|information|missingIncludeSystem|Include file: <stdlib.h> not found. Please note: Cppcheck does not need standard library headers to get proper results.,/home/yichen/Desktop/Gemini_GSCP_Results05/logs/F025_cppcheck.log
/home/yichen/Desktop/Gemini_GSCP05/F025.c,cppcheck,True,success,True,0,9,4,information,missingIncludeSystem,Include file: <string.h> not found. Please note: Cppcheck does not need standard library headers to get proper results.,/home/yichen/Desktop/Gemini_GSCP05/F025.c|4|information|missingIncludeSystem|Include file: <string.h> not found. Please note: Cppcheck does not need standard library headers to get proper results.,/home/yichen/Desktop/Gemini_GSCP_Results05/logs/F025_cppcheck.log
/home/yichen/Desktop/Gemini_GSCP05/F025.c,cppcheck,True,success,True,0,9,85,style,constVariablePointer,Variable 'c_name' can be declared as pointer to const,/home/yichen/Desktop/Gemini_GSCP05/F025.c|85|style|constVariablePointer|Variable 'c_name' can be declared as pointer to const,/home/yichen/Desktop/Gemini_GSCP_Results05/logs/F025_cppcheck.log
/home/yichen/Desktop/Gemini_GSCP05/F025.c,cppcheck,True,success,True,0,9,91,style,constVariablePointer,Variable 's_name' can be declared as pointer to const,/home/yichen/Desktop/Gemini_GSCP05/F025.c|91|style|constVariablePointer|Variable 's_name' can be declared as pointer to const,/home/yichen/Desktop/Gemini_GSCP_Results05/logs/F025_cppcheck.log
/home/yichen/Desktop/Gemini_GSCP05/F025.c,cppcheck,True,success,True,0,9,118,style,constVariablePointer,Variable 'from_c' can be declared as pointer to const,/home/yichen/Desktop/Gemini_GSCP05/F025.c|118|style|constVariablePointer|Variable 'from_c' can be declared as pointer to const,/home/yichen/Desktop/Gemini_GSCP_Results05/logs/F025_cppcheck.log
/home/yichen/Desktop/Gemini_GSCP05/F025.c,cppcheck,True,success,True,0,9,124,style,constVariablePointer,Variable 'to_c' can be declared as pointer to const,/home/yichen/Desktop/Gemini_GSCP05/F025.c|124|style|constVariablePointer|Variable 'to_c' can be declared as pointer to const,/home/yichen/Desktop/Gemini_GSCP_Results05/logs/F025_cppcheck.log
/home/yichen/Desktop/Gemini_GSCP05/F025.c,cppcheck,True,success,True,0,9,162,style,constVariablePointer,Variable 'c_name' can be declared as pointer to const,/home/yichen/Desktop/Gemini_GSCP05/F025.c|162|style|constVariablePointer|Variable 'c_name' can be declared as pointer to const,/home/yichen/Desktop/Gemini_GSCP_Results05/logs/F025_cppcheck.log
nofile,cppcheck,True,success,True,0,9,0,information,checkersReport,Active checkers: 113/592 (use --checkers-report=<filename> to see details),nofile|0|information|checkersReport|Active checkers: 113/592 (use --checkers-report=<filename> to see details),/home/yichen/Desktop/Gemini_GSCP_Results05/logs/F025_cppcheck.log
/home/yichen/Desktop/Gemini_GSCP05/F026.c,cppcheck,True,success,True,0,5,2,information,missingIncludeSystem,Include file: <stdio.h> not found. Please note: Cppcheck does not need standard library headers to get proper results.,/home/yichen/Desktop/Gemini_GSCP05/F026.c|2|information|missingIncludeSystem|Include file: <stdio.h> not found. Please note: Cppcheck does not need standard library headers to get proper results.,/home/yichen/Desktop/Gemini_GSCP_Results05/logs/F026_cppcheck.log
/home/yichen/Desktop/Gemini_GSCP05/F026.c,cppcheck,True,success,True,0,5,3,information,missingIncludeSystem,Include file: <stdlib.h> not found. Please note: Cppcheck does not need standard library headers to get proper results.,/home/yichen/Desktop/Gemini_GSCP05/F026.c|3|information|missingIncludeSystem|Include file: <stdlib.h> not found. Please note: Cppcheck does not need standard library headers to get proper results.,/home/yichen/Desktop/Gemini_GSCP_Results05/logs/F026_cppcheck.log
/home/yichen/Desktop/Gemini_GSCP05/F026.c,cppcheck,True,success,True,0,5,4,information,missingIncludeSystem,Include file: <string.h> not found. Please note: Cppcheck does not need standard library headers to get proper results.,/home/yichen/Desktop/Gemini_GSCP05/F026.c|4|information|missingIncludeSystem|Include file: <string.h> not found. Please note: Cppcheck does not need standard library headers to get proper results.,/home/yichen/Desktop/Gemini_GSCP_Results05/logs/F026_cppcheck.log
/home/yichen/Desktop/Gemini_GSCP05/F026.c,cppcheck,True,success,True,0,5,54,style,constVariablePointer,Variable 'cat_start' can be declared as pointer to const,/home/yichen/Desktop/Gemini_GSCP05/F026.c|54|style|constVariablePointer|Variable 'cat_start' can be declared as pointer to const,/home/yichen/Desktop/Gemini_GSCP_Results05/logs/F026_cppcheck.log
nofile,cppcheck,True,success,True,0,5,0,information,checkersReport,Active checkers: 113/592 (use --checkers-report=<filename> to see details),nofile|0|information|checkersReport|Active checkers: 113/592 (use --checkers-report=<filename> to see details),/home/yichen/Desktop/Gemini_GSCP_Results05/logs/F026_cppcheck.log
/home/yichen/Desktop/Gemini_GSCP05/F027.c,cppcheck,True,success,True,0,6,2,information,missingIncludeSystem,Include file: <stdio.h> not found. Please note: Cppcheck does not need standard library headers to get proper results.,/home/yichen/Desktop/Gemini_GSCP05/F027.c|2|information|missingIncludeSystem|Include file: <stdio.h> not found. Please note: Cppcheck does not need standard library headers to get proper results.,/home/yichen/Desktop/Gemini_GSCP_Results05/logs/F027_cppcheck.log
/home/yichen/Desktop/Gemini_GSCP05/F027.c,cppcheck,True,success,True,0,6,3,information,missingIncludeSystem,Include file: <stdlib.h> not found. Please note: Cppcheck does not need standard library headers to get proper results.,/home/yichen/Desktop/Gemini_GSCP05/F027.c|3|information|missingIncludeSystem|Include file: <stdlib.h> not found. Please note: Cppcheck does not need standard library headers to get proper results.,/home/yichen/Desktop/Gemini_GSCP_Results05/logs/F027_cppcheck.log
/home/yichen/Desktop/Gemini_GSCP05/F027.c,cppcheck,True,success,True,0,6,4,information,missingIncludeSystem,Include file: <string.h> not found. Please note: Cppcheck does not need standard library headers to get proper results.,/home/yichen/Desktop/Gemini_GSCP05/F027.c|4|information|missingIncludeSystem|Include file: <string.h> not found. Please note: Cppcheck does not need standard library headers to get proper results.,/home/yichen/Desktop/Gemini_GSCP_Results05/logs/F027_cppcheck.log
/home/yichen/Desktop/Gemini_GSCP05/F027.c,cppcheck,True,success,True,0,6,71,style,constVariablePointer,Variable 'title' can be declared as pointer to const,/home/yichen/Desktop/Gemini_GSCP05/F027.c|71|style|constVariablePointer|Variable 'title' can be declared as pointer to const,/home/yichen/Desktop/Gemini_GSCP_Results05/logs/F027_cppcheck.log
/home/yichen/Desktop/Gemini_GSCP05/F027.c,cppcheck,True,success,True,0,6,94,style,constVariablePointer,Variable 'title' can be declared as pointer to const,/home/yichen/Desktop/Gemini_GSCP05/F027.c|94|style|constVariablePointer|Variable 'title' can be declared as pointer to const,/home/yichen/Desktop/Gemini_GSCP_Results05/logs/F027_cppcheck.log
nofile,cppcheck,True,success,True,0,6,0,information,checkersReport,Active checkers: 113/592 (use --checkers-report=<filename> to see details),nofile|0|information|checkersReport|Active checkers: 113/592 (use --checkers-report=<filename> to see details),/home/yichen/Desktop/Gemini_GSCP_Results05/logs/F027_cppcheck.log
/home/yichen/Desktop/Gemini_GSCP05/F028.c,cppcheck,True,success,True,0,6,2,information,missingIncludeSystem,Include file: <stdio.h> not found. Please note: Cppcheck does not need standard library headers to get proper results.,/home/yichen/Desktop/Gemini_GSCP05/F028.c|2|information|missingIncludeSystem|Include file: <stdio.h> not found. Please note: Cppcheck does not need standard library headers to get proper results.,/home/yichen/Desktop/Gemini_GSCP_Results05/logs/F028_cppcheck.log
/home/yichen/Desktop/Gemini_GSCP05/F028.c,cppcheck,True,success,True,0,6,3,information,missingIncludeSystem,Include file: <stdlib.h> not found. Please note: Cppcheck does not need standard library headers to get proper results.,/home/yichen/Desktop/Gemini_GSCP05/F028.c|3|information|missingIncludeSystem|Include file: <stdlib.h> not found. Please note: Cppcheck does not need standard library headers to get proper results.,/home/yichen/Desktop/Gemini_GSCP_Results05/logs/F028_cppcheck.log
/home/yichen/Desktop/Gemini_GSCP05/F028.c,cppcheck,True,success,True,0,6,4,information,missingIncludeSystem,Include file: <string.h> not found. Please note: Cppcheck does not need standard library headers to get proper results.,/home/yichen/Desktop/Gemini_GSCP05/F028.c|4|information|missingIncludeSystem|Include file: <string.h> not found. Please note: Cppcheck does not need standard library headers to get proper results.,/home/yichen/Desktop/Gemini_GSCP_Results05/logs/F028_cppcheck.log
/home/yichen/Desktop/Gemini_GSCP05/F028.c,cppcheck,True,success,True,0,6,54,style,constVariablePointer,Variable 'stop' can be declared as pointer to const,/home/yichen/Desktop/Gemini_GSCP05/F028.c|54|style|constVariablePointer|Variable 'stop' can be declared as pointer to const,/home/yichen/Desktop/Gemini_GSCP_Results05/logs/F028_cppcheck.log
/home/yichen/Desktop/Gemini_GSCP05/F028.c,cppcheck,True,success,True,0,6,79,style,constVariablePointer,Variable 'stop' can be declared as pointer to const,/home/yichen/Desktop/Gemini_GSCP05/F028.c|79|style|constVariablePointer|Variable 'stop' can be declared as pointer to const,/home/yichen/Desktop/Gemini_GSCP_Results05/logs/F028_cppcheck.log
nofile,cppcheck,True,success,True,0,6,0,information,checkersReport,Active checkers: 113/592 (use --checkers-report=<filename> to see details),nofile|0|information|checkersReport|Active checkers: 113/592 (use --checkers-report=<filename> to see details),/home/yichen/Desktop/Gemini_GSCP_Results05/logs/F028_cppcheck.log
/home/yichen/Desktop/Gemini_GSCP05/F029.c,cppcheck,True,success,True,0,5,2,information,missingIncludeSystem,Include file: <stdio.h> not found. Please note: Cppcheck does not need standard library headers to get proper results.,/home/yichen/Desktop/Gemini_GSCP05/F029.c|2|information|missingIncludeSystem|Include file: <stdio.h> not found. Please note: Cppcheck does not need standard library headers to get proper results.,/home/yichen/Desktop/Gemini_GSCP_Results05/logs/F029_cppcheck.log
/home/yichen/Desktop/Gemini_GSCP05/F029.c,cppcheck,True,success,True,0,5,3,information,missingIncludeSystem,Include file: <stdlib.h> not found. Please note: Cppcheck does not need standard library headers to get proper results.,/home/yichen/Desktop/Gemini_GSCP05/F029.c|3|information|missingIncludeSystem|Include file: <stdlib.h> not found. Please note: Cppcheck does not need standard library headers to get proper results.,/home/yichen/Desktop/Gemini_GSCP_Results05/logs/F029_cppcheck.log
/home/yichen/Desktop/Gemini_GSCP05/F029.c,cppcheck,True,success,True,0,5,4,information,missingIncludeSystem,Include file: <string.h> not found. Please note: Cppcheck does not need standard library headers to get proper results.,/home/yichen/Desktop/Gemini_GSCP05/F029.c|4|information|missingIncludeSystem|Include file: <string.h> not found. Please note: Cppcheck does not need standard library headers to get proper results.,/home/yichen/Desktop/Gemini_GSCP_Results05/logs/F029_cppcheck.log
/home/yichen/Desktop/Gemini_GSCP05/F029.c,cppcheck,True,success,True,0,5,54,style,constVariablePointer,Variable 'key' can be declared as pointer to const,/home/yichen/Desktop/Gemini_GSCP05/F029.c|54|style|constVariablePointer|Variable 'key' can be declared as pointer to const,/home/yichen/Desktop/Gemini_GSCP_Results05/logs/F029_cppcheck.log
nofile,cppcheck,True,success,True,0,5,0,information,checkersReport,Active checkers: 113/592 (use --checkers-report=<filename> to see details),nofile|0|information|checkersReport|Active checkers: 113/592 (use --checkers-report=<filename> to see details),/home/yichen/Desktop/Gemini_GSCP_Results05/logs/F029_cppcheck.log
/home/yichen/Desktop/Gemini_GSCP05/F030.c,cppcheck,True,success,True,0,6,2,information,missingIncludeSystem,Include file: <stdio.h> not found. Please note: Cppcheck does not need standard library headers to get proper results.,/home/yichen/Desktop/Gemini_GSCP05/F030.c|2|information|missingIncludeSystem|Include file: <stdio.h> not found. Please note: Cppcheck does not need standard library headers to get proper results.,/home/yichen/Desktop/Gemini_GSCP_Results05/logs/F030_cppcheck.log
/home/yichen/Desktop/Gemini_GSCP05/F030.c,cppcheck,True,success,True,0,6,3,information,missingIncludeSystem,Include file: <stdlib.h> not found. Please note: Cppcheck does not need standard library headers to get proper results.,/home/yichen/Desktop/Gemini_GSCP05/F030.c|3|information|missingIncludeSystem|Include file: <stdlib.h> not found. Please note: Cppcheck does not need standard library headers to get proper results.,/home/yichen/Desktop/Gemini_GSCP_Results05/logs/F030_cppcheck.log
/home/yichen/Desktop/Gemini_GSCP05/F030.c,cppcheck,True,success,True,0,6,4,information,missingIncludeSystem,Include file: <string.h> not found. Please note: Cppcheck does not need standard library headers to get proper results.,/home/yichen/Desktop/Gemini_GSCP05/F030.c|4|information|missingIncludeSystem|Include file: <string.h> not found. Please note: Cppcheck does not need standard library headers to get proper results.,/home/yichen/Desktop/Gemini_GSCP_Results05/logs/F030_cppcheck.log
/home/yichen/Desktop/Gemini_GSCP05/F030.c,cppcheck,True,success,True,0,6,54,style,constVariablePointer,Variable 'old_s' can be declared as pointer to const,/home/yichen/Desktop/Gemini_GSCP05/F030.c|54|style|constVariablePointer|Variable 'old_s' can be declared as pointer to const,/home/yichen/Desktop/Gemini_GSCP_Results05/logs/F030_cppcheck.log
/home/yichen/Desktop/Gemini_GSCP05/F030.c,cppcheck,True,success,True,0,6,76,style,constVariablePointer,Variable 'pos' can be declared as pointer to const,/home/yichen/Desktop/Gemini_GSCP05/F030.c|76|style|constVariablePointer|Variable 'pos' can be declared as pointer to const,/home/yichen/Desktop/Gemini_GSCP_Results05/logs/F030_cppcheck.log
nofile,cppcheck,True,success,True,0,6,0,information,checkersReport,Active checkers: 113/592 (use --checkers-report=<filename> to see details),nofile|0|information|checkersReport|Active checkers: 113/592 (use --checkers-report=<filename> to see details),/home/yichen/Desktop/Gemini_GSCP_Results05/logs/F030_cppcheck.log
/home/yichen/Desktop/Gemini_GSCP05/F031.c,cppcheck,True,success,True,0,7,2,information,missingIncludeSystem,Include file: <stdio.h> not found. Please note: Cppcheck does not need standard library headers to get proper results.,/home/yichen/Desktop/Gemini_GSCP05/F031.c|2|information|missingIncludeSystem|Include file: <stdio.h> not found. Please note: Cppcheck does not need standard library headers to get proper results.,/home/yichen/Desktop/Gemini_GSCP_Results05/logs/F031_cppcheck.log
/home/yichen/Desktop/Gemini_GSCP05/F031.c,cppcheck,True,success,True,0,7,3,information,missingIncludeSystem,Include file: <stdlib.h> not found. Please note: Cppcheck does not need standard library headers to get proper results.,/home/yichen/Desktop/Gemini_GSCP05/F031.c|3|information|missingIncludeSystem|Include file: <stdlib.h> not found. Please note: Cppcheck does not need standard library headers to get proper results.,/home/yichen/Desktop/Gemini_GSCP_Results05/logs/F031_cppcheck.log
/home/yichen/Desktop/Gemini_GSCP05/F031.c,cppcheck,True,success,True,0,7,4,information,missingIncludeSystem,Include file: <string.h> not found. Please note: Cppcheck does not need standard library headers to get proper results.,/home/yichen/Desktop/Gemini_GSCP05/F031.c|4|information|missingIncludeSystem|Include file: <string.h> not found. Please note: Cppcheck does not need standard library headers to get proper results.,/home/yichen/Desktop/Gemini_GSCP_Results05/logs/F031_cppcheck.log
/home/yichen/Desktop/Gemini_GSCP05/F031.c,cppcheck,True,success,True,0,7,65,style,constVariablePointer,Variable 'name' can be declared as pointer to const,/home/yichen/Desktop/Gemini_GSCP05/F031.c|65|style|constVariablePointer|Variable 'name' can be declared as pointer to const,/home/yichen/Desktop/Gemini_GSCP_Results05/logs/F031_cppcheck.log
/home/yichen/Desktop/Gemini_GSCP05/F031.c,cppcheck,True,success,True,0,7,76,style,constVariablePointer,Variable 'name' can be declared as pointer to const,/home/yichen/Desktop/Gemini_GSCP05/F031.c|76|style|constVariablePointer|Variable 'name' can be declared as pointer to const,/home/yichen/Desktop/Gemini_GSCP_Results05/logs/F031_cppcheck.log
/home/yichen/Desktop/Gemini_GSCP05/F031.c,cppcheck,True,success,True,0,7,65,style,unreadVariable,Variable 'name' is assigned a value that is never used.,/home/yichen/Desktop/Gemini_GSCP05/F031.c|65|style|unreadVariable|Variable 'name' is assigned a value that is never used.,/home/yichen/Desktop/Gemini_GSCP_Results05/logs/F031_cppcheck.log
nofile,cppcheck,True,success,True,0,7,0,information,checkersReport,Active checkers: 113/592 (use --checkers-report=<filename> to see details),nofile|0|information|checkersReport|Active checkers: 113/592 (use --checkers-report=<filename> to see details),/home/yichen/Desktop/Gemini_GSCP_Results05/logs/F031_cppcheck.log
/home/yichen/Desktop/Gemini_GSCP05/F032.c,cppcheck,True,success,True,0,6,2,information,missingIncludeSystem,Include file: <stdio.h> not found. Please note: Cppcheck does not need standard library headers to get proper results.,/home/yichen/Desktop/Gemini_GSCP05/F032.c|2|information|missingIncludeSystem|Include file: <stdio.h> not found. Please note: Cppcheck does not need standard library headers to get proper results.,/home/yichen/Desktop/Gemini_GSCP_Results05/logs/F032_cppcheck.log
/home/yichen/Desktop/Gemini_GSCP05/F032.c,cppcheck,True,success,True,0,6,3,information,missingIncludeSystem,Include file: <stdlib.h> not found. Please note: Cppcheck does not need standard library headers to get proper results.,/home/yichen/Desktop/Gemini_GSCP05/F032.c|3|information|missingIncludeSystem|Include file: <stdlib.h> not found. Please note: Cppcheck does not need standard library headers to get proper results.,/home/yichen/Desktop/Gemini_GSCP_Results05/logs/F032_cppcheck.log
/home/yichen/Desktop/Gemini_GSCP05/F032.c,cppcheck,True,success,True,0,6,4,information,missingIncludeSystem,Include file: <string.h> not found. Please note: Cppcheck does not need standard library headers to get proper results.,/home/yichen/Desktop/Gemini_GSCP05/F032.c|4|information|missingIncludeSystem|Include file: <string.h> not found. Please note: Cppcheck does not need standard library headers to get proper results.,/home/yichen/Desktop/Gemini_GSCP_Results05/logs/F032_cppcheck.log
/home/yichen/Desktop/Gemini_GSCP05/F032.c,cppcheck,True,success,True,0,6,58,style,constVariablePointer,Variable 'key' can be declared as pointer to const,/home/yichen/Desktop/Gemini_GSCP05/F032.c|58|style|constVariablePointer|Variable 'key' can be declared as pointer to const,/home/yichen/Desktop/Gemini_GSCP_Results05/logs/F032_cppcheck.log
/home/yichen/Desktop/Gemini_GSCP05/F032.c,cppcheck,True,success,True,0,6,97,style,constVariablePointer,Variable 'key' can be declared as pointer to const,/home/yichen/Desktop/Gemini_GSCP05/F032.c|97|style|constVariablePointer|Variable 'key' can be declared as pointer to const,/home/yichen/Desktop/Gemini_GSCP_Results05/logs/F032_cppcheck.log
nofile,cppcheck,True,success,True,0,6,0,information,checkersReport,Active checkers: 113/592 (use --checkers-report=<filename> to see details),nofile|0|information|checkersReport|Active checkers: 113/592 (use --checkers-report=<filename> to see details),/home/yichen/Desktop/Gemini_GSCP_Results05/logs/F032_cppcheck.log
/home/yichen/Desktop/Gemini_GSCP05/F033.c,cppcheck,True,success,True,0,7,2,information,missingIncludeSystem,Include file: <stdio.h> not found. Please note: Cppcheck does not need standard library headers to get proper results.,/home/yichen/Desktop/Gemini_GSCP05/F033.c|2|information|missingIncludeSystem|Include file: <stdio.h> not found. Please note: Cppcheck does not need standard library headers to get proper results.,/home/yichen/Desktop/Gemini_GSCP_Results05/logs/F033_cppcheck.log
/home/yichen/Desktop/Gemini_GSCP05/F033.c,cppcheck,True,success,True,0,7,3,information,missingIncludeSystem,Include file: <stdlib.h> not found. Please note: Cppcheck does not need standard library headers to get proper results.,/home/yichen/Desktop/Gemini_GSCP05/F033.c|3|information|missingIncludeSystem|Include file: <stdlib.h> not found. Please note: Cppcheck does not need standard library headers to get proper results.,/home/yichen/Desktop/Gemini_GSCP_Results05/logs/F033_cppcheck.log
/home/yichen/Desktop/Gemini_GSCP05/F033.c,cppcheck,True,success,True,0,7,4,information,missingIncludeSystem,Include file: <string.h> not found. Please note: Cppcheck does not need standard library headers to get proper results.,/home/yichen/Desktop/Gemini_GSCP05/F033.c|4|information|missingIncludeSystem|Include file: <string.h> not found. Please note: Cppcheck does not need standard library headers to get proper results.,/home/yichen/Desktop/Gemini_GSCP_Results05/logs/F033_cppcheck.log
/home/yichen/Desktop/Gemini_GSCP05/F033.c,cppcheck,True,success,True,0,7,57,style,constVariablePointer,Variable 'id' can be declared as pointer to const,/home/yichen/Desktop/Gemini_GSCP05/F033.c|57|style|constVariablePointer|Variable 'id' can be declared as pointer to const,/home/yichen/Desktop/Gemini_GSCP_Results05/logs/F033_cppcheck.log
/home/yichen/Desktop/Gemini_GSCP05/F033.c,cppcheck,True,success,True,0,7,63,style,constVariablePointer,Variable 'name' can be declared as pointer to const,/home/yichen/Desktop/Gemini_GSCP05/F033.c|63|style|constVariablePointer|Variable 'name' can be declared as pointer to const,/home/yichen/Desktop/Gemini_GSCP_Results05/logs/F033_cppcheck.log
/home/yichen/Desktop/Gemini_GSCP05/F033.c,cppcheck,True,success,True,0,7,69,style,constVariablePointer,Variable 'dept' can be declared as pointer to const,/home/yichen/Desktop/Gemini_GSCP05/F033.c|69|style|constVariablePointer|Variable 'dept' can be declared as pointer to const,/home/yichen/Desktop/Gemini_GSCP_Results05/logs/F033_cppcheck.log
nofile,cppcheck,True,success,True,0,7,0,information,checkersReport,Active checkers: 113/592 (use --checkers-report=<filename> to see details),nofile|0|information|checkersReport|Active checkers: 113/592 (use --checkers-report=<filename> to see details),/home/yichen/Desktop/Gemini_GSCP_Results05/logs/F033_cppcheck.log
/home/yichen/Desktop/Gemini_GSCP05/F034.c,cppcheck,True,success,True,0,6,2,information,missingIncludeSystem,Include file: <stdio.h> not found. Please note: Cppcheck does not need standard library headers to get proper results.,/home/yichen/Desktop/Gemini_GSCP05/F034.c|2|information|missingIncludeSystem|Include file: <stdio.h> not found. Please note: Cppcheck does not need standard library headers to get proper results.,/home/yichen/Desktop/Gemini_GSCP_Results05/logs/F034_cppcheck.log
/home/yichen/Desktop/Gemini_GSCP05/F034.c,cppcheck,True,success,True,0,6,3,information,missingIncludeSystem,Include file: <stdlib.h> not found. Please note: Cppcheck does not need standard library headers to get proper results.,/home/yichen/Desktop/Gemini_GSCP05/F034.c|3|information|missingIncludeSystem|Include file: <stdlib.h> not found. Please note: Cppcheck does not need standard library headers to get proper results.,/home/yichen/Desktop/Gemini_GSCP_Results05/logs/F034_cppcheck.log
/home/yichen/Desktop/Gemini_GSCP05/F034.c,cppcheck,True,success,True,0,6,4,information,missingIncludeSystem,Include file: <string.h> not found. Please note: Cppcheck does not need standard library headers to get proper results.,/home/yichen/Desktop/Gemini_GSCP05/F034.c|4|information|missingIncludeSystem|Include file: <string.h> not found. Please note: Cppcheck does not need standard library headers to get proper results.,/home/yichen/Desktop/Gemini_GSCP_Results05/logs/F034_cppcheck.log
/home/yichen/Desktop/Gemini_GSCP05/F034.c,cppcheck,True,success,True,0,6,64,style,constVariablePointer,Variable 'name' can be declared as pointer to const,/home/yichen/Desktop/Gemini_GSCP05/F034.c|64|style|constVariablePointer|Variable 'name' can be declared as pointer to const,/home/yichen/Desktop/Gemini_GSCP_Results05/logs/F034_cppcheck.log
/home/yichen/Desktop/Gemini_GSCP05/F034.c,cppcheck,True,success,True,0,6,106,style,constVariablePointer,Variable 'name' can be declared as pointer to const,/home/yichen/Desktop/Gemini_GSCP05/F034.c|106|style|constVariablePointer|Variable 'name' can be declared as pointer to const,/home/yichen/Desktop/Gemini_GSCP_Results05/logs/F034_cppcheck.log
nofile,cppcheck,True,success,True,0,6,0,information,checkersReport,Active checkers: 113/592 (use --checkers-report=<filename> to see details),nofile|0|information|checkersReport|Active checkers: 113/592 (use --checkers-report=<filename> to see details),/home/yichen/Desktop/Gemini_GSCP_Results05/logs/F034_cppcheck.log
/home/yichen/Desktop/Gemini_GSCP05/F035.c,cppcheck,True,success,True,0,6,2,information,missingIncludeSystem,Include file: <stdio.h> not found. Please note: Cppcheck does not need standard library headers to get proper results.,/home/yichen/Desktop/Gemini_GSCP05/F035.c|2|information|missingIncludeSystem|Include file: <stdio.h> not found. Please note: Cppcheck does not need standard library headers to get proper results.,/home/yichen/Desktop/Gemini_GSCP_Results05/logs/F035_cppcheck.log
/home/yichen/Desktop/Gemini_GSCP05/F035.c,cppcheck,True,success,True,0,6,3,information,missingIncludeSystem,Include file: <stdlib.h> not found. Please note: Cppcheck does not need standard library headers to get proper results.,/home/yichen/Desktop/Gemini_GSCP05/F035.c|3|information|missingIncludeSystem|Include file: <stdlib.h> not found. Please note: Cppcheck does not need standard library headers to get proper results.,/home/yichen/Desktop/Gemini_GSCP_Results05/logs/F035_cppcheck.log
/home/yichen/Desktop/Gemini_GSCP05/F035.c,cppcheck,True,success,True,0,6,4,information,missingIncludeSystem,Include file: <string.h> not found. Please note: Cppcheck does not need standard library headers to get proper results.,/home/yichen/Desktop/Gemini_GSCP05/F035.c|4|information|missingIncludeSystem|Include file: <string.h> not found. Please note: Cppcheck does not need standard library headers to get proper results.,/home/yichen/Desktop/Gemini_GSCP_Results05/logs/F035_cppcheck.log
/home/yichen/Desktop/Gemini_GSCP05/F035.c,cppcheck,True,success,True,0,6,54,style,constVariablePointer,Variable 'name' can be declared as pointer to const,/home/yichen/Desktop/Gemini_GSCP05/F035.c|54|style|constVariablePointer|Variable 'name' can be declared as pointer to const,/home/yichen/Desktop/Gemini_GSCP_Results05/logs/F035_cppcheck.log
/home/yichen/Desktop/Gemini_GSCP05/F035.c,cppcheck,True,success,True,0,6,74,style,constVariablePointer,Variable 'oldName' can be declared as pointer to const,/home/yichen/Desktop/Gemini_GSCP05/F035.c|74|style|constVariablePointer|Variable 'oldName' can be declared as pointer to const,/home/yichen/Desktop/Gemini_GSCP_Results05/logs/F035_cppcheck.log
nofile,cppcheck,True,success,True,0,6,0,information,checkersReport,Active checkers: 113/592 (use --checkers-report=<filename> to see details),nofile|0|information|checkersReport|Active checkers: 113/592 (use --checkers-report=<filename> to see details),/home/yichen/Desktop/Gemini_GSCP_Results05/logs/F035_cppcheck.log
/home/yichen/Desktop/Gemini_GSCP05/F036.c,cppcheck,True,success,True,0,6,2,information,missingIncludeSystem,Include file: <stdio.h> not found. Please note: Cppcheck does not need standard library headers to get proper results.,/home/yichen/Desktop/Gemini_GSCP05/F036.c|2|information|missingIncludeSystem|Include file: <stdio.h> not found. Please note: Cppcheck does not need standard library headers to get proper results.,/home/yichen/Desktop/Gemini_GSCP_Results05/logs/F036_cppcheck.log
/home/yichen/Desktop/Gemini_GSCP05/F036.c,cppcheck,True,success,True,0,6,3,information,missingIncludeSystem,Include file: <stdlib.h> not found. Please note: Cppcheck does not need standard library headers to get proper results.,/home/yichen/Desktop/Gemini_GSCP05/F036.c|3|information|missingIncludeSystem|Include file: <stdlib.h> not found. Please note: Cppcheck does not need standard library headers to get proper results.,/home/yichen/Desktop/Gemini_GSCP_Results05/logs/F036_cppcheck.log
/home/yichen/Desktop/Gemini_GSCP05/F036.c,cppcheck,True,success,True,0,6,4,information,missingIncludeSystem,Include file: <string.h> not found. Please note: Cppcheck does not need standard library headers to get proper results.,/home/yichen/Desktop/Gemini_GSCP05/F036.c|4|information|missingIncludeSystem|Include file: <string.h> not found. Please note: Cppcheck does not need standard library headers to get proper results.,/home/yichen/Desktop/Gemini_GSCP_Results05/logs/F036_cppcheck.log
/home/yichen/Desktop/Gemini_GSCP05/F036.c,cppcheck,True,success,True,0,6,54,style,constVariablePointer,Variable 'name' can be declared as pointer to const,/home/yichen/Desktop/Gemini_GSCP05/F036.c|54|style|constVariablePointer|Variable 'name' can be declared as pointer to const,/home/yichen/Desktop/Gemini_GSCP_Results05/logs/F036_cppcheck.log
/home/yichen/Desktop/Gemini_GSCP05/F036.c,cppcheck,True,success,True,0,6,66,style,constVariablePointer,Variable 'data_start' can be declared as pointer to const,/home/yichen/Desktop/Gemini_GSCP05/F036.c|66|style|constVariablePointer|Variable 'data_start' can be declared as pointer to const,/home/yichen/Desktop/Gemini_GSCP_Results05/logs/F036_cppcheck.log
nofile,cppcheck,True,success,True,0,6,0,information,checkersReport,Active checkers: 113/592 (use --checkers-report=<filename> to see details),nofile|0|information|checkersReport|Active checkers: 113/592 (use --checkers-report=<filename> to see details),/home/yichen/Desktop/Gemini_GSCP_Results05/logs/F036_cppcheck.log
/home/yichen/Desktop/Gemini_GSCP05/F037.c,cppcheck,True,success,True,0,8,2,information,missingIncludeSystem,Include file: <stdio.h> not found. Please note: Cppcheck does not need standard library headers to get proper results.,/home/yichen/Desktop/Gemini_GSCP05/F037.c|2|information|missingIncludeSystem|Include file: <stdio.h> not found. Please note: Cppcheck does not need standard library headers to get proper results.,/home/yichen/Desktop/Gemini_GSCP_Results05/logs/F037_cppcheck.log
/home/yichen/Desktop/Gemini_GSCP05/F037.c,cppcheck,True,success,True,0,8,3,information,missingIncludeSystem,Include file: <stdlib.h> not found. Please note: Cppcheck does not need standard library headers to get proper results.,/home/yichen/Desktop/Gemini_GSCP05/F037.c|3|information|missingIncludeSystem|Include file: <stdlib.h> not found. Please note: Cppcheck does not need standard library headers to get proper results.,/home/yichen/Desktop/Gemini_GSCP_Results05/logs/F037_cppcheck.log
/home/yichen/Desktop/Gemini_GSCP05/F037.c,cppcheck,True,success,True,0,8,4,information,missingIncludeSystem,Include file: <string.h> not found. Please note: Cppcheck does not need standard library headers to get proper results.,/home/yichen/Desktop/Gemini_GSCP05/F037.c|4|information|missingIncludeSystem|Include file: <string.h> not found. Please note: Cppcheck does not need standard library headers to get proper results.,/home/yichen/Desktop/Gemini_GSCP_Results05/logs/F037_cppcheck.log
/home/yichen/Desktop/Gemini_GSCP05/F037.c,cppcheck,True,success,True,0,8,72,style,constVariablePointer,Variable 'name' can be declared as pointer to const,/home/yichen/Desktop/Gemini_GSCP05/F037.c|72|style|constVariablePointer|Variable 'name' can be declared as pointer to const,/home/yichen/Desktop/Gemini_GSCP_Results05/logs/F037_cppcheck.log
/home/yichen/Desktop/Gemini_GSCP05/F037.c,cppcheck,True,success,True,0,8,99,style,constVariablePointer,Variable 'name' can be declared as pointer to const,/home/yichen/Desktop/Gemini_GSCP05/F037.c|99|style|constVariablePointer|Variable 'name' can be declared as pointer to const,/home/yichen/Desktop/Gemini_GSCP_Results05/logs/F037_cppcheck.log
/home/yichen/Desktop/Gemini_GSCP05/F037.c,cppcheck,True,success,True,0,8,123,style,constVariablePointer,Variable 'name' can be declared as pointer to const,/home/yichen/Desktop/Gemini_GSCP05/F037.c|123|style|constVariablePointer|Variable 'name' can be declared as pointer to const,/home/yichen/Desktop/Gemini_GSCP_Results05/logs/F037_cppcheck.log
/home/yichen/Desktop/Gemini_GSCP05/F037.c,cppcheck,True,success,True,0,8,138,style,constVariablePointer,Variable 'b' can be declared as pointer to const,/home/yichen/Desktop/Gemini_GSCP05/F037.c|138|style|constVariablePointer|Variable 'b' can be declared as pointer to const,/home/yichen/Desktop/Gemini_GSCP_Results05/logs/F037_cppcheck.log
nofile,cppcheck,True,success,True,0,8,0,information,checkersReport,Active checkers: 113/592 (use --checkers-report=<filename> to see details),nofile|0|information|checkersReport|Active checkers: 113/592 (use --checkers-report=<filename> to see details),/home/yichen/Desktop/Gemini_GSCP_Results05/logs/F037_cppcheck.log
/home/yichen/Desktop/Gemini_GSCP05/F038.c,cppcheck,True,success,True,0,6,2,information,missingIncludeSystem,Include file: <stdio.h> not found. Please note: Cppcheck does not need standard library headers to get proper results.,/home/yichen/Desktop/Gemini_GSCP05/F038.c|2|information|missingIncludeSystem|Include file: <stdio.h> not found. Please note: Cppcheck does not need standard library headers to get proper results.,/home/yichen/Desktop/Gemini_GSCP_Results05/logs/F038_cppcheck.log
/home/yichen/Desktop/Gemini_GSCP05/F038.c,cppcheck,True,success,True,0,6,3,information,missingIncludeSystem,Include file: <stdlib.h> not found. Please note: Cppcheck does not need standard library headers to get proper results.,/home/yichen/Desktop/Gemini_GSCP05/F038.c|3|information|missingIncludeSystem|Include file: <stdlib.h> not found. Please note: Cppcheck does not need standard library headers to get proper results.,/home/yichen/Desktop/Gemini_GSCP_Results05/logs/F038_cppcheck.log
/home/yichen/Desktop/Gemini_GSCP05/F038.c,cppcheck,True,success,True,0,6,4,information,missingIncludeSystem,Include file: <string.h> not found. Please note: Cppcheck does not need standard library headers to get proper results.,/home/yichen/Desktop/Gemini_GSCP05/F038.c|4|information|missingIncludeSystem|Include file: <string.h> not found. Please note: Cppcheck does not need standard library headers to get proper results.,/home/yichen/Desktop/Gemini_GSCP_Results05/logs/F038_cppcheck.log
/home/yichen/Desktop/Gemini_GSCP05/F038.c,cppcheck,True,success,True,0,6,54,style,constVariablePointer,Variable 'name' can be declared as pointer to const,/home/yichen/Desktop/Gemini_GSCP05/F038.c|54|style|constVariablePointer|Variable 'name' can be declared as pointer to const,/home/yichen/Desktop/Gemini_GSCP_Results05/logs/F038_cppcheck.log
/home/yichen/Desktop/Gemini_GSCP05/F038.c,cppcheck,True,success,True,0,6,76,style,constVariablePointer,Variable 'enc' can be declared as pointer to const,/home/yichen/Desktop/Gemini_GSCP05/F038.c|76|style|constVariablePointer|Variable 'enc' can be declared as pointer to const,/home/yichen/Desktop/Gemini_GSCP_Results05/logs/F038_cppcheck.log
nofile,cppcheck,True,success,True,0,6,0,information,checkersReport,Active checkers: 113/592 (use --checkers-report=<filename> to see details),nofile|0|information|checkersReport|Active checkers: 113/592 (use --checkers-report=<filename> to see details),/home/yichen/Desktop/Gemini_GSCP_Results05/logs/F038_cppcheck.log
/home/yichen/Desktop/Gemini_GSCP05/F039.c,cppcheck,True,success,True,0,8,2,information,missingIncludeSystem,Include file: <stdio.h> not found. Please note: Cppcheck does not need standard library headers to get proper results.,/home/yichen/Desktop/Gemini_GSCP05/F039.c|2|information|missingIncludeSystem|Include file: <stdio.h> not found. Please note: Cppcheck does not need standard library headers to get proper results.,/home/yichen/Desktop/Gemini_GSCP_Results05/logs/F039_cppcheck.log
/home/yichen/Desktop/Gemini_GSCP05/F039.c,cppcheck,True,success,True,0,8,3,information,missingIncludeSystem,Include file: <stdlib.h> not found. Please note: Cppcheck does not need standard library headers to get proper results.,/home/yichen/Desktop/Gemini_GSCP05/F039.c|3|information|missingIncludeSystem|Include file: <stdlib.h> not found. Please note: Cppcheck does not need standard library headers to get proper results.,/home/yichen/Desktop/Gemini_GSCP_Results05/logs/F039_cppcheck.log
/home/yichen/Desktop/Gemini_GSCP05/F039.c,cppcheck,True,success,True,0,8,4,information,missingIncludeSystem,Include file: <string.h> not found. Please note: Cppcheck does not need standard library headers to get proper results.,/home/yichen/Desktop/Gemini_GSCP05/F039.c|4|information|missingIncludeSystem|Include file: <string.h> not found. Please note: Cppcheck does not need standard library headers to get proper results.,/home/yichen/Desktop/Gemini_GSCP_Results05/logs/F039_cppcheck.log
/home/yichen/Desktop/Gemini_GSCP05/F039.c,cppcheck,True,success,True,0,8,56,style,constVariablePointer,Variable 'name' can be declared as pointer to const,/home/yichen/Desktop/Gemini_GSCP05/F039.c|56|style|constVariablePointer|Variable 'name' can be declared as pointer to const,/home/yichen/Desktop/Gemini_GSCP_Results05/logs/F039_cppcheck.log
/home/yichen/Desktop/Gemini_GSCP05/F039.c,cppcheck,True,success,True,0,8,93,style,constVariablePointer,Variable 'name' can be declared as pointer to const,/home/yichen/Desktop/Gemini_GSCP05/F039.c|93|style|constVariablePointer|Variable 'name' can be declared as pointer to const,/home/yichen/Desktop/Gemini_GSCP_Results05/logs/F039_cppcheck.log
/home/yichen/Desktop/Gemini_GSCP05/F039.c,cppcheck,True,success,True,0,8,107,style,constVariablePointer,Variable 'val' can be declared as pointer to const,/home/yichen/Desktop/Gemini_GSCP05/F039.c|107|style|constVariablePointer|Variable 'val' can be declared as pointer to const,/home/yichen/Desktop/Gemini_GSCP_Results05/logs/F039_cppcheck.log
/home/yichen/Desktop/Gemini_GSCP05/F039.c,cppcheck,True,success,True,0,8,123,style,constVariablePointer,Variable 'name' can be declared as pointer to const,/home/yichen/Desktop/Gemini_GSCP05/F039.c|123|style|constVariablePointer|Variable 'name' can be declared as pointer to const,/home/yichen/Desktop/Gemini_GSCP_Results05/logs/F039_cppcheck.log
nofile,cppcheck,True,success,True,0,8,0,information,checkersReport,Active checkers: 113/592 (use --checkers-report=<filename> to see details),nofile|0|information|checkersReport|Active checkers: 113/592 (use --checkers-report=<filename> to see details),/home/yichen/Desktop/Gemini_GSCP_Results05/logs/F039_cppcheck.log
/home/yichen/Desktop/Gemini_GSCP05/F040.c,cppcheck,True,success,True,0,6,2,information,missingIncludeSystem,Include file: <stdio.h> not found. Please note: Cppcheck does not need standard library headers to get proper results.,/home/yichen/Desktop/Gemini_GSCP05/F040.c|2|information|missingIncludeSystem|Include file: <stdio.h> not found. Please note: Cppcheck does not need standard library headers to get proper results.,/home/yichen/Desktop/Gemini_GSCP_Results05/logs/F040_cppcheck.log
/home/yichen/Desktop/Gemini_GSCP05/F040.c,cppcheck,True,success,True,0,6,3,information,missingIncludeSystem,Include file: <stdlib.h> not found. Please note: Cppcheck does not need standard library headers to get proper results.,/home/yichen/Desktop/Gemini_GSCP05/F040.c|3|information|missingIncludeSystem|Include file: <stdlib.h> not found. Please note: Cppcheck does not need standard library headers to get proper results.,/home/yichen/Desktop/Gemini_GSCP_Results05/logs/F040_cppcheck.log
/home/yichen/Desktop/Gemini_GSCP05/F040.c,cppcheck,True,success,True,0,6,4,information,missingIncludeSystem,Include file: <string.h> not found. Please note: Cppcheck does not need standard library headers to get proper results.,/home/yichen/Desktop/Gemini_GSCP05/F040.c|4|information|missingIncludeSystem|Include file: <string.h> not found. Please note: Cppcheck does not need standard library headers to get proper results.,/home/yichen/Desktop/Gemini_GSCP_Results05/logs/F040_cppcheck.log
/home/yichen/Desktop/Gemini_GSCP05/F040.c,cppcheck,True,success,True,0,6,56,style,constVariablePointer,Variable 'id' can be declared as pointer to const,/home/yichen/Desktop/Gemini_GSCP05/F040.c|56|style|constVariablePointer|Variable 'id' can be declared as pointer to const,/home/yichen/Desktop/Gemini_GSCP_Results05/logs/F040_cppcheck.log
/home/yichen/Desktop/Gemini_GSCP05/F040.c,cppcheck,True,success,True,0,6,71,style,constVariablePointer,Variable 'header' can be declared as pointer to const,/home/yichen/Desktop/Gemini_GSCP05/F040.c|71|style|constVariablePointer|Variable 'header' can be declared as pointer to const,/home/yichen/Desktop/Gemini_GSCP_Results05/logs/F040_cppcheck.log
nofile,cppcheck,True,success,True,0,6,0,information,checkersReport,Active checkers: 113/592 (use --checkers-report=<filename> to see details),nofile|0|information|checkersReport|Active checkers: 113/592 (use --checkers-report=<filename> to see details),/home/yichen/Desktop/Gemini_GSCP_Results05/logs/F040_cppcheck.log
