file,tool,attempted,status,success,returncode,finding_count,line,severity,check_id,message,evidence,log_path
/home/yichen/Desktop/Qwen_Security_Prompt02/F001.c,cppcheck,True,success,True,0,10,2,information,missingIncludeSystem,Include file: <stdio.h> not found. Please note: Cppcheck does not need standard library headers to get proper results.,/home/yichen/Desktop/Qwen_Security_Prompt02/F001.c|2|information|missingIncludeSystem|Include file: <stdio.h> not found. Please note: Cppcheck does not need standard library headers to get proper results.,/home/yichen/Desktop/Qwen_Security_Results02/logs/F001_cppcheck.log
/home/yichen/Desktop/Qwen_Security_Prompt02/F001.c,cppcheck,True,success,True,0,10,3,information,missingIncludeSystem,Include file: <stdlib.h> not found. Please note: Cppcheck does not need standard library headers to get proper results.,/home/yichen/Desktop/Qwen_Security_Prompt02/F001.c|3|information|missingIncludeSystem|Include file: <stdlib.h> not found. Please note: Cppcheck does not need standard library headers to get proper results.,/home/yichen/Desktop/Qwen_Security_Results02/logs/F001_cppcheck.log
/home/yichen/Desktop/Qwen_Security_Prompt02/F001.c,cppcheck,True,success,True,0,10,4,information,missingIncludeSystem,Include file: <string.h> not found. Please note: Cppcheck does not need standard library headers to get proper results.,/home/yichen/Desktop/Qwen_Security_Prompt02/F001.c|4|information|missingIncludeSystem|Include file: <string.h> not found. Please note: Cppcheck does not need standard library headers to get proper results.,/home/yichen/Desktop/Qwen_Security_Results02/logs/F001_cppcheck.log
/home/yichen/Desktop/Qwen_Security_Prompt02/F001.c,cppcheck,True,success,True,0,10,39,warning,invalidscanf,scanf() without field width limits can crash with huge input data.,/home/yichen/Desktop/Qwen_Security_Prompt02/F001.c|39|warning|invalidscanf|scanf() without field width limits can crash with huge input data.,/home/yichen/Desktop/Qwen_Security_Results02/logs/F001_cppcheck.log
/home/yichen/Desktop/Qwen_Security_Prompt02/F001.c,cppcheck,True,success,True,0,10,41,warning,invalidscanf,scanf() without field width limits can crash with huge input data.,/home/yichen/Desktop/Qwen_Security_Prompt02/F001.c|41|warning|invalidscanf|scanf() without field width limits can crash with huge input data.,/home/yichen/Desktop/Qwen_Security_Results02/logs/F001_cppcheck.log
/home/yichen/Desktop/Qwen_Security_Prompt02/F001.c,cppcheck,True,success,True,0,10,78,warning,invalidscanf,scanf() without field width limits can crash with huge input data.,/home/yichen/Desktop/Qwen_Security_Prompt02/F001.c|78|warning|invalidscanf|scanf() without field width limits can crash with huge input data.,/home/yichen/Desktop/Qwen_Security_Results02/logs/F001_cppcheck.log
/home/yichen/Desktop/Qwen_Security_Prompt02/F001.c,cppcheck,True,success,True,0,10,89,warning,invalidscanf,scanf() without field width limits can crash with huge input data.,/home/yichen/Desktop/Qwen_Security_Prompt02/F001.c|89|warning|invalidscanf|scanf() without field width limits can crash with huge input data.,/home/yichen/Desktop/Qwen_Security_Results02/logs/F001_cppcheck.log
/home/yichen/Desktop/Qwen_Security_Prompt02/F001.c,cppcheck,True,success,True,0,10,54,error,memleakOnRealloc,Common realloc mistake: 'paras' nulled but not freed upon failure,/home/yichen/Desktop/Qwen_Security_Prompt02/F001.c|54|error|memleakOnRealloc|Common realloc mistake: 'paras' nulled but not freed upon failure,/home/yichen/Desktop/Qwen_Security_Results02/logs/F001_cppcheck.log
/home/yichen/Desktop/Qwen_Security_Prompt02/F001.c,cppcheck,True,success,True,0,10,66,error,memleakOnRealloc,Common realloc mistake: 'paras' nulled but not freed upon failure,/home/yichen/Desktop/Qwen_Security_Prompt02/F001.c|66|error|memleakOnRealloc|Common realloc mistake: 'paras' nulled but not freed upon failure,/home/yichen/Desktop/Qwen_Security_Results02/logs/F001_cppcheck.log
nofile,cppcheck,True,success,True,0,10,0,information,checkersReport,Active checkers: 113/592 (use --checkers-report=<filename> to see details),nofile|0|information|checkersReport|Active checkers: 113/592 (use --checkers-report=<filename> to see details),/home/yichen/Desktop/Qwen_Security_Results02/logs/F001_cppcheck.log
/home/yichen/Desktop/Qwen_Security_Prompt02/F002.c,cppcheck,True,success,True,0,11,2,information,missingIncludeSystem,Include file: <stdio.h> not found. Please note: Cppcheck does not need standard library headers to get proper results.,/home/yichen/Desktop/Qwen_Security_Prompt02/F002.c|2|information|missingIncludeSystem|Include file: <stdio.h> not found. Please note: Cppcheck does not need standard library headers to get proper results.,/home/yichen/Desktop/Qwen_Security_Results02/logs/F002_cppcheck.log
/home/yichen/Desktop/Qwen_Security_Prompt02/F002.c,cppcheck,True,success,True,0,11,3,information,missingIncludeSystem,Include file: <stdlib.h> not found. Please note: Cppcheck does not need standard library headers to get proper results.,/home/yichen/Desktop/Qwen_Security_Prompt02/F002.c|3|information|missingIncludeSystem|Include file: <stdlib.h> not found. Please note: Cppcheck does not need standard library headers to get proper results.,/home/yichen/Desktop/Qwen_Security_Results02/logs/F002_cppcheck.log
/home/yichen/Desktop/Qwen_Security_Prompt02/F002.c,cppcheck,True,success,True,0,11,4,information,missingIncludeSystem,Include file: <string.h> not found. Please note: Cppcheck does not need standard library headers to get proper results.,/home/yichen/Desktop/Qwen_Security_Prompt02/F002.c|4|information|missingIncludeSystem|Include file: <string.h> not found. Please note: Cppcheck does not need standard library headers to get proper results.,/home/yichen/Desktop/Qwen_Security_Results02/logs/F002_cppcheck.log
/home/yichen/Desktop/Qwen_Security_Prompt02/F002.c,cppcheck,True,success,True,0,11,41,warning,invalidscanf,scanf() without field width limits can crash with huge input data.,/home/yichen/Desktop/Qwen_Security_Prompt02/F002.c|41|warning|invalidscanf|scanf() without field width limits can crash with huge input data.,/home/yichen/Desktop/Qwen_Security_Results02/logs/F002_cppcheck.log
/home/yichen/Desktop/Qwen_Security_Prompt02/F002.c,cppcheck,True,success,True,0,11,43,warning,invalidscanf,scanf() without field width limits can crash with huge input data.,/home/yichen/Desktop/Qwen_Security_Prompt02/F002.c|43|warning|invalidscanf|scanf() without field width limits can crash with huge input data.,/home/yichen/Desktop/Qwen_Security_Results02/logs/F002_cppcheck.log
/home/yichen/Desktop/Qwen_Security_Prompt02/F002.c,cppcheck,True,success,True,0,11,62,warning,invalidscanf,scanf() without field width limits can crash with huge input data.,/home/yichen/Desktop/Qwen_Security_Prompt02/F002.c|62|warning|invalidscanf|scanf() without field width limits can crash with huge input data.,/home/yichen/Desktop/Qwen_Security_Results02/logs/F002_cppcheck.log
/home/yichen/Desktop/Qwen_Security_Prompt02/F002.c,cppcheck,True,success,True,0,11,80,warning,invalidscanf,scanf() without field width limits can crash with huge input data.,/home/yichen/Desktop/Qwen_Security_Prompt02/F002.c|80|warning|invalidscanf|scanf() without field width limits can crash with huge input data.,/home/yichen/Desktop/Qwen_Security_Results02/logs/F002_cppcheck.log
/home/yichen/Desktop/Qwen_Security_Prompt02/F002.c,cppcheck,True,success,True,0,11,91,warning,invalidscanf,scanf() without field width limits can crash with huge input data.,/home/yichen/Desktop/Qwen_Security_Prompt02/F002.c|91|warning|invalidscanf|scanf() without field width limits can crash with huge input data.,/home/yichen/Desktop/Qwen_Security_Results02/logs/F002_cppcheck.log
/home/yichen/Desktop/Qwen_Security_Prompt02/F002.c,cppcheck,True,success,True,0,11,56,error,memleakOnRealloc,Common realloc mistake: 'msgs' nulled but not freed upon failure,/home/yichen/Desktop/Qwen_Security_Prompt02/F002.c|56|error|memleakOnRealloc|Common realloc mistake: 'msgs' nulled but not freed upon failure,/home/yichen/Desktop/Qwen_Security_Results02/logs/F002_cppcheck.log
/home/yichen/Desktop/Qwen_Security_Prompt02/F002.c,cppcheck,True,success,True,0,11,73,error,memleakOnRealloc,Common realloc mistake: 'msgs' nulled but not freed upon failure,/home/yichen/Desktop/Qwen_Security_Prompt02/F002.c|73|error|memleakOnRealloc|Common realloc mistake: 'msgs' nulled but not freed upon failure,/home/yichen/Desktop/Qwen_Security_Results02/logs/F002_cppcheck.log
nofile,cppcheck,True,success,True,0,11,0,information,checkersReport,Active checkers: 113/592 (use --checkers-report=<filename> to see details),nofile|0|information|checkersReport|Active checkers: 113/592 (use --checkers-report=<filename> to see details),/home/yichen/Desktop/Qwen_Security_Results02/logs/F002_cppcheck.log
/home/yichen/Desktop/Qwen_Security_Prompt02/F003.c,cppcheck,True,success,True,0,10,2,information,missingIncludeSystem,Include file: <stdio.h> not found. Please note: Cppcheck does not need standard library headers to get proper results.,/home/yichen/Desktop/Qwen_Security_Prompt02/F003.c|2|information|missingIncludeSystem|Include file: <stdio.h> not found. Please note: Cppcheck does not need standard library headers to get proper results.,/home/yichen/Desktop/Qwen_Security_Results02/logs/F003_cppcheck.log
/home/yichen/Desktop/Qwen_Security_Prompt02/F003.c,cppcheck,True,success,True,0,10,3,information,missingIncludeSystem,Include file: <stdlib.h> not found. Please note: Cppcheck does not need standard library headers to get proper results.,/home/yichen/Desktop/Qwen_Security_Prompt02/F003.c|3|information|missingIncludeSystem|Include file: <stdlib.h> not found. Please note: Cppcheck does not need standard library headers to get proper results.,/home/yichen/Desktop/Qwen_Security_Results02/logs/F003_cppcheck.log
/home/yichen/Desktop/Qwen_Security_Prompt02/F003.c,cppcheck,True,success,True,0,10,4,information,missingIncludeSystem,Include file: <string.h> not found. Please note: Cppcheck does not need standard library headers to get proper results.,/home/yichen/Desktop/Qwen_Security_Prompt02/F003.c|4|information|missingIncludeSystem|Include file: <string.h> not found. Please note: Cppcheck does not need standard library headers to get proper results.,/home/yichen/Desktop/Qwen_Security_Results02/logs/F003_cppcheck.log
/home/yichen/Desktop/Qwen_Security_Prompt02/F003.c,cppcheck,True,success,True,0,10,40,warning,invalidscanf,scanf() without field width limits can crash with huge input data.,/home/yichen/Desktop/Qwen_Security_Prompt02/F003.c|40|warning|invalidscanf|scanf() without field width limits can crash with huge input data.,/home/yichen/Desktop/Qwen_Security_Results02/logs/F003_cppcheck.log
/home/yichen/Desktop/Qwen_Security_Prompt02/F003.c,cppcheck,True,success,True,0,10,42,warning,invalidscanf,scanf() without field width limits can crash with huge input data.,/home/yichen/Desktop/Qwen_Security_Prompt02/F003.c|42|warning|invalidscanf|scanf() without field width limits can crash with huge input data.,/home/yichen/Desktop/Qwen_Security_Results02/logs/F003_cppcheck.log
/home/yichen/Desktop/Qwen_Security_Prompt02/F003.c,cppcheck,True,success,True,0,10,59,warning,invalidscanf,scanf() without field width limits can crash with huge input data.,/home/yichen/Desktop/Qwen_Security_Prompt02/F003.c|59|warning|invalidscanf|scanf() without field width limits can crash with huge input data.,/home/yichen/Desktop/Qwen_Security_Results02/logs/F003_cppcheck.log
/home/yichen/Desktop/Qwen_Security_Prompt02/F003.c,cppcheck,True,success,True,0,10,65,warning,invalidscanf,scanf() without field width limits can crash with huge input data.,/home/yichen/Desktop/Qwen_Security_Prompt02/F003.c|65|warning|invalidscanf|scanf() without field width limits can crash with huge input data.,/home/yichen/Desktop/Qwen_Security_Results02/logs/F003_cppcheck.log
/home/yichen/Desktop/Qwen_Security_Prompt02/F003.c,cppcheck,True,success,True,0,10,72,warning,invalidscanf,scanf() without field width limits can crash with huge input data.,/home/yichen/Desktop/Qwen_Security_Prompt02/F003.c|72|warning|invalidscanf|scanf() without field width limits can crash with huge input data.,/home/yichen/Desktop/Qwen_Security_Results02/logs/F003_cppcheck.log
/home/yichen/Desktop/Qwen_Security_Prompt02/F003.c,cppcheck,True,success,True,0,10,53,error,memleakOnRealloc,Common realloc mistake: 'aliases' nulled but not freed upon failure,/home/yichen/Desktop/Qwen_Security_Prompt02/F003.c|53|error|memleakOnRealloc|Common realloc mistake: 'aliases' nulled but not freed upon failure,/home/yichen/Desktop/Qwen_Security_Results02/logs/F003_cppcheck.log
nofile,cppcheck,True,success,True,0,10,0,information,checkersReport,Active checkers: 113/592 (use --checkers-report=<filename> to see details),nofile|0|information|checkersReport|Active checkers: 113/592 (use --checkers-report=<filename> to see details),/home/yichen/Desktop/Qwen_Security_Results02/logs/F003_cppcheck.log
/home/yichen/Desktop/Qwen_Security_Prompt02/F004.c,cppcheck,True,success,True,0,8,2,information,missingIncludeSystem,Include file: <stdio.h> not found. Please note: Cppcheck does not need standard library headers to get proper results.,/home/yichen/Desktop/Qwen_Security_Prompt02/F004.c|2|information|missingIncludeSystem|Include file: <stdio.h> not found. Please note: Cppcheck does not need standard library headers to get proper results.,/home/yichen/Desktop/Qwen_Security_Results02/logs/F004_cppcheck.log
/home/yichen/Desktop/Qwen_Security_Prompt02/F004.c,cppcheck,True,success,True,0,8,3,information,missingIncludeSystem,Include file: <stdlib.h> not found. Please note: Cppcheck does not need standard library headers to get proper results.,/home/yichen/Desktop/Qwen_Security_Prompt02/F004.c|3|information|missingIncludeSystem|Include file: <stdlib.h> not found. Please note: Cppcheck does not need standard library headers to get proper results.,/home/yichen/Desktop/Qwen_Security_Results02/logs/F004_cppcheck.log
/home/yichen/Desktop/Qwen_Security_Prompt02/F004.c,cppcheck,True,success,True,0,8,4,information,missingIncludeSystem,Include file: <string.h> not found. Please note: Cppcheck does not need standard library headers to get proper results.,/home/yichen/Desktop/Qwen_Security_Prompt02/F004.c|4|information|missingIncludeSystem|Include file: <string.h> not found. Please note: Cppcheck does not need standard library headers to get proper results.,/home/yichen/Desktop/Qwen_Security_Results02/logs/F004_cppcheck.log
/home/yichen/Desktop/Qwen_Security_Prompt02/F004.c,cppcheck,True,success,True,0,8,58,warning,invalidscanf,scanf() without field width limits can crash with huge input data.,/home/yichen/Desktop/Qwen_Security_Prompt02/F004.c|58|warning|invalidscanf|scanf() without field width limits can crash with huge input data.,/home/yichen/Desktop/Qwen_Security_Results02/logs/F004_cppcheck.log
/home/yichen/Desktop/Qwen_Security_Prompt02/F004.c,cppcheck,True,success,True,0,8,60,warning,invalidscanf,scanf() without field width limits can crash with huge input data.,/home/yichen/Desktop/Qwen_Security_Prompt02/F004.c|60|warning|invalidscanf|scanf() without field width limits can crash with huge input data.,/home/yichen/Desktop/Qwen_Security_Results02/logs/F004_cppcheck.log
/home/yichen/Desktop/Qwen_Security_Prompt02/F004.c,cppcheck,True,success,True,0,8,77,warning,invalidscanf,scanf() without field width limits can crash with huge input data.,/home/yichen/Desktop/Qwen_Security_Prompt02/F004.c|77|warning|invalidscanf|scanf() without field width limits can crash with huge input data.,/home/yichen/Desktop/Qwen_Security_Results02/logs/F004_cppcheck.log
/home/yichen/Desktop/Qwen_Security_Prompt02/F004.c,cppcheck,True,success,True,0,8,71,error,memleakOnRealloc,Common realloc mistake: 'vars' nulled but not freed upon failure,/home/yichen/Desktop/Qwen_Security_Prompt02/F004.c|71|error|memleakOnRealloc|Common realloc mistake: 'vars' nulled but not freed upon failure,/home/yichen/Desktop/Qwen_Security_Results02/logs/F004_cppcheck.log
nofile,cppcheck,True,success,True,0,8,0,information,checkersReport,Active checkers: 113/592 (use --checkers-report=<filename> to see details),nofile|0|information|checkersReport|Active checkers: 113/592 (use --checkers-report=<filename> to see details),/home/yichen/Desktop/Qwen_Security_Results02/logs/F004_cppcheck.log
/home/yichen/Desktop/Qwen_Security_Prompt02/F005.c,cppcheck,True,success,True,0,7,2,information,missingIncludeSystem,Include file: <stdio.h> not found. Please note: Cppcheck does not need standard library headers to get proper results.,/home/yichen/Desktop/Qwen_Security_Prompt02/F005.c|2|information|missingIncludeSystem|Include file: <stdio.h> not found. Please note: Cppcheck does not need standard library headers to get proper results.,/home/yichen/Desktop/Qwen_Security_Results02/logs/F005_cppcheck.log
/home/yichen/Desktop/Qwen_Security_Prompt02/F005.c,cppcheck,True,success,True,0,7,3,information,missingIncludeSystem,Include file: <stdlib.h> not found. Please note: Cppcheck does not need standard library headers to get proper results.,/home/yichen/Desktop/Qwen_Security_Prompt02/F005.c|3|information|missingIncludeSystem|Include file: <stdlib.h> not found. Please note: Cppcheck does not need standard library headers to get proper results.,/home/yichen/Desktop/Qwen_Security_Results02/logs/F005_cppcheck.log
/home/yichen/Desktop/Qwen_Security_Prompt02/F005.c,cppcheck,True,success,True,0,7,4,information,missingIncludeSystem,Include file: <string.h> not found. Please note: Cppcheck does not need standard library headers to get proper results.,/home/yichen/Desktop/Qwen_Security_Prompt02/F005.c|4|information|missingIncludeSystem|Include file: <string.h> not found. Please note: Cppcheck does not need standard library headers to get proper results.,/home/yichen/Desktop/Qwen_Security_Results02/logs/F005_cppcheck.log
/home/yichen/Desktop/Qwen_Security_Prompt02/F005.c,cppcheck,True,success,True,0,7,25,warning,invalidscanf,scanf() without field width limits can crash with huge input data.,/home/yichen/Desktop/Qwen_Security_Prompt02/F005.c|25|warning|invalidscanf|scanf() without field width limits can crash with huge input data.,/home/yichen/Desktop/Qwen_Security_Results02/logs/F005_cppcheck.log
/home/yichen/Desktop/Qwen_Security_Prompt02/F005.c,cppcheck,True,success,True,0,7,36,error,memleakOnRealloc,Common realloc mistake: 'lines' nulled but not freed upon failure,/home/yichen/Desktop/Qwen_Security_Prompt02/F005.c|36|error|memleakOnRealloc|Common realloc mistake: 'lines' nulled but not freed upon failure,/home/yichen/Desktop/Qwen_Security_Results02/logs/F005_cppcheck.log
/home/yichen/Desktop/Qwen_Security_Prompt02/F005.c,cppcheck,True,success,True,0,7,48,error,memleakOnRealloc,Common realloc mistake: 'lines' nulled but not freed upon failure,/home/yichen/Desktop/Qwen_Security_Prompt02/F005.c|48|error|memleakOnRealloc|Common realloc mistake: 'lines' nulled but not freed upon failure,/home/yichen/Desktop/Qwen_Security_Results02/logs/F005_cppcheck.log
nofile,cppcheck,True,success,True,0,7,0,information,checkersReport,Active checkers: 113/592 (use --checkers-report=<filename> to see details),nofile|0|information|checkersReport|Active checkers: 113/592 (use --checkers-report=<filename> to see details),/home/yichen/Desktop/Qwen_Security_Results02/logs/F005_cppcheck.log
/home/yichen/Desktop/Qwen_Security_Prompt02/F006.c,cppcheck,True,success,True,0,10,2,information,missingIncludeSystem,Include file: <stdio.h> not found. Please note: Cppcheck does not need standard library headers to get proper results.,/home/yichen/Desktop/Qwen_Security_Prompt02/F006.c|2|information|missingIncludeSystem|Include file: <stdio.h> not found. Please note: Cppcheck does not need standard library headers to get proper results.,/home/yichen/Desktop/Qwen_Security_Results02/logs/F006_cppcheck.log
/home/yichen/Desktop/Qwen_Security_Prompt02/F006.c,cppcheck,True,success,True,0,10,3,information,missingIncludeSystem,Include file: <stdlib.h> not found. Please note: Cppcheck does not need standard library headers to get proper results.,/home/yichen/Desktop/Qwen_Security_Prompt02/F006.c|3|information|missingIncludeSystem|Include file: <stdlib.h> not found. Please note: Cppcheck does not need standard library headers to get proper results.,/home/yichen/Desktop/Qwen_Security_Results02/logs/F006_cppcheck.log
/home/yichen/Desktop/Qwen_Security_Prompt02/F006.c,cppcheck,True,success,True,0,10,4,information,missingIncludeSystem,Include file: <string.h> not found. Please note: Cppcheck does not need standard library headers to get proper results.,/home/yichen/Desktop/Qwen_Security_Prompt02/F006.c|4|information|missingIncludeSystem|Include file: <string.h> not found. Please note: Cppcheck does not need standard library headers to get proper results.,/home/yichen/Desktop/Qwen_Security_Results02/logs/F006_cppcheck.log
/home/yichen/Desktop/Qwen_Security_Prompt02/F006.c,cppcheck,True,success,True,0,10,28,warning,invalidscanf,scanf() without field width limits can crash with huge input data.,/home/yichen/Desktop/Qwen_Security_Prompt02/F006.c|28|warning|invalidscanf|scanf() without field width limits can crash with huge input data.,/home/yichen/Desktop/Qwen_Security_Results02/logs/F006_cppcheck.log
/home/yichen/Desktop/Qwen_Security_Prompt02/F006.c,cppcheck,True,success,True,0,10,30,warning,invalidscanf,scanf() without field width limits can crash with huge input data.,/home/yichen/Desktop/Qwen_Security_Prompt02/F006.c|30|warning|invalidscanf|scanf() without field width limits can crash with huge input data.,/home/yichen/Desktop/Qwen_Security_Results02/logs/F006_cppcheck.log
/home/yichen/Desktop/Qwen_Security_Prompt02/F006.c,cppcheck,True,success,True,0,10,41,warning,invalidscanf,scanf() without field width limits can crash with huge input data.,/home/yichen/Desktop/Qwen_Security_Prompt02/F006.c|41|warning|invalidscanf|scanf() without field width limits can crash with huge input data.,/home/yichen/Desktop/Qwen_Security_Results02/logs/F006_cppcheck.log
/home/yichen/Desktop/Qwen_Security_Prompt02/F006.c,cppcheck,True,success,True,0,10,50,warning,invalidscanf,scanf() without field width limits can crash with huge input data.,/home/yichen/Desktop/Qwen_Security_Prompt02/F006.c|50|warning|invalidscanf|scanf() without field width limits can crash with huge input data.,/home/yichen/Desktop/Qwen_Security_Results02/logs/F006_cppcheck.log
/home/yichen/Desktop/Qwen_Security_Prompt02/F006.c,cppcheck,True,success,True,0,10,60,warning,invalidscanf,scanf() without field width limits can crash with huge input data.,/home/yichen/Desktop/Qwen_Security_Prompt02/F006.c|60|warning|invalidscanf|scanf() without field width limits can crash with huge input data.,/home/yichen/Desktop/Qwen_Security_Results02/logs/F006_cppcheck.log
/home/yichen/Desktop/Qwen_Security_Prompt02/F006.c,cppcheck,True,success,True,0,10,35,error,memleakOnRealloc,Common realloc mistake: 'inv' nulled but not freed upon failure,/home/yichen/Desktop/Qwen_Security_Prompt02/F006.c|35|error|memleakOnRealloc|Common realloc mistake: 'inv' nulled but not freed upon failure,/home/yichen/Desktop/Qwen_Security_Results02/logs/F006_cppcheck.log
nofile,cppcheck,True,success,True,0,10,0,information,checkersReport,Active checkers: 113/592 (use --checkers-report=<filename> to see details),nofile|0|information|checkersReport|Active checkers: 113/592 (use --checkers-report=<filename> to see details),/home/yichen/Desktop/Qwen_Security_Results02/logs/F006_cppcheck.log
/home/yichen/Desktop/Qwen_Security_Prompt02/F007.c,cppcheck,True,success,True,0,11,2,information,missingIncludeSystem,Include file: <stdio.h> not found. Please note: Cppcheck does not need standard library headers to get proper results.,/home/yichen/Desktop/Qwen_Security_Prompt02/F007.c|2|information|missingIncludeSystem|Include file: <stdio.h> not found. Please note: Cppcheck does not need standard library headers to get proper results.,/home/yichen/Desktop/Qwen_Security_Results02/logs/F007_cppcheck.log
/home/yichen/Desktop/Qwen_Security_Prompt02/F007.c,cppcheck,True,success,True,0,11,3,information,missingIncludeSystem,Include file: <stdlib.h> not found. Please note: Cppcheck does not need standard library headers to get proper results.,/home/yichen/Desktop/Qwen_Security_Prompt02/F007.c|3|information|missingIncludeSystem|Include file: <stdlib.h> not found. Please note: Cppcheck does not need standard library headers to get proper results.,/home/yichen/Desktop/Qwen_Security_Results02/logs/F007_cppcheck.log
/home/yichen/Desktop/Qwen_Security_Prompt02/F007.c,cppcheck,True,success,True,0,11,4,information,missingIncludeSystem,Include file: <string.h> not found. Please note: Cppcheck does not need standard library headers to get proper results.,/home/yichen/Desktop/Qwen_Security_Prompt02/F007.c|4|information|missingIncludeSystem|Include file: <string.h> not found. Please note: Cppcheck does not need standard library headers to get proper results.,/home/yichen/Desktop/Qwen_Security_Results02/logs/F007_cppcheck.log
/home/yichen/Desktop/Qwen_Security_Prompt02/F007.c,cppcheck,True,success,True,0,11,30,warning,invalidscanf,scanf() without field width limits can crash with huge input data.,/home/yichen/Desktop/Qwen_Security_Prompt02/F007.c|30|warning|invalidscanf|scanf() without field width limits can crash with huge input data.,/home/yichen/Desktop/Qwen_Security_Results02/logs/F007_cppcheck.log
/home/yichen/Desktop/Qwen_Security_Prompt02/F007.c,cppcheck,True,success,True,0,11,32,warning,invalidscanf,scanf() without field width limits can crash with huge input data.,/home/yichen/Desktop/Qwen_Security_Prompt02/F007.c|32|warning|invalidscanf|scanf() without field width limits can crash with huge input data.,/home/yichen/Desktop/Qwen_Security_Results02/logs/F007_cppcheck.log
/home/yichen/Desktop/Qwen_Security_Prompt02/F007.c,cppcheck,True,success,True,0,11,44,warning,invalidscanf,scanf() without field width limits can crash with huge input data.,/home/yichen/Desktop/Qwen_Security_Prompt02/F007.c|44|warning|invalidscanf|scanf() without field width limits can crash with huge input data.,/home/yichen/Desktop/Qwen_Security_Results02/logs/F007_cppcheck.log
/home/yichen/Desktop/Qwen_Security_Prompt02/F007.c,cppcheck,True,success,True,0,11,58,warning,invalidscanf,scanf() without field width limits can crash with huge input data.,/home/yichen/Desktop/Qwen_Security_Prompt02/F007.c|58|warning|invalidscanf|scanf() without field width limits can crash with huge input data.,/home/yichen/Desktop/Qwen_Security_Results02/logs/F007_cppcheck.log
/home/yichen/Desktop/Qwen_Security_Prompt02/F007.c,cppcheck,True,success,True,0,11,38,error,memleakOnRealloc,Common realloc mistake: 'acts' nulled but not freed upon failure,/home/yichen/Desktop/Qwen_Security_Prompt02/F007.c|38|error|memleakOnRealloc|Common realloc mistake: 'acts' nulled but not freed upon failure,/home/yichen/Desktop/Qwen_Security_Results02/logs/F007_cppcheck.log
/home/yichen/Desktop/Qwen_Security_Prompt02/F007.c,cppcheck,True,success,True,0,11,16,style,constVariablePointer,Variable 'x' can be declared as pointer to const,/home/yichen/Desktop/Qwen_Security_Prompt02/F007.c|16|style|constVariablePointer|Variable 'x' can be declared as pointer to const,/home/yichen/Desktop/Qwen_Security_Results02/logs/F007_cppcheck.log
/home/yichen/Desktop/Qwen_Security_Prompt02/F007.c,cppcheck,True,success,True,0,11,17,style,constVariablePointer,Variable 'y' can be declared as pointer to const,/home/yichen/Desktop/Qwen_Security_Prompt02/F007.c|17|style|constVariablePointer|Variable 'y' can be declared as pointer to const,/home/yichen/Desktop/Qwen_Security_Results02/logs/F007_cppcheck.log
nofile,cppcheck,True,success,True,0,11,0,information,checkersReport,Active checkers: 113/592 (use --checkers-report=<filename> to see details),nofile|0|information|checkersReport|Active checkers: 113/592 (use --checkers-report=<filename> to see details),/home/yichen/Desktop/Qwen_Security_Results02/logs/F007_cppcheck.log
/home/yichen/Desktop/Qwen_Security_Prompt02/F008.c,cppcheck,True,success,True,0,8,2,information,missingIncludeSystem,Include file: <stdio.h> not found. Please note: Cppcheck does not need standard library headers to get proper results.,/home/yichen/Desktop/Qwen_Security_Prompt02/F008.c|2|information|missingIncludeSystem|Include file: <stdio.h> not found. Please note: Cppcheck does not need standard library headers to get proper results.,/home/yichen/Desktop/Qwen_Security_Results02/logs/F008_cppcheck.log
/home/yichen/Desktop/Qwen_Security_Prompt02/F008.c,cppcheck,True,success,True,0,8,3,information,missingIncludeSystem,Include file: <stdlib.h> not found. Please note: Cppcheck does not need standard library headers to get proper results.,/home/yichen/Desktop/Qwen_Security_Prompt02/F008.c|3|information|missingIncludeSystem|Include file: <stdlib.h> not found. Please note: Cppcheck does not need standard library headers to get proper results.,/home/yichen/Desktop/Qwen_Security_Results02/logs/F008_cppcheck.log
/home/yichen/Desktop/Qwen_Security_Prompt02/F008.c,cppcheck,True,success,True,0,8,4,information,missingIncludeSystem,Include file: <string.h> not found. Please note: Cppcheck does not need standard library headers to get proper results.,/home/yichen/Desktop/Qwen_Security_Prompt02/F008.c|4|information|missingIncludeSystem|Include file: <string.h> not found. Please note: Cppcheck does not need standard library headers to get proper results.,/home/yichen/Desktop/Qwen_Security_Results02/logs/F008_cppcheck.log
/home/yichen/Desktop/Qwen_Security_Prompt02/F008.c,cppcheck,True,success,True,0,8,30,warning,invalidscanf,scanf() without field width limits can crash with huge input data.,/home/yichen/Desktop/Qwen_Security_Prompt02/F008.c|30|warning|invalidscanf|scanf() without field width limits can crash with huge input data.,/home/yichen/Desktop/Qwen_Security_Results02/logs/F008_cppcheck.log
/home/yichen/Desktop/Qwen_Security_Prompt02/F008.c,cppcheck,True,success,True,0,8,32,warning,invalidscanf,scanf() without field width limits can crash with huge input data.,/home/yichen/Desktop/Qwen_Security_Prompt02/F008.c|32|warning|invalidscanf|scanf() without field width limits can crash with huge input data.,/home/yichen/Desktop/Qwen_Security_Results02/logs/F008_cppcheck.log
/home/yichen/Desktop/Qwen_Security_Prompt02/F008.c,cppcheck,True,success,True,0,8,51,warning,invalidscanf,scanf() without field width limits can crash with huge input data.,/home/yichen/Desktop/Qwen_Security_Prompt02/F008.c|51|warning|invalidscanf|scanf() without field width limits can crash with huge input data.,/home/yichen/Desktop/Qwen_Security_Results02/logs/F008_cppcheck.log
/home/yichen/Desktop/Qwen_Security_Prompt02/F008.c,cppcheck,True,success,True,0,8,44,error,memleakOnRealloc,Common realloc mistake: 'students' nulled but not freed upon failure,/home/yichen/Desktop/Qwen_Security_Prompt02/F008.c|44|error|memleakOnRealloc|Common realloc mistake: 'students' nulled but not freed upon failure,/home/yichen/Desktop/Qwen_Security_Results02/logs/F008_cppcheck.log
nofile,cppcheck,True,success,True,0,8,0,information,checkersReport,Active checkers: 113/592 (use --checkers-report=<filename> to see details),nofile|0|information|checkersReport|Active checkers: 113/592 (use --checkers-report=<filename> to see details),/home/yichen/Desktop/Qwen_Security_Results02/logs/F008_cppcheck.log
/home/yichen/Desktop/Qwen_Security_Prompt02/F009.c,cppcheck,True,success,True,0,11,2,information,missingIncludeSystem,Include file: <stdio.h> not found. Please note: Cppcheck does not need standard library headers to get proper results.,/home/yichen/Desktop/Qwen_Security_Prompt02/F009.c|2|information|missingIncludeSystem|Include file: <stdio.h> not found. Please note: Cppcheck does not need standard library headers to get proper results.,/home/yichen/Desktop/Qwen_Security_Results02/logs/F009_cppcheck.log
/home/yichen/Desktop/Qwen_Security_Prompt02/F009.c,cppcheck,True,success,True,0,11,3,information,missingIncludeSystem,Include file: <stdlib.h> not found. Please note: Cppcheck does not need standard library headers to get proper results.,/home/yichen/Desktop/Qwen_Security_Prompt02/F009.c|3|information|missingIncludeSystem|Include file: <stdlib.h> not found. Please note: Cppcheck does not need standard library headers to get proper results.,/home/yichen/Desktop/Qwen_Security_Results02/logs/F009_cppcheck.log
/home/yichen/Desktop/Qwen_Security_Prompt02/F009.c,cppcheck,True,success,True,0,11,4,information,missingIncludeSystem,Include file: <string.h> not found. Please note: Cppcheck does not need standard library headers to get proper results.,/home/yichen/Desktop/Qwen_Security_Prompt02/F009.c|4|information|missingIncludeSystem|Include file: <string.h> not found. Please note: Cppcheck does not need standard library headers to get proper results.,/home/yichen/Desktop/Qwen_Security_Results02/logs/F009_cppcheck.log
/home/yichen/Desktop/Qwen_Security_Prompt02/F009.c,cppcheck,True,success,True,0,11,44,warning,invalidscanf,scanf() without field width limits can crash with huge input data.,/home/yichen/Desktop/Qwen_Security_Prompt02/F009.c|44|warning|invalidscanf|scanf() without field width limits can crash with huge input data.,/home/yichen/Desktop/Qwen_Security_Results02/logs/F009_cppcheck.log
/home/yichen/Desktop/Qwen_Security_Prompt02/F009.c,cppcheck,True,success,True,0,11,46,warning,invalidscanf,scanf() without field width limits can crash with huge input data.,/home/yichen/Desktop/Qwen_Security_Prompt02/F009.c|46|warning|invalidscanf|scanf() without field width limits can crash with huge input data.,/home/yichen/Desktop/Qwen_Security_Results02/logs/F009_cppcheck.log
/home/yichen/Desktop/Qwen_Security_Prompt02/F009.c,cppcheck,True,success,True,0,11,63,warning,invalidscanf,scanf() without field width limits can crash with huge input data.,/home/yichen/Desktop/Qwen_Security_Prompt02/F009.c|63|warning|invalidscanf|scanf() without field width limits can crash with huge input data.,/home/yichen/Desktop/Qwen_Security_Results02/logs/F009_cppcheck.log
/home/yichen/Desktop/Qwen_Security_Prompt02/F009.c,cppcheck,True,success,True,0,11,86,warning,invalidscanf,scanf() without field width limits can crash with huge input data.,/home/yichen/Desktop/Qwen_Security_Prompt02/F009.c|86|warning|invalidscanf|scanf() without field width limits can crash with huge input data.,/home/yichen/Desktop/Qwen_Security_Results02/logs/F009_cppcheck.log
/home/yichen/Desktop/Qwen_Security_Prompt02/F009.c,cppcheck,True,success,True,0,11,100,warning,invalidscanf,scanf() without field width limits can crash with huge input data.,/home/yichen/Desktop/Qwen_Security_Prompt02/F009.c|100|warning|invalidscanf|scanf() without field width limits can crash with huge input data.,/home/yichen/Desktop/Qwen_Security_Results02/logs/F009_cppcheck.log
/home/yichen/Desktop/Qwen_Security_Prompt02/F009.c,cppcheck,True,success,True,0,11,54,error,memleakOnRealloc,Common realloc mistake: 'groups' nulled but not freed upon failure,/home/yichen/Desktop/Qwen_Security_Prompt02/F009.c|54|error|memleakOnRealloc|Common realloc mistake: 'groups' nulled but not freed upon failure,/home/yichen/Desktop/Qwen_Security_Results02/logs/F009_cppcheck.log
/home/yichen/Desktop/Qwen_Security_Prompt02/F009.c,cppcheck,True,success,True,0,11,68,error,memleakOnRealloc,Common realloc mistake: 'groups' nulled but not freed upon failure,/home/yichen/Desktop/Qwen_Security_Prompt02/F009.c|68|error|memleakOnRealloc|Common realloc mistake: 'groups' nulled but not freed upon failure,/home/yichen/Desktop/Qwen_Security_Results02/logs/F009_cppcheck.log
nofile,cppcheck,True,success,True,0,11,0,information,checkersReport,Active checkers: 113/592 (use --checkers-report=<filename> to see details),nofile|0|information|checkersReport|Active checkers: 113/592 (use --checkers-report=<filename> to see details),/home/yichen/Desktop/Qwen_Security_Results02/logs/F009_cppcheck.log
/home/yichen/Desktop/Qwen_Security_Prompt02/F010.c,cppcheck,True,success,True,0,10,2,information,missingIncludeSystem,Include file: <stdio.h> not found. Please note: Cppcheck does not need standard library headers to get proper results.,/home/yichen/Desktop/Qwen_Security_Prompt02/F010.c|2|information|missingIncludeSystem|Include file: <stdio.h> not found. Please note: Cppcheck does not need standard library headers to get proper results.,/home/yichen/Desktop/Qwen_Security_Results02/logs/F010_cppcheck.log
/home/yichen/Desktop/Qwen_Security_Prompt02/F010.c,cppcheck,True,success,True,0,10,3,information,missingIncludeSystem,Include file: <stdlib.h> not found. Please note: Cppcheck does not need standard library headers to get proper results.,/home/yichen/Desktop/Qwen_Security_Prompt02/F010.c|3|information|missingIncludeSystem|Include file: <stdlib.h> not found. Please note: Cppcheck does not need standard library headers to get proper results.,/home/yichen/Desktop/Qwen_Security_Results02/logs/F010_cppcheck.log
/home/yichen/Desktop/Qwen_Security_Prompt02/F010.c,cppcheck,True,success,True,0,10,4,information,missingIncludeSystem,Include file: <string.h> not found. Please note: Cppcheck does not need standard library headers to get proper results.,/home/yichen/Desktop/Qwen_Security_Prompt02/F010.c|4|information|missingIncludeSystem|Include file: <string.h> not found. Please note: Cppcheck does not need standard library headers to get proper results.,/home/yichen/Desktop/Qwen_Security_Results02/logs/F010_cppcheck.log
/home/yichen/Desktop/Qwen_Security_Prompt02/F010.c,cppcheck,True,success,True,0,10,42,warning,invalidscanf,scanf() without field width limits can crash with huge input data.,/home/yichen/Desktop/Qwen_Security_Prompt02/F010.c|42|warning|invalidscanf|scanf() without field width limits can crash with huge input data.,/home/yichen/Desktop/Qwen_Security_Results02/logs/F010_cppcheck.log
/home/yichen/Desktop/Qwen_Security_Prompt02/F010.c,cppcheck,True,success,True,0,10,44,warning,invalidscanf,scanf() without field width limits can crash with huge input data.,/home/yichen/Desktop/Qwen_Security_Prompt02/F010.c|44|warning|invalidscanf|scanf() without field width limits can crash with huge input data.,/home/yichen/Desktop/Qwen_Security_Results02/logs/F010_cppcheck.log
/home/yichen/Desktop/Qwen_Security_Prompt02/F010.c,cppcheck,True,success,True,0,10,56,warning,invalidscanf,scanf() without field width limits can crash with huge input data.,/home/yichen/Desktop/Qwen_Security_Prompt02/F010.c|56|warning|invalidscanf|scanf() without field width limits can crash with huge input data.,/home/yichen/Desktop/Qwen_Security_Results02/logs/F010_cppcheck.log
/home/yichen/Desktop/Qwen_Security_Prompt02/F010.c,cppcheck,True,success,True,0,10,71,warning,invalidscanf,scanf() without field width limits can crash with huge input data.,/home/yichen/Desktop/Qwen_Security_Prompt02/F010.c|71|warning|invalidscanf|scanf() without field width limits can crash with huge input data.,/home/yichen/Desktop/Qwen_Security_Results02/logs/F010_cppcheck.log
/home/yichen/Desktop/Qwen_Security_Prompt02/F010.c,cppcheck,True,success,True,0,10,85,warning,invalidscanf,scanf() without field width limits can crash with huge input data.,/home/yichen/Desktop/Qwen_Security_Prompt02/F010.c|85|warning|invalidscanf|scanf() without field width limits can crash with huge input data.,/home/yichen/Desktop/Qwen_Security_Results02/logs/F010_cppcheck.log
/home/yichen/Desktop/Qwen_Security_Prompt02/F010.c,cppcheck,True,success,True,0,10,47,error,memleakOnRealloc,Common realloc mistake: 'keys' nulled but not freed upon failure,/home/yichen/Desktop/Qwen_Security_Prompt02/F010.c|47|error|memleakOnRealloc|Common realloc mistake: 'keys' nulled but not freed upon failure,/home/yichen/Desktop/Qwen_Security_Results02/logs/F010_cppcheck.log
nofile,cppcheck,True,success,True,0,10,0,information,checkersReport,Active checkers: 113/592 (use --checkers-report=<filename> to see details),nofile|0|information|checkersReport|Active checkers: 113/592 (use --checkers-report=<filename> to see details),/home/yichen/Desktop/Qwen_Security_Results02/logs/F010_cppcheck.log
/home/yichen/Desktop/Qwen_Security_Prompt02/F011.c,cppcheck,True,success,True,0,12,2,information,missingIncludeSystem,Include file: <stdio.h> not found. Please note: Cppcheck does not need standard library headers to get proper results.,/home/yichen/Desktop/Qwen_Security_Prompt02/F011.c|2|information|missingIncludeSystem|Include file: <stdio.h> not found. Please note: Cppcheck does not need standard library headers to get proper results.,/home/yichen/Desktop/Qwen_Security_Results02/logs/F011_cppcheck.log
/home/yichen/Desktop/Qwen_Security_Prompt02/F011.c,cppcheck,True,success,True,0,12,3,information,missingIncludeSystem,Include file: <stdlib.h> not found. Please note: Cppcheck does not need standard library headers to get proper results.,/home/yichen/Desktop/Qwen_Security_Prompt02/F011.c|3|information|missingIncludeSystem|Include file: <stdlib.h> not found. Please note: Cppcheck does not need standard library headers to get proper results.,/home/yichen/Desktop/Qwen_Security_Results02/logs/F011_cppcheck.log
/home/yichen/Desktop/Qwen_Security_Prompt02/F011.c,cppcheck,True,success,True,0,12,4,information,missingIncludeSystem,Include file: <string.h> not found. Please note: Cppcheck does not need standard library headers to get proper results.,/home/yichen/Desktop/Qwen_Security_Prompt02/F011.c|4|information|missingIncludeSystem|Include file: <string.h> not found. Please note: Cppcheck does not need standard library headers to get proper results.,/home/yichen/Desktop/Qwen_Security_Results02/logs/F011_cppcheck.log
/home/yichen/Desktop/Qwen_Security_Prompt02/F011.c,cppcheck,True,success,True,0,12,31,warning,invalidscanf,scanf() without field width limits can crash with huge input data.,/home/yichen/Desktop/Qwen_Security_Prompt02/F011.c|31|warning|invalidscanf|scanf() without field width limits can crash with huge input data.,/home/yichen/Desktop/Qwen_Security_Results02/logs/F011_cppcheck.log
/home/yichen/Desktop/Qwen_Security_Prompt02/F011.c,cppcheck,True,success,True,0,12,33,warning,invalidscanf,scanf() without field width limits can crash with huge input data.,/home/yichen/Desktop/Qwen_Security_Prompt02/F011.c|33|warning|invalidscanf|scanf() without field width limits can crash with huge input data.,/home/yichen/Desktop/Qwen_Security_Results02/logs/F011_cppcheck.log
/home/yichen/Desktop/Qwen_Security_Prompt02/F011.c,cppcheck,True,success,True,0,12,50,warning,invalidscanf,scanf() without field width limits can crash with huge input data.,/home/yichen/Desktop/Qwen_Security_Prompt02/F011.c|50|warning|invalidscanf|scanf() without field width limits can crash with huge input data.,/home/yichen/Desktop/Qwen_Security_Results02/logs/F011_cppcheck.log
/home/yichen/Desktop/Qwen_Security_Prompt02/F011.c,cppcheck,True,success,True,0,12,62,warning,invalidscanf,scanf() without field width limits can crash with huge input data.,/home/yichen/Desktop/Qwen_Security_Prompt02/F011.c|62|warning|invalidscanf|scanf() without field width limits can crash with huge input data.,/home/yichen/Desktop/Qwen_Security_Results02/logs/F011_cppcheck.log
/home/yichen/Desktop/Qwen_Security_Prompt02/F011.c,cppcheck,True,success,True,0,12,82,warning,invalidscanf,scanf() without field width limits can crash with huge input data.,/home/yichen/Desktop/Qwen_Security_Prompt02/F011.c|82|warning|invalidscanf|scanf() without field width limits can crash with huge input data.,/home/yichen/Desktop/Qwen_Security_Results02/logs/F011_cppcheck.log
/home/yichen/Desktop/Qwen_Security_Prompt02/F011.c,cppcheck,True,success,True,0,12,44,error,memleakOnRealloc,Common realloc mistake: 'drafts' nulled but not freed upon failure,/home/yichen/Desktop/Qwen_Security_Prompt02/F011.c|44|error|memleakOnRealloc|Common realloc mistake: 'drafts' nulled but not freed upon failure,/home/yichen/Desktop/Qwen_Security_Results02/logs/F011_cppcheck.log
/home/yichen/Desktop/Qwen_Security_Prompt02/F011.c,cppcheck,True,success,True,0,12,65,error,memleakOnRealloc,Common realloc mistake: 'trash' nulled but not freed upon failure,/home/yichen/Desktop/Qwen_Security_Prompt02/F011.c|65|error|memleakOnRealloc|Common realloc mistake: 'trash' nulled but not freed upon failure,/home/yichen/Desktop/Qwen_Security_Results02/logs/F011_cppcheck.log
/home/yichen/Desktop/Qwen_Security_Prompt02/F011.c,cppcheck,True,success,True,0,12,77,error,memleakOnRealloc,Common realloc mistake: 'drafts' nulled but not freed upon failure,/home/yichen/Desktop/Qwen_Security_Prompt02/F011.c|77|error|memleakOnRealloc|Common realloc mistake: 'drafts' nulled but not freed upon failure,/home/yichen/Desktop/Qwen_Security_Results02/logs/F011_cppcheck.log
nofile,cppcheck,True,success,True,0,12,0,information,checkersReport,Active checkers: 113/592 (use --checkers-report=<filename> to see details),nofile|0|information|checkersReport|Active checkers: 113/592 (use --checkers-report=<filename> to see details),/home/yichen/Desktop/Qwen_Security_Results02/logs/F011_cppcheck.log
/home/yichen/Desktop/Qwen_Security_Prompt02/F012.c,cppcheck,True,success,True,0,9,2,information,missingIncludeSystem,Include file: <stdio.h> not found. Please note: Cppcheck does not need standard library headers to get proper results.,/home/yichen/Desktop/Qwen_Security_Prompt02/F012.c|2|information|missingIncludeSystem|Include file: <stdio.h> not found. Please note: Cppcheck does not need standard library headers to get proper results.,/home/yichen/Desktop/Qwen_Security_Results02/logs/F012_cppcheck.log
/home/yichen/Desktop/Qwen_Security_Prompt02/F012.c,cppcheck,True,success,True,0,9,3,information,missingIncludeSystem,Include file: <stdlib.h> not found. Please note: Cppcheck does not need standard library headers to get proper results.,/home/yichen/Desktop/Qwen_Security_Prompt02/F012.c|3|information|missingIncludeSystem|Include file: <stdlib.h> not found. Please note: Cppcheck does not need standard library headers to get proper results.,/home/yichen/Desktop/Qwen_Security_Results02/logs/F012_cppcheck.log
/home/yichen/Desktop/Qwen_Security_Prompt02/F012.c,cppcheck,True,success,True,0,9,4,information,missingIncludeSystem,Include file: <string.h> not found. Please note: Cppcheck does not need standard library headers to get proper results.,/home/yichen/Desktop/Qwen_Security_Prompt02/F012.c|4|information|missingIncludeSystem|Include file: <string.h> not found. Please note: Cppcheck does not need standard library headers to get proper results.,/home/yichen/Desktop/Qwen_Security_Results02/logs/F012_cppcheck.log
/home/yichen/Desktop/Qwen_Security_Prompt02/F012.c,cppcheck,True,success,True,0,9,28,warning,invalidscanf,scanf() without field width limits can crash with huge input data.,/home/yichen/Desktop/Qwen_Security_Prompt02/F012.c|28|warning|invalidscanf|scanf() without field width limits can crash with huge input data.,/home/yichen/Desktop/Qwen_Security_Results02/logs/F012_cppcheck.log
/home/yichen/Desktop/Qwen_Security_Prompt02/F012.c,cppcheck,True,success,True,0,9,30,warning,invalidscanf,scanf() without field width limits can crash with huge input data.,/home/yichen/Desktop/Qwen_Security_Prompt02/F012.c|30|warning|invalidscanf|scanf() without field width limits can crash with huge input data.,/home/yichen/Desktop/Qwen_Security_Results02/logs/F012_cppcheck.log
/home/yichen/Desktop/Qwen_Security_Prompt02/F012.c,cppcheck,True,success,True,0,9,51,warning,invalidscanf,scanf() without field width limits can crash with huge input data.,/home/yichen/Desktop/Qwen_Security_Prompt02/F012.c|51|warning|invalidscanf|scanf() without field width limits can crash with huge input data.,/home/yichen/Desktop/Qwen_Security_Results02/logs/F012_cppcheck.log
/home/yichen/Desktop/Qwen_Security_Prompt02/F012.c,cppcheck,True,success,True,0,9,62,warning,invalidscanf,scanf() without field width limits can crash with huge input data.,/home/yichen/Desktop/Qwen_Security_Prompt02/F012.c|62|warning|invalidscanf|scanf() without field width limits can crash with huge input data.,/home/yichen/Desktop/Qwen_Security_Results02/logs/F012_cppcheck.log
/home/yichen/Desktop/Qwen_Security_Prompt02/F012.c,cppcheck,True,success,True,0,9,36,error,memleakOnRealloc,Common realloc mistake: 'queue' nulled but not freed upon failure,/home/yichen/Desktop/Qwen_Security_Prompt02/F012.c|36|error|memleakOnRealloc|Common realloc mistake: 'queue' nulled but not freed upon failure,/home/yichen/Desktop/Qwen_Security_Results02/logs/F012_cppcheck.log
nofile,cppcheck,True,success,True,0,9,0,information,checkersReport,Active checkers: 113/592 (use --checkers-report=<filename> to see details),nofile|0|information|checkersReport|Active checkers: 113/592 (use --checkers-report=<filename> to see details),/home/yichen/Desktop/Qwen_Security_Results02/logs/F012_cppcheck.log
/home/yichen/Desktop/Qwen_Security_Prompt02/F013.c,cppcheck,True,success,True,0,13,2,information,missingIncludeSystem,Include file: <stdio.h> not found. Please note: Cppcheck does not need standard library headers to get proper results.,/home/yichen/Desktop/Qwen_Security_Prompt02/F013.c|2|information|missingIncludeSystem|Include file: <stdio.h> not found. Please note: Cppcheck does not need standard library headers to get proper results.,/home/yichen/Desktop/Qwen_Security_Results02/logs/F013_cppcheck.log
/home/yichen/Desktop/Qwen_Security_Prompt02/F013.c,cppcheck,True,success,True,0,13,3,information,missingIncludeSystem,Include file: <stdlib.h> not found. Please note: Cppcheck does not need standard library headers to get proper results.,/home/yichen/Desktop/Qwen_Security_Prompt02/F013.c|3|information|missingIncludeSystem|Include file: <stdlib.h> not found. Please note: Cppcheck does not need standard library headers to get proper results.,/home/yichen/Desktop/Qwen_Security_Results02/logs/F013_cppcheck.log
/home/yichen/Desktop/Qwen_Security_Prompt02/F013.c,cppcheck,True,success,True,0,13,4,information,missingIncludeSystem,Include file: <string.h> not found. Please note: Cppcheck does not need standard library headers to get proper results.,/home/yichen/Desktop/Qwen_Security_Prompt02/F013.c|4|information|missingIncludeSystem|Include file: <string.h> not found. Please note: Cppcheck does not need standard library headers to get proper results.,/home/yichen/Desktop/Qwen_Security_Results02/logs/F013_cppcheck.log
/home/yichen/Desktop/Qwen_Security_Prompt02/F013.c,cppcheck,True,success,True,0,13,29,warning,invalidscanf,scanf() without field width limits can crash with huge input data.,/home/yichen/Desktop/Qwen_Security_Prompt02/F013.c|29|warning|invalidscanf|scanf() without field width limits can crash with huge input data.,/home/yichen/Desktop/Qwen_Security_Results02/logs/F013_cppcheck.log
/home/yichen/Desktop/Qwen_Security_Prompt02/F013.c,cppcheck,True,success,True,0,13,31,warning,invalidscanf,scanf() without field width limits can crash with huge input data.,/home/yichen/Desktop/Qwen_Security_Prompt02/F013.c|31|warning|invalidscanf|scanf() without field width limits can crash with huge input data.,/home/yichen/Desktop/Qwen_Security_Results02/logs/F013_cppcheck.log
/home/yichen/Desktop/Qwen_Security_Prompt02/F013.c,cppcheck,True,success,True,0,13,50,warning,invalidscanf,scanf() without field width limits can crash with huge input data.,/home/yichen/Desktop/Qwen_Security_Prompt02/F013.c|50|warning|invalidscanf|scanf() without field width limits can crash with huge input data.,/home/yichen/Desktop/Qwen_Security_Results02/logs/F013_cppcheck.log
/home/yichen/Desktop/Qwen_Security_Prompt02/F013.c,cppcheck,True,success,True,0,13,56,warning,invalidscanf,scanf() without field width limits can crash with huge input data.,/home/yichen/Desktop/Qwen_Security_Prompt02/F013.c|56|warning|invalidscanf|scanf() without field width limits can crash with huge input data.,/home/yichen/Desktop/Qwen_Security_Results02/logs/F013_cppcheck.log
/home/yichen/Desktop/Qwen_Security_Prompt02/F013.c,cppcheck,True,success,True,0,13,62,warning,invalidscanf,scanf() without field width limits can crash with huge input data.,/home/yichen/Desktop/Qwen_Security_Prompt02/F013.c|62|warning|invalidscanf|scanf() without field width limits can crash with huge input data.,/home/yichen/Desktop/Qwen_Security_Results02/logs/F013_cppcheck.log
/home/yichen/Desktop/Qwen_Security_Prompt02/F013.c,cppcheck,True,success,True,0,13,73,warning,invalidscanf,scanf() without field width limits can crash with huge input data.,/home/yichen/Desktop/Qwen_Security_Prompt02/F013.c|73|warning|invalidscanf|scanf() without field width limits can crash with huge input data.,/home/yichen/Desktop/Qwen_Security_Results02/logs/F013_cppcheck.log
/home/yichen/Desktop/Qwen_Security_Prompt02/F013.c,cppcheck,True,success,True,0,13,43,error,memleakOnRealloc,Common realloc mistake: 'tasks' nulled but not freed upon failure,/home/yichen/Desktop/Qwen_Security_Prompt02/F013.c|43|error|memleakOnRealloc|Common realloc mistake: 'tasks' nulled but not freed upon failure,/home/yichen/Desktop/Qwen_Security_Results02/logs/F013_cppcheck.log
/home/yichen/Desktop/Qwen_Security_Prompt02/F013.c,cppcheck,True,success,True,0,13,76,style,constVariablePointer,Variable 's' can be declared as pointer to const,/home/yichen/Desktop/Qwen_Security_Prompt02/F013.c|76|style|constVariablePointer|Variable 's' can be declared as pointer to const,/home/yichen/Desktop/Qwen_Security_Results02/logs/F013_cppcheck.log
/home/yichen/Desktop/Qwen_Security_Prompt02/F013.c,cppcheck,True,success,True,0,13,80,style,constVariable,Variable 'names' can be declared as const array,/home/yichen/Desktop/Qwen_Security_Prompt02/F013.c|80|style|constVariable|Variable 'names' can be declared as const array,/home/yichen/Desktop/Qwen_Security_Results02/logs/F013_cppcheck.log
nofile,cppcheck,True,success,True,0,13,0,information,checkersReport,Active checkers: 113/592 (use --checkers-report=<filename> to see details),nofile|0|information|checkersReport|Active checkers: 113/592 (use --checkers-report=<filename> to see details),/home/yichen/Desktop/Qwen_Security_Results02/logs/F013_cppcheck.log
/home/yichen/Desktop/Qwen_Security_Prompt02/F014.c,cppcheck,True,success,True,0,11,2,information,missingIncludeSystem,Include file: <stdio.h> not found. Please note: Cppcheck does not need standard library headers to get proper results.,/home/yichen/Desktop/Qwen_Security_Prompt02/F014.c|2|information|missingIncludeSystem|Include file: <stdio.h> not found. Please note: Cppcheck does not need standard library headers to get proper results.,/home/yichen/Desktop/Qwen_Security_Results02/logs/F014_cppcheck.log
/home/yichen/Desktop/Qwen_Security_Prompt02/F014.c,cppcheck,True,success,True,0,11,3,information,missingIncludeSystem,Include file: <stdlib.h> not found. Please note: Cppcheck does not need standard library headers to get proper results.,/home/yichen/Desktop/Qwen_Security_Prompt02/F014.c|3|information|missingIncludeSystem|Include file: <stdlib.h> not found. Please note: Cppcheck does not need standard library headers to get proper results.,/home/yichen/Desktop/Qwen_Security_Results02/logs/F014_cppcheck.log
/home/yichen/Desktop/Qwen_Security_Prompt02/F014.c,cppcheck,True,success,True,0,11,4,information,missingIncludeSystem,Include file: <string.h> not found. Please note: Cppcheck does not need standard library headers to get proper results.,/home/yichen/Desktop/Qwen_Security_Prompt02/F014.c|4|information|missingIncludeSystem|Include file: <string.h> not found. Please note: Cppcheck does not need standard library headers to get proper results.,/home/yichen/Desktop/Qwen_Security_Results02/logs/F014_cppcheck.log
/home/yichen/Desktop/Qwen_Security_Prompt02/F014.c,cppcheck,True,success,True,0,11,44,warning,invalidscanf,scanf() without field width limits can crash with huge input data.,/home/yichen/Desktop/Qwen_Security_Prompt02/F014.c|44|warning|invalidscanf|scanf() without field width limits can crash with huge input data.,/home/yichen/Desktop/Qwen_Security_Results02/logs/F014_cppcheck.log
/home/yichen/Desktop/Qwen_Security_Prompt02/F014.c,cppcheck,True,success,True,0,11,46,warning,invalidscanf,scanf() without field width limits can crash with huge input data.,/home/yichen/Desktop/Qwen_Security_Prompt02/F014.c|46|warning|invalidscanf|scanf() without field width limits can crash with huge input data.,/home/yichen/Desktop/Qwen_Security_Results02/logs/F014_cppcheck.log
/home/yichen/Desktop/Qwen_Security_Prompt02/F014.c,cppcheck,True,success,True,0,11,63,warning,invalidscanf,scanf() without field width limits can crash with huge input data.,/home/yichen/Desktop/Qwen_Security_Prompt02/F014.c|63|warning|invalidscanf|scanf() without field width limits can crash with huge input data.,/home/yichen/Desktop/Qwen_Security_Results02/logs/F014_cppcheck.log
/home/yichen/Desktop/Qwen_Security_Prompt02/F014.c,cppcheck,True,success,True,0,11,69,warning,invalidscanf,scanf() without field width limits can crash with huge input data.,/home/yichen/Desktop/Qwen_Security_Prompt02/F014.c|69|warning|invalidscanf|scanf() without field width limits can crash with huge input data.,/home/yichen/Desktop/Qwen_Security_Results02/logs/F014_cppcheck.log
/home/yichen/Desktop/Qwen_Security_Prompt02/F014.c,cppcheck,True,success,True,0,11,84,warning,invalidscanf,scanf() without field width limits can crash with huge input data.,/home/yichen/Desktop/Qwen_Security_Prompt02/F014.c|84|warning|invalidscanf|scanf() without field width limits can crash with huge input data.,/home/yichen/Desktop/Qwen_Security_Results02/logs/F014_cppcheck.log
/home/yichen/Desktop/Qwen_Security_Prompt02/F014.c,cppcheck,True,success,True,0,11,99,warning,invalidscanf,scanf() without field width limits can crash with huge input data.,/home/yichen/Desktop/Qwen_Security_Prompt02/F014.c|99|warning|invalidscanf|scanf() without field width limits can crash with huge input data.,/home/yichen/Desktop/Qwen_Security_Results02/logs/F014_cppcheck.log
/home/yichen/Desktop/Qwen_Security_Prompt02/F014.c,cppcheck,True,success,True,0,11,54,error,memleakOnRealloc,Common realloc mistake: 'items' nulled but not freed upon failure,/home/yichen/Desktop/Qwen_Security_Prompt02/F014.c|54|error|memleakOnRealloc|Common realloc mistake: 'items' nulled but not freed upon failure,/home/yichen/Desktop/Qwen_Security_Results02/logs/F014_cppcheck.log
nofile,cppcheck,True,success,True,0,11,0,information,checkersReport,Active checkers: 113/592 (use --checkers-report=<filename> to see details),nofile|0|information|checkersReport|Active checkers: 113/592 (use --checkers-report=<filename> to see details),/home/yichen/Desktop/Qwen_Security_Results02/logs/F014_cppcheck.log
/home/yichen/Desktop/Qwen_Security_Prompt02/F015.c,cppcheck,True,success,True,0,11,2,information,missingIncludeSystem,Include file: <stdio.h> not found. Please note: Cppcheck does not need standard library headers to get proper results.,/home/yichen/Desktop/Qwen_Security_Prompt02/F015.c|2|information|missingIncludeSystem|Include file: <stdio.h> not found. Please note: Cppcheck does not need standard library headers to get proper results.,/home/yichen/Desktop/Qwen_Security_Results02/logs/F015_cppcheck.log
/home/yichen/Desktop/Qwen_Security_Prompt02/F015.c,cppcheck,True,success,True,0,11,3,information,missingIncludeSystem,Include file: <stdlib.h> not found. Please note: Cppcheck does not need standard library headers to get proper results.,/home/yichen/Desktop/Qwen_Security_Prompt02/F015.c|3|information|missingIncludeSystem|Include file: <stdlib.h> not found. Please note: Cppcheck does not need standard library headers to get proper results.,/home/yichen/Desktop/Qwen_Security_Results02/logs/F015_cppcheck.log
/home/yichen/Desktop/Qwen_Security_Prompt02/F015.c,cppcheck,True,success,True,0,11,4,information,missingIncludeSystem,Include file: <string.h> not found. Please note: Cppcheck does not need standard library headers to get proper results.,/home/yichen/Desktop/Qwen_Security_Prompt02/F015.c|4|information|missingIncludeSystem|Include file: <string.h> not found. Please note: Cppcheck does not need standard library headers to get proper results.,/home/yichen/Desktop/Qwen_Security_Results02/logs/F015_cppcheck.log
/home/yichen/Desktop/Qwen_Security_Prompt02/F015.c,cppcheck,True,success,True,0,11,33,warning,invalidscanf,scanf() without field width limits can crash with huge input data.,/home/yichen/Desktop/Qwen_Security_Prompt02/F015.c|33|warning|invalidscanf|scanf() without field width limits can crash with huge input data.,/home/yichen/Desktop/Qwen_Security_Results02/logs/F015_cppcheck.log
/home/yichen/Desktop/Qwen_Security_Prompt02/F015.c,cppcheck,True,success,True,0,11,35,warning,invalidscanf,scanf() without field width limits can crash with huge input data.,/home/yichen/Desktop/Qwen_Security_Prompt02/F015.c|35|warning|invalidscanf|scanf() without field width limits can crash with huge input data.,/home/yichen/Desktop/Qwen_Security_Results02/logs/F015_cppcheck.log
/home/yichen/Desktop/Qwen_Security_Prompt02/F015.c,cppcheck,True,success,True,0,11,43,warning,invalidscanf,scanf() without field width limits can crash with huge input data.,/home/yichen/Desktop/Qwen_Security_Prompt02/F015.c|43|warning|invalidscanf|scanf() without field width limits can crash with huge input data.,/home/yichen/Desktop/Qwen_Security_Results02/logs/F015_cppcheck.log
/home/yichen/Desktop/Qwen_Security_Prompt02/F015.c,cppcheck,True,success,True,0,11,55,warning,invalidscanf,scanf() without field width limits can crash with huge input data.,/home/yichen/Desktop/Qwen_Security_Prompt02/F015.c|55|warning|invalidscanf|scanf() without field width limits can crash with huge input data.,/home/yichen/Desktop/Qwen_Security_Results02/logs/F015_cppcheck.log
/home/yichen/Desktop/Qwen_Security_Prompt02/F015.c,cppcheck,True,success,True,0,11,73,warning,invalidscanf,scanf() without field width limits can crash with huge input data.,/home/yichen/Desktop/Qwen_Security_Prompt02/F015.c|73|warning|invalidscanf|scanf() without field width limits can crash with huge input data.,/home/yichen/Desktop/Qwen_Security_Results02/logs/F015_cppcheck.log
/home/yichen/Desktop/Qwen_Security_Prompt02/F015.c,cppcheck,True,success,True,0,11,86,warning,invalidscanf,scanf() without field width limits can crash with huge input data.,/home/yichen/Desktop/Qwen_Security_Prompt02/F015.c|86|warning|invalidscanf|scanf() without field width limits can crash with huge input data.,/home/yichen/Desktop/Qwen_Security_Results02/logs/F015_cppcheck.log
/home/yichen/Desktop/Qwen_Security_Prompt02/F015.c,cppcheck,True,success,True,0,11,36,error,memleakOnRealloc,Common realloc mistake: 'contacts' nulled but not freed upon failure,/home/yichen/Desktop/Qwen_Security_Prompt02/F015.c|36|error|memleakOnRealloc|Common realloc mistake: 'contacts' nulled but not freed upon failure,/home/yichen/Desktop/Qwen_Security_Results02/logs/F015_cppcheck.log
nofile,cppcheck,True,success,True,0,11,0,information,checkersReport,Active checkers: 113/592 (use --checkers-report=<filename> to see details),nofile|0|information|checkersReport|Active checkers: 113/592 (use --checkers-report=<filename> to see details),/home/yichen/Desktop/Qwen_Security_Results02/logs/F015_cppcheck.log
/home/yichen/Desktop/Qwen_Security_Prompt02/F016.c,cppcheck,True,success,True,0,16,2,information,missingIncludeSystem,Include file: <stdio.h> not found. Please note: Cppcheck does not need standard library headers to get proper results.,/home/yichen/Desktop/Qwen_Security_Prompt02/F016.c|2|information|missingIncludeSystem|Include file: <stdio.h> not found. Please note: Cppcheck does not need standard library headers to get proper results.,/home/yichen/Desktop/Qwen_Security_Results02/logs/F016_cppcheck.log
/home/yichen/Desktop/Qwen_Security_Prompt02/F016.c,cppcheck,True,success,True,0,16,3,information,missingIncludeSystem,Include file: <stdlib.h> not found. Please note: Cppcheck does not need standard library headers to get proper results.,/home/yichen/Desktop/Qwen_Security_Prompt02/F016.c|3|information|missingIncludeSystem|Include file: <stdlib.h> not found. Please note: Cppcheck does not need standard library headers to get proper results.,/home/yichen/Desktop/Qwen_Security_Results02/logs/F016_cppcheck.log
/home/yichen/Desktop/Qwen_Security_Prompt02/F016.c,cppcheck,True,success,True,0,16,4,information,missingIncludeSystem,Include file: <string.h> not found. Please note: Cppcheck does not need standard library headers to get proper results.,/home/yichen/Desktop/Qwen_Security_Prompt02/F016.c|4|information|missingIncludeSystem|Include file: <string.h> not found. Please note: Cppcheck does not need standard library headers to get proper results.,/home/yichen/Desktop/Qwen_Security_Results02/logs/F016_cppcheck.log
/home/yichen/Desktop/Qwen_Security_Prompt02/F016.c,cppcheck,True,success,True,0,16,54,warning,invalidscanf,scanf() without field width limits can crash with huge input data.,/home/yichen/Desktop/Qwen_Security_Prompt02/F016.c|54|warning|invalidscanf|scanf() without field width limits can crash with huge input data.,/home/yichen/Desktop/Qwen_Security_Results02/logs/F016_cppcheck.log
/home/yichen/Desktop/Qwen_Security_Prompt02/F016.c,cppcheck,True,success,True,0,16,56,warning,invalidscanf,scanf() without field width limits can crash with huge input data.,/home/yichen/Desktop/Qwen_Security_Prompt02/F016.c|56|warning|invalidscanf|scanf() without field width limits can crash with huge input data.,/home/yichen/Desktop/Qwen_Security_Results02/logs/F016_cppcheck.log
/home/yichen/Desktop/Qwen_Security_Prompt02/F016.c,cppcheck,True,success,True,0,16,68,warning,invalidscanf,scanf() without field width limits can crash with huge input data.,/home/yichen/Desktop/Qwen_Security_Prompt02/F016.c|68|warning|invalidscanf|scanf() without field width limits can crash with huge input data.,/home/yichen/Desktop/Qwen_Security_Results02/logs/F016_cppcheck.log
/home/yichen/Desktop/Qwen_Security_Prompt02/F016.c,cppcheck,True,success,True,0,16,80,warning,invalidscanf,scanf() without field width limits can crash with huge input data.,/home/yichen/Desktop/Qwen_Security_Prompt02/F016.c|80|warning|invalidscanf|scanf() without field width limits can crash with huge input data.,/home/yichen/Desktop/Qwen_Security_Results02/logs/F016_cppcheck.log
/home/yichen/Desktop/Qwen_Security_Prompt02/F016.c,cppcheck,True,success,True,0,16,36,error,memleakOnRealloc,Common realloc mistake: 'contacts' nulled but not freed upon failure,/home/yichen/Desktop/Qwen_Security_Prompt02/F016.c|36|error|memleakOnRealloc|Common realloc mistake: 'contacts' nulled but not freed upon failure,/home/yichen/Desktop/Qwen_Security_Results02/logs/F016_cppcheck.log
/home/yichen/Desktop/Qwen_Security_Prompt02/F016.c,cppcheck,True,success,True,0,16,61,error,memleakOnRealloc,Common realloc mistake: 'contacts' nulled but not freed upon failure,/home/yichen/Desktop/Qwen_Security_Prompt02/F016.c|61|error|memleakOnRealloc|Common realloc mistake: 'contacts' nulled but not freed upon failure,/home/yichen/Desktop/Qwen_Security_Results02/logs/F016_cppcheck.log
/home/yichen/Desktop/Qwen_Security_Prompt02/F016.c,cppcheck,True,success,True,0,16,32,style,constVariablePointer,Variable 'n' can be declared as pointer to const,/home/yichen/Desktop/Qwen_Security_Prompt02/F016.c|32|style|constVariablePointer|Variable 'n' can be declared as pointer to const,/home/yichen/Desktop/Qwen_Security_Results02/logs/F016_cppcheck.log
/home/yichen/Desktop/Qwen_Security_Prompt02/F016.c,cppcheck,True,success,True,0,16,33,style,constVariablePointer,Variable 'e' can be declared as pointer to const,/home/yichen/Desktop/Qwen_Security_Prompt02/F016.c|33|style|constVariablePointer|Variable 'e' can be declared as pointer to const,/home/yichen/Desktop/Qwen_Security_Results02/logs/F016_cppcheck.log
/home/yichen/Desktop/Qwen_Security_Prompt02/F016.c,cppcheck,True,success,True,0,16,34,style,constVariablePointer,Variable 'p' can be declared as pointer to const,/home/yichen/Desktop/Qwen_Security_Prompt02/F016.c|34|style|constVariablePointer|Variable 'p' can be declared as pointer to const,/home/yichen/Desktop/Qwen_Security_Results02/logs/F016_cppcheck.log
/home/yichen/Desktop/Qwen_Security_Prompt02/F016.c,cppcheck,True,success,True,0,16,57,style,constVariablePointer,Variable 'n' can be declared as pointer to const,/home/yichen/Desktop/Qwen_Security_Prompt02/F016.c|57|style|constVariablePointer|Variable 'n' can be declared as pointer to const,/home/yichen/Desktop/Qwen_Security_Results02/logs/F016_cppcheck.log
/home/yichen/Desktop/Qwen_Security_Prompt02/F016.c,cppcheck,True,success,True,0,16,58,style,constVariablePointer,Variable 'e' can be declared as pointer to const,/home/yichen/Desktop/Qwen_Security_Prompt02/F016.c|58|style|constVariablePointer|Variable 'e' can be declared as pointer to const,/home/yichen/Desktop/Qwen_Security_Results02/logs/F016_cppcheck.log
/home/yichen/Desktop/Qwen_Security_Prompt02/F016.c,cppcheck,True,success,True,0,16,59,style,constVariablePointer,Variable 'p' can be declared as pointer to const,/home/yichen/Desktop/Qwen_Security_Prompt02/F016.c|59|style|constVariablePointer|Variable 'p' can be declared as pointer to const,/home/yichen/Desktop/Qwen_Security_Results02/logs/F016_cppcheck.log
nofile,cppcheck,True,success,True,0,16,0,information,checkersReport,Active checkers: 113/592 (use --checkers-report=<filename> to see details),nofile|0|information|checkersReport|Active checkers: 113/592 (use --checkers-report=<filename> to see details),/home/yichen/Desktop/Qwen_Security_Results02/logs/F016_cppcheck.log
/home/yichen/Desktop/Qwen_Security_Prompt02/F017.c,cppcheck,True,success,True,0,10,2,information,missingIncludeSystem,Include file: <stdio.h> not found. Please note: Cppcheck does not need standard library headers to get proper results.,/home/yichen/Desktop/Qwen_Security_Prompt02/F017.c|2|information|missingIncludeSystem|Include file: <stdio.h> not found. Please note: Cppcheck does not need standard library headers to get proper results.,/home/yichen/Desktop/Qwen_Security_Results02/logs/F017_cppcheck.log
/home/yichen/Desktop/Qwen_Security_Prompt02/F017.c,cppcheck,True,success,True,0,10,3,information,missingIncludeSystem,Include file: <stdlib.h> not found. Please note: Cppcheck does not need standard library headers to get proper results.,/home/yichen/Desktop/Qwen_Security_Prompt02/F017.c|3|information|missingIncludeSystem|Include file: <stdlib.h> not found. Please note: Cppcheck does not need standard library headers to get proper results.,/home/yichen/Desktop/Qwen_Security_Results02/logs/F017_cppcheck.log
/home/yichen/Desktop/Qwen_Security_Prompt02/F017.c,cppcheck,True,success,True,0,10,4,information,missingIncludeSystem,Include file: <string.h> not found. Please note: Cppcheck does not need standard library headers to get proper results.,/home/yichen/Desktop/Qwen_Security_Prompt02/F017.c|4|information|missingIncludeSystem|Include file: <string.h> not found. Please note: Cppcheck does not need standard library headers to get proper results.,/home/yichen/Desktop/Qwen_Security_Results02/logs/F017_cppcheck.log
/home/yichen/Desktop/Qwen_Security_Prompt02/F017.c,cppcheck,True,success,True,0,10,51,warning,invalidscanf,scanf() without field width limits can crash with huge input data.,/home/yichen/Desktop/Qwen_Security_Prompt02/F017.c|51|warning|invalidscanf|scanf() without field width limits can crash with huge input data.,/home/yichen/Desktop/Qwen_Security_Results02/logs/F017_cppcheck.log
/home/yichen/Desktop/Qwen_Security_Prompt02/F017.c,cppcheck,True,success,True,0,10,53,warning,invalidscanf,scanf() without field width limits can crash with huge input data.,/home/yichen/Desktop/Qwen_Security_Prompt02/F017.c|53|warning|invalidscanf|scanf() without field width limits can crash with huge input data.,/home/yichen/Desktop/Qwen_Security_Results02/logs/F017_cppcheck.log
/home/yichen/Desktop/Qwen_Security_Prompt02/F017.c,cppcheck,True,success,True,0,10,70,warning,invalidscanf,scanf() without field width limits can crash with huge input data.,/home/yichen/Desktop/Qwen_Security_Prompt02/F017.c|70|warning|invalidscanf|scanf() without field width limits can crash with huge input data.,/home/yichen/Desktop/Qwen_Security_Results02/logs/F017_cppcheck.log
/home/yichen/Desktop/Qwen_Security_Prompt02/F017.c,cppcheck,True,success,True,0,10,81,warning,invalidscanf,scanf() without field width limits can crash with huge input data.,/home/yichen/Desktop/Qwen_Security_Prompt02/F017.c|81|warning|invalidscanf|scanf() without field width limits can crash with huge input data.,/home/yichen/Desktop/Qwen_Security_Results02/logs/F017_cppcheck.log
/home/yichen/Desktop/Qwen_Security_Prompt02/F017.c,cppcheck,True,success,True,0,10,34,error,memleakOnRealloc,Common realloc mistake: 'configs' nulled but not freed upon failure,/home/yichen/Desktop/Qwen_Security_Prompt02/F017.c|34|error|memleakOnRealloc|Common realloc mistake: 'configs' nulled but not freed upon failure,/home/yichen/Desktop/Qwen_Security_Results02/logs/F017_cppcheck.log
/home/yichen/Desktop/Qwen_Security_Prompt02/F017.c,cppcheck,True,success,True,0,10,64,error,memleakOnRealloc,Common realloc mistake: 'configs' nulled but not freed upon failure,/home/yichen/Desktop/Qwen_Security_Prompt02/F017.c|64|error|memleakOnRealloc|Common realloc mistake: 'configs' nulled but not freed upon failure,/home/yichen/Desktop/Qwen_Security_Results02/logs/F017_cppcheck.log
nofile,cppcheck,True,success,True,0,10,0,information,checkersReport,Active checkers: 113/592 (use --checkers-report=<filename> to see details),nofile|0|information|checkersReport|Active checkers: 113/592 (use --checkers-report=<filename> to see details),/home/yichen/Desktop/Qwen_Security_Results02/logs/F017_cppcheck.log
/home/yichen/Desktop/Qwen_Security_Prompt02/F018.c,cppcheck,True,success,True,0,7,2,information,missingIncludeSystem,Include file: <stdio.h> not found. Please note: Cppcheck does not need standard library headers to get proper results.,/home/yichen/Desktop/Qwen_Security_Prompt02/F018.c|2|information|missingIncludeSystem|Include file: <stdio.h> not found. Please note: Cppcheck does not need standard library headers to get proper results.,/home/yichen/Desktop/Qwen_Security_Results02/logs/F018_cppcheck.log
/home/yichen/Desktop/Qwen_Security_Prompt02/F018.c,cppcheck,True,success,True,0,7,3,information,missingIncludeSystem,Include file: <stdlib.h> not found. Please note: Cppcheck does not need standard library headers to get proper results.,/home/yichen/Desktop/Qwen_Security_Prompt02/F018.c|3|information|missingIncludeSystem|Include file: <stdlib.h> not found. Please note: Cppcheck does not need standard library headers to get proper results.,/home/yichen/Desktop/Qwen_Security_Results02/logs/F018_cppcheck.log
/home/yichen/Desktop/Qwen_Security_Prompt02/F018.c,cppcheck,True,success,True,0,7,4,information,missingIncludeSystem,Include file: <string.h> not found. Please note: Cppcheck does not need standard library headers to get proper results.,/home/yichen/Desktop/Qwen_Security_Prompt02/F018.c|4|information|missingIncludeSystem|Include file: <string.h> not found. Please note: Cppcheck does not need standard library headers to get proper results.,/home/yichen/Desktop/Qwen_Security_Results02/logs/F018_cppcheck.log
/home/yichen/Desktop/Qwen_Security_Prompt02/F018.c,cppcheck,True,success,True,0,7,55,warning,invalidscanf,scanf() without field width limits can crash with huge input data.,/home/yichen/Desktop/Qwen_Security_Prompt02/F018.c|55|warning|invalidscanf|scanf() without field width limits can crash with huge input data.,/home/yichen/Desktop/Qwen_Security_Results02/logs/F018_cppcheck.log
/home/yichen/Desktop/Qwen_Security_Prompt02/F018.c,cppcheck,True,success,True,0,7,39,error,memleakOnRealloc,Common realloc mistake: 'words' nulled but not freed upon failure,/home/yichen/Desktop/Qwen_Security_Prompt02/F018.c|39|error|memleakOnRealloc|Common realloc mistake: 'words' nulled but not freed upon failure,/home/yichen/Desktop/Qwen_Security_Results02/logs/F018_cppcheck.log
/home/yichen/Desktop/Qwen_Security_Prompt02/F018.c,cppcheck,True,success,True,0,7,66,error,memleakOnRealloc,Common realloc mistake: 'words' nulled but not freed upon failure,/home/yichen/Desktop/Qwen_Security_Prompt02/F018.c|66|error|memleakOnRealloc|Common realloc mistake: 'words' nulled but not freed upon failure,/home/yichen/Desktop/Qwen_Security_Results02/logs/F018_cppcheck.log
nofile,cppcheck,True,success,True,0,7,0,information,checkersReport,Active checkers: 113/592 (use --checkers-report=<filename> to see details),nofile|0|information|checkersReport|Active checkers: 113/592 (use --checkers-report=<filename> to see details),/home/yichen/Desktop/Qwen_Security_Results02/logs/F018_cppcheck.log
/home/yichen/Desktop/Qwen_Security_Prompt02/F019.c,cppcheck,True,success,True,0,13,2,information,missingIncludeSystem,Include file: <stdio.h> not found. Please note: Cppcheck does not need standard library headers to get proper results.,/home/yichen/Desktop/Qwen_Security_Prompt02/F019.c|2|information|missingIncludeSystem|Include file: <stdio.h> not found. Please note: Cppcheck does not need standard library headers to get proper results.,/home/yichen/Desktop/Qwen_Security_Results02/logs/F019_cppcheck.log
/home/yichen/Desktop/Qwen_Security_Prompt02/F019.c,cppcheck,True,success,True,0,13,3,information,missingIncludeSystem,Include file: <stdlib.h> not found. Please note: Cppcheck does not need standard library headers to get proper results.,/home/yichen/Desktop/Qwen_Security_Prompt02/F019.c|3|information|missingIncludeSystem|Include file: <stdlib.h> not found. Please note: Cppcheck does not need standard library headers to get proper results.,/home/yichen/Desktop/Qwen_Security_Results02/logs/F019_cppcheck.log
/home/yichen/Desktop/Qwen_Security_Prompt02/F019.c,cppcheck,True,success,True,0,13,4,information,missingIncludeSystem,Include file: <string.h> not found. Please note: Cppcheck does not need standard library headers to get proper results.,/home/yichen/Desktop/Qwen_Security_Prompt02/F019.c|4|information|missingIncludeSystem|Include file: <string.h> not found. Please note: Cppcheck does not need standard library headers to get proper results.,/home/yichen/Desktop/Qwen_Security_Results02/logs/F019_cppcheck.log
/home/yichen/Desktop/Qwen_Security_Prompt02/F019.c,cppcheck,True,success,True,0,13,49,warning,invalidscanf,scanf() without field width limits can crash with huge input data.,/home/yichen/Desktop/Qwen_Security_Prompt02/F019.c|49|warning|invalidscanf|scanf() without field width limits can crash with huge input data.,/home/yichen/Desktop/Qwen_Security_Results02/logs/F019_cppcheck.log
/home/yichen/Desktop/Qwen_Security_Prompt02/F019.c,cppcheck,True,success,True,0,13,51,warning,invalidscanf,scanf() without field width limits can crash with huge input data.,/home/yichen/Desktop/Qwen_Security_Prompt02/F019.c|51|warning|invalidscanf|scanf() without field width limits can crash with huge input data.,/home/yichen/Desktop/Qwen_Security_Results02/logs/F019_cppcheck.log
/home/yichen/Desktop/Qwen_Security_Prompt02/F019.c,cppcheck,True,success,True,0,13,63,warning,invalidscanf,scanf() without field width limits can crash with huge input data.,/home/yichen/Desktop/Qwen_Security_Prompt02/F019.c|63|warning|invalidscanf|scanf() without field width limits can crash with huge input data.,/home/yichen/Desktop/Qwen_Security_Results02/logs/F019_cppcheck.log
/home/yichen/Desktop/Qwen_Security_Prompt02/F019.c,cppcheck,True,success,True,0,13,76,warning,invalidscanf,scanf() without field width limits can crash with huge input data.,/home/yichen/Desktop/Qwen_Security_Prompt02/F019.c|76|warning|invalidscanf|scanf() without field width limits can crash with huge input data.,/home/yichen/Desktop/Qwen_Security_Results02/logs/F019_cppcheck.log
/home/yichen/Desktop/Qwen_Security_Prompt02/F019.c,cppcheck,True,success,True,0,13,29,error,memleakOnRealloc,Common realloc mistake: 'trans' nulled but not freed upon failure,/home/yichen/Desktop/Qwen_Security_Prompt02/F019.c|29|error|memleakOnRealloc|Common realloc mistake: 'trans' nulled but not freed upon failure,/home/yichen/Desktop/Qwen_Security_Results02/logs/F019_cppcheck.log
/home/yichen/Desktop/Qwen_Security_Prompt02/F019.c,cppcheck,True,success,True,0,13,57,error,memleakOnRealloc,Common realloc mistake: 'trans' nulled but not freed upon failure,/home/yichen/Desktop/Qwen_Security_Prompt02/F019.c|57|error|memleakOnRealloc|Common realloc mistake: 'trans' nulled but not freed upon failure,/home/yichen/Desktop/Qwen_Security_Results02/logs/F019_cppcheck.log
/home/yichen/Desktop/Qwen_Security_Prompt02/F019.c,cppcheck,True,success,True,0,13,23,style,constVariablePointer,Variable 'acc' can be declared as pointer to const,/home/yichen/Desktop/Qwen_Security_Prompt02/F019.c|23|style|constVariablePointer|Variable 'acc' can be declared as pointer to const,/home/yichen/Desktop/Qwen_Security_Results02/logs/F019_cppcheck.log
/home/yichen/Desktop/Qwen_Security_Prompt02/F019.c,cppcheck,True,success,True,0,13,24,style,constVariablePointer,Variable 'amt_s' can be declared as pointer to const,/home/yichen/Desktop/Qwen_Security_Prompt02/F019.c|24|style|constVariablePointer|Variable 'amt_s' can be declared as pointer to const,/home/yichen/Desktop/Qwen_Security_Results02/logs/F019_cppcheck.log
/home/yichen/Desktop/Qwen_Security_Prompt02/F019.c,cppcheck,True,success,True,0,13,25,style,constVariablePointer,Variable 'memo' can be declared as pointer to const,/home/yichen/Desktop/Qwen_Security_Prompt02/F019.c|25|style|constVariablePointer|Variable 'memo' can be declared as pointer to const,/home/yichen/Desktop/Qwen_Security_Results02/logs/F019_cppcheck.log
nofile,cppcheck,True,success,True,0,13,0,information,checkersReport,Active checkers: 113/592 (use --checkers-report=<filename> to see details),nofile|0|information|checkersReport|Active checkers: 113/592 (use --checkers-report=<filename> to see details),/home/yichen/Desktop/Qwen_Security_Results02/logs/F019_cppcheck.log
/home/yichen/Desktop/Qwen_Security_Prompt02/F020.c,cppcheck,True,success,True,0,7,2,information,missingIncludeSystem,Include file: <stdio.h> not found. Please note: Cppcheck does not need standard library headers to get proper results.,/home/yichen/Desktop/Qwen_Security_Prompt02/F020.c|2|information|missingIncludeSystem|Include file: <stdio.h> not found. Please note: Cppcheck does not need standard library headers to get proper results.,/home/yichen/Desktop/Qwen_Security_Results02/logs/F020_cppcheck.log
/home/yichen/Desktop/Qwen_Security_Prompt02/F020.c,cppcheck,True,success,True,0,7,3,information,missingIncludeSystem,Include file: <stdlib.h> not found. Please note: Cppcheck does not need standard library headers to get proper results.,/home/yichen/Desktop/Qwen_Security_Prompt02/F020.c|3|information|missingIncludeSystem|Include file: <stdlib.h> not found. Please note: Cppcheck does not need standard library headers to get proper results.,/home/yichen/Desktop/Qwen_Security_Results02/logs/F020_cppcheck.log
/home/yichen/Desktop/Qwen_Security_Prompt02/F020.c,cppcheck,True,success,True,0,7,4,information,missingIncludeSystem,Include file: <string.h> not found. Please note: Cppcheck does not need standard library headers to get proper results.,/home/yichen/Desktop/Qwen_Security_Prompt02/F020.c|4|information|missingIncludeSystem|Include file: <string.h> not found. Please note: Cppcheck does not need standard library headers to get proper results.,/home/yichen/Desktop/Qwen_Security_Results02/logs/F020_cppcheck.log
/home/yichen/Desktop/Qwen_Security_Prompt02/F020.c,cppcheck,True,success,True,0,7,66,warning,invalidscanf,scanf() without field width limits can crash with huge input data.,/home/yichen/Desktop/Qwen_Security_Prompt02/F020.c|66|warning|invalidscanf|scanf() without field width limits can crash with huge input data.,/home/yichen/Desktop/Qwen_Security_Results02/logs/F020_cppcheck.log
/home/yichen/Desktop/Qwen_Security_Prompt02/F020.c,cppcheck,True,success,True,0,7,45,error,memleakOnRealloc,Common realloc mistake: 'cats' nulled but not freed upon failure,/home/yichen/Desktop/Qwen_Security_Prompt02/F020.c|45|error|memleakOnRealloc|Common realloc mistake: 'cats' nulled but not freed upon failure,/home/yichen/Desktop/Qwen_Security_Results02/logs/F020_cppcheck.log
/home/yichen/Desktop/Qwen_Security_Prompt02/F020.c,cppcheck,True,success,True,0,7,105,error,memleakOnRealloc,Common realloc mistake: 'cats' nulled but not freed upon failure,/home/yichen/Desktop/Qwen_Security_Prompt02/F020.c|105|error|memleakOnRealloc|Common realloc mistake: 'cats' nulled but not freed upon failure,/home/yichen/Desktop/Qwen_Security_Results02/logs/F020_cppcheck.log
nofile,cppcheck,True,success,True,0,7,0,information,checkersReport,Active checkers: 113/592 (use --checkers-report=<filename> to see details),nofile|0|information|checkersReport|Active checkers: 113/592 (use --checkers-report=<filename> to see details),/home/yichen/Desktop/Qwen_Security_Results02/logs/F020_cppcheck.log
/home/yichen/Desktop/Qwen_Security_Prompt02/F021.c,cppcheck,True,success,True,0,11,2,information,missingIncludeSystem,Include file: <stdio.h> not found. Please note: Cppcheck does not need standard library headers to get proper results.,/home/yichen/Desktop/Qwen_Security_Prompt02/F021.c|2|information|missingIncludeSystem|Include file: <stdio.h> not found. Please note: Cppcheck does not need standard library headers to get proper results.,/home/yichen/Desktop/Qwen_Security_Results02/logs/F021_cppcheck.log
/home/yichen/Desktop/Qwen_Security_Prompt02/F021.c,cppcheck,True,success,True,0,11,3,information,missingIncludeSystem,Include file: <stdlib.h> not found. Please note: Cppcheck does not need standard library headers to get proper results.,/home/yichen/Desktop/Qwen_Security_Prompt02/F021.c|3|information|missingIncludeSystem|Include file: <stdlib.h> not found. Please note: Cppcheck does not need standard library headers to get proper results.,/home/yichen/Desktop/Qwen_Security_Results02/logs/F021_cppcheck.log
/home/yichen/Desktop/Qwen_Security_Prompt02/F021.c,cppcheck,True,success,True,0,11,4,information,missingIncludeSystem,Include file: <string.h> not found. Please note: Cppcheck does not need standard library headers to get proper results.,/home/yichen/Desktop/Qwen_Security_Prompt02/F021.c|4|information|missingIncludeSystem|Include file: <string.h> not found. Please note: Cppcheck does not need standard library headers to get proper results.,/home/yichen/Desktop/Qwen_Security_Results02/logs/F021_cppcheck.log
/home/yichen/Desktop/Qwen_Security_Prompt02/F021.c,cppcheck,True,success,True,0,11,45,warning,invalidscanf,scanf() without field width limits can crash with huge input data.,/home/yichen/Desktop/Qwen_Security_Prompt02/F021.c|45|warning|invalidscanf|scanf() without field width limits can crash with huge input data.,/home/yichen/Desktop/Qwen_Security_Results02/logs/F021_cppcheck.log
/home/yichen/Desktop/Qwen_Security_Prompt02/F021.c,cppcheck,True,success,True,0,11,47,warning,invalidscanf,scanf() without field width limits can crash with huge input data.,/home/yichen/Desktop/Qwen_Security_Prompt02/F021.c|47|warning|invalidscanf|scanf() without field width limits can crash with huge input data.,/home/yichen/Desktop/Qwen_Security_Results02/logs/F021_cppcheck.log
/home/yichen/Desktop/Qwen_Security_Prompt02/F021.c,cppcheck,True,success,True,0,11,57,warning,invalidscanf,scanf() without field width limits can crash with huge input data.,/home/yichen/Desktop/Qwen_Security_Prompt02/F021.c|57|warning|invalidscanf|scanf() without field width limits can crash with huge input data.,/home/yichen/Desktop/Qwen_Security_Results02/logs/F021_cppcheck.log
/home/yichen/Desktop/Qwen_Security_Prompt02/F021.c,cppcheck,True,success,True,0,11,74,warning,invalidscanf,scanf() without field width limits can crash with huge input data.,/home/yichen/Desktop/Qwen_Security_Prompt02/F021.c|74|warning|invalidscanf|scanf() without field width limits can crash with huge input data.,/home/yichen/Desktop/Qwen_Security_Results02/logs/F021_cppcheck.log
/home/yichen/Desktop/Qwen_Security_Prompt02/F021.c,cppcheck,True,success,True,0,11,88,warning,invalidscanf,scanf() without field width limits can crash with huge input data.,/home/yichen/Desktop/Qwen_Security_Prompt02/F021.c|88|warning|invalidscanf|scanf() without field width limits can crash with huge input data.,/home/yichen/Desktop/Qwen_Security_Results02/logs/F021_cppcheck.log
/home/yichen/Desktop/Qwen_Security_Prompt02/F021.c,cppcheck,True,success,True,0,11,103,warning,invalidscanf,scanf() without field width limits can crash with huge input data.,/home/yichen/Desktop/Qwen_Security_Prompt02/F021.c|103|warning|invalidscanf|scanf() without field width limits can crash with huge input data.,/home/yichen/Desktop/Qwen_Security_Results02/logs/F021_cppcheck.log
/home/yichen/Desktop/Qwen_Security_Prompt02/F021.c,cppcheck,True,success,True,0,11,49,error,memleakOnRealloc,Common realloc mistake: 'recipes' nulled but not freed upon failure,/home/yichen/Desktop/Qwen_Security_Prompt02/F021.c|49|error|memleakOnRealloc|Common realloc mistake: 'recipes' nulled but not freed upon failure,/home/yichen/Desktop/Qwen_Security_Results02/logs/F021_cppcheck.log
nofile,cppcheck,True,success,True,0,11,0,information,checkersReport,Active checkers: 113/592 (use --checkers-report=<filename> to see details),nofile|0|information|checkersReport|Active checkers: 113/592 (use --checkers-report=<filename> to see details),/home/yichen/Desktop/Qwen_Security_Results02/logs/F021_cppcheck.log
/home/yichen/Desktop/Qwen_Security_Prompt02/F022.c,cppcheck,True,success,True,0,11,2,information,missingIncludeSystem,Include file: <stdio.h> not found. Please note: Cppcheck does not need standard library headers to get proper results.,/home/yichen/Desktop/Qwen_Security_Prompt02/F022.c|2|information|missingIncludeSystem|Include file: <stdio.h> not found. Please note: Cppcheck does not need standard library headers to get proper results.,/home/yichen/Desktop/Qwen_Security_Results02/logs/F022_cppcheck.log
/home/yichen/Desktop/Qwen_Security_Prompt02/F022.c,cppcheck,True,success,True,0,11,3,information,missingIncludeSystem,Include file: <stdlib.h> not found. Please note: Cppcheck does not need standard library headers to get proper results.,/home/yichen/Desktop/Qwen_Security_Prompt02/F022.c|3|information|missingIncludeSystem|Include file: <stdlib.h> not found. Please note: Cppcheck does not need standard library headers to get proper results.,/home/yichen/Desktop/Qwen_Security_Results02/logs/F022_cppcheck.log
/home/yichen/Desktop/Qwen_Security_Prompt02/F022.c,cppcheck,True,success,True,0,11,4,information,missingIncludeSystem,Include file: <string.h> not found. Please note: Cppcheck does not need standard library headers to get proper results.,/home/yichen/Desktop/Qwen_Security_Prompt02/F022.c|4|information|missingIncludeSystem|Include file: <string.h> not found. Please note: Cppcheck does not need standard library headers to get proper results.,/home/yichen/Desktop/Qwen_Security_Results02/logs/F022_cppcheck.log
/home/yichen/Desktop/Qwen_Security_Prompt02/F022.c,cppcheck,True,success,True,0,11,48,warning,invalidscanf,scanf() without field width limits can crash with huge input data.,/home/yichen/Desktop/Qwen_Security_Prompt02/F022.c|48|warning|invalidscanf|scanf() without field width limits can crash with huge input data.,/home/yichen/Desktop/Qwen_Security_Results02/logs/F022_cppcheck.log
/home/yichen/Desktop/Qwen_Security_Prompt02/F022.c,cppcheck,True,success,True,0,11,50,warning,invalidscanf,scanf() without field width limits can crash with huge input data.,/home/yichen/Desktop/Qwen_Security_Prompt02/F022.c|50|warning|invalidscanf|scanf() without field width limits can crash with huge input data.,/home/yichen/Desktop/Qwen_Security_Results02/logs/F022_cppcheck.log
/home/yichen/Desktop/Qwen_Security_Prompt02/F022.c,cppcheck,True,success,True,0,11,60,warning,invalidscanf,scanf() without field width limits can crash with huge input data.,/home/yichen/Desktop/Qwen_Security_Prompt02/F022.c|60|warning|invalidscanf|scanf() without field width limits can crash with huge input data.,/home/yichen/Desktop/Qwen_Security_Results02/logs/F022_cppcheck.log
/home/yichen/Desktop/Qwen_Security_Prompt02/F022.c,cppcheck,True,success,True,0,11,78,warning,invalidscanf,scanf() without field width limits can crash with huge input data.,/home/yichen/Desktop/Qwen_Security_Prompt02/F022.c|78|warning|invalidscanf|scanf() without field width limits can crash with huge input data.,/home/yichen/Desktop/Qwen_Security_Results02/logs/F022_cppcheck.log
/home/yichen/Desktop/Qwen_Security_Prompt02/F022.c,cppcheck,True,success,True,0,11,97,warning,invalidscanf,scanf() without field width limits can crash with huge input data.,/home/yichen/Desktop/Qwen_Security_Prompt02/F022.c|97|warning|invalidscanf|scanf() without field width limits can crash with huge input data.,/home/yichen/Desktop/Qwen_Security_Results02/logs/F022_cppcheck.log
/home/yichen/Desktop/Qwen_Security_Prompt02/F022.c,cppcheck,True,success,True,0,11,106,warning,invalidscanf,scanf() without field width limits can crash with huge input data.,/home/yichen/Desktop/Qwen_Security_Prompt02/F022.c|106|warning|invalidscanf|scanf() without field width limits can crash with huge input data.,/home/yichen/Desktop/Qwen_Security_Results02/logs/F022_cppcheck.log
/home/yichen/Desktop/Qwen_Security_Prompt02/F022.c,cppcheck,True,success,True,0,11,52,error,memleakOnRealloc,Common realloc mistake: 'projects' nulled but not freed upon failure,/home/yichen/Desktop/Qwen_Security_Prompt02/F022.c|52|error|memleakOnRealloc|Common realloc mistake: 'projects' nulled but not freed upon failure,/home/yichen/Desktop/Qwen_Security_Results02/logs/F022_cppcheck.log
nofile,cppcheck,True,success,True,0,11,0,information,checkersReport,Active checkers: 113/592 (use --checkers-report=<filename> to see details),nofile|0|information|checkersReport|Active checkers: 113/592 (use --checkers-report=<filename> to see details),/home/yichen/Desktop/Qwen_Security_Results02/logs/F022_cppcheck.log
/home/yichen/Desktop/Qwen_Security_Prompt02/F023.c,cppcheck,True,success,True,0,11,2,information,missingIncludeSystem,Include file: <stdio.h> not found. Please note: Cppcheck does not need standard library headers to get proper results.,/home/yichen/Desktop/Qwen_Security_Prompt02/F023.c|2|information|missingIncludeSystem|Include file: <stdio.h> not found. Please note: Cppcheck does not need standard library headers to get proper results.,/home/yichen/Desktop/Qwen_Security_Results02/logs/F023_cppcheck.log
/home/yichen/Desktop/Qwen_Security_Prompt02/F023.c,cppcheck,True,success,True,0,11,3,information,missingIncludeSystem,Include file: <stdlib.h> not found. Please note: Cppcheck does not need standard library headers to get proper results.,/home/yichen/Desktop/Qwen_Security_Prompt02/F023.c|3|information|missingIncludeSystem|Include file: <stdlib.h> not found. Please note: Cppcheck does not need standard library headers to get proper results.,/home/yichen/Desktop/Qwen_Security_Results02/logs/F023_cppcheck.log
/home/yichen/Desktop/Qwen_Security_Prompt02/F023.c,cppcheck,True,success,True,0,11,4,information,missingIncludeSystem,Include file: <string.h> not found. Please note: Cppcheck does not need standard library headers to get proper results.,/home/yichen/Desktop/Qwen_Security_Prompt02/F023.c|4|information|missingIncludeSystem|Include file: <string.h> not found. Please note: Cppcheck does not need standard library headers to get proper results.,/home/yichen/Desktop/Qwen_Security_Results02/logs/F023_cppcheck.log
/home/yichen/Desktop/Qwen_Security_Prompt02/F023.c,cppcheck,True,success,True,0,11,38,warning,invalidscanf,scanf() without field width limits can crash with huge input data.,/home/yichen/Desktop/Qwen_Security_Prompt02/F023.c|38|warning|invalidscanf|scanf() without field width limits can crash with huge input data.,/home/yichen/Desktop/Qwen_Security_Results02/logs/F023_cppcheck.log
/home/yichen/Desktop/Qwen_Security_Prompt02/F023.c,cppcheck,True,success,True,0,11,40,warning,invalidscanf,scanf() without field width limits can crash with huge input data.,/home/yichen/Desktop/Qwen_Security_Prompt02/F023.c|40|warning|invalidscanf|scanf() without field width limits can crash with huge input data.,/home/yichen/Desktop/Qwen_Security_Results02/logs/F023_cppcheck.log
/home/yichen/Desktop/Qwen_Security_Prompt02/F023.c,cppcheck,True,success,True,0,11,55,warning,invalidscanf,scanf() without field width limits can crash with huge input data.,/home/yichen/Desktop/Qwen_Security_Prompt02/F023.c|55|warning|invalidscanf|scanf() without field width limits can crash with huge input data.,/home/yichen/Desktop/Qwen_Security_Results02/logs/F023_cppcheck.log
/home/yichen/Desktop/Qwen_Security_Prompt02/F023.c,cppcheck,True,success,True,0,11,66,warning,invalidscanf,scanf() without field width limits can crash with huge input data.,/home/yichen/Desktop/Qwen_Security_Prompt02/F023.c|66|warning|invalidscanf|scanf() without field width limits can crash with huge input data.,/home/yichen/Desktop/Qwen_Security_Results02/logs/F023_cppcheck.log
/home/yichen/Desktop/Qwen_Security_Prompt02/F023.c,cppcheck,True,success,True,0,11,81,warning,invalidscanf,scanf() without field width limits can crash with huge input data.,/home/yichen/Desktop/Qwen_Security_Prompt02/F023.c|81|warning|invalidscanf|scanf() without field width limits can crash with huge input data.,/home/yichen/Desktop/Qwen_Security_Results02/logs/F023_cppcheck.log
/home/yichen/Desktop/Qwen_Security_Prompt02/F023.c,cppcheck,True,success,True,0,11,97,warning,invalidscanf,scanf() without field width limits can crash with huge input data.,/home/yichen/Desktop/Qwen_Security_Prompt02/F023.c|97|warning|invalidscanf|scanf() without field width limits can crash with huge input data.,/home/yichen/Desktop/Qwen_Security_Results02/logs/F023_cppcheck.log
/home/yichen/Desktop/Qwen_Security_Prompt02/F023.c,cppcheck,True,success,True,0,11,46,error,memleakOnRealloc,Common realloc mistake: 'mails' nulled but not freed upon failure,/home/yichen/Desktop/Qwen_Security_Prompt02/F023.c|46|error|memleakOnRealloc|Common realloc mistake: 'mails' nulled but not freed upon failure,/home/yichen/Desktop/Qwen_Security_Results02/logs/F023_cppcheck.log
nofile,cppcheck,True,success,True,0,11,0,information,checkersReport,Active checkers: 113/592 (use --checkers-report=<filename> to see details),nofile|0|information|checkersReport|Active checkers: 113/592 (use --checkers-report=<filename> to see details),/home/yichen/Desktop/Qwen_Security_Results02/logs/F023_cppcheck.log
/home/yichen/Desktop/Qwen_Security_Prompt02/F024.c,cppcheck,True,success,True,0,11,2,information,missingIncludeSystem,Include file: <stdio.h> not found. Please note: Cppcheck does not need standard library headers to get proper results.,/home/yichen/Desktop/Qwen_Security_Prompt02/F024.c|2|information|missingIncludeSystem|Include file: <stdio.h> not found. Please note: Cppcheck does not need standard library headers to get proper results.,/home/yichen/Desktop/Qwen_Security_Results02/logs/F024_cppcheck.log
/home/yichen/Desktop/Qwen_Security_Prompt02/F024.c,cppcheck,True,success,True,0,11,3,information,missingIncludeSystem,Include file: <stdlib.h> not found. Please note: Cppcheck does not need standard library headers to get proper results.,/home/yichen/Desktop/Qwen_Security_Prompt02/F024.c|3|information|missingIncludeSystem|Include file: <stdlib.h> not found. Please note: Cppcheck does not need standard library headers to get proper results.,/home/yichen/Desktop/Qwen_Security_Results02/logs/F024_cppcheck.log
/home/yichen/Desktop/Qwen_Security_Prompt02/F024.c,cppcheck,True,success,True,0,11,4,information,missingIncludeSystem,Include file: <string.h> not found. Please note: Cppcheck does not need standard library headers to get proper results.,/home/yichen/Desktop/Qwen_Security_Prompt02/F024.c|4|information|missingIncludeSystem|Include file: <string.h> not found. Please note: Cppcheck does not need standard library headers to get proper results.,/home/yichen/Desktop/Qwen_Security_Results02/logs/F024_cppcheck.log
/home/yichen/Desktop/Qwen_Security_Prompt02/F024.c,cppcheck,True,success,True,0,11,45,warning,invalidscanf,scanf() without field width limits can crash with huge input data.,/home/yichen/Desktop/Qwen_Security_Prompt02/F024.c|45|warning|invalidscanf|scanf() without field width limits can crash with huge input data.,/home/yichen/Desktop/Qwen_Security_Results02/logs/F024_cppcheck.log
/home/yichen/Desktop/Qwen_Security_Prompt02/F024.c,cppcheck,True,success,True,0,11,47,warning,invalidscanf,scanf() without field width limits can crash with huge input data.,/home/yichen/Desktop/Qwen_Security_Prompt02/F024.c|47|warning|invalidscanf|scanf() without field width limits can crash with huge input data.,/home/yichen/Desktop/Qwen_Security_Results02/logs/F024_cppcheck.log
/home/yichen/Desktop/Qwen_Security_Prompt02/F024.c,cppcheck,True,success,True,0,11,58,warning,invalidscanf,scanf() without field width limits can crash with huge input data.,/home/yichen/Desktop/Qwen_Security_Prompt02/F024.c|58|warning|invalidscanf|scanf() without field width limits can crash with huge input data.,/home/yichen/Desktop/Qwen_Security_Results02/logs/F024_cppcheck.log
/home/yichen/Desktop/Qwen_Security_Prompt02/F024.c,cppcheck,True,success,True,0,11,69,warning,invalidscanf,scanf() without field width limits can crash with huge input data.,/home/yichen/Desktop/Qwen_Security_Prompt02/F024.c|69|warning|invalidscanf|scanf() without field width limits can crash with huge input data.,/home/yichen/Desktop/Qwen_Security_Results02/logs/F024_cppcheck.log
/home/yichen/Desktop/Qwen_Security_Prompt02/F024.c,cppcheck,True,success,True,0,11,82,warning,invalidscanf,scanf() without field width limits can crash with huge input data.,/home/yichen/Desktop/Qwen_Security_Prompt02/F024.c|82|warning|invalidscanf|scanf() without field width limits can crash with huge input data.,/home/yichen/Desktop/Qwen_Security_Results02/logs/F024_cppcheck.log
/home/yichen/Desktop/Qwen_Security_Prompt02/F024.c,cppcheck,True,success,True,0,11,96,warning,invalidscanf,scanf() without field width limits can crash with huge input data.,/home/yichen/Desktop/Qwen_Security_Prompt02/F024.c|96|warning|invalidscanf|scanf() without field width limits can crash with huge input data.,/home/yichen/Desktop/Qwen_Security_Results02/logs/F024_cppcheck.log
/home/yichen/Desktop/Qwen_Security_Prompt02/F024.c,cppcheck,True,success,True,0,11,49,error,memleakOnRealloc,Common realloc mistake: 'books' nulled but not freed upon failure,/home/yichen/Desktop/Qwen_Security_Prompt02/F024.c|49|error|memleakOnRealloc|Common realloc mistake: 'books' nulled but not freed upon failure,/home/yichen/Desktop/Qwen_Security_Results02/logs/F024_cppcheck.log
nofile,cppcheck,True,success,True,0,11,0,information,checkersReport,Active checkers: 113/592 (use --checkers-report=<filename> to see details),nofile|0|information|checkersReport|Active checkers: 113/592 (use --checkers-report=<filename> to see details),/home/yichen/Desktop/Qwen_Security_Results02/logs/F024_cppcheck.log
/home/yichen/Desktop/Qwen_Security_Prompt02/F025.c,cppcheck,True,success,True,0,11,2,information,missingIncludeSystem,Include file: <stdio.h> not found. Please note: Cppcheck does not need standard library headers to get proper results.,/home/yichen/Desktop/Qwen_Security_Prompt02/F025.c|2|information|missingIncludeSystem|Include file: <stdio.h> not found. Please note: Cppcheck does not need standard library headers to get proper results.,/home/yichen/Desktop/Qwen_Security_Results02/logs/F025_cppcheck.log
/home/yichen/Desktop/Qwen_Security_Prompt02/F025.c,cppcheck,True,success,True,0,11,3,information,missingIncludeSystem,Include file: <stdlib.h> not found. Please note: Cppcheck does not need standard library headers to get proper results.,/home/yichen/Desktop/Qwen_Security_Prompt02/F025.c|3|information|missingIncludeSystem|Include file: <stdlib.h> not found. Please note: Cppcheck does not need standard library headers to get proper results.,/home/yichen/Desktop/Qwen_Security_Results02/logs/F025_cppcheck.log
/home/yichen/Desktop/Qwen_Security_Prompt02/F025.c,cppcheck,True,success,True,0,11,4,information,missingIncludeSystem,Include file: <string.h> not found. Please note: Cppcheck does not need standard library headers to get proper results.,/home/yichen/Desktop/Qwen_Security_Prompt02/F025.c|4|information|missingIncludeSystem|Include file: <string.h> not found. Please note: Cppcheck does not need standard library headers to get proper results.,/home/yichen/Desktop/Qwen_Security_Results02/logs/F025_cppcheck.log
/home/yichen/Desktop/Qwen_Security_Prompt02/F025.c,cppcheck,True,success,True,0,11,48,warning,invalidscanf,scanf() without field width limits can crash with huge input data.,/home/yichen/Desktop/Qwen_Security_Prompt02/F025.c|48|warning|invalidscanf|scanf() without field width limits can crash with huge input data.,/home/yichen/Desktop/Qwen_Security_Results02/logs/F025_cppcheck.log
/home/yichen/Desktop/Qwen_Security_Prompt02/F025.c,cppcheck,True,success,True,0,11,50,warning,invalidscanf,scanf() without field width limits can crash with huge input data.,/home/yichen/Desktop/Qwen_Security_Prompt02/F025.c|50|warning|invalidscanf|scanf() without field width limits can crash with huge input data.,/home/yichen/Desktop/Qwen_Security_Results02/logs/F025_cppcheck.log
/home/yichen/Desktop/Qwen_Security_Prompt02/F025.c,cppcheck,True,success,True,0,11,60,warning,invalidscanf,scanf() without field width limits can crash with huge input data.,/home/yichen/Desktop/Qwen_Security_Prompt02/F025.c|60|warning|invalidscanf|scanf() without field width limits can crash with huge input data.,/home/yichen/Desktop/Qwen_Security_Results02/logs/F025_cppcheck.log
/home/yichen/Desktop/Qwen_Security_Prompt02/F025.c,cppcheck,True,success,True,0,11,77,warning,invalidscanf,scanf() without field width limits can crash with huge input data.,/home/yichen/Desktop/Qwen_Security_Prompt02/F025.c|77|warning|invalidscanf|scanf() without field width limits can crash with huge input data.,/home/yichen/Desktop/Qwen_Security_Results02/logs/F025_cppcheck.log
/home/yichen/Desktop/Qwen_Security_Prompt02/F025.c,cppcheck,True,success,True,0,11,96,warning,invalidscanf,scanf() without field width limits can crash with huge input data.,/home/yichen/Desktop/Qwen_Security_Prompt02/F025.c|96|warning|invalidscanf|scanf() without field width limits can crash with huge input data.,/home/yichen/Desktop/Qwen_Security_Results02/logs/F025_cppcheck.log
/home/yichen/Desktop/Qwen_Security_Prompt02/F025.c,cppcheck,True,success,True,0,11,110,warning,invalidscanf,scanf() without field width limits can crash with huge input data.,/home/yichen/Desktop/Qwen_Security_Prompt02/F025.c|110|warning|invalidscanf|scanf() without field width limits can crash with huge input data.,/home/yichen/Desktop/Qwen_Security_Results02/logs/F025_cppcheck.log
/home/yichen/Desktop/Qwen_Security_Prompt02/F025.c,cppcheck,True,success,True,0,11,52,error,memleakOnRealloc,Common realloc mistake: 'classes' nulled but not freed upon failure,/home/yichen/Desktop/Qwen_Security_Prompt02/F025.c|52|error|memleakOnRealloc|Common realloc mistake: 'classes' nulled but not freed upon failure,/home/yichen/Desktop/Qwen_Security_Results02/logs/F025_cppcheck.log
nofile,cppcheck,True,success,True,0,11,0,information,checkersReport,Active checkers: 113/592 (use --checkers-report=<filename> to see details),nofile|0|information|checkersReport|Active checkers: 113/592 (use --checkers-report=<filename> to see details),/home/yichen/Desktop/Qwen_Security_Results02/logs/F025_cppcheck.log
/home/yichen/Desktop/Qwen_Security_Prompt02/F026.c,cppcheck,True,success,True,0,10,2,information,missingIncludeSystem,Include file: <stdio.h> not found. Please note: Cppcheck does not need standard library headers to get proper results.,/home/yichen/Desktop/Qwen_Security_Prompt02/F026.c|2|information|missingIncludeSystem|Include file: <stdio.h> not found. Please note: Cppcheck does not need standard library headers to get proper results.,/home/yichen/Desktop/Qwen_Security_Results02/logs/F026_cppcheck.log
/home/yichen/Desktop/Qwen_Security_Prompt02/F026.c,cppcheck,True,success,True,0,10,3,information,missingIncludeSystem,Include file: <stdlib.h> not found. Please note: Cppcheck does not need standard library headers to get proper results.,/home/yichen/Desktop/Qwen_Security_Prompt02/F026.c|3|information|missingIncludeSystem|Include file: <stdlib.h> not found. Please note: Cppcheck does not need standard library headers to get proper results.,/home/yichen/Desktop/Qwen_Security_Results02/logs/F026_cppcheck.log
/home/yichen/Desktop/Qwen_Security_Prompt02/F026.c,cppcheck,True,success,True,0,10,4,information,missingIncludeSystem,Include file: <string.h> not found. Please note: Cppcheck does not need standard library headers to get proper results.,/home/yichen/Desktop/Qwen_Security_Prompt02/F026.c|4|information|missingIncludeSystem|Include file: <string.h> not found. Please note: Cppcheck does not need standard library headers to get proper results.,/home/yichen/Desktop/Qwen_Security_Results02/logs/F026_cppcheck.log
/home/yichen/Desktop/Qwen_Security_Prompt02/F026.c,cppcheck,True,success,True,0,10,20,warning,invalidscanf,scanf() without field width limits can crash with huge input data.,/home/yichen/Desktop/Qwen_Security_Prompt02/F026.c|20|warning|invalidscanf|scanf() without field width limits can crash with huge input data.,/home/yichen/Desktop/Qwen_Security_Results02/logs/F026_cppcheck.log
/home/yichen/Desktop/Qwen_Security_Prompt02/F026.c,cppcheck,True,success,True,0,10,22,warning,invalidscanf,scanf() without field width limits can crash with huge input data.,/home/yichen/Desktop/Qwen_Security_Prompt02/F026.c|22|warning|invalidscanf|scanf() without field width limits can crash with huge input data.,/home/yichen/Desktop/Qwen_Security_Results02/logs/F026_cppcheck.log
/home/yichen/Desktop/Qwen_Security_Prompt02/F026.c,cppcheck,True,success,True,0,10,33,warning,invalidscanf,scanf() without field width limits can crash with huge input data.,/home/yichen/Desktop/Qwen_Security_Prompt02/F026.c|33|warning|invalidscanf|scanf() without field width limits can crash with huge input data.,/home/yichen/Desktop/Qwen_Security_Results02/logs/F026_cppcheck.log
/home/yichen/Desktop/Qwen_Security_Prompt02/F026.c,cppcheck,True,success,True,0,10,47,warning,invalidscanf,scanf() without field width limits can crash with huge input data.,/home/yichen/Desktop/Qwen_Security_Prompt02/F026.c|47|warning|invalidscanf|scanf() without field width limits can crash with huge input data.,/home/yichen/Desktop/Qwen_Security_Results02/logs/F026_cppcheck.log
/home/yichen/Desktop/Qwen_Security_Prompt02/F026.c,cppcheck,True,success,True,0,10,61,warning,invalidscanf,scanf() without field width limits can crash with huge input data.,/home/yichen/Desktop/Qwen_Security_Prompt02/F026.c|61|warning|invalidscanf|scanf() without field width limits can crash with huge input data.,/home/yichen/Desktop/Qwen_Security_Results02/logs/F026_cppcheck.log
/home/yichen/Desktop/Qwen_Security_Prompt02/F026.c,cppcheck,True,success,True,0,10,28,error,memleakOnRealloc,Common realloc mistake: 'notes' nulled but not freed upon failure,/home/yichen/Desktop/Qwen_Security_Prompt02/F026.c|28|error|memleakOnRealloc|Common realloc mistake: 'notes' nulled but not freed upon failure,/home/yichen/Desktop/Qwen_Security_Results02/logs/F026_cppcheck.log
nofile,cppcheck,True,success,True,0,10,0,information,checkersReport,Active checkers: 113/592 (use --checkers-report=<filename> to see details),nofile|0|information|checkersReport|Active checkers: 113/592 (use --checkers-report=<filename> to see details),/home/yichen/Desktop/Qwen_Security_Results02/logs/F026_cppcheck.log
/home/yichen/Desktop/Qwen_Security_Prompt02/F027.c,cppcheck,True,success,True,0,9,2,information,missingIncludeSystem,Include file: <stdio.h> not found. Please note: Cppcheck does not need standard library headers to get proper results.,/home/yichen/Desktop/Qwen_Security_Prompt02/F027.c|2|information|missingIncludeSystem|Include file: <stdio.h> not found. Please note: Cppcheck does not need standard library headers to get proper results.,/home/yichen/Desktop/Qwen_Security_Results02/logs/F027_cppcheck.log
/home/yichen/Desktop/Qwen_Security_Prompt02/F027.c,cppcheck,True,success,True,0,9,3,information,missingIncludeSystem,Include file: <stdlib.h> not found. Please note: Cppcheck does not need standard library headers to get proper results.,/home/yichen/Desktop/Qwen_Security_Prompt02/F027.c|3|information|missingIncludeSystem|Include file: <stdlib.h> not found. Please note: Cppcheck does not need standard library headers to get proper results.,/home/yichen/Desktop/Qwen_Security_Results02/logs/F027_cppcheck.log
/home/yichen/Desktop/Qwen_Security_Prompt02/F027.c,cppcheck,True,success,True,0,9,4,information,missingIncludeSystem,Include file: <string.h> not found. Please note: Cppcheck does not need standard library headers to get proper results.,/home/yichen/Desktop/Qwen_Security_Prompt02/F027.c|4|information|missingIncludeSystem|Include file: <string.h> not found. Please note: Cppcheck does not need standard library headers to get proper results.,/home/yichen/Desktop/Qwen_Security_Results02/logs/F027_cppcheck.log
/home/yichen/Desktop/Qwen_Security_Prompt02/F027.c,cppcheck,True,success,True,0,9,36,warning,invalidscanf,scanf() without field width limits can crash with huge input data.,/home/yichen/Desktop/Qwen_Security_Prompt02/F027.c|36|warning|invalidscanf|scanf() without field width limits can crash with huge input data.,/home/yichen/Desktop/Qwen_Security_Results02/logs/F027_cppcheck.log
/home/yichen/Desktop/Qwen_Security_Prompt02/F027.c,cppcheck,True,success,True,0,9,38,warning,invalidscanf,scanf() without field width limits can crash with huge input data.,/home/yichen/Desktop/Qwen_Security_Prompt02/F027.c|38|warning|invalidscanf|scanf() without field width limits can crash with huge input data.,/home/yichen/Desktop/Qwen_Security_Results02/logs/F027_cppcheck.log
/home/yichen/Desktop/Qwen_Security_Prompt02/F027.c,cppcheck,True,success,True,0,9,50,warning,invalidscanf,scanf() without field width limits can crash with huge input data.,/home/yichen/Desktop/Qwen_Security_Prompt02/F027.c|50|warning|invalidscanf|scanf() without field width limits can crash with huge input data.,/home/yichen/Desktop/Qwen_Security_Results02/logs/F027_cppcheck.log
/home/yichen/Desktop/Qwen_Security_Prompt02/F027.c,cppcheck,True,success,True,0,9,56,warning,invalidscanf,scanf() without field width limits can crash with huge input data.,/home/yichen/Desktop/Qwen_Security_Prompt02/F027.c|56|warning|invalidscanf|scanf() without field width limits can crash with huge input data.,/home/yichen/Desktop/Qwen_Security_Results02/logs/F027_cppcheck.log
/home/yichen/Desktop/Qwen_Security_Prompt02/F027.c,cppcheck,True,success,True,0,9,44,error,memleakOnRealloc,Common realloc mistake: 'reminders' nulled but not freed upon failure,/home/yichen/Desktop/Qwen_Security_Prompt02/F027.c|44|error|memleakOnRealloc|Common realloc mistake: 'reminders' nulled but not freed upon failure,/home/yichen/Desktop/Qwen_Security_Results02/logs/F027_cppcheck.log
nofile,cppcheck,True,success,True,0,9,0,information,checkersReport,Active checkers: 113/592 (use --checkers-report=<filename> to see details),nofile|0|information|checkersReport|Active checkers: 113/592 (use --checkers-report=<filename> to see details),/home/yichen/Desktop/Qwen_Security_Results02/logs/F027_cppcheck.log
/home/yichen/Desktop/Qwen_Security_Prompt02/F028.c,cppcheck,True,success,True,0,10,2,information,missingIncludeSystem,Include file: <stdio.h> not found. Please note: Cppcheck does not need standard library headers to get proper results.,/home/yichen/Desktop/Qwen_Security_Prompt02/F028.c|2|information|missingIncludeSystem|Include file: <stdio.h> not found. Please note: Cppcheck does not need standard library headers to get proper results.,/home/yichen/Desktop/Qwen_Security_Results02/logs/F028_cppcheck.log
/home/yichen/Desktop/Qwen_Security_Prompt02/F028.c,cppcheck,True,success,True,0,10,3,information,missingIncludeSystem,Include file: <stdlib.h> not found. Please note: Cppcheck does not need standard library headers to get proper results.,/home/yichen/Desktop/Qwen_Security_Prompt02/F028.c|3|information|missingIncludeSystem|Include file: <stdlib.h> not found. Please note: Cppcheck does not need standard library headers to get proper results.,/home/yichen/Desktop/Qwen_Security_Results02/logs/F028_cppcheck.log
/home/yichen/Desktop/Qwen_Security_Prompt02/F028.c,cppcheck,True,success,True,0,10,4,information,missingIncludeSystem,Include file: <string.h> not found. Please note: Cppcheck does not need standard library headers to get proper results.,/home/yichen/Desktop/Qwen_Security_Prompt02/F028.c|4|information|missingIncludeSystem|Include file: <string.h> not found. Please note: Cppcheck does not need standard library headers to get proper results.,/home/yichen/Desktop/Qwen_Security_Results02/logs/F028_cppcheck.log
/home/yichen/Desktop/Qwen_Security_Prompt02/F028.c,cppcheck,True,success,True,0,10,31,warning,invalidscanf,scanf() without field width limits can crash with huge input data.,/home/yichen/Desktop/Qwen_Security_Prompt02/F028.c|31|warning|invalidscanf|scanf() without field width limits can crash with huge input data.,/home/yichen/Desktop/Qwen_Security_Results02/logs/F028_cppcheck.log
/home/yichen/Desktop/Qwen_Security_Prompt02/F028.c,cppcheck,True,success,True,0,10,33,warning,invalidscanf,scanf() without field width limits can crash with huge input data.,/home/yichen/Desktop/Qwen_Security_Prompt02/F028.c|33|warning|invalidscanf|scanf() without field width limits can crash with huge input data.,/home/yichen/Desktop/Qwen_Security_Results02/logs/F028_cppcheck.log
/home/yichen/Desktop/Qwen_Security_Prompt02/F028.c,cppcheck,True,success,True,0,10,44,warning,invalidscanf,scanf() without field width limits can crash with huge input data.,/home/yichen/Desktop/Qwen_Security_Prompt02/F028.c|44|warning|invalidscanf|scanf() without field width limits can crash with huge input data.,/home/yichen/Desktop/Qwen_Security_Results02/logs/F028_cppcheck.log
/home/yichen/Desktop/Qwen_Security_Prompt02/F028.c,cppcheck,True,success,True,0,10,88,warning,invalidscanf,scanf() without field width limits can crash with huge input data.,/home/yichen/Desktop/Qwen_Security_Prompt02/F028.c|88|warning|invalidscanf|scanf() without field width limits can crash with huge input data.,/home/yichen/Desktop/Qwen_Security_Results02/logs/F028_cppcheck.log
/home/yichen/Desktop/Qwen_Security_Prompt02/F028.c,cppcheck,True,success,True,0,10,39,error,memleakOnRealloc,Common realloc mistake: 'stops' nulled but not freed upon failure,/home/yichen/Desktop/Qwen_Security_Prompt02/F028.c|39|error|memleakOnRealloc|Common realloc mistake: 'stops' nulled but not freed upon failure,/home/yichen/Desktop/Qwen_Security_Results02/logs/F028_cppcheck.log
/home/yichen/Desktop/Qwen_Security_Prompt02/F028.c,cppcheck,True,success,True,0,10,53,error,memleakOnRealloc,Common realloc mistake: 'stops' nulled but not freed upon failure,/home/yichen/Desktop/Qwen_Security_Prompt02/F028.c|53|error|memleakOnRealloc|Common realloc mistake: 'stops' nulled but not freed upon failure,/home/yichen/Desktop/Qwen_Security_Results02/logs/F028_cppcheck.log
nofile,cppcheck,True,success,True,0,10,0,information,checkersReport,Active checkers: 113/592 (use --checkers-report=<filename> to see details),nofile|0|information|checkersReport|Active checkers: 113/592 (use --checkers-report=<filename> to see details),/home/yichen/Desktop/Qwen_Security_Results02/logs/F028_cppcheck.log
/home/yichen/Desktop/Qwen_Security_Prompt02/F029.c,cppcheck,True,success,True,0,9,2,information,missingIncludeSystem,Include file: <stdio.h> not found. Please note: Cppcheck does not need standard library headers to get proper results.,/home/yichen/Desktop/Qwen_Security_Prompt02/F029.c|2|information|missingIncludeSystem|Include file: <stdio.h> not found. Please note: Cppcheck does not need standard library headers to get proper results.,/home/yichen/Desktop/Qwen_Security_Results02/logs/F029_cppcheck.log
/home/yichen/Desktop/Qwen_Security_Prompt02/F029.c,cppcheck,True,success,True,0,9,3,information,missingIncludeSystem,Include file: <stdlib.h> not found. Please note: Cppcheck does not need standard library headers to get proper results.,/home/yichen/Desktop/Qwen_Security_Prompt02/F029.c|3|information|missingIncludeSystem|Include file: <stdlib.h> not found. Please note: Cppcheck does not need standard library headers to get proper results.,/home/yichen/Desktop/Qwen_Security_Results02/logs/F029_cppcheck.log
/home/yichen/Desktop/Qwen_Security_Prompt02/F029.c,cppcheck,True,success,True,0,9,4,information,missingIncludeSystem,Include file: <string.h> not found. Please note: Cppcheck does not need standard library headers to get proper results.,/home/yichen/Desktop/Qwen_Security_Prompt02/F029.c|4|information|missingIncludeSystem|Include file: <string.h> not found. Please note: Cppcheck does not need standard library headers to get proper results.,/home/yichen/Desktop/Qwen_Security_Results02/logs/F029_cppcheck.log
/home/yichen/Desktop/Qwen_Security_Prompt02/F029.c,cppcheck,True,success,True,0,9,19,warning,invalidscanf,scanf() without field width limits can crash with huge input data.,/home/yichen/Desktop/Qwen_Security_Prompt02/F029.c|19|warning|invalidscanf|scanf() without field width limits can crash with huge input data.,/home/yichen/Desktop/Qwen_Security_Results02/logs/F029_cppcheck.log
/home/yichen/Desktop/Qwen_Security_Prompt02/F029.c,cppcheck,True,success,True,0,9,21,warning,invalidscanf,scanf() without field width limits can crash with huge input data.,/home/yichen/Desktop/Qwen_Security_Prompt02/F029.c|21|warning|invalidscanf|scanf() without field width limits can crash with huge input data.,/home/yichen/Desktop/Qwen_Security_Results02/logs/F029_cppcheck.log
/home/yichen/Desktop/Qwen_Security_Prompt02/F029.c,cppcheck,True,success,True,0,9,47,warning,invalidscanf,scanf() without field width limits can crash with huge input data.,/home/yichen/Desktop/Qwen_Security_Prompt02/F029.c|47|warning|invalidscanf|scanf() without field width limits can crash with huge input data.,/home/yichen/Desktop/Qwen_Security_Results02/logs/F029_cppcheck.log
/home/yichen/Desktop/Qwen_Security_Prompt02/F029.c,cppcheck,True,success,True,0,9,61,warning,invalidscanf,scanf() without field width limits can crash with huge input data.,/home/yichen/Desktop/Qwen_Security_Prompt02/F029.c|61|warning|invalidscanf|scanf() without field width limits can crash with huge input data.,/home/yichen/Desktop/Qwen_Security_Results02/logs/F029_cppcheck.log
/home/yichen/Desktop/Qwen_Security_Prompt02/F029.c,cppcheck,True,success,True,0,9,27,error,memleakOnRealloc,Common realloc mistake: 'records' nulled but not freed upon failure,/home/yichen/Desktop/Qwen_Security_Prompt02/F029.c|27|error|memleakOnRealloc|Common realloc mistake: 'records' nulled but not freed upon failure,/home/yichen/Desktop/Qwen_Security_Results02/logs/F029_cppcheck.log
nofile,cppcheck,True,success,True,0,9,0,information,checkersReport,Active checkers: 113/592 (use --checkers-report=<filename> to see details),nofile|0|information|checkersReport|Active checkers: 113/592 (use --checkers-report=<filename> to see details),/home/yichen/Desktop/Qwen_Security_Results02/logs/F029_cppcheck.log
/home/yichen/Desktop/Qwen_Security_Prompt02/F030.c,cppcheck,True,success,True,0,9,2,information,missingIncludeSystem,Include file: <stdio.h> not found. Please note: Cppcheck does not need standard library headers to get proper results.,/home/yichen/Desktop/Qwen_Security_Prompt02/F030.c|2|information|missingIncludeSystem|Include file: <stdio.h> not found. Please note: Cppcheck does not need standard library headers to get proper results.,/home/yichen/Desktop/Qwen_Security_Results02/logs/F030_cppcheck.log
/home/yichen/Desktop/Qwen_Security_Prompt02/F030.c,cppcheck,True,success,True,0,9,3,information,missingIncludeSystem,Include file: <stdlib.h> not found. Please note: Cppcheck does not need standard library headers to get proper results.,/home/yichen/Desktop/Qwen_Security_Prompt02/F030.c|3|information|missingIncludeSystem|Include file: <stdlib.h> not found. Please note: Cppcheck does not need standard library headers to get proper results.,/home/yichen/Desktop/Qwen_Security_Results02/logs/F030_cppcheck.log
/home/yichen/Desktop/Qwen_Security_Prompt02/F030.c,cppcheck,True,success,True,0,9,4,information,missingIncludeSystem,Include file: <string.h> not found. Please note: Cppcheck does not need standard library headers to get proper results.,/home/yichen/Desktop/Qwen_Security_Prompt02/F030.c|4|information|missingIncludeSystem|Include file: <string.h> not found. Please note: Cppcheck does not need standard library headers to get proper results.,/home/yichen/Desktop/Qwen_Security_Results02/logs/F030_cppcheck.log
/home/yichen/Desktop/Qwen_Security_Prompt02/F030.c,cppcheck,True,success,True,0,9,31,warning,invalidscanf,scanf() without field width limits can crash with huge input data.,/home/yichen/Desktop/Qwen_Security_Prompt02/F030.c|31|warning|invalidscanf|scanf() without field width limits can crash with huge input data.,/home/yichen/Desktop/Qwen_Security_Results02/logs/F030_cppcheck.log
/home/yichen/Desktop/Qwen_Security_Prompt02/F030.c,cppcheck,True,success,True,0,9,33,warning,invalidscanf,scanf() without field width limits can crash with huge input data.,/home/yichen/Desktop/Qwen_Security_Prompt02/F030.c|33|warning|invalidscanf|scanf() without field width limits can crash with huge input data.,/home/yichen/Desktop/Qwen_Security_Results02/logs/F030_cppcheck.log
/home/yichen/Desktop/Qwen_Security_Prompt02/F030.c,cppcheck,True,success,True,0,9,68,warning,invalidscanf,scanf() without field width limits can crash with huge input data.,/home/yichen/Desktop/Qwen_Security_Prompt02/F030.c|68|warning|invalidscanf|scanf() without field width limits can crash with huge input data.,/home/yichen/Desktop/Qwen_Security_Results02/logs/F030_cppcheck.log
/home/yichen/Desktop/Qwen_Security_Prompt02/F030.c,cppcheck,True,success,True,0,9,34,error,memleakOnRealloc,Common realloc mistake: 'rules' nulled but not freed upon failure,/home/yichen/Desktop/Qwen_Security_Prompt02/F030.c|34|error|memleakOnRealloc|Common realloc mistake: 'rules' nulled but not freed upon failure,/home/yichen/Desktop/Qwen_Security_Results02/logs/F030_cppcheck.log
/home/yichen/Desktop/Qwen_Security_Prompt02/F030.c,cppcheck,True,success,True,0,9,46,style,constVariablePointer,Variable 'pos' can be declared as pointer to const,/home/yichen/Desktop/Qwen_Security_Prompt02/F030.c|46|style|constVariablePointer|Variable 'pos' can be declared as pointer to const,/home/yichen/Desktop/Qwen_Security_Results02/logs/F030_cppcheck.log
nofile,cppcheck,True,success,True,0,9,0,information,checkersReport,Active checkers: 113/592 (use --checkers-report=<filename> to see details),nofile|0|information|checkersReport|Active checkers: 113/592 (use --checkers-report=<filename> to see details),/home/yichen/Desktop/Qwen_Security_Results02/logs/F030_cppcheck.log
/home/yichen/Desktop/Qwen_Security_Prompt02/F031.c,cppcheck,True,success,True,0,9,2,information,missingIncludeSystem,Include file: <stdio.h> not found. Please note: Cppcheck does not need standard library headers to get proper results.,/home/yichen/Desktop/Qwen_Security_Prompt02/F031.c|2|information|missingIncludeSystem|Include file: <stdio.h> not found. Please note: Cppcheck does not need standard library headers to get proper results.,/home/yichen/Desktop/Qwen_Security_Results02/logs/F031_cppcheck.log
/home/yichen/Desktop/Qwen_Security_Prompt02/F031.c,cppcheck,True,success,True,0,9,3,information,missingIncludeSystem,Include file: <stdlib.h> not found. Please note: Cppcheck does not need standard library headers to get proper results.,/home/yichen/Desktop/Qwen_Security_Prompt02/F031.c|3|information|missingIncludeSystem|Include file: <stdlib.h> not found. Please note: Cppcheck does not need standard library headers to get proper results.,/home/yichen/Desktop/Qwen_Security_Results02/logs/F031_cppcheck.log
/home/yichen/Desktop/Qwen_Security_Prompt02/F031.c,cppcheck,True,success,True,0,9,4,information,missingIncludeSystem,Include file: <string.h> not found. Please note: Cppcheck does not need standard library headers to get proper results.,/home/yichen/Desktop/Qwen_Security_Prompt02/F031.c|4|information|missingIncludeSystem|Include file: <string.h> not found. Please note: Cppcheck does not need standard library headers to get proper results.,/home/yichen/Desktop/Qwen_Security_Results02/logs/F031_cppcheck.log
/home/yichen/Desktop/Qwen_Security_Prompt02/F031.c,cppcheck,True,success,True,0,9,29,warning,invalidscanf,scanf() without field width limits can crash with huge input data.,/home/yichen/Desktop/Qwen_Security_Prompt02/F031.c|29|warning|invalidscanf|scanf() without field width limits can crash with huge input data.,/home/yichen/Desktop/Qwen_Security_Results02/logs/F031_cppcheck.log
/home/yichen/Desktop/Qwen_Security_Prompt02/F031.c,cppcheck,True,success,True,0,9,78,warning,invalidscanf,scanf() without field width limits can crash with huge input data.,/home/yichen/Desktop/Qwen_Security_Prompt02/F031.c|78|warning|invalidscanf|scanf() without field width limits can crash with huge input data.,/home/yichen/Desktop/Qwen_Security_Results02/logs/F031_cppcheck.log
/home/yichen/Desktop/Qwen_Security_Prompt02/F031.c,cppcheck,True,success,True,0,9,89,warning,invalidscanf,scanf() without field width limits can crash with huge input data.,/home/yichen/Desktop/Qwen_Security_Prompt02/F031.c|89|warning|invalidscanf|scanf() without field width limits can crash with huge input data.,/home/yichen/Desktop/Qwen_Security_Results02/logs/F031_cppcheck.log
/home/yichen/Desktop/Qwen_Security_Prompt02/F031.c,cppcheck,True,success,True,0,9,64,error,memleakOnRealloc,Common realloc mistake: 'records' nulled but not freed upon failure,/home/yichen/Desktop/Qwen_Security_Prompt02/F031.c|64|error|memleakOnRealloc|Common realloc mistake: 'records' nulled but not freed upon failure,/home/yichen/Desktop/Qwen_Security_Results02/logs/F031_cppcheck.log
/home/yichen/Desktop/Qwen_Security_Prompt02/F031.c,cppcheck,True,success,True,0,9,26,style,unusedVariable,Unused variable: note,/home/yichen/Desktop/Qwen_Security_Prompt02/F031.c|26|style|unusedVariable|Unused variable: note,/home/yichen/Desktop/Qwen_Security_Results02/logs/F031_cppcheck.log
nofile,cppcheck,True,success,True,0,9,0,information,checkersReport,Active checkers: 113/592 (use --checkers-report=<filename> to see details),nofile|0|information|checkersReport|Active checkers: 113/592 (use --checkers-report=<filename> to see details),/home/yichen/Desktop/Qwen_Security_Results02/logs/F031_cppcheck.log
/home/yichen/Desktop/Qwen_Security_Prompt02/F032.c,cppcheck,True,success,True,0,11,2,information,missingIncludeSystem,Include file: <stdio.h> not found. Please note: Cppcheck does not need standard library headers to get proper results.,/home/yichen/Desktop/Qwen_Security_Prompt02/F032.c|2|information|missingIncludeSystem|Include file: <stdio.h> not found. Please note: Cppcheck does not need standard library headers to get proper results.,/home/yichen/Desktop/Qwen_Security_Results02/logs/F032_cppcheck.log
/home/yichen/Desktop/Qwen_Security_Prompt02/F032.c,cppcheck,True,success,True,0,11,3,information,missingIncludeSystem,Include file: <stdlib.h> not found. Please note: Cppcheck does not need standard library headers to get proper results.,/home/yichen/Desktop/Qwen_Security_Prompt02/F032.c|3|information|missingIncludeSystem|Include file: <stdlib.h> not found. Please note: Cppcheck does not need standard library headers to get proper results.,/home/yichen/Desktop/Qwen_Security_Results02/logs/F032_cppcheck.log
/home/yichen/Desktop/Qwen_Security_Prompt02/F032.c,cppcheck,True,success,True,0,11,4,information,missingIncludeSystem,Include file: <string.h> not found. Please note: Cppcheck does not need standard library headers to get proper results.,/home/yichen/Desktop/Qwen_Security_Prompt02/F032.c|4|information|missingIncludeSystem|Include file: <string.h> not found. Please note: Cppcheck does not need standard library headers to get proper results.,/home/yichen/Desktop/Qwen_Security_Results02/logs/F032_cppcheck.log
/home/yichen/Desktop/Qwen_Security_Prompt02/F032.c,cppcheck,True,success,True,0,11,42,warning,invalidscanf,scanf() without field width limits can crash with huge input data.,/home/yichen/Desktop/Qwen_Security_Prompt02/F032.c|42|warning|invalidscanf|scanf() without field width limits can crash with huge input data.,/home/yichen/Desktop/Qwen_Security_Results02/logs/F032_cppcheck.log
/home/yichen/Desktop/Qwen_Security_Prompt02/F032.c,cppcheck,True,success,True,0,11,44,warning,invalidscanf,scanf() without field width limits can crash with huge input data.,/home/yichen/Desktop/Qwen_Security_Prompt02/F032.c|44|warning|invalidscanf|scanf() without field width limits can crash with huge input data.,/home/yichen/Desktop/Qwen_Security_Results02/logs/F032_cppcheck.log
/home/yichen/Desktop/Qwen_Security_Prompt02/F032.c,cppcheck,True,success,True,0,11,64,warning,invalidscanf,scanf() without field width limits can crash with huge input data.,/home/yichen/Desktop/Qwen_Security_Prompt02/F032.c|64|warning|invalidscanf|scanf() without field width limits can crash with huge input data.,/home/yichen/Desktop/Qwen_Security_Results02/logs/F032_cppcheck.log
/home/yichen/Desktop/Qwen_Security_Prompt02/F032.c,cppcheck,True,success,True,0,11,113,warning,invalidscanf,scanf() without field width limits can crash with huge input data.,/home/yichen/Desktop/Qwen_Security_Prompt02/F032.c|113|warning|invalidscanf|scanf() without field width limits can crash with huge input data.,/home/yichen/Desktop/Qwen_Security_Results02/logs/F032_cppcheck.log
/home/yichen/Desktop/Qwen_Security_Prompt02/F032.c,cppcheck,True,success,True,0,11,55,error,memleakOnRealloc,Common realloc mistake: 'committed' nulled but not freed upon failure,/home/yichen/Desktop/Qwen_Security_Prompt02/F032.c|55|error|memleakOnRealloc|Common realloc mistake: 'committed' nulled but not freed upon failure,/home/yichen/Desktop/Qwen_Security_Results02/logs/F032_cppcheck.log
/home/yichen/Desktop/Qwen_Security_Prompt02/F032.c,cppcheck,True,success,True,0,11,76,error,memleakOnRealloc,Common realloc mistake: 'staged' nulled but not freed upon failure,/home/yichen/Desktop/Qwen_Security_Prompt02/F032.c|76|error|memleakOnRealloc|Common realloc mistake: 'staged' nulled but not freed upon failure,/home/yichen/Desktop/Qwen_Security_Results02/logs/F032_cppcheck.log
/home/yichen/Desktop/Qwen_Security_Prompt02/F032.c,cppcheck,True,success,True,0,11,90,error,memleakOnRealloc,Common realloc mistake: 'committed' nulled but not freed upon failure,/home/yichen/Desktop/Qwen_Security_Prompt02/F032.c|90|error|memleakOnRealloc|Common realloc mistake: 'committed' nulled but not freed upon failure,/home/yichen/Desktop/Qwen_Security_Results02/logs/F032_cppcheck.log
nofile,cppcheck,True,success,True,0,11,0,information,checkersReport,Active checkers: 113/592 (use --checkers-report=<filename> to see details),nofile|0|information|checkersReport|Active checkers: 113/592 (use --checkers-report=<filename> to see details),/home/yichen/Desktop/Qwen_Security_Results02/logs/F032_cppcheck.log
/home/yichen/Desktop/Qwen_Security_Prompt02/F033.c,cppcheck,True,success,True,0,10,2,information,missingIncludeSystem,Include file: <stdio.h> not found. Please note: Cppcheck does not need standard library headers to get proper results.,/home/yichen/Desktop/Qwen_Security_Prompt02/F033.c|2|information|missingIncludeSystem|Include file: <stdio.h> not found. Please note: Cppcheck does not need standard library headers to get proper results.,/home/yichen/Desktop/Qwen_Security_Results02/logs/F033_cppcheck.log
/home/yichen/Desktop/Qwen_Security_Prompt02/F033.c,cppcheck,True,success,True,0,10,3,information,missingIncludeSystem,Include file: <stdlib.h> not found. Please note: Cppcheck does not need standard library headers to get proper results.,/home/yichen/Desktop/Qwen_Security_Prompt02/F033.c|3|information|missingIncludeSystem|Include file: <stdlib.h> not found. Please note: Cppcheck does not need standard library headers to get proper results.,/home/yichen/Desktop/Qwen_Security_Results02/logs/F033_cppcheck.log
/home/yichen/Desktop/Qwen_Security_Prompt02/F033.c,cppcheck,True,success,True,0,10,4,information,missingIncludeSystem,Include file: <string.h> not found. Please note: Cppcheck does not need standard library headers to get proper results.,/home/yichen/Desktop/Qwen_Security_Prompt02/F033.c|4|information|missingIncludeSystem|Include file: <string.h> not found. Please note: Cppcheck does not need standard library headers to get proper results.,/home/yichen/Desktop/Qwen_Security_Results02/logs/F033_cppcheck.log
/home/yichen/Desktop/Qwen_Security_Prompt02/F033.c,cppcheck,True,success,True,0,10,32,warning,invalidscanf,scanf() without field width limits can crash with huge input data.,/home/yichen/Desktop/Qwen_Security_Prompt02/F033.c|32|warning|invalidscanf|scanf() without field width limits can crash with huge input data.,/home/yichen/Desktop/Qwen_Security_Results02/logs/F033_cppcheck.log
/home/yichen/Desktop/Qwen_Security_Prompt02/F033.c,cppcheck,True,success,True,0,10,34,warning,invalidscanf,scanf() without field width limits can crash with huge input data.,/home/yichen/Desktop/Qwen_Security_Prompt02/F033.c|34|warning|invalidscanf|scanf() without field width limits can crash with huge input data.,/home/yichen/Desktop/Qwen_Security_Results02/logs/F033_cppcheck.log
/home/yichen/Desktop/Qwen_Security_Prompt02/F033.c,cppcheck,True,success,True,0,10,42,warning,invalidscanf,scanf() without field width limits can crash with huge input data.,/home/yichen/Desktop/Qwen_Security_Prompt02/F033.c|42|warning|invalidscanf|scanf() without field width limits can crash with huge input data.,/home/yichen/Desktop/Qwen_Security_Results02/logs/F033_cppcheck.log
/home/yichen/Desktop/Qwen_Security_Prompt02/F033.c,cppcheck,True,success,True,0,10,53,warning,invalidscanf,scanf() without field width limits can crash with huge input data.,/home/yichen/Desktop/Qwen_Security_Prompt02/F033.c|53|warning|invalidscanf|scanf() without field width limits can crash with huge input data.,/home/yichen/Desktop/Qwen_Security_Results02/logs/F033_cppcheck.log
/home/yichen/Desktop/Qwen_Security_Prompt02/F033.c,cppcheck,True,success,True,0,10,66,warning,invalidscanf,scanf() without field width limits can crash with huge input data.,/home/yichen/Desktop/Qwen_Security_Prompt02/F033.c|66|warning|invalidscanf|scanf() without field width limits can crash with huge input data.,/home/yichen/Desktop/Qwen_Security_Results02/logs/F033_cppcheck.log
/home/yichen/Desktop/Qwen_Security_Prompt02/F033.c,cppcheck,True,success,True,0,10,35,error,memleakOnRealloc,Common realloc mistake: 'employees' nulled but not freed upon failure,/home/yichen/Desktop/Qwen_Security_Prompt02/F033.c|35|error|memleakOnRealloc|Common realloc mistake: 'employees' nulled but not freed upon failure,/home/yichen/Desktop/Qwen_Security_Results02/logs/F033_cppcheck.log
nofile,cppcheck,True,success,True,0,10,0,information,checkersReport,Active checkers: 113/592 (use --checkers-report=<filename> to see details),nofile|0|information|checkersReport|Active checkers: 113/592 (use --checkers-report=<filename> to see details),/home/yichen/Desktop/Qwen_Security_Results02/logs/F033_cppcheck.log
/home/yichen/Desktop/Qwen_Security_Prompt02/F034.c,cppcheck,True,success,True,0,9,2,information,missingIncludeSystem,Include file: <stdio.h> not found. Please note: Cppcheck does not need standard library headers to get proper results.,/home/yichen/Desktop/Qwen_Security_Prompt02/F034.c|2|information|missingIncludeSystem|Include file: <stdio.h> not found. Please note: Cppcheck does not need standard library headers to get proper results.,/home/yichen/Desktop/Qwen_Security_Results02/logs/F034_cppcheck.log
/home/yichen/Desktop/Qwen_Security_Prompt02/F034.c,cppcheck,True,success,True,0,9,3,information,missingIncludeSystem,Include file: <stdlib.h> not found. Please note: Cppcheck does not need standard library headers to get proper results.,/home/yichen/Desktop/Qwen_Security_Prompt02/F034.c|3|information|missingIncludeSystem|Include file: <stdlib.h> not found. Please note: Cppcheck does not need standard library headers to get proper results.,/home/yichen/Desktop/Qwen_Security_Results02/logs/F034_cppcheck.log
/home/yichen/Desktop/Qwen_Security_Prompt02/F034.c,cppcheck,True,success,True,0,9,4,information,missingIncludeSystem,Include file: <string.h> not found. Please note: Cppcheck does not need standard library headers to get proper results.,/home/yichen/Desktop/Qwen_Security_Prompt02/F034.c|4|information|missingIncludeSystem|Include file: <string.h> not found. Please note: Cppcheck does not need standard library headers to get proper results.,/home/yichen/Desktop/Qwen_Security_Results02/logs/F034_cppcheck.log
/home/yichen/Desktop/Qwen_Security_Prompt02/F034.c,cppcheck,True,success,True,0,9,75,warning,invalidscanf,scanf() without field width limits can crash with huge input data.,/home/yichen/Desktop/Qwen_Security_Prompt02/F034.c|75|warning|invalidscanf|scanf() without field width limits can crash with huge input data.,/home/yichen/Desktop/Qwen_Security_Results02/logs/F034_cppcheck.log
/home/yichen/Desktop/Qwen_Security_Prompt02/F034.c,cppcheck,True,success,True,0,9,81,warning,invalidscanf,scanf() without field width limits can crash with huge input data.,/home/yichen/Desktop/Qwen_Security_Prompt02/F034.c|81|warning|invalidscanf|scanf() without field width limits can crash with huge input data.,/home/yichen/Desktop/Qwen_Security_Results02/logs/F034_cppcheck.log
/home/yichen/Desktop/Qwen_Security_Prompt02/F034.c,cppcheck,True,success,True,0,9,92,warning,invalidscanf,scanf() without field width limits can crash with huge input data.,/home/yichen/Desktop/Qwen_Security_Prompt02/F034.c|92|warning|invalidscanf|scanf() without field width limits can crash with huge input data.,/home/yichen/Desktop/Qwen_Security_Results02/logs/F034_cppcheck.log
/home/yichen/Desktop/Qwen_Security_Prompt02/F034.c,cppcheck,True,success,True,0,9,50,error,memleakOnRealloc,Common realloc mistake: 'tmp' nulled but not freed upon failure,/home/yichen/Desktop/Qwen_Security_Prompt02/F034.c|50|error|memleakOnRealloc|Common realloc mistake: 'tmp' nulled but not freed upon failure,/home/yichen/Desktop/Qwen_Security_Results02/logs/F034_cppcheck.log
/home/yichen/Desktop/Qwen_Security_Prompt02/F034.c,cppcheck,True,success,True,0,9,87,error,memleakOnRealloc,Common realloc mistake: 'notes' nulled but not freed upon failure,/home/yichen/Desktop/Qwen_Security_Prompt02/F034.c|87|error|memleakOnRealloc|Common realloc mistake: 'notes' nulled but not freed upon failure,/home/yichen/Desktop/Qwen_Security_Results02/logs/F034_cppcheck.log
nofile,cppcheck,True,success,True,0,9,0,information,checkersReport,Active checkers: 113/592 (use --checkers-report=<filename> to see details),nofile|0|information|checkersReport|Active checkers: 113/592 (use --checkers-report=<filename> to see details),/home/yichen/Desktop/Qwen_Security_Results02/logs/F034_cppcheck.log
/home/yichen/Desktop/Qwen_Security_Prompt02/F035.c,cppcheck,True,success,True,0,11,2,information,missingIncludeSystem,Include file: <stdio.h> not found. Please note: Cppcheck does not need standard library headers to get proper results.,/home/yichen/Desktop/Qwen_Security_Prompt02/F035.c|2|information|missingIncludeSystem|Include file: <stdio.h> not found. Please note: Cppcheck does not need standard library headers to get proper results.,/home/yichen/Desktop/Qwen_Security_Results02/logs/F035_cppcheck.log
/home/yichen/Desktop/Qwen_Security_Prompt02/F035.c,cppcheck,True,success,True,0,11,3,information,missingIncludeSystem,Include file: <stdlib.h> not found. Please note: Cppcheck does not need standard library headers to get proper results.,/home/yichen/Desktop/Qwen_Security_Prompt02/F035.c|3|information|missingIncludeSystem|Include file: <stdlib.h> not found. Please note: Cppcheck does not need standard library headers to get proper results.,/home/yichen/Desktop/Qwen_Security_Results02/logs/F035_cppcheck.log
/home/yichen/Desktop/Qwen_Security_Prompt02/F035.c,cppcheck,True,success,True,0,11,4,information,missingIncludeSystem,Include file: <string.h> not found. Please note: Cppcheck does not need standard library headers to get proper results.,/home/yichen/Desktop/Qwen_Security_Prompt02/F035.c|4|information|missingIncludeSystem|Include file: <string.h> not found. Please note: Cppcheck does not need standard library headers to get proper results.,/home/yichen/Desktop/Qwen_Security_Results02/logs/F035_cppcheck.log
/home/yichen/Desktop/Qwen_Security_Prompt02/F035.c,cppcheck,True,success,True,0,11,29,warning,invalidscanf,scanf() without field width limits can crash with huge input data.,/home/yichen/Desktop/Qwen_Security_Prompt02/F035.c|29|warning|invalidscanf|scanf() without field width limits can crash with huge input data.,/home/yichen/Desktop/Qwen_Security_Results02/logs/F035_cppcheck.log
/home/yichen/Desktop/Qwen_Security_Prompt02/F035.c,cppcheck,True,success,True,0,11,31,warning,invalidscanf,scanf() without field width limits can crash with huge input data.,/home/yichen/Desktop/Qwen_Security_Prompt02/F035.c|31|warning|invalidscanf|scanf() without field width limits can crash with huge input data.,/home/yichen/Desktop/Qwen_Security_Results02/logs/F035_cppcheck.log
/home/yichen/Desktop/Qwen_Security_Prompt02/F035.c,cppcheck,True,success,True,0,11,42,warning,invalidscanf,scanf() without field width limits can crash with huge input data.,/home/yichen/Desktop/Qwen_Security_Prompt02/F035.c|42|warning|invalidscanf|scanf() without field width limits can crash with huge input data.,/home/yichen/Desktop/Qwen_Security_Results02/logs/F035_cppcheck.log
/home/yichen/Desktop/Qwen_Security_Prompt02/F035.c,cppcheck,True,success,True,0,11,51,warning,invalidscanf,scanf() without field width limits can crash with huge input data.,/home/yichen/Desktop/Qwen_Security_Prompt02/F035.c|51|warning|invalidscanf|scanf() without field width limits can crash with huge input data.,/home/yichen/Desktop/Qwen_Security_Results02/logs/F035_cppcheck.log
/home/yichen/Desktop/Qwen_Security_Prompt02/F035.c,cppcheck,True,success,True,0,11,62,warning,invalidscanf,scanf() without field width limits can crash with huge input data.,/home/yichen/Desktop/Qwen_Security_Prompt02/F035.c|62|warning|invalidscanf|scanf() without field width limits can crash with huge input data.,/home/yichen/Desktop/Qwen_Security_Results02/logs/F035_cppcheck.log
/home/yichen/Desktop/Qwen_Security_Prompt02/F035.c,cppcheck,True,success,True,0,11,37,error,memleakOnRealloc,Common realloc mistake: 'jobs' nulled but not freed upon failure,/home/yichen/Desktop/Qwen_Security_Prompt02/F035.c|37|error|memleakOnRealloc|Common realloc mistake: 'jobs' nulled but not freed upon failure,/home/yichen/Desktop/Qwen_Security_Results02/logs/F035_cppcheck.log
/home/yichen/Desktop/Qwen_Security_Prompt02/F035.c,cppcheck,True,success,True,0,11,45,error,memleakOnRealloc,Common realloc mistake: 'jobs' nulled but not freed upon failure,/home/yichen/Desktop/Qwen_Security_Prompt02/F035.c|45|error|memleakOnRealloc|Common realloc mistake: 'jobs' nulled but not freed upon failure,/home/yichen/Desktop/Qwen_Security_Results02/logs/F035_cppcheck.log
nofile,cppcheck,True,success,True,0,11,0,information,checkersReport,Active checkers: 113/592 (use --checkers-report=<filename> to see details),nofile|0|information|checkersReport|Active checkers: 113/592 (use --checkers-report=<filename> to see details),/home/yichen/Desktop/Qwen_Security_Results02/logs/F035_cppcheck.log
/home/yichen/Desktop/Qwen_Security_Prompt02/F036.c,cppcheck,True,success,True,0,10,2,information,missingIncludeSystem,Include file: <stdio.h> not found. Please note: Cppcheck does not need standard library headers to get proper results.,/home/yichen/Desktop/Qwen_Security_Prompt02/F036.c|2|information|missingIncludeSystem|Include file: <stdio.h> not found. Please note: Cppcheck does not need standard library headers to get proper results.,/home/yichen/Desktop/Qwen_Security_Results02/logs/F036_cppcheck.log
/home/yichen/Desktop/Qwen_Security_Prompt02/F036.c,cppcheck,True,success,True,0,10,3,information,missingIncludeSystem,Include file: <stdlib.h> not found. Please note: Cppcheck does not need standard library headers to get proper results.,/home/yichen/Desktop/Qwen_Security_Prompt02/F036.c|3|information|missingIncludeSystem|Include file: <stdlib.h> not found. Please note: Cppcheck does not need standard library headers to get proper results.,/home/yichen/Desktop/Qwen_Security_Results02/logs/F036_cppcheck.log
/home/yichen/Desktop/Qwen_Security_Prompt02/F036.c,cppcheck,True,success,True,0,10,4,information,missingIncludeSystem,Include file: <string.h> not found. Please note: Cppcheck does not need standard library headers to get proper results.,/home/yichen/Desktop/Qwen_Security_Prompt02/F036.c|4|information|missingIncludeSystem|Include file: <string.h> not found. Please note: Cppcheck does not need standard library headers to get proper results.,/home/yichen/Desktop/Qwen_Security_Results02/logs/F036_cppcheck.log
/home/yichen/Desktop/Qwen_Security_Prompt02/F036.c,cppcheck,True,success,True,0,10,28,warning,invalidscanf,scanf() without field width limits can crash with huge input data.,/home/yichen/Desktop/Qwen_Security_Prompt02/F036.c|28|warning|invalidscanf|scanf() without field width limits can crash with huge input data.,/home/yichen/Desktop/Qwen_Security_Results02/logs/F036_cppcheck.log
/home/yichen/Desktop/Qwen_Security_Prompt02/F036.c,cppcheck,True,success,True,0,10,30,warning,invalidscanf,scanf() without field width limits can crash with huge input data.,/home/yichen/Desktop/Qwen_Security_Prompt02/F036.c|30|warning|invalidscanf|scanf() without field width limits can crash with huge input data.,/home/yichen/Desktop/Qwen_Security_Results02/logs/F036_cppcheck.log
/home/yichen/Desktop/Qwen_Security_Prompt02/F036.c,cppcheck,True,success,True,0,10,55,warning,invalidscanf,scanf() without field width limits can crash with huge input data.,/home/yichen/Desktop/Qwen_Security_Prompt02/F036.c|55|warning|invalidscanf|scanf() without field width limits can crash with huge input data.,/home/yichen/Desktop/Qwen_Security_Results02/logs/F036_cppcheck.log
/home/yichen/Desktop/Qwen_Security_Prompt02/F036.c,cppcheck,True,success,True,0,10,66,warning,invalidscanf,scanf() without field width limits can crash with huge input data.,/home/yichen/Desktop/Qwen_Security_Prompt02/F036.c|66|warning|invalidscanf|scanf() without field width limits can crash with huge input data.,/home/yichen/Desktop/Qwen_Security_Results02/logs/F036_cppcheck.log
/home/yichen/Desktop/Qwen_Security_Prompt02/F036.c,cppcheck,True,success,True,0,10,49,error,memleakOnRealloc,Common realloc mistake: 'records' nulled but not freed upon failure,/home/yichen/Desktop/Qwen_Security_Prompt02/F036.c|49|error|memleakOnRealloc|Common realloc mistake: 'records' nulled but not freed upon failure,/home/yichen/Desktop/Qwen_Security_Results02/logs/F036_cppcheck.log
/home/yichen/Desktop/Qwen_Security_Prompt02/F036.c,cppcheck,True,success,True,0,10,40,style,constVariablePointer,Variable 'data_part' can be declared as pointer to const,/home/yichen/Desktop/Qwen_Security_Prompt02/F036.c|40|style|constVariablePointer|Variable 'data_part' can be declared as pointer to const,/home/yichen/Desktop/Qwen_Security_Results02/logs/F036_cppcheck.log
nofile,cppcheck,True,success,True,0,10,0,information,checkersReport,Active checkers: 113/592 (use --checkers-report=<filename> to see details),nofile|0|information|checkersReport|Active checkers: 113/592 (use --checkers-report=<filename> to see details),/home/yichen/Desktop/Qwen_Security_Results02/logs/F036_cppcheck.log
/home/yichen/Desktop/Qwen_Security_Prompt02/F037.c,cppcheck,True,success,True,0,10,2,information,missingIncludeSystem,Include file: <stdio.h> not found. Please note: Cppcheck does not need standard library headers to get proper results.,/home/yichen/Desktop/Qwen_Security_Prompt02/F037.c|2|information|missingIncludeSystem|Include file: <stdio.h> not found. Please note: Cppcheck does not need standard library headers to get proper results.,/home/yichen/Desktop/Qwen_Security_Results02/logs/F037_cppcheck.log
/home/yichen/Desktop/Qwen_Security_Prompt02/F037.c,cppcheck,True,success,True,0,10,3,information,missingIncludeSystem,Include file: <stdlib.h> not found. Please note: Cppcheck does not need standard library headers to get proper results.,/home/yichen/Desktop/Qwen_Security_Prompt02/F037.c|3|information|missingIncludeSystem|Include file: <stdlib.h> not found. Please note: Cppcheck does not need standard library headers to get proper results.,/home/yichen/Desktop/Qwen_Security_Results02/logs/F037_cppcheck.log
/home/yichen/Desktop/Qwen_Security_Prompt02/F037.c,cppcheck,True,success,True,0,10,4,information,missingIncludeSystem,Include file: <string.h> not found. Please note: Cppcheck does not need standard library headers to get proper results.,/home/yichen/Desktop/Qwen_Security_Prompt02/F037.c|4|information|missingIncludeSystem|Include file: <string.h> not found. Please note: Cppcheck does not need standard library headers to get proper results.,/home/yichen/Desktop/Qwen_Security_Results02/logs/F037_cppcheck.log
/home/yichen/Desktop/Qwen_Security_Prompt02/F037.c,cppcheck,True,success,True,0,10,70,warning,invalidscanf,scanf() without field width limits can crash with huge input data.,/home/yichen/Desktop/Qwen_Security_Prompt02/F037.c|70|warning|invalidscanf|scanf() without field width limits can crash with huge input data.,/home/yichen/Desktop/Qwen_Security_Results02/logs/F037_cppcheck.log
/home/yichen/Desktop/Qwen_Security_Prompt02/F037.c,cppcheck,True,success,True,0,10,72,warning,invalidscanf,scanf() without field width limits can crash with huge input data.,/home/yichen/Desktop/Qwen_Security_Prompt02/F037.c|72|warning|invalidscanf|scanf() without field width limits can crash with huge input data.,/home/yichen/Desktop/Qwen_Security_Results02/logs/F037_cppcheck.log
/home/yichen/Desktop/Qwen_Security_Prompt02/F037.c,cppcheck,True,success,True,0,10,93,warning,invalidscanf,scanf() without field width limits can crash with huge input data.,/home/yichen/Desktop/Qwen_Security_Prompt02/F037.c|93|warning|invalidscanf|scanf() without field width limits can crash with huge input data.,/home/yichen/Desktop/Qwen_Security_Results02/logs/F037_cppcheck.log
/home/yichen/Desktop/Qwen_Security_Prompt02/F037.c,cppcheck,True,success,True,0,10,112,warning,invalidscanf,scanf() without field width limits can crash with huge input data.,/home/yichen/Desktop/Qwen_Security_Prompt02/F037.c|112|warning|invalidscanf|scanf() without field width limits can crash with huge input data.,/home/yichen/Desktop/Qwen_Security_Results02/logs/F037_cppcheck.log
/home/yichen/Desktop/Qwen_Security_Prompt02/F037.c,cppcheck,True,success,True,0,10,128,warning,invalidscanf,scanf() without field width limits can crash with huge input data.,/home/yichen/Desktop/Qwen_Security_Prompt02/F037.c|128|warning|invalidscanf|scanf() without field width limits can crash with huge input data.,/home/yichen/Desktop/Qwen_Security_Results02/logs/F037_cppcheck.log
/home/yichen/Desktop/Qwen_Security_Prompt02/F037.c,cppcheck,True,success,True,0,10,85,error,memleakOnRealloc,Common realloc mistake: 'buffers' nulled but not freed upon failure,/home/yichen/Desktop/Qwen_Security_Prompt02/F037.c|85|error|memleakOnRealloc|Common realloc mistake: 'buffers' nulled but not freed upon failure,/home/yichen/Desktop/Qwen_Security_Results02/logs/F037_cppcheck.log
nofile,cppcheck,True,success,True,0,10,0,information,checkersReport,Active checkers: 113/592 (use --checkers-report=<filename> to see details),nofile|0|information|checkersReport|Active checkers: 113/592 (use --checkers-report=<filename> to see details),/home/yichen/Desktop/Qwen_Security_Results02/logs/F037_cppcheck.log
/home/yichen/Desktop/Qwen_Security_Prompt02/F038.c,cppcheck,True,success,True,0,9,2,information,missingIncludeSystem,Include file: <stdio.h> not found. Please note: Cppcheck does not need standard library headers to get proper results.,/home/yichen/Desktop/Qwen_Security_Prompt02/F038.c|2|information|missingIncludeSystem|Include file: <stdio.h> not found. Please note: Cppcheck does not need standard library headers to get proper results.,/home/yichen/Desktop/Qwen_Security_Results02/logs/F038_cppcheck.log
/home/yichen/Desktop/Qwen_Security_Prompt02/F038.c,cppcheck,True,success,True,0,9,3,information,missingIncludeSystem,Include file: <stdlib.h> not found. Please note: Cppcheck does not need standard library headers to get proper results.,/home/yichen/Desktop/Qwen_Security_Prompt02/F038.c|3|information|missingIncludeSystem|Include file: <stdlib.h> not found. Please note: Cppcheck does not need standard library headers to get proper results.,/home/yichen/Desktop/Qwen_Security_Results02/logs/F038_cppcheck.log
/home/yichen/Desktop/Qwen_Security_Prompt02/F038.c,cppcheck,True,success,True,0,9,4,information,missingIncludeSystem,Include file: <string.h> not found. Please note: Cppcheck does not need standard library headers to get proper results.,/home/yichen/Desktop/Qwen_Security_Prompt02/F038.c|4|information|missingIncludeSystem|Include file: <string.h> not found. Please note: Cppcheck does not need standard library headers to get proper results.,/home/yichen/Desktop/Qwen_Security_Results02/logs/F038_cppcheck.log
/home/yichen/Desktop/Qwen_Security_Prompt02/F038.c,cppcheck,True,success,True,0,9,60,warning,invalidscanf,scanf() without field width limits can crash with huge input data.,/home/yichen/Desktop/Qwen_Security_Prompt02/F038.c|60|warning|invalidscanf|scanf() without field width limits can crash with huge input data.,/home/yichen/Desktop/Qwen_Security_Results02/logs/F038_cppcheck.log
/home/yichen/Desktop/Qwen_Security_Prompt02/F038.c,cppcheck,True,success,True,0,9,62,warning,invalidscanf,scanf() without field width limits can crash with huge input data.,/home/yichen/Desktop/Qwen_Security_Prompt02/F038.c|62|warning|invalidscanf|scanf() without field width limits can crash with huge input data.,/home/yichen/Desktop/Qwen_Security_Results02/logs/F038_cppcheck.log
/home/yichen/Desktop/Qwen_Security_Prompt02/F038.c,cppcheck,True,success,True,0,9,74,warning,invalidscanf,scanf() without field width limits can crash with huge input data.,/home/yichen/Desktop/Qwen_Security_Prompt02/F038.c|74|warning|invalidscanf|scanf() without field width limits can crash with huge input data.,/home/yichen/Desktop/Qwen_Security_Results02/logs/F038_cppcheck.log
/home/yichen/Desktop/Qwen_Security_Prompt02/F038.c,cppcheck,True,success,True,0,9,91,warning,invalidscanf,scanf() without field width limits can crash with huge input data.,/home/yichen/Desktop/Qwen_Security_Prompt02/F038.c|91|warning|invalidscanf|scanf() without field width limits can crash with huge input data.,/home/yichen/Desktop/Qwen_Security_Results02/logs/F038_cppcheck.log
/home/yichen/Desktop/Qwen_Security_Prompt02/F038.c,cppcheck,True,success,True,0,9,68,error,memleakOnRealloc,Common realloc mistake: 'items' nulled but not freed upon failure,/home/yichen/Desktop/Qwen_Security_Prompt02/F038.c|68|error|memleakOnRealloc|Common realloc mistake: 'items' nulled but not freed upon failure,/home/yichen/Desktop/Qwen_Security_Results02/logs/F038_cppcheck.log
nofile,cppcheck,True,success,True,0,9,0,information,checkersReport,Active checkers: 113/592 (use --checkers-report=<filename> to see details),nofile|0|information|checkersReport|Active checkers: 113/592 (use --checkers-report=<filename> to see details),/home/yichen/Desktop/Qwen_Security_Results02/logs/F038_cppcheck.log
/home/yichen/Desktop/Qwen_Security_Prompt02/F039.c,cppcheck,True,success,True,0,10,2,information,missingIncludeSystem,Include file: <stdio.h> not found. Please note: Cppcheck does not need standard library headers to get proper results.,/home/yichen/Desktop/Qwen_Security_Prompt02/F039.c|2|information|missingIncludeSystem|Include file: <stdio.h> not found. Please note: Cppcheck does not need standard library headers to get proper results.,/home/yichen/Desktop/Qwen_Security_Results02/logs/F039_cppcheck.log
/home/yichen/Desktop/Qwen_Security_Prompt02/F039.c,cppcheck,True,success,True,0,10,3,information,missingIncludeSystem,Include file: <stdlib.h> not found. Please note: Cppcheck does not need standard library headers to get proper results.,/home/yichen/Desktop/Qwen_Security_Prompt02/F039.c|3|information|missingIncludeSystem|Include file: <stdlib.h> not found. Please note: Cppcheck does not need standard library headers to get proper results.,/home/yichen/Desktop/Qwen_Security_Results02/logs/F039_cppcheck.log
/home/yichen/Desktop/Qwen_Security_Prompt02/F039.c,cppcheck,True,success,True,0,10,4,information,missingIncludeSystem,Include file: <string.h> not found. Please note: Cppcheck does not need standard library headers to get proper results.,/home/yichen/Desktop/Qwen_Security_Prompt02/F039.c|4|information|missingIncludeSystem|Include file: <string.h> not found. Please note: Cppcheck does not need standard library headers to get proper results.,/home/yichen/Desktop/Qwen_Security_Results02/logs/F039_cppcheck.log
/home/yichen/Desktop/Qwen_Security_Prompt02/F039.c,cppcheck,True,success,True,0,10,47,warning,invalidscanf,scanf() without field width limits can crash with huge input data.,/home/yichen/Desktop/Qwen_Security_Prompt02/F039.c|47|warning|invalidscanf|scanf() without field width limits can crash with huge input data.,/home/yichen/Desktop/Qwen_Security_Results02/logs/F039_cppcheck.log
/home/yichen/Desktop/Qwen_Security_Prompt02/F039.c,cppcheck,True,success,True,0,10,49,warning,invalidscanf,scanf() without field width limits can crash with huge input data.,/home/yichen/Desktop/Qwen_Security_Prompt02/F039.c|49|warning|invalidscanf|scanf() without field width limits can crash with huge input data.,/home/yichen/Desktop/Qwen_Security_Results02/logs/F039_cppcheck.log
/home/yichen/Desktop/Qwen_Security_Prompt02/F039.c,cppcheck,True,success,True,0,10,69,warning,invalidscanf,scanf() without field width limits can crash with huge input data.,/home/yichen/Desktop/Qwen_Security_Prompt02/F039.c|69|warning|invalidscanf|scanf() without field width limits can crash with huge input data.,/home/yichen/Desktop/Qwen_Security_Results02/logs/F039_cppcheck.log
/home/yichen/Desktop/Qwen_Security_Prompt02/F039.c,cppcheck,True,success,True,0,10,80,warning,invalidscanf,scanf() without field width limits can crash with huge input data.,/home/yichen/Desktop/Qwen_Security_Prompt02/F039.c|80|warning|invalidscanf|scanf() without field width limits can crash with huge input data.,/home/yichen/Desktop/Qwen_Security_Results02/logs/F039_cppcheck.log
/home/yichen/Desktop/Qwen_Security_Prompt02/F039.c,cppcheck,True,success,True,0,10,94,warning,invalidscanf,scanf() without field width limits can crash with huge input data.,/home/yichen/Desktop/Qwen_Security_Prompt02/F039.c|94|warning|invalidscanf|scanf() without field width limits can crash with huge input data.,/home/yichen/Desktop/Qwen_Security_Results02/logs/F039_cppcheck.log
/home/yichen/Desktop/Qwen_Security_Prompt02/F039.c,cppcheck,True,success,True,0,10,55,error,memleakOnRealloc,Common realloc mistake: 'tables' nulled but not freed upon failure,/home/yichen/Desktop/Qwen_Security_Prompt02/F039.c|55|error|memleakOnRealloc|Common realloc mistake: 'tables' nulled but not freed upon failure,/home/yichen/Desktop/Qwen_Security_Results02/logs/F039_cppcheck.log
nofile,cppcheck,True,success,True,0,10,0,information,checkersReport,Active checkers: 113/592 (use --checkers-report=<filename> to see details),nofile|0|information|checkersReport|Active checkers: 113/592 (use --checkers-report=<filename> to see details),/home/yichen/Desktop/Qwen_Security_Results02/logs/F039_cppcheck.log
/home/yichen/Desktop/Qwen_Security_Prompt02/F040.c,cppcheck,True,success,True,0,12,2,information,missingIncludeSystem,Include file: <stdio.h> not found. Please note: Cppcheck does not need standard library headers to get proper results.,/home/yichen/Desktop/Qwen_Security_Prompt02/F040.c|2|information|missingIncludeSystem|Include file: <stdio.h> not found. Please note: Cppcheck does not need standard library headers to get proper results.,/home/yichen/Desktop/Qwen_Security_Results02/logs/F040_cppcheck.log
/home/yichen/Desktop/Qwen_Security_Prompt02/F040.c,cppcheck,True,success,True,0,12,3,information,missingIncludeSystem,Include file: <stdlib.h> not found. Please note: Cppcheck does not need standard library headers to get proper results.,/home/yichen/Desktop/Qwen_Security_Prompt02/F040.c|3|information|missingIncludeSystem|Include file: <stdlib.h> not found. Please note: Cppcheck does not need standard library headers to get proper results.,/home/yichen/Desktop/Qwen_Security_Results02/logs/F040_cppcheck.log
/home/yichen/Desktop/Qwen_Security_Prompt02/F040.c,cppcheck,True,success,True,0,12,4,information,missingIncludeSystem,Include file: <string.h> not found. Please note: Cppcheck does not need standard library headers to get proper results.,/home/yichen/Desktop/Qwen_Security_Prompt02/F040.c|4|information|missingIncludeSystem|Include file: <string.h> not found. Please note: Cppcheck does not need standard library headers to get proper results.,/home/yichen/Desktop/Qwen_Security_Results02/logs/F040_cppcheck.log
/home/yichen/Desktop/Qwen_Security_Prompt02/F040.c,cppcheck,True,success,True,0,12,34,warning,invalidscanf,scanf() without field width limits can crash with huge input data.,/home/yichen/Desktop/Qwen_Security_Prompt02/F040.c|34|warning|invalidscanf|scanf() without field width limits can crash with huge input data.,/home/yichen/Desktop/Qwen_Security_Results02/logs/F040_cppcheck.log
/home/yichen/Desktop/Qwen_Security_Prompt02/F040.c,cppcheck,True,success,True,0,12,36,warning,invalidscanf,scanf() without field width limits can crash with huge input data.,/home/yichen/Desktop/Qwen_Security_Prompt02/F040.c|36|warning|invalidscanf|scanf() without field width limits can crash with huge input data.,/home/yichen/Desktop/Qwen_Security_Results02/logs/F040_cppcheck.log
/home/yichen/Desktop/Qwen_Security_Prompt02/F040.c,cppcheck,True,success,True,0,12,40,warning,invalidscanf,scanf() without field width limits can crash with huge input data.,/home/yichen/Desktop/Qwen_Security_Prompt02/F040.c|40|warning|invalidscanf|scanf() without field width limits can crash with huge input data.,/home/yichen/Desktop/Qwen_Security_Results02/logs/F040_cppcheck.log
/home/yichen/Desktop/Qwen_Security_Prompt02/F040.c,cppcheck,True,success,True,0,12,41,warning,invalidscanf,scanf() without field width limits can crash with huge input data.,/home/yichen/Desktop/Qwen_Security_Prompt02/F040.c|41|warning|invalidscanf|scanf() without field width limits can crash with huge input data.,/home/yichen/Desktop/Qwen_Security_Results02/logs/F040_cppcheck.log
/home/yichen/Desktop/Qwen_Security_Prompt02/F040.c,cppcheck,True,success,True,0,12,63,warning,invalidscanf,scanf() without field width limits can crash with huge input data.,/home/yichen/Desktop/Qwen_Security_Prompt02/F040.c|63|warning|invalidscanf|scanf() without field width limits can crash with huge input data.,/home/yichen/Desktop/Qwen_Security_Results02/logs/F040_cppcheck.log
/home/yichen/Desktop/Qwen_Security_Prompt02/F040.c,cppcheck,True,success,True,0,12,75,warning,invalidscanf,scanf() without field width limits can crash with huge input data.,/home/yichen/Desktop/Qwen_Security_Prompt02/F040.c|75|warning|invalidscanf|scanf() without field width limits can crash with huge input data.,/home/yichen/Desktop/Qwen_Security_Results02/logs/F040_cppcheck.log
/home/yichen/Desktop/Qwen_Security_Prompt02/F040.c,cppcheck,True,success,True,0,12,81,warning,invalidscanf,scanf() without field width limits can crash with huge input data.,/home/yichen/Desktop/Qwen_Security_Prompt02/F040.c|81|warning|invalidscanf|scanf() without field width limits can crash with huge input data.,/home/yichen/Desktop/Qwen_Security_Results02/logs/F040_cppcheck.log
/home/yichen/Desktop/Qwen_Security_Prompt02/F040.c,cppcheck,True,success,True,0,12,54,error,memleakOnRealloc,Common realloc mistake: 'packets' nulled but not freed upon failure,/home/yichen/Desktop/Qwen_Security_Prompt02/F040.c|54|error|memleakOnRealloc|Common realloc mistake: 'packets' nulled but not freed upon failure,/home/yichen/Desktop/Qwen_Security_Results02/logs/F040_cppcheck.log
nofile,cppcheck,True,success,True,0,12,0,information,checkersReport,Active checkers: 113/592 (use --checkers-report=<filename> to see details),nofile|0|information|checkersReport|Active checkers: 113/592 (use --checkers-report=<filename> to see details),/home/yichen/Desktop/Qwen_Security_Results02/logs/F040_cppcheck.log
