file,line,severity,confidence,domain,subdomain,category,check_id,message,evidence
/home/yichen/Desktop/Qwen_Security_Prompt02/F001.c,44,medium,review,memory,memory_copy,memory,dangerous_function:memmove,memmove requires a destination bound that is not proven here,"memmove(text, text + 1, strlen(text));"
/home/yichen/Desktop/Qwen_Security_Prompt02/F001.c,62,medium,review,memory,memory_string,dangerous_function,dangerous_function:sprintf,sprintf writes without an explicit destination size,"sprintf(nt, ""%s %s"", paras[idx].text, text);"
/home/yichen/Desktop/Qwen_Security_Prompt02/F001.c,39,high,confirmed,memory,memory_string,input,scanf_unbounded_string_conversion,scanf format contains unbounded %s conversion,"while (scanf(""%s"", cmd) == 1 && strcmp(cmd, ""END"") != 0) {"
/home/yichen/Desktop/Qwen_Security_Prompt02/F001.c,41,high,confirmed,memory,memory_string,input,scanf_unbounded_string_conversion,scanf format contains unbounded %s conversion,"scanf(""%s"", id);"
/home/yichen/Desktop/Qwen_Security_Prompt02/F001.c,78,high,confirmed,memory,memory_string,input,scanf_unbounded_string_conversion,scanf format contains unbounded %s conversion,"scanf(""%s"", id);"
/home/yichen/Desktop/Qwen_Security_Prompt02/F001.c,89,high,confirmed,memory,memory_string,input,scanf_unbounded_string_conversion,scanf format contains unbounded %s conversion,"scanf(""%s"", id);"
/home/yichen/Desktop/Qwen_Security_Prompt02/F001.c,52,medium,likely,memory,memory_heap,memory,unchecked_allocation:strdup,strdup result does not appear to be checked for NULL nearby,paras[idx].text = strdup(text);
/home/yichen/Desktop/Qwen_Security_Prompt02/F001.c,54,medium,likely,memory,memory_heap,memory,realloc_direct_assign,realloc result is assigned directly to the original pointer,"paras = realloc(paras, sizeof(Paragraph) * (count + 1));"
/home/yichen/Desktop/Qwen_Security_Prompt02/F001.c,55,medium,likely,memory,memory_heap,memory,unchecked_allocation:strdup,strdup result does not appear to be checked for NULL nearby,paras[count].id = strdup(id);
/home/yichen/Desktop/Qwen_Security_Prompt02/F001.c,56,medium,likely,memory,memory_heap,memory,unchecked_allocation:strdup,strdup result does not appear to be checked for NULL nearby,paras[count].text = strdup(text);
/home/yichen/Desktop/Qwen_Security_Prompt02/F001.c,61,medium,likely,memory,memory_heap,memory,unchecked_allocation:malloc,malloc result does not appear to be checked for NULL nearby,char *nt = malloc(strlen(paras[idx].text) + strlen(text) + 2);
/home/yichen/Desktop/Qwen_Security_Prompt02/F001.c,66,medium,likely,memory,memory_heap,memory,realloc_direct_assign,realloc result is assigned directly to the original pointer,"paras = realloc(paras, sizeof(Paragraph) * (count + 1));"
/home/yichen/Desktop/Qwen_Security_Prompt02/F001.c,66,medium,review,memory,memory_integer,integer,allocation_size_without_overflow_guard,allocation size multiplication has no visible overflow guard,"paras = realloc(paras, sizeof(Paragraph) * (count + 1));"
/home/yichen/Desktop/Qwen_Security_Prompt02/F001.c,67,medium,likely,memory,memory_heap,memory,unchecked_allocation:strdup,strdup result does not appear to be checked for NULL nearby,paras[count].id = strdup(id);
/home/yichen/Desktop/Qwen_Security_Prompt02/F001.c,68,medium,likely,memory,memory_heap,memory,unchecked_allocation:strdup,strdup result does not appear to be checked for NULL nearby,paras[count].text = strdup(text);
/home/yichen/Desktop/Qwen_Security_Prompt02/F001.c,74,medium,likely,memory,memory_heap,memory,unchecked_allocation:strdup,strdup result does not appear to be checked for NULL nearby,paras[idx].text = strdup(text);
/home/yichen/Desktop/Qwen_Security_Prompt02/F001.c,44,medium,confirmed,memory,memory_copy,memory,tainted_sink:memmove,externally controlled input appears to reach memmove argument 2,"memmove(text, text + 1, strlen(text));"
/home/yichen/Desktop/Qwen_Security_Prompt02/F002.c,46,medium,review,memory,memory_copy,memory,dangerous_function:memmove,memmove requires a destination bound that is not proven here,"memmove(msg, msg + 1, strlen(msg));"
/home/yichen/Desktop/Qwen_Security_Prompt02/F002.c,52,medium,review,memory,memory_string,dangerous_function,dangerous_function:sprintf,sprintf writes without an explicit destination size,"sprintf(nm, ""%s %s"", msgs[idx].msg, msg);"
/home/yichen/Desktop/Qwen_Security_Prompt02/F002.c,67,medium,review,memory,memory_string,dangerous_function,dangerous_function:sprintf,sprintf writes without an explicit destination size,"sprintf(nm, ""%s %s"", msgs[i1].msg, msgs[i2].msg);"
/home/yichen/Desktop/Qwen_Security_Prompt02/F002.c,41,high,confirmed,memory,memory_string,input,scanf_unbounded_string_conversion,scanf format contains unbounded %s conversion,"while (scanf(""%s"", cmd) == 1 && strcmp(cmd, ""END"") != 0) {"
/home/yichen/Desktop/Qwen_Security_Prompt02/F002.c,43,high,confirmed,memory,memory_string,input,scanf_unbounded_string_conversion,scanf format contains unbounded %s conversion,"scanf(""%s"", t1);"
/home/yichen/Desktop/Qwen_Security_Prompt02/F002.c,62,high,confirmed,memory,memory_string,input,scanf_unbounded_string_conversion,scanf format contains unbounded %s conversion,"scanf(""%s %s %s"", t1, t2, t3);"
/home/yichen/Desktop/Qwen_Security_Prompt02/F002.c,80,high,confirmed,memory,memory_string,input,scanf_unbounded_string_conversion,scanf format contains unbounded %s conversion,"scanf(""%s"", t1);"
/home/yichen/Desktop/Qwen_Security_Prompt02/F002.c,91,high,confirmed,memory,memory_string,input,scanf_unbounded_string_conversion,scanf format contains unbounded %s conversion,"scanf(""%s"", t1);"
/home/yichen/Desktop/Qwen_Security_Prompt02/F002.c,51,medium,likely,memory,memory_heap,memory,unchecked_allocation:malloc,malloc result does not appear to be checked for NULL nearby,char *nm = malloc(strlen(msgs[idx].msg) + strlen(msg) + 2);
/home/yichen/Desktop/Qwen_Security_Prompt02/F002.c,56,medium,likely,memory,memory_heap,memory,realloc_direct_assign,realloc result is assigned directly to the original pointer,"msgs = realloc(msgs, sizeof(Message) * (count + 1));"
/home/yichen/Desktop/Qwen_Security_Prompt02/F002.c,56,medium,review,memory,memory_integer,integer,allocation_size_without_overflow_guard,allocation size multiplication has no visible overflow guard,"msgs = realloc(msgs, sizeof(Message) * (count + 1));"
/home/yichen/Desktop/Qwen_Security_Prompt02/F002.c,57,medium,likely,memory,memory_heap,memory,unchecked_allocation:strdup,strdup result does not appear to be checked for NULL nearby,msgs[count].tag = strdup(t1);
/home/yichen/Desktop/Qwen_Security_Prompt02/F002.c,58,medium,likely,memory,memory_heap,memory,unchecked_allocation:strdup,strdup result does not appear to be checked for NULL nearby,msgs[count].msg = strdup(msg);
/home/yichen/Desktop/Qwen_Security_Prompt02/F002.c,66,medium,likely,memory,memory_heap,memory,unchecked_allocation:malloc,malloc result does not appear to be checked for NULL nearby,char *nm = malloc(strlen(msgs[i1].msg) + strlen(msgs[i2].msg) + 2);
/home/yichen/Desktop/Qwen_Security_Prompt02/F002.c,73,medium,likely,memory,memory_heap,memory,realloc_direct_assign,realloc result is assigned directly to the original pointer,"msgs = realloc(msgs, sizeof(Message) * (count + 1));"
/home/yichen/Desktop/Qwen_Security_Prompt02/F002.c,74,medium,likely,memory,memory_heap,memory,unchecked_allocation:strdup,strdup result does not appear to be checked for NULL nearby,msgs[count].tag = strdup(t3);
/home/yichen/Desktop/Qwen_Security_Prompt02/F002.c,46,medium,confirmed,memory,memory_copy,memory,tainted_sink:memmove,externally controlled input appears to reach memmove argument 2,"memmove(msg, msg + 1, strlen(msg));"
/home/yichen/Desktop/Qwen_Security_Prompt02/F003.c,45,medium,review,memory,memory_copy,memory,dangerous_function:memmove,memmove requires a destination bound that is not proven here,"memmove(exp, exp + 1, strlen(exp));"
/home/yichen/Desktop/Qwen_Security_Prompt02/F003.c,40,high,confirmed,memory,memory_string,input,scanf_unbounded_string_conversion,scanf format contains unbounded %s conversion,"while (scanf(""%s"", cmd) == 1 && strcmp(cmd, ""END"") != 0) {"
/home/yichen/Desktop/Qwen_Security_Prompt02/F003.c,42,high,confirmed,memory,memory_string,input,scanf_unbounded_string_conversion,scanf format contains unbounded %s conversion,"scanf(""%s"", n1);"
/home/yichen/Desktop/Qwen_Security_Prompt02/F003.c,59,high,confirmed,memory,memory_string,input,scanf_unbounded_string_conversion,scanf format contains unbounded %s conversion,"scanf(""%s"", n1);"
/home/yichen/Desktop/Qwen_Security_Prompt02/F003.c,65,high,confirmed,memory,memory_string,input,scanf_unbounded_string_conversion,scanf format contains unbounded %s conversion,"scanf(""%s %s"", n1, n2);"
/home/yichen/Desktop/Qwen_Security_Prompt02/F003.c,72,high,confirmed,memory,memory_string,input,scanf_unbounded_string_conversion,scanf format contains unbounded %s conversion,"scanf(""%s"", n1);"
/home/yichen/Desktop/Qwen_Security_Prompt02/F003.c,51,medium,likely,memory,memory_heap,memory,unchecked_allocation:strdup,strdup result does not appear to be checked for NULL nearby,aliases[idx].exp = strdup(exp);
/home/yichen/Desktop/Qwen_Security_Prompt02/F003.c,53,medium,likely,memory,memory_heap,memory,realloc_direct_assign,realloc result is assigned directly to the original pointer,"aliases = realloc(aliases, sizeof(Alias) * (count + 1));"
/home/yichen/Desktop/Qwen_Security_Prompt02/F003.c,54,medium,likely,memory,memory_heap,memory,unchecked_allocation:strdup,strdup result does not appear to be checked for NULL nearby,aliases[count].name = strdup(n1);
/home/yichen/Desktop/Qwen_Security_Prompt02/F003.c,55,medium,likely,memory,memory_heap,memory,unchecked_allocation:strdup,strdup result does not appear to be checked for NULL nearby,aliases[count].exp = strdup(exp);
/home/yichen/Desktop/Qwen_Security_Prompt02/F003.c,69,medium,likely,memory,memory_heap,memory,unchecked_allocation:strdup,strdup result does not appear to be checked for NULL nearby,aliases[idx].name = strdup(n2);
/home/yichen/Desktop/Qwen_Security_Prompt02/F003.c,45,medium,confirmed,memory,memory_copy,memory,tainted_sink:memmove,externally controlled input appears to reach memmove argument 2,"memmove(exp, exp + 1, strlen(exp));"
/home/yichen/Desktop/Qwen_Security_Prompt02/F004.c,34,low,review,memory,memory_string,memory,dangerous_function:strncpy,strncpy can leave the destination unterminated unless null termination is proven,"strncpy(key, text + i + 1, j - i - 1);"
/home/yichen/Desktop/Qwen_Security_Prompt02/F004.c,37,high,confirmed,memory,memory_string,dangerous_function,dangerous_function:strcat,"strcat depends on remaining destination capacity, which is not proven here","strcat(out, vars[idx].val);"
/home/yichen/Desktop/Qwen_Security_Prompt02/F004.c,39,low,review,memory,memory_string,memory,dangerous_function:strncat,strncat requires a remaining-capacity calculation,"strncat(out, text + i, j - i + 1);"
/home/yichen/Desktop/Qwen_Security_Prompt02/F004.c,63,medium,review,memory,memory_copy,memory,dangerous_function:memmove,memmove requires a destination bound that is not proven here,"memmove(val, val + 1, strlen(val));"
/home/yichen/Desktop/Qwen_Security_Prompt02/F004.c,90,medium,review,memory,memory_copy,memory,dangerous_function:memmove,memmove requires a destination bound that is not proven here,"memmove(text, text + 1, strlen(text));"
/home/yichen/Desktop/Qwen_Security_Prompt02/F004.c,58,high,confirmed,memory,memory_string,input,scanf_unbounded_string_conversion,scanf format contains unbounded %s conversion,"while (scanf(""%s"", cmd) == 1 && strcmp(cmd, ""END"") != 0) {"
/home/yichen/Desktop/Qwen_Security_Prompt02/F004.c,60,high,confirmed,memory,memory_string,input,scanf_unbounded_string_conversion,scanf format contains unbounded %s conversion,"scanf(""%s"", key);"
/home/yichen/Desktop/Qwen_Security_Prompt02/F004.c,77,high,confirmed,memory,memory_string,input,scanf_unbounded_string_conversion,scanf format contains unbounded %s conversion,"scanf(""%s"", key);"
/home/yichen/Desktop/Qwen_Security_Prompt02/F004.c,69,medium,likely,memory,memory_heap,memory,unchecked_allocation:strdup,strdup result does not appear to be checked for NULL nearby,vars[idx].val = strdup(val);
/home/yichen/Desktop/Qwen_Security_Prompt02/F004.c,71,medium,likely,memory,memory_heap,memory,realloc_direct_assign,realloc result is assigned directly to the original pointer,"vars = realloc(vars, sizeof(Variable) * (count + 1));"
/home/yichen/Desktop/Qwen_Security_Prompt02/F004.c,72,medium,likely,memory,memory_heap,memory,unchecked_allocation:strdup,strdup result does not appear to be checked for NULL nearby,vars[count].key = strdup(key);
/home/yichen/Desktop/Qwen_Security_Prompt02/F004.c,73,medium,likely,memory,memory_heap,memory,unchecked_allocation:strdup,strdup result does not appear to be checked for NULL nearby,vars[count].val = strdup(val);
/home/yichen/Desktop/Qwen_Security_Prompt02/F004.c,37,high,confirmed,memory,memory_string,string,tainted_sink:strcat,externally controlled input appears to reach strcat argument 2,"strcat(out, vars[idx].val);"
/home/yichen/Desktop/Qwen_Security_Prompt02/F004.c,63,medium,confirmed,memory,memory_copy,memory,tainted_sink:memmove,externally controlled input appears to reach memmove argument 2,"memmove(val, val + 1, strlen(val));"
/home/yichen/Desktop/Qwen_Security_Prompt02/F004.c,90,medium,confirmed,memory,memory_copy,memory,tainted_sink:memmove,externally controlled input appears to reach memmove argument 2,"memmove(text, text + 1, strlen(text));"
/home/yichen/Desktop/Qwen_Security_Prompt02/F005.c,30,medium,review,memory,memory_copy,memory,dangerous_function:memmove,memmove requires a destination bound that is not proven here,"memmove(text, text + 1, strlen(text));"
/home/yichen/Desktop/Qwen_Security_Prompt02/F005.c,45,medium,review,memory,memory_copy,memory,dangerous_function:memmove,memmove requires a destination bound that is not proven here,"memmove(text, text + 1, strlen(text));"
/home/yichen/Desktop/Qwen_Security_Prompt02/F005.c,64,medium,review,memory,memory_copy,memory,dangerous_function:memmove,memmove requires a destination bound that is not proven here,"memmove(text, text + 1, strlen(text));"
/home/yichen/Desktop/Qwen_Security_Prompt02/F005.c,25,high,confirmed,memory,memory_string,input,scanf_unbounded_string_conversion,scanf format contains unbounded %s conversion,"while (scanf(""%s"", cmd) == 1 && strcmp(cmd, ""END"") != 0) {"
/home/yichen/Desktop/Qwen_Security_Prompt02/F005.c,36,medium,likely,memory,memory_heap,memory,realloc_direct_assign,realloc result is assigned directly to the original pointer,"lines = realloc(lines, sizeof(char*) * (count + 1));"
/home/yichen/Desktop/Qwen_Security_Prompt02/F005.c,40,medium,likely,memory,memory_heap,memory,unchecked_allocation:strdup,strdup result does not appear to be checked for NULL nearby,lines[idx] = strdup(text);
/home/yichen/Desktop/Qwen_Security_Prompt02/F005.c,48,medium,likely,memory,memory_heap,memory,realloc_direct_assign,realloc result is assigned directly to the original pointer,"lines = realloc(lines, sizeof(char*) * (count + 1));"
/home/yichen/Desktop/Qwen_Security_Prompt02/F005.c,49,medium,likely,memory,memory_heap,memory,unchecked_allocation:strdup,strdup result does not appear to be checked for NULL nearby,lines[count++] = strdup(text);
/home/yichen/Desktop/Qwen_Security_Prompt02/F005.c,71,medium,likely,memory,memory_heap,memory,unchecked_allocation:strdup,strdup result does not appear to be checked for NULL nearby,lines[idx] = strdup(text);
/home/yichen/Desktop/Qwen_Security_Prompt02/F005.c,30,medium,confirmed,memory,memory_copy,memory,tainted_sink:memmove,externally controlled input appears to reach memmove argument 2,"memmove(text, text + 1, strlen(text));"
/home/yichen/Desktop/Qwen_Security_Prompt02/F005.c,45,medium,confirmed,memory,memory_copy,memory,tainted_sink:memmove,externally controlled input appears to reach memmove argument 2,"memmove(text, text + 1, strlen(text));"
/home/yichen/Desktop/Qwen_Security_Prompt02/F005.c,64,medium,confirmed,memory,memory_copy,memory,tainted_sink:memmove,externally controlled input appears to reach memmove argument 2,"memmove(text, text + 1, strlen(text));"
/home/yichen/Desktop/Qwen_Security_Prompt02/F006.c,28,high,confirmed,memory,memory_string,input,scanf_unbounded_string_conversion,scanf format contains unbounded %s conversion,"while (scanf(""%s"", cmd) == 1 && strcmp(cmd, ""END"") != 0) {"
/home/yichen/Desktop/Qwen_Security_Prompt02/F006.c,30,high,confirmed,memory,memory_string,input,scanf_unbounded_string_conversion,scanf format contains unbounded %s conversion,"scanf(""%s %d"", item, &c);"
/home/yichen/Desktop/Qwen_Security_Prompt02/F006.c,41,high,confirmed,memory,memory_string,input,scanf_unbounded_string_conversion,scanf format contains unbounded %s conversion,"scanf(""%s %d"", item, &c);"
/home/yichen/Desktop/Qwen_Security_Prompt02/F006.c,50,high,confirmed,memory,memory_string,input,scanf_unbounded_string_conversion,scanf format contains unbounded %s conversion,"scanf(""%s"", item);"
/home/yichen/Desktop/Qwen_Security_Prompt02/F006.c,60,high,confirmed,memory,memory_string,input,scanf_unbounded_string_conversion,scanf format contains unbounded %s conversion,"scanf(""%s"", item);"
/home/yichen/Desktop/Qwen_Security_Prompt02/F006.c,35,medium,likely,memory,memory_heap,memory,realloc_direct_assign,realloc result is assigned directly to the original pointer,"inv = realloc(inv, sizeof(Inventory) * (total + 1));"
/home/yichen/Desktop/Qwen_Security_Prompt02/F006.c,36,medium,likely,memory,memory_heap,memory,unchecked_allocation:strdup,strdup result does not appear to be checked for NULL nearby,inv[total].item = strdup(item);
/home/yichen/Desktop/Qwen_Security_Prompt02/F007.c,35,medium,review,memory,memory_copy,memory,dangerous_function:memmove,memmove requires a destination bound that is not proven here,"memmove(note, note + 1, strlen(note));"
/home/yichen/Desktop/Qwen_Security_Prompt02/F007.c,30,high,confirmed,memory,memory_string,input,scanf_unbounded_string_conversion,scanf format contains unbounded %s conversion,"while (scanf(""%s"", cmd) == 1 && strcmp(cmd, ""END"") != 0) {"
/home/yichen/Desktop/Qwen_Security_Prompt02/F007.c,32,high,confirmed,memory,memory_string,input,scanf_unbounded_string_conversion,scanf format contains unbounded %s conversion,"scanf(""%d %s"", &t, label);"
/home/yichen/Desktop/Qwen_Security_Prompt02/F007.c,44,high,confirmed,memory,memory_string,input,scanf_unbounded_string_conversion,scanf format contains unbounded %s conversion,"scanf(""%d %s"", &t, label);"
/home/yichen/Desktop/Qwen_Security_Prompt02/F007.c,58,high,confirmed,memory,memory_string,input,scanf_unbounded_string_conversion,scanf format contains unbounded %s conversion,"scanf(""%s"", label);"
/home/yichen/Desktop/Qwen_Security_Prompt02/F007.c,38,medium,likely,memory,memory_heap,memory,realloc_direct_assign,realloc result is assigned directly to the original pointer,"acts = realloc(acts, sizeof(Activity) * (count + 1));"
/home/yichen/Desktop/Qwen_Security_Prompt02/F007.c,40,medium,likely,memory,memory_heap,memory,unchecked_allocation:strdup,strdup result does not appear to be checked for NULL nearby,acts[count].label = strdup(label);
/home/yichen/Desktop/Qwen_Security_Prompt02/F007.c,41,medium,likely,memory,memory_heap,memory,unchecked_allocation:strdup,strdup result does not appear to be checked for NULL nearby,acts[count].note = strdup(note);
/home/yichen/Desktop/Qwen_Security_Prompt02/F007.c,35,medium,confirmed,memory,memory_copy,memory,tainted_sink:memmove,externally controlled input appears to reach memmove argument 2,"memmove(note, note + 1, strlen(note));"
/home/yichen/Desktop/Qwen_Security_Prompt02/F008.c,35,medium,review,memory,memory_copy,memory,dangerous_function:memmove,memmove requires a destination bound that is not proven here,"memmove(note, note + 1, strlen(note));"
/home/yichen/Desktop/Qwen_Security_Prompt02/F008.c,30,high,confirmed,memory,memory_string,input,scanf_unbounded_string_conversion,scanf format contains unbounded %s conversion,"while (scanf(""%s"", cmd) == 1 && strcmp(cmd, ""END"") != 0) {"
/home/yichen/Desktop/Qwen_Security_Prompt02/F008.c,32,high,confirmed,memory,memory_string,input,scanf_unbounded_string_conversion,scanf format contains unbounded %s conversion,"scanf(""%s %d"", name, &score);"
/home/yichen/Desktop/Qwen_Security_Prompt02/F008.c,51,high,confirmed,memory,memory_string,input,scanf_unbounded_string_conversion,scanf format contains unbounded %s conversion,"scanf(""%s"", name);"
/home/yichen/Desktop/Qwen_Security_Prompt02/F008.c,42,medium,likely,memory,memory_heap,memory,unchecked_allocation:strdup,strdup result does not appear to be checked for NULL nearby,students[idx].note = strdup(note);
/home/yichen/Desktop/Qwen_Security_Prompt02/F008.c,44,medium,likely,memory,memory_heap,memory,realloc_direct_assign,realloc result is assigned directly to the original pointer,"students = realloc(students, sizeof(Student) * (count + 1));"
/home/yichen/Desktop/Qwen_Security_Prompt02/F008.c,44,medium,review,memory,memory_integer,integer,allocation_size_without_overflow_guard,allocation size multiplication has no visible overflow guard,"students = realloc(students, sizeof(Student) * (count + 1));"
/home/yichen/Desktop/Qwen_Security_Prompt02/F008.c,45,medium,likely,memory,memory_heap,memory,unchecked_allocation:strdup,strdup result does not appear to be checked for NULL nearby,students[count].name = strdup(name);
/home/yichen/Desktop/Qwen_Security_Prompt02/F008.c,47,medium,likely,memory,memory_heap,memory,unchecked_allocation:strdup,strdup result does not appear to be checked for NULL nearby,students[count].note = strdup(note);
/home/yichen/Desktop/Qwen_Security_Prompt02/F008.c,35,medium,confirmed,memory,memory_copy,memory,tainted_sink:memmove,externally controlled input appears to reach memmove argument 2,"memmove(note, note + 1, strlen(note));"
/home/yichen/Desktop/Qwen_Security_Prompt02/F009.c,49,medium,review,memory,memory_copy,memory,dangerous_function:memmove,memmove requires a destination bound that is not proven here,"memmove(desc, desc + 1, strlen(desc));"
/home/yichen/Desktop/Qwen_Security_Prompt02/F009.c,44,high,confirmed,memory,memory_string,input,scanf_unbounded_string_conversion,scanf format contains unbounded %s conversion,"while (scanf(""%s"", cmd) == 1 && strcmp(cmd, ""END"") != 0) {"
/home/yichen/Desktop/Qwen_Security_Prompt02/F009.c,46,high,confirmed,memory,memory_string,input,scanf_unbounded_string_conversion,scanf format contains unbounded %s conversion,"scanf(""%s"", g1);"
/home/yichen/Desktop/Qwen_Security_Prompt02/F009.c,63,high,confirmed,memory,memory_string,input,scanf_unbounded_string_conversion,scanf format contains unbounded %s conversion,"scanf(""%s %s %s"", g1, g2, g3);"
/home/yichen/Desktop/Qwen_Security_Prompt02/F009.c,86,high,confirmed,memory,memory_string,input,scanf_unbounded_string_conversion,scanf format contains unbounded %s conversion,"scanf(""%s"", g1);"
/home/yichen/Desktop/Qwen_Security_Prompt02/F009.c,100,high,confirmed,memory,memory_string,input,scanf_unbounded_string_conversion,scanf format contains unbounded %s conversion,"scanf(""%s"", g1);"
/home/yichen/Desktop/Qwen_Security_Prompt02/F009.c,32,medium,likely,memory,memory_heap,memory,realloc_direct_assign,realloc result is assigned directly to the original pointer,"groups[idx].events = realloc(groups[idx].events, sizeof(Event) * groups[idx].cap);"
/home/yichen/Desktop/Qwen_Security_Prompt02/F009.c,34,medium,likely,memory,memory_heap,memory,unchecked_allocation:strdup,strdup result does not appear to be checked for NULL nearby,groups[idx].events[groups[idx].count++].desc = strdup(desc);
/home/yichen/Desktop/Qwen_Security_Prompt02/F009.c,54,medium,likely,memory,memory_heap,memory,realloc_direct_assign,realloc result is assigned directly to the original pointer,"groups = realloc(groups, sizeof(Group) * (total + 1));"
/home/yichen/Desktop/Qwen_Security_Prompt02/F009.c,55,medium,likely,memory,memory_heap,memory,unchecked_allocation:strdup,strdup result does not appear to be checked for NULL nearby,groups[total].group = strdup(g1);
/home/yichen/Desktop/Qwen_Security_Prompt02/F009.c,68,medium,likely,memory,memory_heap,memory,realloc_direct_assign,realloc result is assigned directly to the original pointer,"groups = realloc(groups, sizeof(Group) * (total + 1));"
/home/yichen/Desktop/Qwen_Security_Prompt02/F009.c,69,medium,likely,memory,memory_heap,memory,unchecked_allocation:strdup,strdup result does not appear to be checked for NULL nearby,groups[total].group = strdup(g3);
/home/yichen/Desktop/Qwen_Security_Prompt02/F009.c,49,medium,confirmed,memory,memory_copy,memory,tainted_sink:memmove,externally controlled input appears to reach memmove argument 2,"memmove(desc, desc + 1, strlen(desc));"
/home/yichen/Desktop/Qwen_Security_Prompt02/F010.c,42,high,confirmed,memory,memory_string,input,scanf_unbounded_string_conversion,scanf format contains unbounded %s conversion,"while (scanf(""%s"", cmd) == 1 && strcmp(cmd, ""END"") != 0) {"
/home/yichen/Desktop/Qwen_Security_Prompt02/F010.c,44,high,confirmed,memory,memory_string,input,scanf_unbounded_string_conversion,scanf format contains unbounded %s conversion,"scanf(""%s %s"", key, val);"
/home/yichen/Desktop/Qwen_Security_Prompt02/F010.c,56,high,confirmed,memory,memory_string,input,scanf_unbounded_string_conversion,scanf format contains unbounded %s conversion,"scanf(""%s %s"", key, val);"
/home/yichen/Desktop/Qwen_Security_Prompt02/F010.c,71,high,confirmed,memory,memory_string,input,scanf_unbounded_string_conversion,scanf format contains unbounded %s conversion,"scanf(""%s"", key);"
/home/yichen/Desktop/Qwen_Security_Prompt02/F010.c,85,high,confirmed,memory,memory_string,input,scanf_unbounded_string_conversion,scanf format contains unbounded %s conversion,"scanf(""%s"", key);"
/home/yichen/Desktop/Qwen_Security_Prompt02/F010.c,32,medium,likely,memory,memory_heap,memory,realloc_direct_assign,realloc result is assigned directly to the original pointer,"keys[idx].vals = realloc(keys[idx].vals, sizeof(Value) * keys[idx].cap);"
/home/yichen/Desktop/Qwen_Security_Prompt02/F010.c,34,medium,likely,memory,memory_heap,memory,unchecked_allocation:strdup,strdup result does not appear to be checked for NULL nearby,keys[idx].vals[keys[idx].count++].val = strdup(val);
/home/yichen/Desktop/Qwen_Security_Prompt02/F010.c,47,medium,likely,memory,memory_heap,memory,realloc_direct_assign,realloc result is assigned directly to the original pointer,"keys = realloc(keys, sizeof(Key) * (total + 1));"
/home/yichen/Desktop/Qwen_Security_Prompt02/F010.c,48,medium,likely,memory,memory_heap,memory,unchecked_allocation:strdup,strdup result does not appear to be checked for NULL nearby,keys[total].key = strdup(key);
/home/yichen/Desktop/Qwen_Security_Prompt02/F011.c,36,medium,review,memory,memory_copy,memory,dangerous_function:memmove,memmove requires a destination bound that is not proven here,"memmove(body, body + 1, strlen(body));"
/home/yichen/Desktop/Qwen_Security_Prompt02/F011.c,53,medium,review,memory,memory_copy,memory,dangerous_function:memmove,memmove requires a destination bound that is not proven here,"memmove(body, body + 1, strlen(body));"
/home/yichen/Desktop/Qwen_Security_Prompt02/F011.c,31,high,confirmed,memory,memory_string,input,scanf_unbounded_string_conversion,scanf format contains unbounded %s conversion,"while (scanf(""%s"", cmd) == 1 && strcmp(cmd, ""END"") != 0) {"
/home/yichen/Desktop/Qwen_Security_Prompt02/F011.c,33,high,confirmed,memory,memory_string,input,scanf_unbounded_string_conversion,scanf format contains unbounded %s conversion,"scanf(""%s"", title);"
/home/yichen/Desktop/Qwen_Security_Prompt02/F011.c,50,high,confirmed,memory,memory_string,input,scanf_unbounded_string_conversion,scanf format contains unbounded %s conversion,"scanf(""%s"", title);"
/home/yichen/Desktop/Qwen_Security_Prompt02/F011.c,62,high,confirmed,memory,memory_string,input,scanf_unbounded_string_conversion,scanf format contains unbounded %s conversion,"scanf(""%s"", title);"
/home/yichen/Desktop/Qwen_Security_Prompt02/F011.c,82,high,confirmed,memory,memory_string,input,scanf_unbounded_string_conversion,scanf format contains unbounded %s conversion,"scanf(""%s"", title);"
/home/yichen/Desktop/Qwen_Security_Prompt02/F011.c,42,medium,likely,memory,memory_heap,memory,unchecked_allocation:strdup,strdup result does not appear to be checked for NULL nearby,drafts[idx].body = strdup(body);
/home/yichen/Desktop/Qwen_Security_Prompt02/F011.c,44,medium,likely,memory,memory_heap,memory,realloc_direct_assign,realloc result is assigned directly to the original pointer,"drafts = realloc(drafts, sizeof(Draft) * (d_count + 1));"
/home/yichen/Desktop/Qwen_Security_Prompt02/F011.c,45,medium,likely,memory,memory_heap,memory,unchecked_allocation:strdup,strdup result does not appear to be checked for NULL nearby,drafts[d_count].title = strdup(title);
/home/yichen/Desktop/Qwen_Security_Prompt02/F011.c,46,medium,likely,memory,memory_heap,memory,unchecked_allocation:strdup,strdup result does not appear to be checked for NULL nearby,drafts[d_count].body = strdup(body);
/home/yichen/Desktop/Qwen_Security_Prompt02/F011.c,59,medium,likely,memory,memory_heap,memory,unchecked_allocation:strdup,strdup result does not appear to be checked for NULL nearby,drafts[idx].body = strdup(body);
/home/yichen/Desktop/Qwen_Security_Prompt02/F011.c,65,medium,likely,memory,memory_heap,memory,realloc_direct_assign,realloc result is assigned directly to the original pointer,"trash = realloc(trash, sizeof(Draft) * (t_count + 1));"
/home/yichen/Desktop/Qwen_Security_Prompt02/F011.c,77,medium,likely,memory,memory_heap,memory,realloc_direct_assign,realloc result is assigned directly to the original pointer,"drafts = realloc(drafts, sizeof(Draft) * (d_count + 1));"
/home/yichen/Desktop/Qwen_Security_Prompt02/F011.c,36,medium,confirmed,memory,memory_copy,memory,tainted_sink:memmove,externally controlled input appears to reach memmove argument 2,"memmove(body, body + 1, strlen(body));"
/home/yichen/Desktop/Qwen_Security_Prompt02/F011.c,53,medium,confirmed,memory,memory_copy,memory,tainted_sink:memmove,externally controlled input appears to reach memmove argument 2,"memmove(body, body + 1, strlen(body));"
/home/yichen/Desktop/Qwen_Security_Prompt02/F012.c,33,medium,review,memory,memory_copy,memory,dangerous_function:memmove,memmove requires a destination bound that is not proven here,"memmove(note, note + 1, strlen(note));"
/home/yichen/Desktop/Qwen_Security_Prompt02/F012.c,28,high,confirmed,memory,memory_string,input,scanf_unbounded_string_conversion,scanf format contains unbounded %s conversion,"while (scanf(""%s"", cmd) == 1 && strcmp(cmd, ""END"") != 0) {"
/home/yichen/Desktop/Qwen_Security_Prompt02/F012.c,30,high,confirmed,memory,memory_string,input,scanf_unbounded_string_conversion,scanf format contains unbounded %s conversion,"scanf(""%s"", name);"
/home/yichen/Desktop/Qwen_Security_Prompt02/F012.c,51,high,confirmed,memory,memory_string,input,scanf_unbounded_string_conversion,scanf format contains unbounded %s conversion,"scanf(""%s"", name);"
/home/yichen/Desktop/Qwen_Security_Prompt02/F012.c,62,high,confirmed,memory,memory_string,input,scanf_unbounded_string_conversion,scanf format contains unbounded %s conversion,"scanf(""%s"", name);"
/home/yichen/Desktop/Qwen_Security_Prompt02/F012.c,36,medium,likely,memory,memory_heap,memory,realloc_direct_assign,realloc result is assigned directly to the original pointer,"queue = realloc(queue, sizeof(Person) * (count + 1));"
/home/yichen/Desktop/Qwen_Security_Prompt02/F012.c,37,medium,likely,memory,memory_heap,memory,unchecked_allocation:strdup,strdup result does not appear to be checked for NULL nearby,queue[count].name = strdup(name);
/home/yichen/Desktop/Qwen_Security_Prompt02/F012.c,38,medium,likely,memory,memory_heap,memory,unchecked_allocation:strdup,strdup result does not appear to be checked for NULL nearby,queue[count].note = strdup(note);
/home/yichen/Desktop/Qwen_Security_Prompt02/F012.c,33,medium,confirmed,memory,memory_copy,memory,tainted_sink:memmove,externally controlled input appears to reach memmove argument 2,"memmove(note, note + 1, strlen(note));"
/home/yichen/Desktop/Qwen_Security_Prompt02/F013.c,34,medium,review,memory,memory_copy,memory,dangerous_function:memmove,memmove requires a destination bound that is not proven here,"memmove(note, note + 1, strlen(note));"
/home/yichen/Desktop/Qwen_Security_Prompt02/F013.c,29,high,confirmed,memory,memory_string,input,scanf_unbounded_string_conversion,scanf format contains unbounded %s conversion,"while (scanf(""%s"", cmd) == 1 && strcmp(cmd, ""END"") != 0) {"
/home/yichen/Desktop/Qwen_Security_Prompt02/F013.c,31,high,confirmed,memory,memory_string,input,scanf_unbounded_string_conversion,scanf format contains unbounded %s conversion,"scanf(""%s"", title);"
/home/yichen/Desktop/Qwen_Security_Prompt02/F013.c,50,high,confirmed,memory,memory_string,input,scanf_unbounded_string_conversion,scanf format contains unbounded %s conversion,"scanf(""%s"", title);"
/home/yichen/Desktop/Qwen_Security_Prompt02/F013.c,56,high,confirmed,memory,memory_string,input,scanf_unbounded_string_conversion,scanf format contains unbounded %s conversion,"scanf(""%s"", title);"
/home/yichen/Desktop/Qwen_Security_Prompt02/F013.c,62,high,confirmed,memory,memory_string,input,scanf_unbounded_string_conversion,scanf format contains unbounded %s conversion,"scanf(""%s"", title);"
/home/yichen/Desktop/Qwen_Security_Prompt02/F013.c,73,high,confirmed,memory,memory_string,input,scanf_unbounded_string_conversion,scanf format contains unbounded %s conversion,"scanf(""%s"", title);"
/home/yichen/Desktop/Qwen_Security_Prompt02/F013.c,41,medium,likely,memory,memory_heap,memory,unchecked_allocation:strdup,strdup result does not appear to be checked for NULL nearby,tasks[idx].note = strdup(note);
/home/yichen/Desktop/Qwen_Security_Prompt02/F013.c,43,medium,likely,memory,memory_heap,memory,realloc_direct_assign,realloc result is assigned directly to the original pointer,"tasks = realloc(tasks, sizeof(Task) * (count + 1));"
/home/yichen/Desktop/Qwen_Security_Prompt02/F013.c,44,medium,likely,memory,memory_heap,memory,unchecked_allocation:strdup,strdup result does not appear to be checked for NULL nearby,tasks[count].title = strdup(title);
/home/yichen/Desktop/Qwen_Security_Prompt02/F013.c,45,medium,likely,memory,memory_heap,memory,unchecked_allocation:strdup,strdup result does not appear to be checked for NULL nearby,tasks[count].note = strdup(note);
/home/yichen/Desktop/Qwen_Security_Prompt02/F013.c,34,medium,confirmed,memory,memory_copy,memory,tainted_sink:memmove,externally controlled input appears to reach memmove argument 2,"memmove(note, note + 1, strlen(note));"
/home/yichen/Desktop/Qwen_Security_Prompt02/F014.c,49,medium,review,memory,memory_copy,memory,dangerous_function:memmove,memmove requires a destination bound that is not proven here,"memmove(note, note + 1, strlen(note));"
/home/yichen/Desktop/Qwen_Security_Prompt02/F014.c,44,high,confirmed,memory,memory_string,input,scanf_unbounded_string_conversion,scanf format contains unbounded %s conversion,"while (scanf(""%s"", cmd) == 1 && strcmp(cmd, ""END"") != 0) {"
/home/yichen/Desktop/Qwen_Security_Prompt02/F014.c,46,high,confirmed,memory,memory_string,input,scanf_unbounded_string_conversion,scanf format contains unbounded %s conversion,"scanf(""%s"", name);"
/home/yichen/Desktop/Qwen_Security_Prompt02/F014.c,63,high,confirmed,memory,memory_string,input,scanf_unbounded_string_conversion,scanf format contains unbounded %s conversion,"scanf(""%s %s"", name, label);"
/home/yichen/Desktop/Qwen_Security_Prompt02/F014.c,69,high,confirmed,memory,memory_string,input,scanf_unbounded_string_conversion,scanf format contains unbounded %s conversion,"scanf(""%s %s"", name, label);"
/home/yichen/Desktop/Qwen_Security_Prompt02/F014.c,84,high,confirmed,memory,memory_string,input,scanf_unbounded_string_conversion,scanf format contains unbounded %s conversion,"scanf(""%s"", name);"
/home/yichen/Desktop/Qwen_Security_Prompt02/F014.c,99,high,confirmed,memory,memory_string,input,scanf_unbounded_string_conversion,scanf format contains unbounded %s conversion,"scanf(""%s"", name);"
/home/yichen/Desktop/Qwen_Security_Prompt02/F014.c,33,medium,likely,memory,memory_heap,memory,realloc_direct_assign,realloc result is assigned directly to the original pointer,"items[idx].labels = realloc(items[idx].labels, sizeof(Label) * items[idx].cap);"
/home/yichen/Desktop/Qwen_Security_Prompt02/F014.c,35,medium,likely,memory,memory_heap,memory,unchecked_allocation:strdup,strdup result does not appear to be checked for NULL nearby,items[idx].labels[items[idx].count++].label = strdup(label);
/home/yichen/Desktop/Qwen_Security_Prompt02/F014.c,54,medium,likely,memory,memory_heap,memory,realloc_direct_assign,realloc result is assigned directly to the original pointer,"items = realloc(items, sizeof(Item) * (total + 1));"
/home/yichen/Desktop/Qwen_Security_Prompt02/F014.c,55,medium,likely,memory,memory_heap,memory,unchecked_allocation:strdup,strdup result does not appear to be checked for NULL nearby,items[total].name = strdup(name);
/home/yichen/Desktop/Qwen_Security_Prompt02/F014.c,56,medium,likely,memory,memory_heap,memory,unchecked_allocation:strdup,strdup result does not appear to be checked for NULL nearby,items[total].note = strdup(note);
/home/yichen/Desktop/Qwen_Security_Prompt02/F014.c,49,medium,confirmed,memory,memory_copy,memory,tainted_sink:memmove,externally controlled input appears to reach memmove argument 2,"memmove(note, note + 1, strlen(note));"
/home/yichen/Desktop/Qwen_Security_Prompt02/F015.c,46,medium,review,memory,memory_copy,memory,dangerous_function:memmove,memmove requires a destination bound that is not proven here,"memmove(note, note + 1, strlen(note));"
/home/yichen/Desktop/Qwen_Security_Prompt02/F015.c,60,medium,review,memory,memory_string,dangerous_function,dangerous_function:sprintf,sprintf writes without an explicit destination size,"sprintf(nn, ""%s %s"", contacts[i1].note, contacts[i2].note);"
/home/yichen/Desktop/Qwen_Security_Prompt02/F015.c,33,high,confirmed,memory,memory_string,input,scanf_unbounded_string_conversion,scanf format contains unbounded %s conversion,"while (scanf(""%s"", cmd) == 1 && strcmp(cmd, ""END"") != 0) {"
/home/yichen/Desktop/Qwen_Security_Prompt02/F015.c,35,high,confirmed,memory,memory_string,input,scanf_unbounded_string_conversion,scanf format contains unbounded %s conversion,"scanf(""%s %s %s"", n1, email, phone);"
/home/yichen/Desktop/Qwen_Security_Prompt02/F015.c,43,high,confirmed,memory,memory_string,input,scanf_unbounded_string_conversion,scanf format contains unbounded %s conversion,"scanf(""%s"", n1);"
/home/yichen/Desktop/Qwen_Security_Prompt02/F015.c,55,high,confirmed,memory,memory_string,input,scanf_unbounded_string_conversion,scanf format contains unbounded %s conversion,"scanf(""%s %s"", n1, n2);"
/home/yichen/Desktop/Qwen_Security_Prompt02/F015.c,73,high,confirmed,memory,memory_string,input,scanf_unbounded_string_conversion,scanf format contains unbounded %s conversion,"scanf(""%s"", n1);"
/home/yichen/Desktop/Qwen_Security_Prompt02/F015.c,86,high,confirmed,memory,memory_string,input,scanf_unbounded_string_conversion,scanf format contains unbounded %s conversion,"scanf(""%s"", n1);"
/home/yichen/Desktop/Qwen_Security_Prompt02/F015.c,36,medium,likely,memory,memory_heap,memory,realloc_direct_assign,realloc result is assigned directly to the original pointer,"contacts = realloc(contacts, sizeof(Contact) * (count + 1));"
/home/yichen/Desktop/Qwen_Security_Prompt02/F015.c,37,medium,likely,memory,memory_heap,memory,unchecked_allocation:strdup,strdup result does not appear to be checked for NULL nearby,contacts[count].name = strdup(n1);
/home/yichen/Desktop/Qwen_Security_Prompt02/F015.c,38,medium,likely,memory,memory_heap,memory,unchecked_allocation:strdup,strdup result does not appear to be checked for NULL nearby,contacts[count].email = strdup(email);
/home/yichen/Desktop/Qwen_Security_Prompt02/F015.c,39,medium,likely,memory,memory_heap,memory,unchecked_allocation:strdup,strdup result does not appear to be checked for NULL nearby,contacts[count].phone = strdup(phone);
/home/yichen/Desktop/Qwen_Security_Prompt02/F015.c,40,medium,likely,memory,memory_heap,memory,unchecked_allocation:strdup,strdup result does not appear to be checked for NULL nearby,"contacts[count].note = strdup("""");"
/home/yichen/Desktop/Qwen_Security_Prompt02/F015.c,52,medium,likely,memory,memory_heap,memory,unchecked_allocation:strdup,strdup result does not appear to be checked for NULL nearby,contacts[idx].note = strdup(note);
/home/yichen/Desktop/Qwen_Security_Prompt02/F015.c,59,medium,likely,memory,memory_heap,memory,unchecked_allocation:malloc,malloc result does not appear to be checked for NULL nearby,char *nn = malloc(strlen(contacts[i1].note) + strlen(contacts[i2].note) + 2);
/home/yichen/Desktop/Qwen_Security_Prompt02/F015.c,46,medium,confirmed,memory,memory_copy,memory,tainted_sink:memmove,externally controlled input appears to reach memmove argument 2,"memmove(note, note + 1, strlen(note));"
/home/yichen/Desktop/Qwen_Security_Prompt02/F016.c,54,high,confirmed,memory,memory_string,input,scanf_unbounded_string_conversion,scanf format contains unbounded %s conversion,"while (scanf(""%s"", cmd) == 1 && strcmp(cmd, ""END"") != 0) {"
/home/yichen/Desktop/Qwen_Security_Prompt02/F016.c,56,high,confirmed,memory,memory_string,input,scanf_unbounded_string_conversion,scanf format contains unbounded %s conversion,"scanf(""%s"", line);"
/home/yichen/Desktop/Qwen_Security_Prompt02/F016.c,68,high,confirmed,memory,memory_string,input,scanf_unbounded_string_conversion,scanf format contains unbounded %s conversion,"scanf(""%s"", name);"
/home/yichen/Desktop/Qwen_Security_Prompt02/F016.c,80,high,confirmed,memory,memory_string,input,scanf_unbounded_string_conversion,scanf format contains unbounded %s conversion,"scanf(""%s"", name);"
/home/yichen/Desktop/Qwen_Security_Prompt02/F016.c,36,medium,likely,memory,memory_heap,memory,realloc_direct_assign,realloc result is assigned directly to the original pointer,"contacts = realloc(contacts, sizeof(Contact) * (count + 1));"
/home/yichen/Desktop/Qwen_Security_Prompt02/F016.c,37,medium,likely,memory,memory_heap,memory,unchecked_allocation:strdup,strdup result does not appear to be checked for NULL nearby,contacts[count].name = strdup(n);
/home/yichen/Desktop/Qwen_Security_Prompt02/F016.c,38,medium,likely,memory,memory_heap,memory,unchecked_allocation:strdup,strdup result does not appear to be checked for NULL nearby,contacts[count].email = strdup(e);
/home/yichen/Desktop/Qwen_Security_Prompt02/F016.c,39,medium,likely,memory,memory_heap,memory,unchecked_allocation:strdup,strdup result does not appear to be checked for NULL nearby,contacts[count].phone = strdup(p);
/home/yichen/Desktop/Qwen_Security_Prompt02/F016.c,61,medium,likely,memory,memory_heap,memory,realloc_direct_assign,realloc result is assigned directly to the original pointer,"contacts = realloc(contacts, sizeof(Contact) * (count + 1));"
/home/yichen/Desktop/Qwen_Security_Prompt02/F016.c,62,medium,likely,memory,memory_heap,memory,unchecked_allocation:strdup,strdup result does not appear to be checked for NULL nearby,contacts[count].name = strdup(n);
/home/yichen/Desktop/Qwen_Security_Prompt02/F016.c,63,medium,likely,memory,memory_heap,memory,unchecked_allocation:strdup,strdup result does not appear to be checked for NULL nearby,contacts[count].email = strdup(e);
/home/yichen/Desktop/Qwen_Security_Prompt02/F016.c,64,medium,likely,memory,memory_heap,memory,unchecked_allocation:strdup,strdup result does not appear to be checked for NULL nearby,contacts[count].phone = strdup(p);
/home/yichen/Desktop/Qwen_Security_Prompt02/F017.c,56,medium,review,memory,memory_copy,memory,dangerous_function:memmove,memmove requires a destination bound that is not proven here,"memmove(val, val + 1, strlen(val));"
/home/yichen/Desktop/Qwen_Security_Prompt02/F017.c,51,high,confirmed,memory,memory_string,input,scanf_unbounded_string_conversion,scanf format contains unbounded %s conversion,"while (scanf(""%s"", cmd) == 1 && strcmp(cmd, ""END"") != 0) {"
/home/yichen/Desktop/Qwen_Security_Prompt02/F017.c,53,high,confirmed,memory,memory_string,input,scanf_unbounded_string_conversion,scanf format contains unbounded %s conversion,"scanf(""%s"", key);"
/home/yichen/Desktop/Qwen_Security_Prompt02/F017.c,70,high,confirmed,memory,memory_string,input,scanf_unbounded_string_conversion,scanf format contains unbounded %s conversion,"scanf(""%s"", key);"
/home/yichen/Desktop/Qwen_Security_Prompt02/F017.c,81,high,confirmed,memory,memory_string,input,scanf_unbounded_string_conversion,scanf format contains unbounded %s conversion,"scanf(""%s"", key);"
/home/yichen/Desktop/Qwen_Security_Prompt02/F017.c,34,medium,likely,memory,memory_heap,memory,realloc_direct_assign,realloc result is assigned directly to the original pointer,"configs = realloc(configs, sizeof(Config) * (count + 1));"
/home/yichen/Desktop/Qwen_Security_Prompt02/F017.c,35,medium,likely,memory,memory_heap,memory,unchecked_allocation:strdup,strdup result does not appear to be checked for NULL nearby,configs[count].key = strdup(line);
/home/yichen/Desktop/Qwen_Security_Prompt02/F017.c,36,medium,likely,memory,memory_heap,memory,unchecked_allocation:strdup,strdup result does not appear to be checked for NULL nearby,configs[count].val = strdup(eq + 1);
/home/yichen/Desktop/Qwen_Security_Prompt02/F017.c,62,medium,likely,memory,memory_heap,memory,unchecked_allocation:strdup,strdup result does not appear to be checked for NULL nearby,configs[idx].val = strdup(val);
/home/yichen/Desktop/Qwen_Security_Prompt02/F017.c,64,medium,likely,memory,memory_heap,memory,realloc_direct_assign,realloc result is assigned directly to the original pointer,"configs = realloc(configs, sizeof(Config) * (count + 1));"
/home/yichen/Desktop/Qwen_Security_Prompt02/F017.c,65,medium,likely,memory,memory_heap,memory,unchecked_allocation:strdup,strdup result does not appear to be checked for NULL nearby,configs[count].key = strdup(key);
/home/yichen/Desktop/Qwen_Security_Prompt02/F017.c,66,medium,likely,memory,memory_heap,memory,unchecked_allocation:strdup,strdup result does not appear to be checked for NULL nearby,configs[count].val = strdup(val);
/home/yichen/Desktop/Qwen_Security_Prompt02/F017.c,56,medium,confirmed,memory,memory_copy,memory,tainted_sink:memmove,externally controlled input appears to reach memmove argument 2,"memmove(val, val + 1, strlen(val));"
/home/yichen/Desktop/Qwen_Security_Prompt02/F018.c,60,medium,review,memory,memory_copy,memory,dangerous_function:memmove,memmove requires a destination bound that is not proven here,"memmove(word, word + 1, strlen(word));"
/home/yichen/Desktop/Qwen_Security_Prompt02/F018.c,75,medium,review,memory,memory_copy,memory,dangerous_function:memmove,memmove requires a destination bound that is not proven here,"memmove(word, word + 1, strlen(word));"
/home/yichen/Desktop/Qwen_Security_Prompt02/F018.c,89,medium,review,memory,memory_copy,memory,dangerous_function:memmove,memmove requires a destination bound that is not proven here,"memmove(word, word + 1, strlen(word));"
/home/yichen/Desktop/Qwen_Security_Prompt02/F018.c,55,high,confirmed,memory,memory_string,input,scanf_unbounded_string_conversion,scanf format contains unbounded %s conversion,"while (scanf(""%s"", cmd) == 1 && strcmp(cmd, ""END"") != 0) {"
/home/yichen/Desktop/Qwen_Security_Prompt02/F018.c,39,medium,likely,memory,memory_heap,memory,realloc_direct_assign,realloc result is assigned directly to the original pointer,"words = realloc(words, sizeof(WordFreq) * (count + 1));"
/home/yichen/Desktop/Qwen_Security_Prompt02/F018.c,40,medium,likely,memory,memory_heap,memory,unchecked_allocation:strdup,strdup result does not appear to be checked for NULL nearby,words[count].word = strdup(line);
/home/yichen/Desktop/Qwen_Security_Prompt02/F018.c,66,medium,likely,memory,memory_heap,memory,realloc_direct_assign,realloc result is assigned directly to the original pointer,"words = realloc(words, sizeof(WordFreq) * (count + 1));"
/home/yichen/Desktop/Qwen_Security_Prompt02/F018.c,67,medium,likely,memory,memory_heap,memory,unchecked_allocation:strdup,strdup result does not appear to be checked for NULL nearby,words[count].word = strdup(word);
/home/yichen/Desktop/Qwen_Security_Prompt02/F018.c,60,medium,confirmed,memory,memory_copy,memory,tainted_sink:memmove,externally controlled input appears to reach memmove argument 2,"memmove(word, word + 1, strlen(word));"
/home/yichen/Desktop/Qwen_Security_Prompt02/F018.c,75,medium,confirmed,memory,memory_copy,memory,tainted_sink:memmove,externally controlled input appears to reach memmove argument 2,"memmove(word, word + 1, strlen(word));"
/home/yichen/Desktop/Qwen_Security_Prompt02/F018.c,89,medium,confirmed,memory,memory_copy,memory,tainted_sink:memmove,externally controlled input appears to reach memmove argument 2,"memmove(word, word + 1, strlen(word));"
/home/yichen/Desktop/Qwen_Security_Prompt02/F019.c,27,low,review,auxiliary,auxiliary_integer,integer,dangerous_function:atoi,atoi has no reliable error reporting for invalid numeric input,int amt = atoi(amt_s);
/home/yichen/Desktop/Qwen_Security_Prompt02/F019.c,54,medium,review,memory,memory_copy,memory,dangerous_function:memmove,memmove requires a destination bound that is not proven here,"memmove(memo, memo + 1, strlen(memo));"
/home/yichen/Desktop/Qwen_Security_Prompt02/F019.c,49,high,confirmed,memory,memory_string,input,scanf_unbounded_string_conversion,scanf format contains unbounded %s conversion,"while (scanf(""%s"", cmd) == 1 && strcmp(cmd, ""END"") != 0) {"
/home/yichen/Desktop/Qwen_Security_Prompt02/F019.c,51,high,confirmed,memory,memory_string,input,scanf_unbounded_string_conversion,scanf format contains unbounded %s conversion,"scanf(""%s %d"", acc, &amt);"
/home/yichen/Desktop/Qwen_Security_Prompt02/F019.c,63,high,confirmed,memory,memory_string,input,scanf_unbounded_string_conversion,scanf format contains unbounded %s conversion,"scanf(""%s %d"", acc, &amt);"
/home/yichen/Desktop/Qwen_Security_Prompt02/F019.c,76,high,confirmed,memory,memory_string,input,scanf_unbounded_string_conversion,scanf format contains unbounded %s conversion,"scanf(""%s"", acc);"
/home/yichen/Desktop/Qwen_Security_Prompt02/F019.c,29,medium,likely,memory,memory_heap,memory,realloc_direct_assign,realloc result is assigned directly to the original pointer,"trans = realloc(trans, sizeof(Transaction) * (count + 1));"
/home/yichen/Desktop/Qwen_Security_Prompt02/F019.c,30,medium,likely,memory,memory_heap,memory,unchecked_allocation:strdup,strdup result does not appear to be checked for NULL nearby,trans[count].acc = strdup(acc);
/home/yichen/Desktop/Qwen_Security_Prompt02/F019.c,57,medium,likely,memory,memory_heap,memory,realloc_direct_assign,realloc result is assigned directly to the original pointer,"trans = realloc(trans, sizeof(Transaction) * (count + 1));"
/home/yichen/Desktop/Qwen_Security_Prompt02/F019.c,58,medium,likely,memory,memory_heap,memory,unchecked_allocation:strdup,strdup result does not appear to be checked for NULL nearby,trans[count].acc = strdup(acc);
/home/yichen/Desktop/Qwen_Security_Prompt02/F019.c,60,medium,likely,memory,memory_heap,memory,unchecked_allocation:strdup,strdup result does not appear to be checked for NULL nearby,trans[count].memo = strdup(memo);
/home/yichen/Desktop/Qwen_Security_Prompt02/F019.c,54,medium,confirmed,memory,memory_copy,memory,tainted_sink:memmove,externally controlled input appears to reach memmove argument 2,"memmove(memo, memo + 1, strlen(memo));"
/home/yichen/Desktop/Qwen_Security_Prompt02/F020.c,71,medium,review,memory,memory_copy,memory,dangerous_function:memmove,memmove requires a destination bound that is not proven here,"memmove(title, title + 1, strlen(title));"
/home/yichen/Desktop/Qwen_Security_Prompt02/F020.c,85,medium,review,memory,memory_copy,memory,dangerous_function:memmove,memmove requires a destination bound that is not proven here,"memmove(title, title + 1, strlen(title));"
/home/yichen/Desktop/Qwen_Security_Prompt02/F020.c,103,medium,review,memory,memory_copy,memory,dangerous_function:memmove,memmove requires a destination bound that is not proven here,"memmove(title, title + 1, strlen(title));"
/home/yichen/Desktop/Qwen_Security_Prompt02/F020.c,66,high,confirmed,memory,memory_string,input,scanf_unbounded_string_conversion,scanf format contains unbounded %s conversion,"while (scanf(""%s"", cmd) == 1 && strcmp(cmd, ""END"") != 0) {"
/home/yichen/Desktop/Qwen_Security_Prompt02/F020.c,28,medium,likely,memory,memory_heap,memory,realloc_direct_assign,realloc result is assigned directly to the original pointer,"cats[idx].body = realloc(cats[idx].body, sizeof(char*) * cats[idx].cap);"
/home/yichen/Desktop/Qwen_Security_Prompt02/F020.c,45,medium,likely,memory,memory_heap,memory,realloc_direct_assign,realloc result is assigned directly to the original pointer,"cats = realloc(cats, sizeof(Catalog) * (count + 1));"
/home/yichen/Desktop/Qwen_Security_Prompt02/F020.c,46,medium,likely,memory,memory_heap,memory,unchecked_allocation:strdup,strdup result does not appear to be checked for NULL nearby,cats[count].title = strdup(line);
/home/yichen/Desktop/Qwen_Security_Prompt02/F020.c,105,medium,likely,memory,memory_heap,memory,realloc_direct_assign,realloc result is assigned directly to the original pointer,"cats = realloc(cats, sizeof(Catalog) * (count + 1));"
/home/yichen/Desktop/Qwen_Security_Prompt02/F020.c,106,medium,likely,memory,memory_heap,memory,unchecked_allocation:strdup,strdup result does not appear to be checked for NULL nearby,cats[count].title = strdup(title);
/home/yichen/Desktop/Qwen_Security_Prompt02/F020.c,71,medium,confirmed,memory,memory_copy,memory,tainted_sink:memmove,externally controlled input appears to reach memmove argument 2,"memmove(title, title + 1, strlen(title));"
/home/yichen/Desktop/Qwen_Security_Prompt02/F020.c,85,medium,confirmed,memory,memory_copy,memory,tainted_sink:memmove,externally controlled input appears to reach memmove argument 2,"memmove(title, title + 1, strlen(title));"
/home/yichen/Desktop/Qwen_Security_Prompt02/F020.c,103,medium,confirmed,memory,memory_copy,memory,tainted_sink:memmove,externally controlled input appears to reach memmove argument 2,"memmove(title, title + 1, strlen(title));"
/home/yichen/Desktop/Qwen_Security_Prompt02/F021.c,60,medium,review,memory,memory_copy,memory,dangerous_function:memmove,memmove requires a destination bound that is not proven here,"memmove(note, note + 1, strlen(note));"
/home/yichen/Desktop/Qwen_Security_Prompt02/F021.c,45,high,confirmed,memory,memory_string,input,scanf_unbounded_string_conversion,scanf format contains unbounded %s conversion,"while (scanf(""%s"", cmd) == 1 && strcmp(cmd, ""END"") != 0) {"
/home/yichen/Desktop/Qwen_Security_Prompt02/F021.c,47,high,confirmed,memory,memory_string,input,scanf_unbounded_string_conversion,scanf format contains unbounded %s conversion,"scanf(""%s"", name);"
/home/yichen/Desktop/Qwen_Security_Prompt02/F021.c,57,high,confirmed,memory,memory_string,input,scanf_unbounded_string_conversion,scanf format contains unbounded %s conversion,"scanf(""%s %s"", name, ing);"
/home/yichen/Desktop/Qwen_Security_Prompt02/F021.c,74,high,confirmed,memory,memory_string,input,scanf_unbounded_string_conversion,scanf format contains unbounded %s conversion,"scanf(""%s %s"", name, ing);"
/home/yichen/Desktop/Qwen_Security_Prompt02/F021.c,88,high,confirmed,memory,memory_string,input,scanf_unbounded_string_conversion,scanf format contains unbounded %s conversion,"scanf(""%s"", name);"
/home/yichen/Desktop/Qwen_Security_Prompt02/F021.c,103,high,confirmed,memory,memory_string,input,scanf_unbounded_string_conversion,scanf format contains unbounded %s conversion,"scanf(""%s"", name);"
/home/yichen/Desktop/Qwen_Security_Prompt02/F021.c,49,medium,likely,memory,memory_heap,memory,realloc_direct_assign,realloc result is assigned directly to the original pointer,"recipes = realloc(recipes, sizeof(Recipe) * (r_count + 1));"
/home/yichen/Desktop/Qwen_Security_Prompt02/F021.c,50,medium,likely,memory,memory_heap,memory,unchecked_allocation:strdup,strdup result does not appear to be checked for NULL nearby,recipes[r_count].name = strdup(name);
/home/yichen/Desktop/Qwen_Security_Prompt02/F021.c,67,medium,likely,memory,memory_heap,memory,realloc_direct_assign,realloc result is assigned directly to the original pointer,"recipes[ri].ings = realloc(recipes[ri].ings, sizeof(Ingredient) * recipes[ri].cap);"
/home/yichen/Desktop/Qwen_Security_Prompt02/F021.c,69,medium,likely,memory,memory_heap,memory,unchecked_allocation:strdup,strdup result does not appear to be checked for NULL nearby,recipes[ri].ings[recipes[ri].count].ingredient = strdup(ing);
/home/yichen/Desktop/Qwen_Security_Prompt02/F021.c,70,medium,likely,memory,memory_heap,memory,unchecked_allocation:strdup,strdup result does not appear to be checked for NULL nearby,recipes[ri].ings[recipes[ri].count].note = strdup(note);
/home/yichen/Desktop/Qwen_Security_Prompt02/F021.c,60,medium,confirmed,memory,memory_copy,memory,tainted_sink:memmove,externally controlled input appears to reach memmove argument 2,"memmove(note, note + 1, strlen(note));"
/home/yichen/Desktop/Qwen_Security_Prompt02/F022.c,63,medium,review,memory,memory_copy,memory,dangerous_function:memmove,memmove requires a destination bound that is not proven here,"memmove(note, note + 1, strlen(note));"
/home/yichen/Desktop/Qwen_Security_Prompt02/F022.c,48,high,confirmed,memory,memory_string,input,scanf_unbounded_string_conversion,scanf format contains unbounded %s conversion,"while (scanf(""%s"", cmd) == 1 && strcmp(cmd, ""END"") != 0) {"
/home/yichen/Desktop/Qwen_Security_Prompt02/F022.c,50,high,confirmed,memory,memory_string,input,scanf_unbounded_string_conversion,scanf format contains unbounded %s conversion,"scanf(""%s"", name);"
/home/yichen/Desktop/Qwen_Security_Prompt02/F022.c,60,high,confirmed,memory,memory_string,input,scanf_unbounded_string_conversion,scanf format contains unbounded %s conversion,"scanf(""%s %s"", name, title);"
/home/yichen/Desktop/Qwen_Security_Prompt02/F022.c,78,high,confirmed,memory,memory_string,input,scanf_unbounded_string_conversion,scanf format contains unbounded %s conversion,"scanf(""%s %s %s"", from, to, title);"
/home/yichen/Desktop/Qwen_Security_Prompt02/F022.c,97,high,confirmed,memory,memory_string,input,scanf_unbounded_string_conversion,scanf format contains unbounded %s conversion,"scanf(""%s %s"", name, title);"
/home/yichen/Desktop/Qwen_Security_Prompt02/F022.c,106,high,confirmed,memory,memory_string,input,scanf_unbounded_string_conversion,scanf format contains unbounded %s conversion,"scanf(""%s"", name);"
/home/yichen/Desktop/Qwen_Security_Prompt02/F022.c,52,medium,likely,memory,memory_heap,memory,realloc_direct_assign,realloc result is assigned directly to the original pointer,"projects = realloc(projects, sizeof(Project) * (p_count + 1));"
/home/yichen/Desktop/Qwen_Security_Prompt02/F022.c,53,medium,likely,memory,memory_heap,memory,unchecked_allocation:strdup,strdup result does not appear to be checked for NULL nearby,projects[p_count].name = strdup(name);
/home/yichen/Desktop/Qwen_Security_Prompt02/F022.c,70,medium,likely,memory,memory_heap,memory,realloc_direct_assign,realloc result is assigned directly to the original pointer,"projects[pi].tasks = realloc(projects[pi].tasks, sizeof(Task) * projects[pi].cap);"
/home/yichen/Desktop/Qwen_Security_Prompt02/F022.c,72,medium,likely,memory,memory_heap,memory,unchecked_allocation:strdup,strdup result does not appear to be checked for NULL nearby,projects[pi].tasks[projects[pi].count].title = strdup(title);
/home/yichen/Desktop/Qwen_Security_Prompt02/F022.c,73,medium,likely,memory,memory_heap,memory,unchecked_allocation:strdup,strdup result does not appear to be checked for NULL nearby,projects[pi].tasks[projects[pi].count].note = strdup(note);
/home/yichen/Desktop/Qwen_Security_Prompt02/F022.c,86,medium,likely,memory,memory_heap,memory,realloc_direct_assign,realloc result is assigned directly to the original pointer,"projects[ti].tasks = realloc(projects[ti].tasks, sizeof(Task) * projects[ti].cap);"
/home/yichen/Desktop/Qwen_Security_Prompt02/F022.c,63,medium,confirmed,memory,memory_copy,memory,tainted_sink:memmove,externally controlled input appears to reach memmove argument 2,"memmove(note, note + 1, strlen(note));"
/home/yichen/Desktop/Qwen_Security_Prompt02/F023.c,43,medium,review,memory,memory_copy,memory,dangerous_function:memmove,memmove requires a destination bound that is not proven here,"memmove(body, body + 1, strlen(body));"
/home/yichen/Desktop/Qwen_Security_Prompt02/F023.c,38,high,confirmed,memory,memory_string,input,scanf_unbounded_string_conversion,scanf format contains unbounded %s conversion,"while (scanf(""%s"", cmd) == 1 && strcmp(cmd, ""END"") != 0) {"
/home/yichen/Desktop/Qwen_Security_Prompt02/F023.c,40,high,confirmed,memory,memory_string,input,scanf_unbounded_string_conversion,scanf format contains unbounded %s conversion,"scanf(""%s %s"", sender, subject);"
/home/yichen/Desktop/Qwen_Security_Prompt02/F023.c,55,high,confirmed,memory,memory_string,input,scanf_unbounded_string_conversion,scanf format contains unbounded %s conversion,"scanf(""%s %s"", subject, tag);"
/home/yichen/Desktop/Qwen_Security_Prompt02/F023.c,66,high,confirmed,memory,memory_string,input,scanf_unbounded_string_conversion,scanf format contains unbounded %s conversion,"scanf(""%s %s"", subject, tag);"
/home/yichen/Desktop/Qwen_Security_Prompt02/F023.c,81,high,confirmed,memory,memory_string,input,scanf_unbounded_string_conversion,scanf format contains unbounded %s conversion,"scanf(""%s"", subject);"
/home/yichen/Desktop/Qwen_Security_Prompt02/F023.c,97,high,confirmed,memory,memory_string,input,scanf_unbounded_string_conversion,scanf format contains unbounded %s conversion,"scanf(""%s"", tag);"
/home/yichen/Desktop/Qwen_Security_Prompt02/F023.c,46,medium,likely,memory,memory_heap,memory,realloc_direct_assign,realloc result is assigned directly to the original pointer,"mails = realloc(mails, sizeof(Mail) * (m_count + 1));"
/home/yichen/Desktop/Qwen_Security_Prompt02/F023.c,47,medium,likely,memory,memory_heap,memory,unchecked_allocation:strdup,strdup result does not appear to be checked for NULL nearby,mails[m_count].sender = strdup(sender);
/home/yichen/Desktop/Qwen_Security_Prompt02/F023.c,48,medium,likely,memory,memory_heap,memory,unchecked_allocation:strdup,strdup result does not appear to be checked for NULL nearby,mails[m_count].subject = strdup(subject);
/home/yichen/Desktop/Qwen_Security_Prompt02/F023.c,49,medium,likely,memory,memory_heap,memory,unchecked_allocation:strdup,strdup result does not appear to be checked for NULL nearby,mails[m_count].body = strdup(body);
/home/yichen/Desktop/Qwen_Security_Prompt02/F023.c,60,medium,likely,memory,memory_heap,memory,realloc_direct_assign,realloc result is assigned directly to the original pointer,"mails[idx].tags = realloc(mails[idx].tags, sizeof(Tag) * mails[idx].tag_cap);"
/home/yichen/Desktop/Qwen_Security_Prompt02/F023.c,62,medium,likely,memory,memory_heap,memory,unchecked_allocation:strdup,strdup result does not appear to be checked for NULL nearby,mails[idx].tags[mails[idx].tag_count].tag = strdup(tag);
/home/yichen/Desktop/Qwen_Security_Prompt02/F023.c,43,medium,confirmed,memory,memory_copy,memory,tainted_sink:memmove,externally controlled input appears to reach memmove argument 2,"memmove(body, body + 1, strlen(body));"
/home/yichen/Desktop/Qwen_Security_Prompt02/F024.c,45,high,confirmed,memory,memory_string,input,scanf_unbounded_string_conversion,scanf format contains unbounded %s conversion,"while (scanf(""%s"", cmd) == 1 && strcmp(cmd, ""END"") != 0) {"
/home/yichen/Desktop/Qwen_Security_Prompt02/F024.c,47,high,confirmed,memory,memory_string,input,scanf_unbounded_string_conversion,scanf format contains unbounded %s conversion,"scanf(""%s %d"", title, &year);"
/home/yichen/Desktop/Qwen_Security_Prompt02/F024.c,58,high,confirmed,memory,memory_string,input,scanf_unbounded_string_conversion,scanf format contains unbounded %s conversion,"scanf(""%s %s"", title, name);"
/home/yichen/Desktop/Qwen_Security_Prompt02/F024.c,69,high,confirmed,memory,memory_string,input,scanf_unbounded_string_conversion,scanf format contains unbounded %s conversion,"scanf(""%s %s"", title, name);"
/home/yichen/Desktop/Qwen_Security_Prompt02/F024.c,82,high,confirmed,memory,memory_string,input,scanf_unbounded_string_conversion,scanf format contains unbounded %s conversion,"scanf(""%s"", title);"
/home/yichen/Desktop/Qwen_Security_Prompt02/F024.c,96,high,confirmed,memory,memory_string,input,scanf_unbounded_string_conversion,scanf format contains unbounded %s conversion,"scanf(""%s"", title);"
/home/yichen/Desktop/Qwen_Security_Prompt02/F024.c,49,medium,likely,memory,memory_heap,memory,realloc_direct_assign,realloc result is assigned directly to the original pointer,"books = realloc(books, sizeof(Book) * (b_count + 1));"
/home/yichen/Desktop/Qwen_Security_Prompt02/F024.c,50,medium,likely,memory,memory_heap,memory,unchecked_allocation:strdup,strdup result does not appear to be checked for NULL nearby,books[b_count].title = strdup(title);
/home/yichen/Desktop/Qwen_Security_Prompt02/F024.c,63,medium,likely,memory,memory_heap,memory,realloc_direct_assign,realloc result is assigned directly to the original pointer,"books[bi].authors = realloc(books[bi].authors, sizeof(Author) * books[bi].a_cap);"
/home/yichen/Desktop/Qwen_Security_Prompt02/F024.c,65,medium,likely,memory,memory_heap,memory,unchecked_allocation:strdup,strdup result does not appear to be checked for NULL nearby,books[bi].authors[books[bi].a_count].name = strdup(name);
/home/yichen/Desktop/Qwen_Security_Prompt02/F025.c,63,medium,review,memory,memory_copy,memory,dangerous_function:memmove,memmove requires a destination bound that is not proven here,"memmove(note, note + 1, strlen(note));"
/home/yichen/Desktop/Qwen_Security_Prompt02/F025.c,48,high,confirmed,memory,memory_string,input,scanf_unbounded_string_conversion,scanf format contains unbounded %s conversion,"while (scanf(""%s"", cmd) == 1 && strcmp(cmd, ""END"") != 0) {"
/home/yichen/Desktop/Qwen_Security_Prompt02/F025.c,50,high,confirmed,memory,memory_string,input,scanf_unbounded_string_conversion,scanf format contains unbounded %s conversion,"scanf(""%s"", name);"
/home/yichen/Desktop/Qwen_Security_Prompt02/F025.c,60,high,confirmed,memory,memory_string,input,scanf_unbounded_string_conversion,scanf format contains unbounded %s conversion,"scanf(""%s %s"", cls, student);"
/home/yichen/Desktop/Qwen_Security_Prompt02/F025.c,77,high,confirmed,memory,memory_string,input,scanf_unbounded_string_conversion,scanf format contains unbounded %s conversion,"scanf(""%s %s %s"", from_cls, to_cls, student);"
/home/yichen/Desktop/Qwen_Security_Prompt02/F025.c,96,high,confirmed,memory,memory_string,input,scanf_unbounded_string_conversion,scanf format contains unbounded %s conversion,"scanf(""%s %s"", cls, student);"
/home/yichen/Desktop/Qwen_Security_Prompt02/F025.c,110,high,confirmed,memory,memory_string,input,scanf_unbounded_string_conversion,scanf format contains unbounded %s conversion,"scanf(""%s"", cls);"
/home/yichen/Desktop/Qwen_Security_Prompt02/F025.c,52,medium,likely,memory,memory_heap,memory,realloc_direct_assign,realloc result is assigned directly to the original pointer,"classes = realloc(classes, sizeof(Class) * (c_count + 1));"
/home/yichen/Desktop/Qwen_Security_Prompt02/F025.c,53,medium,likely,memory,memory_heap,memory,unchecked_allocation:strdup,strdup result does not appear to be checked for NULL nearby,classes[c_count].name = strdup(name);
/home/yichen/Desktop/Qwen_Security_Prompt02/F025.c,70,medium,likely,memory,memory_heap,memory,realloc_direct_assign,realloc result is assigned directly to the original pointer,"classes[ci].students = realloc(classes[ci].students, sizeof(Student) * classes[ci].cap);"
/home/yichen/Desktop/Qwen_Security_Prompt02/F025.c,72,medium,likely,memory,memory_heap,memory,unchecked_allocation:strdup,strdup result does not appear to be checked for NULL nearby,classes[ci].students[classes[ci].count].name = strdup(student);
/home/yichen/Desktop/Qwen_Security_Prompt02/F025.c,73,medium,likely,memory,memory_heap,memory,unchecked_allocation:strdup,strdup result does not appear to be checked for NULL nearby,classes[ci].students[classes[ci].count].note = strdup(note);
/home/yichen/Desktop/Qwen_Security_Prompt02/F025.c,85,medium,likely,memory,memory_heap,memory,realloc_direct_assign,realloc result is assigned directly to the original pointer,"classes[ti].students = realloc(classes[ti].students, sizeof(Student) * classes[ti].cap);"
/home/yichen/Desktop/Qwen_Security_Prompt02/F025.c,63,medium,confirmed,memory,memory_copy,memory,tainted_sink:memmove,externally controlled input appears to reach memmove argument 2,"memmove(note, note + 1, strlen(note));"
/home/yichen/Desktop/Qwen_Security_Prompt02/F026.c,25,medium,review,memory,memory_copy,memory,dangerous_function:memmove,memmove requires a destination bound that is not proven here,"memmove(text, text + 1, strlen(text));"
/home/yichen/Desktop/Qwen_Security_Prompt02/F026.c,20,high,confirmed,memory,memory_string,input,scanf_unbounded_string_conversion,scanf format contains unbounded %s conversion,"while (scanf(""%s"", cmd) == 1 && strcmp(cmd, ""END"") != 0) {"
/home/yichen/Desktop/Qwen_Security_Prompt02/F026.c,22,high,confirmed,memory,memory_string,input,scanf_unbounded_string_conversion,scanf format contains unbounded %s conversion,"scanf(""%s"", category);"
/home/yichen/Desktop/Qwen_Security_Prompt02/F026.c,33,high,confirmed,memory,memory_string,input,scanf_unbounded_string_conversion,scanf format contains unbounded %s conversion,"scanf(""%s"", category);"
/home/yichen/Desktop/Qwen_Security_Prompt02/F026.c,47,high,confirmed,memory,memory_string,input,scanf_unbounded_string_conversion,scanf format contains unbounded %s conversion,"scanf(""%s"", category);"
/home/yichen/Desktop/Qwen_Security_Prompt02/F026.c,61,high,confirmed,memory,memory_string,input,scanf_unbounded_string_conversion,scanf format contains unbounded %s conversion,"scanf(""%s"", word);"
/home/yichen/Desktop/Qwen_Security_Prompt02/F026.c,28,medium,likely,memory,memory_heap,memory,realloc_direct_assign,realloc result is assigned directly to the original pointer,"notes = realloc(notes, sizeof(Note) * (n_count + 1));"
/home/yichen/Desktop/Qwen_Security_Prompt02/F026.c,29,medium,likely,memory,memory_heap,memory,unchecked_allocation:strdup,strdup result does not appear to be checked for NULL nearby,notes[n_count].category = strdup(category);
/home/yichen/Desktop/Qwen_Security_Prompt02/F026.c,30,medium,likely,memory,memory_heap,memory,unchecked_allocation:strdup,strdup result does not appear to be checked for NULL nearby,notes[n_count].text = strdup(text);
/home/yichen/Desktop/Qwen_Security_Prompt02/F026.c,25,medium,confirmed,memory,memory_copy,memory,tainted_sink:memmove,externally controlled input appears to reach memmove argument 2,"memmove(text, text + 1, strlen(text));"
/home/yichen/Desktop/Qwen_Security_Prompt02/F027.c,41,medium,review,memory,memory_copy,memory,dangerous_function:memmove,memmove requires a destination bound that is not proven here,"memmove(note, note + 1, strlen(note));"
/home/yichen/Desktop/Qwen_Security_Prompt02/F027.c,36,high,confirmed,memory,memory_string,input,scanf_unbounded_string_conversion,scanf format contains unbounded %s conversion,"while (scanf(""%s"", cmd) == 1 && strcmp(cmd, ""END"") != 0) {"
/home/yichen/Desktop/Qwen_Security_Prompt02/F027.c,38,high,confirmed,memory,memory_string,input,scanf_unbounded_string_conversion,scanf format contains unbounded %s conversion,"scanf(""%d %s"", &priority, title);"
/home/yichen/Desktop/Qwen_Security_Prompt02/F027.c,50,high,confirmed,memory,memory_string,input,scanf_unbounded_string_conversion,scanf format contains unbounded %s conversion,"scanf(""%s %d"", title, &delta);"
/home/yichen/Desktop/Qwen_Security_Prompt02/F027.c,56,high,confirmed,memory,memory_string,input,scanf_unbounded_string_conversion,scanf format contains unbounded %s conversion,"scanf(""%s"", title);"
/home/yichen/Desktop/Qwen_Security_Prompt02/F027.c,44,medium,likely,memory,memory_heap,memory,realloc_direct_assign,realloc result is assigned directly to the original pointer,"reminders = realloc(reminders, sizeof(Reminder) * (r_count + 1));"
/home/yichen/Desktop/Qwen_Security_Prompt02/F027.c,46,medium,likely,memory,memory_heap,memory,unchecked_allocation:strdup,strdup result does not appear to be checked for NULL nearby,reminders[r_count].title = strdup(title);
/home/yichen/Desktop/Qwen_Security_Prompt02/F027.c,47,medium,likely,memory,memory_heap,memory,unchecked_allocation:strdup,strdup result does not appear to be checked for NULL nearby,reminders[r_count].note = strdup(note);
/home/yichen/Desktop/Qwen_Security_Prompt02/F027.c,68,medium,likely,memory,memory_heap,memory,unchecked_allocation:malloc,malloc result does not appear to be checked for NULL nearby,Reminder *sorted = malloc(sizeof(Reminder) * r_count);
/home/yichen/Desktop/Qwen_Security_Prompt02/F027.c,41,medium,confirmed,memory,memory_copy,memory,tainted_sink:memmove,externally controlled input appears to reach memmove argument 2,"memmove(note, note + 1, strlen(note));"
/home/yichen/Desktop/Qwen_Security_Prompt02/F028.c,36,medium,review,memory,memory_copy,memory,dangerous_function:memmove,memmove requires a destination bound that is not proven here,"memmove(note, note + 1, strlen(note));"
/home/yichen/Desktop/Qwen_Security_Prompt02/F028.c,47,medium,review,memory,memory_copy,memory,dangerous_function:memmove,memmove requires a destination bound that is not proven here,"memmove(note, note + 1, strlen(note));"
/home/yichen/Desktop/Qwen_Security_Prompt02/F028.c,31,high,confirmed,memory,memory_string,input,scanf_unbounded_string_conversion,scanf format contains unbounded %s conversion,"while (scanf(""%s"", cmd) == 1 && strcmp(cmd, ""END"") != 0) {"
/home/yichen/Desktop/Qwen_Security_Prompt02/F028.c,33,high,confirmed,memory,memory_string,input,scanf_unbounded_string_conversion,scanf format contains unbounded %s conversion,"scanf(""%s"", stop);"
/home/yichen/Desktop/Qwen_Security_Prompt02/F028.c,44,high,confirmed,memory,memory_string,input,scanf_unbounded_string_conversion,scanf format contains unbounded %s conversion,"scanf(""%d %s"", &index, stop);"
/home/yichen/Desktop/Qwen_Security_Prompt02/F028.c,88,high,confirmed,memory,memory_string,input,scanf_unbounded_string_conversion,scanf format contains unbounded %s conversion,"scanf(""%s"", stop);"
/home/yichen/Desktop/Qwen_Security_Prompt02/F028.c,39,medium,likely,memory,memory_heap,memory,realloc_direct_assign,realloc result is assigned directly to the original pointer,"stops = realloc(stops, sizeof(Stop) * (s_count + 1));"
/home/yichen/Desktop/Qwen_Security_Prompt02/F028.c,40,medium,likely,memory,memory_heap,memory,unchecked_allocation:strdup,strdup result does not appear to be checked for NULL nearby,stops[s_count].stop = strdup(stop);
/home/yichen/Desktop/Qwen_Security_Prompt02/F028.c,41,medium,likely,memory,memory_heap,memory,unchecked_allocation:strdup,strdup result does not appear to be checked for NULL nearby,stops[s_count].note = strdup(note);
/home/yichen/Desktop/Qwen_Security_Prompt02/F028.c,53,medium,likely,memory,memory_heap,memory,realloc_direct_assign,realloc result is assigned directly to the original pointer,"stops = realloc(stops, sizeof(Stop) * (s_count + 1));"
/home/yichen/Desktop/Qwen_Security_Prompt02/F028.c,57,medium,likely,memory,memory_heap,memory,unchecked_allocation:strdup,strdup result does not appear to be checked for NULL nearby,stops[index].stop = strdup(stop);
/home/yichen/Desktop/Qwen_Security_Prompt02/F028.c,58,medium,likely,memory,memory_heap,memory,unchecked_allocation:strdup,strdup result does not appear to be checked for NULL nearby,stops[index].note = strdup(note);
/home/yichen/Desktop/Qwen_Security_Prompt02/F028.c,36,medium,confirmed,memory,memory_copy,memory,tainted_sink:memmove,externally controlled input appears to reach memmove argument 2,"memmove(note, note + 1, strlen(note));"
/home/yichen/Desktop/Qwen_Security_Prompt02/F028.c,47,medium,confirmed,memory,memory_copy,memory,tainted_sink:memmove,externally controlled input appears to reach memmove argument 2,"memmove(note, note + 1, strlen(note));"
/home/yichen/Desktop/Qwen_Security_Prompt02/F029.c,24,medium,review,memory,memory_copy,memory,dangerous_function:memmove,memmove requires a destination bound that is not proven here,"memmove(value, value + 1, strlen(value));"
/home/yichen/Desktop/Qwen_Security_Prompt02/F029.c,19,high,confirmed,memory,memory_string,input,scanf_unbounded_string_conversion,scanf format contains unbounded %s conversion,"while (scanf(""%s"", cmd) == 1 && strcmp(cmd, ""END"") != 0) {"
/home/yichen/Desktop/Qwen_Security_Prompt02/F029.c,21,high,confirmed,memory,memory_string,input,scanf_unbounded_string_conversion,scanf format contains unbounded %s conversion,"scanf(""%s"", key);"
/home/yichen/Desktop/Qwen_Security_Prompt02/F029.c,47,high,confirmed,memory,memory_string,input,scanf_unbounded_string_conversion,scanf format contains unbounded %s conversion,"scanf(""%s"", key);"
/home/yichen/Desktop/Qwen_Security_Prompt02/F029.c,61,high,confirmed,memory,memory_string,input,scanf_unbounded_string_conversion,scanf format contains unbounded %s conversion,"scanf(""%s"", key);"
/home/yichen/Desktop/Qwen_Security_Prompt02/F029.c,27,medium,likely,memory,memory_heap,memory,realloc_direct_assign,realloc result is assigned directly to the original pointer,"records = realloc(records, sizeof(Record) * (r_count + 1));"
/home/yichen/Desktop/Qwen_Security_Prompt02/F029.c,28,medium,likely,memory,memory_heap,memory,unchecked_allocation:strdup,strdup result does not appear to be checked for NULL nearby,records[r_count].key = strdup(key);
/home/yichen/Desktop/Qwen_Security_Prompt02/F029.c,29,medium,likely,memory,memory_heap,memory,unchecked_allocation:strdup,strdup result does not appear to be checked for NULL nearby,records[r_count].value = strdup(value);
/home/yichen/Desktop/Qwen_Security_Prompt02/F029.c,24,medium,confirmed,memory,memory_copy,memory,tainted_sink:memmove,externally controlled input appears to reach memmove argument 2,"memmove(value, value + 1, strlen(value));"
/home/yichen/Desktop/Qwen_Security_Prompt02/F030.c,41,medium,review,memory,memory_copy,memory,dangerous_function:memmove,memmove requires a destination bound that is not proven here,"memmove(text, text + 1, strlen(text));"
/home/yichen/Desktop/Qwen_Security_Prompt02/F030.c,54,medium,review,memory,memory_copy,memory,dangerous_function:memcpy,memcpy requires a destination bound that is not proven here,"memcpy(result, text, prefix_len);"
/home/yichen/Desktop/Qwen_Security_Prompt02/F030.c,55,medium,review,memory,memory_copy,memory,dangerous_function:memcpy,memcpy requires a destination bound that is not proven here,"memcpy(result + prefix_len, rules[i].new_name, new_len);"
/home/yichen/Desktop/Qwen_Security_Prompt02/F030.c,56,medium,review,memory,memory_copy,memory,dangerous_function:memcpy,memcpy requires a destination bound that is not proven here,"memcpy(result + prefix_len + new_len, pos + old_len, suffix_len);"
/home/yichen/Desktop/Qwen_Security_Prompt02/F030.c,31,high,confirmed,memory,memory_string,input,scanf_unbounded_string_conversion,scanf format contains unbounded %s conversion,"while (scanf(""%s"", cmd) == 1 && strcmp(cmd, ""END"") != 0) {"
/home/yichen/Desktop/Qwen_Security_Prompt02/F030.c,33,high,confirmed,memory,memory_string,input,scanf_unbounded_string_conversion,scanf format contains unbounded %s conversion,"scanf(""%s %s"", old_name, new_name);"
/home/yichen/Desktop/Qwen_Security_Prompt02/F030.c,68,high,confirmed,memory,memory_string,input,scanf_unbounded_string_conversion,scanf format contains unbounded %s conversion,"scanf(""%s"", old_name);"
/home/yichen/Desktop/Qwen_Security_Prompt02/F030.c,34,medium,likely,memory,memory_heap,memory,realloc_direct_assign,realloc result is assigned directly to the original pointer,"rules = realloc(rules, sizeof(Rule) * (r_count + 1));"
/home/yichen/Desktop/Qwen_Security_Prompt02/F030.c,35,medium,likely,memory,memory_heap,memory,unchecked_allocation:strdup,strdup result does not appear to be checked for NULL nearby,rules[r_count].old_name = strdup(old_name);
/home/yichen/Desktop/Qwen_Security_Prompt02/F030.c,36,medium,likely,memory,memory_heap,memory,unchecked_allocation:strdup,strdup result does not appear to be checked for NULL nearby,rules[r_count].new_name = strdup(new_name);
/home/yichen/Desktop/Qwen_Security_Prompt02/F030.c,53,medium,likely,memory,memory_heap,memory,unchecked_allocation:malloc,malloc result does not appear to be checked for NULL nearby,char *result = malloc(total);
/home/yichen/Desktop/Qwen_Security_Prompt02/F030.c,41,medium,confirmed,memory,memory_copy,memory,tainted_sink:memmove,externally controlled input appears to reach memmove argument 2,"memmove(text, text + 1, strlen(text));"
/home/yichen/Desktop/Qwen_Security_Prompt02/F030.c,54,medium,confirmed,memory,memory_copy,memory,tainted_sink:memcpy,externally controlled input appears to reach memcpy argument 2,"memcpy(result, text, prefix_len);"
/home/yichen/Desktop/Qwen_Security_Prompt02/F030.c,55,medium,confirmed,memory,memory_copy,memory,tainted_sink:memcpy,externally controlled input appears to reach memcpy argument 2,"memcpy(result + prefix_len, rules[i].new_name, new_len);"
/home/yichen/Desktop/Qwen_Security_Prompt02/F030.c,56,medium,confirmed,memory,memory_copy,memory,tainted_sink:memcpy,externally controlled input appears to reach memcpy argument 2,"memcpy(result + prefix_len + new_len, pos + old_len, suffix_len);"
/home/yichen/Desktop/Qwen_Security_Prompt02/F031.c,29,high,confirmed,memory,memory_string,input,scanf_unbounded_string_conversion,scanf format contains unbounded %s conversion,"while (scanf(""%s"", cmd) == 1 && strcmp(cmd, ""END"") != 0) {"
/home/yichen/Desktop/Qwen_Security_Prompt02/F031.c,78,high,confirmed,memory,memory_string,input,scanf_unbounded_string_conversion,scanf format contains unbounded %s conversion,"scanf(""%s"", name);"
/home/yichen/Desktop/Qwen_Security_Prompt02/F031.c,89,high,confirmed,memory,memory_string,input,scanf_unbounded_string_conversion,scanf format contains unbounded %s conversion,"scanf(""%s"", name);"
/home/yichen/Desktop/Qwen_Security_Prompt02/F031.c,35,medium,likely,memory,memory_heap,memory,unchecked_allocation:malloc,malloc result does not appear to be checked for NULL nearby,char **names = malloc(sizeof(char *) * n);
/home/yichen/Desktop/Qwen_Security_Prompt02/F031.c,36,medium,likely,memory,memory_heap,memory,unchecked_allocation:malloc,malloc result does not appear to be checked for NULL nearby,char **notes = malloc(sizeof(char *) * n);
/home/yichen/Desktop/Qwen_Security_Prompt02/F031.c,58,medium,likely,memory,memory_heap,memory,unchecked_allocation:strdup,strdup result does not appear to be checked for NULL nearby,names[i] = strdup(line);
/home/yichen/Desktop/Qwen_Security_Prompt02/F031.c,59,medium,likely,memory,memory_heap,memory,unchecked_allocation:strdup,strdup result does not appear to be checked for NULL nearby,notes[i] = strdup(sp + 1);
/home/yichen/Desktop/Qwen_Security_Prompt02/F031.c,64,medium,likely,memory,memory_heap,memory,realloc_direct_assign,realloc result is assigned directly to the original pointer,"records = realloc(records, sizeof(Record) * (r_count + 1));"
/home/yichen/Desktop/Qwen_Security_Prompt02/F032.c,47,medium,review,memory,memory_copy,memory,dangerous_function:memmove,memmove requires a destination bound that is not proven here,"memmove(value, value + 1, strlen(value));"
/home/yichen/Desktop/Qwen_Security_Prompt02/F032.c,67,medium,review,memory,memory_copy,memory,dangerous_function:memmove,memmove requires a destination bound that is not proven here,"memmove(value, value + 1, strlen(value));"
/home/yichen/Desktop/Qwen_Security_Prompt02/F032.c,42,high,confirmed,memory,memory_string,input,scanf_unbounded_string_conversion,scanf format contains unbounded %s conversion,"while (scanf(""%s"", cmd) == 1 && strcmp(cmd, ""END"") != 0) {"
/home/yichen/Desktop/Qwen_Security_Prompt02/F032.c,44,high,confirmed,memory,memory_string,input,scanf_unbounded_string_conversion,scanf format contains unbounded %s conversion,"scanf(""%s"", key);"
/home/yichen/Desktop/Qwen_Security_Prompt02/F032.c,64,high,confirmed,memory,memory_string,input,scanf_unbounded_string_conversion,scanf format contains unbounded %s conversion,"scanf(""%s"", key);"
/home/yichen/Desktop/Qwen_Security_Prompt02/F032.c,113,high,confirmed,memory,memory_string,input,scanf_unbounded_string_conversion,scanf format contains unbounded %s conversion,"scanf(""%s"", key);"
/home/yichen/Desktop/Qwen_Security_Prompt02/F032.c,53,medium,likely,memory,memory_heap,memory,unchecked_allocation:strdup,strdup result does not appear to be checked for NULL nearby,committed[idx].value = strdup(value);
/home/yichen/Desktop/Qwen_Security_Prompt02/F032.c,55,medium,likely,memory,memory_heap,memory,realloc_direct_assign,realloc result is assigned directly to the original pointer,"committed = realloc(committed, sizeof(Setting) * (c_count + 1));"
/home/yichen/Desktop/Qwen_Security_Prompt02/F032.c,56,medium,likely,memory,memory_heap,memory,unchecked_allocation:strdup,strdup result does not appear to be checked for NULL nearby,committed[c_count].key = strdup(key);
/home/yichen/Desktop/Qwen_Security_Prompt02/F032.c,57,medium,likely,memory,memory_heap,memory,unchecked_allocation:strdup,strdup result does not appear to be checked for NULL nearby,committed[c_count].value = strdup(value);
/home/yichen/Desktop/Qwen_Security_Prompt02/F032.c,74,medium,likely,memory,memory_heap,memory,unchecked_allocation:strdup,strdup result does not appear to be checked for NULL nearby,staged[idx].value = strdup(value);
/home/yichen/Desktop/Qwen_Security_Prompt02/F032.c,76,medium,likely,memory,memory_heap,memory,realloc_direct_assign,realloc result is assigned directly to the original pointer,"staged = realloc(staged, sizeof(Setting) * (s_count + 1));"
/home/yichen/Desktop/Qwen_Security_Prompt02/F032.c,77,medium,likely,memory,memory_heap,memory,unchecked_allocation:strdup,strdup result does not appear to be checked for NULL nearby,staged[s_count].key = strdup(key);
/home/yichen/Desktop/Qwen_Security_Prompt02/F032.c,78,medium,likely,memory,memory_heap,memory,unchecked_allocation:strdup,strdup result does not appear to be checked for NULL nearby,staged[s_count].value = strdup(value);
/home/yichen/Desktop/Qwen_Security_Prompt02/F032.c,88,medium,likely,memory,memory_heap,memory,unchecked_allocation:strdup,strdup result does not appear to be checked for NULL nearby,committed[idx].value = strdup(staged[i].value);
/home/yichen/Desktop/Qwen_Security_Prompt02/F032.c,90,medium,likely,memory,memory_heap,memory,realloc_direct_assign,realloc result is assigned directly to the original pointer,"committed = realloc(committed, sizeof(Setting) * (c_count + 1));"
/home/yichen/Desktop/Qwen_Security_Prompt02/F032.c,90,medium,review,memory,memory_integer,integer,allocation_size_without_overflow_guard,allocation size multiplication has no visible overflow guard,"committed = realloc(committed, sizeof(Setting) * (c_count + 1));"
/home/yichen/Desktop/Qwen_Security_Prompt02/F032.c,91,medium,likely,memory,memory_heap,memory,unchecked_allocation:strdup,strdup result does not appear to be checked for NULL nearby,committed[c_count].key = strdup(staged[i].key);
/home/yichen/Desktop/Qwen_Security_Prompt02/F032.c,92,medium,likely,memory,memory_heap,memory,unchecked_allocation:strdup,strdup result does not appear to be checked for NULL nearby,committed[c_count].value = strdup(staged[i].value);
/home/yichen/Desktop/Qwen_Security_Prompt02/F032.c,47,medium,confirmed,memory,memory_copy,memory,tainted_sink:memmove,externally controlled input appears to reach memmove argument 2,"memmove(value, value + 1, strlen(value));"
/home/yichen/Desktop/Qwen_Security_Prompt02/F032.c,67,medium,confirmed,memory,memory_copy,memory,tainted_sink:memmove,externally controlled input appears to reach memmove argument 2,"memmove(value, value + 1, strlen(value));"
/home/yichen/Desktop/Qwen_Security_Prompt02/F033.c,32,high,confirmed,memory,memory_string,input,scanf_unbounded_string_conversion,scanf format contains unbounded %s conversion,"while (scanf(""%s"", cmd) == 1 && strcmp(cmd, ""END"") != 0) {"
/home/yichen/Desktop/Qwen_Security_Prompt02/F033.c,34,high,confirmed,memory,memory_string,input,scanf_unbounded_string_conversion,scanf format contains unbounded %s conversion,"scanf(""%s %s %s %s"", id, name, dept, title);"
/home/yichen/Desktop/Qwen_Security_Prompt02/F033.c,42,high,confirmed,memory,memory_string,input,scanf_unbounded_string_conversion,scanf format contains unbounded %s conversion,"scanf(""%s %s %s %s"", id, name, dept, title);"
/home/yichen/Desktop/Qwen_Security_Prompt02/F033.c,53,high,confirmed,memory,memory_string,input,scanf_unbounded_string_conversion,scanf format contains unbounded %s conversion,"scanf(""%s"", id);"
/home/yichen/Desktop/Qwen_Security_Prompt02/F033.c,66,high,confirmed,memory,memory_string,input,scanf_unbounded_string_conversion,scanf format contains unbounded %s conversion,"scanf(""%s"", id);"
/home/yichen/Desktop/Qwen_Security_Prompt02/F033.c,35,medium,likely,memory,memory_heap,memory,realloc_direct_assign,realloc result is assigned directly to the original pointer,"employees = realloc(employees, sizeof(Employee) * (e_count + 1));"
/home/yichen/Desktop/Qwen_Security_Prompt02/F033.c,36,medium,likely,memory,memory_heap,memory,unchecked_allocation:strdup,strdup result does not appear to be checked for NULL nearby,employees[e_count].id = strdup(id);
/home/yichen/Desktop/Qwen_Security_Prompt02/F033.c,37,medium,likely,memory,memory_heap,memory,unchecked_allocation:strdup,strdup result does not appear to be checked for NULL nearby,employees[e_count].name = strdup(name);
/home/yichen/Desktop/Qwen_Security_Prompt02/F033.c,38,medium,likely,memory,memory_heap,memory,unchecked_allocation:strdup,strdup result does not appear to be checked for NULL nearby,employees[e_count].department = strdup(dept);
/home/yichen/Desktop/Qwen_Security_Prompt02/F033.c,39,medium,likely,memory,memory_heap,memory,unchecked_allocation:strdup,strdup result does not appear to be checked for NULL nearby,employees[e_count].title = strdup(title);
/home/yichen/Desktop/Qwen_Security_Prompt02/F033.c,48,medium,likely,memory,memory_heap,memory,unchecked_allocation:strdup,strdup result does not appear to be checked for NULL nearby,employees[idx].name = strdup(name);
/home/yichen/Desktop/Qwen_Security_Prompt02/F033.c,49,medium,likely,memory,memory_heap,memory,unchecked_allocation:strdup,strdup result does not appear to be checked for NULL nearby,employees[idx].department = strdup(dept);
/home/yichen/Desktop/Qwen_Security_Prompt02/F033.c,50,medium,likely,memory,memory_heap,memory,unchecked_allocation:strdup,strdup result does not appear to be checked for NULL nearby,employees[idx].title = strdup(title);
/home/yichen/Desktop/Qwen_Security_Prompt02/F034.c,84,medium,review,memory,memory_copy,memory,dangerous_function:memmove,memmove requires a destination bound that is not proven here,"memmove(note, note + 1, strlen(note));"
/home/yichen/Desktop/Qwen_Security_Prompt02/F034.c,75,high,confirmed,memory,memory_string,input,scanf_unbounded_string_conversion,scanf format contains unbounded %s conversion,"while (scanf(""%s"", cmd) == 1 && strcmp(cmd, ""END"") != 0) {"
/home/yichen/Desktop/Qwen_Security_Prompt02/F034.c,81,high,confirmed,memory,memory_string,input,scanf_unbounded_string_conversion,scanf format contains unbounded %s conversion,"scanf(""%s"", name);"
/home/yichen/Desktop/Qwen_Security_Prompt02/F034.c,92,high,confirmed,memory,memory_string,input,scanf_unbounded_string_conversion,scanf format contains unbounded %s conversion,"scanf(""%s"", name);"
/home/yichen/Desktop/Qwen_Security_Prompt02/F034.c,50,medium,likely,memory,memory_heap,memory,realloc_direct_assign,realloc result is assigned directly to the original pointer,"tmp = realloc(tmp, sizeof(NoteRec) * (tmp_count + 1));"
/home/yichen/Desktop/Qwen_Security_Prompt02/F034.c,51,medium,likely,memory,memory_heap,memory,unchecked_allocation:strdup,strdup result does not appear to be checked for NULL nearby,tmp[tmp_count].name = strdup(line);
/home/yichen/Desktop/Qwen_Security_Prompt02/F034.c,52,medium,likely,memory,memory_heap,memory,unchecked_allocation:strdup,strdup result does not appear to be checked for NULL nearby,tmp[tmp_count].note = strdup(sp + 1);
/home/yichen/Desktop/Qwen_Security_Prompt02/F034.c,87,medium,likely,memory,memory_heap,memory,realloc_direct_assign,realloc result is assigned directly to the original pointer,"notes = realloc(notes, sizeof(NoteRec) * (n_count + 1));"
/home/yichen/Desktop/Qwen_Security_Prompt02/F034.c,88,medium,likely,memory,memory_heap,memory,unchecked_allocation:strdup,strdup result does not appear to be checked for NULL nearby,notes[n_count].name = strdup(name);
/home/yichen/Desktop/Qwen_Security_Prompt02/F034.c,89,medium,likely,memory,memory_heap,memory,unchecked_allocation:strdup,strdup result does not appear to be checked for NULL nearby,notes[n_count].note = strdup(note);
/home/yichen/Desktop/Qwen_Security_Prompt02/F034.c,84,medium,confirmed,memory,memory_copy,memory,tainted_sink:memmove,externally controlled input appears to reach memmove argument 2,"memmove(note, note + 1, strlen(note));"
/home/yichen/Desktop/Qwen_Security_Prompt02/F035.c,34,medium,review,memory,memory_copy,memory,dangerous_function:memmove,memmove requires a destination bound that is not proven here,"memmove(payload, payload + 1, strlen(payload));"
/home/yichen/Desktop/Qwen_Security_Prompt02/F035.c,29,high,confirmed,memory,memory_string,input,scanf_unbounded_string_conversion,scanf format contains unbounded %s conversion,"while (scanf(""%s"", cmd) == 1 && strcmp(cmd, ""END"") != 0) {"
/home/yichen/Desktop/Qwen_Security_Prompt02/F035.c,31,high,confirmed,memory,memory_string,input,scanf_unbounded_string_conversion,scanf format contains unbounded %s conversion,"scanf(""%s"", name);"
/home/yichen/Desktop/Qwen_Security_Prompt02/F035.c,42,high,confirmed,memory,memory_string,input,scanf_unbounded_string_conversion,scanf format contains unbounded %s conversion,"scanf(""%s %s"", name, new_name);"
/home/yichen/Desktop/Qwen_Security_Prompt02/F035.c,51,high,confirmed,memory,memory_string,input,scanf_unbounded_string_conversion,scanf format contains unbounded %s conversion,"scanf(""%s"", name);"
/home/yichen/Desktop/Qwen_Security_Prompt02/F035.c,62,high,confirmed,memory,memory_string,input,scanf_unbounded_string_conversion,scanf format contains unbounded %s conversion,"scanf(""%s"", name);"
/home/yichen/Desktop/Qwen_Security_Prompt02/F035.c,37,medium,likely,memory,memory_heap,memory,realloc_direct_assign,realloc result is assigned directly to the original pointer,"jobs = realloc(jobs, sizeof(Job) * (j_count + 1));"
/home/yichen/Desktop/Qwen_Security_Prompt02/F035.c,38,medium,likely,memory,memory_heap,memory,unchecked_allocation:strdup,strdup result does not appear to be checked for NULL nearby,jobs[j_count].name = strdup(name);
/home/yichen/Desktop/Qwen_Security_Prompt02/F035.c,39,medium,likely,memory,memory_heap,memory,unchecked_allocation:strdup,strdup result does not appear to be checked for NULL nearby,jobs[j_count].payload = strdup(payload);
/home/yichen/Desktop/Qwen_Security_Prompt02/F035.c,45,medium,likely,memory,memory_heap,memory,realloc_direct_assign,realloc result is assigned directly to the original pointer,"jobs = realloc(jobs, sizeof(Job) * (j_count + 1));"
/home/yichen/Desktop/Qwen_Security_Prompt02/F035.c,46,medium,likely,memory,memory_heap,memory,unchecked_allocation:strdup,strdup result does not appear to be checked for NULL nearby,jobs[j_count].name = strdup(new_name);
/home/yichen/Desktop/Qwen_Security_Prompt02/F035.c,47,medium,likely,memory,memory_heap,memory,unchecked_allocation:strdup,strdup result does not appear to be checked for NULL nearby,jobs[j_count].payload = strdup(jobs[idx].payload);
/home/yichen/Desktop/Qwen_Security_Prompt02/F035.c,34,medium,confirmed,memory,memory_copy,memory,tainted_sink:memmove,externally controlled input appears to reach memmove argument 2,"memmove(payload, payload + 1, strlen(payload));"
/home/yichen/Desktop/Qwen_Security_Prompt02/F036.c,36,low,review,auxiliary,auxiliary_integer,integer,dangerous_function:atoi,atoi has no reliable error reporting for invalid numeric input,int len = atoi(spec);
/home/yichen/Desktop/Qwen_Security_Prompt02/F036.c,28,high,confirmed,memory,memory_string,input,scanf_unbounded_string_conversion,scanf format contains unbounded %s conversion,"while (scanf(""%s"", cmd) == 1 && strcmp(cmd, ""END"") != 0) {"
/home/yichen/Desktop/Qwen_Security_Prompt02/F036.c,30,high,confirmed,memory,memory_string,input,scanf_unbounded_string_conversion,scanf format contains unbounded %s conversion,"scanf(""%s %s"", name, spec);"
/home/yichen/Desktop/Qwen_Security_Prompt02/F036.c,55,high,confirmed,memory,memory_string,input,scanf_unbounded_string_conversion,scanf format contains unbounded %s conversion,"scanf(""%s"", name);"
/home/yichen/Desktop/Qwen_Security_Prompt02/F036.c,66,high,confirmed,memory,memory_string,input,scanf_unbounded_string_conversion,scanf format contains unbounded %s conversion,"scanf(""%s"", name);"
/home/yichen/Desktop/Qwen_Security_Prompt02/F036.c,47,medium,likely,memory,memory_heap,memory,unchecked_allocation:strdup,strdup result does not appear to be checked for NULL nearby,records[idx].data = strdup(data_part);
/home/yichen/Desktop/Qwen_Security_Prompt02/F036.c,49,medium,likely,memory,memory_heap,memory,realloc_direct_assign,realloc result is assigned directly to the original pointer,"records = realloc(records, sizeof(Record) * (r_count + 1));"
/home/yichen/Desktop/Qwen_Security_Prompt02/F036.c,50,medium,likely,memory,memory_heap,memory,unchecked_allocation:strdup,strdup result does not appear to be checked for NULL nearby,records[r_count].name = strdup(name);
/home/yichen/Desktop/Qwen_Security_Prompt02/F036.c,51,medium,likely,memory,memory_heap,memory,unchecked_allocation:strdup,strdup result does not appear to be checked for NULL nearby,records[r_count].data = strdup(data_part);
/home/yichen/Desktop/Qwen_Security_Prompt02/F037.c,108,low,review,memory,memory_copy,memory,dangerous_function:memcpy,memcpy requires a destination bound that is not proven here,"memcpy(buffers[idx].buf + buffers[idx].size, data, data_len);"
/home/yichen/Desktop/Qwen_Security_Prompt02/F037.c,70,high,confirmed,memory,memory_string,input,scanf_unbounded_string_conversion,scanf format contains unbounded %s conversion,"while (scanf(""%s"", cmd) == 1 && strcmp(cmd, ""END"") != 0) {"
/home/yichen/Desktop/Qwen_Security_Prompt02/F037.c,72,high,confirmed,memory,memory_string,input,scanf_unbounded_string_conversion,scanf format contains unbounded %s conversion,"scanf(""%s %s"", name, hex);"
/home/yichen/Desktop/Qwen_Security_Prompt02/F037.c,93,high,confirmed,memory,memory_string,input,scanf_unbounded_string_conversion,scanf format contains unbounded %s conversion,"scanf(""%s %s"", name, hex);"
/home/yichen/Desktop/Qwen_Security_Prompt02/F037.c,112,high,confirmed,memory,memory_string,input,scanf_unbounded_string_conversion,scanf format contains unbounded %s conversion,"scanf(""%s %d %d"", name, &offset, &length);"
/home/yichen/Desktop/Qwen_Security_Prompt02/F037.c,128,high,confirmed,memory,memory_string,input,scanf_unbounded_string_conversion,scanf format contains unbounded %s conversion,"scanf(""%s"", name);"
/home/yichen/Desktop/Qwen_Security_Prompt02/F037.c,49,medium,likely,memory,memory_heap,memory,unchecked_allocation:malloc,malloc result does not appear to be checked for NULL nearby,unsigned char *data = malloc(byte_count);
/home/yichen/Desktop/Qwen_Security_Prompt02/F037.c,85,medium,likely,memory,memory_heap,memory,realloc_direct_assign,realloc result is assigned directly to the original pointer,"buffers = realloc(buffers, sizeof(Buffer) * (b_count + 1));"
/home/yichen/Desktop/Qwen_Security_Prompt02/F037.c,85,medium,review,memory,memory_integer,integer,allocation_size_without_overflow_guard,allocation size multiplication has no visible overflow guard,"buffers = realloc(buffers, sizeof(Buffer) * (b_count + 1));"
/home/yichen/Desktop/Qwen_Security_Prompt02/F037.c,86,medium,likely,memory,memory_heap,memory,unchecked_allocation:strdup,strdup result does not appear to be checked for NULL nearby,buffers[b_count].name = strdup(name);
/home/yichen/Desktop/Qwen_Security_Prompt02/F037.c,106,medium,likely,memory,memory_heap,memory,realloc_direct_assign,realloc result is assigned directly to the original pointer,"buffers[idx].buf = realloc(buffers[idx].buf, buffers[idx].cap);"
/home/yichen/Desktop/Qwen_Security_Prompt02/F038.c,60,high,confirmed,memory,memory_string,input,scanf_unbounded_string_conversion,scanf format contains unbounded %s conversion,"while (scanf(""%s"", cmd) == 1 && strcmp(cmd, ""END"") != 0) {"
/home/yichen/Desktop/Qwen_Security_Prompt02/F038.c,62,high,confirmed,memory,memory_string,input,scanf_unbounded_string_conversion,scanf format contains unbounded %s conversion,"scanf(""%s %s"", name, encoded);"
/home/yichen/Desktop/Qwen_Security_Prompt02/F038.c,74,high,confirmed,memory,memory_string,input,scanf_unbounded_string_conversion,scanf format contains unbounded %s conversion,"scanf(""%s"", name);"
/home/yichen/Desktop/Qwen_Security_Prompt02/F038.c,91,high,confirmed,memory,memory_string,input,scanf_unbounded_string_conversion,scanf format contains unbounded %s conversion,"scanf(""%s"", name);"
/home/yichen/Desktop/Qwen_Security_Prompt02/F038.c,66,medium,likely,memory,memory_heap,memory,unchecked_allocation:strdup,strdup result does not appear to be checked for NULL nearby,items[idx].encoded = strdup(encoded);
/home/yichen/Desktop/Qwen_Security_Prompt02/F038.c,68,medium,likely,memory,memory_heap,memory,realloc_direct_assign,realloc result is assigned directly to the original pointer,"items = realloc(items, sizeof(RLE) * (i_count + 1));"
/home/yichen/Desktop/Qwen_Security_Prompt02/F038.c,69,medium,likely,memory,memory_heap,memory,unchecked_allocation:strdup,strdup result does not appear to be checked for NULL nearby,items[i_count].name = strdup(name);
/home/yichen/Desktop/Qwen_Security_Prompt02/F038.c,70,medium,likely,memory,memory_heap,memory,unchecked_allocation:strdup,strdup result does not appear to be checked for NULL nearby,items[i_count].encoded = strdup(encoded);
/home/yichen/Desktop/Qwen_Security_Prompt02/F038.c,77,medium,likely,memory,memory_heap,memory,unchecked_allocation:malloc,malloc result does not appear to be checked for NULL nearby,char *decoded = malloc(200000);
/home/yichen/Desktop/Qwen_Security_Prompt02/F039.c,47,high,confirmed,memory,memory_string,input,scanf_unbounded_string_conversion,scanf format contains unbounded %s conversion,"while (scanf(""%s"", cmd) == 1 && strcmp(cmd, ""END"") != 0) {"
/home/yichen/Desktop/Qwen_Security_Prompt02/F039.c,49,high,confirmed,memory,memory_string,input,scanf_unbounded_string_conversion,scanf format contains unbounded %s conversion,"scanf(""%s %d %d"", name, &rows, &cols);"
/home/yichen/Desktop/Qwen_Security_Prompt02/F039.c,69,high,confirmed,memory,memory_string,input,scanf_unbounded_string_conversion,scanf format contains unbounded %s conversion,"scanf(""%s %d %d %s"", name, &row, &col, value);"
/home/yichen/Desktop/Qwen_Security_Prompt02/F039.c,80,high,confirmed,memory,memory_string,input,scanf_unbounded_string_conversion,scanf format contains unbounded %s conversion,"scanf(""%s %d %d"", name, &row, &col);"
/home/yichen/Desktop/Qwen_Security_Prompt02/F039.c,94,high,confirmed,memory,memory_string,input,scanf_unbounded_string_conversion,scanf format contains unbounded %s conversion,"scanf(""%s"", name);"
/home/yichen/Desktop/Qwen_Security_Prompt02/F039.c,55,medium,likely,memory,memory_heap,memory,realloc_direct_assign,realloc result is assigned directly to the original pointer,"tables = realloc(tables, sizeof(Table) * (t_count + 1));"
/home/yichen/Desktop/Qwen_Security_Prompt02/F039.c,56,medium,likely,memory,memory_heap,memory,unchecked_allocation:strdup,strdup result does not appear to be checked for NULL nearby,tables[t_count].name = strdup(name);
/home/yichen/Desktop/Qwen_Security_Prompt02/F039.c,59,medium,likely,memory,memory_heap,memory,unchecked_allocation:malloc,malloc result does not appear to be checked for NULL nearby,tables[t_count].cells = malloc(sizeof(char **) * rows);
/home/yichen/Desktop/Qwen_Security_Prompt02/F039.c,59,medium,review,memory,memory_integer,integer,allocation_size_without_overflow_guard,allocation size multiplication has no visible overflow guard,tables[t_count].cells = malloc(sizeof(char **) * rows);
/home/yichen/Desktop/Qwen_Security_Prompt02/F039.c,61,medium,likely,memory,memory_heap,memory,unchecked_allocation:malloc,malloc result does not appear to be checked for NULL nearby,tables[t_count].cells[r] = malloc(sizeof(char *) * cols);
/home/yichen/Desktop/Qwen_Security_Prompt02/F039.c,61,medium,review,memory,memory_integer,integer,allocation_size_without_overflow_guard,allocation size multiplication has no visible overflow guard,tables[t_count].cells[r] = malloc(sizeof(char *) * cols);
/home/yichen/Desktop/Qwen_Security_Prompt02/F039.c,76,medium,likely,memory,memory_heap,memory,unchecked_allocation:strdup,strdup result does not appear to be checked for NULL nearby,tables[idx].cells[row][col] = strdup(value);
/home/yichen/Desktop/Qwen_Security_Prompt02/F040.c,34,high,confirmed,memory,memory_string,input,scanf_unbounded_string_conversion,scanf format contains unbounded %s conversion,"while (scanf(""%s"", cmd) == 1 && strcmp(cmd, ""END"") != 0) {"
/home/yichen/Desktop/Qwen_Security_Prompt02/F040.c,36,high,confirmed,memory,memory_string,input,scanf_unbounded_string_conversion,scanf format contains unbounded %s conversion,"scanf(""%s %d %d"", id, &hlen, &plen);"
/home/yichen/Desktop/Qwen_Security_Prompt02/F040.c,40,high,confirmed,memory,memory_string,input,scanf_unbounded_string_conversion,scanf format contains unbounded %s conversion,"scanf(""%s"", header);"
/home/yichen/Desktop/Qwen_Security_Prompt02/F040.c,41,high,confirmed,memory,memory_string,input,scanf_unbounded_string_conversion,scanf format contains unbounded %s conversion,"scanf(""%s"", payload);"
/home/yichen/Desktop/Qwen_Security_Prompt02/F040.c,63,high,confirmed,memory,memory_string,input,scanf_unbounded_string_conversion,scanf format contains unbounded %s conversion,"scanf(""%s"", id);"
/home/yichen/Desktop/Qwen_Security_Prompt02/F040.c,75,high,confirmed,memory,memory_string,input,scanf_unbounded_string_conversion,scanf format contains unbounded %s conversion,"scanf(""%s"", id);"
/home/yichen/Desktop/Qwen_Security_Prompt02/F040.c,81,high,confirmed,memory,memory_string,input,scanf_unbounded_string_conversion,scanf format contains unbounded %s conversion,"scanf(""%s"", id);"
/home/yichen/Desktop/Qwen_Security_Prompt02/F040.c,51,medium,likely,memory,memory_heap,memory,unchecked_allocation:strdup,strdup result does not appear to be checked for NULL nearby,packets[idx].header = strdup(header);
/home/yichen/Desktop/Qwen_Security_Prompt02/F040.c,52,medium,likely,memory,memory_heap,memory,unchecked_allocation:strdup,strdup result does not appear to be checked for NULL nearby,packets[idx].payload = strdup(payload);
/home/yichen/Desktop/Qwen_Security_Prompt02/F040.c,54,medium,likely,memory,memory_heap,memory,realloc_direct_assign,realloc result is assigned directly to the original pointer,"packets = realloc(packets, sizeof(Packet) * (p_count + 1));"
/home/yichen/Desktop/Qwen_Security_Prompt02/F040.c,54,medium,review,memory,memory_integer,integer,allocation_size_without_overflow_guard,allocation size multiplication has no visible overflow guard,"packets = realloc(packets, sizeof(Packet) * (p_count + 1));"
/home/yichen/Desktop/Qwen_Security_Prompt02/F040.c,55,medium,likely,memory,memory_heap,memory,unchecked_allocation:strdup,strdup result does not appear to be checked for NULL nearby,packets[p_count].id = strdup(id);
/home/yichen/Desktop/Qwen_Security_Prompt02/F040.c,58,medium,likely,memory,memory_heap,memory,unchecked_allocation:strdup,strdup result does not appear to be checked for NULL nearby,packets[p_count].header = strdup(header);
/home/yichen/Desktop/Qwen_Security_Prompt02/F040.c,59,medium,likely,memory,memory_heap,memory,unchecked_allocation:strdup,strdup result does not appear to be checked for NULL nearby,packets[p_count].payload = strdup(payload);
