file,tool,attempted,status,success,returncode,finding_count,line,severity,check_id,message,evidence,log_path
/home/yichen/Desktop/Gemini_Baseline_Code01/F001.c,cppcheck,True,success,True,0,6,2,information,missingIncludeSystem,Include file: <stdio.h> not found. Please note: Cppcheck does not need standard library headers to get proper results.,/home/yichen/Desktop/Gemini_Baseline_Code01/F001.c|2|information|missingIncludeSystem|Include file: <stdio.h> not found. Please note: Cppcheck does not need standard library headers to get proper results.,/home/yichen/Desktop/Gemini_Baseline_Results01/logs/F001_cppcheck.log
/home/yichen/Desktop/Gemini_Baseline_Code01/F001.c,cppcheck,True,success,True,0,6,3,information,missingIncludeSystem,Include file: <stdlib.h> not found. Please note: Cppcheck does not need standard library headers to get proper results.,/home/yichen/Desktop/Gemini_Baseline_Code01/F001.c|3|information|missingIncludeSystem|Include file: <stdlib.h> not found. Please note: Cppcheck does not need standard library headers to get proper results.,/home/yichen/Desktop/Gemini_Baseline_Results01/logs/F001_cppcheck.log
/home/yichen/Desktop/Gemini_Baseline_Code01/F001.c,cppcheck,True,success,True,0,6,4,information,missingIncludeSystem,Include file: <string.h> not found. Please note: Cppcheck does not need standard library headers to get proper results.,/home/yichen/Desktop/Gemini_Baseline_Code01/F001.c|4|information|missingIncludeSystem|Include file: <string.h> not found. Please note: Cppcheck does not need standard library headers to get proper results.,/home/yichen/Desktop/Gemini_Baseline_Results01/logs/F001_cppcheck.log
/home/yichen/Desktop/Gemini_Baseline_Code01/F001.c,cppcheck,True,success,True,0,6,34,error,memleakOnRealloc,Common realloc mistake: 'notebook' nulled but not freed upon failure,/home/yichen/Desktop/Gemini_Baseline_Code01/F001.c|34|error|memleakOnRealloc|Common realloc mistake: 'notebook' nulled but not freed upon failure,/home/yichen/Desktop/Gemini_Baseline_Results01/logs/F001_cppcheck.log
/home/yichen/Desktop/Gemini_Baseline_Code01/F001.c,cppcheck,True,success,True,0,6,68,error,memleakOnRealloc,Common realloc mistake: 'notebook' nulled but not freed upon failure,/home/yichen/Desktop/Gemini_Baseline_Code01/F001.c|68|error|memleakOnRealloc|Common realloc mistake: 'notebook' nulled but not freed upon failure,/home/yichen/Desktop/Gemini_Baseline_Results01/logs/F001_cppcheck.log
nofile,cppcheck,True,success,True,0,6,0,information,checkersReport,Active checkers: 113/592 (use --checkers-report=<filename> to see details),nofile|0|information|checkersReport|Active checkers: 113/592 (use --checkers-report=<filename> to see details),/home/yichen/Desktop/Gemini_Baseline_Results01/logs/F001_cppcheck.log
/home/yichen/Desktop/Gemini_Baseline_Code01/F002.c,cppcheck,True,success,True,0,9,2,information,missingIncludeSystem,Include file: <stdio.h> not found. Please note: Cppcheck does not need standard library headers to get proper results.,/home/yichen/Desktop/Gemini_Baseline_Code01/F002.c|2|information|missingIncludeSystem|Include file: <stdio.h> not found. Please note: Cppcheck does not need standard library headers to get proper results.,/home/yichen/Desktop/Gemini_Baseline_Results01/logs/F002_cppcheck.log
/home/yichen/Desktop/Gemini_Baseline_Code01/F002.c,cppcheck,True,success,True,0,9,3,information,missingIncludeSystem,Include file: <stdlib.h> not found. Please note: Cppcheck does not need standard library headers to get proper results.,/home/yichen/Desktop/Gemini_Baseline_Code01/F002.c|3|information|missingIncludeSystem|Include file: <stdlib.h> not found. Please note: Cppcheck does not need standard library headers to get proper results.,/home/yichen/Desktop/Gemini_Baseline_Results01/logs/F002_cppcheck.log
/home/yichen/Desktop/Gemini_Baseline_Code01/F002.c,cppcheck,True,success,True,0,9,4,information,missingIncludeSystem,Include file: <string.h> not found. Please note: Cppcheck does not need standard library headers to get proper results.,/home/yichen/Desktop/Gemini_Baseline_Code01/F002.c|4|information|missingIncludeSystem|Include file: <string.h> not found. Please note: Cppcheck does not need standard library headers to get proper results.,/home/yichen/Desktop/Gemini_Baseline_Results01/logs/F002_cppcheck.log
/home/yichen/Desktop/Gemini_Baseline_Code01/F002.c,cppcheck,True,success,True,0,9,33,error,memleakOnRealloc,Common realloc mistake: 'records' nulled but not freed upon failure,/home/yichen/Desktop/Gemini_Baseline_Code01/F002.c|33|error|memleakOnRealloc|Common realloc mistake: 'records' nulled but not freed upon failure,/home/yichen/Desktop/Gemini_Baseline_Results01/logs/F002_cppcheck.log
/home/yichen/Desktop/Gemini_Baseline_Code01/F002.c,cppcheck,True,success,True,0,9,62,error,memleakOnRealloc,Common realloc mistake: 'records' nulled but not freed upon failure,/home/yichen/Desktop/Gemini_Baseline_Code01/F002.c|62|error|memleakOnRealloc|Common realloc mistake: 'records' nulled but not freed upon failure,/home/yichen/Desktop/Gemini_Baseline_Results01/logs/F002_cppcheck.log
/home/yichen/Desktop/Gemini_Baseline_Code01/F002.c,cppcheck,True,success,True,0,9,84,error,memleakOnRealloc,Common realloc mistake: 'records' nulled but not freed upon failure,/home/yichen/Desktop/Gemini_Baseline_Code01/F002.c|84|error|memleakOnRealloc|Common realloc mistake: 'records' nulled but not freed upon failure,/home/yichen/Desktop/Gemini_Baseline_Results01/logs/F002_cppcheck.log
/home/yichen/Desktop/Gemini_Baseline_Code01/F002.c,cppcheck,True,success,True,0,9,41,style,constVariablePointer,Variable 'msg1' can be declared as pointer to const,/home/yichen/Desktop/Gemini_Baseline_Code01/F002.c|41|style|constVariablePointer|Variable 'msg1' can be declared as pointer to const,/home/yichen/Desktop/Gemini_Baseline_Results01/logs/F002_cppcheck.log
/home/yichen/Desktop/Gemini_Baseline_Code01/F002.c,cppcheck,True,success,True,0,9,42,style,constVariablePointer,Variable 'msg2' can be declared as pointer to const,/home/yichen/Desktop/Gemini_Baseline_Code01/F002.c|42|style|constVariablePointer|Variable 'msg2' can be declared as pointer to const,/home/yichen/Desktop/Gemini_Baseline_Results01/logs/F002_cppcheck.log
nofile,cppcheck,True,success,True,0,9,0,information,checkersReport,Active checkers: 113/592 (use --checkers-report=<filename> to see details),nofile|0|information|checkersReport|Active checkers: 113/592 (use --checkers-report=<filename> to see details),/home/yichen/Desktop/Gemini_Baseline_Results01/logs/F002_cppcheck.log
/home/yichen/Desktop/Gemini_Baseline_Code01/F003.c,cppcheck,True,success,True,0,6,2,information,missingIncludeSystem,Include file: <stdio.h> not found. Please note: Cppcheck does not need standard library headers to get proper results.,/home/yichen/Desktop/Gemini_Baseline_Code01/F003.c|2|information|missingIncludeSystem|Include file: <stdio.h> not found. Please note: Cppcheck does not need standard library headers to get proper results.,/home/yichen/Desktop/Gemini_Baseline_Results01/logs/F003_cppcheck.log
/home/yichen/Desktop/Gemini_Baseline_Code01/F003.c,cppcheck,True,success,True,0,6,3,information,missingIncludeSystem,Include file: <stdlib.h> not found. Please note: Cppcheck does not need standard library headers to get proper results.,/home/yichen/Desktop/Gemini_Baseline_Code01/F003.c|3|information|missingIncludeSystem|Include file: <stdlib.h> not found. Please note: Cppcheck does not need standard library headers to get proper results.,/home/yichen/Desktop/Gemini_Baseline_Results01/logs/F003_cppcheck.log
/home/yichen/Desktop/Gemini_Baseline_Code01/F003.c,cppcheck,True,success,True,0,6,4,information,missingIncludeSystem,Include file: <string.h> not found. Please note: Cppcheck does not need standard library headers to get proper results.,/home/yichen/Desktop/Gemini_Baseline_Code01/F003.c|4|information|missingIncludeSystem|Include file: <string.h> not found. Please note: Cppcheck does not need standard library headers to get proper results.,/home/yichen/Desktop/Gemini_Baseline_Results01/logs/F003_cppcheck.log
/home/yichen/Desktop/Gemini_Baseline_Code01/F003.c,cppcheck,True,success,True,0,6,43,error,memleakOnRealloc,Common realloc mistake: 'table' nulled but not freed upon failure,/home/yichen/Desktop/Gemini_Baseline_Code01/F003.c|43|error|memleakOnRealloc|Common realloc mistake: 'table' nulled but not freed upon failure,/home/yichen/Desktop/Gemini_Baseline_Results01/logs/F003_cppcheck.log
/home/yichen/Desktop/Gemini_Baseline_Code01/F003.c,cppcheck,True,success,True,0,6,85,error,memleakOnRealloc,Common realloc mistake: 'table' nulled but not freed upon failure,/home/yichen/Desktop/Gemini_Baseline_Code01/F003.c|85|error|memleakOnRealloc|Common realloc mistake: 'table' nulled but not freed upon failure,/home/yichen/Desktop/Gemini_Baseline_Results01/logs/F003_cppcheck.log
nofile,cppcheck,True,success,True,0,6,0,information,checkersReport,Active checkers: 113/592 (use --checkers-report=<filename> to see details),nofile|0|information|checkersReport|Active checkers: 113/592 (use --checkers-report=<filename> to see details),/home/yichen/Desktop/Gemini_Baseline_Results01/logs/F003_cppcheck.log
/home/yichen/Desktop/Gemini_Baseline_Code01/F004.c,cppcheck,True,success,True,0,7,2,information,missingIncludeSystem,Include file: <stdio.h> not found. Please note: Cppcheck does not need standard library headers to get proper results.,/home/yichen/Desktop/Gemini_Baseline_Code01/F004.c|2|information|missingIncludeSystem|Include file: <stdio.h> not found. Please note: Cppcheck does not need standard library headers to get proper results.,/home/yichen/Desktop/Gemini_Baseline_Results01/logs/F004_cppcheck.log
/home/yichen/Desktop/Gemini_Baseline_Code01/F004.c,cppcheck,True,success,True,0,7,3,information,missingIncludeSystem,Include file: <stdlib.h> not found. Please note: Cppcheck does not need standard library headers to get proper results.,/home/yichen/Desktop/Gemini_Baseline_Code01/F004.c|3|information|missingIncludeSystem|Include file: <stdlib.h> not found. Please note: Cppcheck does not need standard library headers to get proper results.,/home/yichen/Desktop/Gemini_Baseline_Results01/logs/F004_cppcheck.log
/home/yichen/Desktop/Gemini_Baseline_Code01/F004.c,cppcheck,True,success,True,0,7,4,information,missingIncludeSystem,Include file: <string.h> not found. Please note: Cppcheck does not need standard library headers to get proper results.,/home/yichen/Desktop/Gemini_Baseline_Code01/F004.c|4|information|missingIncludeSystem|Include file: <string.h> not found. Please note: Cppcheck does not need standard library headers to get proper results.,/home/yichen/Desktop/Gemini_Baseline_Results01/logs/F004_cppcheck.log
/home/yichen/Desktop/Gemini_Baseline_Code01/F004.c,cppcheck,True,success,True,0,7,43,error,memleakOnRealloc,Common realloc mistake: 'vars' nulled but not freed upon failure,/home/yichen/Desktop/Gemini_Baseline_Code01/F004.c|43|error|memleakOnRealloc|Common realloc mistake: 'vars' nulled but not freed upon failure,/home/yichen/Desktop/Gemini_Baseline_Results01/logs/F004_cppcheck.log
/home/yichen/Desktop/Gemini_Baseline_Code01/F004.c,cppcheck,True,success,True,0,7,60,error,memleakOnRealloc,Common realloc mistake: 'vars' nulled but not freed upon failure,/home/yichen/Desktop/Gemini_Baseline_Code01/F004.c|60|error|memleakOnRealloc|Common realloc mistake: 'vars' nulled but not freed upon failure,/home/yichen/Desktop/Gemini_Baseline_Results01/logs/F004_cppcheck.log
/home/yichen/Desktop/Gemini_Baseline_Code01/F004.c,cppcheck,True,success,True,0,7,75,style,constVariablePointer,Variable 'val' can be declared as pointer to const,/home/yichen/Desktop/Gemini_Baseline_Code01/F004.c|75|style|constVariablePointer|Variable 'val' can be declared as pointer to const,/home/yichen/Desktop/Gemini_Baseline_Results01/logs/F004_cppcheck.log
nofile,cppcheck,True,success,True,0,7,0,information,checkersReport,Active checkers: 113/592 (use --checkers-report=<filename> to see details),nofile|0|information|checkersReport|Active checkers: 113/592 (use --checkers-report=<filename> to see details),/home/yichen/Desktop/Gemini_Baseline_Results01/logs/F004_cppcheck.log
/home/yichen/Desktop/Gemini_Baseline_Code01/F005.c,cppcheck,True,success,True,0,7,2,information,missingIncludeSystem,Include file: <stdio.h> not found. Please note: Cppcheck does not need standard library headers to get proper results.,/home/yichen/Desktop/Gemini_Baseline_Code01/F005.c|2|information|missingIncludeSystem|Include file: <stdio.h> not found. Please note: Cppcheck does not need standard library headers to get proper results.,/home/yichen/Desktop/Gemini_Baseline_Results01/logs/F005_cppcheck.log
/home/yichen/Desktop/Gemini_Baseline_Code01/F005.c,cppcheck,True,success,True,0,7,3,information,missingIncludeSystem,Include file: <stdlib.h> not found. Please note: Cppcheck does not need standard library headers to get proper results.,/home/yichen/Desktop/Gemini_Baseline_Code01/F005.c|3|information|missingIncludeSystem|Include file: <stdlib.h> not found. Please note: Cppcheck does not need standard library headers to get proper results.,/home/yichen/Desktop/Gemini_Baseline_Results01/logs/F005_cppcheck.log
/home/yichen/Desktop/Gemini_Baseline_Code01/F005.c,cppcheck,True,success,True,0,7,4,information,missingIncludeSystem,Include file: <string.h> not found. Please note: Cppcheck does not need standard library headers to get proper results.,/home/yichen/Desktop/Gemini_Baseline_Code01/F005.c|4|information|missingIncludeSystem|Include file: <string.h> not found. Please note: Cppcheck does not need standard library headers to get proper results.,/home/yichen/Desktop/Gemini_Baseline_Results01/logs/F005_cppcheck.log
/home/yichen/Desktop/Gemini_Baseline_Code01/F005.c,cppcheck,True,success,True,0,7,29,error,memleakOnRealloc,Common realloc mistake: 'lines' nulled but not freed upon failure,/home/yichen/Desktop/Gemini_Baseline_Code01/F005.c|29|error|memleakOnRealloc|Common realloc mistake: 'lines' nulled but not freed upon failure,/home/yichen/Desktop/Gemini_Baseline_Results01/logs/F005_cppcheck.log
/home/yichen/Desktop/Gemini_Baseline_Code01/F005.c,cppcheck,True,success,True,0,7,38,error,memleakOnRealloc,Common realloc mistake: 'lines' nulled but not freed upon failure,/home/yichen/Desktop/Gemini_Baseline_Code01/F005.c|38|error|memleakOnRealloc|Common realloc mistake: 'lines' nulled but not freed upon failure,/home/yichen/Desktop/Gemini_Baseline_Results01/logs/F005_cppcheck.log
/home/yichen/Desktop/Gemini_Baseline_Code01/F005.c,cppcheck,True,success,True,0,7,50,error,memleakOnRealloc,Common realloc mistake: 'lines' nulled but not freed upon failure,/home/yichen/Desktop/Gemini_Baseline_Code01/F005.c|50|error|memleakOnRealloc|Common realloc mistake: 'lines' nulled but not freed upon failure,/home/yichen/Desktop/Gemini_Baseline_Results01/logs/F005_cppcheck.log
nofile,cppcheck,True,success,True,0,7,0,information,checkersReport,Active checkers: 113/592 (use --checkers-report=<filename> to see details),nofile|0|information|checkersReport|Active checkers: 113/592 (use --checkers-report=<filename> to see details),/home/yichen/Desktop/Gemini_Baseline_Results01/logs/F005_cppcheck.log
/home/yichen/Desktop/Gemini_Baseline_Code01/F006.c,cppcheck,True,success,True,0,6,2,information,missingIncludeSystem,Include file: <stdio.h> not found. Please note: Cppcheck does not need standard library headers to get proper results.,/home/yichen/Desktop/Gemini_Baseline_Code01/F006.c|2|information|missingIncludeSystem|Include file: <stdio.h> not found. Please note: Cppcheck does not need standard library headers to get proper results.,/home/yichen/Desktop/Gemini_Baseline_Results01/logs/F006_cppcheck.log
/home/yichen/Desktop/Gemini_Baseline_Code01/F006.c,cppcheck,True,success,True,0,6,3,information,missingIncludeSystem,Include file: <stdlib.h> not found. Please note: Cppcheck does not need standard library headers to get proper results.,/home/yichen/Desktop/Gemini_Baseline_Code01/F006.c|3|information|missingIncludeSystem|Include file: <stdlib.h> not found. Please note: Cppcheck does not need standard library headers to get proper results.,/home/yichen/Desktop/Gemini_Baseline_Results01/logs/F006_cppcheck.log
/home/yichen/Desktop/Gemini_Baseline_Code01/F006.c,cppcheck,True,success,True,0,6,4,information,missingIncludeSystem,Include file: <string.h> not found. Please note: Cppcheck does not need standard library headers to get proper results.,/home/yichen/Desktop/Gemini_Baseline_Code01/F006.c|4|information|missingIncludeSystem|Include file: <string.h> not found. Please note: Cppcheck does not need standard library headers to get proper results.,/home/yichen/Desktop/Gemini_Baseline_Results01/logs/F006_cppcheck.log
/home/yichen/Desktop/Gemini_Baseline_Code01/F006.c,cppcheck,True,success,True,0,6,40,error,memleakOnRealloc,Common realloc mistake: 'inv' nulled but not freed upon failure,/home/yichen/Desktop/Gemini_Baseline_Code01/F006.c|40|error|memleakOnRealloc|Common realloc mistake: 'inv' nulled but not freed upon failure,/home/yichen/Desktop/Gemini_Baseline_Results01/logs/F006_cppcheck.log
/home/yichen/Desktop/Gemini_Baseline_Code01/F006.c,cppcheck,True,success,True,0,6,70,error,memleakOnRealloc,Common realloc mistake: 'inv' nulled but not freed upon failure,/home/yichen/Desktop/Gemini_Baseline_Code01/F006.c|70|error|memleakOnRealloc|Common realloc mistake: 'inv' nulled but not freed upon failure,/home/yichen/Desktop/Gemini_Baseline_Results01/logs/F006_cppcheck.log
nofile,cppcheck,True,success,True,0,6,0,information,checkersReport,Active checkers: 113/592 (use --checkers-report=<filename> to see details),nofile|0|information|checkersReport|Active checkers: 113/592 (use --checkers-report=<filename> to see details),/home/yichen/Desktop/Gemini_Baseline_Results01/logs/F006_cppcheck.log
/home/yichen/Desktop/Gemini_Baseline_Code01/F007.c,cppcheck,True,success,True,0,8,2,information,missingIncludeSystem,Include file: <stdio.h> not found. Please note: Cppcheck does not need standard library headers to get proper results.,/home/yichen/Desktop/Gemini_Baseline_Code01/F007.c|2|information|missingIncludeSystem|Include file: <stdio.h> not found. Please note: Cppcheck does not need standard library headers to get proper results.,/home/yichen/Desktop/Gemini_Baseline_Results01/logs/F007_cppcheck.log
/home/yichen/Desktop/Gemini_Baseline_Code01/F007.c,cppcheck,True,success,True,0,8,3,information,missingIncludeSystem,Include file: <stdlib.h> not found. Please note: Cppcheck does not need standard library headers to get proper results.,/home/yichen/Desktop/Gemini_Baseline_Code01/F007.c|3|information|missingIncludeSystem|Include file: <stdlib.h> not found. Please note: Cppcheck does not need standard library headers to get proper results.,/home/yichen/Desktop/Gemini_Baseline_Results01/logs/F007_cppcheck.log
/home/yichen/Desktop/Gemini_Baseline_Code01/F007.c,cppcheck,True,success,True,0,8,4,information,missingIncludeSystem,Include file: <string.h> not found. Please note: Cppcheck does not need standard library headers to get proper results.,/home/yichen/Desktop/Gemini_Baseline_Code01/F007.c|4|information|missingIncludeSystem|Include file: <string.h> not found. Please note: Cppcheck does not need standard library headers to get proper results.,/home/yichen/Desktop/Gemini_Baseline_Results01/logs/F007_cppcheck.log
/home/yichen/Desktop/Gemini_Baseline_Code01/F007.c,cppcheck,True,success,True,0,8,42,error,memleakOnRealloc,Common realloc mistake: 'log' nulled but not freed upon failure,/home/yichen/Desktop/Gemini_Baseline_Code01/F007.c|42|error|memleakOnRealloc|Common realloc mistake: 'log' nulled but not freed upon failure,/home/yichen/Desktop/Gemini_Baseline_Results01/logs/F007_cppcheck.log
/home/yichen/Desktop/Gemini_Baseline_Code01/F007.c,cppcheck,True,success,True,0,8,65,error,memleakOnRealloc,Common realloc mistake: 'log' nulled but not freed upon failure,/home/yichen/Desktop/Gemini_Baseline_Code01/F007.c|65|error|memleakOnRealloc|Common realloc mistake: 'log' nulled but not freed upon failure,/home/yichen/Desktop/Gemini_Baseline_Results01/logs/F007_cppcheck.log
/home/yichen/Desktop/Gemini_Baseline_Code01/F007.c,cppcheck,True,success,True,0,8,13,style,constVariablePointer,Variable 'actA' can be declared as pointer to const,/home/yichen/Desktop/Gemini_Baseline_Code01/F007.c|13|style|constVariablePointer|Variable 'actA' can be declared as pointer to const,/home/yichen/Desktop/Gemini_Baseline_Results01/logs/F007_cppcheck.log
/home/yichen/Desktop/Gemini_Baseline_Code01/F007.c,cppcheck,True,success,True,0,8,14,style,constVariablePointer,Variable 'actB' can be declared as pointer to const,/home/yichen/Desktop/Gemini_Baseline_Code01/F007.c|14|style|constVariablePointer|Variable 'actB' can be declared as pointer to const,/home/yichen/Desktop/Gemini_Baseline_Results01/logs/F007_cppcheck.log
nofile,cppcheck,True,success,True,0,8,0,information,checkersReport,Active checkers: 113/592 (use --checkers-report=<filename> to see details),nofile|0|information|checkersReport|Active checkers: 113/592 (use --checkers-report=<filename> to see details),/home/yichen/Desktop/Gemini_Baseline_Results01/logs/F007_cppcheck.log
/home/yichen/Desktop/Gemini_Baseline_Code01/F008.c,cppcheck,True,success,True,0,6,2,information,missingIncludeSystem,Include file: <stdio.h> not found. Please note: Cppcheck does not need standard library headers to get proper results.,/home/yichen/Desktop/Gemini_Baseline_Code01/F008.c|2|information|missingIncludeSystem|Include file: <stdio.h> not found. Please note: Cppcheck does not need standard library headers to get proper results.,/home/yichen/Desktop/Gemini_Baseline_Results01/logs/F008_cppcheck.log
/home/yichen/Desktop/Gemini_Baseline_Code01/F008.c,cppcheck,True,success,True,0,6,3,information,missingIncludeSystem,Include file: <stdlib.h> not found. Please note: Cppcheck does not need standard library headers to get proper results.,/home/yichen/Desktop/Gemini_Baseline_Code01/F008.c|3|information|missingIncludeSystem|Include file: <stdlib.h> not found. Please note: Cppcheck does not need standard library headers to get proper results.,/home/yichen/Desktop/Gemini_Baseline_Results01/logs/F008_cppcheck.log
/home/yichen/Desktop/Gemini_Baseline_Code01/F008.c,cppcheck,True,success,True,0,6,4,information,missingIncludeSystem,Include file: <string.h> not found. Please note: Cppcheck does not need standard library headers to get proper results.,/home/yichen/Desktop/Gemini_Baseline_Code01/F008.c|4|information|missingIncludeSystem|Include file: <string.h> not found. Please note: Cppcheck does not need standard library headers to get proper results.,/home/yichen/Desktop/Gemini_Baseline_Results01/logs/F008_cppcheck.log
/home/yichen/Desktop/Gemini_Baseline_Code01/F008.c,cppcheck,True,success,True,0,6,35,error,memleakOnRealloc,Common realloc mistake: 'gradebook' nulled but not freed upon failure,/home/yichen/Desktop/Gemini_Baseline_Code01/F008.c|35|error|memleakOnRealloc|Common realloc mistake: 'gradebook' nulled but not freed upon failure,/home/yichen/Desktop/Gemini_Baseline_Results01/logs/F008_cppcheck.log
/home/yichen/Desktop/Gemini_Baseline_Code01/F008.c,cppcheck,True,success,True,0,6,68,error,memleakOnRealloc,Common realloc mistake: 'gradebook' nulled but not freed upon failure,/home/yichen/Desktop/Gemini_Baseline_Code01/F008.c|68|error|memleakOnRealloc|Common realloc mistake: 'gradebook' nulled but not freed upon failure,/home/yichen/Desktop/Gemini_Baseline_Results01/logs/F008_cppcheck.log
nofile,cppcheck,True,success,True,0,6,0,information,checkersReport,Active checkers: 113/592 (use --checkers-report=<filename> to see details),nofile|0|information|checkersReport|Active checkers: 113/592 (use --checkers-report=<filename> to see details),/home/yichen/Desktop/Gemini_Baseline_Results01/logs/F008_cppcheck.log
/home/yichen/Desktop/Gemini_Baseline_Code01/F009.c,cppcheck,True,success,True,0,7,2,information,missingIncludeSystem,Include file: <stdio.h> not found. Please note: Cppcheck does not need standard library headers to get proper results.,/home/yichen/Desktop/Gemini_Baseline_Code01/F009.c|2|information|missingIncludeSystem|Include file: <stdio.h> not found. Please note: Cppcheck does not need standard library headers to get proper results.,/home/yichen/Desktop/Gemini_Baseline_Results01/logs/F009_cppcheck.log
/home/yichen/Desktop/Gemini_Baseline_Code01/F009.c,cppcheck,True,success,True,0,7,3,information,missingIncludeSystem,Include file: <stdlib.h> not found. Please note: Cppcheck does not need standard library headers to get proper results.,/home/yichen/Desktop/Gemini_Baseline_Code01/F009.c|3|information|missingIncludeSystem|Include file: <stdlib.h> not found. Please note: Cppcheck does not need standard library headers to get proper results.,/home/yichen/Desktop/Gemini_Baseline_Results01/logs/F009_cppcheck.log
/home/yichen/Desktop/Gemini_Baseline_Code01/F009.c,cppcheck,True,success,True,0,7,4,information,missingIncludeSystem,Include file: <string.h> not found. Please note: Cppcheck does not need standard library headers to get proper results.,/home/yichen/Desktop/Gemini_Baseline_Code01/F009.c|4|information|missingIncludeSystem|Include file: <string.h> not found. Please note: Cppcheck does not need standard library headers to get proper results.,/home/yichen/Desktop/Gemini_Baseline_Results01/logs/F009_cppcheck.log
/home/yichen/Desktop/Gemini_Baseline_Code01/F009.c,cppcheck,True,success,True,0,7,46,error,memleakOnRealloc,Common realloc mistake: 'groups' nulled but not freed upon failure,/home/yichen/Desktop/Gemini_Baseline_Code01/F009.c|46|error|memleakOnRealloc|Common realloc mistake: 'groups' nulled but not freed upon failure,/home/yichen/Desktop/Gemini_Baseline_Results01/logs/F009_cppcheck.log
/home/yichen/Desktop/Gemini_Baseline_Code01/F009.c,cppcheck,True,success,True,0,7,66,error,memleakOnRealloc,Common realloc mistake: 'groups' nulled but not freed upon failure,/home/yichen/Desktop/Gemini_Baseline_Code01/F009.c|66|error|memleakOnRealloc|Common realloc mistake: 'groups' nulled but not freed upon failure,/home/yichen/Desktop/Gemini_Baseline_Results01/logs/F009_cppcheck.log
/home/yichen/Desktop/Gemini_Baseline_Code01/F009.c,cppcheck,True,success,True,0,7,94,error,memleakOnRealloc,Common realloc mistake: 'groups' nulled but not freed upon failure,/home/yichen/Desktop/Gemini_Baseline_Code01/F009.c|94|error|memleakOnRealloc|Common realloc mistake: 'groups' nulled but not freed upon failure,/home/yichen/Desktop/Gemini_Baseline_Results01/logs/F009_cppcheck.log
nofile,cppcheck,True,success,True,0,7,0,information,checkersReport,Active checkers: 113/592 (use --checkers-report=<filename> to see details),nofile|0|information|checkersReport|Active checkers: 113/592 (use --checkers-report=<filename> to see details),/home/yichen/Desktop/Gemini_Baseline_Results01/logs/F009_cppcheck.log
/home/yichen/Desktop/Gemini_Baseline_Code01/F010.c,cppcheck,True,success,True,0,6,2,information,missingIncludeSystem,Include file: <stdio.h> not found. Please note: Cppcheck does not need standard library headers to get proper results.,/home/yichen/Desktop/Gemini_Baseline_Code01/F010.c|2|information|missingIncludeSystem|Include file: <stdio.h> not found. Please note: Cppcheck does not need standard library headers to get proper results.,/home/yichen/Desktop/Gemini_Baseline_Results01/logs/F010_cppcheck.log
/home/yichen/Desktop/Gemini_Baseline_Code01/F010.c,cppcheck,True,success,True,0,6,3,information,missingIncludeSystem,Include file: <stdlib.h> not found. Please note: Cppcheck does not need standard library headers to get proper results.,/home/yichen/Desktop/Gemini_Baseline_Code01/F010.c|3|information|missingIncludeSystem|Include file: <stdlib.h> not found. Please note: Cppcheck does not need standard library headers to get proper results.,/home/yichen/Desktop/Gemini_Baseline_Results01/logs/F010_cppcheck.log
/home/yichen/Desktop/Gemini_Baseline_Code01/F010.c,cppcheck,True,success,True,0,6,4,information,missingIncludeSystem,Include file: <string.h> not found. Please note: Cppcheck does not need standard library headers to get proper results.,/home/yichen/Desktop/Gemini_Baseline_Code01/F010.c|4|information|missingIncludeSystem|Include file: <string.h> not found. Please note: Cppcheck does not need standard library headers to get proper results.,/home/yichen/Desktop/Gemini_Baseline_Results01/logs/F010_cppcheck.log
/home/yichen/Desktop/Gemini_Baseline_Code01/F010.c,cppcheck,True,success,True,0,6,39,error,memleakOnRealloc,Common realloc mistake: 'index' nulled but not freed upon failure,/home/yichen/Desktop/Gemini_Baseline_Code01/F010.c|39|error|memleakOnRealloc|Common realloc mistake: 'index' nulled but not freed upon failure,/home/yichen/Desktop/Gemini_Baseline_Results01/logs/F010_cppcheck.log
/home/yichen/Desktop/Gemini_Baseline_Code01/F010.c,cppcheck,True,success,True,0,6,84,error,memleakOnRealloc,Common realloc mistake: 'index' nulled but not freed upon failure,/home/yichen/Desktop/Gemini_Baseline_Code01/F010.c|84|error|memleakOnRealloc|Common realloc mistake: 'index' nulled but not freed upon failure,/home/yichen/Desktop/Gemini_Baseline_Results01/logs/F010_cppcheck.log
nofile,cppcheck,True,success,True,0,6,0,information,checkersReport,Active checkers: 113/592 (use --checkers-report=<filename> to see details),nofile|0|information|checkersReport|Active checkers: 113/592 (use --checkers-report=<filename> to see details),/home/yichen/Desktop/Gemini_Baseline_Results01/logs/F010_cppcheck.log
/home/yichen/Desktop/Gemini_Baseline_Code01/F011.c,cppcheck,True,success,True,0,7,2,information,missingIncludeSystem,Include file: <stdio.h> not found. Please note: Cppcheck does not need standard library headers to get proper results.,/home/yichen/Desktop/Gemini_Baseline_Code01/F011.c|2|information|missingIncludeSystem|Include file: <stdio.h> not found. Please note: Cppcheck does not need standard library headers to get proper results.,/home/yichen/Desktop/Gemini_Baseline_Results01/logs/F011_cppcheck.log
/home/yichen/Desktop/Gemini_Baseline_Code01/F011.c,cppcheck,True,success,True,0,7,3,information,missingIncludeSystem,Include file: <stdlib.h> not found. Please note: Cppcheck does not need standard library headers to get proper results.,/home/yichen/Desktop/Gemini_Baseline_Code01/F011.c|3|information|missingIncludeSystem|Include file: <stdlib.h> not found. Please note: Cppcheck does not need standard library headers to get proper results.,/home/yichen/Desktop/Gemini_Baseline_Results01/logs/F011_cppcheck.log
/home/yichen/Desktop/Gemini_Baseline_Code01/F011.c,cppcheck,True,success,True,0,7,4,information,missingIncludeSystem,Include file: <string.h> not found. Please note: Cppcheck does not need standard library headers to get proper results.,/home/yichen/Desktop/Gemini_Baseline_Code01/F011.c|4|information|missingIncludeSystem|Include file: <string.h> not found. Please note: Cppcheck does not need standard library headers to get proper results.,/home/yichen/Desktop/Gemini_Baseline_Results01/logs/F011_cppcheck.log
/home/yichen/Desktop/Gemini_Baseline_Code01/F011.c,cppcheck,True,success,True,0,7,36,error,memleakOnRealloc,Common realloc mistake: 'drafts' nulled but not freed upon failure,/home/yichen/Desktop/Gemini_Baseline_Code01/F011.c|36|error|memleakOnRealloc|Common realloc mistake: 'drafts' nulled but not freed upon failure,/home/yichen/Desktop/Gemini_Baseline_Results01/logs/F011_cppcheck.log
/home/yichen/Desktop/Gemini_Baseline_Code01/F011.c,cppcheck,True,success,True,0,7,66,error,memleakOnRealloc,Common realloc mistake: 'drafts' nulled but not freed upon failure,/home/yichen/Desktop/Gemini_Baseline_Code01/F011.c|66|error|memleakOnRealloc|Common realloc mistake: 'drafts' nulled but not freed upon failure,/home/yichen/Desktop/Gemini_Baseline_Results01/logs/F011_cppcheck.log
/home/yichen/Desktop/Gemini_Baseline_Code01/F011.c,cppcheck,True,success,True,0,7,73,error,memleakOnRealloc,Common realloc mistake: 'drafts' nulled but not freed upon failure,/home/yichen/Desktop/Gemini_Baseline_Code01/F011.c|73|error|memleakOnRealloc|Common realloc mistake: 'drafts' nulled but not freed upon failure,/home/yichen/Desktop/Gemini_Baseline_Results01/logs/F011_cppcheck.log
nofile,cppcheck,True,success,True,0,7,0,information,checkersReport,Active checkers: 113/592 (use --checkers-report=<filename> to see details),nofile|0|information|checkersReport|Active checkers: 113/592 (use --checkers-report=<filename> to see details),/home/yichen/Desktop/Gemini_Baseline_Results01/logs/F011_cppcheck.log
/home/yichen/Desktop/Gemini_Baseline_Code01/F012.c,cppcheck,True,success,True,0,7,2,information,missingIncludeSystem,Include file: <stdio.h> not found. Please note: Cppcheck does not need standard library headers to get proper results.,/home/yichen/Desktop/Gemini_Baseline_Code01/F012.c|2|information|missingIncludeSystem|Include file: <stdio.h> not found. Please note: Cppcheck does not need standard library headers to get proper results.,/home/yichen/Desktop/Gemini_Baseline_Results01/logs/F012_cppcheck.log
/home/yichen/Desktop/Gemini_Baseline_Code01/F012.c,cppcheck,True,success,True,0,7,3,information,missingIncludeSystem,Include file: <stdlib.h> not found. Please note: Cppcheck does not need standard library headers to get proper results.,/home/yichen/Desktop/Gemini_Baseline_Code01/F012.c|3|information|missingIncludeSystem|Include file: <stdlib.h> not found. Please note: Cppcheck does not need standard library headers to get proper results.,/home/yichen/Desktop/Gemini_Baseline_Results01/logs/F012_cppcheck.log
/home/yichen/Desktop/Gemini_Baseline_Code01/F012.c,cppcheck,True,success,True,0,7,4,information,missingIncludeSystem,Include file: <string.h> not found. Please note: Cppcheck does not need standard library headers to get proper results.,/home/yichen/Desktop/Gemini_Baseline_Code01/F012.c|4|information|missingIncludeSystem|Include file: <string.h> not found. Please note: Cppcheck does not need standard library headers to get proper results.,/home/yichen/Desktop/Gemini_Baseline_Results01/logs/F012_cppcheck.log
/home/yichen/Desktop/Gemini_Baseline_Code01/F012.c,cppcheck,True,success,True,0,7,33,error,memleakOnRealloc,Common realloc mistake: 'queue' nulled but not freed upon failure,/home/yichen/Desktop/Gemini_Baseline_Code01/F012.c|33|error|memleakOnRealloc|Common realloc mistake: 'queue' nulled but not freed upon failure,/home/yichen/Desktop/Gemini_Baseline_Results01/logs/F012_cppcheck.log
/home/yichen/Desktop/Gemini_Baseline_Code01/F012.c,cppcheck,True,success,True,0,7,47,error,memleakOnRealloc,Common realloc mistake: 'queue' nulled but not freed upon failure,/home/yichen/Desktop/Gemini_Baseline_Code01/F012.c|47|error|memleakOnRealloc|Common realloc mistake: 'queue' nulled but not freed upon failure,/home/yichen/Desktop/Gemini_Baseline_Results01/logs/F012_cppcheck.log
/home/yichen/Desktop/Gemini_Baseline_Code01/F012.c,cppcheck,True,success,True,0,7,60,error,memleakOnRealloc,Common realloc mistake: 'queue' nulled but not freed upon failure,/home/yichen/Desktop/Gemini_Baseline_Code01/F012.c|60|error|memleakOnRealloc|Common realloc mistake: 'queue' nulled but not freed upon failure,/home/yichen/Desktop/Gemini_Baseline_Results01/logs/F012_cppcheck.log
nofile,cppcheck,True,success,True,0,7,0,information,checkersReport,Active checkers: 113/592 (use --checkers-report=<filename> to see details),nofile|0|information|checkersReport|Active checkers: 113/592 (use --checkers-report=<filename> to see details),/home/yichen/Desktop/Gemini_Baseline_Results01/logs/F012_cppcheck.log
/home/yichen/Desktop/Gemini_Baseline_Code01/F013.c,cppcheck,True,success,True,0,6,2,information,missingIncludeSystem,Include file: <stdio.h> not found. Please note: Cppcheck does not need standard library headers to get proper results.,/home/yichen/Desktop/Gemini_Baseline_Code01/F013.c|2|information|missingIncludeSystem|Include file: <stdio.h> not found. Please note: Cppcheck does not need standard library headers to get proper results.,/home/yichen/Desktop/Gemini_Baseline_Results01/logs/F013_cppcheck.log
/home/yichen/Desktop/Gemini_Baseline_Code01/F013.c,cppcheck,True,success,True,0,6,3,information,missingIncludeSystem,Include file: <stdlib.h> not found. Please note: Cppcheck does not need standard library headers to get proper results.,/home/yichen/Desktop/Gemini_Baseline_Code01/F013.c|3|information|missingIncludeSystem|Include file: <stdlib.h> not found. Please note: Cppcheck does not need standard library headers to get proper results.,/home/yichen/Desktop/Gemini_Baseline_Results01/logs/F013_cppcheck.log
/home/yichen/Desktop/Gemini_Baseline_Code01/F013.c,cppcheck,True,success,True,0,6,4,information,missingIncludeSystem,Include file: <string.h> not found. Please note: Cppcheck does not need standard library headers to get proper results.,/home/yichen/Desktop/Gemini_Baseline_Code01/F013.c|4|information|missingIncludeSystem|Include file: <string.h> not found. Please note: Cppcheck does not need standard library headers to get proper results.,/home/yichen/Desktop/Gemini_Baseline_Results01/logs/F013_cppcheck.log
/home/yichen/Desktop/Gemini_Baseline_Code01/F013.c,cppcheck,True,success,True,0,6,34,error,memleakOnRealloc,Common realloc mistake: 'tasks' nulled but not freed upon failure,/home/yichen/Desktop/Gemini_Baseline_Code01/F013.c|34|error|memleakOnRealloc|Common realloc mistake: 'tasks' nulled but not freed upon failure,/home/yichen/Desktop/Gemini_Baseline_Results01/logs/F013_cppcheck.log
/home/yichen/Desktop/Gemini_Baseline_Code01/F013.c,cppcheck,True,success,True,0,6,74,error,memleakOnRealloc,Common realloc mistake: 'tasks' nulled but not freed upon failure,/home/yichen/Desktop/Gemini_Baseline_Code01/F013.c|74|error|memleakOnRealloc|Common realloc mistake: 'tasks' nulled but not freed upon failure,/home/yichen/Desktop/Gemini_Baseline_Results01/logs/F013_cppcheck.log
nofile,cppcheck,True,success,True,0,6,0,information,checkersReport,Active checkers: 113/592 (use --checkers-report=<filename> to see details),nofile|0|information|checkersReport|Active checkers: 113/592 (use --checkers-report=<filename> to see details),/home/yichen/Desktop/Gemini_Baseline_Results01/logs/F013_cppcheck.log
/home/yichen/Desktop/Gemini_Baseline_Code01/F014.c,cppcheck,True,success,True,0,6,2,information,missingIncludeSystem,Include file: <stdio.h> not found. Please note: Cppcheck does not need standard library headers to get proper results.,/home/yichen/Desktop/Gemini_Baseline_Code01/F014.c|2|information|missingIncludeSystem|Include file: <stdio.h> not found. Please note: Cppcheck does not need standard library headers to get proper results.,/home/yichen/Desktop/Gemini_Baseline_Results01/logs/F014_cppcheck.log
/home/yichen/Desktop/Gemini_Baseline_Code01/F014.c,cppcheck,True,success,True,0,6,3,information,missingIncludeSystem,Include file: <stdlib.h> not found. Please note: Cppcheck does not need standard library headers to get proper results.,/home/yichen/Desktop/Gemini_Baseline_Code01/F014.c|3|information|missingIncludeSystem|Include file: <stdlib.h> not found. Please note: Cppcheck does not need standard library headers to get proper results.,/home/yichen/Desktop/Gemini_Baseline_Results01/logs/F014_cppcheck.log
/home/yichen/Desktop/Gemini_Baseline_Code01/F014.c,cppcheck,True,success,True,0,6,4,information,missingIncludeSystem,Include file: <string.h> not found. Please note: Cppcheck does not need standard library headers to get proper results.,/home/yichen/Desktop/Gemini_Baseline_Code01/F014.c|4|information|missingIncludeSystem|Include file: <string.h> not found. Please note: Cppcheck does not need standard library headers to get proper results.,/home/yichen/Desktop/Gemini_Baseline_Results01/logs/F014_cppcheck.log
/home/yichen/Desktop/Gemini_Baseline_Code01/F014.c,cppcheck,True,success,True,0,6,35,error,memleakOnRealloc,Common realloc mistake: 'items' nulled but not freed upon failure,/home/yichen/Desktop/Gemini_Baseline_Code01/F014.c|35|error|memleakOnRealloc|Common realloc mistake: 'items' nulled but not freed upon failure,/home/yichen/Desktop/Gemini_Baseline_Results01/logs/F014_cppcheck.log
/home/yichen/Desktop/Gemini_Baseline_Code01/F014.c,cppcheck,True,success,True,0,6,89,error,memleakOnRealloc,Common realloc mistake: 'items' nulled but not freed upon failure,/home/yichen/Desktop/Gemini_Baseline_Code01/F014.c|89|error|memleakOnRealloc|Common realloc mistake: 'items' nulled but not freed upon failure,/home/yichen/Desktop/Gemini_Baseline_Results01/logs/F014_cppcheck.log
nofile,cppcheck,True,success,True,0,6,0,information,checkersReport,Active checkers: 113/592 (use --checkers-report=<filename> to see details),nofile|0|information|checkersReport|Active checkers: 113/592 (use --checkers-report=<filename> to see details),/home/yichen/Desktop/Gemini_Baseline_Results01/logs/F014_cppcheck.log
/home/yichen/Desktop/Gemini_Baseline_Code01/F015.c,cppcheck,True,success,True,0,7,2,information,missingIncludeSystem,Include file: <stdio.h> not found. Please note: Cppcheck does not need standard library headers to get proper results.,/home/yichen/Desktop/Gemini_Baseline_Code01/F015.c|2|information|missingIncludeSystem|Include file: <stdio.h> not found. Please note: Cppcheck does not need standard library headers to get proper results.,/home/yichen/Desktop/Gemini_Baseline_Results01/logs/F015_cppcheck.log
/home/yichen/Desktop/Gemini_Baseline_Code01/F015.c,cppcheck,True,success,True,0,7,3,information,missingIncludeSystem,Include file: <stdlib.h> not found. Please note: Cppcheck does not need standard library headers to get proper results.,/home/yichen/Desktop/Gemini_Baseline_Code01/F015.c|3|information|missingIncludeSystem|Include file: <stdlib.h> not found. Please note: Cppcheck does not need standard library headers to get proper results.,/home/yichen/Desktop/Gemini_Baseline_Results01/logs/F015_cppcheck.log
/home/yichen/Desktop/Gemini_Baseline_Code01/F015.c,cppcheck,True,success,True,0,7,4,information,missingIncludeSystem,Include file: <string.h> not found. Please note: Cppcheck does not need standard library headers to get proper results.,/home/yichen/Desktop/Gemini_Baseline_Code01/F015.c|4|information|missingIncludeSystem|Include file: <string.h> not found. Please note: Cppcheck does not need standard library headers to get proper results.,/home/yichen/Desktop/Gemini_Baseline_Results01/logs/F015_cppcheck.log
/home/yichen/Desktop/Gemini_Baseline_Code01/F015.c,cppcheck,True,success,True,0,7,32,error,memleakOnRealloc,Common realloc mistake: 'contacts' nulled but not freed upon failure,/home/yichen/Desktop/Gemini_Baseline_Code01/F015.c|32|error|memleakOnRealloc|Common realloc mistake: 'contacts' nulled but not freed upon failure,/home/yichen/Desktop/Gemini_Baseline_Results01/logs/F015_cppcheck.log
/home/yichen/Desktop/Gemini_Baseline_Code01/F015.c,cppcheck,True,success,True,0,7,80,error,memleakOnRealloc,Common realloc mistake: 'contacts' nulled but not freed upon failure,/home/yichen/Desktop/Gemini_Baseline_Code01/F015.c|80|error|memleakOnRealloc|Common realloc mistake: 'contacts' nulled but not freed upon failure,/home/yichen/Desktop/Gemini_Baseline_Results01/logs/F015_cppcheck.log
/home/yichen/Desktop/Gemini_Baseline_Code01/F015.c,cppcheck,True,success,True,0,7,96,error,memleakOnRealloc,Common realloc mistake: 'contacts' nulled but not freed upon failure,/home/yichen/Desktop/Gemini_Baseline_Code01/F015.c|96|error|memleakOnRealloc|Common realloc mistake: 'contacts' nulled but not freed upon failure,/home/yichen/Desktop/Gemini_Baseline_Results01/logs/F015_cppcheck.log
nofile,cppcheck,True,success,True,0,7,0,information,checkersReport,Active checkers: 113/592 (use --checkers-report=<filename> to see details),nofile|0|information|checkersReport|Active checkers: 113/592 (use --checkers-report=<filename> to see details),/home/yichen/Desktop/Gemini_Baseline_Results01/logs/F015_cppcheck.log
/home/yichen/Desktop/Gemini_Baseline_Code01/F016.c,cppcheck,True,success,True,0,9,2,information,missingIncludeSystem,Include file: <stdio.h> not found. Please note: Cppcheck does not need standard library headers to get proper results.,/home/yichen/Desktop/Gemini_Baseline_Code01/F016.c|2|information|missingIncludeSystem|Include file: <stdio.h> not found. Please note: Cppcheck does not need standard library headers to get proper results.,/home/yichen/Desktop/Gemini_Baseline_Results01/logs/F016_cppcheck.log
/home/yichen/Desktop/Gemini_Baseline_Code01/F016.c,cppcheck,True,success,True,0,9,3,information,missingIncludeSystem,Include file: <stdlib.h> not found. Please note: Cppcheck does not need standard library headers to get proper results.,/home/yichen/Desktop/Gemini_Baseline_Code01/F016.c|3|information|missingIncludeSystem|Include file: <stdlib.h> not found. Please note: Cppcheck does not need standard library headers to get proper results.,/home/yichen/Desktop/Gemini_Baseline_Results01/logs/F016_cppcheck.log
/home/yichen/Desktop/Gemini_Baseline_Code01/F016.c,cppcheck,True,success,True,0,9,4,information,missingIncludeSystem,Include file: <string.h> not found. Please note: Cppcheck does not need standard library headers to get proper results.,/home/yichen/Desktop/Gemini_Baseline_Code01/F016.c|4|information|missingIncludeSystem|Include file: <string.h> not found. Please note: Cppcheck does not need standard library headers to get proper results.,/home/yichen/Desktop/Gemini_Baseline_Results01/logs/F016_cppcheck.log
/home/yichen/Desktop/Gemini_Baseline_Code01/F016.c,cppcheck,True,success,True,0,9,31,error,memleakOnRealloc,Common realloc mistake: 'contacts' nulled but not freed upon failure,/home/yichen/Desktop/Gemini_Baseline_Code01/F016.c|31|error|memleakOnRealloc|Common realloc mistake: 'contacts' nulled but not freed upon failure,/home/yichen/Desktop/Gemini_Baseline_Results01/logs/F016_cppcheck.log
/home/yichen/Desktop/Gemini_Baseline_Code01/F016.c,cppcheck,True,success,True,0,9,73,error,memleakOnRealloc,Common realloc mistake: 'contacts' nulled but not freed upon failure,/home/yichen/Desktop/Gemini_Baseline_Code01/F016.c|73|error|memleakOnRealloc|Common realloc mistake: 'contacts' nulled but not freed upon failure,/home/yichen/Desktop/Gemini_Baseline_Results01/logs/F016_cppcheck.log
/home/yichen/Desktop/Gemini_Baseline_Code01/F016.c,cppcheck,True,success,True,0,9,23,style,constVariablePointer,Variable 'name' can be declared as pointer to const,/home/yichen/Desktop/Gemini_Baseline_Code01/F016.c|23|style|constVariablePointer|Variable 'name' can be declared as pointer to const,/home/yichen/Desktop/Gemini_Baseline_Results01/logs/F016_cppcheck.log
/home/yichen/Desktop/Gemini_Baseline_Code01/F016.c,cppcheck,True,success,True,0,9,24,style,constVariablePointer,Variable 'email' can be declared as pointer to const,/home/yichen/Desktop/Gemini_Baseline_Code01/F016.c|24|style|constVariablePointer|Variable 'email' can be declared as pointer to const,/home/yichen/Desktop/Gemini_Baseline_Results01/logs/F016_cppcheck.log
/home/yichen/Desktop/Gemini_Baseline_Code01/F016.c,cppcheck,True,success,True,0,9,25,style,constVariablePointer,Variable 'phone' can be declared as pointer to const,/home/yichen/Desktop/Gemini_Baseline_Code01/F016.c|25|style|constVariablePointer|Variable 'phone' can be declared as pointer to const,/home/yichen/Desktop/Gemini_Baseline_Results01/logs/F016_cppcheck.log
nofile,cppcheck,True,success,True,0,9,0,information,checkersReport,Active checkers: 113/592 (use --checkers-report=<filename> to see details),nofile|0|information|checkersReport|Active checkers: 113/592 (use --checkers-report=<filename> to see details),/home/yichen/Desktop/Gemini_Baseline_Results01/logs/F016_cppcheck.log
/home/yichen/Desktop/Gemini_Baseline_Code01/F017.c,cppcheck,True,success,True,0,9,2,information,missingIncludeSystem,Include file: <stdio.h> not found. Please note: Cppcheck does not need standard library headers to get proper results.,/home/yichen/Desktop/Gemini_Baseline_Code01/F017.c|2|information|missingIncludeSystem|Include file: <stdio.h> not found. Please note: Cppcheck does not need standard library headers to get proper results.,/home/yichen/Desktop/Gemini_Baseline_Results01/logs/F017_cppcheck.log
/home/yichen/Desktop/Gemini_Baseline_Code01/F017.c,cppcheck,True,success,True,0,9,3,information,missingIncludeSystem,Include file: <stdlib.h> not found. Please note: Cppcheck does not need standard library headers to get proper results.,/home/yichen/Desktop/Gemini_Baseline_Code01/F017.c|3|information|missingIncludeSystem|Include file: <stdlib.h> not found. Please note: Cppcheck does not need standard library headers to get proper results.,/home/yichen/Desktop/Gemini_Baseline_Results01/logs/F017_cppcheck.log
/home/yichen/Desktop/Gemini_Baseline_Code01/F017.c,cppcheck,True,success,True,0,9,4,information,missingIncludeSystem,Include file: <string.h> not found. Please note: Cppcheck does not need standard library headers to get proper results.,/home/yichen/Desktop/Gemini_Baseline_Code01/F017.c|4|information|missingIncludeSystem|Include file: <string.h> not found. Please note: Cppcheck does not need standard library headers to get proper results.,/home/yichen/Desktop/Gemini_Baseline_Results01/logs/F017_cppcheck.log
/home/yichen/Desktop/Gemini_Baseline_Code01/F017.c,cppcheck,True,success,True,0,9,25,error,memleakOnRealloc,Common realloc mistake: 'cfgs' nulled but not freed upon failure,/home/yichen/Desktop/Gemini_Baseline_Code01/F017.c|25|error|memleakOnRealloc|Common realloc mistake: 'cfgs' nulled but not freed upon failure,/home/yichen/Desktop/Gemini_Baseline_Results01/logs/F017_cppcheck.log
/home/yichen/Desktop/Gemini_Baseline_Code01/F017.c,cppcheck,True,success,True,0,9,62,error,memleakOnRealloc,Common realloc mistake: 'cfgs' nulled but not freed upon failure,/home/yichen/Desktop/Gemini_Baseline_Code01/F017.c|62|error|memleakOnRealloc|Common realloc mistake: 'cfgs' nulled but not freed upon failure,/home/yichen/Desktop/Gemini_Baseline_Results01/logs/F017_cppcheck.log
/home/yichen/Desktop/Gemini_Baseline_Code01/F017.c,cppcheck,True,success,True,0,9,79,error,memleakOnRealloc,Common realloc mistake: 'cfgs' nulled but not freed upon failure,/home/yichen/Desktop/Gemini_Baseline_Code01/F017.c|79|error|memleakOnRealloc|Common realloc mistake: 'cfgs' nulled but not freed upon failure,/home/yichen/Desktop/Gemini_Baseline_Results01/logs/F017_cppcheck.log
/home/yichen/Desktop/Gemini_Baseline_Code01/F017.c,cppcheck,True,success,True,0,9,23,style,constVariablePointer,Variable 'k' can be declared as pointer to const,/home/yichen/Desktop/Gemini_Baseline_Code01/F017.c|23|style|constVariablePointer|Variable 'k' can be declared as pointer to const,/home/yichen/Desktop/Gemini_Baseline_Results01/logs/F017_cppcheck.log
/home/yichen/Desktop/Gemini_Baseline_Code01/F017.c,cppcheck,True,success,True,0,9,24,style,constVariablePointer,Variable 'v' can be declared as pointer to const,/home/yichen/Desktop/Gemini_Baseline_Code01/F017.c|24|style|constVariablePointer|Variable 'v' can be declared as pointer to const,/home/yichen/Desktop/Gemini_Baseline_Results01/logs/F017_cppcheck.log
nofile,cppcheck,True,success,True,0,9,0,information,checkersReport,Active checkers: 113/592 (use --checkers-report=<filename> to see details),nofile|0|information|checkersReport|Active checkers: 113/592 (use --checkers-report=<filename> to see details),/home/yichen/Desktop/Gemini_Baseline_Results01/logs/F017_cppcheck.log
/home/yichen/Desktop/Gemini_Baseline_Code01/F018.c,cppcheck,True,success,True,0,9,2,information,missingIncludeSystem,Include file: <stdio.h> not found. Please note: Cppcheck does not need standard library headers to get proper results.,/home/yichen/Desktop/Gemini_Baseline_Code01/F018.c|2|information|missingIncludeSystem|Include file: <stdio.h> not found. Please note: Cppcheck does not need standard library headers to get proper results.,/home/yichen/Desktop/Gemini_Baseline_Results01/logs/F018_cppcheck.log
/home/yichen/Desktop/Gemini_Baseline_Code01/F018.c,cppcheck,True,success,True,0,9,3,information,missingIncludeSystem,Include file: <stdlib.h> not found. Please note: Cppcheck does not need standard library headers to get proper results.,/home/yichen/Desktop/Gemini_Baseline_Code01/F018.c|3|information|missingIncludeSystem|Include file: <stdlib.h> not found. Please note: Cppcheck does not need standard library headers to get proper results.,/home/yichen/Desktop/Gemini_Baseline_Results01/logs/F018_cppcheck.log
/home/yichen/Desktop/Gemini_Baseline_Code01/F018.c,cppcheck,True,success,True,0,9,4,information,missingIncludeSystem,Include file: <string.h> not found. Please note: Cppcheck does not need standard library headers to get proper results.,/home/yichen/Desktop/Gemini_Baseline_Code01/F018.c|4|information|missingIncludeSystem|Include file: <string.h> not found. Please note: Cppcheck does not need standard library headers to get proper results.,/home/yichen/Desktop/Gemini_Baseline_Results01/logs/F018_cppcheck.log
/home/yichen/Desktop/Gemini_Baseline_Code01/F018.c,cppcheck,True,success,True,0,9,39,error,memleakOnRealloc,Common realloc mistake: 'list' nulled but not freed upon failure,/home/yichen/Desktop/Gemini_Baseline_Code01/F018.c|39|error|memleakOnRealloc|Common realloc mistake: 'list' nulled but not freed upon failure,/home/yichen/Desktop/Gemini_Baseline_Results01/logs/F018_cppcheck.log
/home/yichen/Desktop/Gemini_Baseline_Code01/F018.c,cppcheck,True,success,True,0,9,72,error,memleakOnRealloc,Common realloc mistake: 'list' nulled but not freed upon failure,/home/yichen/Desktop/Gemini_Baseline_Code01/F018.c|72|error|memleakOnRealloc|Common realloc mistake: 'list' nulled but not freed upon failure,/home/yichen/Desktop/Gemini_Baseline_Results01/logs/F018_cppcheck.log
/home/yichen/Desktop/Gemini_Baseline_Code01/F018.c,cppcheck,True,success,True,0,9,86,error,memleakOnRealloc,Common realloc mistake: 'list' nulled but not freed upon failure,/home/yichen/Desktop/Gemini_Baseline_Code01/F018.c|86|error|memleakOnRealloc|Common realloc mistake: 'list' nulled but not freed upon failure,/home/yichen/Desktop/Gemini_Baseline_Results01/logs/F018_cppcheck.log
/home/yichen/Desktop/Gemini_Baseline_Code01/F018.c,cppcheck,True,success,True,0,9,12,style,constVariablePointer,Variable 'wfA' can be declared as pointer to const,/home/yichen/Desktop/Gemini_Baseline_Code01/F018.c|12|style|constVariablePointer|Variable 'wfA' can be declared as pointer to const,/home/yichen/Desktop/Gemini_Baseline_Results01/logs/F018_cppcheck.log
/home/yichen/Desktop/Gemini_Baseline_Code01/F018.c,cppcheck,True,success,True,0,9,13,style,constVariablePointer,Variable 'wfB' can be declared as pointer to const,/home/yichen/Desktop/Gemini_Baseline_Code01/F018.c|13|style|constVariablePointer|Variable 'wfB' can be declared as pointer to const,/home/yichen/Desktop/Gemini_Baseline_Results01/logs/F018_cppcheck.log
nofile,cppcheck,True,success,True,0,9,0,information,checkersReport,Active checkers: 113/592 (use --checkers-report=<filename> to see details),nofile|0|information|checkersReport|Active checkers: 113/592 (use --checkers-report=<filename> to see details),/home/yichen/Desktop/Gemini_Baseline_Results01/logs/F018_cppcheck.log
/home/yichen/Desktop/Gemini_Baseline_Code01/F019.c,cppcheck,True,success,True,0,7,2,information,missingIncludeSystem,Include file: <stdio.h> not found. Please note: Cppcheck does not need standard library headers to get proper results.,/home/yichen/Desktop/Gemini_Baseline_Code01/F019.c|2|information|missingIncludeSystem|Include file: <stdio.h> not found. Please note: Cppcheck does not need standard library headers to get proper results.,/home/yichen/Desktop/Gemini_Baseline_Results01/logs/F019_cppcheck.log
/home/yichen/Desktop/Gemini_Baseline_Code01/F019.c,cppcheck,True,success,True,0,7,3,information,missingIncludeSystem,Include file: <stdlib.h> not found. Please note: Cppcheck does not need standard library headers to get proper results.,/home/yichen/Desktop/Gemini_Baseline_Code01/F019.c|3|information|missingIncludeSystem|Include file: <stdlib.h> not found. Please note: Cppcheck does not need standard library headers to get proper results.,/home/yichen/Desktop/Gemini_Baseline_Results01/logs/F019_cppcheck.log
/home/yichen/Desktop/Gemini_Baseline_Code01/F019.c,cppcheck,True,success,True,0,7,4,information,missingIncludeSystem,Include file: <string.h> not found. Please note: Cppcheck does not need standard library headers to get proper results.,/home/yichen/Desktop/Gemini_Baseline_Code01/F019.c|4|information|missingIncludeSystem|Include file: <string.h> not found. Please note: Cppcheck does not need standard library headers to get proper results.,/home/yichen/Desktop/Gemini_Baseline_Results01/logs/F019_cppcheck.log
/home/yichen/Desktop/Gemini_Baseline_Code01/F019.c,cppcheck,True,success,True,0,7,16,error,memleakOnRealloc,Common realloc mistake: 'journal' nulled but not freed upon failure,/home/yichen/Desktop/Gemini_Baseline_Code01/F019.c|16|error|memleakOnRealloc|Common realloc mistake: 'journal' nulled but not freed upon failure,/home/yichen/Desktop/Gemini_Baseline_Results01/logs/F019_cppcheck.log
/home/yichen/Desktop/Gemini_Baseline_Code01/F019.c,cppcheck,True,success,True,0,7,15,style,constParameterPointer,Parameter 'acc' can be declared as pointer to const,/home/yichen/Desktop/Gemini_Baseline_Code01/F019.c|15|style|constParameterPointer|Parameter 'acc' can be declared as pointer to const,/home/yichen/Desktop/Gemini_Baseline_Results01/logs/F019_cppcheck.log
/home/yichen/Desktop/Gemini_Baseline_Code01/F019.c,cppcheck,True,success,True,0,7,15,style,constParameterPointer,Parameter 'mem' can be declared as pointer to const,/home/yichen/Desktop/Gemini_Baseline_Code01/F019.c|15|style|constParameterPointer|Parameter 'mem' can be declared as pointer to const,/home/yichen/Desktop/Gemini_Baseline_Results01/logs/F019_cppcheck.log
nofile,cppcheck,True,success,True,0,7,0,information,checkersReport,Active checkers: 113/592 (use --checkers-report=<filename> to see details),nofile|0|information|checkersReport|Active checkers: 113/592 (use --checkers-report=<filename> to see details),/home/yichen/Desktop/Gemini_Baseline_Results01/logs/F019_cppcheck.log
/home/yichen/Desktop/Gemini_Baseline_Code01/F020.c,cppcheck,True,success,True,0,7,2,information,missingIncludeSystem,Include file: <stdio.h> not found. Please note: Cppcheck does not need standard library headers to get proper results.,/home/yichen/Desktop/Gemini_Baseline_Code01/F020.c|2|information|missingIncludeSystem|Include file: <stdio.h> not found. Please note: Cppcheck does not need standard library headers to get proper results.,/home/yichen/Desktop/Gemini_Baseline_Results01/logs/F020_cppcheck.log
/home/yichen/Desktop/Gemini_Baseline_Code01/F020.c,cppcheck,True,success,True,0,7,3,information,missingIncludeSystem,Include file: <stdlib.h> not found. Please note: Cppcheck does not need standard library headers to get proper results.,/home/yichen/Desktop/Gemini_Baseline_Code01/F020.c|3|information|missingIncludeSystem|Include file: <stdlib.h> not found. Please note: Cppcheck does not need standard library headers to get proper results.,/home/yichen/Desktop/Gemini_Baseline_Results01/logs/F020_cppcheck.log
/home/yichen/Desktop/Gemini_Baseline_Code01/F020.c,cppcheck,True,success,True,0,7,4,information,missingIncludeSystem,Include file: <string.h> not found. Please note: Cppcheck does not need standard library headers to get proper results.,/home/yichen/Desktop/Gemini_Baseline_Code01/F020.c|4|information|missingIncludeSystem|Include file: <string.h> not found. Please note: Cppcheck does not need standard library headers to get proper results.,/home/yichen/Desktop/Gemini_Baseline_Results01/logs/F020_cppcheck.log
/home/yichen/Desktop/Gemini_Baseline_Code01/F020.c,cppcheck,True,success,True,0,7,27,error,memleakOnRealloc,Common realloc mistake: 'catalog' nulled but not freed upon failure,/home/yichen/Desktop/Gemini_Baseline_Code01/F020.c|27|error|memleakOnRealloc|Common realloc mistake: 'catalog' nulled but not freed upon failure,/home/yichen/Desktop/Gemini_Baseline_Results01/logs/F020_cppcheck.log
/home/yichen/Desktop/Gemini_Baseline_Code01/F020.c,cppcheck,True,success,True,0,7,55,error,memleakOnRealloc,Common realloc mistake: 'catalog' nulled but not freed upon failure,/home/yichen/Desktop/Gemini_Baseline_Code01/F020.c|55|error|memleakOnRealloc|Common realloc mistake: 'catalog' nulled but not freed upon failure,/home/yichen/Desktop/Gemini_Baseline_Results01/logs/F020_cppcheck.log
/home/yichen/Desktop/Gemini_Baseline_Code01/F020.c,cppcheck,True,success,True,0,7,82,error,memleakOnRealloc,Common realloc mistake: 'catalog' nulled but not freed upon failure,/home/yichen/Desktop/Gemini_Baseline_Code01/F020.c|82|error|memleakOnRealloc|Common realloc mistake: 'catalog' nulled but not freed upon failure,/home/yichen/Desktop/Gemini_Baseline_Results01/logs/F020_cppcheck.log
nofile,cppcheck,True,success,True,0,7,0,information,checkersReport,Active checkers: 113/592 (use --checkers-report=<filename> to see details),nofile|0|information|checkersReport|Active checkers: 113/592 (use --checkers-report=<filename> to see details),/home/yichen/Desktop/Gemini_Baseline_Results01/logs/F020_cppcheck.log
/home/yichen/Desktop/Gemini_Baseline_Code01/F021.c,cppcheck,True,success,True,0,6,2,information,missingIncludeSystem,Include file: <stdio.h> not found. Please note: Cppcheck does not need standard library headers to get proper results.,/home/yichen/Desktop/Gemini_Baseline_Code01/F021.c|2|information|missingIncludeSystem|Include file: <stdio.h> not found. Please note: Cppcheck does not need standard library headers to get proper results.,/home/yichen/Desktop/Gemini_Baseline_Results01/logs/F021_cppcheck.log
/home/yichen/Desktop/Gemini_Baseline_Code01/F021.c,cppcheck,True,success,True,0,6,3,information,missingIncludeSystem,Include file: <stdlib.h> not found. Please note: Cppcheck does not need standard library headers to get proper results.,/home/yichen/Desktop/Gemini_Baseline_Code01/F021.c|3|information|missingIncludeSystem|Include file: <stdlib.h> not found. Please note: Cppcheck does not need standard library headers to get proper results.,/home/yichen/Desktop/Gemini_Baseline_Results01/logs/F021_cppcheck.log
/home/yichen/Desktop/Gemini_Baseline_Code01/F021.c,cppcheck,True,success,True,0,6,4,information,missingIncludeSystem,Include file: <string.h> not found. Please note: Cppcheck does not need standard library headers to get proper results.,/home/yichen/Desktop/Gemini_Baseline_Code01/F021.c|4|information|missingIncludeSystem|Include file: <string.h> not found. Please note: Cppcheck does not need standard library headers to get proper results.,/home/yichen/Desktop/Gemini_Baseline_Results01/logs/F021_cppcheck.log
/home/yichen/Desktop/Gemini_Baseline_Code01/F021.c,cppcheck,True,success,True,0,6,36,error,memleakOnRealloc,Common realloc mistake: 'recipes' nulled but not freed upon failure,/home/yichen/Desktop/Gemini_Baseline_Code01/F021.c|36|error|memleakOnRealloc|Common realloc mistake: 'recipes' nulled but not freed upon failure,/home/yichen/Desktop/Gemini_Baseline_Results01/logs/F021_cppcheck.log
/home/yichen/Desktop/Gemini_Baseline_Code01/F021.c,cppcheck,True,success,True,0,6,94,error,memleakOnRealloc,Common realloc mistake: 'recipes' nulled but not freed upon failure,/home/yichen/Desktop/Gemini_Baseline_Code01/F021.c|94|error|memleakOnRealloc|Common realloc mistake: 'recipes' nulled but not freed upon failure,/home/yichen/Desktop/Gemini_Baseline_Results01/logs/F021_cppcheck.log
nofile,cppcheck,True,success,True,0,6,0,information,checkersReport,Active checkers: 113/592 (use --checkers-report=<filename> to see details),nofile|0|information|checkersReport|Active checkers: 113/592 (use --checkers-report=<filename> to see details),/home/yichen/Desktop/Gemini_Baseline_Results01/logs/F021_cppcheck.log
/home/yichen/Desktop/Gemini_Baseline_Code01/F022.c,cppcheck,True,success,True,0,6,2,information,missingIncludeSystem,Include file: <stdio.h> not found. Please note: Cppcheck does not need standard library headers to get proper results.,/home/yichen/Desktop/Gemini_Baseline_Code01/F022.c|2|information|missingIncludeSystem|Include file: <stdio.h> not found. Please note: Cppcheck does not need standard library headers to get proper results.,/home/yichen/Desktop/Gemini_Baseline_Results01/logs/F022_cppcheck.log
/home/yichen/Desktop/Gemini_Baseline_Code01/F022.c,cppcheck,True,success,True,0,6,3,information,missingIncludeSystem,Include file: <stdlib.h> not found. Please note: Cppcheck does not need standard library headers to get proper results.,/home/yichen/Desktop/Gemini_Baseline_Code01/F022.c|3|information|missingIncludeSystem|Include file: <stdlib.h> not found. Please note: Cppcheck does not need standard library headers to get proper results.,/home/yichen/Desktop/Gemini_Baseline_Results01/logs/F022_cppcheck.log
/home/yichen/Desktop/Gemini_Baseline_Code01/F022.c,cppcheck,True,success,True,0,6,4,information,missingIncludeSystem,Include file: <string.h> not found. Please note: Cppcheck does not need standard library headers to get proper results.,/home/yichen/Desktop/Gemini_Baseline_Code01/F022.c|4|information|missingIncludeSystem|Include file: <string.h> not found. Please note: Cppcheck does not need standard library headers to get proper results.,/home/yichen/Desktop/Gemini_Baseline_Results01/logs/F022_cppcheck.log
/home/yichen/Desktop/Gemini_Baseline_Code01/F022.c,cppcheck,True,success,True,0,6,37,error,memleakOnRealloc,Common realloc mistake: 'projects' nulled but not freed upon failure,/home/yichen/Desktop/Gemini_Baseline_Code01/F022.c|37|error|memleakOnRealloc|Common realloc mistake: 'projects' nulled but not freed upon failure,/home/yichen/Desktop/Gemini_Baseline_Results01/logs/F022_cppcheck.log
/home/yichen/Desktop/Gemini_Baseline_Code01/F022.c,cppcheck,True,success,True,0,6,114,error,memleakOnRealloc,Common realloc mistake: 'projects' nulled but not freed upon failure,/home/yichen/Desktop/Gemini_Baseline_Code01/F022.c|114|error|memleakOnRealloc|Common realloc mistake: 'projects' nulled but not freed upon failure,/home/yichen/Desktop/Gemini_Baseline_Results01/logs/F022_cppcheck.log
nofile,cppcheck,True,success,True,0,6,0,information,checkersReport,Active checkers: 113/592 (use --checkers-report=<filename> to see details),nofile|0|information|checkersReport|Active checkers: 113/592 (use --checkers-report=<filename> to see details),/home/yichen/Desktop/Gemini_Baseline_Results01/logs/F022_cppcheck.log
/home/yichen/Desktop/Gemini_Baseline_Code01/F023.c,cppcheck,True,success,True,0,6,2,information,missingIncludeSystem,Include file: <stdio.h> not found. Please note: Cppcheck does not need standard library headers to get proper results.,/home/yichen/Desktop/Gemini_Baseline_Code01/F023.c|2|information|missingIncludeSystem|Include file: <stdio.h> not found. Please note: Cppcheck does not need standard library headers to get proper results.,/home/yichen/Desktop/Gemini_Baseline_Results01/logs/F023_cppcheck.log
/home/yichen/Desktop/Gemini_Baseline_Code01/F023.c,cppcheck,True,success,True,0,6,3,information,missingIncludeSystem,Include file: <stdlib.h> not found. Please note: Cppcheck does not need standard library headers to get proper results.,/home/yichen/Desktop/Gemini_Baseline_Code01/F023.c|3|information|missingIncludeSystem|Include file: <stdlib.h> not found. Please note: Cppcheck does not need standard library headers to get proper results.,/home/yichen/Desktop/Gemini_Baseline_Results01/logs/F023_cppcheck.log
/home/yichen/Desktop/Gemini_Baseline_Code01/F023.c,cppcheck,True,success,True,0,6,4,information,missingIncludeSystem,Include file: <string.h> not found. Please note: Cppcheck does not need standard library headers to get proper results.,/home/yichen/Desktop/Gemini_Baseline_Code01/F023.c|4|information|missingIncludeSystem|Include file: <string.h> not found. Please note: Cppcheck does not need standard library headers to get proper results.,/home/yichen/Desktop/Gemini_Baseline_Results01/logs/F023_cppcheck.log
/home/yichen/Desktop/Gemini_Baseline_Code01/F023.c,cppcheck,True,success,True,0,6,36,error,memleakOnRealloc,Common realloc mistake: 'mailbox' nulled but not freed upon failure,/home/yichen/Desktop/Gemini_Baseline_Code01/F023.c|36|error|memleakOnRealloc|Common realloc mistake: 'mailbox' nulled but not freed upon failure,/home/yichen/Desktop/Gemini_Baseline_Results01/logs/F023_cppcheck.log
/home/yichen/Desktop/Gemini_Baseline_Code01/F023.c,cppcheck,True,success,True,0,6,92,error,memleakOnRealloc,Common realloc mistake: 'mailbox' nulled but not freed upon failure,/home/yichen/Desktop/Gemini_Baseline_Code01/F023.c|92|error|memleakOnRealloc|Common realloc mistake: 'mailbox' nulled but not freed upon failure,/home/yichen/Desktop/Gemini_Baseline_Results01/logs/F023_cppcheck.log
nofile,cppcheck,True,success,True,0,6,0,information,checkersReport,Active checkers: 113/592 (use --checkers-report=<filename> to see details),nofile|0|information|checkersReport|Active checkers: 113/592 (use --checkers-report=<filename> to see details),/home/yichen/Desktop/Gemini_Baseline_Results01/logs/F023_cppcheck.log
/home/yichen/Desktop/Gemini_Baseline_Code01/F024.c,cppcheck,True,success,True,0,6,2,information,missingIncludeSystem,Include file: <stdio.h> not found. Please note: Cppcheck does not need standard library headers to get proper results.,/home/yichen/Desktop/Gemini_Baseline_Code01/F024.c|2|information|missingIncludeSystem|Include file: <stdio.h> not found. Please note: Cppcheck does not need standard library headers to get proper results.,/home/yichen/Desktop/Gemini_Baseline_Results01/logs/F024_cppcheck.log
/home/yichen/Desktop/Gemini_Baseline_Code01/F024.c,cppcheck,True,success,True,0,6,3,information,missingIncludeSystem,Include file: <stdlib.h> not found. Please note: Cppcheck does not need standard library headers to get proper results.,/home/yichen/Desktop/Gemini_Baseline_Code01/F024.c|3|information|missingIncludeSystem|Include file: <stdlib.h> not found. Please note: Cppcheck does not need standard library headers to get proper results.,/home/yichen/Desktop/Gemini_Baseline_Results01/logs/F024_cppcheck.log
/home/yichen/Desktop/Gemini_Baseline_Code01/F024.c,cppcheck,True,success,True,0,6,4,information,missingIncludeSystem,Include file: <string.h> not found. Please note: Cppcheck does not need standard library headers to get proper results.,/home/yichen/Desktop/Gemini_Baseline_Code01/F024.c|4|information|missingIncludeSystem|Include file: <string.h> not found. Please note: Cppcheck does not need standard library headers to get proper results.,/home/yichen/Desktop/Gemini_Baseline_Results01/logs/F024_cppcheck.log
/home/yichen/Desktop/Gemini_Baseline_Code01/F024.c,cppcheck,True,success,True,0,6,33,error,memleakOnRealloc,Common realloc mistake: 'library' nulled but not freed upon failure,/home/yichen/Desktop/Gemini_Baseline_Code01/F024.c|33|error|memleakOnRealloc|Common realloc mistake: 'library' nulled but not freed upon failure,/home/yichen/Desktop/Gemini_Baseline_Results01/logs/F024_cppcheck.log
/home/yichen/Desktop/Gemini_Baseline_Code01/F024.c,cppcheck,True,success,True,0,6,86,error,memleakOnRealloc,Common realloc mistake: 'library' nulled but not freed upon failure,/home/yichen/Desktop/Gemini_Baseline_Code01/F024.c|86|error|memleakOnRealloc|Common realloc mistake: 'library' nulled but not freed upon failure,/home/yichen/Desktop/Gemini_Baseline_Results01/logs/F024_cppcheck.log
nofile,cppcheck,True,success,True,0,6,0,information,checkersReport,Active checkers: 113/592 (use --checkers-report=<filename> to see details),nofile|0|information|checkersReport|Active checkers: 113/592 (use --checkers-report=<filename> to see details),/home/yichen/Desktop/Gemini_Baseline_Results01/logs/F024_cppcheck.log
/home/yichen/Desktop/Gemini_Baseline_Code01/F025.c,cppcheck,True,success,True,0,6,2,information,missingIncludeSystem,Include file: <stdio.h> not found. Please note: Cppcheck does not need standard library headers to get proper results.,/home/yichen/Desktop/Gemini_Baseline_Code01/F025.c|2|information|missingIncludeSystem|Include file: <stdio.h> not found. Please note: Cppcheck does not need standard library headers to get proper results.,/home/yichen/Desktop/Gemini_Baseline_Results01/logs/F025_cppcheck.log
/home/yichen/Desktop/Gemini_Baseline_Code01/F025.c,cppcheck,True,success,True,0,6,3,information,missingIncludeSystem,Include file: <stdlib.h> not found. Please note: Cppcheck does not need standard library headers to get proper results.,/home/yichen/Desktop/Gemini_Baseline_Code01/F025.c|3|information|missingIncludeSystem|Include file: <stdlib.h> not found. Please note: Cppcheck does not need standard library headers to get proper results.,/home/yichen/Desktop/Gemini_Baseline_Results01/logs/F025_cppcheck.log
/home/yichen/Desktop/Gemini_Baseline_Code01/F025.c,cppcheck,True,success,True,0,6,4,information,missingIncludeSystem,Include file: <string.h> not found. Please note: Cppcheck does not need standard library headers to get proper results.,/home/yichen/Desktop/Gemini_Baseline_Code01/F025.c|4|information|missingIncludeSystem|Include file: <string.h> not found. Please note: Cppcheck does not need standard library headers to get proper results.,/home/yichen/Desktop/Gemini_Baseline_Results01/logs/F025_cppcheck.log
/home/yichen/Desktop/Gemini_Baseline_Code01/F025.c,cppcheck,True,success,True,0,6,36,error,memleakOnRealloc,Common realloc mistake: 'classes' nulled but not freed upon failure,/home/yichen/Desktop/Gemini_Baseline_Code01/F025.c|36|error|memleakOnRealloc|Common realloc mistake: 'classes' nulled but not freed upon failure,/home/yichen/Desktop/Gemini_Baseline_Results01/logs/F025_cppcheck.log
/home/yichen/Desktop/Gemini_Baseline_Code01/F025.c,cppcheck,True,success,True,0,6,118,error,memleakOnRealloc,Common realloc mistake: 'classes' nulled but not freed upon failure,/home/yichen/Desktop/Gemini_Baseline_Code01/F025.c|118|error|memleakOnRealloc|Common realloc mistake: 'classes' nulled but not freed upon failure,/home/yichen/Desktop/Gemini_Baseline_Results01/logs/F025_cppcheck.log
nofile,cppcheck,True,success,True,0,6,0,information,checkersReport,Active checkers: 113/592 (use --checkers-report=<filename> to see details),nofile|0|information|checkersReport|Active checkers: 113/592 (use --checkers-report=<filename> to see details),/home/yichen/Desktop/Gemini_Baseline_Results01/logs/F025_cppcheck.log
/home/yichen/Desktop/Gemini_Baseline_Code01/F026.c,cppcheck,True,success,True,0,7,2,information,missingIncludeSystem,Include file: <stdio.h> not found. Please note: Cppcheck does not need standard library headers to get proper results.,/home/yichen/Desktop/Gemini_Baseline_Code01/F026.c|2|information|missingIncludeSystem|Include file: <stdio.h> not found. Please note: Cppcheck does not need standard library headers to get proper results.,/home/yichen/Desktop/Gemini_Baseline_Results01/logs/F026_cppcheck.log
/home/yichen/Desktop/Gemini_Baseline_Code01/F026.c,cppcheck,True,success,True,0,7,3,information,missingIncludeSystem,Include file: <stdlib.h> not found. Please note: Cppcheck does not need standard library headers to get proper results.,/home/yichen/Desktop/Gemini_Baseline_Code01/F026.c|3|information|missingIncludeSystem|Include file: <stdlib.h> not found. Please note: Cppcheck does not need standard library headers to get proper results.,/home/yichen/Desktop/Gemini_Baseline_Results01/logs/F026_cppcheck.log
/home/yichen/Desktop/Gemini_Baseline_Code01/F026.c,cppcheck,True,success,True,0,7,4,information,missingIncludeSystem,Include file: <string.h> not found. Please note: Cppcheck does not need standard library headers to get proper results.,/home/yichen/Desktop/Gemini_Baseline_Code01/F026.c|4|information|missingIncludeSystem|Include file: <string.h> not found. Please note: Cppcheck does not need standard library headers to get proper results.,/home/yichen/Desktop/Gemini_Baseline_Results01/logs/F026_cppcheck.log
/home/yichen/Desktop/Gemini_Baseline_Code01/F026.c,cppcheck,True,success,True,0,7,33,error,memleakOnRealloc,Common realloc mistake: 'notes' nulled but not freed upon failure,/home/yichen/Desktop/Gemini_Baseline_Code01/F026.c|33|error|memleakOnRealloc|Common realloc mistake: 'notes' nulled but not freed upon failure,/home/yichen/Desktop/Gemini_Baseline_Results01/logs/F026_cppcheck.log
/home/yichen/Desktop/Gemini_Baseline_Code01/F026.c,cppcheck,True,success,True,0,7,54,error,memleakOnRealloc,Common realloc mistake: 'notes' nulled but not freed upon failure,/home/yichen/Desktop/Gemini_Baseline_Code01/F026.c|54|error|memleakOnRealloc|Common realloc mistake: 'notes' nulled but not freed upon failure,/home/yichen/Desktop/Gemini_Baseline_Results01/logs/F026_cppcheck.log
/home/yichen/Desktop/Gemini_Baseline_Code01/F026.c,cppcheck,True,success,True,0,7,72,error,memleakOnRealloc,Common realloc mistake: 'notes' nulled but not freed upon failure,/home/yichen/Desktop/Gemini_Baseline_Code01/F026.c|72|error|memleakOnRealloc|Common realloc mistake: 'notes' nulled but not freed upon failure,/home/yichen/Desktop/Gemini_Baseline_Results01/logs/F026_cppcheck.log
nofile,cppcheck,True,success,True,0,7,0,information,checkersReport,Active checkers: 113/592 (use --checkers-report=<filename> to see details),nofile|0|information|checkersReport|Active checkers: 113/592 (use --checkers-report=<filename> to see details),/home/yichen/Desktop/Gemini_Baseline_Results01/logs/F026_cppcheck.log
/home/yichen/Desktop/Gemini_Baseline_Code01/F027.c,cppcheck,True,success,True,0,8,2,information,missingIncludeSystem,Include file: <stdio.h> not found. Please note: Cppcheck does not need standard library headers to get proper results.,/home/yichen/Desktop/Gemini_Baseline_Code01/F027.c|2|information|missingIncludeSystem|Include file: <stdio.h> not found. Please note: Cppcheck does not need standard library headers to get proper results.,/home/yichen/Desktop/Gemini_Baseline_Results01/logs/F027_cppcheck.log
/home/yichen/Desktop/Gemini_Baseline_Code01/F027.c,cppcheck,True,success,True,0,8,3,information,missingIncludeSystem,Include file: <stdlib.h> not found. Please note: Cppcheck does not need standard library headers to get proper results.,/home/yichen/Desktop/Gemini_Baseline_Code01/F027.c|3|information|missingIncludeSystem|Include file: <stdlib.h> not found. Please note: Cppcheck does not need standard library headers to get proper results.,/home/yichen/Desktop/Gemini_Baseline_Results01/logs/F027_cppcheck.log
/home/yichen/Desktop/Gemini_Baseline_Code01/F027.c,cppcheck,True,success,True,0,8,4,information,missingIncludeSystem,Include file: <string.h> not found. Please note: Cppcheck does not need standard library headers to get proper results.,/home/yichen/Desktop/Gemini_Baseline_Code01/F027.c|4|information|missingIncludeSystem|Include file: <string.h> not found. Please note: Cppcheck does not need standard library headers to get proper results.,/home/yichen/Desktop/Gemini_Baseline_Results01/logs/F027_cppcheck.log
/home/yichen/Desktop/Gemini_Baseline_Code01/F027.c,cppcheck,True,success,True,0,8,45,error,memleakOnRealloc,Common realloc mistake: 'board' nulled but not freed upon failure,/home/yichen/Desktop/Gemini_Baseline_Code01/F027.c|45|error|memleakOnRealloc|Common realloc mistake: 'board' nulled but not freed upon failure,/home/yichen/Desktop/Gemini_Baseline_Results01/logs/F027_cppcheck.log
/home/yichen/Desktop/Gemini_Baseline_Code01/F027.c,cppcheck,True,success,True,0,8,74,error,memleakOnRealloc,Common realloc mistake: 'board' nulled but not freed upon failure,/home/yichen/Desktop/Gemini_Baseline_Code01/F027.c|74|error|memleakOnRealloc|Common realloc mistake: 'board' nulled but not freed upon failure,/home/yichen/Desktop/Gemini_Baseline_Results01/logs/F027_cppcheck.log
/home/yichen/Desktop/Gemini_Baseline_Code01/F027.c,cppcheck,True,success,True,0,8,14,style,constVariablePointer,Variable 'rA' can be declared as pointer to const,/home/yichen/Desktop/Gemini_Baseline_Code01/F027.c|14|style|constVariablePointer|Variable 'rA' can be declared as pointer to const,/home/yichen/Desktop/Gemini_Baseline_Results01/logs/F027_cppcheck.log
/home/yichen/Desktop/Gemini_Baseline_Code01/F027.c,cppcheck,True,success,True,0,8,15,style,constVariablePointer,Variable 'rB' can be declared as pointer to const,/home/yichen/Desktop/Gemini_Baseline_Code01/F027.c|15|style|constVariablePointer|Variable 'rB' can be declared as pointer to const,/home/yichen/Desktop/Gemini_Baseline_Results01/logs/F027_cppcheck.log
nofile,cppcheck,True,success,True,0,8,0,information,checkersReport,Active checkers: 113/592 (use --checkers-report=<filename> to see details),nofile|0|information|checkersReport|Active checkers: 113/592 (use --checkers-report=<filename> to see details),/home/yichen/Desktop/Gemini_Baseline_Results01/logs/F027_cppcheck.log
/home/yichen/Desktop/Gemini_Baseline_Code01/F028.c,cppcheck,True,success,True,0,7,2,information,missingIncludeSystem,Include file: <stdio.h> not found. Please note: Cppcheck does not need standard library headers to get proper results.,/home/yichen/Desktop/Gemini_Baseline_Code01/F028.c|2|information|missingIncludeSystem|Include file: <stdio.h> not found. Please note: Cppcheck does not need standard library headers to get proper results.,/home/yichen/Desktop/Gemini_Baseline_Results01/logs/F028_cppcheck.log
/home/yichen/Desktop/Gemini_Baseline_Code01/F028.c,cppcheck,True,success,True,0,7,3,information,missingIncludeSystem,Include file: <stdlib.h> not found. Please note: Cppcheck does not need standard library headers to get proper results.,/home/yichen/Desktop/Gemini_Baseline_Code01/F028.c|3|information|missingIncludeSystem|Include file: <stdlib.h> not found. Please note: Cppcheck does not need standard library headers to get proper results.,/home/yichen/Desktop/Gemini_Baseline_Results01/logs/F028_cppcheck.log
/home/yichen/Desktop/Gemini_Baseline_Code01/F028.c,cppcheck,True,success,True,0,7,4,information,missingIncludeSystem,Include file: <string.h> not found. Please note: Cppcheck does not need standard library headers to get proper results.,/home/yichen/Desktop/Gemini_Baseline_Code01/F028.c|4|information|missingIncludeSystem|Include file: <string.h> not found. Please note: Cppcheck does not need standard library headers to get proper results.,/home/yichen/Desktop/Gemini_Baseline_Results01/logs/F028_cppcheck.log
/home/yichen/Desktop/Gemini_Baseline_Code01/F028.c,cppcheck,True,success,True,0,7,33,error,memleakOnRealloc,Common realloc mistake: 'route' nulled but not freed upon failure,/home/yichen/Desktop/Gemini_Baseline_Code01/F028.c|33|error|memleakOnRealloc|Common realloc mistake: 'route' nulled but not freed upon failure,/home/yichen/Desktop/Gemini_Baseline_Results01/logs/F028_cppcheck.log
/home/yichen/Desktop/Gemini_Baseline_Code01/F028.c,cppcheck,True,success,True,0,7,46,error,memleakOnRealloc,Common realloc mistake: 'route' nulled but not freed upon failure,/home/yichen/Desktop/Gemini_Baseline_Code01/F028.c|46|error|memleakOnRealloc|Common realloc mistake: 'route' nulled but not freed upon failure,/home/yichen/Desktop/Gemini_Baseline_Results01/logs/F028_cppcheck.log
/home/yichen/Desktop/Gemini_Baseline_Code01/F028.c,cppcheck,True,success,True,0,7,82,error,memleakOnRealloc,Common realloc mistake: 'route' nulled but not freed upon failure,/home/yichen/Desktop/Gemini_Baseline_Code01/F028.c|82|error|memleakOnRealloc|Common realloc mistake: 'route' nulled but not freed upon failure,/home/yichen/Desktop/Gemini_Baseline_Results01/logs/F028_cppcheck.log
nofile,cppcheck,True,success,True,0,7,0,information,checkersReport,Active checkers: 113/592 (use --checkers-report=<filename> to see details),nofile|0|information|checkersReport|Active checkers: 113/592 (use --checkers-report=<filename> to see details),/home/yichen/Desktop/Gemini_Baseline_Results01/logs/F028_cppcheck.log
/home/yichen/Desktop/Gemini_Baseline_Code01/F029.c,cppcheck,True,success,True,0,7,2,information,missingIncludeSystem,Include file: <stdio.h> not found. Please note: Cppcheck does not need standard library headers to get proper results.,/home/yichen/Desktop/Gemini_Baseline_Code01/F029.c|2|information|missingIncludeSystem|Include file: <stdio.h> not found. Please note: Cppcheck does not need standard library headers to get proper results.,/home/yichen/Desktop/Gemini_Baseline_Results01/logs/F029_cppcheck.log
/home/yichen/Desktop/Gemini_Baseline_Code01/F029.c,cppcheck,True,success,True,0,7,3,information,missingIncludeSystem,Include file: <stdlib.h> not found. Please note: Cppcheck does not need standard library headers to get proper results.,/home/yichen/Desktop/Gemini_Baseline_Code01/F029.c|3|information|missingIncludeSystem|Include file: <stdlib.h> not found. Please note: Cppcheck does not need standard library headers to get proper results.,/home/yichen/Desktop/Gemini_Baseline_Results01/logs/F029_cppcheck.log
/home/yichen/Desktop/Gemini_Baseline_Code01/F029.c,cppcheck,True,success,True,0,7,4,information,missingIncludeSystem,Include file: <string.h> not found. Please note: Cppcheck does not need standard library headers to get proper results.,/home/yichen/Desktop/Gemini_Baseline_Code01/F029.c|4|information|missingIncludeSystem|Include file: <string.h> not found. Please note: Cppcheck does not need standard library headers to get proper results.,/home/yichen/Desktop/Gemini_Baseline_Results01/logs/F029_cppcheck.log
/home/yichen/Desktop/Gemini_Baseline_Code01/F029.c,cppcheck,True,success,True,0,7,30,error,memleakOnRealloc,Common realloc mistake: 'records' nulled but not freed upon failure,/home/yichen/Desktop/Gemini_Baseline_Code01/F029.c|30|error|memleakOnRealloc|Common realloc mistake: 'records' nulled but not freed upon failure,/home/yichen/Desktop/Gemini_Baseline_Results01/logs/F029_cppcheck.log
/home/yichen/Desktop/Gemini_Baseline_Code01/F029.c,cppcheck,True,success,True,0,7,56,error,memleakOnRealloc,Common realloc mistake: 'records' nulled but not freed upon failure,/home/yichen/Desktop/Gemini_Baseline_Code01/F029.c|56|error|memleakOnRealloc|Common realloc mistake: 'records' nulled but not freed upon failure,/home/yichen/Desktop/Gemini_Baseline_Results01/logs/F029_cppcheck.log
/home/yichen/Desktop/Gemini_Baseline_Code01/F029.c,cppcheck,True,success,True,0,7,73,error,memleakOnRealloc,Common realloc mistake: 'records' nulled but not freed upon failure,/home/yichen/Desktop/Gemini_Baseline_Code01/F029.c|73|error|memleakOnRealloc|Common realloc mistake: 'records' nulled but not freed upon failure,/home/yichen/Desktop/Gemini_Baseline_Results01/logs/F029_cppcheck.log
nofile,cppcheck,True,success,True,0,7,0,information,checkersReport,Active checkers: 113/592 (use --checkers-report=<filename> to see details),nofile|0|information|checkersReport|Active checkers: 113/592 (use --checkers-report=<filename> to see details),/home/yichen/Desktop/Gemini_Baseline_Results01/logs/F029_cppcheck.log
/home/yichen/Desktop/Gemini_Baseline_Code01/F030.c,cppcheck,True,success,True,0,6,2,information,missingIncludeSystem,Include file: <stdio.h> not found. Please note: Cppcheck does not need standard library headers to get proper results.,/home/yichen/Desktop/Gemini_Baseline_Code01/F030.c|2|information|missingIncludeSystem|Include file: <stdio.h> not found. Please note: Cppcheck does not need standard library headers to get proper results.,/home/yichen/Desktop/Gemini_Baseline_Results01/logs/F030_cppcheck.log
/home/yichen/Desktop/Gemini_Baseline_Code01/F030.c,cppcheck,True,success,True,0,6,3,information,missingIncludeSystem,Include file: <stdlib.h> not found. Please note: Cppcheck does not need standard library headers to get proper results.,/home/yichen/Desktop/Gemini_Baseline_Code01/F030.c|3|information|missingIncludeSystem|Include file: <stdlib.h> not found. Please note: Cppcheck does not need standard library headers to get proper results.,/home/yichen/Desktop/Gemini_Baseline_Results01/logs/F030_cppcheck.log
/home/yichen/Desktop/Gemini_Baseline_Code01/F030.c,cppcheck,True,success,True,0,6,4,information,missingIncludeSystem,Include file: <string.h> not found. Please note: Cppcheck does not need standard library headers to get proper results.,/home/yichen/Desktop/Gemini_Baseline_Code01/F030.c|4|information|missingIncludeSystem|Include file: <string.h> not found. Please note: Cppcheck does not need standard library headers to get proper results.,/home/yichen/Desktop/Gemini_Baseline_Results01/logs/F030_cppcheck.log
/home/yichen/Desktop/Gemini_Baseline_Code01/F030.c,cppcheck,True,success,True,0,6,30,error,memleakOnRealloc,Common realloc mistake: 'rules' nulled but not freed upon failure,/home/yichen/Desktop/Gemini_Baseline_Code01/F030.c|30|error|memleakOnRealloc|Common realloc mistake: 'rules' nulled but not freed upon failure,/home/yichen/Desktop/Gemini_Baseline_Results01/logs/F030_cppcheck.log
/home/yichen/Desktop/Gemini_Baseline_Code01/F030.c,cppcheck,True,success,True,0,6,61,error,memleakOnRealloc,Common realloc mistake: 'rules' nulled but not freed upon failure,/home/yichen/Desktop/Gemini_Baseline_Code01/F030.c|61|error|memleakOnRealloc|Common realloc mistake: 'rules' nulled but not freed upon failure,/home/yichen/Desktop/Gemini_Baseline_Results01/logs/F030_cppcheck.log
nofile,cppcheck,True,success,True,0,6,0,information,checkersReport,Active checkers: 113/592 (use --checkers-report=<filename> to see details),nofile|0|information|checkersReport|Active checkers: 113/592 (use --checkers-report=<filename> to see details),/home/yichen/Desktop/Gemini_Baseline_Results01/logs/F030_cppcheck.log
/home/yichen/Desktop/Gemini_Baseline_Code01/F031.c,cppcheck,True,success,True,0,6,2,information,missingIncludeSystem,Include file: <stdio.h> not found. Please note: Cppcheck does not need standard library headers to get proper results.,/home/yichen/Desktop/Gemini_Baseline_Code01/F031.c|2|information|missingIncludeSystem|Include file: <stdio.h> not found. Please note: Cppcheck does not need standard library headers to get proper results.,/home/yichen/Desktop/Gemini_Baseline_Results01/logs/F031_cppcheck.log
/home/yichen/Desktop/Gemini_Baseline_Code01/F031.c,cppcheck,True,success,True,0,6,3,information,missingIncludeSystem,Include file: <stdlib.h> not found. Please note: Cppcheck does not need standard library headers to get proper results.,/home/yichen/Desktop/Gemini_Baseline_Code01/F031.c|3|information|missingIncludeSystem|Include file: <stdlib.h> not found. Please note: Cppcheck does not need standard library headers to get proper results.,/home/yichen/Desktop/Gemini_Baseline_Results01/logs/F031_cppcheck.log
/home/yichen/Desktop/Gemini_Baseline_Code01/F031.c,cppcheck,True,success,True,0,6,4,information,missingIncludeSystem,Include file: <string.h> not found. Please note: Cppcheck does not need standard library headers to get proper results.,/home/yichen/Desktop/Gemini_Baseline_Code01/F031.c|4|information|missingIncludeSystem|Include file: <string.h> not found. Please note: Cppcheck does not need standard library headers to get proper results.,/home/yichen/Desktop/Gemini_Baseline_Results01/logs/F031_cppcheck.log
/home/yichen/Desktop/Gemini_Baseline_Code01/F031.c,cppcheck,True,success,True,0,6,62,error,memleakOnRealloc,Common realloc mistake: 'records' nulled but not freed upon failure,/home/yichen/Desktop/Gemini_Baseline_Code01/F031.c|62|error|memleakOnRealloc|Common realloc mistake: 'records' nulled but not freed upon failure,/home/yichen/Desktop/Gemini_Baseline_Results01/logs/F031_cppcheck.log
/home/yichen/Desktop/Gemini_Baseline_Code01/F031.c,cppcheck,True,success,True,0,6,89,error,memleakOnRealloc,Common realloc mistake: 'records' nulled but not freed upon failure,/home/yichen/Desktop/Gemini_Baseline_Code01/F031.c|89|error|memleakOnRealloc|Common realloc mistake: 'records' nulled but not freed upon failure,/home/yichen/Desktop/Gemini_Baseline_Results01/logs/F031_cppcheck.log
nofile,cppcheck,True,success,True,0,6,0,information,checkersReport,Active checkers: 113/592 (use --checkers-report=<filename> to see details),nofile|0|information|checkersReport|Active checkers: 113/592 (use --checkers-report=<filename> to see details),/home/yichen/Desktop/Gemini_Baseline_Results01/logs/F031_cppcheck.log
/home/yichen/Desktop/Gemini_Baseline_Code01/F032.c,cppcheck,True,success,True,0,8,2,information,missingIncludeSystem,Include file: <stdio.h> not found. Please note: Cppcheck does not need standard library headers to get proper results.,/home/yichen/Desktop/Gemini_Baseline_Code01/F032.c|2|information|missingIncludeSystem|Include file: <stdio.h> not found. Please note: Cppcheck does not need standard library headers to get proper results.,/home/yichen/Desktop/Gemini_Baseline_Results01/logs/F032_cppcheck.log
/home/yichen/Desktop/Gemini_Baseline_Code01/F032.c,cppcheck,True,success,True,0,8,3,information,missingIncludeSystem,Include file: <stdlib.h> not found. Please note: Cppcheck does not need standard library headers to get proper results.,/home/yichen/Desktop/Gemini_Baseline_Code01/F032.c|3|information|missingIncludeSystem|Include file: <stdlib.h> not found. Please note: Cppcheck does not need standard library headers to get proper results.,/home/yichen/Desktop/Gemini_Baseline_Results01/logs/F032_cppcheck.log
/home/yichen/Desktop/Gemini_Baseline_Code01/F032.c,cppcheck,True,success,True,0,8,4,information,missingIncludeSystem,Include file: <string.h> not found. Please note: Cppcheck does not need standard library headers to get proper results.,/home/yichen/Desktop/Gemini_Baseline_Code01/F032.c|4|information|missingIncludeSystem|Include file: <string.h> not found. Please note: Cppcheck does not need standard library headers to get proper results.,/home/yichen/Desktop/Gemini_Baseline_Results01/logs/F032_cppcheck.log
/home/yichen/Desktop/Gemini_Baseline_Code01/F032.c,cppcheck,True,success,True,0,8,46,error,memleakOnRealloc,Common realloc mistake: 'committed' nulled but not freed upon failure,/home/yichen/Desktop/Gemini_Baseline_Code01/F032.c|46|error|memleakOnRealloc|Common realloc mistake: 'committed' nulled but not freed upon failure,/home/yichen/Desktop/Gemini_Baseline_Results01/logs/F032_cppcheck.log
/home/yichen/Desktop/Gemini_Baseline_Code01/F032.c,cppcheck,True,success,True,0,8,78,error,memleakOnRealloc,Common realloc mistake: 'staged' nulled but not freed upon failure,/home/yichen/Desktop/Gemini_Baseline_Code01/F032.c|78|error|memleakOnRealloc|Common realloc mistake: 'staged' nulled but not freed upon failure,/home/yichen/Desktop/Gemini_Baseline_Results01/logs/F032_cppcheck.log
/home/yichen/Desktop/Gemini_Baseline_Code01/F032.c,cppcheck,True,success,True,0,8,98,error,memleakOnRealloc,Common realloc mistake: 'committed' nulled but not freed upon failure,/home/yichen/Desktop/Gemini_Baseline_Code01/F032.c|98|error|memleakOnRealloc|Common realloc mistake: 'committed' nulled but not freed upon failure,/home/yichen/Desktop/Gemini_Baseline_Results01/logs/F032_cppcheck.log
/home/yichen/Desktop/Gemini_Baseline_Code01/F032.c,cppcheck,True,success,True,0,8,141,style,unreadVariable,Variable 'found' is assigned a value that is never used.,/home/yichen/Desktop/Gemini_Baseline_Code01/F032.c|141|style|unreadVariable|Variable 'found' is assigned a value that is never used.,/home/yichen/Desktop/Gemini_Baseline_Results01/logs/F032_cppcheck.log
nofile,cppcheck,True,success,True,0,8,0,information,checkersReport,Active checkers: 113/592 (use --checkers-report=<filename> to see details),nofile|0|information|checkersReport|Active checkers: 113/592 (use --checkers-report=<filename> to see details),/home/yichen/Desktop/Gemini_Baseline_Results01/logs/F032_cppcheck.log
/home/yichen/Desktop/Gemini_Baseline_Code01/F033.c,cppcheck,True,success,True,0,6,2,information,missingIncludeSystem,Include file: <stdio.h> not found. Please note: Cppcheck does not need standard library headers to get proper results.,/home/yichen/Desktop/Gemini_Baseline_Code01/F033.c|2|information|missingIncludeSystem|Include file: <stdio.h> not found. Please note: Cppcheck does not need standard library headers to get proper results.,/home/yichen/Desktop/Gemini_Baseline_Results01/logs/F033_cppcheck.log
/home/yichen/Desktop/Gemini_Baseline_Code01/F033.c,cppcheck,True,success,True,0,6,3,information,missingIncludeSystem,Include file: <stdlib.h> not found. Please note: Cppcheck does not need standard library headers to get proper results.,/home/yichen/Desktop/Gemini_Baseline_Code01/F033.c|3|information|missingIncludeSystem|Include file: <stdlib.h> not found. Please note: Cppcheck does not need standard library headers to get proper results.,/home/yichen/Desktop/Gemini_Baseline_Results01/logs/F033_cppcheck.log
/home/yichen/Desktop/Gemini_Baseline_Code01/F033.c,cppcheck,True,success,True,0,6,4,information,missingIncludeSystem,Include file: <string.h> not found. Please note: Cppcheck does not need standard library headers to get proper results.,/home/yichen/Desktop/Gemini_Baseline_Code01/F033.c|4|information|missingIncludeSystem|Include file: <string.h> not found. Please note: Cppcheck does not need standard library headers to get proper results.,/home/yichen/Desktop/Gemini_Baseline_Results01/logs/F033_cppcheck.log
/home/yichen/Desktop/Gemini_Baseline_Code01/F033.c,cppcheck,True,success,True,0,6,32,error,memleakOnRealloc,Common realloc mistake: 'registry' nulled but not freed upon failure,/home/yichen/Desktop/Gemini_Baseline_Code01/F033.c|32|error|memleakOnRealloc|Common realloc mistake: 'registry' nulled but not freed upon failure,/home/yichen/Desktop/Gemini_Baseline_Results01/logs/F033_cppcheck.log
/home/yichen/Desktop/Gemini_Baseline_Code01/F033.c,cppcheck,True,success,True,0,6,67,error,memleakOnRealloc,Common realloc mistake: 'registry' nulled but not freed upon failure,/home/yichen/Desktop/Gemini_Baseline_Code01/F033.c|67|error|memleakOnRealloc|Common realloc mistake: 'registry' nulled but not freed upon failure,/home/yichen/Desktop/Gemini_Baseline_Results01/logs/F033_cppcheck.log
nofile,cppcheck,True,success,True,0,6,0,information,checkersReport,Active checkers: 113/592 (use --checkers-report=<filename> to see details),nofile|0|information|checkersReport|Active checkers: 113/592 (use --checkers-report=<filename> to see details),/home/yichen/Desktop/Gemini_Baseline_Results01/logs/F033_cppcheck.log
/home/yichen/Desktop/Gemini_Baseline_Code01/F034.c,cppcheck,True,success,True,0,5,2,information,missingIncludeSystem,Include file: <stdio.h> not found. Please note: Cppcheck does not need standard library headers to get proper results.,/home/yichen/Desktop/Gemini_Baseline_Code01/F034.c|2|information|missingIncludeSystem|Include file: <stdio.h> not found. Please note: Cppcheck does not need standard library headers to get proper results.,/home/yichen/Desktop/Gemini_Baseline_Results01/logs/F034_cppcheck.log
/home/yichen/Desktop/Gemini_Baseline_Code01/F034.c,cppcheck,True,success,True,0,5,3,information,missingIncludeSystem,Include file: <stdlib.h> not found. Please note: Cppcheck does not need standard library headers to get proper results.,/home/yichen/Desktop/Gemini_Baseline_Code01/F034.c|3|information|missingIncludeSystem|Include file: <stdlib.h> not found. Please note: Cppcheck does not need standard library headers to get proper results.,/home/yichen/Desktop/Gemini_Baseline_Results01/logs/F034_cppcheck.log
/home/yichen/Desktop/Gemini_Baseline_Code01/F034.c,cppcheck,True,success,True,0,5,4,information,missingIncludeSystem,Include file: <string.h> not found. Please note: Cppcheck does not need standard library headers to get proper results.,/home/yichen/Desktop/Gemini_Baseline_Code01/F034.c|4|information|missingIncludeSystem|Include file: <string.h> not found. Please note: Cppcheck does not need standard library headers to get proper results.,/home/yichen/Desktop/Gemini_Baseline_Results01/logs/F034_cppcheck.log
/home/yichen/Desktop/Gemini_Baseline_Code01/F034.c,cppcheck,True,success,True,0,5,50,error,memleakOnRealloc,Common realloc mistake: 'temp_store' nulled but not freed upon failure,/home/yichen/Desktop/Gemini_Baseline_Code01/F034.c|50|error|memleakOnRealloc|Common realloc mistake: 'temp_store' nulled but not freed upon failure,/home/yichen/Desktop/Gemini_Baseline_Results01/logs/F034_cppcheck.log
nofile,cppcheck,True,success,True,0,5,0,information,checkersReport,Active checkers: 113/592 (use --checkers-report=<filename> to see details),nofile|0|information|checkersReport|Active checkers: 113/592 (use --checkers-report=<filename> to see details),/home/yichen/Desktop/Gemini_Baseline_Results01/logs/F034_cppcheck.log
/home/yichen/Desktop/Gemini_Baseline_Code01/F035.c,cppcheck,True,success,True,0,8,2,information,missingIncludeSystem,Include file: <stdio.h> not found. Please note: Cppcheck does not need standard library headers to get proper results.,/home/yichen/Desktop/Gemini_Baseline_Code01/F035.c|2|information|missingIncludeSystem|Include file: <stdio.h> not found. Please note: Cppcheck does not need standard library headers to get proper results.,/home/yichen/Desktop/Gemini_Baseline_Results01/logs/F035_cppcheck.log
/home/yichen/Desktop/Gemini_Baseline_Code01/F035.c,cppcheck,True,success,True,0,8,3,information,missingIncludeSystem,Include file: <stdlib.h> not found. Please note: Cppcheck does not need standard library headers to get proper results.,/home/yichen/Desktop/Gemini_Baseline_Code01/F035.c|3|information|missingIncludeSystem|Include file: <stdlib.h> not found. Please note: Cppcheck does not need standard library headers to get proper results.,/home/yichen/Desktop/Gemini_Baseline_Results01/logs/F035_cppcheck.log
/home/yichen/Desktop/Gemini_Baseline_Code01/F035.c,cppcheck,True,success,True,0,8,4,information,missingIncludeSystem,Include file: <string.h> not found. Please note: Cppcheck does not need standard library headers to get proper results.,/home/yichen/Desktop/Gemini_Baseline_Code01/F035.c|4|information|missingIncludeSystem|Include file: <string.h> not found. Please note: Cppcheck does not need standard library headers to get proper results.,/home/yichen/Desktop/Gemini_Baseline_Results01/logs/F035_cppcheck.log
/home/yichen/Desktop/Gemini_Baseline_Code01/F035.c,cppcheck,True,success,True,0,8,33,error,memleakOnRealloc,Common realloc mistake: 'queue' nulled but not freed upon failure,/home/yichen/Desktop/Gemini_Baseline_Code01/F035.c|33|error|memleakOnRealloc|Common realloc mistake: 'queue' nulled but not freed upon failure,/home/yichen/Desktop/Gemini_Baseline_Results01/logs/F035_cppcheck.log
/home/yichen/Desktop/Gemini_Baseline_Code01/F035.c,cppcheck,True,success,True,0,8,43,error,memleakOnRealloc,Common realloc mistake: 'queue' nulled but not freed upon failure,/home/yichen/Desktop/Gemini_Baseline_Code01/F035.c|43|error|memleakOnRealloc|Common realloc mistake: 'queue' nulled but not freed upon failure,/home/yichen/Desktop/Gemini_Baseline_Results01/logs/F035_cppcheck.log
/home/yichen/Desktop/Gemini_Baseline_Code01/F035.c,cppcheck,True,success,True,0,8,62,error,memleakOnRealloc,Common realloc mistake: 'queue' nulled but not freed upon failure,/home/yichen/Desktop/Gemini_Baseline_Code01/F035.c|62|error|memleakOnRealloc|Common realloc mistake: 'queue' nulled but not freed upon failure,/home/yichen/Desktop/Gemini_Baseline_Results01/logs/F035_cppcheck.log
/home/yichen/Desktop/Gemini_Baseline_Code01/F035.c,cppcheck,True,success,True,0,8,79,error,memleakOnRealloc,Common realloc mistake: 'queue' nulled but not freed upon failure,/home/yichen/Desktop/Gemini_Baseline_Code01/F035.c|79|error|memleakOnRealloc|Common realloc mistake: 'queue' nulled but not freed upon failure,/home/yichen/Desktop/Gemini_Baseline_Results01/logs/F035_cppcheck.log
nofile,cppcheck,True,success,True,0,8,0,information,checkersReport,Active checkers: 113/592 (use --checkers-report=<filename> to see details),nofile|0|information|checkersReport|Active checkers: 113/592 (use --checkers-report=<filename> to see details),/home/yichen/Desktop/Gemini_Baseline_Results01/logs/F035_cppcheck.log
/home/yichen/Desktop/Gemini_Baseline_Code01/F036.c,cppcheck,True,success,True,0,7,2,information,missingIncludeSystem,Include file: <stdio.h> not found. Please note: Cppcheck does not need standard library headers to get proper results.,/home/yichen/Desktop/Gemini_Baseline_Code01/F036.c|2|information|missingIncludeSystem|Include file: <stdio.h> not found. Please note: Cppcheck does not need standard library headers to get proper results.,/home/yichen/Desktop/Gemini_Baseline_Results01/logs/F036_cppcheck.log
/home/yichen/Desktop/Gemini_Baseline_Code01/F036.c,cppcheck,True,success,True,0,7,3,information,missingIncludeSystem,Include file: <stdlib.h> not found. Please note: Cppcheck does not need standard library headers to get proper results.,/home/yichen/Desktop/Gemini_Baseline_Code01/F036.c|3|information|missingIncludeSystem|Include file: <stdlib.h> not found. Please note: Cppcheck does not need standard library headers to get proper results.,/home/yichen/Desktop/Gemini_Baseline_Results01/logs/F036_cppcheck.log
/home/yichen/Desktop/Gemini_Baseline_Code01/F036.c,cppcheck,True,success,True,0,7,4,information,missingIncludeSystem,Include file: <string.h> not found. Please note: Cppcheck does not need standard library headers to get proper results.,/home/yichen/Desktop/Gemini_Baseline_Code01/F036.c|4|information|missingIncludeSystem|Include file: <string.h> not found. Please note: Cppcheck does not need standard library headers to get proper results.,/home/yichen/Desktop/Gemini_Baseline_Results01/logs/F036_cppcheck.log
/home/yichen/Desktop/Gemini_Baseline_Code01/F036.c,cppcheck,True,success,True,0,7,42,error,memleakOnRealloc,Common realloc mistake: 'records' nulled but not freed upon failure,/home/yichen/Desktop/Gemini_Baseline_Code01/F036.c|42|error|memleakOnRealloc|Common realloc mistake: 'records' nulled but not freed upon failure,/home/yichen/Desktop/Gemini_Baseline_Results01/logs/F036_cppcheck.log
/home/yichen/Desktop/Gemini_Baseline_Code01/F036.c,cppcheck,True,success,True,0,7,61,error,memleakOnRealloc,Common realloc mistake: 'records' nulled but not freed upon failure,/home/yichen/Desktop/Gemini_Baseline_Code01/F036.c|61|error|memleakOnRealloc|Common realloc mistake: 'records' nulled but not freed upon failure,/home/yichen/Desktop/Gemini_Baseline_Results01/logs/F036_cppcheck.log
/home/yichen/Desktop/Gemini_Baseline_Code01/F036.c,cppcheck,True,success,True,0,7,37,style,constVariablePointer,Variable 'data_ptr' can be declared as pointer to const,/home/yichen/Desktop/Gemini_Baseline_Code01/F036.c|37|style|constVariablePointer|Variable 'data_ptr' can be declared as pointer to const,/home/yichen/Desktop/Gemini_Baseline_Results01/logs/F036_cppcheck.log
nofile,cppcheck,True,success,True,0,7,0,information,checkersReport,Active checkers: 113/592 (use --checkers-report=<filename> to see details),nofile|0|information|checkersReport|Active checkers: 113/592 (use --checkers-report=<filename> to see details),/home/yichen/Desktop/Gemini_Baseline_Results01/logs/F036_cppcheck.log
/home/yichen/Desktop/Gemini_Baseline_Code01/F037.c,cppcheck,True,success,True,0,6,2,information,missingIncludeSystem,Include file: <stdio.h> not found. Please note: Cppcheck does not need standard library headers to get proper results.,/home/yichen/Desktop/Gemini_Baseline_Code01/F037.c|2|information|missingIncludeSystem|Include file: <stdio.h> not found. Please note: Cppcheck does not need standard library headers to get proper results.,/home/yichen/Desktop/Gemini_Baseline_Results01/logs/F037_cppcheck.log
/home/yichen/Desktop/Gemini_Baseline_Code01/F037.c,cppcheck,True,success,True,0,6,3,information,missingIncludeSystem,Include file: <stdlib.h> not found. Please note: Cppcheck does not need standard library headers to get proper results.,/home/yichen/Desktop/Gemini_Baseline_Code01/F037.c|3|information|missingIncludeSystem|Include file: <stdlib.h> not found. Please note: Cppcheck does not need standard library headers to get proper results.,/home/yichen/Desktop/Gemini_Baseline_Results01/logs/F037_cppcheck.log
/home/yichen/Desktop/Gemini_Baseline_Code01/F037.c,cppcheck,True,success,True,0,6,4,information,missingIncludeSystem,Include file: <string.h> not found. Please note: Cppcheck does not need standard library headers to get proper results.,/home/yichen/Desktop/Gemini_Baseline_Code01/F037.c|4|information|missingIncludeSystem|Include file: <string.h> not found. Please note: Cppcheck does not need standard library headers to get proper results.,/home/yichen/Desktop/Gemini_Baseline_Results01/logs/F037_cppcheck.log
/home/yichen/Desktop/Gemini_Baseline_Code01/F037.c,cppcheck,True,success,True,0,6,46,error,memleakOnRealloc,Common realloc mistake: 'buffers' nulled but not freed upon failure,/home/yichen/Desktop/Gemini_Baseline_Code01/F037.c|46|error|memleakOnRealloc|Common realloc mistake: 'buffers' nulled but not freed upon failure,/home/yichen/Desktop/Gemini_Baseline_Results01/logs/F037_cppcheck.log
/home/yichen/Desktop/Gemini_Baseline_Code01/F037.c,cppcheck,True,success,True,0,6,97,error,memleakOnRealloc,Common realloc mistake: 'buffers' nulled but not freed upon failure,/home/yichen/Desktop/Gemini_Baseline_Code01/F037.c|97|error|memleakOnRealloc|Common realloc mistake: 'buffers' nulled but not freed upon failure,/home/yichen/Desktop/Gemini_Baseline_Results01/logs/F037_cppcheck.log
nofile,cppcheck,True,success,True,0,6,0,information,checkersReport,Active checkers: 113/592 (use --checkers-report=<filename> to see details),nofile|0|information|checkersReport|Active checkers: 113/592 (use --checkers-report=<filename> to see details),/home/yichen/Desktop/Gemini_Baseline_Results01/logs/F037_cppcheck.log
/home/yichen/Desktop/Gemini_Baseline_Code01/F038.c,cppcheck,True,success,True,0,7,2,information,missingIncludeSystem,Include file: <stdio.h> not found. Please note: Cppcheck does not need standard library headers to get proper results.,/home/yichen/Desktop/Gemini_Baseline_Code01/F038.c|2|information|missingIncludeSystem|Include file: <stdio.h> not found. Please note: Cppcheck does not need standard library headers to get proper results.,/home/yichen/Desktop/Gemini_Baseline_Results01/logs/F038_cppcheck.log
/home/yichen/Desktop/Gemini_Baseline_Code01/F038.c,cppcheck,True,success,True,0,7,3,information,missingIncludeSystem,Include file: <stdlib.h> not found. Please note: Cppcheck does not need standard library headers to get proper results.,/home/yichen/Desktop/Gemini_Baseline_Code01/F038.c|3|information|missingIncludeSystem|Include file: <stdlib.h> not found. Please note: Cppcheck does not need standard library headers to get proper results.,/home/yichen/Desktop/Gemini_Baseline_Results01/logs/F038_cppcheck.log
/home/yichen/Desktop/Gemini_Baseline_Code01/F038.c,cppcheck,True,success,True,0,7,4,information,missingIncludeSystem,Include file: <string.h> not found. Please note: Cppcheck does not need standard library headers to get proper results.,/home/yichen/Desktop/Gemini_Baseline_Code01/F038.c|4|information|missingIncludeSystem|Include file: <string.h> not found. Please note: Cppcheck does not need standard library headers to get proper results.,/home/yichen/Desktop/Gemini_Baseline_Results01/logs/F038_cppcheck.log
/home/yichen/Desktop/Gemini_Baseline_Code01/F038.c,cppcheck,True,success,True,0,7,5,information,missingIncludeSystem,Include file: <ctype.h> not found. Please note: Cppcheck does not need standard library headers to get proper results.,/home/yichen/Desktop/Gemini_Baseline_Code01/F038.c|5|information|missingIncludeSystem|Include file: <ctype.h> not found. Please note: Cppcheck does not need standard library headers to get proper results.,/home/yichen/Desktop/Gemini_Baseline_Results01/logs/F038_cppcheck.log
/home/yichen/Desktop/Gemini_Baseline_Code01/F038.c,cppcheck,True,success,True,0,7,54,error,memleakOnRealloc,Common realloc mistake: 'strings' nulled but not freed upon failure,/home/yichen/Desktop/Gemini_Baseline_Code01/F038.c|54|error|memleakOnRealloc|Common realloc mistake: 'strings' nulled but not freed upon failure,/home/yichen/Desktop/Gemini_Baseline_Results01/logs/F038_cppcheck.log
/home/yichen/Desktop/Gemini_Baseline_Code01/F038.c,cppcheck,True,success,True,0,7,95,error,memleakOnRealloc,Common realloc mistake: 'strings' nulled but not freed upon failure,/home/yichen/Desktop/Gemini_Baseline_Code01/F038.c|95|error|memleakOnRealloc|Common realloc mistake: 'strings' nulled but not freed upon failure,/home/yichen/Desktop/Gemini_Baseline_Results01/logs/F038_cppcheck.log
nofile,cppcheck,True,success,True,0,7,0,information,checkersReport,Active checkers: 113/592 (use --checkers-report=<filename> to see details),nofile|0|information|checkersReport|Active checkers: 113/592 (use --checkers-report=<filename> to see details),/home/yichen/Desktop/Gemini_Baseline_Results01/logs/F038_cppcheck.log
/home/yichen/Desktop/Gemini_Baseline_Code01/F039.c,cppcheck,True,success,True,0,6,2,information,missingIncludeSystem,Include file: <stdio.h> not found. Please note: Cppcheck does not need standard library headers to get proper results.,/home/yichen/Desktop/Gemini_Baseline_Code01/F039.c|2|information|missingIncludeSystem|Include file: <stdio.h> not found. Please note: Cppcheck does not need standard library headers to get proper results.,/home/yichen/Desktop/Gemini_Baseline_Results01/logs/F039_cppcheck.log
/home/yichen/Desktop/Gemini_Baseline_Code01/F039.c,cppcheck,True,success,True,0,6,3,information,missingIncludeSystem,Include file: <stdlib.h> not found. Please note: Cppcheck does not need standard library headers to get proper results.,/home/yichen/Desktop/Gemini_Baseline_Code01/F039.c|3|information|missingIncludeSystem|Include file: <stdlib.h> not found. Please note: Cppcheck does not need standard library headers to get proper results.,/home/yichen/Desktop/Gemini_Baseline_Results01/logs/F039_cppcheck.log
/home/yichen/Desktop/Gemini_Baseline_Code01/F039.c,cppcheck,True,success,True,0,6,4,information,missingIncludeSystem,Include file: <string.h> not found. Please note: Cppcheck does not need standard library headers to get proper results.,/home/yichen/Desktop/Gemini_Baseline_Code01/F039.c|4|information|missingIncludeSystem|Include file: <string.h> not found. Please note: Cppcheck does not need standard library headers to get proper results.,/home/yichen/Desktop/Gemini_Baseline_Results01/logs/F039_cppcheck.log
/home/yichen/Desktop/Gemini_Baseline_Code01/F039.c,cppcheck,True,success,True,0,6,34,error,memleakOnRealloc,Common realloc mistake: 'tables' nulled but not freed upon failure,/home/yichen/Desktop/Gemini_Baseline_Code01/F039.c|34|error|memleakOnRealloc|Common realloc mistake: 'tables' nulled but not freed upon failure,/home/yichen/Desktop/Gemini_Baseline_Results01/logs/F039_cppcheck.log
/home/yichen/Desktop/Gemini_Baseline_Code01/F039.c,cppcheck,True,success,True,0,6,94,error,memleakOnRealloc,Common realloc mistake: 'tables' nulled but not freed upon failure,/home/yichen/Desktop/Gemini_Baseline_Code01/F039.c|94|error|memleakOnRealloc|Common realloc mistake: 'tables' nulled but not freed upon failure,/home/yichen/Desktop/Gemini_Baseline_Results01/logs/F039_cppcheck.log
nofile,cppcheck,True,success,True,0,6,0,information,checkersReport,Active checkers: 113/592 (use --checkers-report=<filename> to see details),nofile|0|information|checkersReport|Active checkers: 113/592 (use --checkers-report=<filename> to see details),/home/yichen/Desktop/Gemini_Baseline_Results01/logs/F039_cppcheck.log
/home/yichen/Desktop/Gemini_Baseline_Code01/F040.c,cppcheck,True,success,True,0,6,2,information,missingIncludeSystem,Include file: <stdio.h> not found. Please note: Cppcheck does not need standard library headers to get proper results.,/home/yichen/Desktop/Gemini_Baseline_Code01/F040.c|2|information|missingIncludeSystem|Include file: <stdio.h> not found. Please note: Cppcheck does not need standard library headers to get proper results.,/home/yichen/Desktop/Gemini_Baseline_Results01/logs/F040_cppcheck.log
/home/yichen/Desktop/Gemini_Baseline_Code01/F040.c,cppcheck,True,success,True,0,6,3,information,missingIncludeSystem,Include file: <stdlib.h> not found. Please note: Cppcheck does not need standard library headers to get proper results.,/home/yichen/Desktop/Gemini_Baseline_Code01/F040.c|3|information|missingIncludeSystem|Include file: <stdlib.h> not found. Please note: Cppcheck does not need standard library headers to get proper results.,/home/yichen/Desktop/Gemini_Baseline_Results01/logs/F040_cppcheck.log
/home/yichen/Desktop/Gemini_Baseline_Code01/F040.c,cppcheck,True,success,True,0,6,4,information,missingIncludeSystem,Include file: <string.h> not found. Please note: Cppcheck does not need standard library headers to get proper results.,/home/yichen/Desktop/Gemini_Baseline_Code01/F040.c|4|information|missingIncludeSystem|Include file: <string.h> not found. Please note: Cppcheck does not need standard library headers to get proper results.,/home/yichen/Desktop/Gemini_Baseline_Results01/logs/F040_cppcheck.log
/home/yichen/Desktop/Gemini_Baseline_Code01/F040.c,cppcheck,True,success,True,0,6,34,error,memleakOnRealloc,Common realloc mistake: 'cache' nulled but not freed upon failure,/home/yichen/Desktop/Gemini_Baseline_Code01/F040.c|34|error|memleakOnRealloc|Common realloc mistake: 'cache' nulled but not freed upon failure,/home/yichen/Desktop/Gemini_Baseline_Results01/logs/F040_cppcheck.log
/home/yichen/Desktop/Gemini_Baseline_Code01/F040.c,cppcheck,True,success,True,0,6,54,error,memleakOnRealloc,Common realloc mistake: 'cache' nulled but not freed upon failure,/home/yichen/Desktop/Gemini_Baseline_Code01/F040.c|54|error|memleakOnRealloc|Common realloc mistake: 'cache' nulled but not freed upon failure,/home/yichen/Desktop/Gemini_Baseline_Results01/logs/F040_cppcheck.log
nofile,cppcheck,True,success,True,0,6,0,information,checkersReport,Active checkers: 113/592 (use --checkers-report=<filename> to see details),nofile|0|information|checkersReport|Active checkers: 113/592 (use --checkers-report=<filename> to see details),/home/yichen/Desktop/Gemini_Baseline_Results01/logs/F040_cppcheck.log
