file,tool,attempted,status,success,returncode,finding_count,line,severity,check_id,message,evidence,log_path
/home/yichen/Desktop/Deepseek_Baseline_Code06/F001.c,cppcheck,True,success,True,0,6,2,information,missingIncludeSystem,Include file: <stdio.h> not found. Please note: Cppcheck does not need standard library headers to get proper results.,/home/yichen/Desktop/Deepseek_Baseline_Code06/F001.c|2|information|missingIncludeSystem|Include file: <stdio.h> not found. Please note: Cppcheck does not need standard library headers to get proper results.,/home/yichen/Desktop/Deepseek_Baseline_Results06/logs/F001_cppcheck.log
/home/yichen/Desktop/Deepseek_Baseline_Code06/F001.c,cppcheck,True,success,True,0,6,3,information,missingIncludeSystem,Include file: <stdlib.h> not found. Please note: Cppcheck does not need standard library headers to get proper results.,/home/yichen/Desktop/Deepseek_Baseline_Code06/F001.c|3|information|missingIncludeSystem|Include file: <stdlib.h> not found. Please note: Cppcheck does not need standard library headers to get proper results.,/home/yichen/Desktop/Deepseek_Baseline_Results06/logs/F001_cppcheck.log
/home/yichen/Desktop/Deepseek_Baseline_Code06/F001.c,cppcheck,True,success,True,0,6,4,information,missingIncludeSystem,Include file: <string.h> not found. Please note: Cppcheck does not need standard library headers to get proper results.,/home/yichen/Desktop/Deepseek_Baseline_Code06/F001.c|4|information|missingIncludeSystem|Include file: <string.h> not found. Please note: Cppcheck does not need standard library headers to get proper results.,/home/yichen/Desktop/Deepseek_Baseline_Results06/logs/F001_cppcheck.log
/home/yichen/Desktop/Deepseek_Baseline_Code06/F001.c,cppcheck,True,success,True,0,6,118,style,knownConditionTrueFalse,Condition 'n==1' is always false,/home/yichen/Desktop/Deepseek_Baseline_Code06/F001.c|118|style|knownConditionTrueFalse|Condition 'n==1' is always false,/home/yichen/Desktop/Deepseek_Baseline_Results06/logs/F001_cppcheck.log
/home/yichen/Desktop/Deepseek_Baseline_Code06/F001.c,cppcheck,True,success,True,0,6,106,warning,invalidscanf,sscanf() without field width limits can crash with huge input data.,/home/yichen/Desktop/Deepseek_Baseline_Code06/F001.c|106|warning|invalidscanf|sscanf() without field width limits can crash with huge input data.,/home/yichen/Desktop/Deepseek_Baseline_Results06/logs/F001_cppcheck.log
nofile,cppcheck,True,success,True,0,6,0,information,checkersReport,Active checkers: 113/592 (use --checkers-report=<filename> to see details),nofile|0|information|checkersReport|Active checkers: 113/592 (use --checkers-report=<filename> to see details),/home/yichen/Desktop/Deepseek_Baseline_Results06/logs/F001_cppcheck.log
/home/yichen/Desktop/Deepseek_Baseline_Code06/F002.c,cppcheck,True,success,True,0,8,2,information,missingIncludeSystem,Include file: <stdio.h> not found. Please note: Cppcheck does not need standard library headers to get proper results.,/home/yichen/Desktop/Deepseek_Baseline_Code06/F002.c|2|information|missingIncludeSystem|Include file: <stdio.h> not found. Please note: Cppcheck does not need standard library headers to get proper results.,/home/yichen/Desktop/Deepseek_Baseline_Results06/logs/F002_cppcheck.log
/home/yichen/Desktop/Deepseek_Baseline_Code06/F002.c,cppcheck,True,success,True,0,8,3,information,missingIncludeSystem,Include file: <stdlib.h> not found. Please note: Cppcheck does not need standard library headers to get proper results.,/home/yichen/Desktop/Deepseek_Baseline_Code06/F002.c|3|information|missingIncludeSystem|Include file: <stdlib.h> not found. Please note: Cppcheck does not need standard library headers to get proper results.,/home/yichen/Desktop/Deepseek_Baseline_Results06/logs/F002_cppcheck.log
/home/yichen/Desktop/Deepseek_Baseline_Code06/F002.c,cppcheck,True,success,True,0,8,4,information,missingIncludeSystem,Include file: <string.h> not found. Please note: Cppcheck does not need standard library headers to get proper results.,/home/yichen/Desktop/Deepseek_Baseline_Code06/F002.c|4|information|missingIncludeSystem|Include file: <string.h> not found. Please note: Cppcheck does not need standard library headers to get proper results.,/home/yichen/Desktop/Deepseek_Baseline_Results06/logs/F002_cppcheck.log
/home/yichen/Desktop/Deepseek_Baseline_Code06/F002.c,cppcheck,True,success,True,0,8,98,warning,invalidscanf,sscanf() without field width limits can crash with huge input data.,/home/yichen/Desktop/Deepseek_Baseline_Code06/F002.c|98|warning|invalidscanf|sscanf() without field width limits can crash with huge input data.,/home/yichen/Desktop/Deepseek_Baseline_Results06/logs/F002_cppcheck.log
/home/yichen/Desktop/Deepseek_Baseline_Code06/F002.c,cppcheck,True,success,True,0,8,102,warning,invalidscanf,sscanf() without field width limits can crash with huge input data.,/home/yichen/Desktop/Deepseek_Baseline_Code06/F002.c|102|warning|invalidscanf|sscanf() without field width limits can crash with huge input data.,/home/yichen/Desktop/Deepseek_Baseline_Results06/logs/F002_cppcheck.log
/home/yichen/Desktop/Deepseek_Baseline_Code06/F002.c,cppcheck,True,success,True,0,8,35,style,constVariablePointer,Variable 'm1' can be declared as pointer to const,/home/yichen/Desktop/Deepseek_Baseline_Code06/F002.c|35|style|constVariablePointer|Variable 'm1' can be declared as pointer to const,/home/yichen/Desktop/Deepseek_Baseline_Results06/logs/F002_cppcheck.log
/home/yichen/Desktop/Deepseek_Baseline_Code06/F002.c,cppcheck,True,success,True,0,8,36,style,constVariablePointer,Variable 'm2' can be declared as pointer to const,/home/yichen/Desktop/Deepseek_Baseline_Code06/F002.c|36|style|constVariablePointer|Variable 'm2' can be declared as pointer to const,/home/yichen/Desktop/Deepseek_Baseline_Results06/logs/F002_cppcheck.log
nofile,cppcheck,True,success,True,0,8,0,information,checkersReport,Active checkers: 113/592 (use --checkers-report=<filename> to see details),nofile|0|information|checkersReport|Active checkers: 113/592 (use --checkers-report=<filename> to see details),/home/yichen/Desktop/Deepseek_Baseline_Results06/logs/F002_cppcheck.log
/home/yichen/Desktop/Deepseek_Baseline_Code06/F003.c,cppcheck,True,success,True,0,5,2,information,missingIncludeSystem,Include file: <stdio.h> not found. Please note: Cppcheck does not need standard library headers to get proper results.,/home/yichen/Desktop/Deepseek_Baseline_Code06/F003.c|2|information|missingIncludeSystem|Include file: <stdio.h> not found. Please note: Cppcheck does not need standard library headers to get proper results.,/home/yichen/Desktop/Deepseek_Baseline_Results06/logs/F003_cppcheck.log
/home/yichen/Desktop/Deepseek_Baseline_Code06/F003.c,cppcheck,True,success,True,0,5,3,information,missingIncludeSystem,Include file: <stdlib.h> not found. Please note: Cppcheck does not need standard library headers to get proper results.,/home/yichen/Desktop/Deepseek_Baseline_Code06/F003.c|3|information|missingIncludeSystem|Include file: <stdlib.h> not found. Please note: Cppcheck does not need standard library headers to get proper results.,/home/yichen/Desktop/Deepseek_Baseline_Results06/logs/F003_cppcheck.log
/home/yichen/Desktop/Deepseek_Baseline_Code06/F003.c,cppcheck,True,success,True,0,5,4,information,missingIncludeSystem,Include file: <string.h> not found. Please note: Cppcheck does not need standard library headers to get proper results.,/home/yichen/Desktop/Deepseek_Baseline_Code06/F003.c|4|information|missingIncludeSystem|Include file: <string.h> not found. Please note: Cppcheck does not need standard library headers to get proper results.,/home/yichen/Desktop/Deepseek_Baseline_Results06/logs/F003_cppcheck.log
/home/yichen/Desktop/Deepseek_Baseline_Code06/F003.c,cppcheck,True,success,True,0,5,95,warning,invalidscanf,sscanf() without field width limits can crash with huge input data.,/home/yichen/Desktop/Deepseek_Baseline_Code06/F003.c|95|warning|invalidscanf|sscanf() without field width limits can crash with huge input data.,/home/yichen/Desktop/Deepseek_Baseline_Results06/logs/F003_cppcheck.log
nofile,cppcheck,True,success,True,0,5,0,information,checkersReport,Active checkers: 113/592 (use --checkers-report=<filename> to see details),nofile|0|information|checkersReport|Active checkers: 113/592 (use --checkers-report=<filename> to see details),/home/yichen/Desktop/Deepseek_Baseline_Results06/logs/F003_cppcheck.log
/home/yichen/Desktop/Deepseek_Baseline_Code06/F004.c,cppcheck,True,success,True,0,8,2,information,missingIncludeSystem,Include file: <stdio.h> not found. Please note: Cppcheck does not need standard library headers to get proper results.,/home/yichen/Desktop/Deepseek_Baseline_Code06/F004.c|2|information|missingIncludeSystem|Include file: <stdio.h> not found. Please note: Cppcheck does not need standard library headers to get proper results.,/home/yichen/Desktop/Deepseek_Baseline_Results06/logs/F004_cppcheck.log
/home/yichen/Desktop/Deepseek_Baseline_Code06/F004.c,cppcheck,True,success,True,0,8,3,information,missingIncludeSystem,Include file: <stdlib.h> not found. Please note: Cppcheck does not need standard library headers to get proper results.,/home/yichen/Desktop/Deepseek_Baseline_Code06/F004.c|3|information|missingIncludeSystem|Include file: <stdlib.h> not found. Please note: Cppcheck does not need standard library headers to get proper results.,/home/yichen/Desktop/Deepseek_Baseline_Results06/logs/F004_cppcheck.log
/home/yichen/Desktop/Deepseek_Baseline_Code06/F004.c,cppcheck,True,success,True,0,8,4,information,missingIncludeSystem,Include file: <string.h> not found. Please note: Cppcheck does not need standard library headers to get proper results.,/home/yichen/Desktop/Deepseek_Baseline_Code06/F004.c|4|information|missingIncludeSystem|Include file: <string.h> not found. Please note: Cppcheck does not need standard library headers to get proper results.,/home/yichen/Desktop/Deepseek_Baseline_Results06/logs/F004_cppcheck.log
/home/yichen/Desktop/Deepseek_Baseline_Code06/F004.c,cppcheck,True,success,True,0,8,102,warning,invalidscanf,sscanf() without field width limits can crash with huge input data.,/home/yichen/Desktop/Deepseek_Baseline_Code06/F004.c|102|warning|invalidscanf|sscanf() without field width limits can crash with huge input data.,/home/yichen/Desktop/Deepseek_Baseline_Results06/logs/F004_cppcheck.log
/home/yichen/Desktop/Deepseek_Baseline_Code06/F004.c,cppcheck,True,success,True,0,8,109,warning,invalidscanf,sscanf() without field width limits can crash with huge input data.,/home/yichen/Desktop/Deepseek_Baseline_Code06/F004.c|109|warning|invalidscanf|sscanf() without field width limits can crash with huge input data.,/home/yichen/Desktop/Deepseek_Baseline_Results06/logs/F004_cppcheck.log
/home/yichen/Desktop/Deepseek_Baseline_Code06/F004.c,cppcheck,True,success,True,0,8,62,style,constVariablePointer,Variable 'key' can be declared as pointer to const,/home/yichen/Desktop/Deepseek_Baseline_Code06/F004.c|62|style|constVariablePointer|Variable 'key' can be declared as pointer to const,/home/yichen/Desktop/Deepseek_Baseline_Results06/logs/F004_cppcheck.log
/home/yichen/Desktop/Deepseek_Baseline_Code06/F004.c,cppcheck,True,success,True,0,8,63,style,constVariablePointer,Variable 'v' can be declared as pointer to const,/home/yichen/Desktop/Deepseek_Baseline_Code06/F004.c|63|style|constVariablePointer|Variable 'v' can be declared as pointer to const,/home/yichen/Desktop/Deepseek_Baseline_Results06/logs/F004_cppcheck.log
nofile,cppcheck,True,success,True,0,8,0,information,checkersReport,Active checkers: 113/592 (use --checkers-report=<filename> to see details),nofile|0|information|checkersReport|Active checkers: 113/592 (use --checkers-report=<filename> to see details),/home/yichen/Desktop/Deepseek_Baseline_Results06/logs/F004_cppcheck.log
/home/yichen/Desktop/Deepseek_Baseline_Code06/F005.c,cppcheck,True,success,True,0,6,2,information,missingIncludeSystem,Include file: <stdio.h> not found. Please note: Cppcheck does not need standard library headers to get proper results.,/home/yichen/Desktop/Deepseek_Baseline_Code06/F005.c|2|information|missingIncludeSystem|Include file: <stdio.h> not found. Please note: Cppcheck does not need standard library headers to get proper results.,/home/yichen/Desktop/Deepseek_Baseline_Results06/logs/F005_cppcheck.log
/home/yichen/Desktop/Deepseek_Baseline_Code06/F005.c,cppcheck,True,success,True,0,6,3,information,missingIncludeSystem,Include file: <stdlib.h> not found. Please note: Cppcheck does not need standard library headers to get proper results.,/home/yichen/Desktop/Deepseek_Baseline_Code06/F005.c|3|information|missingIncludeSystem|Include file: <stdlib.h> not found. Please note: Cppcheck does not need standard library headers to get proper results.,/home/yichen/Desktop/Deepseek_Baseline_Results06/logs/F005_cppcheck.log
/home/yichen/Desktop/Deepseek_Baseline_Code06/F005.c,cppcheck,True,success,True,0,6,4,information,missingIncludeSystem,Include file: <string.h> not found. Please note: Cppcheck does not need standard library headers to get proper results.,/home/yichen/Desktop/Deepseek_Baseline_Code06/F005.c|4|information|missingIncludeSystem|Include file: <string.h> not found. Please note: Cppcheck does not need standard library headers to get proper results.,/home/yichen/Desktop/Deepseek_Baseline_Results06/logs/F005_cppcheck.log
/home/yichen/Desktop/Deepseek_Baseline_Code06/F005.c,cppcheck,True,success,True,0,6,85,warning,invalidscanf,sscanf() without field width limits can crash with huge input data.,/home/yichen/Desktop/Deepseek_Baseline_Code06/F005.c|85|warning|invalidscanf|sscanf() without field width limits can crash with huge input data.,/home/yichen/Desktop/Deepseek_Baseline_Results06/logs/F005_cppcheck.log
/home/yichen/Desktop/Deepseek_Baseline_Code06/F005.c,cppcheck,True,success,True,0,6,90,warning,invalidscanf,sscanf() without field width limits can crash with huge input data.,/home/yichen/Desktop/Deepseek_Baseline_Code06/F005.c|90|warning|invalidscanf|sscanf() without field width limits can crash with huge input data.,/home/yichen/Desktop/Deepseek_Baseline_Results06/logs/F005_cppcheck.log
nofile,cppcheck,True,success,True,0,6,0,information,checkersReport,Active checkers: 113/592 (use --checkers-report=<filename> to see details),nofile|0|information|checkersReport|Active checkers: 113/592 (use --checkers-report=<filename> to see details),/home/yichen/Desktop/Deepseek_Baseline_Results06/logs/F005_cppcheck.log
/home/yichen/Desktop/Deepseek_Baseline_Code06/F006.c,cppcheck,True,success,True,0,5,2,information,missingIncludeSystem,Include file: <stdio.h> not found. Please note: Cppcheck does not need standard library headers to get proper results.,/home/yichen/Desktop/Deepseek_Baseline_Code06/F006.c|2|information|missingIncludeSystem|Include file: <stdio.h> not found. Please note: Cppcheck does not need standard library headers to get proper results.,/home/yichen/Desktop/Deepseek_Baseline_Results06/logs/F006_cppcheck.log
/home/yichen/Desktop/Deepseek_Baseline_Code06/F006.c,cppcheck,True,success,True,0,5,3,information,missingIncludeSystem,Include file: <stdlib.h> not found. Please note: Cppcheck does not need standard library headers to get proper results.,/home/yichen/Desktop/Deepseek_Baseline_Code06/F006.c|3|information|missingIncludeSystem|Include file: <stdlib.h> not found. Please note: Cppcheck does not need standard library headers to get proper results.,/home/yichen/Desktop/Deepseek_Baseline_Results06/logs/F006_cppcheck.log
/home/yichen/Desktop/Deepseek_Baseline_Code06/F006.c,cppcheck,True,success,True,0,5,4,information,missingIncludeSystem,Include file: <string.h> not found. Please note: Cppcheck does not need standard library headers to get proper results.,/home/yichen/Desktop/Deepseek_Baseline_Code06/F006.c|4|information|missingIncludeSystem|Include file: <string.h> not found. Please note: Cppcheck does not need standard library headers to get proper results.,/home/yichen/Desktop/Deepseek_Baseline_Results06/logs/F006_cppcheck.log
/home/yichen/Desktop/Deepseek_Baseline_Code06/F006.c,cppcheck,True,success,True,0,5,63,style,constVariablePointer,Variable 'i' can be declared as pointer to const,/home/yichen/Desktop/Deepseek_Baseline_Code06/F006.c|63|style|constVariablePointer|Variable 'i' can be declared as pointer to const,/home/yichen/Desktop/Deepseek_Baseline_Results06/logs/F006_cppcheck.log
nofile,cppcheck,True,success,True,0,5,0,information,checkersReport,Active checkers: 113/592 (use --checkers-report=<filename> to see details),nofile|0|information|checkersReport|Active checkers: 113/592 (use --checkers-report=<filename> to see details),/home/yichen/Desktop/Deepseek_Baseline_Results06/logs/F006_cppcheck.log
/home/yichen/Desktop/Deepseek_Baseline_Code06/F007.c,cppcheck,True,success,True,0,6,2,information,missingIncludeSystem,Include file: <stdio.h> not found. Please note: Cppcheck does not need standard library headers to get proper results.,/home/yichen/Desktop/Deepseek_Baseline_Code06/F007.c|2|information|missingIncludeSystem|Include file: <stdio.h> not found. Please note: Cppcheck does not need standard library headers to get proper results.,/home/yichen/Desktop/Deepseek_Baseline_Results06/logs/F007_cppcheck.log
/home/yichen/Desktop/Deepseek_Baseline_Code06/F007.c,cppcheck,True,success,True,0,6,3,information,missingIncludeSystem,Include file: <stdlib.h> not found. Please note: Cppcheck does not need standard library headers to get proper results.,/home/yichen/Desktop/Deepseek_Baseline_Code06/F007.c|3|information|missingIncludeSystem|Include file: <stdlib.h> not found. Please note: Cppcheck does not need standard library headers to get proper results.,/home/yichen/Desktop/Deepseek_Baseline_Results06/logs/F007_cppcheck.log
/home/yichen/Desktop/Deepseek_Baseline_Code06/F007.c,cppcheck,True,success,True,0,6,4,information,missingIncludeSystem,Include file: <string.h> not found. Please note: Cppcheck does not need standard library headers to get proper results.,/home/yichen/Desktop/Deepseek_Baseline_Code06/F007.c|4|information|missingIncludeSystem|Include file: <string.h> not found. Please note: Cppcheck does not need standard library headers to get proper results.,/home/yichen/Desktop/Deepseek_Baseline_Results06/logs/F007_cppcheck.log
/home/yichen/Desktop/Deepseek_Baseline_Code06/F007.c,cppcheck,True,success,True,0,6,112,warning,invalidscanf,sscanf() without field width limits can crash with huge input data.,/home/yichen/Desktop/Deepseek_Baseline_Code06/F007.c|112|warning|invalidscanf|sscanf() without field width limits can crash with huge input data.,/home/yichen/Desktop/Deepseek_Baseline_Results06/logs/F007_cppcheck.log
/home/yichen/Desktop/Deepseek_Baseline_Code06/F007.c,cppcheck,True,success,True,0,6,47,style,constVariablePointer,Variable 'earliest' can be declared as pointer to const,/home/yichen/Desktop/Deepseek_Baseline_Code06/F007.c|47|style|constVariablePointer|Variable 'earliest' can be declared as pointer to const,/home/yichen/Desktop/Deepseek_Baseline_Results06/logs/F007_cppcheck.log
nofile,cppcheck,True,success,True,0,6,0,information,checkersReport,Active checkers: 113/592 (use --checkers-report=<filename> to see details),nofile|0|information|checkersReport|Active checkers: 113/592 (use --checkers-report=<filename> to see details),/home/yichen/Desktop/Deepseek_Baseline_Results06/logs/F007_cppcheck.log
/home/yichen/Desktop/Deepseek_Baseline_Code06/F008.c,cppcheck,True,success,True,0,5,2,information,missingIncludeSystem,Include file: <stdio.h> not found. Please note: Cppcheck does not need standard library headers to get proper results.,/home/yichen/Desktop/Deepseek_Baseline_Code06/F008.c|2|information|missingIncludeSystem|Include file: <stdio.h> not found. Please note: Cppcheck does not need standard library headers to get proper results.,/home/yichen/Desktop/Deepseek_Baseline_Results06/logs/F008_cppcheck.log
/home/yichen/Desktop/Deepseek_Baseline_Code06/F008.c,cppcheck,True,success,True,0,5,3,information,missingIncludeSystem,Include file: <stdlib.h> not found. Please note: Cppcheck does not need standard library headers to get proper results.,/home/yichen/Desktop/Deepseek_Baseline_Code06/F008.c|3|information|missingIncludeSystem|Include file: <stdlib.h> not found. Please note: Cppcheck does not need standard library headers to get proper results.,/home/yichen/Desktop/Deepseek_Baseline_Results06/logs/F008_cppcheck.log
/home/yichen/Desktop/Deepseek_Baseline_Code06/F008.c,cppcheck,True,success,True,0,5,4,information,missingIncludeSystem,Include file: <string.h> not found. Please note: Cppcheck does not need standard library headers to get proper results.,/home/yichen/Desktop/Deepseek_Baseline_Code06/F008.c|4|information|missingIncludeSystem|Include file: <string.h> not found. Please note: Cppcheck does not need standard library headers to get proper results.,/home/yichen/Desktop/Deepseek_Baseline_Results06/logs/F008_cppcheck.log
/home/yichen/Desktop/Deepseek_Baseline_Code06/F008.c,cppcheck,True,success,True,0,5,94,warning,invalidscanf,sscanf() without field width limits can crash with huge input data.,/home/yichen/Desktop/Deepseek_Baseline_Code06/F008.c|94|warning|invalidscanf|sscanf() without field width limits can crash with huge input data.,/home/yichen/Desktop/Deepseek_Baseline_Results06/logs/F008_cppcheck.log
nofile,cppcheck,True,success,True,0,5,0,information,checkersReport,Active checkers: 113/592 (use --checkers-report=<filename> to see details),nofile|0|information|checkersReport|Active checkers: 113/592 (use --checkers-report=<filename> to see details),/home/yichen/Desktop/Deepseek_Baseline_Results06/logs/F008_cppcheck.log
/home/yichen/Desktop/Deepseek_Baseline_Code06/F009.c,cppcheck,True,success,True,0,5,2,information,missingIncludeSystem,Include file: <stdio.h> not found. Please note: Cppcheck does not need standard library headers to get proper results.,/home/yichen/Desktop/Deepseek_Baseline_Code06/F009.c|2|information|missingIncludeSystem|Include file: <stdio.h> not found. Please note: Cppcheck does not need standard library headers to get proper results.,/home/yichen/Desktop/Deepseek_Baseline_Results06/logs/F009_cppcheck.log
/home/yichen/Desktop/Deepseek_Baseline_Code06/F009.c,cppcheck,True,success,True,0,5,3,information,missingIncludeSystem,Include file: <stdlib.h> not found. Please note: Cppcheck does not need standard library headers to get proper results.,/home/yichen/Desktop/Deepseek_Baseline_Code06/F009.c|3|information|missingIncludeSystem|Include file: <stdlib.h> not found. Please note: Cppcheck does not need standard library headers to get proper results.,/home/yichen/Desktop/Deepseek_Baseline_Results06/logs/F009_cppcheck.log
/home/yichen/Desktop/Deepseek_Baseline_Code06/F009.c,cppcheck,True,success,True,0,5,4,information,missingIncludeSystem,Include file: <string.h> not found. Please note: Cppcheck does not need standard library headers to get proper results.,/home/yichen/Desktop/Deepseek_Baseline_Code06/F009.c|4|information|missingIncludeSystem|Include file: <string.h> not found. Please note: Cppcheck does not need standard library headers to get proper results.,/home/yichen/Desktop/Deepseek_Baseline_Results06/logs/F009_cppcheck.log
/home/yichen/Desktop/Deepseek_Baseline_Code06/F009.c,cppcheck,True,success,True,0,5,141,warning,invalidscanf,sscanf() without field width limits can crash with huge input data.,/home/yichen/Desktop/Deepseek_Baseline_Code06/F009.c|141|warning|invalidscanf|sscanf() without field width limits can crash with huge input data.,/home/yichen/Desktop/Deepseek_Baseline_Results06/logs/F009_cppcheck.log
nofile,cppcheck,True,success,True,0,5,0,information,checkersReport,Active checkers: 113/592 (use --checkers-report=<filename> to see details),nofile|0|information|checkersReport|Active checkers: 113/592 (use --checkers-report=<filename> to see details),/home/yichen/Desktop/Deepseek_Baseline_Results06/logs/F009_cppcheck.log
/home/yichen/Desktop/Deepseek_Baseline_Code06/F010.c,cppcheck,True,success,True,0,5,2,information,missingIncludeSystem,Include file: <stdio.h> not found. Please note: Cppcheck does not need standard library headers to get proper results.,/home/yichen/Desktop/Deepseek_Baseline_Code06/F010.c|2|information|missingIncludeSystem|Include file: <stdio.h> not found. Please note: Cppcheck does not need standard library headers to get proper results.,/home/yichen/Desktop/Deepseek_Baseline_Results06/logs/F010_cppcheck.log
/home/yichen/Desktop/Deepseek_Baseline_Code06/F010.c,cppcheck,True,success,True,0,5,3,information,missingIncludeSystem,Include file: <stdlib.h> not found. Please note: Cppcheck does not need standard library headers to get proper results.,/home/yichen/Desktop/Deepseek_Baseline_Code06/F010.c|3|information|missingIncludeSystem|Include file: <stdlib.h> not found. Please note: Cppcheck does not need standard library headers to get proper results.,/home/yichen/Desktop/Deepseek_Baseline_Results06/logs/F010_cppcheck.log
/home/yichen/Desktop/Deepseek_Baseline_Code06/F010.c,cppcheck,True,success,True,0,5,4,information,missingIncludeSystem,Include file: <string.h> not found. Please note: Cppcheck does not need standard library headers to get proper results.,/home/yichen/Desktop/Deepseek_Baseline_Code06/F010.c|4|information|missingIncludeSystem|Include file: <string.h> not found. Please note: Cppcheck does not need standard library headers to get proper results.,/home/yichen/Desktop/Deepseek_Baseline_Results06/logs/F010_cppcheck.log
/home/yichen/Desktop/Deepseek_Baseline_Code06/F010.c,cppcheck,True,success,True,0,5,122,warning,invalidscanf,sscanf() without field width limits can crash with huge input data.,/home/yichen/Desktop/Deepseek_Baseline_Code06/F010.c|122|warning|invalidscanf|sscanf() without field width limits can crash with huge input data.,/home/yichen/Desktop/Deepseek_Baseline_Results06/logs/F010_cppcheck.log
nofile,cppcheck,True,success,True,0,5,0,information,checkersReport,Active checkers: 113/592 (use --checkers-report=<filename> to see details),nofile|0|information|checkersReport|Active checkers: 113/592 (use --checkers-report=<filename> to see details),/home/yichen/Desktop/Deepseek_Baseline_Results06/logs/F010_cppcheck.log
/home/yichen/Desktop/Deepseek_Baseline_Code06/F011.c,cppcheck,True,success,True,0,6,2,information,missingIncludeSystem,Include file: <stdio.h> not found. Please note: Cppcheck does not need standard library headers to get proper results.,/home/yichen/Desktop/Deepseek_Baseline_Code06/F011.c|2|information|missingIncludeSystem|Include file: <stdio.h> not found. Please note: Cppcheck does not need standard library headers to get proper results.,/home/yichen/Desktop/Deepseek_Baseline_Results06/logs/F011_cppcheck.log
/home/yichen/Desktop/Deepseek_Baseline_Code06/F011.c,cppcheck,True,success,True,0,6,3,information,missingIncludeSystem,Include file: <stdlib.h> not found. Please note: Cppcheck does not need standard library headers to get proper results.,/home/yichen/Desktop/Deepseek_Baseline_Code06/F011.c|3|information|missingIncludeSystem|Include file: <stdlib.h> not found. Please note: Cppcheck does not need standard library headers to get proper results.,/home/yichen/Desktop/Deepseek_Baseline_Results06/logs/F011_cppcheck.log
/home/yichen/Desktop/Deepseek_Baseline_Code06/F011.c,cppcheck,True,success,True,0,6,4,information,missingIncludeSystem,Include file: <string.h> not found. Please note: Cppcheck does not need standard library headers to get proper results.,/home/yichen/Desktop/Deepseek_Baseline_Code06/F011.c|4|information|missingIncludeSystem|Include file: <string.h> not found. Please note: Cppcheck does not need standard library headers to get proper results.,/home/yichen/Desktop/Deepseek_Baseline_Results06/logs/F011_cppcheck.log
/home/yichen/Desktop/Deepseek_Baseline_Code06/F011.c,cppcheck,True,success,True,0,6,107,warning,invalidscanf,sscanf() without field width limits can crash with huge input data.,/home/yichen/Desktop/Deepseek_Baseline_Code06/F011.c|107|warning|invalidscanf|sscanf() without field width limits can crash with huge input data.,/home/yichen/Desktop/Deepseek_Baseline_Results06/logs/F011_cppcheck.log
/home/yichen/Desktop/Deepseek_Baseline_Code06/F011.c,cppcheck,True,success,True,0,6,73,style,constVariablePointer,Variable 'd' can be declared as pointer to const,/home/yichen/Desktop/Deepseek_Baseline_Code06/F011.c|73|style|constVariablePointer|Variable 'd' can be declared as pointer to const,/home/yichen/Desktop/Deepseek_Baseline_Results06/logs/F011_cppcheck.log
nofile,cppcheck,True,success,True,0,6,0,information,checkersReport,Active checkers: 113/592 (use --checkers-report=<filename> to see details),nofile|0|information|checkersReport|Active checkers: 113/592 (use --checkers-report=<filename> to see details),/home/yichen/Desktop/Deepseek_Baseline_Results06/logs/F011_cppcheck.log
/home/yichen/Desktop/Deepseek_Baseline_Code06/F012.c,cppcheck,True,success,True,0,6,2,information,missingIncludeSystem,Include file: <stdio.h> not found. Please note: Cppcheck does not need standard library headers to get proper results.,/home/yichen/Desktop/Deepseek_Baseline_Code06/F012.c|2|information|missingIncludeSystem|Include file: <stdio.h> not found. Please note: Cppcheck does not need standard library headers to get proper results.,/home/yichen/Desktop/Deepseek_Baseline_Results06/logs/F012_cppcheck.log
/home/yichen/Desktop/Deepseek_Baseline_Code06/F012.c,cppcheck,True,success,True,0,6,3,information,missingIncludeSystem,Include file: <stdlib.h> not found. Please note: Cppcheck does not need standard library headers to get proper results.,/home/yichen/Desktop/Deepseek_Baseline_Code06/F012.c|3|information|missingIncludeSystem|Include file: <stdlib.h> not found. Please note: Cppcheck does not need standard library headers to get proper results.,/home/yichen/Desktop/Deepseek_Baseline_Results06/logs/F012_cppcheck.log
/home/yichen/Desktop/Deepseek_Baseline_Code06/F012.c,cppcheck,True,success,True,0,6,4,information,missingIncludeSystem,Include file: <string.h> not found. Please note: Cppcheck does not need standard library headers to get proper results.,/home/yichen/Desktop/Deepseek_Baseline_Code06/F012.c|4|information|missingIncludeSystem|Include file: <string.h> not found. Please note: Cppcheck does not need standard library headers to get proper results.,/home/yichen/Desktop/Deepseek_Baseline_Results06/logs/F012_cppcheck.log
/home/yichen/Desktop/Deepseek_Baseline_Code06/F012.c,cppcheck,True,success,True,0,6,99,warning,invalidscanf,sscanf() without field width limits can crash with huge input data.,/home/yichen/Desktop/Deepseek_Baseline_Code06/F012.c|99|warning|invalidscanf|sscanf() without field width limits can crash with huge input data.,/home/yichen/Desktop/Deepseek_Baseline_Results06/logs/F012_cppcheck.log
/home/yichen/Desktop/Deepseek_Baseline_Code06/F012.c,cppcheck,True,success,True,0,6,69,style,constVariablePointer,Variable 'p' can be declared as pointer to const,/home/yichen/Desktop/Deepseek_Baseline_Code06/F012.c|69|style|constVariablePointer|Variable 'p' can be declared as pointer to const,/home/yichen/Desktop/Deepseek_Baseline_Results06/logs/F012_cppcheck.log
nofile,cppcheck,True,success,True,0,6,0,information,checkersReport,Active checkers: 113/592 (use --checkers-report=<filename> to see details),nofile|0|information|checkersReport|Active checkers: 113/592 (use --checkers-report=<filename> to see details),/home/yichen/Desktop/Deepseek_Baseline_Results06/logs/F012_cppcheck.log
/home/yichen/Desktop/Deepseek_Baseline_Code06/F013.c,cppcheck,True,success,True,0,8,2,information,missingIncludeSystem,Include file: <stdio.h> not found. Please note: Cppcheck does not need standard library headers to get proper results.,/home/yichen/Desktop/Deepseek_Baseline_Code06/F013.c|2|information|missingIncludeSystem|Include file: <stdio.h> not found. Please note: Cppcheck does not need standard library headers to get proper results.,/home/yichen/Desktop/Deepseek_Baseline_Results06/logs/F013_cppcheck.log
/home/yichen/Desktop/Deepseek_Baseline_Code06/F013.c,cppcheck,True,success,True,0,8,3,information,missingIncludeSystem,Include file: <stdlib.h> not found. Please note: Cppcheck does not need standard library headers to get proper results.,/home/yichen/Desktop/Deepseek_Baseline_Code06/F013.c|3|information|missingIncludeSystem|Include file: <stdlib.h> not found. Please note: Cppcheck does not need standard library headers to get proper results.,/home/yichen/Desktop/Deepseek_Baseline_Results06/logs/F013_cppcheck.log
/home/yichen/Desktop/Deepseek_Baseline_Code06/F013.c,cppcheck,True,success,True,0,8,4,information,missingIncludeSystem,Include file: <string.h> not found. Please note: Cppcheck does not need standard library headers to get proper results.,/home/yichen/Desktop/Deepseek_Baseline_Code06/F013.c|4|information|missingIncludeSystem|Include file: <string.h> not found. Please note: Cppcheck does not need standard library headers to get proper results.,/home/yichen/Desktop/Deepseek_Baseline_Results06/logs/F013_cppcheck.log
/home/yichen/Desktop/Deepseek_Baseline_Code06/F013.c,cppcheck,True,success,True,0,8,119,warning,invalidscanf,sscanf() without field width limits can crash with huge input data.,/home/yichen/Desktop/Deepseek_Baseline_Code06/F013.c|119|warning|invalidscanf|sscanf() without field width limits can crash with huge input data.,/home/yichen/Desktop/Deepseek_Baseline_Results06/logs/F013_cppcheck.log
/home/yichen/Desktop/Deepseek_Baseline_Code06/F013.c,cppcheck,True,success,True,0,8,60,style,constVariablePointer,Variable 't' can be declared as pointer to const,/home/yichen/Desktop/Deepseek_Baseline_Code06/F013.c|60|style|constVariablePointer|Variable 't' can be declared as pointer to const,/home/yichen/Desktop/Deepseek_Baseline_Results06/logs/F013_cppcheck.log
/home/yichen/Desktop/Deepseek_Baseline_Code06/F013.c,cppcheck,True,success,True,0,8,71,style,constVariablePointer,Variable 't' can be declared as pointer to const,/home/yichen/Desktop/Deepseek_Baseline_Code06/F013.c|71|style|constVariablePointer|Variable 't' can be declared as pointer to const,/home/yichen/Desktop/Deepseek_Baseline_Results06/logs/F013_cppcheck.log
/home/yichen/Desktop/Deepseek_Baseline_Code06/F013.c,cppcheck,True,success,True,0,8,86,style,constVariablePointer,Variable 't' can be declared as pointer to const,/home/yichen/Desktop/Deepseek_Baseline_Code06/F013.c|86|style|constVariablePointer|Variable 't' can be declared as pointer to const,/home/yichen/Desktop/Deepseek_Baseline_Results06/logs/F013_cppcheck.log
nofile,cppcheck,True,success,True,0,8,0,information,checkersReport,Active checkers: 113/592 (use --checkers-report=<filename> to see details),nofile|0|information|checkersReport|Active checkers: 113/592 (use --checkers-report=<filename> to see details),/home/yichen/Desktop/Deepseek_Baseline_Results06/logs/F013_cppcheck.log
/home/yichen/Desktop/Deepseek_Baseline_Code06/F014.c,cppcheck,True,success,True,0,5,2,information,missingIncludeSystem,Include file: <stdio.h> not found. Please note: Cppcheck does not need standard library headers to get proper results.,/home/yichen/Desktop/Deepseek_Baseline_Code06/F014.c|2|information|missingIncludeSystem|Include file: <stdio.h> not found. Please note: Cppcheck does not need standard library headers to get proper results.,/home/yichen/Desktop/Deepseek_Baseline_Results06/logs/F014_cppcheck.log
/home/yichen/Desktop/Deepseek_Baseline_Code06/F014.c,cppcheck,True,success,True,0,5,3,information,missingIncludeSystem,Include file: <stdlib.h> not found. Please note: Cppcheck does not need standard library headers to get proper results.,/home/yichen/Desktop/Deepseek_Baseline_Code06/F014.c|3|information|missingIncludeSystem|Include file: <stdlib.h> not found. Please note: Cppcheck does not need standard library headers to get proper results.,/home/yichen/Desktop/Deepseek_Baseline_Results06/logs/F014_cppcheck.log
/home/yichen/Desktop/Deepseek_Baseline_Code06/F014.c,cppcheck,True,success,True,0,5,4,information,missingIncludeSystem,Include file: <string.h> not found. Please note: Cppcheck does not need standard library headers to get proper results.,/home/yichen/Desktop/Deepseek_Baseline_Code06/F014.c|4|information|missingIncludeSystem|Include file: <string.h> not found. Please note: Cppcheck does not need standard library headers to get proper results.,/home/yichen/Desktop/Deepseek_Baseline_Results06/logs/F014_cppcheck.log
/home/yichen/Desktop/Deepseek_Baseline_Code06/F014.c,cppcheck,True,success,True,0,5,142,warning,invalidscanf,sscanf() without field width limits can crash with huge input data.,/home/yichen/Desktop/Deepseek_Baseline_Code06/F014.c|142|warning|invalidscanf|sscanf() without field width limits can crash with huge input data.,/home/yichen/Desktop/Deepseek_Baseline_Results06/logs/F014_cppcheck.log
nofile,cppcheck,True,success,True,0,5,0,information,checkersReport,Active checkers: 113/592 (use --checkers-report=<filename> to see details),nofile|0|information|checkersReport|Active checkers: 113/592 (use --checkers-report=<filename> to see details),/home/yichen/Desktop/Deepseek_Baseline_Results06/logs/F014_cppcheck.log
/home/yichen/Desktop/Deepseek_Baseline_Code06/F015.c,cppcheck,True,success,True,0,6,2,information,missingIncludeSystem,Include file: <stdio.h> not found. Please note: Cppcheck does not need standard library headers to get proper results.,/home/yichen/Desktop/Deepseek_Baseline_Code06/F015.c|2|information|missingIncludeSystem|Include file: <stdio.h> not found. Please note: Cppcheck does not need standard library headers to get proper results.,/home/yichen/Desktop/Deepseek_Baseline_Results06/logs/F015_cppcheck.log
/home/yichen/Desktop/Deepseek_Baseline_Code06/F015.c,cppcheck,True,success,True,0,6,3,information,missingIncludeSystem,Include file: <stdlib.h> not found. Please note: Cppcheck does not need standard library headers to get proper results.,/home/yichen/Desktop/Deepseek_Baseline_Code06/F015.c|3|information|missingIncludeSystem|Include file: <stdlib.h> not found. Please note: Cppcheck does not need standard library headers to get proper results.,/home/yichen/Desktop/Deepseek_Baseline_Results06/logs/F015_cppcheck.log
/home/yichen/Desktop/Deepseek_Baseline_Code06/F015.c,cppcheck,True,success,True,0,6,4,information,missingIncludeSystem,Include file: <string.h> not found. Please note: Cppcheck does not need standard library headers to get proper results.,/home/yichen/Desktop/Deepseek_Baseline_Code06/F015.c|4|information|missingIncludeSystem|Include file: <string.h> not found. Please note: Cppcheck does not need standard library headers to get proper results.,/home/yichen/Desktop/Deepseek_Baseline_Results06/logs/F015_cppcheck.log
/home/yichen/Desktop/Deepseek_Baseline_Code06/F015.c,cppcheck,True,success,True,0,6,122,warning,invalidscanf,sscanf() without field width limits can crash with huge input data.,/home/yichen/Desktop/Deepseek_Baseline_Code06/F015.c|122|warning|invalidscanf|sscanf() without field width limits can crash with huge input data.,/home/yichen/Desktop/Deepseek_Baseline_Results06/logs/F015_cppcheck.log
/home/yichen/Desktop/Deepseek_Baseline_Code06/F015.c,cppcheck,True,success,True,0,6,91,style,constVariablePointer,Variable 'c' can be declared as pointer to const,/home/yichen/Desktop/Deepseek_Baseline_Code06/F015.c|91|style|constVariablePointer|Variable 'c' can be declared as pointer to const,/home/yichen/Desktop/Deepseek_Baseline_Results06/logs/F015_cppcheck.log
nofile,cppcheck,True,success,True,0,6,0,information,checkersReport,Active checkers: 113/592 (use --checkers-report=<filename> to see details),nofile|0|information|checkersReport|Active checkers: 113/592 (use --checkers-report=<filename> to see details),/home/yichen/Desktop/Deepseek_Baseline_Results06/logs/F015_cppcheck.log
/home/yichen/Desktop/Deepseek_Baseline_Code06/F016.c,cppcheck,True,success,True,0,5,2,information,missingIncludeSystem,Include file: <stdio.h> not found. Please note: Cppcheck does not need standard library headers to get proper results.,/home/yichen/Desktop/Deepseek_Baseline_Code06/F016.c|2|information|missingIncludeSystem|Include file: <stdio.h> not found. Please note: Cppcheck does not need standard library headers to get proper results.,/home/yichen/Desktop/Deepseek_Baseline_Results06/logs/F016_cppcheck.log
/home/yichen/Desktop/Deepseek_Baseline_Code06/F016.c,cppcheck,True,success,True,0,5,3,information,missingIncludeSystem,Include file: <stdlib.h> not found. Please note: Cppcheck does not need standard library headers to get proper results.,/home/yichen/Desktop/Deepseek_Baseline_Code06/F016.c|3|information|missingIncludeSystem|Include file: <stdlib.h> not found. Please note: Cppcheck does not need standard library headers to get proper results.,/home/yichen/Desktop/Deepseek_Baseline_Results06/logs/F016_cppcheck.log
/home/yichen/Desktop/Deepseek_Baseline_Code06/F016.c,cppcheck,True,success,True,0,5,4,information,missingIncludeSystem,Include file: <string.h> not found. Please note: Cppcheck does not need standard library headers to get proper results.,/home/yichen/Desktop/Deepseek_Baseline_Code06/F016.c|4|information|missingIncludeSystem|Include file: <string.h> not found. Please note: Cppcheck does not need standard library headers to get proper results.,/home/yichen/Desktop/Deepseek_Baseline_Results06/logs/F016_cppcheck.log
/home/yichen/Desktop/Deepseek_Baseline_Code06/F016.c,cppcheck,True,success,True,0,5,52,style,constVariablePointer,Variable 'c' can be declared as pointer to const,/home/yichen/Desktop/Deepseek_Baseline_Code06/F016.c|52|style|constVariablePointer|Variable 'c' can be declared as pointer to const,/home/yichen/Desktop/Deepseek_Baseline_Results06/logs/F016_cppcheck.log
nofile,cppcheck,True,success,True,0,5,0,information,checkersReport,Active checkers: 113/592 (use --checkers-report=<filename> to see details),nofile|0|information|checkersReport|Active checkers: 113/592 (use --checkers-report=<filename> to see details),/home/yichen/Desktop/Deepseek_Baseline_Results06/logs/F016_cppcheck.log
/home/yichen/Desktop/Deepseek_Baseline_Code06/F017.c,cppcheck,True,success,True,0,7,2,information,missingIncludeSystem,Include file: <stdio.h> not found. Please note: Cppcheck does not need standard library headers to get proper results.,/home/yichen/Desktop/Deepseek_Baseline_Code06/F017.c|2|information|missingIncludeSystem|Include file: <stdio.h> not found. Please note: Cppcheck does not need standard library headers to get proper results.,/home/yichen/Desktop/Deepseek_Baseline_Results06/logs/F017_cppcheck.log
/home/yichen/Desktop/Deepseek_Baseline_Code06/F017.c,cppcheck,True,success,True,0,7,3,information,missingIncludeSystem,Include file: <stdlib.h> not found. Please note: Cppcheck does not need standard library headers to get proper results.,/home/yichen/Desktop/Deepseek_Baseline_Code06/F017.c|3|information|missingIncludeSystem|Include file: <stdlib.h> not found. Please note: Cppcheck does not need standard library headers to get proper results.,/home/yichen/Desktop/Deepseek_Baseline_Results06/logs/F017_cppcheck.log
/home/yichen/Desktop/Deepseek_Baseline_Code06/F017.c,cppcheck,True,success,True,0,7,4,information,missingIncludeSystem,Include file: <string.h> not found. Please note: Cppcheck does not need standard library headers to get proper results.,/home/yichen/Desktop/Deepseek_Baseline_Code06/F017.c|4|information|missingIncludeSystem|Include file: <string.h> not found. Please note: Cppcheck does not need standard library headers to get proper results.,/home/yichen/Desktop/Deepseek_Baseline_Results06/logs/F017_cppcheck.log
/home/yichen/Desktop/Deepseek_Baseline_Code06/F017.c,cppcheck,True,success,True,0,7,73,warning,invalidscanf,sscanf() without field width limits can crash with huge input data.,/home/yichen/Desktop/Deepseek_Baseline_Code06/F017.c|73|warning|invalidscanf|sscanf() without field width limits can crash with huge input data.,/home/yichen/Desktop/Deepseek_Baseline_Results06/logs/F017_cppcheck.log
/home/yichen/Desktop/Deepseek_Baseline_Code06/F017.c,cppcheck,True,success,True,0,7,97,warning,invalidscanf,sscanf() without field width limits can crash with huge input data.,/home/yichen/Desktop/Deepseek_Baseline_Code06/F017.c|97|warning|invalidscanf|sscanf() without field width limits can crash with huge input data.,/home/yichen/Desktop/Deepseek_Baseline_Results06/logs/F017_cppcheck.log
/home/yichen/Desktop/Deepseek_Baseline_Code06/F017.c,cppcheck,True,success,True,0,7,54,style,constVariablePointer,Variable 'kv' can be declared as pointer to const,/home/yichen/Desktop/Deepseek_Baseline_Code06/F017.c|54|style|constVariablePointer|Variable 'kv' can be declared as pointer to const,/home/yichen/Desktop/Deepseek_Baseline_Results06/logs/F017_cppcheck.log
nofile,cppcheck,True,success,True,0,7,0,information,checkersReport,Active checkers: 113/592 (use --checkers-report=<filename> to see details),nofile|0|information|checkersReport|Active checkers: 113/592 (use --checkers-report=<filename> to see details),/home/yichen/Desktop/Deepseek_Baseline_Results06/logs/F017_cppcheck.log
/home/yichen/Desktop/Deepseek_Baseline_Code06/F018.c,cppcheck,True,success,True,0,6,2,information,missingIncludeSystem,Include file: <stdio.h> not found. Please note: Cppcheck does not need standard library headers to get proper results.,/home/yichen/Desktop/Deepseek_Baseline_Code06/F018.c|2|information|missingIncludeSystem|Include file: <stdio.h> not found. Please note: Cppcheck does not need standard library headers to get proper results.,/home/yichen/Desktop/Deepseek_Baseline_Results06/logs/F018_cppcheck.log
/home/yichen/Desktop/Deepseek_Baseline_Code06/F018.c,cppcheck,True,success,True,0,6,3,information,missingIncludeSystem,Include file: <stdlib.h> not found. Please note: Cppcheck does not need standard library headers to get proper results.,/home/yichen/Desktop/Deepseek_Baseline_Code06/F018.c|3|information|missingIncludeSystem|Include file: <stdlib.h> not found. Please note: Cppcheck does not need standard library headers to get proper results.,/home/yichen/Desktop/Deepseek_Baseline_Results06/logs/F018_cppcheck.log
/home/yichen/Desktop/Deepseek_Baseline_Code06/F018.c,cppcheck,True,success,True,0,6,4,information,missingIncludeSystem,Include file: <string.h> not found. Please note: Cppcheck does not need standard library headers to get proper results.,/home/yichen/Desktop/Deepseek_Baseline_Code06/F018.c|4|information|missingIncludeSystem|Include file: <string.h> not found. Please note: Cppcheck does not need standard library headers to get proper results.,/home/yichen/Desktop/Deepseek_Baseline_Results06/logs/F018_cppcheck.log
/home/yichen/Desktop/Deepseek_Baseline_Code06/F018.c,cppcheck,True,success,True,0,6,109,warning,invalidscanf,sscanf() without field width limits can crash with huge input data.,/home/yichen/Desktop/Deepseek_Baseline_Code06/F018.c|109|warning|invalidscanf|sscanf() without field width limits can crash with huge input data.,/home/yichen/Desktop/Deepseek_Baseline_Results06/logs/F018_cppcheck.log
/home/yichen/Desktop/Deepseek_Baseline_Code06/F018.c,cppcheck,True,success,True,0,6,52,style,constVariablePointer,Variable 'w' can be declared as pointer to const,/home/yichen/Desktop/Deepseek_Baseline_Code06/F018.c|52|style|constVariablePointer|Variable 'w' can be declared as pointer to const,/home/yichen/Desktop/Deepseek_Baseline_Results06/logs/F018_cppcheck.log
nofile,cppcheck,True,success,True,0,6,0,information,checkersReport,Active checkers: 113/592 (use --checkers-report=<filename> to see details),nofile|0|information|checkersReport|Active checkers: 113/592 (use --checkers-report=<filename> to see details),/home/yichen/Desktop/Deepseek_Baseline_Results06/logs/F018_cppcheck.log
/home/yichen/Desktop/Deepseek_Baseline_Code06/F019.c,cppcheck,True,success,True,0,6,2,information,missingIncludeSystem,Include file: <stdio.h> not found. Please note: Cppcheck does not need standard library headers to get proper results.,/home/yichen/Desktop/Deepseek_Baseline_Code06/F019.c|2|information|missingIncludeSystem|Include file: <stdio.h> not found. Please note: Cppcheck does not need standard library headers to get proper results.,/home/yichen/Desktop/Deepseek_Baseline_Results06/logs/F019_cppcheck.log
/home/yichen/Desktop/Deepseek_Baseline_Code06/F019.c,cppcheck,True,success,True,0,6,3,information,missingIncludeSystem,Include file: <stdlib.h> not found. Please note: Cppcheck does not need standard library headers to get proper results.,/home/yichen/Desktop/Deepseek_Baseline_Code06/F019.c|3|information|missingIncludeSystem|Include file: <stdlib.h> not found. Please note: Cppcheck does not need standard library headers to get proper results.,/home/yichen/Desktop/Deepseek_Baseline_Results06/logs/F019_cppcheck.log
/home/yichen/Desktop/Deepseek_Baseline_Code06/F019.c,cppcheck,True,success,True,0,6,4,information,missingIncludeSystem,Include file: <string.h> not found. Please note: Cppcheck does not need standard library headers to get proper results.,/home/yichen/Desktop/Deepseek_Baseline_Code06/F019.c|4|information|missingIncludeSystem|Include file: <string.h> not found. Please note: Cppcheck does not need standard library headers to get proper results.,/home/yichen/Desktop/Deepseek_Baseline_Results06/logs/F019_cppcheck.log
/home/yichen/Desktop/Deepseek_Baseline_Code06/F019.c,cppcheck,True,success,True,0,6,54,warning,invalidscanf,sscanf() without field width limits can crash with huge input data.,/home/yichen/Desktop/Deepseek_Baseline_Code06/F019.c|54|warning|invalidscanf|sscanf() without field width limits can crash with huge input data.,/home/yichen/Desktop/Deepseek_Baseline_Results06/logs/F019_cppcheck.log
/home/yichen/Desktop/Deepseek_Baseline_Code06/F019.c,cppcheck,True,success,True,0,6,78,warning,invalidscanf,sscanf() without field width limits can crash with huge input data.,/home/yichen/Desktop/Deepseek_Baseline_Code06/F019.c|78|warning|invalidscanf|sscanf() without field width limits can crash with huge input data.,/home/yichen/Desktop/Deepseek_Baseline_Results06/logs/F019_cppcheck.log
nofile,cppcheck,True,success,True,0,6,0,information,checkersReport,Active checkers: 113/592 (use --checkers-report=<filename> to see details),nofile|0|information|checkersReport|Active checkers: 113/592 (use --checkers-report=<filename> to see details),/home/yichen/Desktop/Deepseek_Baseline_Results06/logs/F019_cppcheck.log
/home/yichen/Desktop/Deepseek_Baseline_Code06/F020.c,cppcheck,True,success,True,0,7,2,information,missingIncludeSystem,Include file: <stdio.h> not found. Please note: Cppcheck does not need standard library headers to get proper results.,/home/yichen/Desktop/Deepseek_Baseline_Code06/F020.c|2|information|missingIncludeSystem|Include file: <stdio.h> not found. Please note: Cppcheck does not need standard library headers to get proper results.,/home/yichen/Desktop/Deepseek_Baseline_Results06/logs/F020_cppcheck.log
/home/yichen/Desktop/Deepseek_Baseline_Code06/F020.c,cppcheck,True,success,True,0,7,3,information,missingIncludeSystem,Include file: <stdlib.h> not found. Please note: Cppcheck does not need standard library headers to get proper results.,/home/yichen/Desktop/Deepseek_Baseline_Code06/F020.c|3|information|missingIncludeSystem|Include file: <stdlib.h> not found. Please note: Cppcheck does not need standard library headers to get proper results.,/home/yichen/Desktop/Deepseek_Baseline_Results06/logs/F020_cppcheck.log
/home/yichen/Desktop/Deepseek_Baseline_Code06/F020.c,cppcheck,True,success,True,0,7,4,information,missingIncludeSystem,Include file: <string.h> not found. Please note: Cppcheck does not need standard library headers to get proper results.,/home/yichen/Desktop/Deepseek_Baseline_Code06/F020.c|4|information|missingIncludeSystem|Include file: <string.h> not found. Please note: Cppcheck does not need standard library headers to get proper results.,/home/yichen/Desktop/Deepseek_Baseline_Results06/logs/F020_cppcheck.log
/home/yichen/Desktop/Deepseek_Baseline_Code06/F020.c,cppcheck,True,success,True,0,7,96,error,memleakOnRealloc,Common realloc mistake: 'body' nulled but not freed upon failure,/home/yichen/Desktop/Deepseek_Baseline_Code06/F020.c|96|error|memleakOnRealloc|Common realloc mistake: 'body' nulled but not freed upon failure,/home/yichen/Desktop/Deepseek_Baseline_Results06/logs/F020_cppcheck.log
/home/yichen/Desktop/Deepseek_Baseline_Code06/F020.c,cppcheck,True,success,True,0,7,140,error,memleakOnRealloc,Common realloc mistake: 'body' nulled but not freed upon failure,/home/yichen/Desktop/Deepseek_Baseline_Code06/F020.c|140|error|memleakOnRealloc|Common realloc mistake: 'body' nulled but not freed upon failure,/home/yichen/Desktop/Deepseek_Baseline_Results06/logs/F020_cppcheck.log
/home/yichen/Desktop/Deepseek_Baseline_Code06/F020.c,cppcheck,True,success,True,0,7,53,style,constVariablePointer,Variable 'r' can be declared as pointer to const,/home/yichen/Desktop/Deepseek_Baseline_Code06/F020.c|53|style|constVariablePointer|Variable 'r' can be declared as pointer to const,/home/yichen/Desktop/Deepseek_Baseline_Results06/logs/F020_cppcheck.log
nofile,cppcheck,True,success,True,0,7,0,information,checkersReport,Active checkers: 113/592 (use --checkers-report=<filename> to see details),nofile|0|information|checkersReport|Active checkers: 113/592 (use --checkers-report=<filename> to see details),/home/yichen/Desktop/Deepseek_Baseline_Results06/logs/F020_cppcheck.log
/home/yichen/Desktop/Deepseek_Baseline_Code06/F021.c,cppcheck,True,success,True,0,5,2,information,missingIncludeSystem,Include file: <stdio.h> not found. Please note: Cppcheck does not need standard library headers to get proper results.,/home/yichen/Desktop/Deepseek_Baseline_Code06/F021.c|2|information|missingIncludeSystem|Include file: <stdio.h> not found. Please note: Cppcheck does not need standard library headers to get proper results.,/home/yichen/Desktop/Deepseek_Baseline_Results06/logs/F021_cppcheck.log
/home/yichen/Desktop/Deepseek_Baseline_Code06/F021.c,cppcheck,True,success,True,0,5,3,information,missingIncludeSystem,Include file: <stdlib.h> not found. Please note: Cppcheck does not need standard library headers to get proper results.,/home/yichen/Desktop/Deepseek_Baseline_Code06/F021.c|3|information|missingIncludeSystem|Include file: <stdlib.h> not found. Please note: Cppcheck does not need standard library headers to get proper results.,/home/yichen/Desktop/Deepseek_Baseline_Results06/logs/F021_cppcheck.log
/home/yichen/Desktop/Deepseek_Baseline_Code06/F021.c,cppcheck,True,success,True,0,5,4,information,missingIncludeSystem,Include file: <string.h> not found. Please note: Cppcheck does not need standard library headers to get proper results.,/home/yichen/Desktop/Deepseek_Baseline_Code06/F021.c|4|information|missingIncludeSystem|Include file: <string.h> not found. Please note: Cppcheck does not need standard library headers to get proper results.,/home/yichen/Desktop/Deepseek_Baseline_Results06/logs/F021_cppcheck.log
/home/yichen/Desktop/Deepseek_Baseline_Code06/F021.c,cppcheck,True,success,True,0,5,142,warning,invalidscanf,sscanf() without field width limits can crash with huge input data.,/home/yichen/Desktop/Deepseek_Baseline_Code06/F021.c|142|warning|invalidscanf|sscanf() without field width limits can crash with huge input data.,/home/yichen/Desktop/Deepseek_Baseline_Results06/logs/F021_cppcheck.log
nofile,cppcheck,True,success,True,0,5,0,information,checkersReport,Active checkers: 113/592 (use --checkers-report=<filename> to see details),nofile|0|information|checkersReport|Active checkers: 113/592 (use --checkers-report=<filename> to see details),/home/yichen/Desktop/Deepseek_Baseline_Results06/logs/F021_cppcheck.log
/home/yichen/Desktop/Deepseek_Baseline_Code06/F022.c,cppcheck,True,success,True,0,5,2,information,missingIncludeSystem,Include file: <stdio.h> not found. Please note: Cppcheck does not need standard library headers to get proper results.,/home/yichen/Desktop/Deepseek_Baseline_Code06/F022.c|2|information|missingIncludeSystem|Include file: <stdio.h> not found. Please note: Cppcheck does not need standard library headers to get proper results.,/home/yichen/Desktop/Deepseek_Baseline_Results06/logs/F022_cppcheck.log
/home/yichen/Desktop/Deepseek_Baseline_Code06/F022.c,cppcheck,True,success,True,0,5,3,information,missingIncludeSystem,Include file: <stdlib.h> not found. Please note: Cppcheck does not need standard library headers to get proper results.,/home/yichen/Desktop/Deepseek_Baseline_Code06/F022.c|3|information|missingIncludeSystem|Include file: <stdlib.h> not found. Please note: Cppcheck does not need standard library headers to get proper results.,/home/yichen/Desktop/Deepseek_Baseline_Results06/logs/F022_cppcheck.log
/home/yichen/Desktop/Deepseek_Baseline_Code06/F022.c,cppcheck,True,success,True,0,5,4,information,missingIncludeSystem,Include file: <string.h> not found. Please note: Cppcheck does not need standard library headers to get proper results.,/home/yichen/Desktop/Deepseek_Baseline_Code06/F022.c|4|information|missingIncludeSystem|Include file: <string.h> not found. Please note: Cppcheck does not need standard library headers to get proper results.,/home/yichen/Desktop/Deepseek_Baseline_Results06/logs/F022_cppcheck.log
/home/yichen/Desktop/Deepseek_Baseline_Code06/F022.c,cppcheck,True,success,True,0,5,145,warning,invalidscanf,sscanf() without field width limits can crash with huge input data.,/home/yichen/Desktop/Deepseek_Baseline_Code06/F022.c|145|warning|invalidscanf|sscanf() without field width limits can crash with huge input data.,/home/yichen/Desktop/Deepseek_Baseline_Results06/logs/F022_cppcheck.log
nofile,cppcheck,True,success,True,0,5,0,information,checkersReport,Active checkers: 113/592 (use --checkers-report=<filename> to see details),nofile|0|information|checkersReport|Active checkers: 113/592 (use --checkers-report=<filename> to see details),/home/yichen/Desktop/Deepseek_Baseline_Results06/logs/F022_cppcheck.log
/home/yichen/Desktop/Deepseek_Baseline_Code06/F023.c,cppcheck,True,success,True,0,5,2,information,missingIncludeSystem,Include file: <stdio.h> not found. Please note: Cppcheck does not need standard library headers to get proper results.,/home/yichen/Desktop/Deepseek_Baseline_Code06/F023.c|2|information|missingIncludeSystem|Include file: <stdio.h> not found. Please note: Cppcheck does not need standard library headers to get proper results.,/home/yichen/Desktop/Deepseek_Baseline_Results06/logs/F023_cppcheck.log
/home/yichen/Desktop/Deepseek_Baseline_Code06/F023.c,cppcheck,True,success,True,0,5,3,information,missingIncludeSystem,Include file: <stdlib.h> not found. Please note: Cppcheck does not need standard library headers to get proper results.,/home/yichen/Desktop/Deepseek_Baseline_Code06/F023.c|3|information|missingIncludeSystem|Include file: <stdlib.h> not found. Please note: Cppcheck does not need standard library headers to get proper results.,/home/yichen/Desktop/Deepseek_Baseline_Results06/logs/F023_cppcheck.log
/home/yichen/Desktop/Deepseek_Baseline_Code06/F023.c,cppcheck,True,success,True,0,5,4,information,missingIncludeSystem,Include file: <string.h> not found. Please note: Cppcheck does not need standard library headers to get proper results.,/home/yichen/Desktop/Deepseek_Baseline_Code06/F023.c|4|information|missingIncludeSystem|Include file: <string.h> not found. Please note: Cppcheck does not need standard library headers to get proper results.,/home/yichen/Desktop/Deepseek_Baseline_Results06/logs/F023_cppcheck.log
/home/yichen/Desktop/Deepseek_Baseline_Code06/F023.c,cppcheck,True,success,True,0,5,151,warning,invalidscanf,sscanf() without field width limits can crash with huge input data.,/home/yichen/Desktop/Deepseek_Baseline_Code06/F023.c|151|warning|invalidscanf|sscanf() without field width limits can crash with huge input data.,/home/yichen/Desktop/Deepseek_Baseline_Results06/logs/F023_cppcheck.log
nofile,cppcheck,True,success,True,0,5,0,information,checkersReport,Active checkers: 113/592 (use --checkers-report=<filename> to see details),nofile|0|information|checkersReport|Active checkers: 113/592 (use --checkers-report=<filename> to see details),/home/yichen/Desktop/Deepseek_Baseline_Results06/logs/F023_cppcheck.log
/home/yichen/Desktop/Deepseek_Baseline_Code06/F024.c,cppcheck,True,success,True,0,4,2,information,missingIncludeSystem,Include file: <stdio.h> not found. Please note: Cppcheck does not need standard library headers to get proper results.,/home/yichen/Desktop/Deepseek_Baseline_Code06/F024.c|2|information|missingIncludeSystem|Include file: <stdio.h> not found. Please note: Cppcheck does not need standard library headers to get proper results.,/home/yichen/Desktop/Deepseek_Baseline_Results06/logs/F024_cppcheck.log
/home/yichen/Desktop/Deepseek_Baseline_Code06/F024.c,cppcheck,True,success,True,0,4,3,information,missingIncludeSystem,Include file: <stdlib.h> not found. Please note: Cppcheck does not need standard library headers to get proper results.,/home/yichen/Desktop/Deepseek_Baseline_Code06/F024.c|3|information|missingIncludeSystem|Include file: <stdlib.h> not found. Please note: Cppcheck does not need standard library headers to get proper results.,/home/yichen/Desktop/Deepseek_Baseline_Results06/logs/F024_cppcheck.log
/home/yichen/Desktop/Deepseek_Baseline_Code06/F024.c,cppcheck,True,success,True,0,4,4,information,missingIncludeSystem,Include file: <string.h> not found. Please note: Cppcheck does not need standard library headers to get proper results.,/home/yichen/Desktop/Deepseek_Baseline_Code06/F024.c|4|information|missingIncludeSystem|Include file: <string.h> not found. Please note: Cppcheck does not need standard library headers to get proper results.,/home/yichen/Desktop/Deepseek_Baseline_Results06/logs/F024_cppcheck.log
nofile,cppcheck,True,success,True,0,4,0,information,checkersReport,Active checkers: 113/592 (use --checkers-report=<filename> to see details),nofile|0|information|checkersReport|Active checkers: 113/592 (use --checkers-report=<filename> to see details),/home/yichen/Desktop/Deepseek_Baseline_Results06/logs/F024_cppcheck.log
/home/yichen/Desktop/Deepseek_Baseline_Code06/F025.c,cppcheck,True,success,True,0,5,2,information,missingIncludeSystem,Include file: <stdio.h> not found. Please note: Cppcheck does not need standard library headers to get proper results.,/home/yichen/Desktop/Deepseek_Baseline_Code06/F025.c|2|information|missingIncludeSystem|Include file: <stdio.h> not found. Please note: Cppcheck does not need standard library headers to get proper results.,/home/yichen/Desktop/Deepseek_Baseline_Results06/logs/F025_cppcheck.log
/home/yichen/Desktop/Deepseek_Baseline_Code06/F025.c,cppcheck,True,success,True,0,5,3,information,missingIncludeSystem,Include file: <stdlib.h> not found. Please note: Cppcheck does not need standard library headers to get proper results.,/home/yichen/Desktop/Deepseek_Baseline_Code06/F025.c|3|information|missingIncludeSystem|Include file: <stdlib.h> not found. Please note: Cppcheck does not need standard library headers to get proper results.,/home/yichen/Desktop/Deepseek_Baseline_Results06/logs/F025_cppcheck.log
/home/yichen/Desktop/Deepseek_Baseline_Code06/F025.c,cppcheck,True,success,True,0,5,4,information,missingIncludeSystem,Include file: <string.h> not found. Please note: Cppcheck does not need standard library headers to get proper results.,/home/yichen/Desktop/Deepseek_Baseline_Code06/F025.c|4|information|missingIncludeSystem|Include file: <string.h> not found. Please note: Cppcheck does not need standard library headers to get proper results.,/home/yichen/Desktop/Deepseek_Baseline_Results06/logs/F025_cppcheck.log
/home/yichen/Desktop/Deepseek_Baseline_Code06/F025.c,cppcheck,True,success,True,0,5,154,warning,invalidscanf,sscanf() without field width limits can crash with huge input data.,/home/yichen/Desktop/Deepseek_Baseline_Code06/F025.c|154|warning|invalidscanf|sscanf() without field width limits can crash with huge input data.,/home/yichen/Desktop/Deepseek_Baseline_Results06/logs/F025_cppcheck.log
nofile,cppcheck,True,success,True,0,5,0,information,checkersReport,Active checkers: 113/592 (use --checkers-report=<filename> to see details),nofile|0|information|checkersReport|Active checkers: 113/592 (use --checkers-report=<filename> to see details),/home/yichen/Desktop/Deepseek_Baseline_Results06/logs/F025_cppcheck.log
/home/yichen/Desktop/Deepseek_Baseline_Code06/F026.c,cppcheck,True,success,True,0,5,2,information,missingIncludeSystem,Include file: <stdio.h> not found. Please note: Cppcheck does not need standard library headers to get proper results.,/home/yichen/Desktop/Deepseek_Baseline_Code06/F026.c|2|information|missingIncludeSystem|Include file: <stdio.h> not found. Please note: Cppcheck does not need standard library headers to get proper results.,/home/yichen/Desktop/Deepseek_Baseline_Results06/logs/F026_cppcheck.log
/home/yichen/Desktop/Deepseek_Baseline_Code06/F026.c,cppcheck,True,success,True,0,5,3,information,missingIncludeSystem,Include file: <stdlib.h> not found. Please note: Cppcheck does not need standard library headers to get proper results.,/home/yichen/Desktop/Deepseek_Baseline_Code06/F026.c|3|information|missingIncludeSystem|Include file: <stdlib.h> not found. Please note: Cppcheck does not need standard library headers to get proper results.,/home/yichen/Desktop/Deepseek_Baseline_Results06/logs/F026_cppcheck.log
/home/yichen/Desktop/Deepseek_Baseline_Code06/F026.c,cppcheck,True,success,True,0,5,4,information,missingIncludeSystem,Include file: <string.h> not found. Please note: Cppcheck does not need standard library headers to get proper results.,/home/yichen/Desktop/Deepseek_Baseline_Code06/F026.c|4|information|missingIncludeSystem|Include file: <string.h> not found. Please note: Cppcheck does not need standard library headers to get proper results.,/home/yichen/Desktop/Deepseek_Baseline_Results06/logs/F026_cppcheck.log
/home/yichen/Desktop/Deepseek_Baseline_Code06/F026.c,cppcheck,True,success,True,0,5,91,warning,invalidscanf,sscanf() without field width limits can crash with huge input data.,/home/yichen/Desktop/Deepseek_Baseline_Code06/F026.c|91|warning|invalidscanf|sscanf() without field width limits can crash with huge input data.,/home/yichen/Desktop/Deepseek_Baseline_Results06/logs/F026_cppcheck.log
nofile,cppcheck,True,success,True,0,5,0,information,checkersReport,Active checkers: 113/592 (use --checkers-report=<filename> to see details),nofile|0|information|checkersReport|Active checkers: 113/592 (use --checkers-report=<filename> to see details),/home/yichen/Desktop/Deepseek_Baseline_Results06/logs/F026_cppcheck.log
/home/yichen/Desktop/Deepseek_Baseline_Code06/F027.c,cppcheck,True,success,True,0,6,2,information,missingIncludeSystem,Include file: <stdio.h> not found. Please note: Cppcheck does not need standard library headers to get proper results.,/home/yichen/Desktop/Deepseek_Baseline_Code06/F027.c|2|information|missingIncludeSystem|Include file: <stdio.h> not found. Please note: Cppcheck does not need standard library headers to get proper results.,/home/yichen/Desktop/Deepseek_Baseline_Results06/logs/F027_cppcheck.log
/home/yichen/Desktop/Deepseek_Baseline_Code06/F027.c,cppcheck,True,success,True,0,6,3,information,missingIncludeSystem,Include file: <stdlib.h> not found. Please note: Cppcheck does not need standard library headers to get proper results.,/home/yichen/Desktop/Deepseek_Baseline_Code06/F027.c|3|information|missingIncludeSystem|Include file: <stdlib.h> not found. Please note: Cppcheck does not need standard library headers to get proper results.,/home/yichen/Desktop/Deepseek_Baseline_Results06/logs/F027_cppcheck.log
/home/yichen/Desktop/Deepseek_Baseline_Code06/F027.c,cppcheck,True,success,True,0,6,4,information,missingIncludeSystem,Include file: <string.h> not found. Please note: Cppcheck does not need standard library headers to get proper results.,/home/yichen/Desktop/Deepseek_Baseline_Code06/F027.c|4|information|missingIncludeSystem|Include file: <string.h> not found. Please note: Cppcheck does not need standard library headers to get proper results.,/home/yichen/Desktop/Deepseek_Baseline_Results06/logs/F027_cppcheck.log
/home/yichen/Desktop/Deepseek_Baseline_Code06/F027.c,cppcheck,True,success,True,0,6,107,warning,invalidscanf,sscanf() without field width limits can crash with huge input data.,/home/yichen/Desktop/Deepseek_Baseline_Code06/F027.c|107|warning|invalidscanf|sscanf() without field width limits can crash with huge input data.,/home/yichen/Desktop/Deepseek_Baseline_Results06/logs/F027_cppcheck.log
/home/yichen/Desktop/Deepseek_Baseline_Code06/F027.c,cppcheck,True,success,True,0,6,106,style,unusedVariable,Unused variable: delta,/home/yichen/Desktop/Deepseek_Baseline_Code06/F027.c|106|style|unusedVariable|Unused variable: delta,/home/yichen/Desktop/Deepseek_Baseline_Results06/logs/F027_cppcheck.log
nofile,cppcheck,True,success,True,0,6,0,information,checkersReport,Active checkers: 113/592 (use --checkers-report=<filename> to see details),nofile|0|information|checkersReport|Active checkers: 113/592 (use --checkers-report=<filename> to see details),/home/yichen/Desktop/Deepseek_Baseline_Results06/logs/F027_cppcheck.log
/home/yichen/Desktop/Deepseek_Baseline_Code06/F028.c,cppcheck,True,success,True,0,7,2,information,missingIncludeSystem,Include file: <stdio.h> not found. Please note: Cppcheck does not need standard library headers to get proper results.,/home/yichen/Desktop/Deepseek_Baseline_Code06/F028.c|2|information|missingIncludeSystem|Include file: <stdio.h> not found. Please note: Cppcheck does not need standard library headers to get proper results.,/home/yichen/Desktop/Deepseek_Baseline_Results06/logs/F028_cppcheck.log
/home/yichen/Desktop/Deepseek_Baseline_Code06/F028.c,cppcheck,True,success,True,0,7,3,information,missingIncludeSystem,Include file: <stdlib.h> not found. Please note: Cppcheck does not need standard library headers to get proper results.,/home/yichen/Desktop/Deepseek_Baseline_Code06/F028.c|3|information|missingIncludeSystem|Include file: <stdlib.h> not found. Please note: Cppcheck does not need standard library headers to get proper results.,/home/yichen/Desktop/Deepseek_Baseline_Results06/logs/F028_cppcheck.log
/home/yichen/Desktop/Deepseek_Baseline_Code06/F028.c,cppcheck,True,success,True,0,7,4,information,missingIncludeSystem,Include file: <string.h> not found. Please note: Cppcheck does not need standard library headers to get proper results.,/home/yichen/Desktop/Deepseek_Baseline_Code06/F028.c|4|information|missingIncludeSystem|Include file: <string.h> not found. Please note: Cppcheck does not need standard library headers to get proper results.,/home/yichen/Desktop/Deepseek_Baseline_Results06/logs/F028_cppcheck.log
/home/yichen/Desktop/Deepseek_Baseline_Code06/F028.c,cppcheck,True,success,True,0,7,132,warning,invalidscanf,sscanf() without field width limits can crash with huge input data.,/home/yichen/Desktop/Deepseek_Baseline_Code06/F028.c|132|warning|invalidscanf|sscanf() without field width limits can crash with huge input data.,/home/yichen/Desktop/Deepseek_Baseline_Results06/logs/F028_cppcheck.log
/home/yichen/Desktop/Deepseek_Baseline_Code06/F028.c,cppcheck,True,success,True,0,7,102,style,constVariablePointer,Variable 's' can be declared as pointer to const,/home/yichen/Desktop/Deepseek_Baseline_Code06/F028.c|102|style|constVariablePointer|Variable 's' can be declared as pointer to const,/home/yichen/Desktop/Deepseek_Baseline_Results06/logs/F028_cppcheck.log
/home/yichen/Desktop/Deepseek_Baseline_Code06/F028.c,cppcheck,True,success,True,0,7,131,style,unusedVariable,Unused variable: idx2,/home/yichen/Desktop/Deepseek_Baseline_Code06/F028.c|131|style|unusedVariable|Unused variable: idx2,/home/yichen/Desktop/Deepseek_Baseline_Results06/logs/F028_cppcheck.log
nofile,cppcheck,True,success,True,0,7,0,information,checkersReport,Active checkers: 113/592 (use --checkers-report=<filename> to see details),nofile|0|information|checkersReport|Active checkers: 113/592 (use --checkers-report=<filename> to see details),/home/yichen/Desktop/Deepseek_Baseline_Results06/logs/F028_cppcheck.log
/home/yichen/Desktop/Deepseek_Baseline_Code06/F029.c,cppcheck,True,success,True,0,5,2,information,missingIncludeSystem,Include file: <stdio.h> not found. Please note: Cppcheck does not need standard library headers to get proper results.,/home/yichen/Desktop/Deepseek_Baseline_Code06/F029.c|2|information|missingIncludeSystem|Include file: <stdio.h> not found. Please note: Cppcheck does not need standard library headers to get proper results.,/home/yichen/Desktop/Deepseek_Baseline_Results06/logs/F029_cppcheck.log
/home/yichen/Desktop/Deepseek_Baseline_Code06/F029.c,cppcheck,True,success,True,0,5,3,information,missingIncludeSystem,Include file: <stdlib.h> not found. Please note: Cppcheck does not need standard library headers to get proper results.,/home/yichen/Desktop/Deepseek_Baseline_Code06/F029.c|3|information|missingIncludeSystem|Include file: <stdlib.h> not found. Please note: Cppcheck does not need standard library headers to get proper results.,/home/yichen/Desktop/Deepseek_Baseline_Results06/logs/F029_cppcheck.log
/home/yichen/Desktop/Deepseek_Baseline_Code06/F029.c,cppcheck,True,success,True,0,5,4,information,missingIncludeSystem,Include file: <string.h> not found. Please note: Cppcheck does not need standard library headers to get proper results.,/home/yichen/Desktop/Deepseek_Baseline_Code06/F029.c|4|information|missingIncludeSystem|Include file: <string.h> not found. Please note: Cppcheck does not need standard library headers to get proper results.,/home/yichen/Desktop/Deepseek_Baseline_Results06/logs/F029_cppcheck.log
/home/yichen/Desktop/Deepseek_Baseline_Code06/F029.c,cppcheck,True,success,True,0,5,105,warning,invalidscanf,sscanf() without field width limits can crash with huge input data.,/home/yichen/Desktop/Deepseek_Baseline_Code06/F029.c|105|warning|invalidscanf|sscanf() without field width limits can crash with huge input data.,/home/yichen/Desktop/Deepseek_Baseline_Results06/logs/F029_cppcheck.log
nofile,cppcheck,True,success,True,0,5,0,information,checkersReport,Active checkers: 113/592 (use --checkers-report=<filename> to see details),nofile|0|information|checkersReport|Active checkers: 113/592 (use --checkers-report=<filename> to see details),/home/yichen/Desktop/Deepseek_Baseline_Results06/logs/F029_cppcheck.log
/home/yichen/Desktop/Deepseek_Baseline_Code06/F030.c,cppcheck,True,success,True,0,6,2,information,missingIncludeSystem,Include file: <stdio.h> not found. Please note: Cppcheck does not need standard library headers to get proper results.,/home/yichen/Desktop/Deepseek_Baseline_Code06/F030.c|2|information|missingIncludeSystem|Include file: <stdio.h> not found. Please note: Cppcheck does not need standard library headers to get proper results.,/home/yichen/Desktop/Deepseek_Baseline_Results06/logs/F030_cppcheck.log
/home/yichen/Desktop/Deepseek_Baseline_Code06/F030.c,cppcheck,True,success,True,0,6,3,information,missingIncludeSystem,Include file: <stdlib.h> not found. Please note: Cppcheck does not need standard library headers to get proper results.,/home/yichen/Desktop/Deepseek_Baseline_Code06/F030.c|3|information|missingIncludeSystem|Include file: <stdlib.h> not found. Please note: Cppcheck does not need standard library headers to get proper results.,/home/yichen/Desktop/Deepseek_Baseline_Results06/logs/F030_cppcheck.log
/home/yichen/Desktop/Deepseek_Baseline_Code06/F030.c,cppcheck,True,success,True,0,6,4,information,missingIncludeSystem,Include file: <string.h> not found. Please note: Cppcheck does not need standard library headers to get proper results.,/home/yichen/Desktop/Deepseek_Baseline_Code06/F030.c|4|information|missingIncludeSystem|Include file: <string.h> not found. Please note: Cppcheck does not need standard library headers to get proper results.,/home/yichen/Desktop/Deepseek_Baseline_Results06/logs/F030_cppcheck.log
/home/yichen/Desktop/Deepseek_Baseline_Code06/F030.c,cppcheck,True,success,True,0,6,116,warning,invalidscanf,sscanf() without field width limits can crash with huge input data.,/home/yichen/Desktop/Deepseek_Baseline_Code06/F030.c|116|warning|invalidscanf|sscanf() without field width limits can crash with huge input data.,/home/yichen/Desktop/Deepseek_Baseline_Results06/logs/F030_cppcheck.log
/home/yichen/Desktop/Deepseek_Baseline_Code06/F030.c,cppcheck,True,success,True,0,6,44,style,constVariablePointer,Variable 'pos' can be declared as pointer to const,/home/yichen/Desktop/Deepseek_Baseline_Code06/F030.c|44|style|constVariablePointer|Variable 'pos' can be declared as pointer to const,/home/yichen/Desktop/Deepseek_Baseline_Results06/logs/F030_cppcheck.log
nofile,cppcheck,True,success,True,0,6,0,information,checkersReport,Active checkers: 113/592 (use --checkers-report=<filename> to see details),nofile|0|information|checkersReport|Active checkers: 113/592 (use --checkers-report=<filename> to see details),/home/yichen/Desktop/Deepseek_Baseline_Results06/logs/F030_cppcheck.log
/home/yichen/Desktop/Deepseek_Baseline_Code06/F031.c,cppcheck,True,success,True,0,7,2,information,missingIncludeSystem,Include file: <stdio.h> not found. Please note: Cppcheck does not need standard library headers to get proper results.,/home/yichen/Desktop/Deepseek_Baseline_Code06/F031.c|2|information|missingIncludeSystem|Include file: <stdio.h> not found. Please note: Cppcheck does not need standard library headers to get proper results.,/home/yichen/Desktop/Deepseek_Baseline_Results06/logs/F031_cppcheck.log
/home/yichen/Desktop/Deepseek_Baseline_Code06/F031.c,cppcheck,True,success,True,0,7,3,information,missingIncludeSystem,Include file: <stdlib.h> not found. Please note: Cppcheck does not need standard library headers to get proper results.,/home/yichen/Desktop/Deepseek_Baseline_Code06/F031.c|3|information|missingIncludeSystem|Include file: <stdlib.h> not found. Please note: Cppcheck does not need standard library headers to get proper results.,/home/yichen/Desktop/Deepseek_Baseline_Results06/logs/F031_cppcheck.log
/home/yichen/Desktop/Deepseek_Baseline_Code06/F031.c,cppcheck,True,success,True,0,7,4,information,missingIncludeSystem,Include file: <string.h> not found. Please note: Cppcheck does not need standard library headers to get proper results.,/home/yichen/Desktop/Deepseek_Baseline_Code06/F031.c|4|information|missingIncludeSystem|Include file: <string.h> not found. Please note: Cppcheck does not need standard library headers to get proper results.,/home/yichen/Desktop/Deepseek_Baseline_Results06/logs/F031_cppcheck.log
/home/yichen/Desktop/Deepseek_Baseline_Code06/F031.c,cppcheck,True,success,True,0,7,87,warning,invalidscanf,sscanf() without field width limits can crash with huge input data.,/home/yichen/Desktop/Deepseek_Baseline_Code06/F031.c|87|warning|invalidscanf|sscanf() without field width limits can crash with huge input data.,/home/yichen/Desktop/Deepseek_Baseline_Results06/logs/F031_cppcheck.log
/home/yichen/Desktop/Deepseek_Baseline_Code06/F031.c,cppcheck,True,success,True,0,7,106,warning,invalidscanf,sscanf() without field width limits can crash with huge input data.,/home/yichen/Desktop/Deepseek_Baseline_Code06/F031.c|106|warning|invalidscanf|sscanf() without field width limits can crash with huge input data.,/home/yichen/Desktop/Deepseek_Baseline_Results06/logs/F031_cppcheck.log
/home/yichen/Desktop/Deepseek_Baseline_Code06/F031.c,cppcheck,True,success,True,0,7,49,style,constVariablePointer,Variable 'r' can be declared as pointer to const,/home/yichen/Desktop/Deepseek_Baseline_Code06/F031.c|49|style|constVariablePointer|Variable 'r' can be declared as pointer to const,/home/yichen/Desktop/Deepseek_Baseline_Results06/logs/F031_cppcheck.log
nofile,cppcheck,True,success,True,0,7,0,information,checkersReport,Active checkers: 113/592 (use --checkers-report=<filename> to see details),nofile|0|information|checkersReport|Active checkers: 113/592 (use --checkers-report=<filename> to see details),/home/yichen/Desktop/Deepseek_Baseline_Results06/logs/F031_cppcheck.log
/home/yichen/Desktop/Deepseek_Baseline_Code06/F032.c,cppcheck,True,success,True,0,6,2,information,missingIncludeSystem,Include file: <stdio.h> not found. Please note: Cppcheck does not need standard library headers to get proper results.,/home/yichen/Desktop/Deepseek_Baseline_Code06/F032.c|2|information|missingIncludeSystem|Include file: <stdio.h> not found. Please note: Cppcheck does not need standard library headers to get proper results.,/home/yichen/Desktop/Deepseek_Baseline_Results06/logs/F032_cppcheck.log
/home/yichen/Desktop/Deepseek_Baseline_Code06/F032.c,cppcheck,True,success,True,0,6,3,information,missingIncludeSystem,Include file: <stdlib.h> not found. Please note: Cppcheck does not need standard library headers to get proper results.,/home/yichen/Desktop/Deepseek_Baseline_Code06/F032.c|3|information|missingIncludeSystem|Include file: <stdlib.h> not found. Please note: Cppcheck does not need standard library headers to get proper results.,/home/yichen/Desktop/Deepseek_Baseline_Results06/logs/F032_cppcheck.log
/home/yichen/Desktop/Deepseek_Baseline_Code06/F032.c,cppcheck,True,success,True,0,6,4,information,missingIncludeSystem,Include file: <string.h> not found. Please note: Cppcheck does not need standard library headers to get proper results.,/home/yichen/Desktop/Deepseek_Baseline_Code06/F032.c|4|information|missingIncludeSystem|Include file: <string.h> not found. Please note: Cppcheck does not need standard library headers to get proper results.,/home/yichen/Desktop/Deepseek_Baseline_Results06/logs/F032_cppcheck.log
/home/yichen/Desktop/Deepseek_Baseline_Code06/F032.c,cppcheck,True,success,True,0,6,107,warning,invalidscanf,sscanf() without field width limits can crash with huge input data.,/home/yichen/Desktop/Deepseek_Baseline_Code06/F032.c|107|warning|invalidscanf|sscanf() without field width limits can crash with huge input data.,/home/yichen/Desktop/Deepseek_Baseline_Results06/logs/F032_cppcheck.log
/home/yichen/Desktop/Deepseek_Baseline_Code06/F032.c,cppcheck,True,success,True,0,6,81,style,constVariablePointer,Variable 's' can be declared as pointer to const,/home/yichen/Desktop/Deepseek_Baseline_Code06/F032.c|81|style|constVariablePointer|Variable 's' can be declared as pointer to const,/home/yichen/Desktop/Deepseek_Baseline_Results06/logs/F032_cppcheck.log
nofile,cppcheck,True,success,True,0,6,0,information,checkersReport,Active checkers: 113/592 (use --checkers-report=<filename> to see details),nofile|0|information|checkersReport|Active checkers: 113/592 (use --checkers-report=<filename> to see details),/home/yichen/Desktop/Deepseek_Baseline_Results06/logs/F032_cppcheck.log
/home/yichen/Desktop/Deepseek_Baseline_Code06/F033.c,cppcheck,True,success,True,0,6,2,information,missingIncludeSystem,Include file: <stdio.h> not found. Please note: Cppcheck does not need standard library headers to get proper results.,/home/yichen/Desktop/Deepseek_Baseline_Code06/F033.c|2|information|missingIncludeSystem|Include file: <stdio.h> not found. Please note: Cppcheck does not need standard library headers to get proper results.,/home/yichen/Desktop/Deepseek_Baseline_Results06/logs/F033_cppcheck.log
/home/yichen/Desktop/Deepseek_Baseline_Code06/F033.c,cppcheck,True,success,True,0,6,3,information,missingIncludeSystem,Include file: <stdlib.h> not found. Please note: Cppcheck does not need standard library headers to get proper results.,/home/yichen/Desktop/Deepseek_Baseline_Code06/F033.c|3|information|missingIncludeSystem|Include file: <stdlib.h> not found. Please note: Cppcheck does not need standard library headers to get proper results.,/home/yichen/Desktop/Deepseek_Baseline_Results06/logs/F033_cppcheck.log
/home/yichen/Desktop/Deepseek_Baseline_Code06/F033.c,cppcheck,True,success,True,0,6,4,information,missingIncludeSystem,Include file: <string.h> not found. Please note: Cppcheck does not need standard library headers to get proper results.,/home/yichen/Desktop/Deepseek_Baseline_Code06/F033.c|4|information|missingIncludeSystem|Include file: <string.h> not found. Please note: Cppcheck does not need standard library headers to get proper results.,/home/yichen/Desktop/Deepseek_Baseline_Results06/logs/F033_cppcheck.log
/home/yichen/Desktop/Deepseek_Baseline_Code06/F033.c,cppcheck,True,success,True,0,6,97,warning,invalidscanf,sscanf() without field width limits can crash with huge input data.,/home/yichen/Desktop/Deepseek_Baseline_Code06/F033.c|97|warning|invalidscanf|sscanf() without field width limits can crash with huge input data.,/home/yichen/Desktop/Deepseek_Baseline_Results06/logs/F033_cppcheck.log
/home/yichen/Desktop/Deepseek_Baseline_Code06/F033.c,cppcheck,True,success,True,0,6,66,style,constVariablePointer,Variable 'e' can be declared as pointer to const,/home/yichen/Desktop/Deepseek_Baseline_Code06/F033.c|66|style|constVariablePointer|Variable 'e' can be declared as pointer to const,/home/yichen/Desktop/Deepseek_Baseline_Results06/logs/F033_cppcheck.log
nofile,cppcheck,True,success,True,0,6,0,information,checkersReport,Active checkers: 113/592 (use --checkers-report=<filename> to see details),nofile|0|information|checkersReport|Active checkers: 113/592 (use --checkers-report=<filename> to see details),/home/yichen/Desktop/Deepseek_Baseline_Results06/logs/F033_cppcheck.log
/home/yichen/Desktop/Deepseek_Baseline_Code06/F034.c,cppcheck,True,success,True,0,7,2,information,missingIncludeSystem,Include file: <stdio.h> not found. Please note: Cppcheck does not need standard library headers to get proper results.,/home/yichen/Desktop/Deepseek_Baseline_Code06/F034.c|2|information|missingIncludeSystem|Include file: <stdio.h> not found. Please note: Cppcheck does not need standard library headers to get proper results.,/home/yichen/Desktop/Deepseek_Baseline_Results06/logs/F034_cppcheck.log
/home/yichen/Desktop/Deepseek_Baseline_Code06/F034.c,cppcheck,True,success,True,0,7,3,information,missingIncludeSystem,Include file: <stdlib.h> not found. Please note: Cppcheck does not need standard library headers to get proper results.,/home/yichen/Desktop/Deepseek_Baseline_Code06/F034.c|3|information|missingIncludeSystem|Include file: <stdlib.h> not found. Please note: Cppcheck does not need standard library headers to get proper results.,/home/yichen/Desktop/Deepseek_Baseline_Results06/logs/F034_cppcheck.log
/home/yichen/Desktop/Deepseek_Baseline_Code06/F034.c,cppcheck,True,success,True,0,7,4,information,missingIncludeSystem,Include file: <string.h> not found. Please note: Cppcheck does not need standard library headers to get proper results.,/home/yichen/Desktop/Deepseek_Baseline_Code06/F034.c|4|information|missingIncludeSystem|Include file: <string.h> not found. Please note: Cppcheck does not need standard library headers to get proper results.,/home/yichen/Desktop/Deepseek_Baseline_Results06/logs/F034_cppcheck.log
/home/yichen/Desktop/Deepseek_Baseline_Code06/F034.c,cppcheck,True,success,True,0,7,75,warning,invalidscanf,sscanf() without field width limits can crash with huge input data.,/home/yichen/Desktop/Deepseek_Baseline_Code06/F034.c|75|warning|invalidscanf|sscanf() without field width limits can crash with huge input data.,/home/yichen/Desktop/Deepseek_Baseline_Results06/logs/F034_cppcheck.log
/home/yichen/Desktop/Deepseek_Baseline_Code06/F034.c,cppcheck,True,success,True,0,7,114,warning,invalidscanf,sscanf() without field width limits can crash with huge input data.,/home/yichen/Desktop/Deepseek_Baseline_Code06/F034.c|114|warning|invalidscanf|sscanf() without field width limits can crash with huge input data.,/home/yichen/Desktop/Deepseek_Baseline_Results06/logs/F034_cppcheck.log
/home/yichen/Desktop/Deepseek_Baseline_Code06/F034.c,cppcheck,True,success,True,0,7,107,style,constVariablePointer,Variable 'filename' can be declared as pointer to const,/home/yichen/Desktop/Deepseek_Baseline_Code06/F034.c|107|style|constVariablePointer|Variable 'filename' can be declared as pointer to const,/home/yichen/Desktop/Deepseek_Baseline_Results06/logs/F034_cppcheck.log
nofile,cppcheck,True,success,True,0,7,0,information,checkersReport,Active checkers: 113/592 (use --checkers-report=<filename> to see details),nofile|0|information|checkersReport|Active checkers: 113/592 (use --checkers-report=<filename> to see details),/home/yichen/Desktop/Deepseek_Baseline_Results06/logs/F034_cppcheck.log
/home/yichen/Desktop/Deepseek_Baseline_Code06/F035.c,cppcheck,True,success,True,0,7,2,information,missingIncludeSystem,Include file: <stdio.h> not found. Please note: Cppcheck does not need standard library headers to get proper results.,/home/yichen/Desktop/Deepseek_Baseline_Code06/F035.c|2|information|missingIncludeSystem|Include file: <stdio.h> not found. Please note: Cppcheck does not need standard library headers to get proper results.,/home/yichen/Desktop/Deepseek_Baseline_Results06/logs/F035_cppcheck.log
/home/yichen/Desktop/Deepseek_Baseline_Code06/F035.c,cppcheck,True,success,True,0,7,3,information,missingIncludeSystem,Include file: <stdlib.h> not found. Please note: Cppcheck does not need standard library headers to get proper results.,/home/yichen/Desktop/Deepseek_Baseline_Code06/F035.c|3|information|missingIncludeSystem|Include file: <stdlib.h> not found. Please note: Cppcheck does not need standard library headers to get proper results.,/home/yichen/Desktop/Deepseek_Baseline_Results06/logs/F035_cppcheck.log
/home/yichen/Desktop/Deepseek_Baseline_Code06/F035.c,cppcheck,True,success,True,0,7,4,information,missingIncludeSystem,Include file: <string.h> not found. Please note: Cppcheck does not need standard library headers to get proper results.,/home/yichen/Desktop/Deepseek_Baseline_Code06/F035.c|4|information|missingIncludeSystem|Include file: <string.h> not found. Please note: Cppcheck does not need standard library headers to get proper results.,/home/yichen/Desktop/Deepseek_Baseline_Results06/logs/F035_cppcheck.log
/home/yichen/Desktop/Deepseek_Baseline_Code06/F035.c,cppcheck,True,success,True,0,7,91,warning,invalidscanf,sscanf() without field width limits can crash with huge input data.,/home/yichen/Desktop/Deepseek_Baseline_Code06/F035.c|91|warning|invalidscanf|sscanf() without field width limits can crash with huge input data.,/home/yichen/Desktop/Deepseek_Baseline_Results06/logs/F035_cppcheck.log
/home/yichen/Desktop/Deepseek_Baseline_Code06/F035.c,cppcheck,True,success,True,0,7,38,style,constVariablePointer,Variable 'j' can be declared as pointer to const,/home/yichen/Desktop/Deepseek_Baseline_Code06/F035.c|38|style|constVariablePointer|Variable 'j' can be declared as pointer to const,/home/yichen/Desktop/Deepseek_Baseline_Results06/logs/F035_cppcheck.log
/home/yichen/Desktop/Deepseek_Baseline_Code06/F035.c,cppcheck,True,success,True,0,7,60,style,constVariablePointer,Variable 'j' can be declared as pointer to const,/home/yichen/Desktop/Deepseek_Baseline_Code06/F035.c|60|style|constVariablePointer|Variable 'j' can be declared as pointer to const,/home/yichen/Desktop/Deepseek_Baseline_Results06/logs/F035_cppcheck.log
nofile,cppcheck,True,success,True,0,7,0,information,checkersReport,Active checkers: 113/592 (use --checkers-report=<filename> to see details),nofile|0|information|checkersReport|Active checkers: 113/592 (use --checkers-report=<filename> to see details),/home/yichen/Desktop/Deepseek_Baseline_Results06/logs/F035_cppcheck.log
/home/yichen/Desktop/Deepseek_Baseline_Code06/F036.c,cppcheck,True,success,True,0,6,2,information,missingIncludeSystem,Include file: <stdio.h> not found. Please note: Cppcheck does not need standard library headers to get proper results.,/home/yichen/Desktop/Deepseek_Baseline_Code06/F036.c|2|information|missingIncludeSystem|Include file: <stdio.h> not found. Please note: Cppcheck does not need standard library headers to get proper results.,/home/yichen/Desktop/Deepseek_Baseline_Results06/logs/F036_cppcheck.log
/home/yichen/Desktop/Deepseek_Baseline_Code06/F036.c,cppcheck,True,success,True,0,6,3,information,missingIncludeSystem,Include file: <stdlib.h> not found. Please note: Cppcheck does not need standard library headers to get proper results.,/home/yichen/Desktop/Deepseek_Baseline_Code06/F036.c|3|information|missingIncludeSystem|Include file: <stdlib.h> not found. Please note: Cppcheck does not need standard library headers to get proper results.,/home/yichen/Desktop/Deepseek_Baseline_Results06/logs/F036_cppcheck.log
/home/yichen/Desktop/Deepseek_Baseline_Code06/F036.c,cppcheck,True,success,True,0,6,4,information,missingIncludeSystem,Include file: <string.h> not found. Please note: Cppcheck does not need standard library headers to get proper results.,/home/yichen/Desktop/Deepseek_Baseline_Code06/F036.c|4|information|missingIncludeSystem|Include file: <string.h> not found. Please note: Cppcheck does not need standard library headers to get proper results.,/home/yichen/Desktop/Deepseek_Baseline_Results06/logs/F036_cppcheck.log
/home/yichen/Desktop/Deepseek_Baseline_Code06/F036.c,cppcheck,True,success,True,0,6,83,warning,invalidscanf,sscanf() without field width limits can crash with huge input data.,/home/yichen/Desktop/Deepseek_Baseline_Code06/F036.c|83|warning|invalidscanf|sscanf() without field width limits can crash with huge input data.,/home/yichen/Desktop/Deepseek_Baseline_Results06/logs/F036_cppcheck.log
/home/yichen/Desktop/Deepseek_Baseline_Code06/F036.c,cppcheck,True,success,True,0,6,89,style,constVariablePointer,Variable 'data' can be declared as pointer to const,/home/yichen/Desktop/Deepseek_Baseline_Code06/F036.c|89|style|constVariablePointer|Variable 'data' can be declared as pointer to const,/home/yichen/Desktop/Deepseek_Baseline_Results06/logs/F036_cppcheck.log
nofile,cppcheck,True,success,True,0,6,0,information,checkersReport,Active checkers: 113/592 (use --checkers-report=<filename> to see details),nofile|0|information|checkersReport|Active checkers: 113/592 (use --checkers-report=<filename> to see details),/home/yichen/Desktop/Deepseek_Baseline_Results06/logs/F036_cppcheck.log
/home/yichen/Desktop/Deepseek_Baseline_Code06/F037.c,cppcheck,True,success,True,0,7,2,information,missingIncludeSystem,Include file: <stdio.h> not found. Please note: Cppcheck does not need standard library headers to get proper results.,/home/yichen/Desktop/Deepseek_Baseline_Code06/F037.c|2|information|missingIncludeSystem|Include file: <stdio.h> not found. Please note: Cppcheck does not need standard library headers to get proper results.,/home/yichen/Desktop/Deepseek_Baseline_Results06/logs/F037_cppcheck.log
/home/yichen/Desktop/Deepseek_Baseline_Code06/F037.c,cppcheck,True,success,True,0,7,3,information,missingIncludeSystem,Include file: <stdlib.h> not found. Please note: Cppcheck does not need standard library headers to get proper results.,/home/yichen/Desktop/Deepseek_Baseline_Code06/F037.c|3|information|missingIncludeSystem|Include file: <stdlib.h> not found. Please note: Cppcheck does not need standard library headers to get proper results.,/home/yichen/Desktop/Deepseek_Baseline_Results06/logs/F037_cppcheck.log
/home/yichen/Desktop/Deepseek_Baseline_Code06/F037.c,cppcheck,True,success,True,0,7,4,information,missingIncludeSystem,Include file: <string.h> not found. Please note: Cppcheck does not need standard library headers to get proper results.,/home/yichen/Desktop/Deepseek_Baseline_Code06/F037.c|4|information|missingIncludeSystem|Include file: <string.h> not found. Please note: Cppcheck does not need standard library headers to get proper results.,/home/yichen/Desktop/Deepseek_Baseline_Results06/logs/F037_cppcheck.log
/home/yichen/Desktop/Deepseek_Baseline_Code06/F037.c,cppcheck,True,success,True,0,7,5,information,missingIncludeSystem,Include file: <ctype.h> not found. Please note: Cppcheck does not need standard library headers to get proper results.,/home/yichen/Desktop/Deepseek_Baseline_Code06/F037.c|5|information|missingIncludeSystem|Include file: <ctype.h> not found. Please note: Cppcheck does not need standard library headers to get proper results.,/home/yichen/Desktop/Deepseek_Baseline_Results06/logs/F037_cppcheck.log
/home/yichen/Desktop/Deepseek_Baseline_Code06/F037.c,cppcheck,True,success,True,0,7,124,warning,invalidscanf,sscanf() without field width limits can crash with huge input data.,/home/yichen/Desktop/Deepseek_Baseline_Code06/F037.c|124|warning|invalidscanf|sscanf() without field width limits can crash with huge input data.,/home/yichen/Desktop/Deepseek_Baseline_Results06/logs/F037_cppcheck.log
/home/yichen/Desktop/Deepseek_Baseline_Code06/F037.c,cppcheck,True,success,True,0,7,73,style,constVariablePointer,Variable 'b' can be declared as pointer to const,/home/yichen/Desktop/Deepseek_Baseline_Code06/F037.c|73|style|constVariablePointer|Variable 'b' can be declared as pointer to const,/home/yichen/Desktop/Deepseek_Baseline_Results06/logs/F037_cppcheck.log
nofile,cppcheck,True,success,True,0,7,0,information,checkersReport,Active checkers: 113/592 (use --checkers-report=<filename> to see details),nofile|0|information|checkersReport|Active checkers: 113/592 (use --checkers-report=<filename> to see details),/home/yichen/Desktop/Deepseek_Baseline_Results06/logs/F037_cppcheck.log
/home/yichen/Desktop/Deepseek_Baseline_Code06/F038.c,cppcheck,True,success,True,0,7,2,information,missingIncludeSystem,Include file: <stdio.h> not found. Please note: Cppcheck does not need standard library headers to get proper results.,/home/yichen/Desktop/Deepseek_Baseline_Code06/F038.c|2|information|missingIncludeSystem|Include file: <stdio.h> not found. Please note: Cppcheck does not need standard library headers to get proper results.,/home/yichen/Desktop/Deepseek_Baseline_Results06/logs/F038_cppcheck.log
/home/yichen/Desktop/Deepseek_Baseline_Code06/F038.c,cppcheck,True,success,True,0,7,3,information,missingIncludeSystem,Include file: <stdlib.h> not found. Please note: Cppcheck does not need standard library headers to get proper results.,/home/yichen/Desktop/Deepseek_Baseline_Code06/F038.c|3|information|missingIncludeSystem|Include file: <stdlib.h> not found. Please note: Cppcheck does not need standard library headers to get proper results.,/home/yichen/Desktop/Deepseek_Baseline_Results06/logs/F038_cppcheck.log
/home/yichen/Desktop/Deepseek_Baseline_Code06/F038.c,cppcheck,True,success,True,0,7,4,information,missingIncludeSystem,Include file: <string.h> not found. Please note: Cppcheck does not need standard library headers to get proper results.,/home/yichen/Desktop/Deepseek_Baseline_Code06/F038.c|4|information|missingIncludeSystem|Include file: <string.h> not found. Please note: Cppcheck does not need standard library headers to get proper results.,/home/yichen/Desktop/Deepseek_Baseline_Results06/logs/F038_cppcheck.log
/home/yichen/Desktop/Deepseek_Baseline_Code06/F038.c,cppcheck,True,success,True,0,7,5,information,missingIncludeSystem,Include file: <ctype.h> not found. Please note: Cppcheck does not need standard library headers to get proper results.,/home/yichen/Desktop/Deepseek_Baseline_Code06/F038.c|5|information|missingIncludeSystem|Include file: <ctype.h> not found. Please note: Cppcheck does not need standard library headers to get proper results.,/home/yichen/Desktop/Deepseek_Baseline_Results06/logs/F038_cppcheck.log
/home/yichen/Desktop/Deepseek_Baseline_Code06/F038.c,cppcheck,True,success,True,0,7,110,warning,invalidscanf,sscanf() without field width limits can crash with huge input data.,/home/yichen/Desktop/Deepseek_Baseline_Code06/F038.c|110|warning|invalidscanf|sscanf() without field width limits can crash with huge input data.,/home/yichen/Desktop/Deepseek_Baseline_Results06/logs/F038_cppcheck.log
/home/yichen/Desktop/Deepseek_Baseline_Code06/F038.c,cppcheck,True,success,True,0,7,40,error,memleakOnRealloc,Common realloc mistake: 'dec' nulled but not freed upon failure,/home/yichen/Desktop/Deepseek_Baseline_Code06/F038.c|40|error|memleakOnRealloc|Common realloc mistake: 'dec' nulled but not freed upon failure,/home/yichen/Desktop/Deepseek_Baseline_Results06/logs/F038_cppcheck.log
nofile,cppcheck,True,success,True,0,7,0,information,checkersReport,Active checkers: 113/592 (use --checkers-report=<filename> to see details),nofile|0|information|checkersReport|Active checkers: 113/592 (use --checkers-report=<filename> to see details),/home/yichen/Desktop/Deepseek_Baseline_Results06/logs/F038_cppcheck.log
/home/yichen/Desktop/Deepseek_Baseline_Code06/F039.c,cppcheck,True,success,True,0,8,2,information,missingIncludeSystem,Include file: <stdio.h> not found. Please note: Cppcheck does not need standard library headers to get proper results.,/home/yichen/Desktop/Deepseek_Baseline_Code06/F039.c|2|information|missingIncludeSystem|Include file: <stdio.h> not found. Please note: Cppcheck does not need standard library headers to get proper results.,/home/yichen/Desktop/Deepseek_Baseline_Results06/logs/F039_cppcheck.log
/home/yichen/Desktop/Deepseek_Baseline_Code06/F039.c,cppcheck,True,success,True,0,8,3,information,missingIncludeSystem,Include file: <stdlib.h> not found. Please note: Cppcheck does not need standard library headers to get proper results.,/home/yichen/Desktop/Deepseek_Baseline_Code06/F039.c|3|information|missingIncludeSystem|Include file: <stdlib.h> not found. Please note: Cppcheck does not need standard library headers to get proper results.,/home/yichen/Desktop/Deepseek_Baseline_Results06/logs/F039_cppcheck.log
/home/yichen/Desktop/Deepseek_Baseline_Code06/F039.c,cppcheck,True,success,True,0,8,4,information,missingIncludeSystem,Include file: <string.h> not found. Please note: Cppcheck does not need standard library headers to get proper results.,/home/yichen/Desktop/Deepseek_Baseline_Code06/F039.c|4|information|missingIncludeSystem|Include file: <string.h> not found. Please note: Cppcheck does not need standard library headers to get proper results.,/home/yichen/Desktop/Deepseek_Baseline_Results06/logs/F039_cppcheck.log
/home/yichen/Desktop/Deepseek_Baseline_Code06/F039.c,cppcheck,True,success,True,0,8,116,warning,invalidscanf,sscanf() without field width limits can crash with huge input data.,/home/yichen/Desktop/Deepseek_Baseline_Code06/F039.c|116|warning|invalidscanf|sscanf() without field width limits can crash with huge input data.,/home/yichen/Desktop/Deepseek_Baseline_Results06/logs/F039_cppcheck.log
/home/yichen/Desktop/Deepseek_Baseline_Code06/F039.c,cppcheck,True,success,True,0,8,57,style,constVariablePointer,Variable 'val' can be declared as pointer to const,/home/yichen/Desktop/Deepseek_Baseline_Code06/F039.c|57|style|constVariablePointer|Variable 'val' can be declared as pointer to const,/home/yichen/Desktop/Deepseek_Baseline_Results06/logs/F039_cppcheck.log
/home/yichen/Desktop/Deepseek_Baseline_Code06/F039.c,cppcheck,True,success,True,0,8,115,style,unusedVariable,Unused variable: row,/home/yichen/Desktop/Deepseek_Baseline_Code06/F039.c|115|style|unusedVariable|Unused variable: row,/home/yichen/Desktop/Deepseek_Baseline_Results06/logs/F039_cppcheck.log
/home/yichen/Desktop/Deepseek_Baseline_Code06/F039.c,cppcheck,True,success,True,0,8,115,style,unusedVariable,Unused variable: col,/home/yichen/Desktop/Deepseek_Baseline_Code06/F039.c|115|style|unusedVariable|Unused variable: col,/home/yichen/Desktop/Deepseek_Baseline_Results06/logs/F039_cppcheck.log
nofile,cppcheck,True,success,True,0,8,0,information,checkersReport,Active checkers: 113/592 (use --checkers-report=<filename> to see details),nofile|0|information|checkersReport|Active checkers: 113/592 (use --checkers-report=<filename> to see details),/home/yichen/Desktop/Deepseek_Baseline_Results06/logs/F039_cppcheck.log
/home/yichen/Desktop/Deepseek_Baseline_Code06/F040.c,cppcheck,True,success,True,0,7,2,information,missingIncludeSystem,Include file: <stdio.h> not found. Please note: Cppcheck does not need standard library headers to get proper results.,/home/yichen/Desktop/Deepseek_Baseline_Code06/F040.c|2|information|missingIncludeSystem|Include file: <stdio.h> not found. Please note: Cppcheck does not need standard library headers to get proper results.,/home/yichen/Desktop/Deepseek_Baseline_Results06/logs/F040_cppcheck.log
/home/yichen/Desktop/Deepseek_Baseline_Code06/F040.c,cppcheck,True,success,True,0,7,3,information,missingIncludeSystem,Include file: <stdlib.h> not found. Please note: Cppcheck does not need standard library headers to get proper results.,/home/yichen/Desktop/Deepseek_Baseline_Code06/F040.c|3|information|missingIncludeSystem|Include file: <stdlib.h> not found. Please note: Cppcheck does not need standard library headers to get proper results.,/home/yichen/Desktop/Deepseek_Baseline_Results06/logs/F040_cppcheck.log
/home/yichen/Desktop/Deepseek_Baseline_Code06/F040.c,cppcheck,True,success,True,0,7,4,information,missingIncludeSystem,Include file: <string.h> not found. Please note: Cppcheck does not need standard library headers to get proper results.,/home/yichen/Desktop/Deepseek_Baseline_Code06/F040.c|4|information|missingIncludeSystem|Include file: <string.h> not found. Please note: Cppcheck does not need standard library headers to get proper results.,/home/yichen/Desktop/Deepseek_Baseline_Results06/logs/F040_cppcheck.log
/home/yichen/Desktop/Deepseek_Baseline_Code06/F040.c,cppcheck,True,success,True,0,7,94,warning,invalidscanf,sscanf() without field width limits can crash with huge input data.,/home/yichen/Desktop/Deepseek_Baseline_Code06/F040.c|94|warning|invalidscanf|sscanf() without field width limits can crash with huge input data.,/home/yichen/Desktop/Deepseek_Baseline_Results06/logs/F040_cppcheck.log
/home/yichen/Desktop/Deepseek_Baseline_Code06/F040.c,cppcheck,True,success,True,0,7,61,style,constVariablePointer,Variable 'p' can be declared as pointer to const,/home/yichen/Desktop/Deepseek_Baseline_Code06/F040.c|61|style|constVariablePointer|Variable 'p' can be declared as pointer to const,/home/yichen/Desktop/Deepseek_Baseline_Results06/logs/F040_cppcheck.log
/home/yichen/Desktop/Deepseek_Baseline_Code06/F040.c,cppcheck,True,success,True,0,7,66,style,constVariablePointer,Variable 'p' can be declared as pointer to const,/home/yichen/Desktop/Deepseek_Baseline_Code06/F040.c|66|style|constVariablePointer|Variable 'p' can be declared as pointer to const,/home/yichen/Desktop/Deepseek_Baseline_Results06/logs/F040_cppcheck.log
nofile,cppcheck,True,success,True,0,7,0,information,checkersReport,Active checkers: 113/592 (use --checkers-report=<filename> to see details),nofile|0|information|checkersReport|Active checkers: 113/592 (use --checkers-report=<filename> to see details),/home/yichen/Desktop/Deepseek_Baseline_Results06/logs/F040_cppcheck.log
