file,tool,attempted,status,success,returncode,finding_count,line,severity,check_id,message,evidence,log_path
/home/yichen/Desktop/Gemini_SDF06/F001.c,cppcheck,True,success,True,0,9,3,information,missingIncludeSystem,Include file: <stdio.h> not found. Please note: Cppcheck does not need standard library headers to get proper results.,/home/yichen/Desktop/Gemini_SDF06/F001.c|3|information|missingIncludeSystem|Include file: <stdio.h> not found. Please note: Cppcheck does not need standard library headers to get proper results.,/home/yichen/Desktop/Gemini_SDF_Results06/logs/F001_cppcheck.log
/home/yichen/Desktop/Gemini_SDF06/F001.c,cppcheck,True,success,True,0,9,4,information,missingIncludeSystem,Include file: <stdlib.h> not found. Please note: Cppcheck does not need standard library headers to get proper results.,/home/yichen/Desktop/Gemini_SDF06/F001.c|4|information|missingIncludeSystem|Include file: <stdlib.h> not found. Please note: Cppcheck does not need standard library headers to get proper results.,/home/yichen/Desktop/Gemini_SDF_Results06/logs/F001_cppcheck.log
/home/yichen/Desktop/Gemini_SDF06/F001.c,cppcheck,True,success,True,0,9,5,information,missingIncludeSystem,Include file: <string.h> not found. Please note: Cppcheck does not need standard library headers to get proper results.,/home/yichen/Desktop/Gemini_SDF06/F001.c|5|information|missingIncludeSystem|Include file: <string.h> not found. Please note: Cppcheck does not need standard library headers to get proper results.,/home/yichen/Desktop/Gemini_SDF_Results06/logs/F001_cppcheck.log
/home/yichen/Desktop/Gemini_SDF06/F001.c,cppcheck,True,success,True,0,9,25,style,constVariablePointer,Variable 'cmd' can be declared as pointer to const,/home/yichen/Desktop/Gemini_SDF06/F001.c|25|style|constVariablePointer|Variable 'cmd' can be declared as pointer to const,/home/yichen/Desktop/Gemini_SDF_Results06/logs/F001_cppcheck.log
/home/yichen/Desktop/Gemini_SDF06/F001.c,cppcheck,True,success,True,0,9,36,style,constVariablePointer,Variable 'id' can be declared as pointer to const,/home/yichen/Desktop/Gemini_SDF06/F001.c|36|style|constVariablePointer|Variable 'id' can be declared as pointer to const,/home/yichen/Desktop/Gemini_SDF_Results06/logs/F001_cppcheck.log
/home/yichen/Desktop/Gemini_SDF06/F001.c,cppcheck,True,success,True,0,9,43,style,constVariablePointer,Variable 'text' can be declared as pointer to const,/home/yichen/Desktop/Gemini_SDF06/F001.c|43|style|constVariablePointer|Variable 'text' can be declared as pointer to const,/home/yichen/Desktop/Gemini_SDF_Results06/logs/F001_cppcheck.log
/home/yichen/Desktop/Gemini_SDF06/F001.c,cppcheck,True,success,True,0,9,101,style,constVariablePointer,Variable 'id' can be declared as pointer to const,/home/yichen/Desktop/Gemini_SDF06/F001.c|101|style|constVariablePointer|Variable 'id' can be declared as pointer to const,/home/yichen/Desktop/Gemini_SDF_Results06/logs/F001_cppcheck.log
/home/yichen/Desktop/Gemini_SDF06/F001.c,cppcheck,True,success,True,0,9,119,style,constVariablePointer,Variable 'id' can be declared as pointer to const,/home/yichen/Desktop/Gemini_SDF06/F001.c|119|style|constVariablePointer|Variable 'id' can be declared as pointer to const,/home/yichen/Desktop/Gemini_SDF_Results06/logs/F001_cppcheck.log
nofile,cppcheck,True,success,True,0,9,0,information,checkersReport,Active checkers: 113/592 (use --checkers-report=<filename> to see details),nofile|0|information|checkersReport|Active checkers: 113/592 (use --checkers-report=<filename> to see details),/home/yichen/Desktop/Gemini_SDF_Results06/logs/F001_cppcheck.log
/home/yichen/Desktop/Gemini_SDF06/F002.c,cppcheck,True,success,True,0,12,3,information,missingIncludeSystem,Include file: <stdio.h> not found. Please note: Cppcheck does not need standard library headers to get proper results.,/home/yichen/Desktop/Gemini_SDF06/F002.c|3|information|missingIncludeSystem|Include file: <stdio.h> not found. Please note: Cppcheck does not need standard library headers to get proper results.,/home/yichen/Desktop/Gemini_SDF_Results06/logs/F002_cppcheck.log
/home/yichen/Desktop/Gemini_SDF06/F002.c,cppcheck,True,success,True,0,12,4,information,missingIncludeSystem,Include file: <stdlib.h> not found. Please note: Cppcheck does not need standard library headers to get proper results.,/home/yichen/Desktop/Gemini_SDF06/F002.c|4|information|missingIncludeSystem|Include file: <stdlib.h> not found. Please note: Cppcheck does not need standard library headers to get proper results.,/home/yichen/Desktop/Gemini_SDF_Results06/logs/F002_cppcheck.log
/home/yichen/Desktop/Gemini_SDF06/F002.c,cppcheck,True,success,True,0,12,5,information,missingIncludeSystem,Include file: <string.h> not found. Please note: Cppcheck does not need standard library headers to get proper results.,/home/yichen/Desktop/Gemini_SDF06/F002.c|5|information|missingIncludeSystem|Include file: <string.h> not found. Please note: Cppcheck does not need standard library headers to get proper results.,/home/yichen/Desktop/Gemini_SDF_Results06/logs/F002_cppcheck.log
/home/yichen/Desktop/Gemini_SDF06/F002.c,cppcheck,True,success,True,0,12,25,style,constVariablePointer,Variable 'cmd' can be declared as pointer to const,/home/yichen/Desktop/Gemini_SDF06/F002.c|25|style|constVariablePointer|Variable 'cmd' can be declared as pointer to const,/home/yichen/Desktop/Gemini_SDF_Results06/logs/F002_cppcheck.log
/home/yichen/Desktop/Gemini_SDF06/F002.c,cppcheck,True,success,True,0,12,36,style,constVariablePointer,Variable 'tag' can be declared as pointer to const,/home/yichen/Desktop/Gemini_SDF06/F002.c|36|style|constVariablePointer|Variable 'tag' can be declared as pointer to const,/home/yichen/Desktop/Gemini_SDF_Results06/logs/F002_cppcheck.log
/home/yichen/Desktop/Gemini_SDF06/F002.c,cppcheck,True,success,True,0,12,43,style,constVariablePointer,Variable 'message' can be declared as pointer to const,/home/yichen/Desktop/Gemini_SDF06/F002.c|43|style|constVariablePointer|Variable 'message' can be declared as pointer to const,/home/yichen/Desktop/Gemini_SDF_Results06/logs/F002_cppcheck.log
/home/yichen/Desktop/Gemini_SDF06/F002.c,cppcheck,True,success,True,0,12,65,style,constVariablePointer,Variable 'tag1' can be declared as pointer to const,/home/yichen/Desktop/Gemini_SDF06/F002.c|65|style|constVariablePointer|Variable 'tag1' can be declared as pointer to const,/home/yichen/Desktop/Gemini_SDF_Results06/logs/F002_cppcheck.log
/home/yichen/Desktop/Gemini_SDF06/F002.c,cppcheck,True,success,True,0,12,72,style,constVariablePointer,Variable 'tag2' can be declared as pointer to const,/home/yichen/Desktop/Gemini_SDF06/F002.c|72|style|constVariablePointer|Variable 'tag2' can be declared as pointer to const,/home/yichen/Desktop/Gemini_SDF_Results06/logs/F002_cppcheck.log
/home/yichen/Desktop/Gemini_SDF06/F002.c,cppcheck,True,success,True,0,12,79,style,constVariablePointer,Variable 'newtag' can be declared as pointer to const,/home/yichen/Desktop/Gemini_SDF06/F002.c|79|style|constVariablePointer|Variable 'newtag' can be declared as pointer to const,/home/yichen/Desktop/Gemini_SDF_Results06/logs/F002_cppcheck.log
/home/yichen/Desktop/Gemini_SDF06/F002.c,cppcheck,True,success,True,0,12,131,style,constVariablePointer,Variable 'tag' can be declared as pointer to const,/home/yichen/Desktop/Gemini_SDF06/F002.c|131|style|constVariablePointer|Variable 'tag' can be declared as pointer to const,/home/yichen/Desktop/Gemini_SDF_Results06/logs/F002_cppcheck.log
/home/yichen/Desktop/Gemini_SDF06/F002.c,cppcheck,True,success,True,0,12,151,style,constVariablePointer,Variable 'tag' can be declared as pointer to const,/home/yichen/Desktop/Gemini_SDF06/F002.c|151|style|constVariablePointer|Variable 'tag' can be declared as pointer to const,/home/yichen/Desktop/Gemini_SDF_Results06/logs/F002_cppcheck.log
nofile,cppcheck,True,success,True,0,12,0,information,checkersReport,Active checkers: 113/592 (use --checkers-report=<filename> to see details),nofile|0|information|checkersReport|Active checkers: 113/592 (use --checkers-report=<filename> to see details),/home/yichen/Desktop/Gemini_SDF_Results06/logs/F002_cppcheck.log
/home/yichen/Desktop/Gemini_SDF06/F003.c,cppcheck,True,success,True,0,11,3,information,missingIncludeSystem,Include file: <stdio.h> not found. Please note: Cppcheck does not need standard library headers to get proper results.,/home/yichen/Desktop/Gemini_SDF06/F003.c|3|information|missingIncludeSystem|Include file: <stdio.h> not found. Please note: Cppcheck does not need standard library headers to get proper results.,/home/yichen/Desktop/Gemini_SDF_Results06/logs/F003_cppcheck.log
/home/yichen/Desktop/Gemini_SDF06/F003.c,cppcheck,True,success,True,0,11,4,information,missingIncludeSystem,Include file: <stdlib.h> not found. Please note: Cppcheck does not need standard library headers to get proper results.,/home/yichen/Desktop/Gemini_SDF06/F003.c|4|information|missingIncludeSystem|Include file: <stdlib.h> not found. Please note: Cppcheck does not need standard library headers to get proper results.,/home/yichen/Desktop/Gemini_SDF_Results06/logs/F003_cppcheck.log
/home/yichen/Desktop/Gemini_SDF06/F003.c,cppcheck,True,success,True,0,11,5,information,missingIncludeSystem,Include file: <string.h> not found. Please note: Cppcheck does not need standard library headers to get proper results.,/home/yichen/Desktop/Gemini_SDF06/F003.c|5|information|missingIncludeSystem|Include file: <string.h> not found. Please note: Cppcheck does not need standard library headers to get proper results.,/home/yichen/Desktop/Gemini_SDF_Results06/logs/F003_cppcheck.log
/home/yichen/Desktop/Gemini_SDF06/F003.c,cppcheck,True,success,True,0,11,25,style,constVariablePointer,Variable 'cmd' can be declared as pointer to const,/home/yichen/Desktop/Gemini_SDF06/F003.c|25|style|constVariablePointer|Variable 'cmd' can be declared as pointer to const,/home/yichen/Desktop/Gemini_SDF_Results06/logs/F003_cppcheck.log
/home/yichen/Desktop/Gemini_SDF06/F003.c,cppcheck,True,success,True,0,11,36,style,constVariablePointer,Variable 'name' can be declared as pointer to const,/home/yichen/Desktop/Gemini_SDF06/F003.c|36|style|constVariablePointer|Variable 'name' can be declared as pointer to const,/home/yichen/Desktop/Gemini_SDF_Results06/logs/F003_cppcheck.log
/home/yichen/Desktop/Gemini_SDF06/F003.c,cppcheck,True,success,True,0,11,43,style,constVariablePointer,Variable 'expansion' can be declared as pointer to const,/home/yichen/Desktop/Gemini_SDF06/F003.c|43|style|constVariablePointer|Variable 'expansion' can be declared as pointer to const,/home/yichen/Desktop/Gemini_SDF_Results06/logs/F003_cppcheck.log
/home/yichen/Desktop/Gemini_SDF06/F003.c,cppcheck,True,success,True,0,11,80,style,constVariablePointer,Variable 'name' can be declared as pointer to const,/home/yichen/Desktop/Gemini_SDF06/F003.c|80|style|constVariablePointer|Variable 'name' can be declared as pointer to const,/home/yichen/Desktop/Gemini_SDF_Results06/logs/F003_cppcheck.log
/home/yichen/Desktop/Gemini_SDF06/F003.c,cppcheck,True,success,True,0,11,100,style,constVariablePointer,Variable 'old' can be declared as pointer to const,/home/yichen/Desktop/Gemini_SDF06/F003.c|100|style|constVariablePointer|Variable 'old' can be declared as pointer to const,/home/yichen/Desktop/Gemini_SDF_Results06/logs/F003_cppcheck.log
/home/yichen/Desktop/Gemini_SDF06/F003.c,cppcheck,True,success,True,0,11,107,style,constVariablePointer,Variable 'new_name' can be declared as pointer to const,/home/yichen/Desktop/Gemini_SDF06/F003.c|107|style|constVariablePointer|Variable 'new_name' can be declared as pointer to const,/home/yichen/Desktop/Gemini_SDF_Results06/logs/F003_cppcheck.log
/home/yichen/Desktop/Gemini_SDF06/F003.c,cppcheck,True,success,True,0,11,125,style,constVariablePointer,Variable 'name' can be declared as pointer to const,/home/yichen/Desktop/Gemini_SDF06/F003.c|125|style|constVariablePointer|Variable 'name' can be declared as pointer to const,/home/yichen/Desktop/Gemini_SDF_Results06/logs/F003_cppcheck.log
nofile,cppcheck,True,success,True,0,11,0,information,checkersReport,Active checkers: 113/592 (use --checkers-report=<filename> to see details),nofile|0|information|checkersReport|Active checkers: 113/592 (use --checkers-report=<filename> to see details),/home/yichen/Desktop/Gemini_SDF_Results06/logs/F003_cppcheck.log
/home/yichen/Desktop/Gemini_SDF06/F004.c,cppcheck,True,success,True,0,8,3,information,missingIncludeSystem,Include file: <stdio.h> not found. Please note: Cppcheck does not need standard library headers to get proper results.,/home/yichen/Desktop/Gemini_SDF06/F004.c|3|information|missingIncludeSystem|Include file: <stdio.h> not found. Please note: Cppcheck does not need standard library headers to get proper results.,/home/yichen/Desktop/Gemini_SDF_Results06/logs/F004_cppcheck.log
/home/yichen/Desktop/Gemini_SDF06/F004.c,cppcheck,True,success,True,0,8,4,information,missingIncludeSystem,Include file: <stdlib.h> not found. Please note: Cppcheck does not need standard library headers to get proper results.,/home/yichen/Desktop/Gemini_SDF06/F004.c|4|information|missingIncludeSystem|Include file: <stdlib.h> not found. Please note: Cppcheck does not need standard library headers to get proper results.,/home/yichen/Desktop/Gemini_SDF_Results06/logs/F004_cppcheck.log
/home/yichen/Desktop/Gemini_SDF06/F004.c,cppcheck,True,success,True,0,8,5,information,missingIncludeSystem,Include file: <string.h> not found. Please note: Cppcheck does not need standard library headers to get proper results.,/home/yichen/Desktop/Gemini_SDF06/F004.c|5|information|missingIncludeSystem|Include file: <string.h> not found. Please note: Cppcheck does not need standard library headers to get proper results.,/home/yichen/Desktop/Gemini_SDF_Results06/logs/F004_cppcheck.log
/home/yichen/Desktop/Gemini_SDF06/F004.c,cppcheck,True,success,True,0,8,25,style,constVariablePointer,Variable 'cmd' can be declared as pointer to const,/home/yichen/Desktop/Gemini_SDF06/F004.c|25|style|constVariablePointer|Variable 'cmd' can be declared as pointer to const,/home/yichen/Desktop/Gemini_SDF_Results06/logs/F004_cppcheck.log
/home/yichen/Desktop/Gemini_SDF06/F004.c,cppcheck,True,success,True,0,8,36,style,constVariablePointer,Variable 'key' can be declared as pointer to const,/home/yichen/Desktop/Gemini_SDF06/F004.c|36|style|constVariablePointer|Variable 'key' can be declared as pointer to const,/home/yichen/Desktop/Gemini_SDF_Results06/logs/F004_cppcheck.log
/home/yichen/Desktop/Gemini_SDF06/F004.c,cppcheck,True,success,True,0,8,43,style,constVariablePointer,Variable 'value' can be declared as pointer to const,/home/yichen/Desktop/Gemini_SDF06/F004.c|43|style|constVariablePointer|Variable 'value' can be declared as pointer to const,/home/yichen/Desktop/Gemini_SDF_Results06/logs/F004_cppcheck.log
/home/yichen/Desktop/Gemini_SDF06/F004.c,cppcheck,True,success,True,0,8,80,style,constVariablePointer,Variable 'key' can be declared as pointer to const,/home/yichen/Desktop/Gemini_SDF06/F004.c|80|style|constVariablePointer|Variable 'key' can be declared as pointer to const,/home/yichen/Desktop/Gemini_SDF_Results06/logs/F004_cppcheck.log
nofile,cppcheck,True,success,True,0,8,0,information,checkersReport,Active checkers: 113/592 (use --checkers-report=<filename> to see details),nofile|0|information|checkersReport|Active checkers: 113/592 (use --checkers-report=<filename> to see details),/home/yichen/Desktop/Gemini_SDF_Results06/logs/F004_cppcheck.log
/home/yichen/Desktop/Gemini_SDF06/F005.c,cppcheck,True,success,True,0,11,3,information,missingIncludeSystem,Include file: <stdio.h> not found. Please note: Cppcheck does not need standard library headers to get proper results.,/home/yichen/Desktop/Gemini_SDF06/F005.c|3|information|missingIncludeSystem|Include file: <stdio.h> not found. Please note: Cppcheck does not need standard library headers to get proper results.,/home/yichen/Desktop/Gemini_SDF_Results06/logs/F005_cppcheck.log
/home/yichen/Desktop/Gemini_SDF06/F005.c,cppcheck,True,success,True,0,11,4,information,missingIncludeSystem,Include file: <stdlib.h> not found. Please note: Cppcheck does not need standard library headers to get proper results.,/home/yichen/Desktop/Gemini_SDF06/F005.c|4|information|missingIncludeSystem|Include file: <stdlib.h> not found. Please note: Cppcheck does not need standard library headers to get proper results.,/home/yichen/Desktop/Gemini_SDF_Results06/logs/F005_cppcheck.log
/home/yichen/Desktop/Gemini_SDF06/F005.c,cppcheck,True,success,True,0,11,5,information,missingIncludeSystem,Include file: <string.h> not found. Please note: Cppcheck does not need standard library headers to get proper results.,/home/yichen/Desktop/Gemini_SDF06/F005.c|5|information|missingIncludeSystem|Include file: <string.h> not found. Please note: Cppcheck does not need standard library headers to get proper results.,/home/yichen/Desktop/Gemini_SDF_Results06/logs/F005_cppcheck.log
/home/yichen/Desktop/Gemini_SDF06/F005.c,cppcheck,True,success,True,0,11,20,style,constVariablePointer,Variable 'cmd' can be declared as pointer to const,/home/yichen/Desktop/Gemini_SDF06/F005.c|20|style|constVariablePointer|Variable 'cmd' can be declared as pointer to const,/home/yichen/Desktop/Gemini_SDF_Results06/logs/F005_cppcheck.log
/home/yichen/Desktop/Gemini_SDF06/F005.c,cppcheck,True,success,True,0,11,31,style,constVariablePointer,Variable 'idx_str' can be declared as pointer to const,/home/yichen/Desktop/Gemini_SDF06/F005.c|31|style|constVariablePointer|Variable 'idx_str' can be declared as pointer to const,/home/yichen/Desktop/Gemini_SDF_Results06/logs/F005_cppcheck.log
/home/yichen/Desktop/Gemini_SDF06/F005.c,cppcheck,True,success,True,0,11,38,style,constVariablePointer,Variable 'text' can be declared as pointer to const,/home/yichen/Desktop/Gemini_SDF06/F005.c|38|style|constVariablePointer|Variable 'text' can be declared as pointer to const,/home/yichen/Desktop/Gemini_SDF_Results06/logs/F005_cppcheck.log
/home/yichen/Desktop/Gemini_SDF06/F005.c,cppcheck,True,success,True,0,11,59,style,constVariablePointer,Variable 'text' can be declared as pointer to const,/home/yichen/Desktop/Gemini_SDF06/F005.c|59|style|constVariablePointer|Variable 'text' can be declared as pointer to const,/home/yichen/Desktop/Gemini_SDF_Results06/logs/F005_cppcheck.log
/home/yichen/Desktop/Gemini_SDF06/F005.c,cppcheck,True,success,True,0,11,74,style,constVariablePointer,Variable 'idx_str' can be declared as pointer to const,/home/yichen/Desktop/Gemini_SDF06/F005.c|74|style|constVariablePointer|Variable 'idx_str' can be declared as pointer to const,/home/yichen/Desktop/Gemini_SDF_Results06/logs/F005_cppcheck.log
/home/yichen/Desktop/Gemini_SDF06/F005.c,cppcheck,True,success,True,0,11,88,style,constVariablePointer,Variable 'idx_str' can be declared as pointer to const,/home/yichen/Desktop/Gemini_SDF06/F005.c|88|style|constVariablePointer|Variable 'idx_str' can be declared as pointer to const,/home/yichen/Desktop/Gemini_SDF_Results06/logs/F005_cppcheck.log
/home/yichen/Desktop/Gemini_SDF06/F005.c,cppcheck,True,success,True,0,11,95,style,constVariablePointer,Variable 'text' can be declared as pointer to const,/home/yichen/Desktop/Gemini_SDF06/F005.c|95|style|constVariablePointer|Variable 'text' can be declared as pointer to const,/home/yichen/Desktop/Gemini_SDF_Results06/logs/F005_cppcheck.log
nofile,cppcheck,True,success,True,0,11,0,information,checkersReport,Active checkers: 113/592 (use --checkers-report=<filename> to see details),nofile|0|information|checkersReport|Active checkers: 113/592 (use --checkers-report=<filename> to see details),/home/yichen/Desktop/Gemini_SDF_Results06/logs/F005_cppcheck.log
/home/yichen/Desktop/Gemini_SDF06/F006.c,cppcheck,True,success,True,0,9,3,information,missingIncludeSystem,Include file: <stdio.h> not found. Please note: Cppcheck does not need standard library headers to get proper results.,/home/yichen/Desktop/Gemini_SDF06/F006.c|3|information|missingIncludeSystem|Include file: <stdio.h> not found. Please note: Cppcheck does not need standard library headers to get proper results.,/home/yichen/Desktop/Gemini_SDF_Results06/logs/F006_cppcheck.log
/home/yichen/Desktop/Gemini_SDF06/F006.c,cppcheck,True,success,True,0,9,4,information,missingIncludeSystem,Include file: <stdlib.h> not found. Please note: Cppcheck does not need standard library headers to get proper results.,/home/yichen/Desktop/Gemini_SDF06/F006.c|4|information|missingIncludeSystem|Include file: <stdlib.h> not found. Please note: Cppcheck does not need standard library headers to get proper results.,/home/yichen/Desktop/Gemini_SDF_Results06/logs/F006_cppcheck.log
/home/yichen/Desktop/Gemini_SDF06/F006.c,cppcheck,True,success,True,0,9,5,information,missingIncludeSystem,Include file: <string.h> not found. Please note: Cppcheck does not need standard library headers to get proper results.,/home/yichen/Desktop/Gemini_SDF06/F006.c|5|information|missingIncludeSystem|Include file: <string.h> not found. Please note: Cppcheck does not need standard library headers to get proper results.,/home/yichen/Desktop/Gemini_SDF_Results06/logs/F006_cppcheck.log
/home/yichen/Desktop/Gemini_SDF06/F006.c,cppcheck,True,success,True,0,9,25,style,constVariablePointer,Variable 'cmd' can be declared as pointer to const,/home/yichen/Desktop/Gemini_SDF06/F006.c|25|style|constVariablePointer|Variable 'cmd' can be declared as pointer to const,/home/yichen/Desktop/Gemini_SDF_Results06/logs/F006_cppcheck.log
/home/yichen/Desktop/Gemini_SDF06/F006.c,cppcheck,True,success,True,0,9,36,style,constVariablePointer,Variable 'item' can be declared as pointer to const,/home/yichen/Desktop/Gemini_SDF06/F006.c|36|style|constVariablePointer|Variable 'item' can be declared as pointer to const,/home/yichen/Desktop/Gemini_SDF_Results06/logs/F006_cppcheck.log
/home/yichen/Desktop/Gemini_SDF06/F006.c,cppcheck,True,success,True,0,9,43,style,constVariablePointer,Variable 'cnt_str' can be declared as pointer to const,/home/yichen/Desktop/Gemini_SDF06/F006.c|43|style|constVariablePointer|Variable 'cnt_str' can be declared as pointer to const,/home/yichen/Desktop/Gemini_SDF_Results06/logs/F006_cppcheck.log
/home/yichen/Desktop/Gemini_SDF06/F006.c,cppcheck,True,success,True,0,9,86,style,constVariablePointer,Variable 'item' can be declared as pointer to const,/home/yichen/Desktop/Gemini_SDF06/F006.c|86|style|constVariablePointer|Variable 'item' can be declared as pointer to const,/home/yichen/Desktop/Gemini_SDF_Results06/logs/F006_cppcheck.log
/home/yichen/Desktop/Gemini_SDF06/F006.c,cppcheck,True,success,True,0,9,103,style,constVariablePointer,Variable 'item' can be declared as pointer to const,/home/yichen/Desktop/Gemini_SDF06/F006.c|103|style|constVariablePointer|Variable 'item' can be declared as pointer to const,/home/yichen/Desktop/Gemini_SDF_Results06/logs/F006_cppcheck.log
nofile,cppcheck,True,success,True,0,9,0,information,checkersReport,Active checkers: 113/592 (use --checkers-report=<filename> to see details),nofile|0|information|checkersReport|Active checkers: 113/592 (use --checkers-report=<filename> to see details),/home/yichen/Desktop/Gemini_SDF_Results06/logs/F006_cppcheck.log
/home/yichen/Desktop/Gemini_SDF06/F007.c,cppcheck,True,success,True,0,11,3,information,missingIncludeSystem,Include file: <stdio.h> not found. Please note: Cppcheck does not need standard library headers to get proper results.,/home/yichen/Desktop/Gemini_SDF06/F007.c|3|information|missingIncludeSystem|Include file: <stdio.h> not found. Please note: Cppcheck does not need standard library headers to get proper results.,/home/yichen/Desktop/Gemini_SDF_Results06/logs/F007_cppcheck.log
/home/yichen/Desktop/Gemini_SDF06/F007.c,cppcheck,True,success,True,0,11,4,information,missingIncludeSystem,Include file: <stdlib.h> not found. Please note: Cppcheck does not need standard library headers to get proper results.,/home/yichen/Desktop/Gemini_SDF06/F007.c|4|information|missingIncludeSystem|Include file: <stdlib.h> not found. Please note: Cppcheck does not need standard library headers to get proper results.,/home/yichen/Desktop/Gemini_SDF_Results06/logs/F007_cppcheck.log
/home/yichen/Desktop/Gemini_SDF06/F007.c,cppcheck,True,success,True,0,11,5,information,missingIncludeSystem,Include file: <string.h> not found. Please note: Cppcheck does not need standard library headers to get proper results.,/home/yichen/Desktop/Gemini_SDF06/F007.c|5|information|missingIncludeSystem|Include file: <string.h> not found. Please note: Cppcheck does not need standard library headers to get proper results.,/home/yichen/Desktop/Gemini_SDF_Results06/logs/F007_cppcheck.log
/home/yichen/Desktop/Gemini_SDF06/F007.c,cppcheck,True,success,True,0,11,34,style,constVariablePointer,Variable 'cmd' can be declared as pointer to const,/home/yichen/Desktop/Gemini_SDF06/F007.c|34|style|constVariablePointer|Variable 'cmd' can be declared as pointer to const,/home/yichen/Desktop/Gemini_SDF_Results06/logs/F007_cppcheck.log
/home/yichen/Desktop/Gemini_SDF06/F007.c,cppcheck,True,success,True,0,11,45,style,constVariablePointer,Variable 'time' can be declared as pointer to const,/home/yichen/Desktop/Gemini_SDF06/F007.c|45|style|constVariablePointer|Variable 'time' can be declared as pointer to const,/home/yichen/Desktop/Gemini_SDF_Results06/logs/F007_cppcheck.log
/home/yichen/Desktop/Gemini_SDF06/F007.c,cppcheck,True,success,True,0,11,52,style,constVariablePointer,Variable 'label' can be declared as pointer to const,/home/yichen/Desktop/Gemini_SDF06/F007.c|52|style|constVariablePointer|Variable 'label' can be declared as pointer to const,/home/yichen/Desktop/Gemini_SDF_Results06/logs/F007_cppcheck.log
/home/yichen/Desktop/Gemini_SDF06/F007.c,cppcheck,True,success,True,0,11,59,style,constVariablePointer,Variable 'note' can be declared as pointer to const,/home/yichen/Desktop/Gemini_SDF06/F007.c|59|style|constVariablePointer|Variable 'note' can be declared as pointer to const,/home/yichen/Desktop/Gemini_SDF_Results06/logs/F007_cppcheck.log
/home/yichen/Desktop/Gemini_SDF06/F007.c,cppcheck,True,success,True,0,11,85,style,constVariablePointer,Variable 'time' can be declared as pointer to const,/home/yichen/Desktop/Gemini_SDF06/F007.c|85|style|constVariablePointer|Variable 'time' can be declared as pointer to const,/home/yichen/Desktop/Gemini_SDF_Results06/logs/F007_cppcheck.log
/home/yichen/Desktop/Gemini_SDF06/F007.c,cppcheck,True,success,True,0,11,92,style,constVariablePointer,Variable 'label' can be declared as pointer to const,/home/yichen/Desktop/Gemini_SDF06/F007.c|92|style|constVariablePointer|Variable 'label' can be declared as pointer to const,/home/yichen/Desktop/Gemini_SDF_Results06/logs/F007_cppcheck.log
/home/yichen/Desktop/Gemini_SDF06/F007.c,cppcheck,True,success,True,0,11,114,style,constVariablePointer,Variable 'label' can be declared as pointer to const,/home/yichen/Desktop/Gemini_SDF06/F007.c|114|style|constVariablePointer|Variable 'label' can be declared as pointer to const,/home/yichen/Desktop/Gemini_SDF_Results06/logs/F007_cppcheck.log
nofile,cppcheck,True,success,True,0,11,0,information,checkersReport,Active checkers: 113/592 (use --checkers-report=<filename> to see details),nofile|0|information|checkersReport|Active checkers: 113/592 (use --checkers-report=<filename> to see details),/home/yichen/Desktop/Gemini_SDF_Results06/logs/F007_cppcheck.log
/home/yichen/Desktop/Gemini_SDF06/F008.c,cppcheck,True,success,True,0,9,3,information,missingIncludeSystem,Include file: <stdio.h> not found. Please note: Cppcheck does not need standard library headers to get proper results.,/home/yichen/Desktop/Gemini_SDF06/F008.c|3|information|missingIncludeSystem|Include file: <stdio.h> not found. Please note: Cppcheck does not need standard library headers to get proper results.,/home/yichen/Desktop/Gemini_SDF_Results06/logs/F008_cppcheck.log
/home/yichen/Desktop/Gemini_SDF06/F008.c,cppcheck,True,success,True,0,9,4,information,missingIncludeSystem,Include file: <stdlib.h> not found. Please note: Cppcheck does not need standard library headers to get proper results.,/home/yichen/Desktop/Gemini_SDF06/F008.c|4|information|missingIncludeSystem|Include file: <stdlib.h> not found. Please note: Cppcheck does not need standard library headers to get proper results.,/home/yichen/Desktop/Gemini_SDF_Results06/logs/F008_cppcheck.log
/home/yichen/Desktop/Gemini_SDF06/F008.c,cppcheck,True,success,True,0,9,5,information,missingIncludeSystem,Include file: <string.h> not found. Please note: Cppcheck does not need standard library headers to get proper results.,/home/yichen/Desktop/Gemini_SDF06/F008.c|5|information|missingIncludeSystem|Include file: <string.h> not found. Please note: Cppcheck does not need standard library headers to get proper results.,/home/yichen/Desktop/Gemini_SDF_Results06/logs/F008_cppcheck.log
/home/yichen/Desktop/Gemini_SDF06/F008.c,cppcheck,True,success,True,0,9,26,style,constVariablePointer,Variable 'cmd' can be declared as pointer to const,/home/yichen/Desktop/Gemini_SDF06/F008.c|26|style|constVariablePointer|Variable 'cmd' can be declared as pointer to const,/home/yichen/Desktop/Gemini_SDF_Results06/logs/F008_cppcheck.log
/home/yichen/Desktop/Gemini_SDF06/F008.c,cppcheck,True,success,True,0,9,37,style,constVariablePointer,Variable 'name' can be declared as pointer to const,/home/yichen/Desktop/Gemini_SDF06/F008.c|37|style|constVariablePointer|Variable 'name' can be declared as pointer to const,/home/yichen/Desktop/Gemini_SDF_Results06/logs/F008_cppcheck.log
/home/yichen/Desktop/Gemini_SDF06/F008.c,cppcheck,True,success,True,0,9,44,style,constVariablePointer,Variable 'scr_str' can be declared as pointer to const,/home/yichen/Desktop/Gemini_SDF06/F008.c|44|style|constVariablePointer|Variable 'scr_str' can be declared as pointer to const,/home/yichen/Desktop/Gemini_SDF_Results06/logs/F008_cppcheck.log
/home/yichen/Desktop/Gemini_SDF06/F008.c,cppcheck,True,success,True,0,9,51,style,constVariablePointer,Variable 'note' can be declared as pointer to const,/home/yichen/Desktop/Gemini_SDF06/F008.c|51|style|constVariablePointer|Variable 'note' can be declared as pointer to const,/home/yichen/Desktop/Gemini_SDF_Results06/logs/F008_cppcheck.log
/home/yichen/Desktop/Gemini_SDF06/F008.c,cppcheck,True,success,True,0,9,95,style,constVariablePointer,Variable 'name' can be declared as pointer to const,/home/yichen/Desktop/Gemini_SDF06/F008.c|95|style|constVariablePointer|Variable 'name' can be declared as pointer to const,/home/yichen/Desktop/Gemini_SDF_Results06/logs/F008_cppcheck.log
nofile,cppcheck,True,success,True,0,9,0,information,checkersReport,Active checkers: 113/592 (use --checkers-report=<filename> to see details),nofile|0|information|checkersReport|Active checkers: 113/592 (use --checkers-report=<filename> to see details),/home/yichen/Desktop/Gemini_SDF_Results06/logs/F008_cppcheck.log
/home/yichen/Desktop/Gemini_SDF06/F009.c,cppcheck,True,success,True,0,14,3,information,missingIncludeSystem,Include file: <stdio.h> not found. Please note: Cppcheck does not need standard library headers to get proper results.,/home/yichen/Desktop/Gemini_SDF06/F009.c|3|information|missingIncludeSystem|Include file: <stdio.h> not found. Please note: Cppcheck does not need standard library headers to get proper results.,/home/yichen/Desktop/Gemini_SDF_Results06/logs/F009_cppcheck.log
/home/yichen/Desktop/Gemini_SDF06/F009.c,cppcheck,True,success,True,0,14,4,information,missingIncludeSystem,Include file: <stdlib.h> not found. Please note: Cppcheck does not need standard library headers to get proper results.,/home/yichen/Desktop/Gemini_SDF06/F009.c|4|information|missingIncludeSystem|Include file: <stdlib.h> not found. Please note: Cppcheck does not need standard library headers to get proper results.,/home/yichen/Desktop/Gemini_SDF_Results06/logs/F009_cppcheck.log
/home/yichen/Desktop/Gemini_SDF06/F009.c,cppcheck,True,success,True,0,14,5,information,missingIncludeSystem,Include file: <string.h> not found. Please note: Cppcheck does not need standard library headers to get proper results.,/home/yichen/Desktop/Gemini_SDF06/F009.c|5|information|missingIncludeSystem|Include file: <string.h> not found. Please note: Cppcheck does not need standard library headers to get proper results.,/home/yichen/Desktop/Gemini_SDF_Results06/logs/F009_cppcheck.log
/home/yichen/Desktop/Gemini_SDF06/F009.c,cppcheck,True,success,True,0,14,27,style,constVariablePointer,Variable 'cmd' can be declared as pointer to const,/home/yichen/Desktop/Gemini_SDF06/F009.c|27|style|constVariablePointer|Variable 'cmd' can be declared as pointer to const,/home/yichen/Desktop/Gemini_SDF_Results06/logs/F009_cppcheck.log
/home/yichen/Desktop/Gemini_SDF06/F009.c,cppcheck,True,success,True,0,14,38,style,constVariablePointer,Variable 'group_name' can be declared as pointer to const,/home/yichen/Desktop/Gemini_SDF06/F009.c|38|style|constVariablePointer|Variable 'group_name' can be declared as pointer to const,/home/yichen/Desktop/Gemini_SDF_Results06/logs/F009_cppcheck.log
/home/yichen/Desktop/Gemini_SDF06/F009.c,cppcheck,True,success,True,0,14,45,style,constVariablePointer,Variable 'description' can be declared as pointer to const,/home/yichen/Desktop/Gemini_SDF06/F009.c|45|style|constVariablePointer|Variable 'description' can be declared as pointer to const,/home/yichen/Desktop/Gemini_SDF_Results06/logs/F009_cppcheck.log
/home/yichen/Desktop/Gemini_SDF06/F009.c,cppcheck,True,success,True,0,14,91,style,constVariablePointer,Variable 'groupA' can be declared as pointer to const,/home/yichen/Desktop/Gemini_SDF06/F009.c|91|style|constVariablePointer|Variable 'groupA' can be declared as pointer to const,/home/yichen/Desktop/Gemini_SDF_Results06/logs/F009_cppcheck.log
/home/yichen/Desktop/Gemini_SDF06/F009.c,cppcheck,True,success,True,0,14,98,style,constVariablePointer,Variable 'groupB' can be declared as pointer to const,/home/yichen/Desktop/Gemini_SDF06/F009.c|98|style|constVariablePointer|Variable 'groupB' can be declared as pointer to const,/home/yichen/Desktop/Gemini_SDF_Results06/logs/F009_cppcheck.log
/home/yichen/Desktop/Gemini_SDF06/F009.c,cppcheck,True,success,True,0,14,105,style,constVariablePointer,Variable 'newGroup' can be declared as pointer to const,/home/yichen/Desktop/Gemini_SDF06/F009.c|105|style|constVariablePointer|Variable 'newGroup' can be declared as pointer to const,/home/yichen/Desktop/Gemini_SDF_Results06/logs/F009_cppcheck.log
/home/yichen/Desktop/Gemini_SDF06/F009.c,cppcheck,True,success,True,0,14,146,style,constVariablePointer,Variable 'gA' can be declared as pointer to const,/home/yichen/Desktop/Gemini_SDF06/F009.c|146|style|constVariablePointer|Variable 'gA' can be declared as pointer to const,/home/yichen/Desktop/Gemini_SDF_Results06/logs/F009_cppcheck.log
/home/yichen/Desktop/Gemini_SDF06/F009.c,cppcheck,True,success,True,0,14,147,style,constVariablePointer,Variable 'gB' can be declared as pointer to const,/home/yichen/Desktop/Gemini_SDF06/F009.c|147|style|constVariablePointer|Variable 'gB' can be declared as pointer to const,/home/yichen/Desktop/Gemini_SDF_Results06/logs/F009_cppcheck.log
/home/yichen/Desktop/Gemini_SDF06/F009.c,cppcheck,True,success,True,0,14,172,style,constVariablePointer,Variable 'group_name' can be declared as pointer to const,/home/yichen/Desktop/Gemini_SDF06/F009.c|172|style|constVariablePointer|Variable 'group_name' can be declared as pointer to const,/home/yichen/Desktop/Gemini_SDF_Results06/logs/F009_cppcheck.log
/home/yichen/Desktop/Gemini_SDF06/F009.c,cppcheck,True,success,True,0,14,193,style,constVariablePointer,Variable 'group_name' can be declared as pointer to const,/home/yichen/Desktop/Gemini_SDF06/F009.c|193|style|constVariablePointer|Variable 'group_name' can be declared as pointer to const,/home/yichen/Desktop/Gemini_SDF_Results06/logs/F009_cppcheck.log
nofile,cppcheck,True,success,True,0,14,0,information,checkersReport,Active checkers: 113/592 (use --checkers-report=<filename> to see details),nofile|0|information|checkersReport|Active checkers: 113/592 (use --checkers-report=<filename> to see details),/home/yichen/Desktop/Gemini_SDF_Results06/logs/F009_cppcheck.log
/home/yichen/Desktop/Gemini_SDF06/F010.c,cppcheck,True,success,True,0,9,3,information,missingIncludeSystem,Include file: <stdio.h> not found. Please note: Cppcheck does not need standard library headers to get proper results.,/home/yichen/Desktop/Gemini_SDF06/F010.c|3|information|missingIncludeSystem|Include file: <stdio.h> not found. Please note: Cppcheck does not need standard library headers to get proper results.,/home/yichen/Desktop/Gemini_SDF_Results06/logs/F010_cppcheck.log
/home/yichen/Desktop/Gemini_SDF06/F010.c,cppcheck,True,success,True,0,9,4,information,missingIncludeSystem,Include file: <stdlib.h> not found. Please note: Cppcheck does not need standard library headers to get proper results.,/home/yichen/Desktop/Gemini_SDF06/F010.c|4|information|missingIncludeSystem|Include file: <stdlib.h> not found. Please note: Cppcheck does not need standard library headers to get proper results.,/home/yichen/Desktop/Gemini_SDF_Results06/logs/F010_cppcheck.log
/home/yichen/Desktop/Gemini_SDF06/F010.c,cppcheck,True,success,True,0,9,5,information,missingIncludeSystem,Include file: <string.h> not found. Please note: Cppcheck does not need standard library headers to get proper results.,/home/yichen/Desktop/Gemini_SDF06/F010.c|5|information|missingIncludeSystem|Include file: <string.h> not found. Please note: Cppcheck does not need standard library headers to get proper results.,/home/yichen/Desktop/Gemini_SDF_Results06/logs/F010_cppcheck.log
/home/yichen/Desktop/Gemini_SDF06/F010.c,cppcheck,True,success,True,0,9,27,style,constVariablePointer,Variable 'cmd' can be declared as pointer to const,/home/yichen/Desktop/Gemini_SDF06/F010.c|27|style|constVariablePointer|Variable 'cmd' can be declared as pointer to const,/home/yichen/Desktop/Gemini_SDF_Results06/logs/F010_cppcheck.log
/home/yichen/Desktop/Gemini_SDF06/F010.c,cppcheck,True,success,True,0,9,38,style,constVariablePointer,Variable 'key' can be declared as pointer to const,/home/yichen/Desktop/Gemini_SDF06/F010.c|38|style|constVariablePointer|Variable 'key' can be declared as pointer to const,/home/yichen/Desktop/Gemini_SDF_Results06/logs/F010_cppcheck.log
/home/yichen/Desktop/Gemini_SDF06/F010.c,cppcheck,True,success,True,0,9,45,style,constVariablePointer,Variable 'value' can be declared as pointer to const,/home/yichen/Desktop/Gemini_SDF06/F010.c|45|style|constVariablePointer|Variable 'value' can be declared as pointer to const,/home/yichen/Desktop/Gemini_SDF_Results06/logs/F010_cppcheck.log
/home/yichen/Desktop/Gemini_SDF06/F010.c,cppcheck,True,success,True,0,9,110,style,constVariablePointer,Variable 'key' can be declared as pointer to const,/home/yichen/Desktop/Gemini_SDF06/F010.c|110|style|constVariablePointer|Variable 'key' can be declared as pointer to const,/home/yichen/Desktop/Gemini_SDF_Results06/logs/F010_cppcheck.log
/home/yichen/Desktop/Gemini_SDF06/F010.c,cppcheck,True,success,True,0,9,131,style,constVariablePointer,Variable 'key' can be declared as pointer to const,/home/yichen/Desktop/Gemini_SDF06/F010.c|131|style|constVariablePointer|Variable 'key' can be declared as pointer to const,/home/yichen/Desktop/Gemini_SDF_Results06/logs/F010_cppcheck.log
nofile,cppcheck,True,success,True,0,9,0,information,checkersReport,Active checkers: 113/592 (use --checkers-report=<filename> to see details),nofile|0|information|checkersReport|Active checkers: 113/592 (use --checkers-report=<filename> to see details),/home/yichen/Desktop/Gemini_SDF_Results06/logs/F010_cppcheck.log
/home/yichen/Desktop/Gemini_SDF06/F011.c,cppcheck,True,success,True,0,11,3,information,missingIncludeSystem,Include file: <stdio.h> not found. Please note: Cppcheck does not need standard library headers to get proper results.,/home/yichen/Desktop/Gemini_SDF06/F011.c|3|information|missingIncludeSystem|Include file: <stdio.h> not found. Please note: Cppcheck does not need standard library headers to get proper results.,/home/yichen/Desktop/Gemini_SDF_Results06/logs/F011_cppcheck.log
/home/yichen/Desktop/Gemini_SDF06/F011.c,cppcheck,True,success,True,0,11,4,information,missingIncludeSystem,Include file: <stdlib.h> not found. Please note: Cppcheck does not need standard library headers to get proper results.,/home/yichen/Desktop/Gemini_SDF06/F011.c|4|information|missingIncludeSystem|Include file: <stdlib.h> not found. Please note: Cppcheck does not need standard library headers to get proper results.,/home/yichen/Desktop/Gemini_SDF_Results06/logs/F011_cppcheck.log
/home/yichen/Desktop/Gemini_SDF06/F011.c,cppcheck,True,success,True,0,11,5,information,missingIncludeSystem,Include file: <string.h> not found. Please note: Cppcheck does not need standard library headers to get proper results.,/home/yichen/Desktop/Gemini_SDF06/F011.c|5|information|missingIncludeSystem|Include file: <string.h> not found. Please note: Cppcheck does not need standard library headers to get proper results.,/home/yichen/Desktop/Gemini_SDF_Results06/logs/F011_cppcheck.log
/home/yichen/Desktop/Gemini_SDF06/F011.c,cppcheck,True,success,True,0,11,28,style,constVariablePointer,Variable 'cmd' can be declared as pointer to const,/home/yichen/Desktop/Gemini_SDF06/F011.c|28|style|constVariablePointer|Variable 'cmd' can be declared as pointer to const,/home/yichen/Desktop/Gemini_SDF_Results06/logs/F011_cppcheck.log
/home/yichen/Desktop/Gemini_SDF06/F011.c,cppcheck,True,success,True,0,11,39,style,constVariablePointer,Variable 'title' can be declared as pointer to const,/home/yichen/Desktop/Gemini_SDF06/F011.c|39|style|constVariablePointer|Variable 'title' can be declared as pointer to const,/home/yichen/Desktop/Gemini_SDF_Results06/logs/F011_cppcheck.log
/home/yichen/Desktop/Gemini_SDF06/F011.c,cppcheck,True,success,True,0,11,46,style,constVariablePointer,Variable 'body' can be declared as pointer to const,/home/yichen/Desktop/Gemini_SDF06/F011.c|46|style|constVariablePointer|Variable 'body' can be declared as pointer to const,/home/yichen/Desktop/Gemini_SDF_Results06/logs/F011_cppcheck.log
/home/yichen/Desktop/Gemini_SDF06/F011.c,cppcheck,True,success,True,0,11,69,style,constVariablePointer,Variable 'title' can be declared as pointer to const,/home/yichen/Desktop/Gemini_SDF06/F011.c|69|style|constVariablePointer|Variable 'title' can be declared as pointer to const,/home/yichen/Desktop/Gemini_SDF_Results06/logs/F011_cppcheck.log
/home/yichen/Desktop/Gemini_SDF06/F011.c,cppcheck,True,success,True,0,11,76,style,constVariablePointer,Variable 'body' can be declared as pointer to const,/home/yichen/Desktop/Gemini_SDF06/F011.c|76|style|constVariablePointer|Variable 'body' can be declared as pointer to const,/home/yichen/Desktop/Gemini_SDF_Results06/logs/F011_cppcheck.log
/home/yichen/Desktop/Gemini_SDF06/F011.c,cppcheck,True,success,True,0,11,92,style,constVariablePointer,Variable 'title' can be declared as pointer to const,/home/yichen/Desktop/Gemini_SDF06/F011.c|92|style|constVariablePointer|Variable 'title' can be declared as pointer to const,/home/yichen/Desktop/Gemini_SDF_Results06/logs/F011_cppcheck.log
/home/yichen/Desktop/Gemini_SDF06/F011.c,cppcheck,True,success,True,0,11,132,style,constVariablePointer,Variable 'title' can be declared as pointer to const,/home/yichen/Desktop/Gemini_SDF06/F011.c|132|style|constVariablePointer|Variable 'title' can be declared as pointer to const,/home/yichen/Desktop/Gemini_SDF_Results06/logs/F011_cppcheck.log
nofile,cppcheck,True,success,True,0,11,0,information,checkersReport,Active checkers: 113/592 (use --checkers-report=<filename> to see details),nofile|0|information|checkersReport|Active checkers: 113/592 (use --checkers-report=<filename> to see details),/home/yichen/Desktop/Gemini_SDF_Results06/logs/F011_cppcheck.log
/home/yichen/Desktop/Gemini_SDF06/F012.c,cppcheck,True,success,True,0,9,3,information,missingIncludeSystem,Include file: <stdio.h> not found. Please note: Cppcheck does not need standard library headers to get proper results.,/home/yichen/Desktop/Gemini_SDF06/F012.c|3|information|missingIncludeSystem|Include file: <stdio.h> not found. Please note: Cppcheck does not need standard library headers to get proper results.,/home/yichen/Desktop/Gemini_SDF_Results06/logs/F012_cppcheck.log
/home/yichen/Desktop/Gemini_SDF06/F012.c,cppcheck,True,success,True,0,9,4,information,missingIncludeSystem,Include file: <stdlib.h> not found. Please note: Cppcheck does not need standard library headers to get proper results.,/home/yichen/Desktop/Gemini_SDF06/F012.c|4|information|missingIncludeSystem|Include file: <stdlib.h> not found. Please note: Cppcheck does not need standard library headers to get proper results.,/home/yichen/Desktop/Gemini_SDF_Results06/logs/F012_cppcheck.log
/home/yichen/Desktop/Gemini_SDF06/F012.c,cppcheck,True,success,True,0,9,5,information,missingIncludeSystem,Include file: <string.h> not found. Please note: Cppcheck does not need standard library headers to get proper results.,/home/yichen/Desktop/Gemini_SDF06/F012.c|5|information|missingIncludeSystem|Include file: <string.h> not found. Please note: Cppcheck does not need standard library headers to get proper results.,/home/yichen/Desktop/Gemini_SDF_Results06/logs/F012_cppcheck.log
/home/yichen/Desktop/Gemini_SDF06/F012.c,cppcheck,True,success,True,0,9,25,style,constVariablePointer,Variable 'cmd' can be declared as pointer to const,/home/yichen/Desktop/Gemini_SDF06/F012.c|25|style|constVariablePointer|Variable 'cmd' can be declared as pointer to const,/home/yichen/Desktop/Gemini_SDF_Results06/logs/F012_cppcheck.log
/home/yichen/Desktop/Gemini_SDF06/F012.c,cppcheck,True,success,True,0,9,36,style,constVariablePointer,Variable 'name' can be declared as pointer to const,/home/yichen/Desktop/Gemini_SDF06/F012.c|36|style|constVariablePointer|Variable 'name' can be declared as pointer to const,/home/yichen/Desktop/Gemini_SDF_Results06/logs/F012_cppcheck.log
/home/yichen/Desktop/Gemini_SDF06/F012.c,cppcheck,True,success,True,0,9,43,style,constVariablePointer,Variable 'note' can be declared as pointer to const,/home/yichen/Desktop/Gemini_SDF06/F012.c|43|style|constVariablePointer|Variable 'note' can be declared as pointer to const,/home/yichen/Desktop/Gemini_SDF_Results06/logs/F012_cppcheck.log
/home/yichen/Desktop/Gemini_SDF06/F012.c,cppcheck,True,success,True,0,9,76,style,constVariablePointer,Variable 'name' can be declared as pointer to const,/home/yichen/Desktop/Gemini_SDF06/F012.c|76|style|constVariablePointer|Variable 'name' can be declared as pointer to const,/home/yichen/Desktop/Gemini_SDF_Results06/logs/F012_cppcheck.log
/home/yichen/Desktop/Gemini_SDF06/F012.c,cppcheck,True,success,True,0,9,94,style,constVariablePointer,Variable 'name' can be declared as pointer to const,/home/yichen/Desktop/Gemini_SDF06/F012.c|94|style|constVariablePointer|Variable 'name' can be declared as pointer to const,/home/yichen/Desktop/Gemini_SDF_Results06/logs/F012_cppcheck.log
nofile,cppcheck,True,success,True,0,9,0,information,checkersReport,Active checkers: 113/592 (use --checkers-report=<filename> to see details),nofile|0|information|checkersReport|Active checkers: 113/592 (use --checkers-report=<filename> to see details),/home/yichen/Desktop/Gemini_SDF_Results06/logs/F012_cppcheck.log
/home/yichen/Desktop/Gemini_SDF06/F013.c,cppcheck,True,success,True,0,10,3,information,missingIncludeSystem,Include file: <stdio.h> not found. Please note: Cppcheck does not need standard library headers to get proper results.,/home/yichen/Desktop/Gemini_SDF06/F013.c|3|information|missingIncludeSystem|Include file: <stdio.h> not found. Please note: Cppcheck does not need standard library headers to get proper results.,/home/yichen/Desktop/Gemini_SDF_Results06/logs/F013_cppcheck.log
/home/yichen/Desktop/Gemini_SDF06/F013.c,cppcheck,True,success,True,0,10,4,information,missingIncludeSystem,Include file: <stdlib.h> not found. Please note: Cppcheck does not need standard library headers to get proper results.,/home/yichen/Desktop/Gemini_SDF06/F013.c|4|information|missingIncludeSystem|Include file: <stdlib.h> not found. Please note: Cppcheck does not need standard library headers to get proper results.,/home/yichen/Desktop/Gemini_SDF_Results06/logs/F013_cppcheck.log
/home/yichen/Desktop/Gemini_SDF06/F013.c,cppcheck,True,success,True,0,10,5,information,missingIncludeSystem,Include file: <string.h> not found. Please note: Cppcheck does not need standard library headers to get proper results.,/home/yichen/Desktop/Gemini_SDF06/F013.c|5|information|missingIncludeSystem|Include file: <string.h> not found. Please note: Cppcheck does not need standard library headers to get proper results.,/home/yichen/Desktop/Gemini_SDF_Results06/logs/F013_cppcheck.log
/home/yichen/Desktop/Gemini_SDF06/F013.c,cppcheck,True,success,True,0,10,26,style,constVariablePointer,Variable 'cmd' can be declared as pointer to const,/home/yichen/Desktop/Gemini_SDF06/F013.c|26|style|constVariablePointer|Variable 'cmd' can be declared as pointer to const,/home/yichen/Desktop/Gemini_SDF_Results06/logs/F013_cppcheck.log
/home/yichen/Desktop/Gemini_SDF06/F013.c,cppcheck,True,success,True,0,10,37,style,constVariablePointer,Variable 'title' can be declared as pointer to const,/home/yichen/Desktop/Gemini_SDF06/F013.c|37|style|constVariablePointer|Variable 'title' can be declared as pointer to const,/home/yichen/Desktop/Gemini_SDF_Results06/logs/F013_cppcheck.log
/home/yichen/Desktop/Gemini_SDF06/F013.c,cppcheck,True,success,True,0,10,44,style,constVariablePointer,Variable 'note' can be declared as pointer to const,/home/yichen/Desktop/Gemini_SDF06/F013.c|44|style|constVariablePointer|Variable 'note' can be declared as pointer to const,/home/yichen/Desktop/Gemini_SDF_Results06/logs/F013_cppcheck.log
/home/yichen/Desktop/Gemini_SDF06/F013.c,cppcheck,True,success,True,0,10,68,style,constVariablePointer,Variable 'title' can be declared as pointer to const,/home/yichen/Desktop/Gemini_SDF06/F013.c|68|style|constVariablePointer|Variable 'title' can be declared as pointer to const,/home/yichen/Desktop/Gemini_SDF_Results06/logs/F013_cppcheck.log
/home/yichen/Desktop/Gemini_SDF06/F013.c,cppcheck,True,success,True,0,10,81,style,constVariablePointer,Variable 'title' can be declared as pointer to const,/home/yichen/Desktop/Gemini_SDF06/F013.c|81|style|constVariablePointer|Variable 'title' can be declared as pointer to const,/home/yichen/Desktop/Gemini_SDF_Results06/logs/F013_cppcheck.log
/home/yichen/Desktop/Gemini_SDF06/F013.c,cppcheck,True,success,True,0,10,99,style,constVariablePointer,Variable 'title' can be declared as pointer to const,/home/yichen/Desktop/Gemini_SDF06/F013.c|99|style|constVariablePointer|Variable 'title' can be declared as pointer to const,/home/yichen/Desktop/Gemini_SDF_Results06/logs/F013_cppcheck.log
nofile,cppcheck,True,success,True,0,10,0,information,checkersReport,Active checkers: 113/592 (use --checkers-report=<filename> to see details),nofile|0|information|checkersReport|Active checkers: 113/592 (use --checkers-report=<filename> to see details),/home/yichen/Desktop/Gemini_SDF_Results06/logs/F013_cppcheck.log
/home/yichen/Desktop/Gemini_SDF06/F014.c,cppcheck,True,success,True,0,11,3,information,missingIncludeSystem,Include file: <stdio.h> not found. Please note: Cppcheck does not need standard library headers to get proper results.,/home/yichen/Desktop/Gemini_SDF06/F014.c|3|information|missingIncludeSystem|Include file: <stdio.h> not found. Please note: Cppcheck does not need standard library headers to get proper results.,/home/yichen/Desktop/Gemini_SDF_Results06/logs/F014_cppcheck.log
/home/yichen/Desktop/Gemini_SDF06/F014.c,cppcheck,True,success,True,0,11,4,information,missingIncludeSystem,Include file: <stdlib.h> not found. Please note: Cppcheck does not need standard library headers to get proper results.,/home/yichen/Desktop/Gemini_SDF06/F014.c|4|information|missingIncludeSystem|Include file: <stdlib.h> not found. Please note: Cppcheck does not need standard library headers to get proper results.,/home/yichen/Desktop/Gemini_SDF_Results06/logs/F014_cppcheck.log
/home/yichen/Desktop/Gemini_SDF06/F014.c,cppcheck,True,success,True,0,11,5,information,missingIncludeSystem,Include file: <string.h> not found. Please note: Cppcheck does not need standard library headers to get proper results.,/home/yichen/Desktop/Gemini_SDF06/F014.c|5|information|missingIncludeSystem|Include file: <string.h> not found. Please note: Cppcheck does not need standard library headers to get proper results.,/home/yichen/Desktop/Gemini_SDF_Results06/logs/F014_cppcheck.log
/home/yichen/Desktop/Gemini_SDF06/F014.c,cppcheck,True,success,True,0,11,28,style,constVariablePointer,Variable 'cmd' can be declared as pointer to const,/home/yichen/Desktop/Gemini_SDF06/F014.c|28|style|constVariablePointer|Variable 'cmd' can be declared as pointer to const,/home/yichen/Desktop/Gemini_SDF_Results06/logs/F014_cppcheck.log
/home/yichen/Desktop/Gemini_SDF06/F014.c,cppcheck,True,success,True,0,11,39,style,constVariablePointer,Variable 'name' can be declared as pointer to const,/home/yichen/Desktop/Gemini_SDF06/F014.c|39|style|constVariablePointer|Variable 'name' can be declared as pointer to const,/home/yichen/Desktop/Gemini_SDF_Results06/logs/F014_cppcheck.log
/home/yichen/Desktop/Gemini_SDF06/F014.c,cppcheck,True,success,True,0,11,46,style,constVariablePointer,Variable 'note' can be declared as pointer to const,/home/yichen/Desktop/Gemini_SDF06/F014.c|46|style|constVariablePointer|Variable 'note' can be declared as pointer to const,/home/yichen/Desktop/Gemini_SDF_Results06/logs/F014_cppcheck.log
/home/yichen/Desktop/Gemini_SDF06/F014.c,cppcheck,True,success,True,0,11,72,style,constVariablePointer,Variable 'name' can be declared as pointer to const,/home/yichen/Desktop/Gemini_SDF06/F014.c|72|style|constVariablePointer|Variable 'name' can be declared as pointer to const,/home/yichen/Desktop/Gemini_SDF_Results06/logs/F014_cppcheck.log
/home/yichen/Desktop/Gemini_SDF06/F014.c,cppcheck,True,success,True,0,11,79,style,constVariablePointer,Variable 'label' can be declared as pointer to const,/home/yichen/Desktop/Gemini_SDF06/F014.c|79|style|constVariablePointer|Variable 'label' can be declared as pointer to const,/home/yichen/Desktop/Gemini_SDF_Results06/logs/F014_cppcheck.log
/home/yichen/Desktop/Gemini_SDF06/F014.c,cppcheck,True,success,True,0,11,117,style,constVariablePointer,Variable 'name' can be declared as pointer to const,/home/yichen/Desktop/Gemini_SDF06/F014.c|117|style|constVariablePointer|Variable 'name' can be declared as pointer to const,/home/yichen/Desktop/Gemini_SDF_Results06/logs/F014_cppcheck.log
/home/yichen/Desktop/Gemini_SDF06/F014.c,cppcheck,True,success,True,0,11,139,style,constVariablePointer,Variable 'name' can be declared as pointer to const,/home/yichen/Desktop/Gemini_SDF06/F014.c|139|style|constVariablePointer|Variable 'name' can be declared as pointer to const,/home/yichen/Desktop/Gemini_SDF_Results06/logs/F014_cppcheck.log
nofile,cppcheck,True,success,True,0,11,0,information,checkersReport,Active checkers: 113/592 (use --checkers-report=<filename> to see details),nofile|0|information|checkersReport|Active checkers: 113/592 (use --checkers-report=<filename> to see details),/home/yichen/Desktop/Gemini_SDF_Results06/logs/F014_cppcheck.log
/home/yichen/Desktop/Gemini_SDF06/F015.c,cppcheck,True,success,True,0,14,3,information,missingIncludeSystem,Include file: <stdio.h> not found. Please note: Cppcheck does not need standard library headers to get proper results.,/home/yichen/Desktop/Gemini_SDF06/F015.c|3|information|missingIncludeSystem|Include file: <stdio.h> not found. Please note: Cppcheck does not need standard library headers to get proper results.,/home/yichen/Desktop/Gemini_SDF_Results06/logs/F015_cppcheck.log
/home/yichen/Desktop/Gemini_SDF06/F015.c,cppcheck,True,success,True,0,14,4,information,missingIncludeSystem,Include file: <stdlib.h> not found. Please note: Cppcheck does not need standard library headers to get proper results.,/home/yichen/Desktop/Gemini_SDF06/F015.c|4|information|missingIncludeSystem|Include file: <stdlib.h> not found. Please note: Cppcheck does not need standard library headers to get proper results.,/home/yichen/Desktop/Gemini_SDF_Results06/logs/F015_cppcheck.log
/home/yichen/Desktop/Gemini_SDF06/F015.c,cppcheck,True,success,True,0,14,5,information,missingIncludeSystem,Include file: <string.h> not found. Please note: Cppcheck does not need standard library headers to get proper results.,/home/yichen/Desktop/Gemini_SDF06/F015.c|5|information|missingIncludeSystem|Include file: <string.h> not found. Please note: Cppcheck does not need standard library headers to get proper results.,/home/yichen/Desktop/Gemini_SDF_Results06/logs/F015_cppcheck.log
/home/yichen/Desktop/Gemini_SDF06/F015.c,cppcheck,True,success,True,0,14,27,style,constVariablePointer,Variable 'cmd' can be declared as pointer to const,/home/yichen/Desktop/Gemini_SDF06/F015.c|27|style|constVariablePointer|Variable 'cmd' can be declared as pointer to const,/home/yichen/Desktop/Gemini_SDF_Results06/logs/F015_cppcheck.log
/home/yichen/Desktop/Gemini_SDF06/F015.c,cppcheck,True,success,True,0,14,38,style,constVariablePointer,Variable 'name' can be declared as pointer to const,/home/yichen/Desktop/Gemini_SDF06/F015.c|38|style|constVariablePointer|Variable 'name' can be declared as pointer to const,/home/yichen/Desktop/Gemini_SDF_Results06/logs/F015_cppcheck.log
/home/yichen/Desktop/Gemini_SDF06/F015.c,cppcheck,True,success,True,0,14,45,style,constVariablePointer,Variable 'email' can be declared as pointer to const,/home/yichen/Desktop/Gemini_SDF06/F015.c|45|style|constVariablePointer|Variable 'email' can be declared as pointer to const,/home/yichen/Desktop/Gemini_SDF_Results06/logs/F015_cppcheck.log
/home/yichen/Desktop/Gemini_SDF06/F015.c,cppcheck,True,success,True,0,14,52,style,constVariablePointer,Variable 'phone' can be declared as pointer to const,/home/yichen/Desktop/Gemini_SDF06/F015.c|52|style|constVariablePointer|Variable 'phone' can be declared as pointer to const,/home/yichen/Desktop/Gemini_SDF_Results06/logs/F015_cppcheck.log
/home/yichen/Desktop/Gemini_SDF06/F015.c,cppcheck,True,success,True,0,14,83,style,constVariablePointer,Variable 'name' can be declared as pointer to const,/home/yichen/Desktop/Gemini_SDF06/F015.c|83|style|constVariablePointer|Variable 'name' can be declared as pointer to const,/home/yichen/Desktop/Gemini_SDF_Results06/logs/F015_cppcheck.log
/home/yichen/Desktop/Gemini_SDF06/F015.c,cppcheck,True,success,True,0,14,90,style,constVariablePointer,Variable 'text' can be declared as pointer to const,/home/yichen/Desktop/Gemini_SDF06/F015.c|90|style|constVariablePointer|Variable 'text' can be declared as pointer to const,/home/yichen/Desktop/Gemini_SDF_Results06/logs/F015_cppcheck.log
/home/yichen/Desktop/Gemini_SDF06/F015.c,cppcheck,True,success,True,0,14,106,style,constVariablePointer,Variable 'keep' can be declared as pointer to const,/home/yichen/Desktop/Gemini_SDF06/F015.c|106|style|constVariablePointer|Variable 'keep' can be declared as pointer to const,/home/yichen/Desktop/Gemini_SDF_Results06/logs/F015_cppcheck.log
/home/yichen/Desktop/Gemini_SDF06/F015.c,cppcheck,True,success,True,0,14,113,style,constVariablePointer,Variable 'remove' can be declared as pointer to const,/home/yichen/Desktop/Gemini_SDF06/F015.c|113|style|constVariablePointer|Variable 'remove' can be declared as pointer to const,/home/yichen/Desktop/Gemini_SDF_Results06/logs/F015_cppcheck.log
/home/yichen/Desktop/Gemini_SDF06/F015.c,cppcheck,True,success,True,0,14,150,style,constVariablePointer,Variable 'name' can be declared as pointer to const,/home/yichen/Desktop/Gemini_SDF06/F015.c|150|style|constVariablePointer|Variable 'name' can be declared as pointer to const,/home/yichen/Desktop/Gemini_SDF_Results06/logs/F015_cppcheck.log
/home/yichen/Desktop/Gemini_SDF06/F015.c,cppcheck,True,success,True,0,14,170,style,constVariablePointer,Variable 'name' can be declared as pointer to const,/home/yichen/Desktop/Gemini_SDF06/F015.c|170|style|constVariablePointer|Variable 'name' can be declared as pointer to const,/home/yichen/Desktop/Gemini_SDF_Results06/logs/F015_cppcheck.log
nofile,cppcheck,True,success,True,0,14,0,information,checkersReport,Active checkers: 113/592 (use --checkers-report=<filename> to see details),nofile|0|information|checkersReport|Active checkers: 113/592 (use --checkers-report=<filename> to see details),/home/yichen/Desktop/Gemini_SDF_Results06/logs/F015_cppcheck.log
/home/yichen/Desktop/Gemini_SDF06/F016.c,cppcheck,True,success,True,0,13,3,information,missingIncludeSystem,Include file: <stdio.h> not found. Please note: Cppcheck does not need standard library headers to get proper results.,/home/yichen/Desktop/Gemini_SDF06/F016.c|3|information|missingIncludeSystem|Include file: <stdio.h> not found. Please note: Cppcheck does not need standard library headers to get proper results.,/home/yichen/Desktop/Gemini_SDF_Results06/logs/F016_cppcheck.log
/home/yichen/Desktop/Gemini_SDF06/F016.c,cppcheck,True,success,True,0,13,4,information,missingIncludeSystem,Include file: <stdlib.h> not found. Please note: Cppcheck does not need standard library headers to get proper results.,/home/yichen/Desktop/Gemini_SDF06/F016.c|4|information|missingIncludeSystem|Include file: <stdlib.h> not found. Please note: Cppcheck does not need standard library headers to get proper results.,/home/yichen/Desktop/Gemini_SDF_Results06/logs/F016_cppcheck.log
/home/yichen/Desktop/Gemini_SDF06/F016.c,cppcheck,True,success,True,0,13,5,information,missingIncludeSystem,Include file: <string.h> not found. Please note: Cppcheck does not need standard library headers to get proper results.,/home/yichen/Desktop/Gemini_SDF06/F016.c|5|information|missingIncludeSystem|Include file: <string.h> not found. Please note: Cppcheck does not need standard library headers to get proper results.,/home/yichen/Desktop/Gemini_SDF_Results06/logs/F016_cppcheck.log
/home/yichen/Desktop/Gemini_SDF06/F016.c,cppcheck,True,success,True,0,13,41,style,constVariablePointer,Variable 'name' can be declared as pointer to const,/home/yichen/Desktop/Gemini_SDF06/F016.c|41|style|constVariablePointer|Variable 'name' can be declared as pointer to const,/home/yichen/Desktop/Gemini_SDF_Results06/logs/F016_cppcheck.log
/home/yichen/Desktop/Gemini_SDF06/F016.c,cppcheck,True,success,True,0,13,42,style,constVariablePointer,Variable 'email' can be declared as pointer to const,/home/yichen/Desktop/Gemini_SDF06/F016.c|42|style|constVariablePointer|Variable 'email' can be declared as pointer to const,/home/yichen/Desktop/Gemini_SDF_Results06/logs/F016_cppcheck.log
/home/yichen/Desktop/Gemini_SDF06/F016.c,cppcheck,True,success,True,0,13,43,style,constVariablePointer,Variable 'phone' can be declared as pointer to const,/home/yichen/Desktop/Gemini_SDF06/F016.c|43|style|constVariablePointer|Variable 'phone' can be declared as pointer to const,/home/yichen/Desktop/Gemini_SDF_Results06/logs/F016_cppcheck.log
/home/yichen/Desktop/Gemini_SDF06/F016.c,cppcheck,True,success,True,0,13,74,style,constVariablePointer,Variable 'cmd' can be declared as pointer to const,/home/yichen/Desktop/Gemini_SDF06/F016.c|74|style|constVariablePointer|Variable 'cmd' can be declared as pointer to const,/home/yichen/Desktop/Gemini_SDF_Results06/logs/F016_cppcheck.log
/home/yichen/Desktop/Gemini_SDF06/F016.c,cppcheck,True,success,True,0,13,94,style,constVariablePointer,Variable 'name' can be declared as pointer to const,/home/yichen/Desktop/Gemini_SDF06/F016.c|94|style|constVariablePointer|Variable 'name' can be declared as pointer to const,/home/yichen/Desktop/Gemini_SDF_Results06/logs/F016_cppcheck.log
/home/yichen/Desktop/Gemini_SDF06/F016.c,cppcheck,True,success,True,0,13,95,style,constVariablePointer,Variable 'email' can be declared as pointer to const,/home/yichen/Desktop/Gemini_SDF06/F016.c|95|style|constVariablePointer|Variable 'email' can be declared as pointer to const,/home/yichen/Desktop/Gemini_SDF_Results06/logs/F016_cppcheck.log
/home/yichen/Desktop/Gemini_SDF06/F016.c,cppcheck,True,success,True,0,13,96,style,constVariablePointer,Variable 'phone' can be declared as pointer to const,/home/yichen/Desktop/Gemini_SDF06/F016.c|96|style|constVariablePointer|Variable 'phone' can be declared as pointer to const,/home/yichen/Desktop/Gemini_SDF_Results06/logs/F016_cppcheck.log
/home/yichen/Desktop/Gemini_SDF06/F016.c,cppcheck,True,success,True,0,13,121,style,constVariablePointer,Variable 'name' can be declared as pointer to const,/home/yichen/Desktop/Gemini_SDF06/F016.c|121|style|constVariablePointer|Variable 'name' can be declared as pointer to const,/home/yichen/Desktop/Gemini_SDF_Results06/logs/F016_cppcheck.log
/home/yichen/Desktop/Gemini_SDF06/F016.c,cppcheck,True,success,True,0,13,140,style,constVariablePointer,Variable 'name' can be declared as pointer to const,/home/yichen/Desktop/Gemini_SDF06/F016.c|140|style|constVariablePointer|Variable 'name' can be declared as pointer to const,/home/yichen/Desktop/Gemini_SDF_Results06/logs/F016_cppcheck.log
nofile,cppcheck,True,success,True,0,13,0,information,checkersReport,Active checkers: 113/592 (use --checkers-report=<filename> to see details),nofile|0|information|checkersReport|Active checkers: 113/592 (use --checkers-report=<filename> to see details),/home/yichen/Desktop/Gemini_SDF_Results06/logs/F016_cppcheck.log
/home/yichen/Desktop/Gemini_SDF06/F017.c,cppcheck,True,success,True,0,11,3,information,missingIncludeSystem,Include file: <stdio.h> not found. Please note: Cppcheck does not need standard library headers to get proper results.,/home/yichen/Desktop/Gemini_SDF06/F017.c|3|information|missingIncludeSystem|Include file: <stdio.h> not found. Please note: Cppcheck does not need standard library headers to get proper results.,/home/yichen/Desktop/Gemini_SDF_Results06/logs/F017_cppcheck.log
/home/yichen/Desktop/Gemini_SDF06/F017.c,cppcheck,True,success,True,0,11,4,information,missingIncludeSystem,Include file: <stdlib.h> not found. Please note: Cppcheck does not need standard library headers to get proper results.,/home/yichen/Desktop/Gemini_SDF06/F017.c|4|information|missingIncludeSystem|Include file: <stdlib.h> not found. Please note: Cppcheck does not need standard library headers to get proper results.,/home/yichen/Desktop/Gemini_SDF_Results06/logs/F017_cppcheck.log
/home/yichen/Desktop/Gemini_SDF06/F017.c,cppcheck,True,success,True,0,11,5,information,missingIncludeSystem,Include file: <string.h> not found. Please note: Cppcheck does not need standard library headers to get proper results.,/home/yichen/Desktop/Gemini_SDF06/F017.c|5|information|missingIncludeSystem|Include file: <string.h> not found. Please note: Cppcheck does not need standard library headers to get proper results.,/home/yichen/Desktop/Gemini_SDF_Results06/logs/F017_cppcheck.log
/home/yichen/Desktop/Gemini_SDF06/F017.c,cppcheck,True,success,True,0,11,36,style,constVariablePointer,Variable 'key' can be declared as pointer to const,/home/yichen/Desktop/Gemini_SDF06/F017.c|36|style|constVariablePointer|Variable 'key' can be declared as pointer to const,/home/yichen/Desktop/Gemini_SDF_Results06/logs/F017_cppcheck.log
/home/yichen/Desktop/Gemini_SDF06/F017.c,cppcheck,True,success,True,0,11,37,style,constVariablePointer,Variable 'value' can be declared as pointer to const,/home/yichen/Desktop/Gemini_SDF06/F017.c|37|style|constVariablePointer|Variable 'value' can be declared as pointer to const,/home/yichen/Desktop/Gemini_SDF_Results06/logs/F017_cppcheck.log
/home/yichen/Desktop/Gemini_SDF06/F017.c,cppcheck,True,success,True,0,11,65,style,constVariablePointer,Variable 'cmd' can be declared as pointer to const,/home/yichen/Desktop/Gemini_SDF06/F017.c|65|style|constVariablePointer|Variable 'cmd' can be declared as pointer to const,/home/yichen/Desktop/Gemini_SDF_Results06/logs/F017_cppcheck.log
/home/yichen/Desktop/Gemini_SDF06/F017.c,cppcheck,True,success,True,0,11,76,style,constVariablePointer,Variable 'key' can be declared as pointer to const,/home/yichen/Desktop/Gemini_SDF06/F017.c|76|style|constVariablePointer|Variable 'key' can be declared as pointer to const,/home/yichen/Desktop/Gemini_SDF_Results06/logs/F017_cppcheck.log
/home/yichen/Desktop/Gemini_SDF06/F017.c,cppcheck,True,success,True,0,11,83,style,constVariablePointer,Variable 'value' can be declared as pointer to const,/home/yichen/Desktop/Gemini_SDF06/F017.c|83|style|constVariablePointer|Variable 'value' can be declared as pointer to const,/home/yichen/Desktop/Gemini_SDF_Results06/logs/F017_cppcheck.log
/home/yichen/Desktop/Gemini_SDF06/F017.c,cppcheck,True,success,True,0,11,122,style,constVariablePointer,Variable 'key' can be declared as pointer to const,/home/yichen/Desktop/Gemini_SDF06/F017.c|122|style|constVariablePointer|Variable 'key' can be declared as pointer to const,/home/yichen/Desktop/Gemini_SDF_Results06/logs/F017_cppcheck.log
/home/yichen/Desktop/Gemini_SDF06/F017.c,cppcheck,True,success,True,0,11,140,style,constVariablePointer,Variable 'key' can be declared as pointer to const,/home/yichen/Desktop/Gemini_SDF06/F017.c|140|style|constVariablePointer|Variable 'key' can be declared as pointer to const,/home/yichen/Desktop/Gemini_SDF_Results06/logs/F017_cppcheck.log
nofile,cppcheck,True,success,True,0,11,0,information,checkersReport,Active checkers: 113/592 (use --checkers-report=<filename> to see details),nofile|0|information|checkersReport|Active checkers: 113/592 (use --checkers-report=<filename> to see details),/home/yichen/Desktop/Gemini_SDF_Results06/logs/F017_cppcheck.log
/home/yichen/Desktop/Gemini_SDF06/F018.c,cppcheck,True,success,True,0,8,3,information,missingIncludeSystem,Include file: <stdio.h> not found. Please note: Cppcheck does not need standard library headers to get proper results.,/home/yichen/Desktop/Gemini_SDF06/F018.c|3|information|missingIncludeSystem|Include file: <stdio.h> not found. Please note: Cppcheck does not need standard library headers to get proper results.,/home/yichen/Desktop/Gemini_SDF_Results06/logs/F018_cppcheck.log
/home/yichen/Desktop/Gemini_SDF06/F018.c,cppcheck,True,success,True,0,8,4,information,missingIncludeSystem,Include file: <stdlib.h> not found. Please note: Cppcheck does not need standard library headers to get proper results.,/home/yichen/Desktop/Gemini_SDF06/F018.c|4|information|missingIncludeSystem|Include file: <stdlib.h> not found. Please note: Cppcheck does not need standard library headers to get proper results.,/home/yichen/Desktop/Gemini_SDF_Results06/logs/F018_cppcheck.log
/home/yichen/Desktop/Gemini_SDF06/F018.c,cppcheck,True,success,True,0,8,5,information,missingIncludeSystem,Include file: <string.h> not found. Please note: Cppcheck does not need standard library headers to get proper results.,/home/yichen/Desktop/Gemini_SDF06/F018.c|5|information|missingIncludeSystem|Include file: <string.h> not found. Please note: Cppcheck does not need standard library headers to get proper results.,/home/yichen/Desktop/Gemini_SDF_Results06/logs/F018_cppcheck.log
/home/yichen/Desktop/Gemini_SDF06/F018.c,cppcheck,True,success,True,0,8,76,style,constVariablePointer,Variable 'cmd' can be declared as pointer to const,/home/yichen/Desktop/Gemini_SDF06/F018.c|76|style|constVariablePointer|Variable 'cmd' can be declared as pointer to const,/home/yichen/Desktop/Gemini_SDF_Results06/logs/F018_cppcheck.log
/home/yichen/Desktop/Gemini_SDF06/F018.c,cppcheck,True,success,True,0,8,87,style,constVariablePointer,Variable 'w' can be declared as pointer to const,/home/yichen/Desktop/Gemini_SDF06/F018.c|87|style|constVariablePointer|Variable 'w' can be declared as pointer to const,/home/yichen/Desktop/Gemini_SDF_Results06/logs/F018_cppcheck.log
/home/yichen/Desktop/Gemini_SDF06/F018.c,cppcheck,True,success,True,0,8,118,style,constVariablePointer,Variable 'w' can be declared as pointer to const,/home/yichen/Desktop/Gemini_SDF06/F018.c|118|style|constVariablePointer|Variable 'w' can be declared as pointer to const,/home/yichen/Desktop/Gemini_SDF_Results06/logs/F018_cppcheck.log
/home/yichen/Desktop/Gemini_SDF06/F018.c,cppcheck,True,success,True,0,8,135,style,constVariablePointer,Variable 'w' can be declared as pointer to const,/home/yichen/Desktop/Gemini_SDF06/F018.c|135|style|constVariablePointer|Variable 'w' can be declared as pointer to const,/home/yichen/Desktop/Gemini_SDF_Results06/logs/F018_cppcheck.log
nofile,cppcheck,True,success,True,0,8,0,information,checkersReport,Active checkers: 113/592 (use --checkers-report=<filename> to see details),nofile|0|information|checkersReport|Active checkers: 113/592 (use --checkers-report=<filename> to see details),/home/yichen/Desktop/Gemini_SDF_Results06/logs/F018_cppcheck.log
/home/yichen/Desktop/Gemini_SDF06/F019.c,cppcheck,True,success,True,0,14,3,information,missingIncludeSystem,Include file: <stdio.h> not found. Please note: Cppcheck does not need standard library headers to get proper results.,/home/yichen/Desktop/Gemini_SDF06/F019.c|3|information|missingIncludeSystem|Include file: <stdio.h> not found. Please note: Cppcheck does not need standard library headers to get proper results.,/home/yichen/Desktop/Gemini_SDF_Results06/logs/F019_cppcheck.log
/home/yichen/Desktop/Gemini_SDF06/F019.c,cppcheck,True,success,True,0,14,4,information,missingIncludeSystem,Include file: <stdlib.h> not found. Please note: Cppcheck does not need standard library headers to get proper results.,/home/yichen/Desktop/Gemini_SDF06/F019.c|4|information|missingIncludeSystem|Include file: <stdlib.h> not found. Please note: Cppcheck does not need standard library headers to get proper results.,/home/yichen/Desktop/Gemini_SDF_Results06/logs/F019_cppcheck.log
/home/yichen/Desktop/Gemini_SDF06/F019.c,cppcheck,True,success,True,0,14,5,information,missingIncludeSystem,Include file: <string.h> not found. Please note: Cppcheck does not need standard library headers to get proper results.,/home/yichen/Desktop/Gemini_SDF06/F019.c|5|information|missingIncludeSystem|Include file: <string.h> not found. Please note: Cppcheck does not need standard library headers to get proper results.,/home/yichen/Desktop/Gemini_SDF_Results06/logs/F019_cppcheck.log
/home/yichen/Desktop/Gemini_SDF06/F019.c,cppcheck,True,success,True,0,14,36,style,constVariablePointer,Variable 'account' can be declared as pointer to const,/home/yichen/Desktop/Gemini_SDF06/F019.c|36|style|constVariablePointer|Variable 'account' can be declared as pointer to const,/home/yichen/Desktop/Gemini_SDF_Results06/logs/F019_cppcheck.log
/home/yichen/Desktop/Gemini_SDF06/F019.c,cppcheck,True,success,True,0,14,43,style,constVariablePointer,Variable 'amt_str' can be declared as pointer to const,/home/yichen/Desktop/Gemini_SDF06/F019.c|43|style|constVariablePointer|Variable 'amt_str' can be declared as pointer to const,/home/yichen/Desktop/Gemini_SDF_Results06/logs/F019_cppcheck.log
/home/yichen/Desktop/Gemini_SDF06/F019.c,cppcheck,True,success,True,0,14,50,style,constVariablePointer,Variable 'memo' can be declared as pointer to const,/home/yichen/Desktop/Gemini_SDF06/F019.c|50|style|constVariablePointer|Variable 'memo' can be declared as pointer to const,/home/yichen/Desktop/Gemini_SDF_Results06/logs/F019_cppcheck.log
/home/yichen/Desktop/Gemini_SDF06/F019.c,cppcheck,True,success,True,0,14,87,style,constVariablePointer,Variable 'cmd' can be declared as pointer to const,/home/yichen/Desktop/Gemini_SDF06/F019.c|87|style|constVariablePointer|Variable 'cmd' can be declared as pointer to const,/home/yichen/Desktop/Gemini_SDF_Results06/logs/F019_cppcheck.log
/home/yichen/Desktop/Gemini_SDF06/F019.c,cppcheck,True,success,True,0,14,98,style,constVariablePointer,Variable 'account' can be declared as pointer to const,/home/yichen/Desktop/Gemini_SDF06/F019.c|98|style|constVariablePointer|Variable 'account' can be declared as pointer to const,/home/yichen/Desktop/Gemini_SDF_Results06/logs/F019_cppcheck.log
/home/yichen/Desktop/Gemini_SDF06/F019.c,cppcheck,True,success,True,0,14,105,style,constVariablePointer,Variable 'amt_str' can be declared as pointer to const,/home/yichen/Desktop/Gemini_SDF06/F019.c|105|style|constVariablePointer|Variable 'amt_str' can be declared as pointer to const,/home/yichen/Desktop/Gemini_SDF_Results06/logs/F019_cppcheck.log
/home/yichen/Desktop/Gemini_SDF06/F019.c,cppcheck,True,success,True,0,14,112,style,constVariablePointer,Variable 'memo' can be declared as pointer to const,/home/yichen/Desktop/Gemini_SDF06/F019.c|112|style|constVariablePointer|Variable 'memo' can be declared as pointer to const,/home/yichen/Desktop/Gemini_SDF_Results06/logs/F019_cppcheck.log
/home/yichen/Desktop/Gemini_SDF06/F019.c,cppcheck,True,success,True,0,14,142,style,constVariablePointer,Variable 'account' can be declared as pointer to const,/home/yichen/Desktop/Gemini_SDF06/F019.c|142|style|constVariablePointer|Variable 'account' can be declared as pointer to const,/home/yichen/Desktop/Gemini_SDF_Results06/logs/F019_cppcheck.log
/home/yichen/Desktop/Gemini_SDF06/F019.c,cppcheck,True,success,True,0,14,149,style,constVariablePointer,Variable 'amt_str' can be declared as pointer to const,/home/yichen/Desktop/Gemini_SDF06/F019.c|149|style|constVariablePointer|Variable 'amt_str' can be declared as pointer to const,/home/yichen/Desktop/Gemini_SDF_Results06/logs/F019_cppcheck.log
/home/yichen/Desktop/Gemini_SDF06/F019.c,cppcheck,True,success,True,0,14,179,style,constVariablePointer,Variable 'account' can be declared as pointer to const,/home/yichen/Desktop/Gemini_SDF06/F019.c|179|style|constVariablePointer|Variable 'account' can be declared as pointer to const,/home/yichen/Desktop/Gemini_SDF_Results06/logs/F019_cppcheck.log
nofile,cppcheck,True,success,True,0,14,0,information,checkersReport,Active checkers: 113/592 (use --checkers-report=<filename> to see details),nofile|0|information|checkersReport|Active checkers: 113/592 (use --checkers-report=<filename> to see details),/home/yichen/Desktop/Gemini_SDF_Results06/logs/F019_cppcheck.log
/home/yichen/Desktop/Gemini_SDF06/F020.c,cppcheck,True,success,True,0,8,3,information,missingIncludeSystem,Include file: <stdio.h> not found. Please note: Cppcheck does not need standard library headers to get proper results.,/home/yichen/Desktop/Gemini_SDF06/F020.c|3|information|missingIncludeSystem|Include file: <stdio.h> not found. Please note: Cppcheck does not need standard library headers to get proper results.,/home/yichen/Desktop/Gemini_SDF_Results06/logs/F020_cppcheck.log
/home/yichen/Desktop/Gemini_SDF06/F020.c,cppcheck,True,success,True,0,8,4,information,missingIncludeSystem,Include file: <stdlib.h> not found. Please note: Cppcheck does not need standard library headers to get proper results.,/home/yichen/Desktop/Gemini_SDF06/F020.c|4|information|missingIncludeSystem|Include file: <stdlib.h> not found. Please note: Cppcheck does not need standard library headers to get proper results.,/home/yichen/Desktop/Gemini_SDF_Results06/logs/F020_cppcheck.log
/home/yichen/Desktop/Gemini_SDF06/F020.c,cppcheck,True,success,True,0,8,5,information,missingIncludeSystem,Include file: <string.h> not found. Please note: Cppcheck does not need standard library headers to get proper results.,/home/yichen/Desktop/Gemini_SDF06/F020.c|5|information|missingIncludeSystem|Include file: <string.h> not found. Please note: Cppcheck does not need standard library headers to get proper results.,/home/yichen/Desktop/Gemini_SDF_Results06/logs/F020_cppcheck.log
/home/yichen/Desktop/Gemini_SDF06/F020.c,cppcheck,True,success,True,0,8,103,style,constVariablePointer,Variable 'cmd' can be declared as pointer to const,/home/yichen/Desktop/Gemini_SDF06/F020.c|103|style|constVariablePointer|Variable 'cmd' can be declared as pointer to const,/home/yichen/Desktop/Gemini_SDF_Results06/logs/F020_cppcheck.log
/home/yichen/Desktop/Gemini_SDF06/F020.c,cppcheck,True,success,True,0,8,114,style,constVariablePointer,Variable 'title' can be declared as pointer to const,/home/yichen/Desktop/Gemini_SDF06/F020.c|114|style|constVariablePointer|Variable 'title' can be declared as pointer to const,/home/yichen/Desktop/Gemini_SDF_Results06/logs/F020_cppcheck.log
/home/yichen/Desktop/Gemini_SDF06/F020.c,cppcheck,True,success,True,0,8,128,style,constVariablePointer,Variable 'title' can be declared as pointer to const,/home/yichen/Desktop/Gemini_SDF06/F020.c|128|style|constVariablePointer|Variable 'title' can be declared as pointer to const,/home/yichen/Desktop/Gemini_SDF_Results06/logs/F020_cppcheck.log
/home/yichen/Desktop/Gemini_SDF06/F020.c,cppcheck,True,success,True,0,8,147,style,constVariablePointer,Variable 'title' can be declared as pointer to const,/home/yichen/Desktop/Gemini_SDF06/F020.c|147|style|constVariablePointer|Variable 'title' can be declared as pointer to const,/home/yichen/Desktop/Gemini_SDF_Results06/logs/F020_cppcheck.log
nofile,cppcheck,True,success,True,0,8,0,information,checkersReport,Active checkers: 113/592 (use --checkers-report=<filename> to see details),nofile|0|information|checkersReport|Active checkers: 113/592 (use --checkers-report=<filename> to see details),/home/yichen/Desktop/Gemini_SDF_Results06/logs/F020_cppcheck.log
/home/yichen/Desktop/Gemini_SDF06/F021.c,cppcheck,True,success,True,0,13,3,information,missingIncludeSystem,Include file: <stdio.h> not found. Please note: Cppcheck does not need standard library headers to get proper results.,/home/yichen/Desktop/Gemini_SDF06/F021.c|3|information|missingIncludeSystem|Include file: <stdio.h> not found. Please note: Cppcheck does not need standard library headers to get proper results.,/home/yichen/Desktop/Gemini_SDF_Results06/logs/F021_cppcheck.log
/home/yichen/Desktop/Gemini_SDF06/F021.c,cppcheck,True,success,True,0,13,4,information,missingIncludeSystem,Include file: <stdlib.h> not found. Please note: Cppcheck does not need standard library headers to get proper results.,/home/yichen/Desktop/Gemini_SDF06/F021.c|4|information|missingIncludeSystem|Include file: <stdlib.h> not found. Please note: Cppcheck does not need standard library headers to get proper results.,/home/yichen/Desktop/Gemini_SDF_Results06/logs/F021_cppcheck.log
/home/yichen/Desktop/Gemini_SDF06/F021.c,cppcheck,True,success,True,0,13,5,information,missingIncludeSystem,Include file: <string.h> not found. Please note: Cppcheck does not need standard library headers to get proper results.,/home/yichen/Desktop/Gemini_SDF06/F021.c|5|information|missingIncludeSystem|Include file: <string.h> not found. Please note: Cppcheck does not need standard library headers to get proper results.,/home/yichen/Desktop/Gemini_SDF_Results06/logs/F021_cppcheck.log
/home/yichen/Desktop/Gemini_SDF06/F021.c,cppcheck,True,success,True,0,13,32,style,constVariablePointer,Variable 'cmd' can be declared as pointer to const,/home/yichen/Desktop/Gemini_SDF06/F021.c|32|style|constVariablePointer|Variable 'cmd' can be declared as pointer to const,/home/yichen/Desktop/Gemini_SDF_Results06/logs/F021_cppcheck.log
/home/yichen/Desktop/Gemini_SDF06/F021.c,cppcheck,True,success,True,0,13,43,style,constVariablePointer,Variable 'name' can be declared as pointer to const,/home/yichen/Desktop/Gemini_SDF06/F021.c|43|style|constVariablePointer|Variable 'name' can be declared as pointer to const,/home/yichen/Desktop/Gemini_SDF_Results06/logs/F021_cppcheck.log
/home/yichen/Desktop/Gemini_SDF06/F021.c,cppcheck,True,success,True,0,13,65,style,constVariablePointer,Variable 'name' can be declared as pointer to const,/home/yichen/Desktop/Gemini_SDF06/F021.c|65|style|constVariablePointer|Variable 'name' can be declared as pointer to const,/home/yichen/Desktop/Gemini_SDF_Results06/logs/F021_cppcheck.log
/home/yichen/Desktop/Gemini_SDF06/F021.c,cppcheck,True,success,True,0,13,72,style,constVariablePointer,Variable 'ing' can be declared as pointer to const,/home/yichen/Desktop/Gemini_SDF06/F021.c|72|style|constVariablePointer|Variable 'ing' can be declared as pointer to const,/home/yichen/Desktop/Gemini_SDF_Results06/logs/F021_cppcheck.log
/home/yichen/Desktop/Gemini_SDF06/F021.c,cppcheck,True,success,True,0,13,79,style,constVariablePointer,Variable 'note' can be declared as pointer to const,/home/yichen/Desktop/Gemini_SDF06/F021.c|79|style|constVariablePointer|Variable 'note' can be declared as pointer to const,/home/yichen/Desktop/Gemini_SDF_Results06/logs/F021_cppcheck.log
/home/yichen/Desktop/Gemini_SDF06/F021.c,cppcheck,True,success,True,0,13,108,style,constVariablePointer,Variable 'name' can be declared as pointer to const,/home/yichen/Desktop/Gemini_SDF06/F021.c|108|style|constVariablePointer|Variable 'name' can be declared as pointer to const,/home/yichen/Desktop/Gemini_SDF_Results06/logs/F021_cppcheck.log
/home/yichen/Desktop/Gemini_SDF06/F021.c,cppcheck,True,success,True,0,13,115,style,constVariablePointer,Variable 'ing' can be declared as pointer to const,/home/yichen/Desktop/Gemini_SDF06/F021.c|115|style|constVariablePointer|Variable 'ing' can be declared as pointer to const,/home/yichen/Desktop/Gemini_SDF_Results06/logs/F021_cppcheck.log
/home/yichen/Desktop/Gemini_SDF06/F021.c,cppcheck,True,success,True,0,13,140,style,constVariablePointer,Variable 'name' can be declared as pointer to const,/home/yichen/Desktop/Gemini_SDF06/F021.c|140|style|constVariablePointer|Variable 'name' can be declared as pointer to const,/home/yichen/Desktop/Gemini_SDF_Results06/logs/F021_cppcheck.log
/home/yichen/Desktop/Gemini_SDF06/F021.c,cppcheck,True,success,True,0,13,162,style,constVariablePointer,Variable 'name' can be declared as pointer to const,/home/yichen/Desktop/Gemini_SDF06/F021.c|162|style|constVariablePointer|Variable 'name' can be declared as pointer to const,/home/yichen/Desktop/Gemini_SDF_Results06/logs/F021_cppcheck.log
nofile,cppcheck,True,success,True,0,13,0,information,checkersReport,Active checkers: 113/592 (use --checkers-report=<filename> to see details),nofile|0|information|checkersReport|Active checkers: 113/592 (use --checkers-report=<filename> to see details),/home/yichen/Desktop/Gemini_SDF_Results06/logs/F021_cppcheck.log
/home/yichen/Desktop/Gemini_SDF06/F022.c,cppcheck,True,success,True,0,15,3,information,missingIncludeSystem,Include file: <stdio.h> not found. Please note: Cppcheck does not need standard library headers to get proper results.,/home/yichen/Desktop/Gemini_SDF06/F022.c|3|information|missingIncludeSystem|Include file: <stdio.h> not found. Please note: Cppcheck does not need standard library headers to get proper results.,/home/yichen/Desktop/Gemini_SDF_Results06/logs/F022_cppcheck.log
/home/yichen/Desktop/Gemini_SDF06/F022.c,cppcheck,True,success,True,0,15,4,information,missingIncludeSystem,Include file: <stdlib.h> not found. Please note: Cppcheck does not need standard library headers to get proper results.,/home/yichen/Desktop/Gemini_SDF06/F022.c|4|information|missingIncludeSystem|Include file: <stdlib.h> not found. Please note: Cppcheck does not need standard library headers to get proper results.,/home/yichen/Desktop/Gemini_SDF_Results06/logs/F022_cppcheck.log
/home/yichen/Desktop/Gemini_SDF06/F022.c,cppcheck,True,success,True,0,15,5,information,missingIncludeSystem,Include file: <string.h> not found. Please note: Cppcheck does not need standard library headers to get proper results.,/home/yichen/Desktop/Gemini_SDF06/F022.c|5|information|missingIncludeSystem|Include file: <string.h> not found. Please note: Cppcheck does not need standard library headers to get proper results.,/home/yichen/Desktop/Gemini_SDF_Results06/logs/F022_cppcheck.log
/home/yichen/Desktop/Gemini_SDF06/F022.c,cppcheck,True,success,True,0,15,33,style,constVariablePointer,Variable 'cmd' can be declared as pointer to const,/home/yichen/Desktop/Gemini_SDF06/F022.c|33|style|constVariablePointer|Variable 'cmd' can be declared as pointer to const,/home/yichen/Desktop/Gemini_SDF_Results06/logs/F022_cppcheck.log
/home/yichen/Desktop/Gemini_SDF06/F022.c,cppcheck,True,success,True,0,15,44,style,constVariablePointer,Variable 'name' can be declared as pointer to const,/home/yichen/Desktop/Gemini_SDF06/F022.c|44|style|constVariablePointer|Variable 'name' can be declared as pointer to const,/home/yichen/Desktop/Gemini_SDF_Results06/logs/F022_cppcheck.log
/home/yichen/Desktop/Gemini_SDF06/F022.c,cppcheck,True,success,True,0,15,66,style,constVariablePointer,Variable 'proj_name' can be declared as pointer to const,/home/yichen/Desktop/Gemini_SDF06/F022.c|66|style|constVariablePointer|Variable 'proj_name' can be declared as pointer to const,/home/yichen/Desktop/Gemini_SDF_Results06/logs/F022_cppcheck.log
/home/yichen/Desktop/Gemini_SDF06/F022.c,cppcheck,True,success,True,0,15,73,style,constVariablePointer,Variable 'title' can be declared as pointer to const,/home/yichen/Desktop/Gemini_SDF06/F022.c|73|style|constVariablePointer|Variable 'title' can be declared as pointer to const,/home/yichen/Desktop/Gemini_SDF_Results06/logs/F022_cppcheck.log
/home/yichen/Desktop/Gemini_SDF06/F022.c,cppcheck,True,success,True,0,15,80,style,constVariablePointer,Variable 'note' can be declared as pointer to const,/home/yichen/Desktop/Gemini_SDF06/F022.c|80|style|constVariablePointer|Variable 'note' can be declared as pointer to const,/home/yichen/Desktop/Gemini_SDF_Results06/logs/F022_cppcheck.log
/home/yichen/Desktop/Gemini_SDF06/F022.c,cppcheck,True,success,True,0,15,110,style,constVariablePointer,Variable 'from' can be declared as pointer to const,/home/yichen/Desktop/Gemini_SDF06/F022.c|110|style|constVariablePointer|Variable 'from' can be declared as pointer to const,/home/yichen/Desktop/Gemini_SDF_Results06/logs/F022_cppcheck.log
/home/yichen/Desktop/Gemini_SDF06/F022.c,cppcheck,True,success,True,0,15,117,style,constVariablePointer,Variable 'to' can be declared as pointer to const,/home/yichen/Desktop/Gemini_SDF06/F022.c|117|style|constVariablePointer|Variable 'to' can be declared as pointer to const,/home/yichen/Desktop/Gemini_SDF_Results06/logs/F022_cppcheck.log
/home/yichen/Desktop/Gemini_SDF06/F022.c,cppcheck,True,success,True,0,15,124,style,constVariablePointer,Variable 'title' can be declared as pointer to const,/home/yichen/Desktop/Gemini_SDF06/F022.c|124|style|constVariablePointer|Variable 'title' can be declared as pointer to const,/home/yichen/Desktop/Gemini_SDF_Results06/logs/F022_cppcheck.log
/home/yichen/Desktop/Gemini_SDF06/F022.c,cppcheck,True,success,True,0,15,160,style,constVariablePointer,Variable 'proj_name' can be declared as pointer to const,/home/yichen/Desktop/Gemini_SDF06/F022.c|160|style|constVariablePointer|Variable 'proj_name' can be declared as pointer to const,/home/yichen/Desktop/Gemini_SDF_Results06/logs/F022_cppcheck.log
/home/yichen/Desktop/Gemini_SDF06/F022.c,cppcheck,True,success,True,0,15,167,style,constVariablePointer,Variable 'title' can be declared as pointer to const,/home/yichen/Desktop/Gemini_SDF06/F022.c|167|style|constVariablePointer|Variable 'title' can be declared as pointer to const,/home/yichen/Desktop/Gemini_SDF_Results06/logs/F022_cppcheck.log
/home/yichen/Desktop/Gemini_SDF06/F022.c,cppcheck,True,success,True,0,15,186,style,constVariablePointer,Variable 'name' can be declared as pointer to const,/home/yichen/Desktop/Gemini_SDF06/F022.c|186|style|constVariablePointer|Variable 'name' can be declared as pointer to const,/home/yichen/Desktop/Gemini_SDF_Results06/logs/F022_cppcheck.log
nofile,cppcheck,True,success,True,0,15,0,information,checkersReport,Active checkers: 113/592 (use --checkers-report=<filename> to see details),nofile|0|information|checkersReport|Active checkers: 113/592 (use --checkers-report=<filename> to see details),/home/yichen/Desktop/Gemini_SDF_Results06/logs/F022_cppcheck.log
/home/yichen/Desktop/Gemini_SDF06/F023.c,cppcheck,True,success,True,0,14,3,information,missingIncludeSystem,Include file: <stdio.h> not found. Please note: Cppcheck does not need standard library headers to get proper results.,/home/yichen/Desktop/Gemini_SDF06/F023.c|3|information|missingIncludeSystem|Include file: <stdio.h> not found. Please note: Cppcheck does not need standard library headers to get proper results.,/home/yichen/Desktop/Gemini_SDF_Results06/logs/F023_cppcheck.log
/home/yichen/Desktop/Gemini_SDF06/F023.c,cppcheck,True,success,True,0,14,4,information,missingIncludeSystem,Include file: <stdlib.h> not found. Please note: Cppcheck does not need standard library headers to get proper results.,/home/yichen/Desktop/Gemini_SDF06/F023.c|4|information|missingIncludeSystem|Include file: <stdlib.h> not found. Please note: Cppcheck does not need standard library headers to get proper results.,/home/yichen/Desktop/Gemini_SDF_Results06/logs/F023_cppcheck.log
/home/yichen/Desktop/Gemini_SDF06/F023.c,cppcheck,True,success,True,0,14,5,information,missingIncludeSystem,Include file: <string.h> not found. Please note: Cppcheck does not need standard library headers to get proper results.,/home/yichen/Desktop/Gemini_SDF06/F023.c|5|information|missingIncludeSystem|Include file: <string.h> not found. Please note: Cppcheck does not need standard library headers to get proper results.,/home/yichen/Desktop/Gemini_SDF_Results06/logs/F023_cppcheck.log
/home/yichen/Desktop/Gemini_SDF06/F023.c,cppcheck,True,success,True,0,14,29,style,constVariablePointer,Variable 'cmd' can be declared as pointer to const,/home/yichen/Desktop/Gemini_SDF06/F023.c|29|style|constVariablePointer|Variable 'cmd' can be declared as pointer to const,/home/yichen/Desktop/Gemini_SDF_Results06/logs/F023_cppcheck.log
/home/yichen/Desktop/Gemini_SDF06/F023.c,cppcheck,True,success,True,0,14,40,style,constVariablePointer,Variable 'sender' can be declared as pointer to const,/home/yichen/Desktop/Gemini_SDF06/F023.c|40|style|constVariablePointer|Variable 'sender' can be declared as pointer to const,/home/yichen/Desktop/Gemini_SDF_Results06/logs/F023_cppcheck.log
/home/yichen/Desktop/Gemini_SDF06/F023.c,cppcheck,True,success,True,0,14,47,style,constVariablePointer,Variable 'subject' can be declared as pointer to const,/home/yichen/Desktop/Gemini_SDF06/F023.c|47|style|constVariablePointer|Variable 'subject' can be declared as pointer to const,/home/yichen/Desktop/Gemini_SDF_Results06/logs/F023_cppcheck.log
/home/yichen/Desktop/Gemini_SDF06/F023.c,cppcheck,True,success,True,0,14,54,style,constVariablePointer,Variable 'body' can be declared as pointer to const,/home/yichen/Desktop/Gemini_SDF06/F023.c|54|style|constVariablePointer|Variable 'body' can be declared as pointer to const,/home/yichen/Desktop/Gemini_SDF_Results06/logs/F023_cppcheck.log
/home/yichen/Desktop/Gemini_SDF06/F023.c,cppcheck,True,success,True,0,14,83,style,constVariablePointer,Variable 'subject' can be declared as pointer to const,/home/yichen/Desktop/Gemini_SDF06/F023.c|83|style|constVariablePointer|Variable 'subject' can be declared as pointer to const,/home/yichen/Desktop/Gemini_SDF_Results06/logs/F023_cppcheck.log
/home/yichen/Desktop/Gemini_SDF06/F023.c,cppcheck,True,success,True,0,14,90,style,constVariablePointer,Variable 'tag' can be declared as pointer to const,/home/yichen/Desktop/Gemini_SDF06/F023.c|90|style|constVariablePointer|Variable 'tag' can be declared as pointer to const,/home/yichen/Desktop/Gemini_SDF_Results06/logs/F023_cppcheck.log
/home/yichen/Desktop/Gemini_SDF06/F023.c,cppcheck,True,success,True,0,14,116,style,constVariablePointer,Variable 'subject' can be declared as pointer to const,/home/yichen/Desktop/Gemini_SDF06/F023.c|116|style|constVariablePointer|Variable 'subject' can be declared as pointer to const,/home/yichen/Desktop/Gemini_SDF_Results06/logs/F023_cppcheck.log
/home/yichen/Desktop/Gemini_SDF06/F023.c,cppcheck,True,success,True,0,14,123,style,constVariablePointer,Variable 'tag' can be declared as pointer to const,/home/yichen/Desktop/Gemini_SDF06/F023.c|123|style|constVariablePointer|Variable 'tag' can be declared as pointer to const,/home/yichen/Desktop/Gemini_SDF_Results06/logs/F023_cppcheck.log
/home/yichen/Desktop/Gemini_SDF06/F023.c,cppcheck,True,success,True,0,14,147,style,constVariablePointer,Variable 'subject' can be declared as pointer to const,/home/yichen/Desktop/Gemini_SDF06/F023.c|147|style|constVariablePointer|Variable 'subject' can be declared as pointer to const,/home/yichen/Desktop/Gemini_SDF_Results06/logs/F023_cppcheck.log
/home/yichen/Desktop/Gemini_SDF06/F023.c,cppcheck,True,success,True,0,14,170,style,constVariablePointer,Variable 'tag' can be declared as pointer to const,/home/yichen/Desktop/Gemini_SDF06/F023.c|170|style|constVariablePointer|Variable 'tag' can be declared as pointer to const,/home/yichen/Desktop/Gemini_SDF_Results06/logs/F023_cppcheck.log
nofile,cppcheck,True,success,True,0,14,0,information,checkersReport,Active checkers: 113/592 (use --checkers-report=<filename> to see details),nofile|0|information|checkersReport|Active checkers: 113/592 (use --checkers-report=<filename> to see details),/home/yichen/Desktop/Gemini_SDF_Results06/logs/F023_cppcheck.log
/home/yichen/Desktop/Gemini_SDF06/F024.c,cppcheck,True,success,True,0,13,3,information,missingIncludeSystem,Include file: <stdio.h> not found. Please note: Cppcheck does not need standard library headers to get proper results.,/home/yichen/Desktop/Gemini_SDF06/F024.c|3|information|missingIncludeSystem|Include file: <stdio.h> not found. Please note: Cppcheck does not need standard library headers to get proper results.,/home/yichen/Desktop/Gemini_SDF_Results06/logs/F024_cppcheck.log
/home/yichen/Desktop/Gemini_SDF06/F024.c,cppcheck,True,success,True,0,13,4,information,missingIncludeSystem,Include file: <stdlib.h> not found. Please note: Cppcheck does not need standard library headers to get proper results.,/home/yichen/Desktop/Gemini_SDF06/F024.c|4|information|missingIncludeSystem|Include file: <stdlib.h> not found. Please note: Cppcheck does not need standard library headers to get proper results.,/home/yichen/Desktop/Gemini_SDF_Results06/logs/F024_cppcheck.log
/home/yichen/Desktop/Gemini_SDF06/F024.c,cppcheck,True,success,True,0,13,5,information,missingIncludeSystem,Include file: <string.h> not found. Please note: Cppcheck does not need standard library headers to get proper results.,/home/yichen/Desktop/Gemini_SDF06/F024.c|5|information|missingIncludeSystem|Include file: <string.h> not found. Please note: Cppcheck does not need standard library headers to get proper results.,/home/yichen/Desktop/Gemini_SDF_Results06/logs/F024_cppcheck.log
/home/yichen/Desktop/Gemini_SDF06/F024.c,cppcheck,True,success,True,0,13,28,style,constVariablePointer,Variable 'cmd' can be declared as pointer to const,/home/yichen/Desktop/Gemini_SDF06/F024.c|28|style|constVariablePointer|Variable 'cmd' can be declared as pointer to const,/home/yichen/Desktop/Gemini_SDF_Results06/logs/F024_cppcheck.log
/home/yichen/Desktop/Gemini_SDF06/F024.c,cppcheck,True,success,True,0,13,39,style,constVariablePointer,Variable 'title' can be declared as pointer to const,/home/yichen/Desktop/Gemini_SDF06/F024.c|39|style|constVariablePointer|Variable 'title' can be declared as pointer to const,/home/yichen/Desktop/Gemini_SDF_Results06/logs/F024_cppcheck.log
/home/yichen/Desktop/Gemini_SDF06/F024.c,cppcheck,True,success,True,0,13,46,style,constVariablePointer,Variable 'year' can be declared as pointer to const,/home/yichen/Desktop/Gemini_SDF06/F024.c|46|style|constVariablePointer|Variable 'year' can be declared as pointer to const,/home/yichen/Desktop/Gemini_SDF_Results06/logs/F024_cppcheck.log
/home/yichen/Desktop/Gemini_SDF06/F024.c,cppcheck,True,success,True,0,13,74,style,constVariablePointer,Variable 'title' can be declared as pointer to const,/home/yichen/Desktop/Gemini_SDF06/F024.c|74|style|constVariablePointer|Variable 'title' can be declared as pointer to const,/home/yichen/Desktop/Gemini_SDF_Results06/logs/F024_cppcheck.log
/home/yichen/Desktop/Gemini_SDF06/F024.c,cppcheck,True,success,True,0,13,81,style,constVariablePointer,Variable 'name' can be declared as pointer to const,/home/yichen/Desktop/Gemini_SDF06/F024.c|81|style|constVariablePointer|Variable 'name' can be declared as pointer to const,/home/yichen/Desktop/Gemini_SDF_Results06/logs/F024_cppcheck.log
/home/yichen/Desktop/Gemini_SDF06/F024.c,cppcheck,True,success,True,0,13,107,style,constVariablePointer,Variable 'title' can be declared as pointer to const,/home/yichen/Desktop/Gemini_SDF06/F024.c|107|style|constVariablePointer|Variable 'title' can be declared as pointer to const,/home/yichen/Desktop/Gemini_SDF_Results06/logs/F024_cppcheck.log
/home/yichen/Desktop/Gemini_SDF06/F024.c,cppcheck,True,success,True,0,13,114,style,constVariablePointer,Variable 'name' can be declared as pointer to const,/home/yichen/Desktop/Gemini_SDF06/F024.c|114|style|constVariablePointer|Variable 'name' can be declared as pointer to const,/home/yichen/Desktop/Gemini_SDF_Results06/logs/F024_cppcheck.log
/home/yichen/Desktop/Gemini_SDF06/F024.c,cppcheck,True,success,True,0,13,138,style,constVariablePointer,Variable 'title' can be declared as pointer to const,/home/yichen/Desktop/Gemini_SDF06/F024.c|138|style|constVariablePointer|Variable 'title' can be declared as pointer to const,/home/yichen/Desktop/Gemini_SDF_Results06/logs/F024_cppcheck.log
/home/yichen/Desktop/Gemini_SDF06/F024.c,cppcheck,True,success,True,0,13,160,style,constVariablePointer,Variable 'title' can be declared as pointer to const,/home/yichen/Desktop/Gemini_SDF06/F024.c|160|style|constVariablePointer|Variable 'title' can be declared as pointer to const,/home/yichen/Desktop/Gemini_SDF_Results06/logs/F024_cppcheck.log
nofile,cppcheck,True,success,True,0,13,0,information,checkersReport,Active checkers: 113/592 (use --checkers-report=<filename> to see details),nofile|0|information|checkersReport|Active checkers: 113/592 (use --checkers-report=<filename> to see details),/home/yichen/Desktop/Gemini_SDF_Results06/logs/F024_cppcheck.log
/home/yichen/Desktop/Gemini_SDF06/F025.c,cppcheck,True,success,True,0,15,3,information,missingIncludeSystem,Include file: <stdio.h> not found. Please note: Cppcheck does not need standard library headers to get proper results.,/home/yichen/Desktop/Gemini_SDF06/F025.c|3|information|missingIncludeSystem|Include file: <stdio.h> not found. Please note: Cppcheck does not need standard library headers to get proper results.,/home/yichen/Desktop/Gemini_SDF_Results06/logs/F025_cppcheck.log
/home/yichen/Desktop/Gemini_SDF06/F025.c,cppcheck,True,success,True,0,15,4,information,missingIncludeSystem,Include file: <stdlib.h> not found. Please note: Cppcheck does not need standard library headers to get proper results.,/home/yichen/Desktop/Gemini_SDF06/F025.c|4|information|missingIncludeSystem|Include file: <stdlib.h> not found. Please note: Cppcheck does not need standard library headers to get proper results.,/home/yichen/Desktop/Gemini_SDF_Results06/logs/F025_cppcheck.log
/home/yichen/Desktop/Gemini_SDF06/F025.c,cppcheck,True,success,True,0,15,5,information,missingIncludeSystem,Include file: <string.h> not found. Please note: Cppcheck does not need standard library headers to get proper results.,/home/yichen/Desktop/Gemini_SDF06/F025.c|5|information|missingIncludeSystem|Include file: <string.h> not found. Please note: Cppcheck does not need standard library headers to get proper results.,/home/yichen/Desktop/Gemini_SDF_Results06/logs/F025_cppcheck.log
/home/yichen/Desktop/Gemini_SDF06/F025.c,cppcheck,True,success,True,0,15,32,style,constVariablePointer,Variable 'cmd' can be declared as pointer to const,/home/yichen/Desktop/Gemini_SDF06/F025.c|32|style|constVariablePointer|Variable 'cmd' can be declared as pointer to const,/home/yichen/Desktop/Gemini_SDF_Results06/logs/F025_cppcheck.log
/home/yichen/Desktop/Gemini_SDF06/F025.c,cppcheck,True,success,True,0,15,43,style,constVariablePointer,Variable 'name' can be declared as pointer to const,/home/yichen/Desktop/Gemini_SDF06/F025.c|43|style|constVariablePointer|Variable 'name' can be declared as pointer to const,/home/yichen/Desktop/Gemini_SDF_Results06/logs/F025_cppcheck.log
/home/yichen/Desktop/Gemini_SDF06/F025.c,cppcheck,True,success,True,0,15,65,style,constVariablePointer,Variable 'class_name' can be declared as pointer to const,/home/yichen/Desktop/Gemini_SDF06/F025.c|65|style|constVariablePointer|Variable 'class_name' can be declared as pointer to const,/home/yichen/Desktop/Gemini_SDF_Results06/logs/F025_cppcheck.log
/home/yichen/Desktop/Gemini_SDF06/F025.c,cppcheck,True,success,True,0,15,72,style,constVariablePointer,Variable 'student' can be declared as pointer to const,/home/yichen/Desktop/Gemini_SDF06/F025.c|72|style|constVariablePointer|Variable 'student' can be declared as pointer to const,/home/yichen/Desktop/Gemini_SDF_Results06/logs/F025_cppcheck.log
/home/yichen/Desktop/Gemini_SDF06/F025.c,cppcheck,True,success,True,0,15,79,style,constVariablePointer,Variable 'note' can be declared as pointer to const,/home/yichen/Desktop/Gemini_SDF06/F025.c|79|style|constVariablePointer|Variable 'note' can be declared as pointer to const,/home/yichen/Desktop/Gemini_SDF_Results06/logs/F025_cppcheck.log
/home/yichen/Desktop/Gemini_SDF06/F025.c,cppcheck,True,success,True,0,15,108,style,constVariablePointer,Variable 'from' can be declared as pointer to const,/home/yichen/Desktop/Gemini_SDF06/F025.c|108|style|constVariablePointer|Variable 'from' can be declared as pointer to const,/home/yichen/Desktop/Gemini_SDF_Results06/logs/F025_cppcheck.log
/home/yichen/Desktop/Gemini_SDF06/F025.c,cppcheck,True,success,True,0,15,115,style,constVariablePointer,Variable 'to' can be declared as pointer to const,/home/yichen/Desktop/Gemini_SDF06/F025.c|115|style|constVariablePointer|Variable 'to' can be declared as pointer to const,/home/yichen/Desktop/Gemini_SDF_Results06/logs/F025_cppcheck.log
/home/yichen/Desktop/Gemini_SDF06/F025.c,cppcheck,True,success,True,0,15,122,style,constVariablePointer,Variable 'student' can be declared as pointer to const,/home/yichen/Desktop/Gemini_SDF06/F025.c|122|style|constVariablePointer|Variable 'student' can be declared as pointer to const,/home/yichen/Desktop/Gemini_SDF_Results06/logs/F025_cppcheck.log
/home/yichen/Desktop/Gemini_SDF06/F025.c,cppcheck,True,success,True,0,15,158,style,constVariablePointer,Variable 'class_name' can be declared as pointer to const,/home/yichen/Desktop/Gemini_SDF06/F025.c|158|style|constVariablePointer|Variable 'class_name' can be declared as pointer to const,/home/yichen/Desktop/Gemini_SDF_Results06/logs/F025_cppcheck.log
/home/yichen/Desktop/Gemini_SDF06/F025.c,cppcheck,True,success,True,0,15,165,style,constVariablePointer,Variable 'student' can be declared as pointer to const,/home/yichen/Desktop/Gemini_SDF06/F025.c|165|style|constVariablePointer|Variable 'student' can be declared as pointer to const,/home/yichen/Desktop/Gemini_SDF_Results06/logs/F025_cppcheck.log
/home/yichen/Desktop/Gemini_SDF06/F025.c,cppcheck,True,success,True,0,15,190,style,constVariablePointer,Variable 'class_name' can be declared as pointer to const,/home/yichen/Desktop/Gemini_SDF06/F025.c|190|style|constVariablePointer|Variable 'class_name' can be declared as pointer to const,/home/yichen/Desktop/Gemini_SDF_Results06/logs/F025_cppcheck.log
nofile,cppcheck,True,success,True,0,15,0,information,checkersReport,Active checkers: 113/592 (use --checkers-report=<filename> to see details),nofile|0|information|checkersReport|Active checkers: 113/592 (use --checkers-report=<filename> to see details),/home/yichen/Desktop/Gemini_SDF_Results06/logs/F025_cppcheck.log
/home/yichen/Desktop/Gemini_SDF06/F026.c,cppcheck,True,success,True,0,10,3,information,missingIncludeSystem,Include file: <stdio.h> not found. Please note: Cppcheck does not need standard library headers to get proper results.,/home/yichen/Desktop/Gemini_SDF06/F026.c|3|information|missingIncludeSystem|Include file: <stdio.h> not found. Please note: Cppcheck does not need standard library headers to get proper results.,/home/yichen/Desktop/Gemini_SDF_Results06/logs/F026_cppcheck.log
/home/yichen/Desktop/Gemini_SDF06/F026.c,cppcheck,True,success,True,0,10,4,information,missingIncludeSystem,Include file: <stdlib.h> not found. Please note: Cppcheck does not need standard library headers to get proper results.,/home/yichen/Desktop/Gemini_SDF06/F026.c|4|information|missingIncludeSystem|Include file: <stdlib.h> not found. Please note: Cppcheck does not need standard library headers to get proper results.,/home/yichen/Desktop/Gemini_SDF_Results06/logs/F026_cppcheck.log
/home/yichen/Desktop/Gemini_SDF06/F026.c,cppcheck,True,success,True,0,10,5,information,missingIncludeSystem,Include file: <string.h> not found. Please note: Cppcheck does not need standard library headers to get proper results.,/home/yichen/Desktop/Gemini_SDF06/F026.c|5|information|missingIncludeSystem|Include file: <string.h> not found. Please note: Cppcheck does not need standard library headers to get proper results.,/home/yichen/Desktop/Gemini_SDF_Results06/logs/F026_cppcheck.log
/home/yichen/Desktop/Gemini_SDF06/F026.c,cppcheck,True,success,True,0,10,25,style,constVariablePointer,Variable 'cmd' can be declared as pointer to const,/home/yichen/Desktop/Gemini_SDF06/F026.c|25|style|constVariablePointer|Variable 'cmd' can be declared as pointer to const,/home/yichen/Desktop/Gemini_SDF_Results06/logs/F026_cppcheck.log
/home/yichen/Desktop/Gemini_SDF06/F026.c,cppcheck,True,success,True,0,10,36,style,constVariablePointer,Variable 'cat' can be declared as pointer to const,/home/yichen/Desktop/Gemini_SDF06/F026.c|36|style|constVariablePointer|Variable 'cat' can be declared as pointer to const,/home/yichen/Desktop/Gemini_SDF_Results06/logs/F026_cppcheck.log
/home/yichen/Desktop/Gemini_SDF06/F026.c,cppcheck,True,success,True,0,10,43,style,constVariablePointer,Variable 'text' can be declared as pointer to const,/home/yichen/Desktop/Gemini_SDF06/F026.c|43|style|constVariablePointer|Variable 'text' can be declared as pointer to const,/home/yichen/Desktop/Gemini_SDF_Results06/logs/F026_cppcheck.log
/home/yichen/Desktop/Gemini_SDF06/F026.c,cppcheck,True,success,True,0,10,66,style,constVariablePointer,Variable 'cat' can be declared as pointer to const,/home/yichen/Desktop/Gemini_SDF06/F026.c|66|style|constVariablePointer|Variable 'cat' can be declared as pointer to const,/home/yichen/Desktop/Gemini_SDF_Results06/logs/F026_cppcheck.log
/home/yichen/Desktop/Gemini_SDF06/F026.c,cppcheck,True,success,True,0,10,86,style,constVariablePointer,Variable 'cat' can be declared as pointer to const,/home/yichen/Desktop/Gemini_SDF06/F026.c|86|style|constVariablePointer|Variable 'cat' can be declared as pointer to const,/home/yichen/Desktop/Gemini_SDF_Results06/logs/F026_cppcheck.log
/home/yichen/Desktop/Gemini_SDF06/F026.c,cppcheck,True,success,True,0,10,106,style,constVariablePointer,Variable 'word' can be declared as pointer to const,/home/yichen/Desktop/Gemini_SDF06/F026.c|106|style|constVariablePointer|Variable 'word' can be declared as pointer to const,/home/yichen/Desktop/Gemini_SDF_Results06/logs/F026_cppcheck.log
nofile,cppcheck,True,success,True,0,10,0,information,checkersReport,Active checkers: 113/592 (use --checkers-report=<filename> to see details),nofile|0|information|checkersReport|Active checkers: 113/592 (use --checkers-report=<filename> to see details),/home/yichen/Desktop/Gemini_SDF_Results06/logs/F026_cppcheck.log
/home/yichen/Desktop/Gemini_SDF06/F027.c,cppcheck,True,success,True,0,12,3,information,missingIncludeSystem,Include file: <stdio.h> not found. Please note: Cppcheck does not need standard library headers to get proper results.,/home/yichen/Desktop/Gemini_SDF06/F027.c|3|information|missingIncludeSystem|Include file: <stdio.h> not found. Please note: Cppcheck does not need standard library headers to get proper results.,/home/yichen/Desktop/Gemini_SDF_Results06/logs/F027_cppcheck.log
/home/yichen/Desktop/Gemini_SDF06/F027.c,cppcheck,True,success,True,0,12,4,information,missingIncludeSystem,Include file: <stdlib.h> not found. Please note: Cppcheck does not need standard library headers to get proper results.,/home/yichen/Desktop/Gemini_SDF06/F027.c|4|information|missingIncludeSystem|Include file: <stdlib.h> not found. Please note: Cppcheck does not need standard library headers to get proper results.,/home/yichen/Desktop/Gemini_SDF_Results06/logs/F027_cppcheck.log
/home/yichen/Desktop/Gemini_SDF06/F027.c,cppcheck,True,success,True,0,12,5,information,missingIncludeSystem,Include file: <string.h> not found. Please note: Cppcheck does not need standard library headers to get proper results.,/home/yichen/Desktop/Gemini_SDF06/F027.c|5|information|missingIncludeSystem|Include file: <string.h> not found. Please note: Cppcheck does not need standard library headers to get proper results.,/home/yichen/Desktop/Gemini_SDF_Results06/logs/F027_cppcheck.log
/home/yichen/Desktop/Gemini_SDF06/F027.c,cppcheck,True,success,True,0,12,37,style,constVariablePointer,Variable 'cmd' can be declared as pointer to const,/home/yichen/Desktop/Gemini_SDF06/F027.c|37|style|constVariablePointer|Variable 'cmd' can be declared as pointer to const,/home/yichen/Desktop/Gemini_SDF_Results06/logs/F027_cppcheck.log
/home/yichen/Desktop/Gemini_SDF06/F027.c,cppcheck,True,success,True,0,12,48,style,constVariablePointer,Variable 'prio_str' can be declared as pointer to const,/home/yichen/Desktop/Gemini_SDF06/F027.c|48|style|constVariablePointer|Variable 'prio_str' can be declared as pointer to const,/home/yichen/Desktop/Gemini_SDF_Results06/logs/F027_cppcheck.log
/home/yichen/Desktop/Gemini_SDF06/F027.c,cppcheck,True,success,True,0,12,55,style,constVariablePointer,Variable 'title' can be declared as pointer to const,/home/yichen/Desktop/Gemini_SDF06/F027.c|55|style|constVariablePointer|Variable 'title' can be declared as pointer to const,/home/yichen/Desktop/Gemini_SDF_Results06/logs/F027_cppcheck.log
/home/yichen/Desktop/Gemini_SDF06/F027.c,cppcheck,True,success,True,0,12,62,style,constVariablePointer,Variable 'note' can be declared as pointer to const,/home/yichen/Desktop/Gemini_SDF06/F027.c|62|style|constVariablePointer|Variable 'note' can be declared as pointer to const,/home/yichen/Desktop/Gemini_SDF_Results06/logs/F027_cppcheck.log
/home/yichen/Desktop/Gemini_SDF06/F027.c,cppcheck,True,success,True,0,12,88,style,constVariablePointer,Variable 'title' can be declared as pointer to const,/home/yichen/Desktop/Gemini_SDF06/F027.c|88|style|constVariablePointer|Variable 'title' can be declared as pointer to const,/home/yichen/Desktop/Gemini_SDF_Results06/logs/F027_cppcheck.log
/home/yichen/Desktop/Gemini_SDF06/F027.c,cppcheck,True,success,True,0,12,95,style,constVariablePointer,Variable 'delta_str' can be declared as pointer to const,/home/yichen/Desktop/Gemini_SDF06/F027.c|95|style|constVariablePointer|Variable 'delta_str' can be declared as pointer to const,/home/yichen/Desktop/Gemini_SDF_Results06/logs/F027_cppcheck.log
/home/yichen/Desktop/Gemini_SDF06/F027.c,cppcheck,True,success,True,0,12,110,style,constVariablePointer,Variable 'title' can be declared as pointer to const,/home/yichen/Desktop/Gemini_SDF06/F027.c|110|style|constVariablePointer|Variable 'title' can be declared as pointer to const,/home/yichen/Desktop/Gemini_SDF_Results06/logs/F027_cppcheck.log
/home/yichen/Desktop/Gemini_SDF06/F027.c,cppcheck,True,success,True,0,12,128,style,constVariablePointer,Variable 'n_str' can be declared as pointer to const,/home/yichen/Desktop/Gemini_SDF06/F027.c|128|style|constVariablePointer|Variable 'n_str' can be declared as pointer to const,/home/yichen/Desktop/Gemini_SDF_Results06/logs/F027_cppcheck.log
nofile,cppcheck,True,success,True,0,12,0,information,checkersReport,Active checkers: 113/592 (use --checkers-report=<filename> to see details),nofile|0|information|checkersReport|Active checkers: 113/592 (use --checkers-report=<filename> to see details),/home/yichen/Desktop/Gemini_SDF_Results06/logs/F027_cppcheck.log
/home/yichen/Desktop/Gemini_SDF06/F028.c,cppcheck,True,success,True,0,14,3,information,missingIncludeSystem,Include file: <stdio.h> not found. Please note: Cppcheck does not need standard library headers to get proper results.,/home/yichen/Desktop/Gemini_SDF06/F028.c|3|information|missingIncludeSystem|Include file: <stdio.h> not found. Please note: Cppcheck does not need standard library headers to get proper results.,/home/yichen/Desktop/Gemini_SDF_Results06/logs/F028_cppcheck.log
/home/yichen/Desktop/Gemini_SDF06/F028.c,cppcheck,True,success,True,0,14,4,information,missingIncludeSystem,Include file: <stdlib.h> not found. Please note: Cppcheck does not need standard library headers to get proper results.,/home/yichen/Desktop/Gemini_SDF06/F028.c|4|information|missingIncludeSystem|Include file: <stdlib.h> not found. Please note: Cppcheck does not need standard library headers to get proper results.,/home/yichen/Desktop/Gemini_SDF_Results06/logs/F028_cppcheck.log
/home/yichen/Desktop/Gemini_SDF06/F028.c,cppcheck,True,success,True,0,14,5,information,missingIncludeSystem,Include file: <string.h> not found. Please note: Cppcheck does not need standard library headers to get proper results.,/home/yichen/Desktop/Gemini_SDF06/F028.c|5|information|missingIncludeSystem|Include file: <string.h> not found. Please note: Cppcheck does not need standard library headers to get proper results.,/home/yichen/Desktop/Gemini_SDF_Results06/logs/F028_cppcheck.log
/home/yichen/Desktop/Gemini_SDF06/F028.c,cppcheck,True,success,True,0,14,25,style,constVariablePointer,Variable 'cmd' can be declared as pointer to const,/home/yichen/Desktop/Gemini_SDF06/F028.c|25|style|constVariablePointer|Variable 'cmd' can be declared as pointer to const,/home/yichen/Desktop/Gemini_SDF_Results06/logs/F028_cppcheck.log
/home/yichen/Desktop/Gemini_SDF06/F028.c,cppcheck,True,success,True,0,14,36,style,constVariablePointer,Variable 'stop' can be declared as pointer to const,/home/yichen/Desktop/Gemini_SDF06/F028.c|36|style|constVariablePointer|Variable 'stop' can be declared as pointer to const,/home/yichen/Desktop/Gemini_SDF_Results06/logs/F028_cppcheck.log
/home/yichen/Desktop/Gemini_SDF06/F028.c,cppcheck,True,success,True,0,14,43,style,constVariablePointer,Variable 'note' can be declared as pointer to const,/home/yichen/Desktop/Gemini_SDF06/F028.c|43|style|constVariablePointer|Variable 'note' can be declared as pointer to const,/home/yichen/Desktop/Gemini_SDF_Results06/logs/F028_cppcheck.log
/home/yichen/Desktop/Gemini_SDF06/F028.c,cppcheck,True,success,True,0,14,66,style,constVariablePointer,Variable 'idx_str' can be declared as pointer to const,/home/yichen/Desktop/Gemini_SDF06/F028.c|66|style|constVariablePointer|Variable 'idx_str' can be declared as pointer to const,/home/yichen/Desktop/Gemini_SDF_Results06/logs/F028_cppcheck.log
/home/yichen/Desktop/Gemini_SDF06/F028.c,cppcheck,True,success,True,0,14,73,style,constVariablePointer,Variable 'stop' can be declared as pointer to const,/home/yichen/Desktop/Gemini_SDF06/F028.c|73|style|constVariablePointer|Variable 'stop' can be declared as pointer to const,/home/yichen/Desktop/Gemini_SDF_Results06/logs/F028_cppcheck.log
/home/yichen/Desktop/Gemini_SDF06/F028.c,cppcheck,True,success,True,0,14,80,style,constVariablePointer,Variable 'note' can be declared as pointer to const,/home/yichen/Desktop/Gemini_SDF06/F028.c|80|style|constVariablePointer|Variable 'note' can be declared as pointer to const,/home/yichen/Desktop/Gemini_SDF_Results06/logs/F028_cppcheck.log
/home/yichen/Desktop/Gemini_SDF06/F028.c,cppcheck,True,success,True,0,14,108,style,constVariablePointer,Variable 'from_str' can be declared as pointer to const,/home/yichen/Desktop/Gemini_SDF06/F028.c|108|style|constVariablePointer|Variable 'from_str' can be declared as pointer to const,/home/yichen/Desktop/Gemini_SDF_Results06/logs/F028_cppcheck.log
/home/yichen/Desktop/Gemini_SDF06/F028.c,cppcheck,True,success,True,0,14,115,style,constVariablePointer,Variable 'to_str' can be declared as pointer to const,/home/yichen/Desktop/Gemini_SDF06/F028.c|115|style|constVariablePointer|Variable 'to_str' can be declared as pointer to const,/home/yichen/Desktop/Gemini_SDF_Results06/logs/F028_cppcheck.log
/home/yichen/Desktop/Gemini_SDF06/F028.c,cppcheck,True,success,True,0,14,139,style,constVariablePointer,Variable 'idx_str' can be declared as pointer to const,/home/yichen/Desktop/Gemini_SDF06/F028.c|139|style|constVariablePointer|Variable 'idx_str' can be declared as pointer to const,/home/yichen/Desktop/Gemini_SDF_Results06/logs/F028_cppcheck.log
/home/yichen/Desktop/Gemini_SDF06/F028.c,cppcheck,True,success,True,0,14,154,style,constVariablePointer,Variable 'stop' can be declared as pointer to const,/home/yichen/Desktop/Gemini_SDF06/F028.c|154|style|constVariablePointer|Variable 'stop' can be declared as pointer to const,/home/yichen/Desktop/Gemini_SDF_Results06/logs/F028_cppcheck.log
nofile,cppcheck,True,success,True,0,14,0,information,checkersReport,Active checkers: 113/592 (use --checkers-report=<filename> to see details),nofile|0|information|checkersReport|Active checkers: 113/592 (use --checkers-report=<filename> to see details),/home/yichen/Desktop/Gemini_SDF_Results06/logs/F028_cppcheck.log
/home/yichen/Desktop/Gemini_SDF06/F029.c,cppcheck,True,success,True,0,9,3,information,missingIncludeSystem,Include file: <stdio.h> not found. Please note: Cppcheck does not need standard library headers to get proper results.,/home/yichen/Desktop/Gemini_SDF06/F029.c|3|information|missingIncludeSystem|Include file: <stdio.h> not found. Please note: Cppcheck does not need standard library headers to get proper results.,/home/yichen/Desktop/Gemini_SDF_Results06/logs/F029_cppcheck.log
/home/yichen/Desktop/Gemini_SDF06/F029.c,cppcheck,True,success,True,0,9,4,information,missingIncludeSystem,Include file: <stdlib.h> not found. Please note: Cppcheck does not need standard library headers to get proper results.,/home/yichen/Desktop/Gemini_SDF06/F029.c|4|information|missingIncludeSystem|Include file: <stdlib.h> not found. Please note: Cppcheck does not need standard library headers to get proper results.,/home/yichen/Desktop/Gemini_SDF_Results06/logs/F029_cppcheck.log
/home/yichen/Desktop/Gemini_SDF06/F029.c,cppcheck,True,success,True,0,9,5,information,missingIncludeSystem,Include file: <string.h> not found. Please note: Cppcheck does not need standard library headers to get proper results.,/home/yichen/Desktop/Gemini_SDF06/F029.c|5|information|missingIncludeSystem|Include file: <string.h> not found. Please note: Cppcheck does not need standard library headers to get proper results.,/home/yichen/Desktop/Gemini_SDF_Results06/logs/F029_cppcheck.log
/home/yichen/Desktop/Gemini_SDF06/F029.c,cppcheck,True,success,True,0,9,25,style,constVariablePointer,Variable 'cmd' can be declared as pointer to const,/home/yichen/Desktop/Gemini_SDF06/F029.c|25|style|constVariablePointer|Variable 'cmd' can be declared as pointer to const,/home/yichen/Desktop/Gemini_SDF_Results06/logs/F029_cppcheck.log
/home/yichen/Desktop/Gemini_SDF06/F029.c,cppcheck,True,success,True,0,9,36,style,constVariablePointer,Variable 'key' can be declared as pointer to const,/home/yichen/Desktop/Gemini_SDF06/F029.c|36|style|constVariablePointer|Variable 'key' can be declared as pointer to const,/home/yichen/Desktop/Gemini_SDF_Results06/logs/F029_cppcheck.log
/home/yichen/Desktop/Gemini_SDF06/F029.c,cppcheck,True,success,True,0,9,43,style,constVariablePointer,Variable 'val' can be declared as pointer to const,/home/yichen/Desktop/Gemini_SDF06/F029.c|43|style|constVariablePointer|Variable 'val' can be declared as pointer to const,/home/yichen/Desktop/Gemini_SDF_Results06/logs/F029_cppcheck.log
/home/yichen/Desktop/Gemini_SDF06/F029.c,cppcheck,True,success,True,0,9,87,style,constVariablePointer,Variable 'key' can be declared as pointer to const,/home/yichen/Desktop/Gemini_SDF06/F029.c|87|style|constVariablePointer|Variable 'key' can be declared as pointer to const,/home/yichen/Desktop/Gemini_SDF_Results06/logs/F029_cppcheck.log
/home/yichen/Desktop/Gemini_SDF06/F029.c,cppcheck,True,success,True,0,9,107,style,constVariablePointer,Variable 'key' can be declared as pointer to const,/home/yichen/Desktop/Gemini_SDF06/F029.c|107|style|constVariablePointer|Variable 'key' can be declared as pointer to const,/home/yichen/Desktop/Gemini_SDF_Results06/logs/F029_cppcheck.log
nofile,cppcheck,True,success,True,0,9,0,information,checkersReport,Active checkers: 113/592 (use --checkers-report=<filename> to see details),nofile|0|information|checkersReport|Active checkers: 113/592 (use --checkers-report=<filename> to see details),/home/yichen/Desktop/Gemini_SDF_Results06/logs/F029_cppcheck.log
/home/yichen/Desktop/Gemini_SDF06/F030.c,cppcheck,True,success,True,0,11,3,information,missingIncludeSystem,Include file: <stdio.h> not found. Please note: Cppcheck does not need standard library headers to get proper results.,/home/yichen/Desktop/Gemini_SDF06/F030.c|3|information|missingIncludeSystem|Include file: <stdio.h> not found. Please note: Cppcheck does not need standard library headers to get proper results.,/home/yichen/Desktop/Gemini_SDF_Results06/logs/F030_cppcheck.log
/home/yichen/Desktop/Gemini_SDF06/F030.c,cppcheck,True,success,True,0,11,4,information,missingIncludeSystem,Include file: <stdlib.h> not found. Please note: Cppcheck does not need standard library headers to get proper results.,/home/yichen/Desktop/Gemini_SDF06/F030.c|4|information|missingIncludeSystem|Include file: <stdlib.h> not found. Please note: Cppcheck does not need standard library headers to get proper results.,/home/yichen/Desktop/Gemini_SDF_Results06/logs/F030_cppcheck.log
/home/yichen/Desktop/Gemini_SDF06/F030.c,cppcheck,True,success,True,0,11,5,information,missingIncludeSystem,Include file: <string.h> not found. Please note: Cppcheck does not need standard library headers to get proper results.,/home/yichen/Desktop/Gemini_SDF06/F030.c|5|information|missingIncludeSystem|Include file: <string.h> not found. Please note: Cppcheck does not need standard library headers to get proper results.,/home/yichen/Desktop/Gemini_SDF_Results06/logs/F030_cppcheck.log
/home/yichen/Desktop/Gemini_SDF06/F030.c,cppcheck,True,success,True,0,11,25,style,constVariablePointer,Variable 'cmd' can be declared as pointer to const,/home/yichen/Desktop/Gemini_SDF06/F030.c|25|style|constVariablePointer|Variable 'cmd' can be declared as pointer to const,/home/yichen/Desktop/Gemini_SDF_Results06/logs/F030_cppcheck.log
/home/yichen/Desktop/Gemini_SDF06/F030.c,cppcheck,True,success,True,0,11,36,style,constVariablePointer,Variable 'old' can be declared as pointer to const,/home/yichen/Desktop/Gemini_SDF06/F030.c|36|style|constVariablePointer|Variable 'old' can be declared as pointer to const,/home/yichen/Desktop/Gemini_SDF_Results06/logs/F030_cppcheck.log
/home/yichen/Desktop/Gemini_SDF06/F030.c,cppcheck,True,success,True,0,11,43,style,constVariablePointer,Variable 'new_str' can be declared as pointer to const,/home/yichen/Desktop/Gemini_SDF06/F030.c|43|style|constVariablePointer|Variable 'new_str' can be declared as pointer to const,/home/yichen/Desktop/Gemini_SDF_Results06/logs/F030_cppcheck.log
/home/yichen/Desktop/Gemini_SDF06/F030.c,cppcheck,True,success,True,0,11,71,style,constVariablePointer,Variable 'pos' can be declared as pointer to const,/home/yichen/Desktop/Gemini_SDF06/F030.c|71|style|constVariablePointer|Variable 'pos' can be declared as pointer to const,/home/yichen/Desktop/Gemini_SDF_Results06/logs/F030_cppcheck.log
/home/yichen/Desktop/Gemini_SDF06/F030.c,cppcheck,True,success,True,0,11,94,style,constVariablePointer,Variable 'old' can be declared as pointer to const,/home/yichen/Desktop/Gemini_SDF06/F030.c|94|style|constVariablePointer|Variable 'old' can be declared as pointer to const,/home/yichen/Desktop/Gemini_SDF_Results06/logs/F030_cppcheck.log
/home/yichen/Desktop/Gemini_SDF06/F030.c,cppcheck,True,success,True,0,11,112,style,constVariablePointer,Variable 'i_str' can be declared as pointer to const,/home/yichen/Desktop/Gemini_SDF06/F030.c|112|style|constVariablePointer|Variable 'i_str' can be declared as pointer to const,/home/yichen/Desktop/Gemini_SDF_Results06/logs/F030_cppcheck.log
/home/yichen/Desktop/Gemini_SDF06/F030.c,cppcheck,True,success,True,0,11,119,style,constVariablePointer,Variable 'j_str' can be declared as pointer to const,/home/yichen/Desktop/Gemini_SDF06/F030.c|119|style|constVariablePointer|Variable 'j_str' can be declared as pointer to const,/home/yichen/Desktop/Gemini_SDF_Results06/logs/F030_cppcheck.log
nofile,cppcheck,True,success,True,0,11,0,information,checkersReport,Active checkers: 113/592 (use --checkers-report=<filename> to see details),nofile|0|information|checkersReport|Active checkers: 113/592 (use --checkers-report=<filename> to see details),/home/yichen/Desktop/Gemini_SDF_Results06/logs/F030_cppcheck.log
/home/yichen/Desktop/Gemini_SDF06/F031.c,cppcheck,True,success,True,0,10,3,information,missingIncludeSystem,Include file: <stdio.h> not found. Please note: Cppcheck does not need standard library headers to get proper results.,/home/yichen/Desktop/Gemini_SDF06/F031.c|3|information|missingIncludeSystem|Include file: <stdio.h> not found. Please note: Cppcheck does not need standard library headers to get proper results.,/home/yichen/Desktop/Gemini_SDF_Results06/logs/F031_cppcheck.log
/home/yichen/Desktop/Gemini_SDF06/F031.c,cppcheck,True,success,True,0,10,4,information,missingIncludeSystem,Include file: <stdlib.h> not found. Please note: Cppcheck does not need standard library headers to get proper results.,/home/yichen/Desktop/Gemini_SDF06/F031.c|4|information|missingIncludeSystem|Include file: <stdlib.h> not found. Please note: Cppcheck does not need standard library headers to get proper results.,/home/yichen/Desktop/Gemini_SDF_Results06/logs/F031_cppcheck.log
/home/yichen/Desktop/Gemini_SDF06/F031.c,cppcheck,True,success,True,0,10,5,information,missingIncludeSystem,Include file: <string.h> not found. Please note: Cppcheck does not need standard library headers to get proper results.,/home/yichen/Desktop/Gemini_SDF06/F031.c|5|information|missingIncludeSystem|Include file: <string.h> not found. Please note: Cppcheck does not need standard library headers to get proper results.,/home/yichen/Desktop/Gemini_SDF_Results06/logs/F031_cppcheck.log
/home/yichen/Desktop/Gemini_SDF06/F031.c,cppcheck,True,success,True,0,10,25,style,constVariablePointer,Variable 'cmd' can be declared as pointer to const,/home/yichen/Desktop/Gemini_SDF06/F031.c|25|style|constVariablePointer|Variable 'cmd' can be declared as pointer to const,/home/yichen/Desktop/Gemini_SDF_Results06/logs/F031_cppcheck.log
/home/yichen/Desktop/Gemini_SDF06/F031.c,cppcheck,True,success,True,0,10,36,style,constVariablePointer,Variable 'n_str' can be declared as pointer to const,/home/yichen/Desktop/Gemini_SDF06/F031.c|36|style|constVariablePointer|Variable 'n_str' can be declared as pointer to const,/home/yichen/Desktop/Gemini_SDF_Results06/logs/F031_cppcheck.log
/home/yichen/Desktop/Gemini_SDF06/F031.c,cppcheck,True,success,True,0,10,58,style,constVariablePointer,Variable 'name' can be declared as pointer to const,/home/yichen/Desktop/Gemini_SDF06/F031.c|58|style|constVariablePointer|Variable 'name' can be declared as pointer to const,/home/yichen/Desktop/Gemini_SDF_Results06/logs/F031_cppcheck.log
/home/yichen/Desktop/Gemini_SDF06/F031.c,cppcheck,True,success,True,0,10,65,style,constVariablePointer,Variable 'note' can be declared as pointer to const,/home/yichen/Desktop/Gemini_SDF06/F031.c|65|style|constVariablePointer|Variable 'note' can be declared as pointer to const,/home/yichen/Desktop/Gemini_SDF_Results06/logs/F031_cppcheck.log
/home/yichen/Desktop/Gemini_SDF06/F031.c,cppcheck,True,success,True,0,10,113,style,constVariablePointer,Variable 'name' can be declared as pointer to const,/home/yichen/Desktop/Gemini_SDF06/F031.c|113|style|constVariablePointer|Variable 'name' can be declared as pointer to const,/home/yichen/Desktop/Gemini_SDF_Results06/logs/F031_cppcheck.log
/home/yichen/Desktop/Gemini_SDF06/F031.c,cppcheck,True,success,True,0,10,131,style,constVariablePointer,Variable 'name' can be declared as pointer to const,/home/yichen/Desktop/Gemini_SDF06/F031.c|131|style|constVariablePointer|Variable 'name' can be declared as pointer to const,/home/yichen/Desktop/Gemini_SDF_Results06/logs/F031_cppcheck.log
nofile,cppcheck,True,success,True,0,10,0,information,checkersReport,Active checkers: 113/592 (use --checkers-report=<filename> to see details),nofile|0|information|checkersReport|Active checkers: 113/592 (use --checkers-report=<filename> to see details),/home/yichen/Desktop/Gemini_SDF_Results06/logs/F031_cppcheck.log
/home/yichen/Desktop/Gemini_SDF06/F032.c,cppcheck,True,success,True,0,11,3,information,missingIncludeSystem,Include file: <stdio.h> not found. Please note: Cppcheck does not need standard library headers to get proper results.,/home/yichen/Desktop/Gemini_SDF06/F032.c|3|information|missingIncludeSystem|Include file: <stdio.h> not found. Please note: Cppcheck does not need standard library headers to get proper results.,/home/yichen/Desktop/Gemini_SDF_Results06/logs/F032_cppcheck.log
/home/yichen/Desktop/Gemini_SDF06/F032.c,cppcheck,True,success,True,0,11,4,information,missingIncludeSystem,Include file: <stdlib.h> not found. Please note: Cppcheck does not need standard library headers to get proper results.,/home/yichen/Desktop/Gemini_SDF06/F032.c|4|information|missingIncludeSystem|Include file: <stdlib.h> not found. Please note: Cppcheck does not need standard library headers to get proper results.,/home/yichen/Desktop/Gemini_SDF_Results06/logs/F032_cppcheck.log
/home/yichen/Desktop/Gemini_SDF06/F032.c,cppcheck,True,success,True,0,11,5,information,missingIncludeSystem,Include file: <string.h> not found. Please note: Cppcheck does not need standard library headers to get proper results.,/home/yichen/Desktop/Gemini_SDF06/F032.c|5|information|missingIncludeSystem|Include file: <string.h> not found. Please note: Cppcheck does not need standard library headers to get proper results.,/home/yichen/Desktop/Gemini_SDF_Results06/logs/F032_cppcheck.log
/home/yichen/Desktop/Gemini_SDF06/F032.c,cppcheck,True,success,True,0,11,32,style,constVariablePointer,Variable 'cmd' can be declared as pointer to const,/home/yichen/Desktop/Gemini_SDF06/F032.c|32|style|constVariablePointer|Variable 'cmd' can be declared as pointer to const,/home/yichen/Desktop/Gemini_SDF_Results06/logs/F032_cppcheck.log
/home/yichen/Desktop/Gemini_SDF06/F032.c,cppcheck,True,success,True,0,11,43,style,constVariablePointer,Variable 'key' can be declared as pointer to const,/home/yichen/Desktop/Gemini_SDF06/F032.c|43|style|constVariablePointer|Variable 'key' can be declared as pointer to const,/home/yichen/Desktop/Gemini_SDF_Results06/logs/F032_cppcheck.log
/home/yichen/Desktop/Gemini_SDF06/F032.c,cppcheck,True,success,True,0,11,50,style,constVariablePointer,Variable 'val' can be declared as pointer to const,/home/yichen/Desktop/Gemini_SDF06/F032.c|50|style|constVariablePointer|Variable 'val' can be declared as pointer to const,/home/yichen/Desktop/Gemini_SDF_Results06/logs/F032_cppcheck.log
/home/yichen/Desktop/Gemini_SDF06/F032.c,cppcheck,True,success,True,0,11,98,style,constVariablePointer,Variable 'key' can be declared as pointer to const,/home/yichen/Desktop/Gemini_SDF06/F032.c|98|style|constVariablePointer|Variable 'key' can be declared as pointer to const,/home/yichen/Desktop/Gemini_SDF_Results06/logs/F032_cppcheck.log
/home/yichen/Desktop/Gemini_SDF06/F032.c,cppcheck,True,success,True,0,11,105,style,constVariablePointer,Variable 'val' can be declared as pointer to const,/home/yichen/Desktop/Gemini_SDF06/F032.c|105|style|constVariablePointer|Variable 'val' can be declared as pointer to const,/home/yichen/Desktop/Gemini_SDF_Results06/logs/F032_cppcheck.log
/home/yichen/Desktop/Gemini_SDF06/F032.c,cppcheck,True,success,True,0,11,197,style,constVariablePointer,Variable 'key' can be declared as pointer to const,/home/yichen/Desktop/Gemini_SDF06/F032.c|197|style|constVariablePointer|Variable 'key' can be declared as pointer to const,/home/yichen/Desktop/Gemini_SDF_Results06/logs/F032_cppcheck.log
/home/yichen/Desktop/Gemini_SDF06/F032.c,cppcheck,True,success,True,0,11,216,style,unreadVariable,Variable 'found' is assigned a value that is never used.,/home/yichen/Desktop/Gemini_SDF06/F032.c|216|style|unreadVariable|Variable 'found' is assigned a value that is never used.,/home/yichen/Desktop/Gemini_SDF_Results06/logs/F032_cppcheck.log
nofile,cppcheck,True,success,True,0,11,0,information,checkersReport,Active checkers: 113/592 (use --checkers-report=<filename> to see details),nofile|0|information|checkersReport|Active checkers: 113/592 (use --checkers-report=<filename> to see details),/home/yichen/Desktop/Gemini_SDF_Results06/logs/F032_cppcheck.log
/home/yichen/Desktop/Gemini_SDF06/F033.c,cppcheck,True,success,True,0,11,3,information,missingIncludeSystem,Include file: <stdio.h> not found. Please note: Cppcheck does not need standard library headers to get proper results.,/home/yichen/Desktop/Gemini_SDF06/F033.c|3|information|missingIncludeSystem|Include file: <stdio.h> not found. Please note: Cppcheck does not need standard library headers to get proper results.,/home/yichen/Desktop/Gemini_SDF_Results06/logs/F033_cppcheck.log
/home/yichen/Desktop/Gemini_SDF06/F033.c,cppcheck,True,success,True,0,11,4,information,missingIncludeSystem,Include file: <stdlib.h> not found. Please note: Cppcheck does not need standard library headers to get proper results.,/home/yichen/Desktop/Gemini_SDF06/F033.c|4|information|missingIncludeSystem|Include file: <stdlib.h> not found. Please note: Cppcheck does not need standard library headers to get proper results.,/home/yichen/Desktop/Gemini_SDF_Results06/logs/F033_cppcheck.log
/home/yichen/Desktop/Gemini_SDF06/F033.c,cppcheck,True,success,True,0,11,5,information,missingIncludeSystem,Include file: <string.h> not found. Please note: Cppcheck does not need standard library headers to get proper results.,/home/yichen/Desktop/Gemini_SDF06/F033.c|5|information|missingIncludeSystem|Include file: <string.h> not found. Please note: Cppcheck does not need standard library headers to get proper results.,/home/yichen/Desktop/Gemini_SDF_Results06/logs/F033_cppcheck.log
/home/yichen/Desktop/Gemini_SDF06/F033.c,cppcheck,True,success,True,0,11,27,style,constVariablePointer,Variable 'cmd' can be declared as pointer to const,/home/yichen/Desktop/Gemini_SDF06/F033.c|27|style|constVariablePointer|Variable 'cmd' can be declared as pointer to const,/home/yichen/Desktop/Gemini_SDF_Results06/logs/F033_cppcheck.log
/home/yichen/Desktop/Gemini_SDF06/F033.c,cppcheck,True,success,True,0,11,38,style,constVariablePointer,Variable 'id' can be declared as pointer to const,/home/yichen/Desktop/Gemini_SDF06/F033.c|38|style|constVariablePointer|Variable 'id' can be declared as pointer to const,/home/yichen/Desktop/Gemini_SDF_Results06/logs/F033_cppcheck.log
/home/yichen/Desktop/Gemini_SDF06/F033.c,cppcheck,True,success,True,0,11,45,style,constVariablePointer,Variable 'name' can be declared as pointer to const,/home/yichen/Desktop/Gemini_SDF06/F033.c|45|style|constVariablePointer|Variable 'name' can be declared as pointer to const,/home/yichen/Desktop/Gemini_SDF_Results06/logs/F033_cppcheck.log
/home/yichen/Desktop/Gemini_SDF06/F033.c,cppcheck,True,success,True,0,11,52,style,constVariablePointer,Variable 'dept' can be declared as pointer to const,/home/yichen/Desktop/Gemini_SDF06/F033.c|52|style|constVariablePointer|Variable 'dept' can be declared as pointer to const,/home/yichen/Desktop/Gemini_SDF_Results06/logs/F033_cppcheck.log
/home/yichen/Desktop/Gemini_SDF06/F033.c,cppcheck,True,success,True,0,11,59,style,constVariablePointer,Variable 'title' can be declared as pointer to const,/home/yichen/Desktop/Gemini_SDF06/F033.c|59|style|constVariablePointer|Variable 'title' can be declared as pointer to const,/home/yichen/Desktop/Gemini_SDF_Results06/logs/F033_cppcheck.log
/home/yichen/Desktop/Gemini_SDF06/F033.c,cppcheck,True,success,True,0,11,116,style,constVariablePointer,Variable 'id' can be declared as pointer to const,/home/yichen/Desktop/Gemini_SDF06/F033.c|116|style|constVariablePointer|Variable 'id' can be declared as pointer to const,/home/yichen/Desktop/Gemini_SDF_Results06/logs/F033_cppcheck.log
/home/yichen/Desktop/Gemini_SDF06/F033.c,cppcheck,True,success,True,0,11,136,style,constVariablePointer,Variable 'id' can be declared as pointer to const,/home/yichen/Desktop/Gemini_SDF06/F033.c|136|style|constVariablePointer|Variable 'id' can be declared as pointer to const,/home/yichen/Desktop/Gemini_SDF_Results06/logs/F033_cppcheck.log
nofile,cppcheck,True,success,True,0,11,0,information,checkersReport,Active checkers: 113/592 (use --checkers-report=<filename> to see details),nofile|0|information|checkersReport|Active checkers: 113/592 (use --checkers-report=<filename> to see details),/home/yichen/Desktop/Gemini_SDF_Results06/logs/F033_cppcheck.log
/home/yichen/Desktop/Gemini_SDF06/F034.c,cppcheck,True,success,True,0,10,3,information,missingIncludeSystem,Include file: <stdio.h> not found. Please note: Cppcheck does not need standard library headers to get proper results.,/home/yichen/Desktop/Gemini_SDF06/F034.c|3|information|missingIncludeSystem|Include file: <stdio.h> not found. Please note: Cppcheck does not need standard library headers to get proper results.,/home/yichen/Desktop/Gemini_SDF_Results06/logs/F034_cppcheck.log
/home/yichen/Desktop/Gemini_SDF06/F034.c,cppcheck,True,success,True,0,10,4,information,missingIncludeSystem,Include file: <stdlib.h> not found. Please note: Cppcheck does not need standard library headers to get proper results.,/home/yichen/Desktop/Gemini_SDF06/F034.c|4|information|missingIncludeSystem|Include file: <stdlib.h> not found. Please note: Cppcheck does not need standard library headers to get proper results.,/home/yichen/Desktop/Gemini_SDF_Results06/logs/F034_cppcheck.log
/home/yichen/Desktop/Gemini_SDF06/F034.c,cppcheck,True,success,True,0,10,5,information,missingIncludeSystem,Include file: <string.h> not found. Please note: Cppcheck does not need standard library headers to get proper results.,/home/yichen/Desktop/Gemini_SDF06/F034.c|5|information|missingIncludeSystem|Include file: <string.h> not found. Please note: Cppcheck does not need standard library headers to get proper results.,/home/yichen/Desktop/Gemini_SDF_Results06/logs/F034_cppcheck.log
/home/yichen/Desktop/Gemini_SDF06/F034.c,cppcheck,True,success,True,0,10,30,style,constVariablePointer,Variable 'cmd' can be declared as pointer to const,/home/yichen/Desktop/Gemini_SDF06/F034.c|30|style|constVariablePointer|Variable 'cmd' can be declared as pointer to const,/home/yichen/Desktop/Gemini_SDF_Results06/logs/F034_cppcheck.log
/home/yichen/Desktop/Gemini_SDF06/F034.c,cppcheck,True,success,True,0,10,53,style,constVariablePointer,Variable 'name' can be declared as pointer to const,/home/yichen/Desktop/Gemini_SDF06/F034.c|53|style|constVariablePointer|Variable 'name' can be declared as pointer to const,/home/yichen/Desktop/Gemini_SDF_Results06/logs/F034_cppcheck.log
/home/yichen/Desktop/Gemini_SDF06/F034.c,cppcheck,True,success,True,0,10,60,style,constVariablePointer,Variable 'note' can be declared as pointer to const,/home/yichen/Desktop/Gemini_SDF06/F034.c|60|style|constVariablePointer|Variable 'note' can be declared as pointer to const,/home/yichen/Desktop/Gemini_SDF_Results06/logs/F034_cppcheck.log
/home/yichen/Desktop/Gemini_SDF06/F034.c,cppcheck,True,success,True,0,10,110,style,constVariablePointer,Variable 'name' can be declared as pointer to const,/home/yichen/Desktop/Gemini_SDF06/F034.c|110|style|constVariablePointer|Variable 'name' can be declared as pointer to const,/home/yichen/Desktop/Gemini_SDF_Results06/logs/F034_cppcheck.log
/home/yichen/Desktop/Gemini_SDF06/F034.c,cppcheck,True,success,True,0,10,117,style,constVariablePointer,Variable 'note' can be declared as pointer to const,/home/yichen/Desktop/Gemini_SDF06/F034.c|117|style|constVariablePointer|Variable 'note' can be declared as pointer to const,/home/yichen/Desktop/Gemini_SDF_Results06/logs/F034_cppcheck.log
/home/yichen/Desktop/Gemini_SDF06/F034.c,cppcheck,True,success,True,0,10,140,style,constVariablePointer,Variable 'name' can be declared as pointer to const,/home/yichen/Desktop/Gemini_SDF06/F034.c|140|style|constVariablePointer|Variable 'name' can be declared as pointer to const,/home/yichen/Desktop/Gemini_SDF_Results06/logs/F034_cppcheck.log
nofile,cppcheck,True,success,True,0,10,0,information,checkersReport,Active checkers: 113/592 (use --checkers-report=<filename> to see details),nofile|0|information|checkersReport|Active checkers: 113/592 (use --checkers-report=<filename> to see details),/home/yichen/Desktop/Gemini_SDF_Results06/logs/F034_cppcheck.log
/home/yichen/Desktop/Gemini_SDF06/F035.c,cppcheck,True,success,True,0,11,3,information,missingIncludeSystem,Include file: <stdio.h> not found. Please note: Cppcheck does not need standard library headers to get proper results.,/home/yichen/Desktop/Gemini_SDF06/F035.c|3|information|missingIncludeSystem|Include file: <stdio.h> not found. Please note: Cppcheck does not need standard library headers to get proper results.,/home/yichen/Desktop/Gemini_SDF_Results06/logs/F035_cppcheck.log
/home/yichen/Desktop/Gemini_SDF06/F035.c,cppcheck,True,success,True,0,11,4,information,missingIncludeSystem,Include file: <stdlib.h> not found. Please note: Cppcheck does not need standard library headers to get proper results.,/home/yichen/Desktop/Gemini_SDF06/F035.c|4|information|missingIncludeSystem|Include file: <stdlib.h> not found. Please note: Cppcheck does not need standard library headers to get proper results.,/home/yichen/Desktop/Gemini_SDF_Results06/logs/F035_cppcheck.log
/home/yichen/Desktop/Gemini_SDF06/F035.c,cppcheck,True,success,True,0,11,5,information,missingIncludeSystem,Include file: <string.h> not found. Please note: Cppcheck does not need standard library headers to get proper results.,/home/yichen/Desktop/Gemini_SDF06/F035.c|5|information|missingIncludeSystem|Include file: <string.h> not found. Please note: Cppcheck does not need standard library headers to get proper results.,/home/yichen/Desktop/Gemini_SDF_Results06/logs/F035_cppcheck.log
/home/yichen/Desktop/Gemini_SDF06/F035.c,cppcheck,True,success,True,0,11,25,style,constVariablePointer,Variable 'cmd' can be declared as pointer to const,/home/yichen/Desktop/Gemini_SDF06/F035.c|25|style|constVariablePointer|Variable 'cmd' can be declared as pointer to const,/home/yichen/Desktop/Gemini_SDF_Results06/logs/F035_cppcheck.log
/home/yichen/Desktop/Gemini_SDF06/F035.c,cppcheck,True,success,True,0,11,36,style,constVariablePointer,Variable 'name' can be declared as pointer to const,/home/yichen/Desktop/Gemini_SDF06/F035.c|36|style|constVariablePointer|Variable 'name' can be declared as pointer to const,/home/yichen/Desktop/Gemini_SDF_Results06/logs/F035_cppcheck.log
/home/yichen/Desktop/Gemini_SDF06/F035.c,cppcheck,True,success,True,0,11,43,style,constVariablePointer,Variable 'payload' can be declared as pointer to const,/home/yichen/Desktop/Gemini_SDF06/F035.c|43|style|constVariablePointer|Variable 'payload' can be declared as pointer to const,/home/yichen/Desktop/Gemini_SDF_Results06/logs/F035_cppcheck.log
/home/yichen/Desktop/Gemini_SDF06/F035.c,cppcheck,True,success,True,0,11,66,style,constVariablePointer,Variable 'old' can be declared as pointer to const,/home/yichen/Desktop/Gemini_SDF06/F035.c|66|style|constVariablePointer|Variable 'old' can be declared as pointer to const,/home/yichen/Desktop/Gemini_SDF_Results06/logs/F035_cppcheck.log
/home/yichen/Desktop/Gemini_SDF06/F035.c,cppcheck,True,success,True,0,11,73,style,constVariablePointer,Variable 'new_name' can be declared as pointer to const,/home/yichen/Desktop/Gemini_SDF06/F035.c|73|style|constVariablePointer|Variable 'new_name' can be declared as pointer to const,/home/yichen/Desktop/Gemini_SDF_Results06/logs/F035_cppcheck.log
/home/yichen/Desktop/Gemini_SDF06/F035.c,cppcheck,True,success,True,0,11,103,style,constVariablePointer,Variable 'name' can be declared as pointer to const,/home/yichen/Desktop/Gemini_SDF06/F035.c|103|style|constVariablePointer|Variable 'name' can be declared as pointer to const,/home/yichen/Desktop/Gemini_SDF_Results06/logs/F035_cppcheck.log
/home/yichen/Desktop/Gemini_SDF06/F035.c,cppcheck,True,success,True,0,11,121,style,constVariablePointer,Variable 'name' can be declared as pointer to const,/home/yichen/Desktop/Gemini_SDF06/F035.c|121|style|constVariablePointer|Variable 'name' can be declared as pointer to const,/home/yichen/Desktop/Gemini_SDF_Results06/logs/F035_cppcheck.log
nofile,cppcheck,True,success,True,0,11,0,information,checkersReport,Active checkers: 113/592 (use --checkers-report=<filename> to see details),nofile|0|information|checkersReport|Active checkers: 113/592 (use --checkers-report=<filename> to see details),/home/yichen/Desktop/Gemini_SDF_Results06/logs/F035_cppcheck.log
/home/yichen/Desktop/Gemini_SDF06/F036.c,cppcheck,True,success,True,0,10,3,information,missingIncludeSystem,Include file: <stdio.h> not found. Please note: Cppcheck does not need standard library headers to get proper results.,/home/yichen/Desktop/Gemini_SDF06/F036.c|3|information|missingIncludeSystem|Include file: <stdio.h> not found. Please note: Cppcheck does not need standard library headers to get proper results.,/home/yichen/Desktop/Gemini_SDF_Results06/logs/F036_cppcheck.log
/home/yichen/Desktop/Gemini_SDF06/F036.c,cppcheck,True,success,True,0,10,4,information,missingIncludeSystem,Include file: <stdlib.h> not found. Please note: Cppcheck does not need standard library headers to get proper results.,/home/yichen/Desktop/Gemini_SDF06/F036.c|4|information|missingIncludeSystem|Include file: <stdlib.h> not found. Please note: Cppcheck does not need standard library headers to get proper results.,/home/yichen/Desktop/Gemini_SDF_Results06/logs/F036_cppcheck.log
/home/yichen/Desktop/Gemini_SDF06/F036.c,cppcheck,True,success,True,0,10,5,information,missingIncludeSystem,Include file: <string.h> not found. Please note: Cppcheck does not need standard library headers to get proper results.,/home/yichen/Desktop/Gemini_SDF06/F036.c|5|information|missingIncludeSystem|Include file: <string.h> not found. Please note: Cppcheck does not need standard library headers to get proper results.,/home/yichen/Desktop/Gemini_SDF_Results06/logs/F036_cppcheck.log
/home/yichen/Desktop/Gemini_SDF06/F036.c,cppcheck,True,success,True,0,10,25,style,constVariablePointer,Variable 'cmd' can be declared as pointer to const,/home/yichen/Desktop/Gemini_SDF06/F036.c|25|style|constVariablePointer|Variable 'cmd' can be declared as pointer to const,/home/yichen/Desktop/Gemini_SDF_Results06/logs/F036_cppcheck.log
/home/yichen/Desktop/Gemini_SDF06/F036.c,cppcheck,True,success,True,0,10,36,style,constVariablePointer,Variable 'name' can be declared as pointer to const,/home/yichen/Desktop/Gemini_SDF06/F036.c|36|style|constVariablePointer|Variable 'name' can be declared as pointer to const,/home/yichen/Desktop/Gemini_SDF_Results06/logs/F036_cppcheck.log
/home/yichen/Desktop/Gemini_SDF06/F036.c,cppcheck,True,success,True,0,10,51,style,constVariablePointer,Variable 'len_str' can be declared as pointer to const,/home/yichen/Desktop/Gemini_SDF06/F036.c|51|style|constVariablePointer|Variable 'len_str' can be declared as pointer to const,/home/yichen/Desktop/Gemini_SDF_Results06/logs/F036_cppcheck.log
/home/yichen/Desktop/Gemini_SDF06/F036.c,cppcheck,True,success,True,0,10,52,style,constVariablePointer,Variable 'data_start' can be declared as pointer to const,/home/yichen/Desktop/Gemini_SDF06/F036.c|52|style|constVariablePointer|Variable 'data_start' can be declared as pointer to const,/home/yichen/Desktop/Gemini_SDF_Results06/logs/F036_cppcheck.log
/home/yichen/Desktop/Gemini_SDF06/F036.c,cppcheck,True,success,True,0,10,80,style,constVariablePointer,Variable 'name' can be declared as pointer to const,/home/yichen/Desktop/Gemini_SDF06/F036.c|80|style|constVariablePointer|Variable 'name' can be declared as pointer to const,/home/yichen/Desktop/Gemini_SDF_Results06/logs/F036_cppcheck.log
/home/yichen/Desktop/Gemini_SDF06/F036.c,cppcheck,True,success,True,0,10,98,style,constVariablePointer,Variable 'name' can be declared as pointer to const,/home/yichen/Desktop/Gemini_SDF06/F036.c|98|style|constVariablePointer|Variable 'name' can be declared as pointer to const,/home/yichen/Desktop/Gemini_SDF_Results06/logs/F036_cppcheck.log
nofile,cppcheck,True,success,True,0,10,0,information,checkersReport,Active checkers: 113/592 (use --checkers-report=<filename> to see details),nofile|0|information|checkersReport|Active checkers: 113/592 (use --checkers-report=<filename> to see details),/home/yichen/Desktop/Gemini_SDF_Results06/logs/F036_cppcheck.log
/home/yichen/Desktop/Gemini_SDF06/F037.c,cppcheck,True,success,True,0,16,3,information,missingIncludeSystem,Include file: <stdio.h> not found. Please note: Cppcheck does not need standard library headers to get proper results.,/home/yichen/Desktop/Gemini_SDF06/F037.c|3|information|missingIncludeSystem|Include file: <stdio.h> not found. Please note: Cppcheck does not need standard library headers to get proper results.,/home/yichen/Desktop/Gemini_SDF_Results06/logs/F037_cppcheck.log
/home/yichen/Desktop/Gemini_SDF06/F037.c,cppcheck,True,success,True,0,16,4,information,missingIncludeSystem,Include file: <stdlib.h> not found. Please note: Cppcheck does not need standard library headers to get proper results.,/home/yichen/Desktop/Gemini_SDF06/F037.c|4|information|missingIncludeSystem|Include file: <stdlib.h> not found. Please note: Cppcheck does not need standard library headers to get proper results.,/home/yichen/Desktop/Gemini_SDF_Results06/logs/F037_cppcheck.log
/home/yichen/Desktop/Gemini_SDF06/F037.c,cppcheck,True,success,True,0,16,5,information,missingIncludeSystem,Include file: <string.h> not found. Please note: Cppcheck does not need standard library headers to get proper results.,/home/yichen/Desktop/Gemini_SDF06/F037.c|5|information|missingIncludeSystem|Include file: <string.h> not found. Please note: Cppcheck does not need standard library headers to get proper results.,/home/yichen/Desktop/Gemini_SDF_Results06/logs/F037_cppcheck.log
/home/yichen/Desktop/Gemini_SDF06/F037.c,cppcheck,True,success,True,0,16,27,style,constVariablePointer,Variable 'cmd' can be declared as pointer to const,/home/yichen/Desktop/Gemini_SDF06/F037.c|27|style|constVariablePointer|Variable 'cmd' can be declared as pointer to const,/home/yichen/Desktop/Gemini_SDF_Results06/logs/F037_cppcheck.log
/home/yichen/Desktop/Gemini_SDF06/F037.c,cppcheck,True,success,True,0,16,38,style,constVariablePointer,Variable 'name' can be declared as pointer to const,/home/yichen/Desktop/Gemini_SDF06/F037.c|38|style|constVariablePointer|Variable 'name' can be declared as pointer to const,/home/yichen/Desktop/Gemini_SDF_Results06/logs/F037_cppcheck.log
/home/yichen/Desktop/Gemini_SDF06/F037.c,cppcheck,True,success,True,0,16,45,style,constVariablePointer,Variable 'hex' can be declared as pointer to const,/home/yichen/Desktop/Gemini_SDF06/F037.c|45|style|constVariablePointer|Variable 'hex' can be declared as pointer to const,/home/yichen/Desktop/Gemini_SDF_Results06/logs/F037_cppcheck.log
/home/yichen/Desktop/Gemini_SDF06/F037.c,cppcheck,True,success,True,0,16,58,style,constVariable,Variable 'tmp' can be declared as const array,/home/yichen/Desktop/Gemini_SDF06/F037.c|58|style|constVariable|Variable 'tmp' can be declared as const array,/home/yichen/Desktop/Gemini_SDF_Results06/logs/F037_cppcheck.log
/home/yichen/Desktop/Gemini_SDF06/F037.c,cppcheck,True,success,True,0,16,88,style,constVariablePointer,Variable 'name' can be declared as pointer to const,/home/yichen/Desktop/Gemini_SDF06/F037.c|88|style|constVariablePointer|Variable 'name' can be declared as pointer to const,/home/yichen/Desktop/Gemini_SDF_Results06/logs/F037_cppcheck.log
/home/yichen/Desktop/Gemini_SDF06/F037.c,cppcheck,True,success,True,0,16,95,style,constVariablePointer,Variable 'hex' can be declared as pointer to const,/home/yichen/Desktop/Gemini_SDF06/F037.c|95|style|constVariablePointer|Variable 'hex' can be declared as pointer to const,/home/yichen/Desktop/Gemini_SDF_Results06/logs/F037_cppcheck.log
/home/yichen/Desktop/Gemini_SDF06/F037.c,cppcheck,True,success,True,0,16,114,style,constVariable,Variable 'tmp' can be declared as const array,/home/yichen/Desktop/Gemini_SDF06/F037.c|114|style|constVariable|Variable 'tmp' can be declared as const array,/home/yichen/Desktop/Gemini_SDF_Results06/logs/F037_cppcheck.log
/home/yichen/Desktop/Gemini_SDF06/F037.c,cppcheck,True,success,True,0,16,125,style,constVariablePointer,Variable 'name' can be declared as pointer to const,/home/yichen/Desktop/Gemini_SDF06/F037.c|125|style|constVariablePointer|Variable 'name' can be declared as pointer to const,/home/yichen/Desktop/Gemini_SDF_Results06/logs/F037_cppcheck.log
/home/yichen/Desktop/Gemini_SDF06/F037.c,cppcheck,True,success,True,0,16,132,style,constVariablePointer,Variable 'off_str' can be declared as pointer to const,/home/yichen/Desktop/Gemini_SDF06/F037.c|132|style|constVariablePointer|Variable 'off_str' can be declared as pointer to const,/home/yichen/Desktop/Gemini_SDF_Results06/logs/F037_cppcheck.log
/home/yichen/Desktop/Gemini_SDF06/F037.c,cppcheck,True,success,True,0,16,139,style,constVariablePointer,Variable 'len_str' can be declared as pointer to const,/home/yichen/Desktop/Gemini_SDF06/F037.c|139|style|constVariablePointer|Variable 'len_str' can be declared as pointer to const,/home/yichen/Desktop/Gemini_SDF_Results06/logs/F037_cppcheck.log
/home/yichen/Desktop/Gemini_SDF06/F037.c,cppcheck,True,success,True,0,16,149,style,constVariablePointer,Variable 'b' can be declared as pointer to const,/home/yichen/Desktop/Gemini_SDF06/F037.c|149|style|constVariablePointer|Variable 'b' can be declared as pointer to const,/home/yichen/Desktop/Gemini_SDF_Results06/logs/F037_cppcheck.log
/home/yichen/Desktop/Gemini_SDF06/F037.c,cppcheck,True,success,True,0,16,163,style,constVariablePointer,Variable 'name' can be declared as pointer to const,/home/yichen/Desktop/Gemini_SDF06/F037.c|163|style|constVariablePointer|Variable 'name' can be declared as pointer to const,/home/yichen/Desktop/Gemini_SDF_Results06/logs/F037_cppcheck.log
nofile,cppcheck,True,success,True,0,16,0,information,checkersReport,Active checkers: 113/592 (use --checkers-report=<filename> to see details),nofile|0|information|checkersReport|Active checkers: 113/592 (use --checkers-report=<filename> to see details),/home/yichen/Desktop/Gemini_SDF_Results06/logs/F037_cppcheck.log
/home/yichen/Desktop/Gemini_SDF06/F038.c,cppcheck,True,success,True,0,9,3,information,missingIncludeSystem,Include file: <stdio.h> not found. Please note: Cppcheck does not need standard library headers to get proper results.,/home/yichen/Desktop/Gemini_SDF06/F038.c|3|information|missingIncludeSystem|Include file: <stdio.h> not found. Please note: Cppcheck does not need standard library headers to get proper results.,/home/yichen/Desktop/Gemini_SDF_Results06/logs/F038_cppcheck.log
/home/yichen/Desktop/Gemini_SDF06/F038.c,cppcheck,True,success,True,0,9,4,information,missingIncludeSystem,Include file: <stdlib.h> not found. Please note: Cppcheck does not need standard library headers to get proper results.,/home/yichen/Desktop/Gemini_SDF06/F038.c|4|information|missingIncludeSystem|Include file: <stdlib.h> not found. Please note: Cppcheck does not need standard library headers to get proper results.,/home/yichen/Desktop/Gemini_SDF_Results06/logs/F038_cppcheck.log
/home/yichen/Desktop/Gemini_SDF06/F038.c,cppcheck,True,success,True,0,9,5,information,missingIncludeSystem,Include file: <string.h> not found. Please note: Cppcheck does not need standard library headers to get proper results.,/home/yichen/Desktop/Gemini_SDF06/F038.c|5|information|missingIncludeSystem|Include file: <string.h> not found. Please note: Cppcheck does not need standard library headers to get proper results.,/home/yichen/Desktop/Gemini_SDF_Results06/logs/F038_cppcheck.log
/home/yichen/Desktop/Gemini_SDF06/F038.c,cppcheck,True,success,True,0,9,25,style,constVariablePointer,Variable 'cmd' can be declared as pointer to const,/home/yichen/Desktop/Gemini_SDF06/F038.c|25|style|constVariablePointer|Variable 'cmd' can be declared as pointer to const,/home/yichen/Desktop/Gemini_SDF_Results06/logs/F038_cppcheck.log
/home/yichen/Desktop/Gemini_SDF06/F038.c,cppcheck,True,success,True,0,9,36,style,constVariablePointer,Variable 'name' can be declared as pointer to const,/home/yichen/Desktop/Gemini_SDF06/F038.c|36|style|constVariablePointer|Variable 'name' can be declared as pointer to const,/home/yichen/Desktop/Gemini_SDF_Results06/logs/F038_cppcheck.log
/home/yichen/Desktop/Gemini_SDF06/F038.c,cppcheck,True,success,True,0,9,43,style,constVariablePointer,Variable 'encoded' can be declared as pointer to const,/home/yichen/Desktop/Gemini_SDF06/F038.c|43|style|constVariablePointer|Variable 'encoded' can be declared as pointer to const,/home/yichen/Desktop/Gemini_SDF_Results06/logs/F038_cppcheck.log
/home/yichen/Desktop/Gemini_SDF06/F038.c,cppcheck,True,success,True,0,9,68,style,constVariablePointer,Variable 'name' can be declared as pointer to const,/home/yichen/Desktop/Gemini_SDF06/F038.c|68|style|constVariablePointer|Variable 'name' can be declared as pointer to const,/home/yichen/Desktop/Gemini_SDF_Results06/logs/F038_cppcheck.log
/home/yichen/Desktop/Gemini_SDF06/F038.c,cppcheck,True,success,True,0,9,111,style,constVariablePointer,Variable 'name' can be declared as pointer to const,/home/yichen/Desktop/Gemini_SDF06/F038.c|111|style|constVariablePointer|Variable 'name' can be declared as pointer to const,/home/yichen/Desktop/Gemini_SDF_Results06/logs/F038_cppcheck.log
nofile,cppcheck,True,success,True,0,9,0,information,checkersReport,Active checkers: 113/592 (use --checkers-report=<filename> to see details),nofile|0|information|checkersReport|Active checkers: 113/592 (use --checkers-report=<filename> to see details),/home/yichen/Desktop/Gemini_SDF_Results06/logs/F038_cppcheck.log
/home/yichen/Desktop/Gemini_SDF06/F039.c,cppcheck,True,success,True,0,16,3,information,missingIncludeSystem,Include file: <stdio.h> not found. Please note: Cppcheck does not need standard library headers to get proper results.,/home/yichen/Desktop/Gemini_SDF06/F039.c|3|information|missingIncludeSystem|Include file: <stdio.h> not found. Please note: Cppcheck does not need standard library headers to get proper results.,/home/yichen/Desktop/Gemini_SDF_Results06/logs/F039_cppcheck.log
/home/yichen/Desktop/Gemini_SDF06/F039.c,cppcheck,True,success,True,0,16,4,information,missingIncludeSystem,Include file: <stdlib.h> not found. Please note: Cppcheck does not need standard library headers to get proper results.,/home/yichen/Desktop/Gemini_SDF06/F039.c|4|information|missingIncludeSystem|Include file: <stdlib.h> not found. Please note: Cppcheck does not need standard library headers to get proper results.,/home/yichen/Desktop/Gemini_SDF_Results06/logs/F039_cppcheck.log
/home/yichen/Desktop/Gemini_SDF06/F039.c,cppcheck,True,success,True,0,16,5,information,missingIncludeSystem,Include file: <string.h> not found. Please note: Cppcheck does not need standard library headers to get proper results.,/home/yichen/Desktop/Gemini_SDF06/F039.c|5|information|missingIncludeSystem|Include file: <string.h> not found. Please note: Cppcheck does not need standard library headers to get proper results.,/home/yichen/Desktop/Gemini_SDF_Results06/logs/F039_cppcheck.log
/home/yichen/Desktop/Gemini_SDF06/F039.c,cppcheck,True,success,True,0,16,27,style,constVariablePointer,Variable 'cmd' can be declared as pointer to const,/home/yichen/Desktop/Gemini_SDF06/F039.c|27|style|constVariablePointer|Variable 'cmd' can be declared as pointer to const,/home/yichen/Desktop/Gemini_SDF_Results06/logs/F039_cppcheck.log
/home/yichen/Desktop/Gemini_SDF06/F039.c,cppcheck,True,success,True,0,16,38,style,constVariablePointer,Variable 'name' can be declared as pointer to const,/home/yichen/Desktop/Gemini_SDF06/F039.c|38|style|constVariablePointer|Variable 'name' can be declared as pointer to const,/home/yichen/Desktop/Gemini_SDF_Results06/logs/F039_cppcheck.log
/home/yichen/Desktop/Gemini_SDF06/F039.c,cppcheck,True,success,True,0,16,45,style,constVariablePointer,Variable 'r_str' can be declared as pointer to const,/home/yichen/Desktop/Gemini_SDF06/F039.c|45|style|constVariablePointer|Variable 'r_str' can be declared as pointer to const,/home/yichen/Desktop/Gemini_SDF_Results06/logs/F039_cppcheck.log
/home/yichen/Desktop/Gemini_SDF06/F039.c,cppcheck,True,success,True,0,16,52,style,constVariablePointer,Variable 'c_str' can be declared as pointer to const,/home/yichen/Desktop/Gemini_SDF06/F039.c|52|style|constVariablePointer|Variable 'c_str' can be declared as pointer to const,/home/yichen/Desktop/Gemini_SDF_Results06/logs/F039_cppcheck.log
/home/yichen/Desktop/Gemini_SDF06/F039.c,cppcheck,True,success,True,0,16,92,style,constVariablePointer,Variable 'name' can be declared as pointer to const,/home/yichen/Desktop/Gemini_SDF06/F039.c|92|style|constVariablePointer|Variable 'name' can be declared as pointer to const,/home/yichen/Desktop/Gemini_SDF_Results06/logs/F039_cppcheck.log
/home/yichen/Desktop/Gemini_SDF06/F039.c,cppcheck,True,success,True,0,16,99,style,constVariablePointer,Variable 'r_str' can be declared as pointer to const,/home/yichen/Desktop/Gemini_SDF06/F039.c|99|style|constVariablePointer|Variable 'r_str' can be declared as pointer to const,/home/yichen/Desktop/Gemini_SDF_Results06/logs/F039_cppcheck.log
/home/yichen/Desktop/Gemini_SDF06/F039.c,cppcheck,True,success,True,0,16,106,style,constVariablePointer,Variable 'c_str' can be declared as pointer to const,/home/yichen/Desktop/Gemini_SDF06/F039.c|106|style|constVariablePointer|Variable 'c_str' can be declared as pointer to const,/home/yichen/Desktop/Gemini_SDF_Results06/logs/F039_cppcheck.log
/home/yichen/Desktop/Gemini_SDF06/F039.c,cppcheck,True,success,True,0,16,113,style,constVariablePointer,Variable 'val' can be declared as pointer to const,/home/yichen/Desktop/Gemini_SDF06/F039.c|113|style|constVariablePointer|Variable 'val' can be declared as pointer to const,/home/yichen/Desktop/Gemini_SDF_Results06/logs/F039_cppcheck.log
/home/yichen/Desktop/Gemini_SDF06/F039.c,cppcheck,True,success,True,0,16,133,style,constVariablePointer,Variable 'name' can be declared as pointer to const,/home/yichen/Desktop/Gemini_SDF06/F039.c|133|style|constVariablePointer|Variable 'name' can be declared as pointer to const,/home/yichen/Desktop/Gemini_SDF_Results06/logs/F039_cppcheck.log
/home/yichen/Desktop/Gemini_SDF06/F039.c,cppcheck,True,success,True,0,16,140,style,constVariablePointer,Variable 'r_str' can be declared as pointer to const,/home/yichen/Desktop/Gemini_SDF06/F039.c|140|style|constVariablePointer|Variable 'r_str' can be declared as pointer to const,/home/yichen/Desktop/Gemini_SDF_Results06/logs/F039_cppcheck.log
/home/yichen/Desktop/Gemini_SDF06/F039.c,cppcheck,True,success,True,0,16,147,style,constVariablePointer,Variable 'c_str' can be declared as pointer to const,/home/yichen/Desktop/Gemini_SDF06/F039.c|147|style|constVariablePointer|Variable 'c_str' can be declared as pointer to const,/home/yichen/Desktop/Gemini_SDF_Results06/logs/F039_cppcheck.log
/home/yichen/Desktop/Gemini_SDF06/F039.c,cppcheck,True,success,True,0,16,169,style,constVariablePointer,Variable 'name' can be declared as pointer to const,/home/yichen/Desktop/Gemini_SDF06/F039.c|169|style|constVariablePointer|Variable 'name' can be declared as pointer to const,/home/yichen/Desktop/Gemini_SDF_Results06/logs/F039_cppcheck.log
nofile,cppcheck,True,success,True,0,16,0,information,checkersReport,Active checkers: 113/592 (use --checkers-report=<filename> to see details),nofile|0|information|checkersReport|Active checkers: 113/592 (use --checkers-report=<filename> to see details),/home/yichen/Desktop/Gemini_SDF_Results06/logs/F039_cppcheck.log
/home/yichen/Desktop/Gemini_SDF06/F040.c,cppcheck,True,success,True,0,13,3,information,missingIncludeSystem,Include file: <stdio.h> not found. Please note: Cppcheck does not need standard library headers to get proper results.,/home/yichen/Desktop/Gemini_SDF06/F040.c|3|information|missingIncludeSystem|Include file: <stdio.h> not found. Please note: Cppcheck does not need standard library headers to get proper results.,/home/yichen/Desktop/Gemini_SDF_Results06/logs/F040_cppcheck.log
/home/yichen/Desktop/Gemini_SDF06/F040.c,cppcheck,True,success,True,0,13,4,information,missingIncludeSystem,Include file: <stdlib.h> not found. Please note: Cppcheck does not need standard library headers to get proper results.,/home/yichen/Desktop/Gemini_SDF06/F040.c|4|information|missingIncludeSystem|Include file: <stdlib.h> not found. Please note: Cppcheck does not need standard library headers to get proper results.,/home/yichen/Desktop/Gemini_SDF_Results06/logs/F040_cppcheck.log
/home/yichen/Desktop/Gemini_SDF06/F040.c,cppcheck,True,success,True,0,13,5,information,missingIncludeSystem,Include file: <string.h> not found. Please note: Cppcheck does not need standard library headers to get proper results.,/home/yichen/Desktop/Gemini_SDF06/F040.c|5|information|missingIncludeSystem|Include file: <string.h> not found. Please note: Cppcheck does not need standard library headers to get proper results.,/home/yichen/Desktop/Gemini_SDF_Results06/logs/F040_cppcheck.log
/home/yichen/Desktop/Gemini_SDF06/F040.c,cppcheck,True,success,True,0,13,27,style,constVariablePointer,Variable 'cmd' can be declared as pointer to const,/home/yichen/Desktop/Gemini_SDF06/F040.c|27|style|constVariablePointer|Variable 'cmd' can be declared as pointer to const,/home/yichen/Desktop/Gemini_SDF_Results06/logs/F040_cppcheck.log
/home/yichen/Desktop/Gemini_SDF06/F040.c,cppcheck,True,success,True,0,13,38,style,constVariablePointer,Variable 'id' can be declared as pointer to const,/home/yichen/Desktop/Gemini_SDF06/F040.c|38|style|constVariablePointer|Variable 'id' can be declared as pointer to const,/home/yichen/Desktop/Gemini_SDF_Results06/logs/F040_cppcheck.log
/home/yichen/Desktop/Gemini_SDF06/F040.c,cppcheck,True,success,True,0,13,45,style,constVariablePointer,Variable 'hlen_str' can be declared as pointer to const,/home/yichen/Desktop/Gemini_SDF06/F040.c|45|style|constVariablePointer|Variable 'hlen_str' can be declared as pointer to const,/home/yichen/Desktop/Gemini_SDF_Results06/logs/F040_cppcheck.log
/home/yichen/Desktop/Gemini_SDF06/F040.c,cppcheck,True,success,True,0,13,52,style,constVariablePointer,Variable 'plen_str' can be declared as pointer to const,/home/yichen/Desktop/Gemini_SDF06/F040.c|52|style|constVariablePointer|Variable 'plen_str' can be declared as pointer to const,/home/yichen/Desktop/Gemini_SDF_Results06/logs/F040_cppcheck.log
/home/yichen/Desktop/Gemini_SDF06/F040.c,cppcheck,True,success,True,0,13,59,style,constVariablePointer,Variable 'hdr' can be declared as pointer to const,/home/yichen/Desktop/Gemini_SDF06/F040.c|59|style|constVariablePointer|Variable 'hdr' can be declared as pointer to const,/home/yichen/Desktop/Gemini_SDF_Results06/logs/F040_cppcheck.log
/home/yichen/Desktop/Gemini_SDF06/F040.c,cppcheck,True,success,True,0,13,66,style,constVariablePointer,Variable 'pay' can be declared as pointer to const,/home/yichen/Desktop/Gemini_SDF06/F040.c|66|style|constVariablePointer|Variable 'pay' can be declared as pointer to const,/home/yichen/Desktop/Gemini_SDF_Results06/logs/F040_cppcheck.log
/home/yichen/Desktop/Gemini_SDF06/F040.c,cppcheck,True,success,True,0,13,98,style,constVariablePointer,Variable 'id' can be declared as pointer to const,/home/yichen/Desktop/Gemini_SDF06/F040.c|98|style|constVariablePointer|Variable 'id' can be declared as pointer to const,/home/yichen/Desktop/Gemini_SDF_Results06/logs/F040_cppcheck.log
/home/yichen/Desktop/Gemini_SDF06/F040.c,cppcheck,True,success,True,0,13,117,style,constVariablePointer,Variable 'id' can be declared as pointer to const,/home/yichen/Desktop/Gemini_SDF06/F040.c|117|style|constVariablePointer|Variable 'id' can be declared as pointer to const,/home/yichen/Desktop/Gemini_SDF_Results06/logs/F040_cppcheck.log
/home/yichen/Desktop/Gemini_SDF06/F040.c,cppcheck,True,success,True,0,13,130,style,constVariablePointer,Variable 'id' can be declared as pointer to const,/home/yichen/Desktop/Gemini_SDF06/F040.c|130|style|constVariablePointer|Variable 'id' can be declared as pointer to const,/home/yichen/Desktop/Gemini_SDF_Results06/logs/F040_cppcheck.log
nofile,cppcheck,True,success,True,0,13,0,information,checkersReport,Active checkers: 113/592 (use --checkers-report=<filename> to see details),nofile|0|information|checkersReport|Active checkers: 113/592 (use --checkers-report=<filename> to see details),/home/yichen/Desktop/Gemini_SDF_Results06/logs/F040_cppcheck.log
