file,tool,attempted,status,success,returncode,finding_count,line,severity,check_id,message,evidence,log_path
/home/yichen/Desktop/Qwen_SDF01/F001.c,cppcheck,True,success,True,0,8,2,information,missingIncludeSystem,Include file: <stdio.h> not found. Please note: Cppcheck does not need standard library headers to get proper results.,/home/yichen/Desktop/Qwen_SDF01/F001.c|2|information|missingIncludeSystem|Include file: <stdio.h> not found. Please note: Cppcheck does not need standard library headers to get proper results.,/home/yichen/Desktop/Qwen_SDF_Results01/logs/F001_cppcheck.log
/home/yichen/Desktop/Qwen_SDF01/F001.c,cppcheck,True,success,True,0,8,3,information,missingIncludeSystem,Include file: <stdlib.h> not found. Please note: Cppcheck does not need standard library headers to get proper results.,/home/yichen/Desktop/Qwen_SDF01/F001.c|3|information|missingIncludeSystem|Include file: <stdlib.h> not found. Please note: Cppcheck does not need standard library headers to get proper results.,/home/yichen/Desktop/Qwen_SDF_Results01/logs/F001_cppcheck.log
/home/yichen/Desktop/Qwen_SDF01/F001.c,cppcheck,True,success,True,0,8,4,information,missingIncludeSystem,Include file: <string.h> not found. Please note: Cppcheck does not need standard library headers to get proper results.,/home/yichen/Desktop/Qwen_SDF01/F001.c|4|information|missingIncludeSystem|Include file: <string.h> not found. Please note: Cppcheck does not need standard library headers to get proper results.,/home/yichen/Desktop/Qwen_SDF_Results01/logs/F001_cppcheck.log
/home/yichen/Desktop/Qwen_SDF01/F001.c,cppcheck,True,success,True,0,8,5,information,missingIncludeSystem,Include file: <stdint.h> not found. Please note: Cppcheck does not need standard library headers to get proper results.,/home/yichen/Desktop/Qwen_SDF01/F001.c|5|information|missingIncludeSystem|Include file: <stdint.h> not found. Please note: Cppcheck does not need standard library headers to get proper results.,/home/yichen/Desktop/Qwen_SDF_Results01/logs/F001_cppcheck.log
/home/yichen/Desktop/Qwen_SDF01/F001.c,cppcheck,True,success,True,0,8,39,style,constVariablePointer,Variable 'cmd' can be declared as pointer to const,/home/yichen/Desktop/Qwen_SDF01/F001.c|39|style|constVariablePointer|Variable 'cmd' can be declared as pointer to const,/home/yichen/Desktop/Qwen_SDF_Results01/logs/F001_cppcheck.log
/home/yichen/Desktop/Qwen_SDF01/F001.c,cppcheck,True,success,True,0,8,40,style,constVariablePointer,Variable 'id' can be declared as pointer to const,/home/yichen/Desktop/Qwen_SDF01/F001.c|40|style|constVariablePointer|Variable 'id' can be declared as pointer to const,/home/yichen/Desktop/Qwen_SDF_Results01/logs/F001_cppcheck.log
/home/yichen/Desktop/Qwen_SDF01/F001.c,cppcheck,True,success,True,0,8,41,style,constVariablePointer,Variable 'text' can be declared as pointer to const,/home/yichen/Desktop/Qwen_SDF01/F001.c|41|style|constVariablePointer|Variable 'text' can be declared as pointer to const,/home/yichen/Desktop/Qwen_SDF_Results01/logs/F001_cppcheck.log
nofile,cppcheck,True,success,True,0,8,0,information,checkersReport,Active checkers: 113/592 (use --checkers-report=<filename> to see details),nofile|0|information|checkersReport|Active checkers: 113/592 (use --checkers-report=<filename> to see details),/home/yichen/Desktop/Qwen_SDF_Results01/logs/F001_cppcheck.log
/home/yichen/Desktop/Qwen_SDF01/F002.c,cppcheck,True,success,True,0,14,2,information,missingIncludeSystem,Include file: <stdio.h> not found. Please note: Cppcheck does not need standard library headers to get proper results.,/home/yichen/Desktop/Qwen_SDF01/F002.c|2|information|missingIncludeSystem|Include file: <stdio.h> not found. Please note: Cppcheck does not need standard library headers to get proper results.,/home/yichen/Desktop/Qwen_SDF_Results01/logs/F002_cppcheck.log
/home/yichen/Desktop/Qwen_SDF01/F002.c,cppcheck,True,success,True,0,14,3,information,missingIncludeSystem,Include file: <stdlib.h> not found. Please note: Cppcheck does not need standard library headers to get proper results.,/home/yichen/Desktop/Qwen_SDF01/F002.c|3|information|missingIncludeSystem|Include file: <stdlib.h> not found. Please note: Cppcheck does not need standard library headers to get proper results.,/home/yichen/Desktop/Qwen_SDF_Results01/logs/F002_cppcheck.log
/home/yichen/Desktop/Qwen_SDF01/F002.c,cppcheck,True,success,True,0,14,4,information,missingIncludeSystem,Include file: <string.h> not found. Please note: Cppcheck does not need standard library headers to get proper results.,/home/yichen/Desktop/Qwen_SDF01/F002.c|4|information|missingIncludeSystem|Include file: <string.h> not found. Please note: Cppcheck does not need standard library headers to get proper results.,/home/yichen/Desktop/Qwen_SDF_Results01/logs/F002_cppcheck.log
/home/yichen/Desktop/Qwen_SDF01/F002.c,cppcheck,True,success,True,0,14,5,information,missingIncludeSystem,Include file: <stdint.h> not found. Please note: Cppcheck does not need standard library headers to get proper results.,/home/yichen/Desktop/Qwen_SDF01/F002.c|5|information|missingIncludeSystem|Include file: <stdint.h> not found. Please note: Cppcheck does not need standard library headers to get proper results.,/home/yichen/Desktop/Qwen_SDF_Results01/logs/F002_cppcheck.log
/home/yichen/Desktop/Qwen_SDF01/F002.c,cppcheck,True,success,True,0,14,33,style,constParameterPointer,Parameter 'l' can be declared as pointer to const,/home/yichen/Desktop/Qwen_SDF01/F002.c|33|style|constParameterPointer|Parameter 'l' can be declared as pointer to const,/home/yichen/Desktop/Qwen_SDF_Results01/logs/F002_cppcheck.log
/home/yichen/Desktop/Qwen_SDF01/F002.c,cppcheck,True,success,True,0,14,44,style,constVariablePointer,Variable 'cmd' can be declared as pointer to const,/home/yichen/Desktop/Qwen_SDF01/F002.c|44|style|constVariablePointer|Variable 'cmd' can be declared as pointer to const,/home/yichen/Desktop/Qwen_SDF_Results01/logs/F002_cppcheck.log
/home/yichen/Desktop/Qwen_SDF01/F002.c,cppcheck,True,success,True,0,14,48,style,constVariablePointer,Variable 'tag' can be declared as pointer to const,/home/yichen/Desktop/Qwen_SDF01/F002.c|48|style|constVariablePointer|Variable 'tag' can be declared as pointer to const,/home/yichen/Desktop/Qwen_SDF_Results01/logs/F002_cppcheck.log
/home/yichen/Desktop/Qwen_SDF01/F002.c,cppcheck,True,success,True,0,14,49,style,constVariablePointer,Variable 'msg' can be declared as pointer to const,/home/yichen/Desktop/Qwen_SDF01/F002.c|49|style|constVariablePointer|Variable 'msg' can be declared as pointer to const,/home/yichen/Desktop/Qwen_SDF_Results01/logs/F002_cppcheck.log
/home/yichen/Desktop/Qwen_SDF01/F002.c,cppcheck,True,success,True,0,14,63,style,constVariablePointer,Variable 't1' can be declared as pointer to const,/home/yichen/Desktop/Qwen_SDF01/F002.c|63|style|constVariablePointer|Variable 't1' can be declared as pointer to const,/home/yichen/Desktop/Qwen_SDF_Results01/logs/F002_cppcheck.log
/home/yichen/Desktop/Qwen_SDF01/F002.c,cppcheck,True,success,True,0,14,64,style,constVariablePointer,Variable 't2' can be declared as pointer to const,/home/yichen/Desktop/Qwen_SDF01/F002.c|64|style|constVariablePointer|Variable 't2' can be declared as pointer to const,/home/yichen/Desktop/Qwen_SDF_Results01/logs/F002_cppcheck.log
/home/yichen/Desktop/Qwen_SDF01/F002.c,cppcheck,True,success,True,0,14,65,style,constVariablePointer,Variable 'nt' can be declared as pointer to const,/home/yichen/Desktop/Qwen_SDF01/F002.c|65|style|constVariablePointer|Variable 'nt' can be declared as pointer to const,/home/yichen/Desktop/Qwen_SDF_Results01/logs/F002_cppcheck.log
/home/yichen/Desktop/Qwen_SDF01/F002.c,cppcheck,True,success,True,0,14,95,style,constVariablePointer,Variable 'tag' can be declared as pointer to const,/home/yichen/Desktop/Qwen_SDF01/F002.c|95|style|constVariablePointer|Variable 'tag' can be declared as pointer to const,/home/yichen/Desktop/Qwen_SDF_Results01/logs/F002_cppcheck.log
/home/yichen/Desktop/Qwen_SDF01/F002.c,cppcheck,True,success,True,0,14,108,style,constVariablePointer,Variable 'tag' can be declared as pointer to const,/home/yichen/Desktop/Qwen_SDF01/F002.c|108|style|constVariablePointer|Variable 'tag' can be declared as pointer to const,/home/yichen/Desktop/Qwen_SDF_Results01/logs/F002_cppcheck.log
nofile,cppcheck,True,success,True,0,14,0,information,checkersReport,Active checkers: 113/592 (use --checkers-report=<filename> to see details),nofile|0|information|checkersReport|Active checkers: 113/592 (use --checkers-report=<filename> to see details),/home/yichen/Desktop/Qwen_SDF_Results01/logs/F002_cppcheck.log
/home/yichen/Desktop/Qwen_SDF01/F003.c,cppcheck,True,success,True,0,12,2,information,missingIncludeSystem,Include file: <stdio.h> not found. Please note: Cppcheck does not need standard library headers to get proper results.,/home/yichen/Desktop/Qwen_SDF01/F003.c|2|information|missingIncludeSystem|Include file: <stdio.h> not found. Please note: Cppcheck does not need standard library headers to get proper results.,/home/yichen/Desktop/Qwen_SDF_Results01/logs/F003_cppcheck.log
/home/yichen/Desktop/Qwen_SDF01/F003.c,cppcheck,True,success,True,0,12,3,information,missingIncludeSystem,Include file: <stdlib.h> not found. Please note: Cppcheck does not need standard library headers to get proper results.,/home/yichen/Desktop/Qwen_SDF01/F003.c|3|information|missingIncludeSystem|Include file: <stdlib.h> not found. Please note: Cppcheck does not need standard library headers to get proper results.,/home/yichen/Desktop/Qwen_SDF_Results01/logs/F003_cppcheck.log
/home/yichen/Desktop/Qwen_SDF01/F003.c,cppcheck,True,success,True,0,12,4,information,missingIncludeSystem,Include file: <string.h> not found. Please note: Cppcheck does not need standard library headers to get proper results.,/home/yichen/Desktop/Qwen_SDF01/F003.c|4|information|missingIncludeSystem|Include file: <string.h> not found. Please note: Cppcheck does not need standard library headers to get proper results.,/home/yichen/Desktop/Qwen_SDF_Results01/logs/F003_cppcheck.log
/home/yichen/Desktop/Qwen_SDF01/F003.c,cppcheck,True,success,True,0,12,5,information,missingIncludeSystem,Include file: <stdint.h> not found. Please note: Cppcheck does not need standard library headers to get proper results.,/home/yichen/Desktop/Qwen_SDF01/F003.c|5|information|missingIncludeSystem|Include file: <stdint.h> not found. Please note: Cppcheck does not need standard library headers to get proper results.,/home/yichen/Desktop/Qwen_SDF_Results01/logs/F003_cppcheck.log
/home/yichen/Desktop/Qwen_SDF01/F003.c,cppcheck,True,success,True,0,12,39,style,constVariablePointer,Variable 'cmd' can be declared as pointer to const,/home/yichen/Desktop/Qwen_SDF01/F003.c|39|style|constVariablePointer|Variable 'cmd' can be declared as pointer to const,/home/yichen/Desktop/Qwen_SDF_Results01/logs/F003_cppcheck.log
/home/yichen/Desktop/Qwen_SDF01/F003.c,cppcheck,True,success,True,0,12,43,style,constVariablePointer,Variable 'name' can be declared as pointer to const,/home/yichen/Desktop/Qwen_SDF01/F003.c|43|style|constVariablePointer|Variable 'name' can be declared as pointer to const,/home/yichen/Desktop/Qwen_SDF_Results01/logs/F003_cppcheck.log
/home/yichen/Desktop/Qwen_SDF01/F003.c,cppcheck,True,success,True,0,12,44,style,constVariablePointer,Variable 'exp' can be declared as pointer to const,/home/yichen/Desktop/Qwen_SDF01/F003.c|44|style|constVariablePointer|Variable 'exp' can be declared as pointer to const,/home/yichen/Desktop/Qwen_SDF_Results01/logs/F003_cppcheck.log
/home/yichen/Desktop/Qwen_SDF01/F003.c,cppcheck,True,success,True,0,12,65,style,constVariablePointer,Variable 'name' can be declared as pointer to const,/home/yichen/Desktop/Qwen_SDF01/F003.c|65|style|constVariablePointer|Variable 'name' can be declared as pointer to const,/home/yichen/Desktop/Qwen_SDF_Results01/logs/F003_cppcheck.log
/home/yichen/Desktop/Qwen_SDF01/F003.c,cppcheck,True,success,True,0,12,72,style,constVariablePointer,Variable 'old' can be declared as pointer to const,/home/yichen/Desktop/Qwen_SDF01/F003.c|72|style|constVariablePointer|Variable 'old' can be declared as pointer to const,/home/yichen/Desktop/Qwen_SDF_Results01/logs/F003_cppcheck.log
/home/yichen/Desktop/Qwen_SDF01/F003.c,cppcheck,True,success,True,0,12,73,style,constVariablePointer,Variable 'new_n' can be declared as pointer to const,/home/yichen/Desktop/Qwen_SDF01/F003.c|73|style|constVariablePointer|Variable 'new_n' can be declared as pointer to const,/home/yichen/Desktop/Qwen_SDF_Results01/logs/F003_cppcheck.log
/home/yichen/Desktop/Qwen_SDF01/F003.c,cppcheck,True,success,True,0,12,84,style,constVariablePointer,Variable 'name' can be declared as pointer to const,/home/yichen/Desktop/Qwen_SDF01/F003.c|84|style|constVariablePointer|Variable 'name' can be declared as pointer to const,/home/yichen/Desktop/Qwen_SDF_Results01/logs/F003_cppcheck.log
nofile,cppcheck,True,success,True,0,12,0,information,checkersReport,Active checkers: 113/592 (use --checkers-report=<filename> to see details),nofile|0|information|checkersReport|Active checkers: 113/592 (use --checkers-report=<filename> to see details),/home/yichen/Desktop/Qwen_SDF_Results01/logs/F003_cppcheck.log
/home/yichen/Desktop/Qwen_SDF01/F004.c,cppcheck,True,success,True,0,9,2,information,missingIncludeSystem,Include file: <stdio.h> not found. Please note: Cppcheck does not need standard library headers to get proper results.,/home/yichen/Desktop/Qwen_SDF01/F004.c|2|information|missingIncludeSystem|Include file: <stdio.h> not found. Please note: Cppcheck does not need standard library headers to get proper results.,/home/yichen/Desktop/Qwen_SDF_Results01/logs/F004_cppcheck.log
/home/yichen/Desktop/Qwen_SDF01/F004.c,cppcheck,True,success,True,0,9,3,information,missingIncludeSystem,Include file: <stdlib.h> not found. Please note: Cppcheck does not need standard library headers to get proper results.,/home/yichen/Desktop/Qwen_SDF01/F004.c|3|information|missingIncludeSystem|Include file: <stdlib.h> not found. Please note: Cppcheck does not need standard library headers to get proper results.,/home/yichen/Desktop/Qwen_SDF_Results01/logs/F004_cppcheck.log
/home/yichen/Desktop/Qwen_SDF01/F004.c,cppcheck,True,success,True,0,9,4,information,missingIncludeSystem,Include file: <string.h> not found. Please note: Cppcheck does not need standard library headers to get proper results.,/home/yichen/Desktop/Qwen_SDF01/F004.c|4|information|missingIncludeSystem|Include file: <string.h> not found. Please note: Cppcheck does not need standard library headers to get proper results.,/home/yichen/Desktop/Qwen_SDF_Results01/logs/F004_cppcheck.log
/home/yichen/Desktop/Qwen_SDF01/F004.c,cppcheck,True,success,True,0,9,5,information,missingIncludeSystem,Include file: <stdint.h> not found. Please note: Cppcheck does not need standard library headers to get proper results.,/home/yichen/Desktop/Qwen_SDF01/F004.c|5|information|missingIncludeSystem|Include file: <stdint.h> not found. Please note: Cppcheck does not need standard library headers to get proper results.,/home/yichen/Desktop/Qwen_SDF_Results01/logs/F004_cppcheck.log
/home/yichen/Desktop/Qwen_SDF01/F004.c,cppcheck,True,success,True,0,9,34,style,constVariablePointer,Variable 'cmd' can be declared as pointer to const,/home/yichen/Desktop/Qwen_SDF01/F004.c|34|style|constVariablePointer|Variable 'cmd' can be declared as pointer to const,/home/yichen/Desktop/Qwen_SDF_Results01/logs/F004_cppcheck.log
/home/yichen/Desktop/Qwen_SDF01/F004.c,cppcheck,True,success,True,0,9,38,style,constVariablePointer,Variable 'key' can be declared as pointer to const,/home/yichen/Desktop/Qwen_SDF01/F004.c|38|style|constVariablePointer|Variable 'key' can be declared as pointer to const,/home/yichen/Desktop/Qwen_SDF_Results01/logs/F004_cppcheck.log
/home/yichen/Desktop/Qwen_SDF01/F004.c,cppcheck,True,success,True,0,9,39,style,constVariablePointer,Variable 'val' can be declared as pointer to const,/home/yichen/Desktop/Qwen_SDF01/F004.c|39|style|constVariablePointer|Variable 'val' can be declared as pointer to const,/home/yichen/Desktop/Qwen_SDF_Results01/logs/F004_cppcheck.log
/home/yichen/Desktop/Qwen_SDF01/F004.c,cppcheck,True,success,True,0,9,60,style,constVariablePointer,Variable 'key' can be declared as pointer to const,/home/yichen/Desktop/Qwen_SDF01/F004.c|60|style|constVariablePointer|Variable 'key' can be declared as pointer to const,/home/yichen/Desktop/Qwen_SDF_Results01/logs/F004_cppcheck.log
nofile,cppcheck,True,success,True,0,9,0,information,checkersReport,Active checkers: 113/592 (use --checkers-report=<filename> to see details),nofile|0|information|checkersReport|Active checkers: 113/592 (use --checkers-report=<filename> to see details),/home/yichen/Desktop/Qwen_SDF_Results01/logs/F004_cppcheck.log
/home/yichen/Desktop/Qwen_SDF01/F005.c,cppcheck,True,success,True,0,15,2,information,missingIncludeSystem,Include file: <stdio.h> not found. Please note: Cppcheck does not need standard library headers to get proper results.,/home/yichen/Desktop/Qwen_SDF01/F005.c|2|information|missingIncludeSystem|Include file: <stdio.h> not found. Please note: Cppcheck does not need standard library headers to get proper results.,/home/yichen/Desktop/Qwen_SDF_Results01/logs/F005_cppcheck.log
/home/yichen/Desktop/Qwen_SDF01/F005.c,cppcheck,True,success,True,0,15,3,information,missingIncludeSystem,Include file: <stdlib.h> not found. Please note: Cppcheck does not need standard library headers to get proper results.,/home/yichen/Desktop/Qwen_SDF01/F005.c|3|information|missingIncludeSystem|Include file: <stdlib.h> not found. Please note: Cppcheck does not need standard library headers to get proper results.,/home/yichen/Desktop/Qwen_SDF_Results01/logs/F005_cppcheck.log
/home/yichen/Desktop/Qwen_SDF01/F005.c,cppcheck,True,success,True,0,15,4,information,missingIncludeSystem,Include file: <string.h> not found. Please note: Cppcheck does not need standard library headers to get proper results.,/home/yichen/Desktop/Qwen_SDF01/F005.c|4|information|missingIncludeSystem|Include file: <string.h> not found. Please note: Cppcheck does not need standard library headers to get proper results.,/home/yichen/Desktop/Qwen_SDF_Results01/logs/F005_cppcheck.log
/home/yichen/Desktop/Qwen_SDF01/F005.c,cppcheck,True,success,True,0,15,5,information,missingIncludeSystem,Include file: <stdint.h> not found. Please note: Cppcheck does not need standard library headers to get proper results.,/home/yichen/Desktop/Qwen_SDF01/F005.c|5|information|missingIncludeSystem|Include file: <stdint.h> not found. Please note: Cppcheck does not need standard library headers to get proper results.,/home/yichen/Desktop/Qwen_SDF_Results01/logs/F005_cppcheck.log
/home/yichen/Desktop/Qwen_SDF01/F005.c,cppcheck,True,success,True,0,15,54,portability,AssignmentAddressToInteger,Assigning a pointer to an integer is not portable.,/home/yichen/Desktop/Qwen_SDF01/F005.c|54|portability|AssignmentAddressToInteger|Assigning a pointer to an integer is not portable.,/home/yichen/Desktop/Qwen_SDF_Results01/logs/F005_cppcheck.log
/home/yichen/Desktop/Qwen_SDF01/F005.c,cppcheck,True,success,True,0,15,68,portability,AssignmentAddressToInteger,Assigning a pointer to an integer is not portable.,/home/yichen/Desktop/Qwen_SDF01/F005.c|68|portability|AssignmentAddressToInteger|Assigning a pointer to an integer is not portable.,/home/yichen/Desktop/Qwen_SDF_Results01/logs/F005_cppcheck.log
/home/yichen/Desktop/Qwen_SDF01/F005.c,cppcheck,True,success,True,0,15,88,portability,AssignmentAddressToInteger,Assigning a pointer to an integer is not portable.,/home/yichen/Desktop/Qwen_SDF01/F005.c|88|portability|AssignmentAddressToInteger|Assigning a pointer to an integer is not portable.,/home/yichen/Desktop/Qwen_SDF_Results01/logs/F005_cppcheck.log
/home/yichen/Desktop/Qwen_SDF01/F005.c,cppcheck,True,success,True,0,15,38,style,constVariablePointer,Variable 'cmd' can be declared as pointer to const,/home/yichen/Desktop/Qwen_SDF01/F005.c|38|style|constVariablePointer|Variable 'cmd' can be declared as pointer to const,/home/yichen/Desktop/Qwen_SDF_Results01/logs/F005_cppcheck.log
/home/yichen/Desktop/Qwen_SDF01/F005.c,cppcheck,True,success,True,0,15,42,style,constVariablePointer,Variable 'idx_s' can be declared as pointer to const,/home/yichen/Desktop/Qwen_SDF01/F005.c|42|style|constVariablePointer|Variable 'idx_s' can be declared as pointer to const,/home/yichen/Desktop/Qwen_SDF_Results01/logs/F005_cppcheck.log
/home/yichen/Desktop/Qwen_SDF01/F005.c,cppcheck,True,success,True,0,15,43,style,constVariablePointer,Variable 'text' can be declared as pointer to const,/home/yichen/Desktop/Qwen_SDF01/F005.c|43|style|constVariablePointer|Variable 'text' can be declared as pointer to const,/home/yichen/Desktop/Qwen_SDF_Results01/logs/F005_cppcheck.log
/home/yichen/Desktop/Qwen_SDF01/F005.c,cppcheck,True,success,True,0,15,60,style,constVariablePointer,Variable 'text' can be declared as pointer to const,/home/yichen/Desktop/Qwen_SDF01/F005.c|60|style|constVariablePointer|Variable 'text' can be declared as pointer to const,/home/yichen/Desktop/Qwen_SDF_Results01/logs/F005_cppcheck.log
/home/yichen/Desktop/Qwen_SDF01/F005.c,cppcheck,True,success,True,0,15,72,style,constVariablePointer,Variable 'idx_s' can be declared as pointer to const,/home/yichen/Desktop/Qwen_SDF01/F005.c|72|style|constVariablePointer|Variable 'idx_s' can be declared as pointer to const,/home/yichen/Desktop/Qwen_SDF_Results01/logs/F005_cppcheck.log
/home/yichen/Desktop/Qwen_SDF01/F005.c,cppcheck,True,success,True,0,15,82,style,constVariablePointer,Variable 'idx_s' can be declared as pointer to const,/home/yichen/Desktop/Qwen_SDF01/F005.c|82|style|constVariablePointer|Variable 'idx_s' can be declared as pointer to const,/home/yichen/Desktop/Qwen_SDF_Results01/logs/F005_cppcheck.log
/home/yichen/Desktop/Qwen_SDF01/F005.c,cppcheck,True,success,True,0,15,83,style,constVariablePointer,Variable 'text' can be declared as pointer to const,/home/yichen/Desktop/Qwen_SDF01/F005.c|83|style|constVariablePointer|Variable 'text' can be declared as pointer to const,/home/yichen/Desktop/Qwen_SDF_Results01/logs/F005_cppcheck.log
nofile,cppcheck,True,success,True,0,15,0,information,checkersReport,Active checkers: 113/592 (use --checkers-report=<filename> to see details),nofile|0|information|checkersReport|Active checkers: 113/592 (use --checkers-report=<filename> to see details),/home/yichen/Desktop/Qwen_SDF_Results01/logs/F005_cppcheck.log
/home/yichen/Desktop/Qwen_SDF01/F006.c,cppcheck,True,success,True,0,12,2,information,missingIncludeSystem,Include file: <stdio.h> not found. Please note: Cppcheck does not need standard library headers to get proper results.,/home/yichen/Desktop/Qwen_SDF01/F006.c|2|information|missingIncludeSystem|Include file: <stdio.h> not found. Please note: Cppcheck does not need standard library headers to get proper results.,/home/yichen/Desktop/Qwen_SDF_Results01/logs/F006_cppcheck.log
/home/yichen/Desktop/Qwen_SDF01/F006.c,cppcheck,True,success,True,0,12,3,information,missingIncludeSystem,Include file: <stdlib.h> not found. Please note: Cppcheck does not need standard library headers to get proper results.,/home/yichen/Desktop/Qwen_SDF01/F006.c|3|information|missingIncludeSystem|Include file: <stdlib.h> not found. Please note: Cppcheck does not need standard library headers to get proper results.,/home/yichen/Desktop/Qwen_SDF_Results01/logs/F006_cppcheck.log
/home/yichen/Desktop/Qwen_SDF01/F006.c,cppcheck,True,success,True,0,12,4,information,missingIncludeSystem,Include file: <string.h> not found. Please note: Cppcheck does not need standard library headers to get proper results.,/home/yichen/Desktop/Qwen_SDF01/F006.c|4|information|missingIncludeSystem|Include file: <string.h> not found. Please note: Cppcheck does not need standard library headers to get proper results.,/home/yichen/Desktop/Qwen_SDF_Results01/logs/F006_cppcheck.log
/home/yichen/Desktop/Qwen_SDF01/F006.c,cppcheck,True,success,True,0,12,5,information,missingIncludeSystem,Include file: <stdint.h> not found. Please note: Cppcheck does not need standard library headers to get proper results.,/home/yichen/Desktop/Qwen_SDF01/F006.c|5|information|missingIncludeSystem|Include file: <stdint.h> not found. Please note: Cppcheck does not need standard library headers to get proper results.,/home/yichen/Desktop/Qwen_SDF_Results01/logs/F006_cppcheck.log
/home/yichen/Desktop/Qwen_SDF01/F006.c,cppcheck,True,success,True,0,12,34,style,constVariablePointer,Variable 'cmd' can be declared as pointer to const,/home/yichen/Desktop/Qwen_SDF01/F006.c|34|style|constVariablePointer|Variable 'cmd' can be declared as pointer to const,/home/yichen/Desktop/Qwen_SDF_Results01/logs/F006_cppcheck.log
/home/yichen/Desktop/Qwen_SDF01/F006.c,cppcheck,True,success,True,0,12,38,style,constVariablePointer,Variable 'item' can be declared as pointer to const,/home/yichen/Desktop/Qwen_SDF01/F006.c|38|style|constVariablePointer|Variable 'item' can be declared as pointer to const,/home/yichen/Desktop/Qwen_SDF_Results01/logs/F006_cppcheck.log
/home/yichen/Desktop/Qwen_SDF01/F006.c,cppcheck,True,success,True,0,12,39,style,constVariablePointer,Variable 'cnt_s' can be declared as pointer to const,/home/yichen/Desktop/Qwen_SDF01/F006.c|39|style|constVariablePointer|Variable 'cnt_s' can be declared as pointer to const,/home/yichen/Desktop/Qwen_SDF_Results01/logs/F006_cppcheck.log
/home/yichen/Desktop/Qwen_SDF01/F006.c,cppcheck,True,success,True,0,12,60,style,constVariablePointer,Variable 'item' can be declared as pointer to const,/home/yichen/Desktop/Qwen_SDF01/F006.c|60|style|constVariablePointer|Variable 'item' can be declared as pointer to const,/home/yichen/Desktop/Qwen_SDF_Results01/logs/F006_cppcheck.log
/home/yichen/Desktop/Qwen_SDF01/F006.c,cppcheck,True,success,True,0,12,61,style,constVariablePointer,Variable 'cnt_s' can be declared as pointer to const,/home/yichen/Desktop/Qwen_SDF01/F006.c|61|style|constVariablePointer|Variable 'cnt_s' can be declared as pointer to const,/home/yichen/Desktop/Qwen_SDF_Results01/logs/F006_cppcheck.log
/home/yichen/Desktop/Qwen_SDF01/F006.c,cppcheck,True,success,True,0,12,73,style,constVariablePointer,Variable 'item' can be declared as pointer to const,/home/yichen/Desktop/Qwen_SDF01/F006.c|73|style|constVariablePointer|Variable 'item' can be declared as pointer to const,/home/yichen/Desktop/Qwen_SDF_Results01/logs/F006_cppcheck.log
/home/yichen/Desktop/Qwen_SDF01/F006.c,cppcheck,True,success,True,0,12,84,style,constVariablePointer,Variable 'item' can be declared as pointer to const,/home/yichen/Desktop/Qwen_SDF01/F006.c|84|style|constVariablePointer|Variable 'item' can be declared as pointer to const,/home/yichen/Desktop/Qwen_SDF_Results01/logs/F006_cppcheck.log
nofile,cppcheck,True,success,True,0,12,0,information,checkersReport,Active checkers: 113/592 (use --checkers-report=<filename> to see details),nofile|0|information|checkersReport|Active checkers: 113/592 (use --checkers-report=<filename> to see details),/home/yichen/Desktop/Qwen_SDF_Results01/logs/F006_cppcheck.log
/home/yichen/Desktop/Qwen_SDF01/F007.c,cppcheck,True,success,True,0,12,2,information,missingIncludeSystem,Include file: <stdio.h> not found. Please note: Cppcheck does not need standard library headers to get proper results.,/home/yichen/Desktop/Qwen_SDF01/F007.c|2|information|missingIncludeSystem|Include file: <stdio.h> not found. Please note: Cppcheck does not need standard library headers to get proper results.,/home/yichen/Desktop/Qwen_SDF_Results01/logs/F007_cppcheck.log
/home/yichen/Desktop/Qwen_SDF01/F007.c,cppcheck,True,success,True,0,12,3,information,missingIncludeSystem,Include file: <stdlib.h> not found. Please note: Cppcheck does not need standard library headers to get proper results.,/home/yichen/Desktop/Qwen_SDF01/F007.c|3|information|missingIncludeSystem|Include file: <stdlib.h> not found. Please note: Cppcheck does not need standard library headers to get proper results.,/home/yichen/Desktop/Qwen_SDF_Results01/logs/F007_cppcheck.log
/home/yichen/Desktop/Qwen_SDF01/F007.c,cppcheck,True,success,True,0,12,4,information,missingIncludeSystem,Include file: <string.h> not found. Please note: Cppcheck does not need standard library headers to get proper results.,/home/yichen/Desktop/Qwen_SDF01/F007.c|4|information|missingIncludeSystem|Include file: <string.h> not found. Please note: Cppcheck does not need standard library headers to get proper results.,/home/yichen/Desktop/Qwen_SDF_Results01/logs/F007_cppcheck.log
/home/yichen/Desktop/Qwen_SDF01/F007.c,cppcheck,True,success,True,0,12,5,information,missingIncludeSystem,Include file: <stdint.h> not found. Please note: Cppcheck does not need standard library headers to get proper results.,/home/yichen/Desktop/Qwen_SDF01/F007.c|5|information|missingIncludeSystem|Include file: <stdint.h> not found. Please note: Cppcheck does not need standard library headers to get proper results.,/home/yichen/Desktop/Qwen_SDF_Results01/logs/F007_cppcheck.log
/home/yichen/Desktop/Qwen_SDF01/F007.c,cppcheck,True,success,True,0,12,45,style,constVariablePointer,Variable 'cmd' can be declared as pointer to const,/home/yichen/Desktop/Qwen_SDF01/F007.c|45|style|constVariablePointer|Variable 'cmd' can be declared as pointer to const,/home/yichen/Desktop/Qwen_SDF_Results01/logs/F007_cppcheck.log
/home/yichen/Desktop/Qwen_SDF01/F007.c,cppcheck,True,success,True,0,12,49,style,constVariablePointer,Variable 'time_s' can be declared as pointer to const,/home/yichen/Desktop/Qwen_SDF01/F007.c|49|style|constVariablePointer|Variable 'time_s' can be declared as pointer to const,/home/yichen/Desktop/Qwen_SDF_Results01/logs/F007_cppcheck.log
/home/yichen/Desktop/Qwen_SDF01/F007.c,cppcheck,True,success,True,0,12,50,style,constVariablePointer,Variable 'label' can be declared as pointer to const,/home/yichen/Desktop/Qwen_SDF01/F007.c|50|style|constVariablePointer|Variable 'label' can be declared as pointer to const,/home/yichen/Desktop/Qwen_SDF_Results01/logs/F007_cppcheck.log
/home/yichen/Desktop/Qwen_SDF01/F007.c,cppcheck,True,success,True,0,12,51,style,constVariablePointer,Variable 'note' can be declared as pointer to const,/home/yichen/Desktop/Qwen_SDF01/F007.c|51|style|constVariablePointer|Variable 'note' can be declared as pointer to const,/home/yichen/Desktop/Qwen_SDF_Results01/logs/F007_cppcheck.log
/home/yichen/Desktop/Qwen_SDF01/F007.c,cppcheck,True,success,True,0,12,67,style,constVariablePointer,Variable 'time_s' can be declared as pointer to const,/home/yichen/Desktop/Qwen_SDF01/F007.c|67|style|constVariablePointer|Variable 'time_s' can be declared as pointer to const,/home/yichen/Desktop/Qwen_SDF_Results01/logs/F007_cppcheck.log
/home/yichen/Desktop/Qwen_SDF01/F007.c,cppcheck,True,success,True,0,12,68,style,constVariablePointer,Variable 'label' can be declared as pointer to const,/home/yichen/Desktop/Qwen_SDF01/F007.c|68|style|constVariablePointer|Variable 'label' can be declared as pointer to const,/home/yichen/Desktop/Qwen_SDF_Results01/logs/F007_cppcheck.log
/home/yichen/Desktop/Qwen_SDF01/F007.c,cppcheck,True,success,True,0,12,80,style,constVariablePointer,Variable 'label' can be declared as pointer to const,/home/yichen/Desktop/Qwen_SDF01/F007.c|80|style|constVariablePointer|Variable 'label' can be declared as pointer to const,/home/yichen/Desktop/Qwen_SDF_Results01/logs/F007_cppcheck.log
nofile,cppcheck,True,success,True,0,12,0,information,checkersReport,Active checkers: 113/592 (use --checkers-report=<filename> to see details),nofile|0|information|checkersReport|Active checkers: 113/592 (use --checkers-report=<filename> to see details),/home/yichen/Desktop/Qwen_SDF_Results01/logs/F007_cppcheck.log
/home/yichen/Desktop/Qwen_SDF01/F008.c,cppcheck,True,success,True,0,10,2,information,missingIncludeSystem,Include file: <stdio.h> not found. Please note: Cppcheck does not need standard library headers to get proper results.,/home/yichen/Desktop/Qwen_SDF01/F008.c|2|information|missingIncludeSystem|Include file: <stdio.h> not found. Please note: Cppcheck does not need standard library headers to get proper results.,/home/yichen/Desktop/Qwen_SDF_Results01/logs/F008_cppcheck.log
/home/yichen/Desktop/Qwen_SDF01/F008.c,cppcheck,True,success,True,0,10,3,information,missingIncludeSystem,Include file: <stdlib.h> not found. Please note: Cppcheck does not need standard library headers to get proper results.,/home/yichen/Desktop/Qwen_SDF01/F008.c|3|information|missingIncludeSystem|Include file: <stdlib.h> not found. Please note: Cppcheck does not need standard library headers to get proper results.,/home/yichen/Desktop/Qwen_SDF_Results01/logs/F008_cppcheck.log
/home/yichen/Desktop/Qwen_SDF01/F008.c,cppcheck,True,success,True,0,10,4,information,missingIncludeSystem,Include file: <string.h> not found. Please note: Cppcheck does not need standard library headers to get proper results.,/home/yichen/Desktop/Qwen_SDF01/F008.c|4|information|missingIncludeSystem|Include file: <string.h> not found. Please note: Cppcheck does not need standard library headers to get proper results.,/home/yichen/Desktop/Qwen_SDF_Results01/logs/F008_cppcheck.log
/home/yichen/Desktop/Qwen_SDF01/F008.c,cppcheck,True,success,True,0,10,5,information,missingIncludeSystem,Include file: <stdint.h> not found. Please note: Cppcheck does not need standard library headers to get proper results.,/home/yichen/Desktop/Qwen_SDF01/F008.c|5|information|missingIncludeSystem|Include file: <stdint.h> not found. Please note: Cppcheck does not need standard library headers to get proper results.,/home/yichen/Desktop/Qwen_SDF_Results01/logs/F008_cppcheck.log
/home/yichen/Desktop/Qwen_SDF01/F008.c,cppcheck,True,success,True,0,10,39,style,constVariablePointer,Variable 'cmd' can be declared as pointer to const,/home/yichen/Desktop/Qwen_SDF01/F008.c|39|style|constVariablePointer|Variable 'cmd' can be declared as pointer to const,/home/yichen/Desktop/Qwen_SDF_Results01/logs/F008_cppcheck.log
/home/yichen/Desktop/Qwen_SDF01/F008.c,cppcheck,True,success,True,0,10,43,style,constVariablePointer,Variable 'name' can be declared as pointer to const,/home/yichen/Desktop/Qwen_SDF01/F008.c|43|style|constVariablePointer|Variable 'name' can be declared as pointer to const,/home/yichen/Desktop/Qwen_SDF_Results01/logs/F008_cppcheck.log
/home/yichen/Desktop/Qwen_SDF01/F008.c,cppcheck,True,success,True,0,10,44,style,constVariablePointer,Variable 'score_s' can be declared as pointer to const,/home/yichen/Desktop/Qwen_SDF01/F008.c|44|style|constVariablePointer|Variable 'score_s' can be declared as pointer to const,/home/yichen/Desktop/Qwen_SDF_Results01/logs/F008_cppcheck.log
/home/yichen/Desktop/Qwen_SDF01/F008.c,cppcheck,True,success,True,0,10,45,style,constVariablePointer,Variable 'note' can be declared as pointer to const,/home/yichen/Desktop/Qwen_SDF01/F008.c|45|style|constVariablePointer|Variable 'note' can be declared as pointer to const,/home/yichen/Desktop/Qwen_SDF_Results01/logs/F008_cppcheck.log
/home/yichen/Desktop/Qwen_SDF01/F008.c,cppcheck,True,success,True,0,10,69,style,constVariablePointer,Variable 'name' can be declared as pointer to const,/home/yichen/Desktop/Qwen_SDF01/F008.c|69|style|constVariablePointer|Variable 'name' can be declared as pointer to const,/home/yichen/Desktop/Qwen_SDF_Results01/logs/F008_cppcheck.log
nofile,cppcheck,True,success,True,0,10,0,information,checkersReport,Active checkers: 113/592 (use --checkers-report=<filename> to see details),nofile|0|information|checkersReport|Active checkers: 113/592 (use --checkers-report=<filename> to see details),/home/yichen/Desktop/Qwen_SDF_Results01/logs/F008_cppcheck.log
/home/yichen/Desktop/Qwen_SDF01/F009.c,cppcheck,True,success,True,0,14,2,information,missingIncludeSystem,Include file: <stdio.h> not found. Please note: Cppcheck does not need standard library headers to get proper results.,/home/yichen/Desktop/Qwen_SDF01/F009.c|2|information|missingIncludeSystem|Include file: <stdio.h> not found. Please note: Cppcheck does not need standard library headers to get proper results.,/home/yichen/Desktop/Qwen_SDF_Results01/logs/F009_cppcheck.log
/home/yichen/Desktop/Qwen_SDF01/F009.c,cppcheck,True,success,True,0,14,3,information,missingIncludeSystem,Include file: <stdlib.h> not found. Please note: Cppcheck does not need standard library headers to get proper results.,/home/yichen/Desktop/Qwen_SDF01/F009.c|3|information|missingIncludeSystem|Include file: <stdlib.h> not found. Please note: Cppcheck does not need standard library headers to get proper results.,/home/yichen/Desktop/Qwen_SDF_Results01/logs/F009_cppcheck.log
/home/yichen/Desktop/Qwen_SDF01/F009.c,cppcheck,True,success,True,0,14,4,information,missingIncludeSystem,Include file: <string.h> not found. Please note: Cppcheck does not need standard library headers to get proper results.,/home/yichen/Desktop/Qwen_SDF01/F009.c|4|information|missingIncludeSystem|Include file: <string.h> not found. Please note: Cppcheck does not need standard library headers to get proper results.,/home/yichen/Desktop/Qwen_SDF_Results01/logs/F009_cppcheck.log
/home/yichen/Desktop/Qwen_SDF01/F009.c,cppcheck,True,success,True,0,14,5,information,missingIncludeSystem,Include file: <stdint.h> not found. Please note: Cppcheck does not need standard library headers to get proper results.,/home/yichen/Desktop/Qwen_SDF01/F009.c|5|information|missingIncludeSystem|Include file: <stdint.h> not found. Please note: Cppcheck does not need standard library headers to get proper results.,/home/yichen/Desktop/Qwen_SDF_Results01/logs/F009_cppcheck.log
/home/yichen/Desktop/Qwen_SDF01/F009.c,cppcheck,True,success,True,0,14,35,style,constParameterPointer,Parameter 'l' can be declared as pointer to const,/home/yichen/Desktop/Qwen_SDF01/F009.c|35|style|constParameterPointer|Parameter 'l' can be declared as pointer to const,/home/yichen/Desktop/Qwen_SDF_Results01/logs/F009_cppcheck.log
/home/yichen/Desktop/Qwen_SDF01/F009.c,cppcheck,True,success,True,0,14,46,style,constVariablePointer,Variable 'cmd' can be declared as pointer to const,/home/yichen/Desktop/Qwen_SDF01/F009.c|46|style|constVariablePointer|Variable 'cmd' can be declared as pointer to const,/home/yichen/Desktop/Qwen_SDF_Results01/logs/F009_cppcheck.log
/home/yichen/Desktop/Qwen_SDF01/F009.c,cppcheck,True,success,True,0,14,50,style,constVariablePointer,Variable 'group' can be declared as pointer to const,/home/yichen/Desktop/Qwen_SDF01/F009.c|50|style|constVariablePointer|Variable 'group' can be declared as pointer to const,/home/yichen/Desktop/Qwen_SDF_Results01/logs/F009_cppcheck.log
/home/yichen/Desktop/Qwen_SDF01/F009.c,cppcheck,True,success,True,0,14,51,style,constVariablePointer,Variable 'desc' can be declared as pointer to const,/home/yichen/Desktop/Qwen_SDF01/F009.c|51|style|constVariablePointer|Variable 'desc' can be declared as pointer to const,/home/yichen/Desktop/Qwen_SDF_Results01/logs/F009_cppcheck.log
/home/yichen/Desktop/Qwen_SDF01/F009.c,cppcheck,True,success,True,0,14,79,style,constVariablePointer,Variable 'gA' can be declared as pointer to const,/home/yichen/Desktop/Qwen_SDF01/F009.c|79|style|constVariablePointer|Variable 'gA' can be declared as pointer to const,/home/yichen/Desktop/Qwen_SDF_Results01/logs/F009_cppcheck.log
/home/yichen/Desktop/Qwen_SDF01/F009.c,cppcheck,True,success,True,0,14,80,style,constVariablePointer,Variable 'gB' can be declared as pointer to const,/home/yichen/Desktop/Qwen_SDF01/F009.c|80|style|constVariablePointer|Variable 'gB' can be declared as pointer to const,/home/yichen/Desktop/Qwen_SDF_Results01/logs/F009_cppcheck.log
/home/yichen/Desktop/Qwen_SDF01/F009.c,cppcheck,True,success,True,0,14,81,style,constVariablePointer,Variable 'nG' can be declared as pointer to const,/home/yichen/Desktop/Qwen_SDF01/F009.c|81|style|constVariablePointer|Variable 'nG' can be declared as pointer to const,/home/yichen/Desktop/Qwen_SDF_Results01/logs/F009_cppcheck.log
/home/yichen/Desktop/Qwen_SDF01/F009.c,cppcheck,True,success,True,0,14,109,style,constVariablePointer,Variable 'group' can be declared as pointer to const,/home/yichen/Desktop/Qwen_SDF01/F009.c|109|style|constVariablePointer|Variable 'group' can be declared as pointer to const,/home/yichen/Desktop/Qwen_SDF_Results01/logs/F009_cppcheck.log
/home/yichen/Desktop/Qwen_SDF01/F009.c,cppcheck,True,success,True,0,14,121,style,constVariablePointer,Variable 'group' can be declared as pointer to const,/home/yichen/Desktop/Qwen_SDF01/F009.c|121|style|constVariablePointer|Variable 'group' can be declared as pointer to const,/home/yichen/Desktop/Qwen_SDF_Results01/logs/F009_cppcheck.log
nofile,cppcheck,True,success,True,0,14,0,information,checkersReport,Active checkers: 113/592 (use --checkers-report=<filename> to see details),nofile|0|information|checkersReport|Active checkers: 113/592 (use --checkers-report=<filename> to see details),/home/yichen/Desktop/Qwen_SDF_Results01/logs/F009_cppcheck.log
/home/yichen/Desktop/Qwen_SDF01/F010.c,cppcheck,True,success,True,0,13,2,information,missingIncludeSystem,Include file: <stdio.h> not found. Please note: Cppcheck does not need standard library headers to get proper results.,/home/yichen/Desktop/Qwen_SDF01/F010.c|2|information|missingIncludeSystem|Include file: <stdio.h> not found. Please note: Cppcheck does not need standard library headers to get proper results.,/home/yichen/Desktop/Qwen_SDF_Results01/logs/F010_cppcheck.log
/home/yichen/Desktop/Qwen_SDF01/F010.c,cppcheck,True,success,True,0,13,3,information,missingIncludeSystem,Include file: <stdlib.h> not found. Please note: Cppcheck does not need standard library headers to get proper results.,/home/yichen/Desktop/Qwen_SDF01/F010.c|3|information|missingIncludeSystem|Include file: <stdlib.h> not found. Please note: Cppcheck does not need standard library headers to get proper results.,/home/yichen/Desktop/Qwen_SDF_Results01/logs/F010_cppcheck.log
/home/yichen/Desktop/Qwen_SDF01/F010.c,cppcheck,True,success,True,0,13,4,information,missingIncludeSystem,Include file: <string.h> not found. Please note: Cppcheck does not need standard library headers to get proper results.,/home/yichen/Desktop/Qwen_SDF01/F010.c|4|information|missingIncludeSystem|Include file: <string.h> not found. Please note: Cppcheck does not need standard library headers to get proper results.,/home/yichen/Desktop/Qwen_SDF_Results01/logs/F010_cppcheck.log
/home/yichen/Desktop/Qwen_SDF01/F010.c,cppcheck,True,success,True,0,13,5,information,missingIncludeSystem,Include file: <stdint.h> not found. Please note: Cppcheck does not need standard library headers to get proper results.,/home/yichen/Desktop/Qwen_SDF01/F010.c|5|information|missingIncludeSystem|Include file: <stdint.h> not found. Please note: Cppcheck does not need standard library headers to get proper results.,/home/yichen/Desktop/Qwen_SDF_Results01/logs/F010_cppcheck.log
/home/yichen/Desktop/Qwen_SDF01/F010.c,cppcheck,True,success,True,0,13,30,style,constParameterPointer,Parameter 'l' can be declared as pointer to const,/home/yichen/Desktop/Qwen_SDF01/F010.c|30|style|constParameterPointer|Parameter 'l' can be declared as pointer to const,/home/yichen/Desktop/Qwen_SDF_Results01/logs/F010_cppcheck.log
/home/yichen/Desktop/Qwen_SDF01/F010.c,cppcheck,True,success,True,0,13,41,style,constVariablePointer,Variable 'cmd' can be declared as pointer to const,/home/yichen/Desktop/Qwen_SDF01/F010.c|41|style|constVariablePointer|Variable 'cmd' can be declared as pointer to const,/home/yichen/Desktop/Qwen_SDF_Results01/logs/F010_cppcheck.log
/home/yichen/Desktop/Qwen_SDF01/F010.c,cppcheck,True,success,True,0,13,45,style,constVariablePointer,Variable 'key' can be declared as pointer to const,/home/yichen/Desktop/Qwen_SDF01/F010.c|45|style|constVariablePointer|Variable 'key' can be declared as pointer to const,/home/yichen/Desktop/Qwen_SDF_Results01/logs/F010_cppcheck.log
/home/yichen/Desktop/Qwen_SDF01/F010.c,cppcheck,True,success,True,0,13,46,style,constVariablePointer,Variable 'val' can be declared as pointer to const,/home/yichen/Desktop/Qwen_SDF01/F010.c|46|style|constVariablePointer|Variable 'val' can be declared as pointer to const,/home/yichen/Desktop/Qwen_SDF_Results01/logs/F010_cppcheck.log
/home/yichen/Desktop/Qwen_SDF01/F010.c,cppcheck,True,success,True,0,13,70,style,constVariablePointer,Variable 'key' can be declared as pointer to const,/home/yichen/Desktop/Qwen_SDF01/F010.c|70|style|constVariablePointer|Variable 'key' can be declared as pointer to const,/home/yichen/Desktop/Qwen_SDF_Results01/logs/F010_cppcheck.log
/home/yichen/Desktop/Qwen_SDF01/F010.c,cppcheck,True,success,True,0,13,71,style,constVariablePointer,Variable 'val' can be declared as pointer to const,/home/yichen/Desktop/Qwen_SDF01/F010.c|71|style|constVariablePointer|Variable 'val' can be declared as pointer to const,/home/yichen/Desktop/Qwen_SDF_Results01/logs/F010_cppcheck.log
/home/yichen/Desktop/Qwen_SDF01/F010.c,cppcheck,True,success,True,0,13,86,style,constVariablePointer,Variable 'key' can be declared as pointer to const,/home/yichen/Desktop/Qwen_SDF01/F010.c|86|style|constVariablePointer|Variable 'key' can be declared as pointer to const,/home/yichen/Desktop/Qwen_SDF_Results01/logs/F010_cppcheck.log
/home/yichen/Desktop/Qwen_SDF01/F010.c,cppcheck,True,success,True,0,13,98,style,constVariablePointer,Variable 'key' can be declared as pointer to const,/home/yichen/Desktop/Qwen_SDF01/F010.c|98|style|constVariablePointer|Variable 'key' can be declared as pointer to const,/home/yichen/Desktop/Qwen_SDF_Results01/logs/F010_cppcheck.log
nofile,cppcheck,True,success,True,0,13,0,information,checkersReport,Active checkers: 113/592 (use --checkers-report=<filename> to see details),nofile|0|information|checkersReport|Active checkers: 113/592 (use --checkers-report=<filename> to see details),/home/yichen/Desktop/Qwen_SDF_Results01/logs/F010_cppcheck.log
/home/yichen/Desktop/Qwen_SDF01/F011.c,cppcheck,True,success,True,0,12,2,information,missingIncludeSystem,Include file: <stdio.h> not found. Please note: Cppcheck does not need standard library headers to get proper results.,/home/yichen/Desktop/Qwen_SDF01/F011.c|2|information|missingIncludeSystem|Include file: <stdio.h> not found. Please note: Cppcheck does not need standard library headers to get proper results.,/home/yichen/Desktop/Qwen_SDF_Results01/logs/F011_cppcheck.log
/home/yichen/Desktop/Qwen_SDF01/F011.c,cppcheck,True,success,True,0,12,3,information,missingIncludeSystem,Include file: <stdlib.h> not found. Please note: Cppcheck does not need standard library headers to get proper results.,/home/yichen/Desktop/Qwen_SDF01/F011.c|3|information|missingIncludeSystem|Include file: <stdlib.h> not found. Please note: Cppcheck does not need standard library headers to get proper results.,/home/yichen/Desktop/Qwen_SDF_Results01/logs/F011_cppcheck.log
/home/yichen/Desktop/Qwen_SDF01/F011.c,cppcheck,True,success,True,0,12,4,information,missingIncludeSystem,Include file: <string.h> not found. Please note: Cppcheck does not need standard library headers to get proper results.,/home/yichen/Desktop/Qwen_SDF01/F011.c|4|information|missingIncludeSystem|Include file: <string.h> not found. Please note: Cppcheck does not need standard library headers to get proper results.,/home/yichen/Desktop/Qwen_SDF_Results01/logs/F011_cppcheck.log
/home/yichen/Desktop/Qwen_SDF01/F011.c,cppcheck,True,success,True,0,12,5,information,missingIncludeSystem,Include file: <stdint.h> not found. Please note: Cppcheck does not need standard library headers to get proper results.,/home/yichen/Desktop/Qwen_SDF01/F011.c|5|information|missingIncludeSystem|Include file: <stdint.h> not found. Please note: Cppcheck does not need standard library headers to get proper results.,/home/yichen/Desktop/Qwen_SDF_Results01/logs/F011_cppcheck.log
/home/yichen/Desktop/Qwen_SDF01/F011.c,cppcheck,True,success,True,0,12,41,style,constVariablePointer,Variable 'cmd' can be declared as pointer to const,/home/yichen/Desktop/Qwen_SDF01/F011.c|41|style|constVariablePointer|Variable 'cmd' can be declared as pointer to const,/home/yichen/Desktop/Qwen_SDF_Results01/logs/F011_cppcheck.log
/home/yichen/Desktop/Qwen_SDF01/F011.c,cppcheck,True,success,True,0,12,45,style,constVariablePointer,Variable 'title' can be declared as pointer to const,/home/yichen/Desktop/Qwen_SDF01/F011.c|45|style|constVariablePointer|Variable 'title' can be declared as pointer to const,/home/yichen/Desktop/Qwen_SDF_Results01/logs/F011_cppcheck.log
/home/yichen/Desktop/Qwen_SDF01/F011.c,cppcheck,True,success,True,0,12,46,style,constVariablePointer,Variable 'body' can be declared as pointer to const,/home/yichen/Desktop/Qwen_SDF01/F011.c|46|style|constVariablePointer|Variable 'body' can be declared as pointer to const,/home/yichen/Desktop/Qwen_SDF_Results01/logs/F011_cppcheck.log
/home/yichen/Desktop/Qwen_SDF01/F011.c,cppcheck,True,success,True,0,12,64,style,constVariablePointer,Variable 'title' can be declared as pointer to const,/home/yichen/Desktop/Qwen_SDF01/F011.c|64|style|constVariablePointer|Variable 'title' can be declared as pointer to const,/home/yichen/Desktop/Qwen_SDF_Results01/logs/F011_cppcheck.log
/home/yichen/Desktop/Qwen_SDF01/F011.c,cppcheck,True,success,True,0,12,65,style,constVariablePointer,Variable 'body' can be declared as pointer to const,/home/yichen/Desktop/Qwen_SDF01/F011.c|65|style|constVariablePointer|Variable 'body' can be declared as pointer to const,/home/yichen/Desktop/Qwen_SDF_Results01/logs/F011_cppcheck.log
/home/yichen/Desktop/Qwen_SDF01/F011.c,cppcheck,True,success,True,0,12,76,style,constVariablePointer,Variable 'title' can be declared as pointer to const,/home/yichen/Desktop/Qwen_SDF01/F011.c|76|style|constVariablePointer|Variable 'title' can be declared as pointer to const,/home/yichen/Desktop/Qwen_SDF_Results01/logs/F011_cppcheck.log
/home/yichen/Desktop/Qwen_SDF01/F011.c,cppcheck,True,success,True,0,12,110,style,constVariablePointer,Variable 'title' can be declared as pointer to const,/home/yichen/Desktop/Qwen_SDF01/F011.c|110|style|constVariablePointer|Variable 'title' can be declared as pointer to const,/home/yichen/Desktop/Qwen_SDF_Results01/logs/F011_cppcheck.log
nofile,cppcheck,True,success,True,0,12,0,information,checkersReport,Active checkers: 113/592 (use --checkers-report=<filename> to see details),nofile|0|information|checkersReport|Active checkers: 113/592 (use --checkers-report=<filename> to see details),/home/yichen/Desktop/Qwen_SDF_Results01/logs/F011_cppcheck.log
/home/yichen/Desktop/Qwen_SDF01/F012.c,cppcheck,True,success,True,0,10,2,information,missingIncludeSystem,Include file: <stdio.h> not found. Please note: Cppcheck does not need standard library headers to get proper results.,/home/yichen/Desktop/Qwen_SDF01/F012.c|2|information|missingIncludeSystem|Include file: <stdio.h> not found. Please note: Cppcheck does not need standard library headers to get proper results.,/home/yichen/Desktop/Qwen_SDF_Results01/logs/F012_cppcheck.log
/home/yichen/Desktop/Qwen_SDF01/F012.c,cppcheck,True,success,True,0,10,3,information,missingIncludeSystem,Include file: <stdlib.h> not found. Please note: Cppcheck does not need standard library headers to get proper results.,/home/yichen/Desktop/Qwen_SDF01/F012.c|3|information|missingIncludeSystem|Include file: <stdlib.h> not found. Please note: Cppcheck does not need standard library headers to get proper results.,/home/yichen/Desktop/Qwen_SDF_Results01/logs/F012_cppcheck.log
/home/yichen/Desktop/Qwen_SDF01/F012.c,cppcheck,True,success,True,0,10,4,information,missingIncludeSystem,Include file: <string.h> not found. Please note: Cppcheck does not need standard library headers to get proper results.,/home/yichen/Desktop/Qwen_SDF01/F012.c|4|information|missingIncludeSystem|Include file: <string.h> not found. Please note: Cppcheck does not need standard library headers to get proper results.,/home/yichen/Desktop/Qwen_SDF_Results01/logs/F012_cppcheck.log
/home/yichen/Desktop/Qwen_SDF01/F012.c,cppcheck,True,success,True,0,10,5,information,missingIncludeSystem,Include file: <stdint.h> not found. Please note: Cppcheck does not need standard library headers to get proper results.,/home/yichen/Desktop/Qwen_SDF01/F012.c|5|information|missingIncludeSystem|Include file: <stdint.h> not found. Please note: Cppcheck does not need standard library headers to get proper results.,/home/yichen/Desktop/Qwen_SDF_Results01/logs/F012_cppcheck.log
/home/yichen/Desktop/Qwen_SDF01/F012.c,cppcheck,True,success,True,0,10,39,style,constVariablePointer,Variable 'cmd' can be declared as pointer to const,/home/yichen/Desktop/Qwen_SDF01/F012.c|39|style|constVariablePointer|Variable 'cmd' can be declared as pointer to const,/home/yichen/Desktop/Qwen_SDF_Results01/logs/F012_cppcheck.log
/home/yichen/Desktop/Qwen_SDF01/F012.c,cppcheck,True,success,True,0,10,43,style,constVariablePointer,Variable 'name' can be declared as pointer to const,/home/yichen/Desktop/Qwen_SDF01/F012.c|43|style|constVariablePointer|Variable 'name' can be declared as pointer to const,/home/yichen/Desktop/Qwen_SDF_Results01/logs/F012_cppcheck.log
/home/yichen/Desktop/Qwen_SDF01/F012.c,cppcheck,True,success,True,0,10,44,style,constVariablePointer,Variable 'note' can be declared as pointer to const,/home/yichen/Desktop/Qwen_SDF01/F012.c|44|style|constVariablePointer|Variable 'note' can be declared as pointer to const,/home/yichen/Desktop/Qwen_SDF_Results01/logs/F012_cppcheck.log
/home/yichen/Desktop/Qwen_SDF01/F012.c,cppcheck,True,success,True,0,10,65,style,constVariablePointer,Variable 'name' can be declared as pointer to const,/home/yichen/Desktop/Qwen_SDF01/F012.c|65|style|constVariablePointer|Variable 'name' can be declared as pointer to const,/home/yichen/Desktop/Qwen_SDF_Results01/logs/F012_cppcheck.log
/home/yichen/Desktop/Qwen_SDF01/F012.c,cppcheck,True,success,True,0,10,76,style,constVariablePointer,Variable 'name' can be declared as pointer to const,/home/yichen/Desktop/Qwen_SDF01/F012.c|76|style|constVariablePointer|Variable 'name' can be declared as pointer to const,/home/yichen/Desktop/Qwen_SDF_Results01/logs/F012_cppcheck.log
nofile,cppcheck,True,success,True,0,10,0,information,checkersReport,Active checkers: 113/592 (use --checkers-report=<filename> to see details),nofile|0|information|checkersReport|Active checkers: 113/592 (use --checkers-report=<filename> to see details),/home/yichen/Desktop/Qwen_SDF_Results01/logs/F012_cppcheck.log
/home/yichen/Desktop/Qwen_SDF01/F013.c,cppcheck,True,success,True,0,12,2,information,missingIncludeSystem,Include file: <stdio.h> not found. Please note: Cppcheck does not need standard library headers to get proper results.,/home/yichen/Desktop/Qwen_SDF01/F013.c|2|information|missingIncludeSystem|Include file: <stdio.h> not found. Please note: Cppcheck does not need standard library headers to get proper results.,/home/yichen/Desktop/Qwen_SDF_Results01/logs/F013_cppcheck.log
/home/yichen/Desktop/Qwen_SDF01/F013.c,cppcheck,True,success,True,0,12,3,information,missingIncludeSystem,Include file: <stdlib.h> not found. Please note: Cppcheck does not need standard library headers to get proper results.,/home/yichen/Desktop/Qwen_SDF01/F013.c|3|information|missingIncludeSystem|Include file: <stdlib.h> not found. Please note: Cppcheck does not need standard library headers to get proper results.,/home/yichen/Desktop/Qwen_SDF_Results01/logs/F013_cppcheck.log
/home/yichen/Desktop/Qwen_SDF01/F013.c,cppcheck,True,success,True,0,12,4,information,missingIncludeSystem,Include file: <string.h> not found. Please note: Cppcheck does not need standard library headers to get proper results.,/home/yichen/Desktop/Qwen_SDF01/F013.c|4|information|missingIncludeSystem|Include file: <string.h> not found. Please note: Cppcheck does not need standard library headers to get proper results.,/home/yichen/Desktop/Qwen_SDF_Results01/logs/F013_cppcheck.log
/home/yichen/Desktop/Qwen_SDF01/F013.c,cppcheck,True,success,True,0,12,5,information,missingIncludeSystem,Include file: <stdint.h> not found. Please note: Cppcheck does not need standard library headers to get proper results.,/home/yichen/Desktop/Qwen_SDF01/F013.c|5|information|missingIncludeSystem|Include file: <stdint.h> not found. Please note: Cppcheck does not need standard library headers to get proper results.,/home/yichen/Desktop/Qwen_SDF_Results01/logs/F013_cppcheck.log
/home/yichen/Desktop/Qwen_SDF01/F013.c,cppcheck,True,success,True,0,12,39,style,constVariablePointer,Variable 'cmd' can be declared as pointer to const,/home/yichen/Desktop/Qwen_SDF01/F013.c|39|style|constVariablePointer|Variable 'cmd' can be declared as pointer to const,/home/yichen/Desktop/Qwen_SDF_Results01/logs/F013_cppcheck.log
/home/yichen/Desktop/Qwen_SDF01/F013.c,cppcheck,True,success,True,0,12,43,style,constVariablePointer,Variable 'title' can be declared as pointer to const,/home/yichen/Desktop/Qwen_SDF01/F013.c|43|style|constVariablePointer|Variable 'title' can be declared as pointer to const,/home/yichen/Desktop/Qwen_SDF_Results01/logs/F013_cppcheck.log
/home/yichen/Desktop/Qwen_SDF01/F013.c,cppcheck,True,success,True,0,12,44,style,constVariablePointer,Variable 'note' can be declared as pointer to const,/home/yichen/Desktop/Qwen_SDF01/F013.c|44|style|constVariablePointer|Variable 'note' can be declared as pointer to const,/home/yichen/Desktop/Qwen_SDF_Results01/logs/F013_cppcheck.log
/home/yichen/Desktop/Qwen_SDF01/F013.c,cppcheck,True,success,True,0,12,59,style,constVariablePointer,Variable 'title' can be declared as pointer to const,/home/yichen/Desktop/Qwen_SDF01/F013.c|59|style|constVariablePointer|Variable 'title' can be declared as pointer to const,/home/yichen/Desktop/Qwen_SDF_Results01/logs/F013_cppcheck.log
/home/yichen/Desktop/Qwen_SDF01/F013.c,cppcheck,True,success,True,0,12,66,style,constVariablePointer,Variable 'title' can be declared as pointer to const,/home/yichen/Desktop/Qwen_SDF01/F013.c|66|style|constVariablePointer|Variable 'title' can be declared as pointer to const,/home/yichen/Desktop/Qwen_SDF_Results01/logs/F013_cppcheck.log
/home/yichen/Desktop/Qwen_SDF01/F013.c,cppcheck,True,success,True,0,12,73,style,constVariablePointer,Variable 'title' can be declared as pointer to const,/home/yichen/Desktop/Qwen_SDF01/F013.c|73|style|constVariablePointer|Variable 'title' can be declared as pointer to const,/home/yichen/Desktop/Qwen_SDF_Results01/logs/F013_cppcheck.log
/home/yichen/Desktop/Qwen_SDF01/F013.c,cppcheck,True,success,True,0,12,84,style,constVariablePointer,Variable 'title' can be declared as pointer to const,/home/yichen/Desktop/Qwen_SDF01/F013.c|84|style|constVariablePointer|Variable 'title' can be declared as pointer to const,/home/yichen/Desktop/Qwen_SDF_Results01/logs/F013_cppcheck.log
nofile,cppcheck,True,success,True,0,12,0,information,checkersReport,Active checkers: 113/592 (use --checkers-report=<filename> to see details),nofile|0|information|checkersReport|Active checkers: 113/592 (use --checkers-report=<filename> to see details),/home/yichen/Desktop/Qwen_SDF_Results01/logs/F013_cppcheck.log
/home/yichen/Desktop/Qwen_SDF01/F014.c,cppcheck,True,success,True,0,14,2,information,missingIncludeSystem,Include file: <stdio.h> not found. Please note: Cppcheck does not need standard library headers to get proper results.,/home/yichen/Desktop/Qwen_SDF01/F014.c|2|information|missingIncludeSystem|Include file: <stdio.h> not found. Please note: Cppcheck does not need standard library headers to get proper results.,/home/yichen/Desktop/Qwen_SDF_Results01/logs/F014_cppcheck.log
/home/yichen/Desktop/Qwen_SDF01/F014.c,cppcheck,True,success,True,0,14,3,information,missingIncludeSystem,Include file: <stdlib.h> not found. Please note: Cppcheck does not need standard library headers to get proper results.,/home/yichen/Desktop/Qwen_SDF01/F014.c|3|information|missingIncludeSystem|Include file: <stdlib.h> not found. Please note: Cppcheck does not need standard library headers to get proper results.,/home/yichen/Desktop/Qwen_SDF_Results01/logs/F014_cppcheck.log
/home/yichen/Desktop/Qwen_SDF01/F014.c,cppcheck,True,success,True,0,14,4,information,missingIncludeSystem,Include file: <string.h> not found. Please note: Cppcheck does not need standard library headers to get proper results.,/home/yichen/Desktop/Qwen_SDF01/F014.c|4|information|missingIncludeSystem|Include file: <string.h> not found. Please note: Cppcheck does not need standard library headers to get proper results.,/home/yichen/Desktop/Qwen_SDF_Results01/logs/F014_cppcheck.log
/home/yichen/Desktop/Qwen_SDF01/F014.c,cppcheck,True,success,True,0,14,5,information,missingIncludeSystem,Include file: <stdint.h> not found. Please note: Cppcheck does not need standard library headers to get proper results.,/home/yichen/Desktop/Qwen_SDF01/F014.c|5|information|missingIncludeSystem|Include file: <stdint.h> not found. Please note: Cppcheck does not need standard library headers to get proper results.,/home/yichen/Desktop/Qwen_SDF_Results01/logs/F014_cppcheck.log
/home/yichen/Desktop/Qwen_SDF01/F014.c,cppcheck,True,success,True,0,14,41,style,constVariablePointer,Variable 'cmd' can be declared as pointer to const,/home/yichen/Desktop/Qwen_SDF01/F014.c|41|style|constVariablePointer|Variable 'cmd' can be declared as pointer to const,/home/yichen/Desktop/Qwen_SDF_Results01/logs/F014_cppcheck.log
/home/yichen/Desktop/Qwen_SDF01/F014.c,cppcheck,True,success,True,0,14,45,style,constVariablePointer,Variable 'name' can be declared as pointer to const,/home/yichen/Desktop/Qwen_SDF01/F014.c|45|style|constVariablePointer|Variable 'name' can be declared as pointer to const,/home/yichen/Desktop/Qwen_SDF_Results01/logs/F014_cppcheck.log
/home/yichen/Desktop/Qwen_SDF01/F014.c,cppcheck,True,success,True,0,14,46,style,constVariablePointer,Variable 'note' can be declared as pointer to const,/home/yichen/Desktop/Qwen_SDF01/F014.c|46|style|constVariablePointer|Variable 'note' can be declared as pointer to const,/home/yichen/Desktop/Qwen_SDF_Results01/logs/F014_cppcheck.log
/home/yichen/Desktop/Qwen_SDF01/F014.c,cppcheck,True,success,True,0,14,61,style,constVariablePointer,Variable 'name' can be declared as pointer to const,/home/yichen/Desktop/Qwen_SDF01/F014.c|61|style|constVariablePointer|Variable 'name' can be declared as pointer to const,/home/yichen/Desktop/Qwen_SDF_Results01/logs/F014_cppcheck.log
/home/yichen/Desktop/Qwen_SDF01/F014.c,cppcheck,True,success,True,0,14,62,style,constVariablePointer,Variable 'label' can be declared as pointer to const,/home/yichen/Desktop/Qwen_SDF01/F014.c|62|style|constVariablePointer|Variable 'label' can be declared as pointer to const,/home/yichen/Desktop/Qwen_SDF_Results01/logs/F014_cppcheck.log
/home/yichen/Desktop/Qwen_SDF01/F014.c,cppcheck,True,success,True,0,14,78,style,constVariablePointer,Variable 'name' can be declared as pointer to const,/home/yichen/Desktop/Qwen_SDF01/F014.c|78|style|constVariablePointer|Variable 'name' can be declared as pointer to const,/home/yichen/Desktop/Qwen_SDF_Results01/logs/F014_cppcheck.log
/home/yichen/Desktop/Qwen_SDF01/F014.c,cppcheck,True,success,True,0,14,79,style,constVariablePointer,Variable 'label' can be declared as pointer to const,/home/yichen/Desktop/Qwen_SDF01/F014.c|79|style|constVariablePointer|Variable 'label' can be declared as pointer to const,/home/yichen/Desktop/Qwen_SDF_Results01/logs/F014_cppcheck.log
/home/yichen/Desktop/Qwen_SDF01/F014.c,cppcheck,True,success,True,0,14,96,style,constVariablePointer,Variable 'name' can be declared as pointer to const,/home/yichen/Desktop/Qwen_SDF01/F014.c|96|style|constVariablePointer|Variable 'name' can be declared as pointer to const,/home/yichen/Desktop/Qwen_SDF_Results01/logs/F014_cppcheck.log
/home/yichen/Desktop/Qwen_SDF01/F014.c,cppcheck,True,success,True,0,14,109,style,constVariablePointer,Variable 'name' can be declared as pointer to const,/home/yichen/Desktop/Qwen_SDF01/F014.c|109|style|constVariablePointer|Variable 'name' can be declared as pointer to const,/home/yichen/Desktop/Qwen_SDF_Results01/logs/F014_cppcheck.log
nofile,cppcheck,True,success,True,0,14,0,information,checkersReport,Active checkers: 113/592 (use --checkers-report=<filename> to see details),nofile|0|information|checkersReport|Active checkers: 113/592 (use --checkers-report=<filename> to see details),/home/yichen/Desktop/Qwen_SDF_Results01/logs/F014_cppcheck.log
/home/yichen/Desktop/Qwen_SDF01/F015.c,cppcheck,True,success,True,0,15,2,information,missingIncludeSystem,Include file: <stdio.h> not found. Please note: Cppcheck does not need standard library headers to get proper results.,/home/yichen/Desktop/Qwen_SDF01/F015.c|2|information|missingIncludeSystem|Include file: <stdio.h> not found. Please note: Cppcheck does not need standard library headers to get proper results.,/home/yichen/Desktop/Qwen_SDF_Results01/logs/F015_cppcheck.log
/home/yichen/Desktop/Qwen_SDF01/F015.c,cppcheck,True,success,True,0,15,3,information,missingIncludeSystem,Include file: <stdlib.h> not found. Please note: Cppcheck does not need standard library headers to get proper results.,/home/yichen/Desktop/Qwen_SDF01/F015.c|3|information|missingIncludeSystem|Include file: <stdlib.h> not found. Please note: Cppcheck does not need standard library headers to get proper results.,/home/yichen/Desktop/Qwen_SDF_Results01/logs/F015_cppcheck.log
/home/yichen/Desktop/Qwen_SDF01/F015.c,cppcheck,True,success,True,0,15,4,information,missingIncludeSystem,Include file: <string.h> not found. Please note: Cppcheck does not need standard library headers to get proper results.,/home/yichen/Desktop/Qwen_SDF01/F015.c|4|information|missingIncludeSystem|Include file: <string.h> not found. Please note: Cppcheck does not need standard library headers to get proper results.,/home/yichen/Desktop/Qwen_SDF_Results01/logs/F015_cppcheck.log
/home/yichen/Desktop/Qwen_SDF01/F015.c,cppcheck,True,success,True,0,15,5,information,missingIncludeSystem,Include file: <stdint.h> not found. Please note: Cppcheck does not need standard library headers to get proper results.,/home/yichen/Desktop/Qwen_SDF01/F015.c|5|information|missingIncludeSystem|Include file: <stdint.h> not found. Please note: Cppcheck does not need standard library headers to get proper results.,/home/yichen/Desktop/Qwen_SDF_Results01/logs/F015_cppcheck.log
/home/yichen/Desktop/Qwen_SDF01/F015.c,cppcheck,True,success,True,0,15,39,style,constVariablePointer,Variable 'cmd' can be declared as pointer to const,/home/yichen/Desktop/Qwen_SDF01/F015.c|39|style|constVariablePointer|Variable 'cmd' can be declared as pointer to const,/home/yichen/Desktop/Qwen_SDF_Results01/logs/F015_cppcheck.log
/home/yichen/Desktop/Qwen_SDF01/F015.c,cppcheck,True,success,True,0,15,43,style,constVariablePointer,Variable 'name' can be declared as pointer to const,/home/yichen/Desktop/Qwen_SDF01/F015.c|43|style|constVariablePointer|Variable 'name' can be declared as pointer to const,/home/yichen/Desktop/Qwen_SDF_Results01/logs/F015_cppcheck.log
/home/yichen/Desktop/Qwen_SDF01/F015.c,cppcheck,True,success,True,0,15,44,style,constVariablePointer,Variable 'email' can be declared as pointer to const,/home/yichen/Desktop/Qwen_SDF01/F015.c|44|style|constVariablePointer|Variable 'email' can be declared as pointer to const,/home/yichen/Desktop/Qwen_SDF_Results01/logs/F015_cppcheck.log
/home/yichen/Desktop/Qwen_SDF01/F015.c,cppcheck,True,success,True,0,15,45,style,constVariablePointer,Variable 'phone' can be declared as pointer to const,/home/yichen/Desktop/Qwen_SDF01/F015.c|45|style|constVariablePointer|Variable 'phone' can be declared as pointer to const,/home/yichen/Desktop/Qwen_SDF_Results01/logs/F015_cppcheck.log
/home/yichen/Desktop/Qwen_SDF01/F015.c,cppcheck,True,success,True,0,15,61,style,constVariablePointer,Variable 'name' can be declared as pointer to const,/home/yichen/Desktop/Qwen_SDF01/F015.c|61|style|constVariablePointer|Variable 'name' can be declared as pointer to const,/home/yichen/Desktop/Qwen_SDF_Results01/logs/F015_cppcheck.log
/home/yichen/Desktop/Qwen_SDF01/F015.c,cppcheck,True,success,True,0,15,62,style,constVariablePointer,Variable 'text' can be declared as pointer to const,/home/yichen/Desktop/Qwen_SDF01/F015.c|62|style|constVariablePointer|Variable 'text' can be declared as pointer to const,/home/yichen/Desktop/Qwen_SDF_Results01/logs/F015_cppcheck.log
/home/yichen/Desktop/Qwen_SDF01/F015.c,cppcheck,True,success,True,0,15,73,style,constVariablePointer,Variable 'keep' can be declared as pointer to const,/home/yichen/Desktop/Qwen_SDF01/F015.c|73|style|constVariablePointer|Variable 'keep' can be declared as pointer to const,/home/yichen/Desktop/Qwen_SDF_Results01/logs/F015_cppcheck.log
/home/yichen/Desktop/Qwen_SDF01/F015.c,cppcheck,True,success,True,0,15,74,style,constVariablePointer,Variable 'rem' can be declared as pointer to const,/home/yichen/Desktop/Qwen_SDF01/F015.c|74|style|constVariablePointer|Variable 'rem' can be declared as pointer to const,/home/yichen/Desktop/Qwen_SDF_Results01/logs/F015_cppcheck.log
/home/yichen/Desktop/Qwen_SDF01/F015.c,cppcheck,True,success,True,0,15,100,style,constVariablePointer,Variable 'name' can be declared as pointer to const,/home/yichen/Desktop/Qwen_SDF01/F015.c|100|style|constVariablePointer|Variable 'name' can be declared as pointer to const,/home/yichen/Desktop/Qwen_SDF_Results01/logs/F015_cppcheck.log
/home/yichen/Desktop/Qwen_SDF01/F015.c,cppcheck,True,success,True,0,15,111,style,constVariablePointer,Variable 'name' can be declared as pointer to const,/home/yichen/Desktop/Qwen_SDF01/F015.c|111|style|constVariablePointer|Variable 'name' can be declared as pointer to const,/home/yichen/Desktop/Qwen_SDF_Results01/logs/F015_cppcheck.log
nofile,cppcheck,True,success,True,0,15,0,information,checkersReport,Active checkers: 113/592 (use --checkers-report=<filename> to see details),nofile|0|information|checkersReport|Active checkers: 113/592 (use --checkers-report=<filename> to see details),/home/yichen/Desktop/Qwen_SDF_Results01/logs/F015_cppcheck.log
/home/yichen/Desktop/Qwen_SDF01/F016.c,cppcheck,True,success,True,0,14,2,information,missingIncludeSystem,Include file: <stdio.h> not found. Please note: Cppcheck does not need standard library headers to get proper results.,/home/yichen/Desktop/Qwen_SDF01/F016.c|2|information|missingIncludeSystem|Include file: <stdio.h> not found. Please note: Cppcheck does not need standard library headers to get proper results.,/home/yichen/Desktop/Qwen_SDF_Results01/logs/F016_cppcheck.log
/home/yichen/Desktop/Qwen_SDF01/F016.c,cppcheck,True,success,True,0,14,3,information,missingIncludeSystem,Include file: <stdlib.h> not found. Please note: Cppcheck does not need standard library headers to get proper results.,/home/yichen/Desktop/Qwen_SDF01/F016.c|3|information|missingIncludeSystem|Include file: <stdlib.h> not found. Please note: Cppcheck does not need standard library headers to get proper results.,/home/yichen/Desktop/Qwen_SDF_Results01/logs/F016_cppcheck.log
/home/yichen/Desktop/Qwen_SDF01/F016.c,cppcheck,True,success,True,0,14,4,information,missingIncludeSystem,Include file: <string.h> not found. Please note: Cppcheck does not need standard library headers to get proper results.,/home/yichen/Desktop/Qwen_SDF01/F016.c|4|information|missingIncludeSystem|Include file: <string.h> not found. Please note: Cppcheck does not need standard library headers to get proper results.,/home/yichen/Desktop/Qwen_SDF_Results01/logs/F016_cppcheck.log
/home/yichen/Desktop/Qwen_SDF01/F016.c,cppcheck,True,success,True,0,14,5,information,missingIncludeSystem,Include file: <stdint.h> not found. Please note: Cppcheck does not need standard library headers to get proper results.,/home/yichen/Desktop/Qwen_SDF01/F016.c|5|information|missingIncludeSystem|Include file: <stdint.h> not found. Please note: Cppcheck does not need standard library headers to get proper results.,/home/yichen/Desktop/Qwen_SDF_Results01/logs/F016_cppcheck.log
/home/yichen/Desktop/Qwen_SDF01/F016.c,cppcheck,True,success,True,0,14,33,style,constVariablePointer,Variable 'name' can be declared as pointer to const,/home/yichen/Desktop/Qwen_SDF01/F016.c|33|style|constVariablePointer|Variable 'name' can be declared as pointer to const,/home/yichen/Desktop/Qwen_SDF_Results01/logs/F016_cppcheck.log
/home/yichen/Desktop/Qwen_SDF01/F016.c,cppcheck,True,success,True,0,14,34,style,constVariablePointer,Variable 'email' can be declared as pointer to const,/home/yichen/Desktop/Qwen_SDF01/F016.c|34|style|constVariablePointer|Variable 'email' can be declared as pointer to const,/home/yichen/Desktop/Qwen_SDF_Results01/logs/F016_cppcheck.log
/home/yichen/Desktop/Qwen_SDF01/F016.c,cppcheck,True,success,True,0,14,35,style,constVariablePointer,Variable 'phone' can be declared as pointer to const,/home/yichen/Desktop/Qwen_SDF01/F016.c|35|style|constVariablePointer|Variable 'phone' can be declared as pointer to const,/home/yichen/Desktop/Qwen_SDF_Results01/logs/F016_cppcheck.log
/home/yichen/Desktop/Qwen_SDF01/F016.c,cppcheck,True,success,True,0,14,58,style,constVariablePointer,Variable 'cmd' can be declared as pointer to const,/home/yichen/Desktop/Qwen_SDF01/F016.c|58|style|constVariablePointer|Variable 'cmd' can be declared as pointer to const,/home/yichen/Desktop/Qwen_SDF_Results01/logs/F016_cppcheck.log
/home/yichen/Desktop/Qwen_SDF01/F016.c,cppcheck,True,success,True,0,14,62,style,constVariablePointer,Variable 'name' can be declared as pointer to const,/home/yichen/Desktop/Qwen_SDF01/F016.c|62|style|constVariablePointer|Variable 'name' can be declared as pointer to const,/home/yichen/Desktop/Qwen_SDF_Results01/logs/F016_cppcheck.log
/home/yichen/Desktop/Qwen_SDF01/F016.c,cppcheck,True,success,True,0,14,63,style,constVariablePointer,Variable 'email' can be declared as pointer to const,/home/yichen/Desktop/Qwen_SDF01/F016.c|63|style|constVariablePointer|Variable 'email' can be declared as pointer to const,/home/yichen/Desktop/Qwen_SDF_Results01/logs/F016_cppcheck.log
/home/yichen/Desktop/Qwen_SDF01/F016.c,cppcheck,True,success,True,0,14,64,style,constVariablePointer,Variable 'phone' can be declared as pointer to const,/home/yichen/Desktop/Qwen_SDF01/F016.c|64|style|constVariablePointer|Variable 'phone' can be declared as pointer to const,/home/yichen/Desktop/Qwen_SDF_Results01/logs/F016_cppcheck.log
/home/yichen/Desktop/Qwen_SDF01/F016.c,cppcheck,True,success,True,0,14,79,style,constVariablePointer,Variable 'name' can be declared as pointer to const,/home/yichen/Desktop/Qwen_SDF01/F016.c|79|style|constVariablePointer|Variable 'name' can be declared as pointer to const,/home/yichen/Desktop/Qwen_SDF_Results01/logs/F016_cppcheck.log
/home/yichen/Desktop/Qwen_SDF01/F016.c,cppcheck,True,success,True,0,14,88,style,constVariablePointer,Variable 'name' can be declared as pointer to const,/home/yichen/Desktop/Qwen_SDF01/F016.c|88|style|constVariablePointer|Variable 'name' can be declared as pointer to const,/home/yichen/Desktop/Qwen_SDF_Results01/logs/F016_cppcheck.log
nofile,cppcheck,True,success,True,0,14,0,information,checkersReport,Active checkers: 113/592 (use --checkers-report=<filename> to see details),nofile|0|information|checkersReport|Active checkers: 113/592 (use --checkers-report=<filename> to see details),/home/yichen/Desktop/Qwen_SDF_Results01/logs/F016_cppcheck.log
/home/yichen/Desktop/Qwen_SDF01/F017.c,cppcheck,True,success,True,0,12,2,information,missingIncludeSystem,Include file: <stdio.h> not found. Please note: Cppcheck does not need standard library headers to get proper results.,/home/yichen/Desktop/Qwen_SDF01/F017.c|2|information|missingIncludeSystem|Include file: <stdio.h> not found. Please note: Cppcheck does not need standard library headers to get proper results.,/home/yichen/Desktop/Qwen_SDF_Results01/logs/F017_cppcheck.log
/home/yichen/Desktop/Qwen_SDF01/F017.c,cppcheck,True,success,True,0,12,3,information,missingIncludeSystem,Include file: <stdlib.h> not found. Please note: Cppcheck does not need standard library headers to get proper results.,/home/yichen/Desktop/Qwen_SDF01/F017.c|3|information|missingIncludeSystem|Include file: <stdlib.h> not found. Please note: Cppcheck does not need standard library headers to get proper results.,/home/yichen/Desktop/Qwen_SDF_Results01/logs/F017_cppcheck.log
/home/yichen/Desktop/Qwen_SDF01/F017.c,cppcheck,True,success,True,0,12,4,information,missingIncludeSystem,Include file: <string.h> not found. Please note: Cppcheck does not need standard library headers to get proper results.,/home/yichen/Desktop/Qwen_SDF01/F017.c|4|information|missingIncludeSystem|Include file: <string.h> not found. Please note: Cppcheck does not need standard library headers to get proper results.,/home/yichen/Desktop/Qwen_SDF_Results01/logs/F017_cppcheck.log
/home/yichen/Desktop/Qwen_SDF01/F017.c,cppcheck,True,success,True,0,12,5,information,missingIncludeSystem,Include file: <stdint.h> not found. Please note: Cppcheck does not need standard library headers to get proper results.,/home/yichen/Desktop/Qwen_SDF01/F017.c|5|information|missingIncludeSystem|Include file: <stdint.h> not found. Please note: Cppcheck does not need standard library headers to get proper results.,/home/yichen/Desktop/Qwen_SDF_Results01/logs/F017_cppcheck.log
/home/yichen/Desktop/Qwen_SDF01/F017.c,cppcheck,True,success,True,0,12,30,style,constVariablePointer,Variable 'key' can be declared as pointer to const,/home/yichen/Desktop/Qwen_SDF01/F017.c|30|style|constVariablePointer|Variable 'key' can be declared as pointer to const,/home/yichen/Desktop/Qwen_SDF_Results01/logs/F017_cppcheck.log
/home/yichen/Desktop/Qwen_SDF01/F017.c,cppcheck,True,success,True,0,12,31,style,constVariablePointer,Variable 'val' can be declared as pointer to const,/home/yichen/Desktop/Qwen_SDF01/F017.c|31|style|constVariablePointer|Variable 'val' can be declared as pointer to const,/home/yichen/Desktop/Qwen_SDF_Results01/logs/F017_cppcheck.log
/home/yichen/Desktop/Qwen_SDF01/F017.c,cppcheck,True,success,True,0,12,52,style,constVariablePointer,Variable 'cmd' can be declared as pointer to const,/home/yichen/Desktop/Qwen_SDF01/F017.c|52|style|constVariablePointer|Variable 'cmd' can be declared as pointer to const,/home/yichen/Desktop/Qwen_SDF_Results01/logs/F017_cppcheck.log
/home/yichen/Desktop/Qwen_SDF01/F017.c,cppcheck,True,success,True,0,12,56,style,constVariablePointer,Variable 'key' can be declared as pointer to const,/home/yichen/Desktop/Qwen_SDF01/F017.c|56|style|constVariablePointer|Variable 'key' can be declared as pointer to const,/home/yichen/Desktop/Qwen_SDF_Results01/logs/F017_cppcheck.log
/home/yichen/Desktop/Qwen_SDF01/F017.c,cppcheck,True,success,True,0,12,57,style,constVariablePointer,Variable 'val' can be declared as pointer to const,/home/yichen/Desktop/Qwen_SDF01/F017.c|57|style|constVariablePointer|Variable 'val' can be declared as pointer to const,/home/yichen/Desktop/Qwen_SDF_Results01/logs/F017_cppcheck.log
/home/yichen/Desktop/Qwen_SDF01/F017.c,cppcheck,True,success,True,0,12,78,style,constVariablePointer,Variable 'key' can be declared as pointer to const,/home/yichen/Desktop/Qwen_SDF01/F017.c|78|style|constVariablePointer|Variable 'key' can be declared as pointer to const,/home/yichen/Desktop/Qwen_SDF_Results01/logs/F017_cppcheck.log
/home/yichen/Desktop/Qwen_SDF01/F017.c,cppcheck,True,success,True,0,12,87,style,constVariablePointer,Variable 'key' can be declared as pointer to const,/home/yichen/Desktop/Qwen_SDF01/F017.c|87|style|constVariablePointer|Variable 'key' can be declared as pointer to const,/home/yichen/Desktop/Qwen_SDF_Results01/logs/F017_cppcheck.log
nofile,cppcheck,True,success,True,0,12,0,information,checkersReport,Active checkers: 113/592 (use --checkers-report=<filename> to see details),nofile|0|information|checkersReport|Active checkers: 113/592 (use --checkers-report=<filename> to see details),/home/yichen/Desktop/Qwen_SDF_Results01/logs/F017_cppcheck.log
/home/yichen/Desktop/Qwen_SDF01/F018.c,cppcheck,True,success,True,0,9,2,information,missingIncludeSystem,Include file: <stdio.h> not found. Please note: Cppcheck does not need standard library headers to get proper results.,/home/yichen/Desktop/Qwen_SDF01/F018.c|2|information|missingIncludeSystem|Include file: <stdio.h> not found. Please note: Cppcheck does not need standard library headers to get proper results.,/home/yichen/Desktop/Qwen_SDF_Results01/logs/F018_cppcheck.log
/home/yichen/Desktop/Qwen_SDF01/F018.c,cppcheck,True,success,True,0,9,3,information,missingIncludeSystem,Include file: <stdlib.h> not found. Please note: Cppcheck does not need standard library headers to get proper results.,/home/yichen/Desktop/Qwen_SDF01/F018.c|3|information|missingIncludeSystem|Include file: <stdlib.h> not found. Please note: Cppcheck does not need standard library headers to get proper results.,/home/yichen/Desktop/Qwen_SDF_Results01/logs/F018_cppcheck.log
/home/yichen/Desktop/Qwen_SDF01/F018.c,cppcheck,True,success,True,0,9,4,information,missingIncludeSystem,Include file: <string.h> not found. Please note: Cppcheck does not need standard library headers to get proper results.,/home/yichen/Desktop/Qwen_SDF01/F018.c|4|information|missingIncludeSystem|Include file: <string.h> not found. Please note: Cppcheck does not need standard library headers to get proper results.,/home/yichen/Desktop/Qwen_SDF_Results01/logs/F018_cppcheck.log
/home/yichen/Desktop/Qwen_SDF01/F018.c,cppcheck,True,success,True,0,9,5,information,missingIncludeSystem,Include file: <stdint.h> not found. Please note: Cppcheck does not need standard library headers to get proper results.,/home/yichen/Desktop/Qwen_SDF01/F018.c|5|information|missingIncludeSystem|Include file: <stdint.h> not found. Please note: Cppcheck does not need standard library headers to get proper results.,/home/yichen/Desktop/Qwen_SDF_Results01/logs/F018_cppcheck.log
/home/yichen/Desktop/Qwen_SDF01/F018.c,cppcheck,True,success,True,0,9,60,style,constVariablePointer,Variable 'cmd' can be declared as pointer to const,/home/yichen/Desktop/Qwen_SDF01/F018.c|60|style|constVariablePointer|Variable 'cmd' can be declared as pointer to const,/home/yichen/Desktop/Qwen_SDF_Results01/logs/F018_cppcheck.log
/home/yichen/Desktop/Qwen_SDF01/F018.c,cppcheck,True,success,True,0,9,64,style,constVariablePointer,Variable 'word' can be declared as pointer to const,/home/yichen/Desktop/Qwen_SDF01/F018.c|64|style|constVariablePointer|Variable 'word' can be declared as pointer to const,/home/yichen/Desktop/Qwen_SDF_Results01/logs/F018_cppcheck.log
/home/yichen/Desktop/Qwen_SDF01/F018.c,cppcheck,True,success,True,0,9,82,style,constVariablePointer,Variable 'word' can be declared as pointer to const,/home/yichen/Desktop/Qwen_SDF01/F018.c|82|style|constVariablePointer|Variable 'word' can be declared as pointer to const,/home/yichen/Desktop/Qwen_SDF_Results01/logs/F018_cppcheck.log
/home/yichen/Desktop/Qwen_SDF01/F018.c,cppcheck,True,success,True,0,9,91,style,constVariablePointer,Variable 'word' can be declared as pointer to const,/home/yichen/Desktop/Qwen_SDF01/F018.c|91|style|constVariablePointer|Variable 'word' can be declared as pointer to const,/home/yichen/Desktop/Qwen_SDF_Results01/logs/F018_cppcheck.log
nofile,cppcheck,True,success,True,0,9,0,information,checkersReport,Active checkers: 113/592 (use --checkers-report=<filename> to see details),nofile|0|information|checkersReport|Active checkers: 113/592 (use --checkers-report=<filename> to see details),/home/yichen/Desktop/Qwen_SDF_Results01/logs/F018_cppcheck.log
/home/yichen/Desktop/Qwen_SDF01/F019.c,cppcheck,True,success,True,0,15,2,information,missingIncludeSystem,Include file: <stdio.h> not found. Please note: Cppcheck does not need standard library headers to get proper results.,/home/yichen/Desktop/Qwen_SDF01/F019.c|2|information|missingIncludeSystem|Include file: <stdio.h> not found. Please note: Cppcheck does not need standard library headers to get proper results.,/home/yichen/Desktop/Qwen_SDF_Results01/logs/F019_cppcheck.log
/home/yichen/Desktop/Qwen_SDF01/F019.c,cppcheck,True,success,True,0,15,3,information,missingIncludeSystem,Include file: <stdlib.h> not found. Please note: Cppcheck does not need standard library headers to get proper results.,/home/yichen/Desktop/Qwen_SDF01/F019.c|3|information|missingIncludeSystem|Include file: <stdlib.h> not found. Please note: Cppcheck does not need standard library headers to get proper results.,/home/yichen/Desktop/Qwen_SDF_Results01/logs/F019_cppcheck.log
/home/yichen/Desktop/Qwen_SDF01/F019.c,cppcheck,True,success,True,0,15,4,information,missingIncludeSystem,Include file: <string.h> not found. Please note: Cppcheck does not need standard library headers to get proper results.,/home/yichen/Desktop/Qwen_SDF01/F019.c|4|information|missingIncludeSystem|Include file: <string.h> not found. Please note: Cppcheck does not need standard library headers to get proper results.,/home/yichen/Desktop/Qwen_SDF_Results01/logs/F019_cppcheck.log
/home/yichen/Desktop/Qwen_SDF01/F019.c,cppcheck,True,success,True,0,15,5,information,missingIncludeSystem,Include file: <stdint.h> not found. Please note: Cppcheck does not need standard library headers to get proper results.,/home/yichen/Desktop/Qwen_SDF01/F019.c|5|information|missingIncludeSystem|Include file: <stdint.h> not found. Please note: Cppcheck does not need standard library headers to get proper results.,/home/yichen/Desktop/Qwen_SDF_Results01/logs/F019_cppcheck.log
/home/yichen/Desktop/Qwen_SDF01/F019.c,cppcheck,True,success,True,0,15,33,style,constVariablePointer,Variable 'acc' can be declared as pointer to const,/home/yichen/Desktop/Qwen_SDF01/F019.c|33|style|constVariablePointer|Variable 'acc' can be declared as pointer to const,/home/yichen/Desktop/Qwen_SDF_Results01/logs/F019_cppcheck.log
/home/yichen/Desktop/Qwen_SDF01/F019.c,cppcheck,True,success,True,0,15,34,style,constVariablePointer,Variable 'amt_s' can be declared as pointer to const,/home/yichen/Desktop/Qwen_SDF01/F019.c|34|style|constVariablePointer|Variable 'amt_s' can be declared as pointer to const,/home/yichen/Desktop/Qwen_SDF_Results01/logs/F019_cppcheck.log
/home/yichen/Desktop/Qwen_SDF01/F019.c,cppcheck,True,success,True,0,15,35,style,constVariablePointer,Variable 'memo' can be declared as pointer to const,/home/yichen/Desktop/Qwen_SDF01/F019.c|35|style|constVariablePointer|Variable 'memo' can be declared as pointer to const,/home/yichen/Desktop/Qwen_SDF_Results01/logs/F019_cppcheck.log
/home/yichen/Desktop/Qwen_SDF01/F019.c,cppcheck,True,success,True,0,15,62,style,constVariablePointer,Variable 'cmd' can be declared as pointer to const,/home/yichen/Desktop/Qwen_SDF01/F019.c|62|style|constVariablePointer|Variable 'cmd' can be declared as pointer to const,/home/yichen/Desktop/Qwen_SDF_Results01/logs/F019_cppcheck.log
/home/yichen/Desktop/Qwen_SDF01/F019.c,cppcheck,True,success,True,0,15,66,style,constVariablePointer,Variable 'acc' can be declared as pointer to const,/home/yichen/Desktop/Qwen_SDF01/F019.c|66|style|constVariablePointer|Variable 'acc' can be declared as pointer to const,/home/yichen/Desktop/Qwen_SDF_Results01/logs/F019_cppcheck.log
/home/yichen/Desktop/Qwen_SDF01/F019.c,cppcheck,True,success,True,0,15,67,style,constVariablePointer,Variable 'amt_s' can be declared as pointer to const,/home/yichen/Desktop/Qwen_SDF01/F019.c|67|style|constVariablePointer|Variable 'amt_s' can be declared as pointer to const,/home/yichen/Desktop/Qwen_SDF_Results01/logs/F019_cppcheck.log
/home/yichen/Desktop/Qwen_SDF01/F019.c,cppcheck,True,success,True,0,15,68,style,constVariablePointer,Variable 'memo' can be declared as pointer to const,/home/yichen/Desktop/Qwen_SDF01/F019.c|68|style|constVariablePointer|Variable 'memo' can be declared as pointer to const,/home/yichen/Desktop/Qwen_SDF_Results01/logs/F019_cppcheck.log
/home/yichen/Desktop/Qwen_SDF01/F019.c,cppcheck,True,success,True,0,15,87,style,constVariablePointer,Variable 'acc' can be declared as pointer to const,/home/yichen/Desktop/Qwen_SDF01/F019.c|87|style|constVariablePointer|Variable 'acc' can be declared as pointer to const,/home/yichen/Desktop/Qwen_SDF_Results01/logs/F019_cppcheck.log
/home/yichen/Desktop/Qwen_SDF01/F019.c,cppcheck,True,success,True,0,15,88,style,constVariablePointer,Variable 'amt_s' can be declared as pointer to const,/home/yichen/Desktop/Qwen_SDF01/F019.c|88|style|constVariablePointer|Variable 'amt_s' can be declared as pointer to const,/home/yichen/Desktop/Qwen_SDF_Results01/logs/F019_cppcheck.log
/home/yichen/Desktop/Qwen_SDF01/F019.c,cppcheck,True,success,True,0,15,103,style,constVariablePointer,Variable 'acc' can be declared as pointer to const,/home/yichen/Desktop/Qwen_SDF01/F019.c|103|style|constVariablePointer|Variable 'acc' can be declared as pointer to const,/home/yichen/Desktop/Qwen_SDF_Results01/logs/F019_cppcheck.log
nofile,cppcheck,True,success,True,0,15,0,information,checkersReport,Active checkers: 113/592 (use --checkers-report=<filename> to see details),nofile|0|information|checkersReport|Active checkers: 113/592 (use --checkers-report=<filename> to see details),/home/yichen/Desktop/Qwen_SDF_Results01/logs/F019_cppcheck.log
/home/yichen/Desktop/Qwen_SDF01/F020.c,cppcheck,True,success,True,0,9,2,information,missingIncludeSystem,Include file: <stdio.h> not found. Please note: Cppcheck does not need standard library headers to get proper results.,/home/yichen/Desktop/Qwen_SDF01/F020.c|2|information|missingIncludeSystem|Include file: <stdio.h> not found. Please note: Cppcheck does not need standard library headers to get proper results.,/home/yichen/Desktop/Qwen_SDF_Results01/logs/F020_cppcheck.log
/home/yichen/Desktop/Qwen_SDF01/F020.c,cppcheck,True,success,True,0,9,3,information,missingIncludeSystem,Include file: <stdlib.h> not found. Please note: Cppcheck does not need standard library headers to get proper results.,/home/yichen/Desktop/Qwen_SDF01/F020.c|3|information|missingIncludeSystem|Include file: <stdlib.h> not found. Please note: Cppcheck does not need standard library headers to get proper results.,/home/yichen/Desktop/Qwen_SDF_Results01/logs/F020_cppcheck.log
/home/yichen/Desktop/Qwen_SDF01/F020.c,cppcheck,True,success,True,0,9,4,information,missingIncludeSystem,Include file: <string.h> not found. Please note: Cppcheck does not need standard library headers to get proper results.,/home/yichen/Desktop/Qwen_SDF01/F020.c|4|information|missingIncludeSystem|Include file: <string.h> not found. Please note: Cppcheck does not need standard library headers to get proper results.,/home/yichen/Desktop/Qwen_SDF_Results01/logs/F020_cppcheck.log
/home/yichen/Desktop/Qwen_SDF01/F020.c,cppcheck,True,success,True,0,9,5,information,missingIncludeSystem,Include file: <stdint.h> not found. Please note: Cppcheck does not need standard library headers to get proper results.,/home/yichen/Desktop/Qwen_SDF01/F020.c|5|information|missingIncludeSystem|Include file: <stdint.h> not found. Please note: Cppcheck does not need standard library headers to get proper results.,/home/yichen/Desktop/Qwen_SDF_Results01/logs/F020_cppcheck.log
/home/yichen/Desktop/Qwen_SDF01/F020.c,cppcheck,True,success,True,0,9,60,style,constVariablePointer,Variable 'cmd' can be declared as pointer to const,/home/yichen/Desktop/Qwen_SDF01/F020.c|60|style|constVariablePointer|Variable 'cmd' can be declared as pointer to const,/home/yichen/Desktop/Qwen_SDF_Results01/logs/F020_cppcheck.log
/home/yichen/Desktop/Qwen_SDF01/F020.c,cppcheck,True,success,True,0,9,64,style,constVariablePointer,Variable 'title' can be declared as pointer to const,/home/yichen/Desktop/Qwen_SDF01/F020.c|64|style|constVariablePointer|Variable 'title' can be declared as pointer to const,/home/yichen/Desktop/Qwen_SDF_Results01/logs/F020_cppcheck.log
/home/yichen/Desktop/Qwen_SDF01/F020.c,cppcheck,True,success,True,0,9,73,style,constVariablePointer,Variable 'title' can be declared as pointer to const,/home/yichen/Desktop/Qwen_SDF01/F020.c|73|style|constVariablePointer|Variable 'title' can be declared as pointer to const,/home/yichen/Desktop/Qwen_SDF_Results01/logs/F020_cppcheck.log
/home/yichen/Desktop/Qwen_SDF01/F020.c,cppcheck,True,success,True,0,9,84,style,constVariablePointer,Variable 'title' can be declared as pointer to const,/home/yichen/Desktop/Qwen_SDF01/F020.c|84|style|constVariablePointer|Variable 'title' can be declared as pointer to const,/home/yichen/Desktop/Qwen_SDF_Results01/logs/F020_cppcheck.log
nofile,cppcheck,True,success,True,0,9,0,information,checkersReport,Active checkers: 113/592 (use --checkers-report=<filename> to see details),nofile|0|information|checkersReport|Active checkers: 113/592 (use --checkers-report=<filename> to see details),/home/yichen/Desktop/Qwen_SDF_Results01/logs/F020_cppcheck.log
/home/yichen/Desktop/Qwen_SDF01/F021.c,cppcheck,True,success,True,0,16,2,information,missingIncludeSystem,Include file: <stdio.h> not found. Please note: Cppcheck does not need standard library headers to get proper results.,/home/yichen/Desktop/Qwen_SDF01/F021.c|2|information|missingIncludeSystem|Include file: <stdio.h> not found. Please note: Cppcheck does not need standard library headers to get proper results.,/home/yichen/Desktop/Qwen_SDF_Results01/logs/F021_cppcheck.log
/home/yichen/Desktop/Qwen_SDF01/F021.c,cppcheck,True,success,True,0,16,3,information,missingIncludeSystem,Include file: <stdlib.h> not found. Please note: Cppcheck does not need standard library headers to get proper results.,/home/yichen/Desktop/Qwen_SDF01/F021.c|3|information|missingIncludeSystem|Include file: <stdlib.h> not found. Please note: Cppcheck does not need standard library headers to get proper results.,/home/yichen/Desktop/Qwen_SDF_Results01/logs/F021_cppcheck.log
/home/yichen/Desktop/Qwen_SDF01/F021.c,cppcheck,True,success,True,0,16,4,information,missingIncludeSystem,Include file: <string.h> not found. Please note: Cppcheck does not need standard library headers to get proper results.,/home/yichen/Desktop/Qwen_SDF01/F021.c|4|information|missingIncludeSystem|Include file: <string.h> not found. Please note: Cppcheck does not need standard library headers to get proper results.,/home/yichen/Desktop/Qwen_SDF_Results01/logs/F021_cppcheck.log
/home/yichen/Desktop/Qwen_SDF01/F021.c,cppcheck,True,success,True,0,16,5,information,missingIncludeSystem,Include file: <stdint.h> not found. Please note: Cppcheck does not need standard library headers to get proper results.,/home/yichen/Desktop/Qwen_SDF01/F021.c|5|information|missingIncludeSystem|Include file: <stdint.h> not found. Please note: Cppcheck does not need standard library headers to get proper results.,/home/yichen/Desktop/Qwen_SDF_Results01/logs/F021_cppcheck.log
/home/yichen/Desktop/Qwen_SDF01/F021.c,cppcheck,True,success,True,0,16,39,style,constParameterPointer,Parameter 'l' can be declared as pointer to const,/home/yichen/Desktop/Qwen_SDF01/F021.c|39|style|constParameterPointer|Parameter 'l' can be declared as pointer to const,/home/yichen/Desktop/Qwen_SDF_Results01/logs/F021_cppcheck.log
/home/yichen/Desktop/Qwen_SDF01/F021.c,cppcheck,True,success,True,0,16,44,style,constParameterPointer,Parameter 'l' can be declared as pointer to const,/home/yichen/Desktop/Qwen_SDF01/F021.c|44|style|constParameterPointer|Parameter 'l' can be declared as pointer to const,/home/yichen/Desktop/Qwen_SDF_Results01/logs/F021_cppcheck.log
/home/yichen/Desktop/Qwen_SDF01/F021.c,cppcheck,True,success,True,0,16,55,style,constVariablePointer,Variable 'cmd' can be declared as pointer to const,/home/yichen/Desktop/Qwen_SDF01/F021.c|55|style|constVariablePointer|Variable 'cmd' can be declared as pointer to const,/home/yichen/Desktop/Qwen_SDF_Results01/logs/F021_cppcheck.log
/home/yichen/Desktop/Qwen_SDF01/F021.c,cppcheck,True,success,True,0,16,59,style,constVariablePointer,Variable 'name' can be declared as pointer to const,/home/yichen/Desktop/Qwen_SDF01/F021.c|59|style|constVariablePointer|Variable 'name' can be declared as pointer to const,/home/yichen/Desktop/Qwen_SDF_Results01/logs/F021_cppcheck.log
/home/yichen/Desktop/Qwen_SDF01/F021.c,cppcheck,True,success,True,0,16,75,style,constVariablePointer,Variable 'rname' can be declared as pointer to const,/home/yichen/Desktop/Qwen_SDF01/F021.c|75|style|constVariablePointer|Variable 'rname' can be declared as pointer to const,/home/yichen/Desktop/Qwen_SDF_Results01/logs/F021_cppcheck.log
/home/yichen/Desktop/Qwen_SDF01/F021.c,cppcheck,True,success,True,0,16,76,style,constVariablePointer,Variable 'iname' can be declared as pointer to const,/home/yichen/Desktop/Qwen_SDF01/F021.c|76|style|constVariablePointer|Variable 'iname' can be declared as pointer to const,/home/yichen/Desktop/Qwen_SDF_Results01/logs/F021_cppcheck.log
/home/yichen/Desktop/Qwen_SDF01/F021.c,cppcheck,True,success,True,0,16,77,style,constVariablePointer,Variable 'note' can be declared as pointer to const,/home/yichen/Desktop/Qwen_SDF01/F021.c|77|style|constVariablePointer|Variable 'note' can be declared as pointer to const,/home/yichen/Desktop/Qwen_SDF_Results01/logs/F021_cppcheck.log
/home/yichen/Desktop/Qwen_SDF01/F021.c,cppcheck,True,success,True,0,16,95,style,constVariablePointer,Variable 'rname' can be declared as pointer to const,/home/yichen/Desktop/Qwen_SDF01/F021.c|95|style|constVariablePointer|Variable 'rname' can be declared as pointer to const,/home/yichen/Desktop/Qwen_SDF_Results01/logs/F021_cppcheck.log
/home/yichen/Desktop/Qwen_SDF01/F021.c,cppcheck,True,success,True,0,16,96,style,constVariablePointer,Variable 'iname' can be declared as pointer to const,/home/yichen/Desktop/Qwen_SDF01/F021.c|96|style|constVariablePointer|Variable 'iname' can be declared as pointer to const,/home/yichen/Desktop/Qwen_SDF_Results01/logs/F021_cppcheck.log
/home/yichen/Desktop/Qwen_SDF01/F021.c,cppcheck,True,success,True,0,16,111,style,constVariablePointer,Variable 'name' can be declared as pointer to const,/home/yichen/Desktop/Qwen_SDF01/F021.c|111|style|constVariablePointer|Variable 'name' can be declared as pointer to const,/home/yichen/Desktop/Qwen_SDF_Results01/logs/F021_cppcheck.log
/home/yichen/Desktop/Qwen_SDF01/F021.c,cppcheck,True,success,True,0,16,126,style,constVariablePointer,Variable 'name' can be declared as pointer to const,/home/yichen/Desktop/Qwen_SDF01/F021.c|126|style|constVariablePointer|Variable 'name' can be declared as pointer to const,/home/yichen/Desktop/Qwen_SDF_Results01/logs/F021_cppcheck.log
nofile,cppcheck,True,success,True,0,16,0,information,checkersReport,Active checkers: 113/592 (use --checkers-report=<filename> to see details),nofile|0|information|checkersReport|Active checkers: 113/592 (use --checkers-report=<filename> to see details),/home/yichen/Desktop/Qwen_SDF_Results01/logs/F021_cppcheck.log
/home/yichen/Desktop/Qwen_SDF01/F022.c,cppcheck,True,success,True,0,18,2,information,missingIncludeSystem,Include file: <stdio.h> not found. Please note: Cppcheck does not need standard library headers to get proper results.,/home/yichen/Desktop/Qwen_SDF01/F022.c|2|information|missingIncludeSystem|Include file: <stdio.h> not found. Please note: Cppcheck does not need standard library headers to get proper results.,/home/yichen/Desktop/Qwen_SDF_Results01/logs/F022_cppcheck.log
/home/yichen/Desktop/Qwen_SDF01/F022.c,cppcheck,True,success,True,0,18,3,information,missingIncludeSystem,Include file: <stdlib.h> not found. Please note: Cppcheck does not need standard library headers to get proper results.,/home/yichen/Desktop/Qwen_SDF01/F022.c|3|information|missingIncludeSystem|Include file: <stdlib.h> not found. Please note: Cppcheck does not need standard library headers to get proper results.,/home/yichen/Desktop/Qwen_SDF_Results01/logs/F022_cppcheck.log
/home/yichen/Desktop/Qwen_SDF01/F022.c,cppcheck,True,success,True,0,18,4,information,missingIncludeSystem,Include file: <string.h> not found. Please note: Cppcheck does not need standard library headers to get proper results.,/home/yichen/Desktop/Qwen_SDF01/F022.c|4|information|missingIncludeSystem|Include file: <string.h> not found. Please note: Cppcheck does not need standard library headers to get proper results.,/home/yichen/Desktop/Qwen_SDF_Results01/logs/F022_cppcheck.log
/home/yichen/Desktop/Qwen_SDF01/F022.c,cppcheck,True,success,True,0,18,5,information,missingIncludeSystem,Include file: <stdint.h> not found. Please note: Cppcheck does not need standard library headers to get proper results.,/home/yichen/Desktop/Qwen_SDF01/F022.c|5|information|missingIncludeSystem|Include file: <stdint.h> not found. Please note: Cppcheck does not need standard library headers to get proper results.,/home/yichen/Desktop/Qwen_SDF_Results01/logs/F022_cppcheck.log
/home/yichen/Desktop/Qwen_SDF01/F022.c,cppcheck,True,success,True,0,18,39,style,constParameterPointer,Parameter 'l' can be declared as pointer to const,/home/yichen/Desktop/Qwen_SDF01/F022.c|39|style|constParameterPointer|Parameter 'l' can be declared as pointer to const,/home/yichen/Desktop/Qwen_SDF_Results01/logs/F022_cppcheck.log
/home/yichen/Desktop/Qwen_SDF01/F022.c,cppcheck,True,success,True,0,18,44,style,constParameterPointer,Parameter 'l' can be declared as pointer to const,/home/yichen/Desktop/Qwen_SDF01/F022.c|44|style|constParameterPointer|Parameter 'l' can be declared as pointer to const,/home/yichen/Desktop/Qwen_SDF_Results01/logs/F022_cppcheck.log
/home/yichen/Desktop/Qwen_SDF01/F022.c,cppcheck,True,success,True,0,18,55,style,constVariablePointer,Variable 'cmd' can be declared as pointer to const,/home/yichen/Desktop/Qwen_SDF01/F022.c|55|style|constVariablePointer|Variable 'cmd' can be declared as pointer to const,/home/yichen/Desktop/Qwen_SDF_Results01/logs/F022_cppcheck.log
/home/yichen/Desktop/Qwen_SDF01/F022.c,cppcheck,True,success,True,0,18,59,style,constVariablePointer,Variable 'name' can be declared as pointer to const,/home/yichen/Desktop/Qwen_SDF01/F022.c|59|style|constVariablePointer|Variable 'name' can be declared as pointer to const,/home/yichen/Desktop/Qwen_SDF_Results01/logs/F022_cppcheck.log
/home/yichen/Desktop/Qwen_SDF01/F022.c,cppcheck,True,success,True,0,18,75,style,constVariablePointer,Variable 'pname' can be declared as pointer to const,/home/yichen/Desktop/Qwen_SDF01/F022.c|75|style|constVariablePointer|Variable 'pname' can be declared as pointer to const,/home/yichen/Desktop/Qwen_SDF_Results01/logs/F022_cppcheck.log
/home/yichen/Desktop/Qwen_SDF01/F022.c,cppcheck,True,success,True,0,18,76,style,constVariablePointer,Variable 'title' can be declared as pointer to const,/home/yichen/Desktop/Qwen_SDF01/F022.c|76|style|constVariablePointer|Variable 'title' can be declared as pointer to const,/home/yichen/Desktop/Qwen_SDF_Results01/logs/F022_cppcheck.log
/home/yichen/Desktop/Qwen_SDF01/F022.c,cppcheck,True,success,True,0,18,77,style,constVariablePointer,Variable 'note' can be declared as pointer to const,/home/yichen/Desktop/Qwen_SDF01/F022.c|77|style|constVariablePointer|Variable 'note' can be declared as pointer to const,/home/yichen/Desktop/Qwen_SDF_Results01/logs/F022_cppcheck.log
/home/yichen/Desktop/Qwen_SDF01/F022.c,cppcheck,True,success,True,0,18,96,style,constVariablePointer,Variable 'from' can be declared as pointer to const,/home/yichen/Desktop/Qwen_SDF01/F022.c|96|style|constVariablePointer|Variable 'from' can be declared as pointer to const,/home/yichen/Desktop/Qwen_SDF_Results01/logs/F022_cppcheck.log
/home/yichen/Desktop/Qwen_SDF01/F022.c,cppcheck,True,success,True,0,18,97,style,constVariablePointer,Variable 'to' can be declared as pointer to const,/home/yichen/Desktop/Qwen_SDF01/F022.c|97|style|constVariablePointer|Variable 'to' can be declared as pointer to const,/home/yichen/Desktop/Qwen_SDF_Results01/logs/F022_cppcheck.log
/home/yichen/Desktop/Qwen_SDF01/F022.c,cppcheck,True,success,True,0,18,98,style,constVariablePointer,Variable 'title' can be declared as pointer to const,/home/yichen/Desktop/Qwen_SDF01/F022.c|98|style|constVariablePointer|Variable 'title' can be declared as pointer to const,/home/yichen/Desktop/Qwen_SDF_Results01/logs/F022_cppcheck.log
/home/yichen/Desktop/Qwen_SDF01/F022.c,cppcheck,True,success,True,0,18,121,style,constVariablePointer,Variable 'pname' can be declared as pointer to const,/home/yichen/Desktop/Qwen_SDF01/F022.c|121|style|constVariablePointer|Variable 'pname' can be declared as pointer to const,/home/yichen/Desktop/Qwen_SDF_Results01/logs/F022_cppcheck.log
/home/yichen/Desktop/Qwen_SDF01/F022.c,cppcheck,True,success,True,0,18,122,style,constVariablePointer,Variable 'title' can be declared as pointer to const,/home/yichen/Desktop/Qwen_SDF01/F022.c|122|style|constVariablePointer|Variable 'title' can be declared as pointer to const,/home/yichen/Desktop/Qwen_SDF_Results01/logs/F022_cppcheck.log
/home/yichen/Desktop/Qwen_SDF01/F022.c,cppcheck,True,success,True,0,18,131,style,constVariablePointer,Variable 'name' can be declared as pointer to const,/home/yichen/Desktop/Qwen_SDF01/F022.c|131|style|constVariablePointer|Variable 'name' can be declared as pointer to const,/home/yichen/Desktop/Qwen_SDF_Results01/logs/F022_cppcheck.log
nofile,cppcheck,True,success,True,0,18,0,information,checkersReport,Active checkers: 113/592 (use --checkers-report=<filename> to see details),nofile|0|information|checkersReport|Active checkers: 113/592 (use --checkers-report=<filename> to see details),/home/yichen/Desktop/Qwen_SDF_Results01/logs/F022_cppcheck.log
/home/yichen/Desktop/Qwen_SDF01/F023.c,cppcheck,True,success,True,0,17,2,information,missingIncludeSystem,Include file: <stdio.h> not found. Please note: Cppcheck does not need standard library headers to get proper results.,/home/yichen/Desktop/Qwen_SDF01/F023.c|2|information|missingIncludeSystem|Include file: <stdio.h> not found. Please note: Cppcheck does not need standard library headers to get proper results.,/home/yichen/Desktop/Qwen_SDF_Results01/logs/F023_cppcheck.log
/home/yichen/Desktop/Qwen_SDF01/F023.c,cppcheck,True,success,True,0,17,3,information,missingIncludeSystem,Include file: <stdlib.h> not found. Please note: Cppcheck does not need standard library headers to get proper results.,/home/yichen/Desktop/Qwen_SDF01/F023.c|3|information|missingIncludeSystem|Include file: <stdlib.h> not found. Please note: Cppcheck does not need standard library headers to get proper results.,/home/yichen/Desktop/Qwen_SDF_Results01/logs/F023_cppcheck.log
/home/yichen/Desktop/Qwen_SDF01/F023.c,cppcheck,True,success,True,0,17,4,information,missingIncludeSystem,Include file: <string.h> not found. Please note: Cppcheck does not need standard library headers to get proper results.,/home/yichen/Desktop/Qwen_SDF01/F023.c|4|information|missingIncludeSystem|Include file: <string.h> not found. Please note: Cppcheck does not need standard library headers to get proper results.,/home/yichen/Desktop/Qwen_SDF_Results01/logs/F023_cppcheck.log
/home/yichen/Desktop/Qwen_SDF01/F023.c,cppcheck,True,success,True,0,17,5,information,missingIncludeSystem,Include file: <stdint.h> not found. Please note: Cppcheck does not need standard library headers to get proper results.,/home/yichen/Desktop/Qwen_SDF01/F023.c|5|information|missingIncludeSystem|Include file: <stdint.h> not found. Please note: Cppcheck does not need standard library headers to get proper results.,/home/yichen/Desktop/Qwen_SDF_Results01/logs/F023_cppcheck.log
/home/yichen/Desktop/Qwen_SDF01/F023.c,cppcheck,True,success,True,0,17,39,style,constParameterPointer,Parameter 'l' can be declared as pointer to const,/home/yichen/Desktop/Qwen_SDF01/F023.c|39|style|constParameterPointer|Parameter 'l' can be declared as pointer to const,/home/yichen/Desktop/Qwen_SDF_Results01/logs/F023_cppcheck.log
/home/yichen/Desktop/Qwen_SDF01/F023.c,cppcheck,True,success,True,0,17,44,style,constParameterPointer,Parameter 'l' can be declared as pointer to const,/home/yichen/Desktop/Qwen_SDF01/F023.c|44|style|constParameterPointer|Parameter 'l' can be declared as pointer to const,/home/yichen/Desktop/Qwen_SDF_Results01/logs/F023_cppcheck.log
/home/yichen/Desktop/Qwen_SDF01/F023.c,cppcheck,True,success,True,0,17,55,style,constVariablePointer,Variable 'cmd' can be declared as pointer to const,/home/yichen/Desktop/Qwen_SDF01/F023.c|55|style|constVariablePointer|Variable 'cmd' can be declared as pointer to const,/home/yichen/Desktop/Qwen_SDF_Results01/logs/F023_cppcheck.log
/home/yichen/Desktop/Qwen_SDF01/F023.c,cppcheck,True,success,True,0,17,59,style,constVariablePointer,Variable 'sender' can be declared as pointer to const,/home/yichen/Desktop/Qwen_SDF01/F023.c|59|style|constVariablePointer|Variable 'sender' can be declared as pointer to const,/home/yichen/Desktop/Qwen_SDF_Results01/logs/F023_cppcheck.log
/home/yichen/Desktop/Qwen_SDF01/F023.c,cppcheck,True,success,True,0,17,60,style,constVariablePointer,Variable 'subject' can be declared as pointer to const,/home/yichen/Desktop/Qwen_SDF01/F023.c|60|style|constVariablePointer|Variable 'subject' can be declared as pointer to const,/home/yichen/Desktop/Qwen_SDF_Results01/logs/F023_cppcheck.log
/home/yichen/Desktop/Qwen_SDF01/F023.c,cppcheck,True,success,True,0,17,61,style,constVariablePointer,Variable 'body' can be declared as pointer to const,/home/yichen/Desktop/Qwen_SDF01/F023.c|61|style|constVariablePointer|Variable 'body' can be declared as pointer to const,/home/yichen/Desktop/Qwen_SDF_Results01/logs/F023_cppcheck.log
/home/yichen/Desktop/Qwen_SDF01/F023.c,cppcheck,True,success,True,0,17,79,style,constVariablePointer,Variable 'sub' can be declared as pointer to const,/home/yichen/Desktop/Qwen_SDF01/F023.c|79|style|constVariablePointer|Variable 'sub' can be declared as pointer to const,/home/yichen/Desktop/Qwen_SDF_Results01/logs/F023_cppcheck.log
/home/yichen/Desktop/Qwen_SDF01/F023.c,cppcheck,True,success,True,0,17,80,style,constVariablePointer,Variable 'tag' can be declared as pointer to const,/home/yichen/Desktop/Qwen_SDF01/F023.c|80|style|constVariablePointer|Variable 'tag' can be declared as pointer to const,/home/yichen/Desktop/Qwen_SDF_Results01/logs/F023_cppcheck.log
/home/yichen/Desktop/Qwen_SDF01/F023.c,cppcheck,True,success,True,0,17,98,style,constVariablePointer,Variable 'sub' can be declared as pointer to const,/home/yichen/Desktop/Qwen_SDF01/F023.c|98|style|constVariablePointer|Variable 'sub' can be declared as pointer to const,/home/yichen/Desktop/Qwen_SDF_Results01/logs/F023_cppcheck.log
/home/yichen/Desktop/Qwen_SDF01/F023.c,cppcheck,True,success,True,0,17,99,style,constVariablePointer,Variable 'tag' can be declared as pointer to const,/home/yichen/Desktop/Qwen_SDF01/F023.c|99|style|constVariablePointer|Variable 'tag' can be declared as pointer to const,/home/yichen/Desktop/Qwen_SDF_Results01/logs/F023_cppcheck.log
/home/yichen/Desktop/Qwen_SDF01/F023.c,cppcheck,True,success,True,0,17,113,style,constVariablePointer,Variable 'sub' can be declared as pointer to const,/home/yichen/Desktop/Qwen_SDF01/F023.c|113|style|constVariablePointer|Variable 'sub' can be declared as pointer to const,/home/yichen/Desktop/Qwen_SDF_Results01/logs/F023_cppcheck.log
/home/yichen/Desktop/Qwen_SDF01/F023.c,cppcheck,True,success,True,0,17,127,style,constVariablePointer,Variable 'tag' can be declared as pointer to const,/home/yichen/Desktop/Qwen_SDF01/F023.c|127|style|constVariablePointer|Variable 'tag' can be declared as pointer to const,/home/yichen/Desktop/Qwen_SDF_Results01/logs/F023_cppcheck.log
nofile,cppcheck,True,success,True,0,17,0,information,checkersReport,Active checkers: 113/592 (use --checkers-report=<filename> to see details),nofile|0|information|checkersReport|Active checkers: 113/592 (use --checkers-report=<filename> to see details),/home/yichen/Desktop/Qwen_SDF_Results01/logs/F023_cppcheck.log
/home/yichen/Desktop/Qwen_SDF01/F024.c,cppcheck,True,success,True,0,16,2,information,missingIncludeSystem,Include file: <stdio.h> not found. Please note: Cppcheck does not need standard library headers to get proper results.,/home/yichen/Desktop/Qwen_SDF01/F024.c|2|information|missingIncludeSystem|Include file: <stdio.h> not found. Please note: Cppcheck does not need standard library headers to get proper results.,/home/yichen/Desktop/Qwen_SDF_Results01/logs/F024_cppcheck.log
/home/yichen/Desktop/Qwen_SDF01/F024.c,cppcheck,True,success,True,0,16,3,information,missingIncludeSystem,Include file: <stdlib.h> not found. Please note: Cppcheck does not need standard library headers to get proper results.,/home/yichen/Desktop/Qwen_SDF01/F024.c|3|information|missingIncludeSystem|Include file: <stdlib.h> not found. Please note: Cppcheck does not need standard library headers to get proper results.,/home/yichen/Desktop/Qwen_SDF_Results01/logs/F024_cppcheck.log
/home/yichen/Desktop/Qwen_SDF01/F024.c,cppcheck,True,success,True,0,16,4,information,missingIncludeSystem,Include file: <string.h> not found. Please note: Cppcheck does not need standard library headers to get proper results.,/home/yichen/Desktop/Qwen_SDF01/F024.c|4|information|missingIncludeSystem|Include file: <string.h> not found. Please note: Cppcheck does not need standard library headers to get proper results.,/home/yichen/Desktop/Qwen_SDF_Results01/logs/F024_cppcheck.log
/home/yichen/Desktop/Qwen_SDF01/F024.c,cppcheck,True,success,True,0,16,5,information,missingIncludeSystem,Include file: <stdint.h> not found. Please note: Cppcheck does not need standard library headers to get proper results.,/home/yichen/Desktop/Qwen_SDF01/F024.c|5|information|missingIncludeSystem|Include file: <stdint.h> not found. Please note: Cppcheck does not need standard library headers to get proper results.,/home/yichen/Desktop/Qwen_SDF_Results01/logs/F024_cppcheck.log
/home/yichen/Desktop/Qwen_SDF01/F024.c,cppcheck,True,success,True,0,16,34,style,constParameterPointer,Parameter 'l' can be declared as pointer to const,/home/yichen/Desktop/Qwen_SDF01/F024.c|34|style|constParameterPointer|Parameter 'l' can be declared as pointer to const,/home/yichen/Desktop/Qwen_SDF_Results01/logs/F024_cppcheck.log
/home/yichen/Desktop/Qwen_SDF01/F024.c,cppcheck,True,success,True,0,16,39,style,constParameterPointer,Parameter 'l' can be declared as pointer to const,/home/yichen/Desktop/Qwen_SDF01/F024.c|39|style|constParameterPointer|Parameter 'l' can be declared as pointer to const,/home/yichen/Desktop/Qwen_SDF_Results01/logs/F024_cppcheck.log
/home/yichen/Desktop/Qwen_SDF01/F024.c,cppcheck,True,success,True,0,16,50,style,constVariablePointer,Variable 'cmd' can be declared as pointer to const,/home/yichen/Desktop/Qwen_SDF01/F024.c|50|style|constVariablePointer|Variable 'cmd' can be declared as pointer to const,/home/yichen/Desktop/Qwen_SDF_Results01/logs/F024_cppcheck.log
/home/yichen/Desktop/Qwen_SDF01/F024.c,cppcheck,True,success,True,0,16,54,style,constVariablePointer,Variable 'title' can be declared as pointer to const,/home/yichen/Desktop/Qwen_SDF01/F024.c|54|style|constVariablePointer|Variable 'title' can be declared as pointer to const,/home/yichen/Desktop/Qwen_SDF_Results01/logs/F024_cppcheck.log
/home/yichen/Desktop/Qwen_SDF01/F024.c,cppcheck,True,success,True,0,16,55,style,constVariablePointer,Variable 'year_s' can be declared as pointer to const,/home/yichen/Desktop/Qwen_SDF01/F024.c|55|style|constVariablePointer|Variable 'year_s' can be declared as pointer to const,/home/yichen/Desktop/Qwen_SDF_Results01/logs/F024_cppcheck.log
/home/yichen/Desktop/Qwen_SDF01/F024.c,cppcheck,True,success,True,0,16,75,style,constVariablePointer,Variable 'title' can be declared as pointer to const,/home/yichen/Desktop/Qwen_SDF01/F024.c|75|style|constVariablePointer|Variable 'title' can be declared as pointer to const,/home/yichen/Desktop/Qwen_SDF_Results01/logs/F024_cppcheck.log
/home/yichen/Desktop/Qwen_SDF01/F024.c,cppcheck,True,success,True,0,16,76,style,constVariablePointer,Variable 'name' can be declared as pointer to const,/home/yichen/Desktop/Qwen_SDF01/F024.c|76|style|constVariablePointer|Variable 'name' can be declared as pointer to const,/home/yichen/Desktop/Qwen_SDF_Results01/logs/F024_cppcheck.log
/home/yichen/Desktop/Qwen_SDF01/F024.c,cppcheck,True,success,True,0,16,94,style,constVariablePointer,Variable 'title' can be declared as pointer to const,/home/yichen/Desktop/Qwen_SDF01/F024.c|94|style|constVariablePointer|Variable 'title' can be declared as pointer to const,/home/yichen/Desktop/Qwen_SDF_Results01/logs/F024_cppcheck.log
/home/yichen/Desktop/Qwen_SDF01/F024.c,cppcheck,True,success,True,0,16,95,style,constVariablePointer,Variable 'name' can be declared as pointer to const,/home/yichen/Desktop/Qwen_SDF01/F024.c|95|style|constVariablePointer|Variable 'name' can be declared as pointer to const,/home/yichen/Desktop/Qwen_SDF_Results01/logs/F024_cppcheck.log
/home/yichen/Desktop/Qwen_SDF01/F024.c,cppcheck,True,success,True,0,16,109,style,constVariablePointer,Variable 'title' can be declared as pointer to const,/home/yichen/Desktop/Qwen_SDF01/F024.c|109|style|constVariablePointer|Variable 'title' can be declared as pointer to const,/home/yichen/Desktop/Qwen_SDF_Results01/logs/F024_cppcheck.log
/home/yichen/Desktop/Qwen_SDF01/F024.c,cppcheck,True,success,True,0,16,121,style,constVariablePointer,Variable 'title' can be declared as pointer to const,/home/yichen/Desktop/Qwen_SDF01/F024.c|121|style|constVariablePointer|Variable 'title' can be declared as pointer to const,/home/yichen/Desktop/Qwen_SDF_Results01/logs/F024_cppcheck.log
nofile,cppcheck,True,success,True,0,16,0,information,checkersReport,Active checkers: 113/592 (use --checkers-report=<filename> to see details),nofile|0|information|checkersReport|Active checkers: 113/592 (use --checkers-report=<filename> to see details),/home/yichen/Desktop/Qwen_SDF_Results01/logs/F024_cppcheck.log
/home/yichen/Desktop/Qwen_SDF01/F025.c,cppcheck,True,success,True,0,18,2,information,missingIncludeSystem,Include file: <stdio.h> not found. Please note: Cppcheck does not need standard library headers to get proper results.,/home/yichen/Desktop/Qwen_SDF01/F025.c|2|information|missingIncludeSystem|Include file: <stdio.h> not found. Please note: Cppcheck does not need standard library headers to get proper results.,/home/yichen/Desktop/Qwen_SDF_Results01/logs/F025_cppcheck.log
/home/yichen/Desktop/Qwen_SDF01/F025.c,cppcheck,True,success,True,0,18,3,information,missingIncludeSystem,Include file: <stdlib.h> not found. Please note: Cppcheck does not need standard library headers to get proper results.,/home/yichen/Desktop/Qwen_SDF01/F025.c|3|information|missingIncludeSystem|Include file: <stdlib.h> not found. Please note: Cppcheck does not need standard library headers to get proper results.,/home/yichen/Desktop/Qwen_SDF_Results01/logs/F025_cppcheck.log
/home/yichen/Desktop/Qwen_SDF01/F025.c,cppcheck,True,success,True,0,18,4,information,missingIncludeSystem,Include file: <string.h> not found. Please note: Cppcheck does not need standard library headers to get proper results.,/home/yichen/Desktop/Qwen_SDF01/F025.c|4|information|missingIncludeSystem|Include file: <string.h> not found. Please note: Cppcheck does not need standard library headers to get proper results.,/home/yichen/Desktop/Qwen_SDF_Results01/logs/F025_cppcheck.log
/home/yichen/Desktop/Qwen_SDF01/F025.c,cppcheck,True,success,True,0,18,5,information,missingIncludeSystem,Include file: <stdint.h> not found. Please note: Cppcheck does not need standard library headers to get proper results.,/home/yichen/Desktop/Qwen_SDF01/F025.c|5|information|missingIncludeSystem|Include file: <stdint.h> not found. Please note: Cppcheck does not need standard library headers to get proper results.,/home/yichen/Desktop/Qwen_SDF_Results01/logs/F025_cppcheck.log
/home/yichen/Desktop/Qwen_SDF01/F025.c,cppcheck,True,success,True,0,18,39,style,constParameterPointer,Parameter 'l' can be declared as pointer to const,/home/yichen/Desktop/Qwen_SDF01/F025.c|39|style|constParameterPointer|Parameter 'l' can be declared as pointer to const,/home/yichen/Desktop/Qwen_SDF_Results01/logs/F025_cppcheck.log
/home/yichen/Desktop/Qwen_SDF01/F025.c,cppcheck,True,success,True,0,18,44,style,constParameterPointer,Parameter 'l' can be declared as pointer to const,/home/yichen/Desktop/Qwen_SDF01/F025.c|44|style|constParameterPointer|Parameter 'l' can be declared as pointer to const,/home/yichen/Desktop/Qwen_SDF_Results01/logs/F025_cppcheck.log
/home/yichen/Desktop/Qwen_SDF01/F025.c,cppcheck,True,success,True,0,18,55,style,constVariablePointer,Variable 'cmd' can be declared as pointer to const,/home/yichen/Desktop/Qwen_SDF01/F025.c|55|style|constVariablePointer|Variable 'cmd' can be declared as pointer to const,/home/yichen/Desktop/Qwen_SDF_Results01/logs/F025_cppcheck.log
/home/yichen/Desktop/Qwen_SDF01/F025.c,cppcheck,True,success,True,0,18,59,style,constVariablePointer,Variable 'name' can be declared as pointer to const,/home/yichen/Desktop/Qwen_SDF01/F025.c|59|style|constVariablePointer|Variable 'name' can be declared as pointer to const,/home/yichen/Desktop/Qwen_SDF_Results01/logs/F025_cppcheck.log
/home/yichen/Desktop/Qwen_SDF01/F025.c,cppcheck,True,success,True,0,18,75,style,constVariablePointer,Variable 'cname' can be declared as pointer to const,/home/yichen/Desktop/Qwen_SDF01/F025.c|75|style|constVariablePointer|Variable 'cname' can be declared as pointer to const,/home/yichen/Desktop/Qwen_SDF_Results01/logs/F025_cppcheck.log
/home/yichen/Desktop/Qwen_SDF01/F025.c,cppcheck,True,success,True,0,18,76,style,constVariablePointer,Variable 'sname' can be declared as pointer to const,/home/yichen/Desktop/Qwen_SDF01/F025.c|76|style|constVariablePointer|Variable 'sname' can be declared as pointer to const,/home/yichen/Desktop/Qwen_SDF_Results01/logs/F025_cppcheck.log
/home/yichen/Desktop/Qwen_SDF01/F025.c,cppcheck,True,success,True,0,18,77,style,constVariablePointer,Variable 'note' can be declared as pointer to const,/home/yichen/Desktop/Qwen_SDF01/F025.c|77|style|constVariablePointer|Variable 'note' can be declared as pointer to const,/home/yichen/Desktop/Qwen_SDF_Results01/logs/F025_cppcheck.log
/home/yichen/Desktop/Qwen_SDF01/F025.c,cppcheck,True,success,True,0,18,95,style,constVariablePointer,Variable 'from' can be declared as pointer to const,/home/yichen/Desktop/Qwen_SDF01/F025.c|95|style|constVariablePointer|Variable 'from' can be declared as pointer to const,/home/yichen/Desktop/Qwen_SDF_Results01/logs/F025_cppcheck.log
/home/yichen/Desktop/Qwen_SDF01/F025.c,cppcheck,True,success,True,0,18,96,style,constVariablePointer,Variable 'to' can be declared as pointer to const,/home/yichen/Desktop/Qwen_SDF01/F025.c|96|style|constVariablePointer|Variable 'to' can be declared as pointer to const,/home/yichen/Desktop/Qwen_SDF_Results01/logs/F025_cppcheck.log
/home/yichen/Desktop/Qwen_SDF01/F025.c,cppcheck,True,success,True,0,18,97,style,constVariablePointer,Variable 'sname' can be declared as pointer to const,/home/yichen/Desktop/Qwen_SDF01/F025.c|97|style|constVariablePointer|Variable 'sname' can be declared as pointer to const,/home/yichen/Desktop/Qwen_SDF_Results01/logs/F025_cppcheck.log
/home/yichen/Desktop/Qwen_SDF01/F025.c,cppcheck,True,success,True,0,18,120,style,constVariablePointer,Variable 'cname' can be declared as pointer to const,/home/yichen/Desktop/Qwen_SDF01/F025.c|120|style|constVariablePointer|Variable 'cname' can be declared as pointer to const,/home/yichen/Desktop/Qwen_SDF_Results01/logs/F025_cppcheck.log
/home/yichen/Desktop/Qwen_SDF01/F025.c,cppcheck,True,success,True,0,18,121,style,constVariablePointer,Variable 'sname' can be declared as pointer to const,/home/yichen/Desktop/Qwen_SDF01/F025.c|121|style|constVariablePointer|Variable 'sname' can be declared as pointer to const,/home/yichen/Desktop/Qwen_SDF_Results01/logs/F025_cppcheck.log
/home/yichen/Desktop/Qwen_SDF01/F025.c,cppcheck,True,success,True,0,18,136,style,constVariablePointer,Variable 'cname' can be declared as pointer to const,/home/yichen/Desktop/Qwen_SDF01/F025.c|136|style|constVariablePointer|Variable 'cname' can be declared as pointer to const,/home/yichen/Desktop/Qwen_SDF_Results01/logs/F025_cppcheck.log
nofile,cppcheck,True,success,True,0,18,0,information,checkersReport,Active checkers: 113/592 (use --checkers-report=<filename> to see details),nofile|0|information|checkersReport|Active checkers: 113/592 (use --checkers-report=<filename> to see details),/home/yichen/Desktop/Qwen_SDF_Results01/logs/F025_cppcheck.log
/home/yichen/Desktop/Qwen_SDF01/F026.c,cppcheck,True,success,True,0,11,2,information,missingIncludeSystem,Include file: <stdio.h> not found. Please note: Cppcheck does not need standard library headers to get proper results.,/home/yichen/Desktop/Qwen_SDF01/F026.c|2|information|missingIncludeSystem|Include file: <stdio.h> not found. Please note: Cppcheck does not need standard library headers to get proper results.,/home/yichen/Desktop/Qwen_SDF_Results01/logs/F026_cppcheck.log
/home/yichen/Desktop/Qwen_SDF01/F026.c,cppcheck,True,success,True,0,11,3,information,missingIncludeSystem,Include file: <stdlib.h> not found. Please note: Cppcheck does not need standard library headers to get proper results.,/home/yichen/Desktop/Qwen_SDF01/F026.c|3|information|missingIncludeSystem|Include file: <stdlib.h> not found. Please note: Cppcheck does not need standard library headers to get proper results.,/home/yichen/Desktop/Qwen_SDF_Results01/logs/F026_cppcheck.log
/home/yichen/Desktop/Qwen_SDF01/F026.c,cppcheck,True,success,True,0,11,4,information,missingIncludeSystem,Include file: <string.h> not found. Please note: Cppcheck does not need standard library headers to get proper results.,/home/yichen/Desktop/Qwen_SDF01/F026.c|4|information|missingIncludeSystem|Include file: <string.h> not found. Please note: Cppcheck does not need standard library headers to get proper results.,/home/yichen/Desktop/Qwen_SDF_Results01/logs/F026_cppcheck.log
/home/yichen/Desktop/Qwen_SDF01/F026.c,cppcheck,True,success,True,0,11,5,information,missingIncludeSystem,Include file: <stdint.h> not found. Please note: Cppcheck does not need standard library headers to get proper results.,/home/yichen/Desktop/Qwen_SDF01/F026.c|5|information|missingIncludeSystem|Include file: <stdint.h> not found. Please note: Cppcheck does not need standard library headers to get proper results.,/home/yichen/Desktop/Qwen_SDF_Results01/logs/F026_cppcheck.log
/home/yichen/Desktop/Qwen_SDF01/F026.c,cppcheck,True,success,True,0,11,43,style,constVariablePointer,Variable 'cmd' can be declared as pointer to const,/home/yichen/Desktop/Qwen_SDF01/F026.c|43|style|constVariablePointer|Variable 'cmd' can be declared as pointer to const,/home/yichen/Desktop/Qwen_SDF_Results01/logs/F026_cppcheck.log
/home/yichen/Desktop/Qwen_SDF01/F026.c,cppcheck,True,success,True,0,11,47,style,constVariablePointer,Variable 'cat' can be declared as pointer to const,/home/yichen/Desktop/Qwen_SDF01/F026.c|47|style|constVariablePointer|Variable 'cat' can be declared as pointer to const,/home/yichen/Desktop/Qwen_SDF_Results01/logs/F026_cppcheck.log
/home/yichen/Desktop/Qwen_SDF01/F026.c,cppcheck,True,success,True,0,11,48,style,constVariablePointer,Variable 'text' can be declared as pointer to const,/home/yichen/Desktop/Qwen_SDF01/F026.c|48|style|constVariablePointer|Variable 'text' can be declared as pointer to const,/home/yichen/Desktop/Qwen_SDF_Results01/logs/F026_cppcheck.log
/home/yichen/Desktop/Qwen_SDF01/F026.c,cppcheck,True,success,True,0,11,62,style,constVariablePointer,Variable 'cat' can be declared as pointer to const,/home/yichen/Desktop/Qwen_SDF01/F026.c|62|style|constVariablePointer|Variable 'cat' can be declared as pointer to const,/home/yichen/Desktop/Qwen_SDF_Results01/logs/F026_cppcheck.log
/home/yichen/Desktop/Qwen_SDF01/F026.c,cppcheck,True,success,True,0,11,74,style,constVariablePointer,Variable 'cat' can be declared as pointer to const,/home/yichen/Desktop/Qwen_SDF01/F026.c|74|style|constVariablePointer|Variable 'cat' can be declared as pointer to const,/home/yichen/Desktop/Qwen_SDF_Results01/logs/F026_cppcheck.log
/home/yichen/Desktop/Qwen_SDF01/F026.c,cppcheck,True,success,True,0,11,86,style,constVariablePointer,Variable 'word' can be declared as pointer to const,/home/yichen/Desktop/Qwen_SDF01/F026.c|86|style|constVariablePointer|Variable 'word' can be declared as pointer to const,/home/yichen/Desktop/Qwen_SDF_Results01/logs/F026_cppcheck.log
nofile,cppcheck,True,success,True,0,11,0,information,checkersReport,Active checkers: 113/592 (use --checkers-report=<filename> to see details),nofile|0|information|checkersReport|Active checkers: 113/592 (use --checkers-report=<filename> to see details),/home/yichen/Desktop/Qwen_SDF_Results01/logs/F026_cppcheck.log
/home/yichen/Desktop/Qwen_SDF01/F027.c,cppcheck,True,success,True,0,13,2,information,missingIncludeSystem,Include file: <stdio.h> not found. Please note: Cppcheck does not need standard library headers to get proper results.,/home/yichen/Desktop/Qwen_SDF01/F027.c|2|information|missingIncludeSystem|Include file: <stdio.h> not found. Please note: Cppcheck does not need standard library headers to get proper results.,/home/yichen/Desktop/Qwen_SDF_Results01/logs/F027_cppcheck.log
/home/yichen/Desktop/Qwen_SDF01/F027.c,cppcheck,True,success,True,0,13,3,information,missingIncludeSystem,Include file: <stdlib.h> not found. Please note: Cppcheck does not need standard library headers to get proper results.,/home/yichen/Desktop/Qwen_SDF01/F027.c|3|information|missingIncludeSystem|Include file: <stdlib.h> not found. Please note: Cppcheck does not need standard library headers to get proper results.,/home/yichen/Desktop/Qwen_SDF_Results01/logs/F027_cppcheck.log
/home/yichen/Desktop/Qwen_SDF01/F027.c,cppcheck,True,success,True,0,13,4,information,missingIncludeSystem,Include file: <string.h> not found. Please note: Cppcheck does not need standard library headers to get proper results.,/home/yichen/Desktop/Qwen_SDF01/F027.c|4|information|missingIncludeSystem|Include file: <string.h> not found. Please note: Cppcheck does not need standard library headers to get proper results.,/home/yichen/Desktop/Qwen_SDF_Results01/logs/F027_cppcheck.log
/home/yichen/Desktop/Qwen_SDF01/F027.c,cppcheck,True,success,True,0,13,5,information,missingIncludeSystem,Include file: <stdint.h> not found. Please note: Cppcheck does not need standard library headers to get proper results.,/home/yichen/Desktop/Qwen_SDF01/F027.c|5|information|missingIncludeSystem|Include file: <stdint.h> not found. Please note: Cppcheck does not need standard library headers to get proper results.,/home/yichen/Desktop/Qwen_SDF_Results01/logs/F027_cppcheck.log
/home/yichen/Desktop/Qwen_SDF01/F027.c,cppcheck,True,success,True,0,13,51,style,constVariablePointer,Variable 'cmd' can be declared as pointer to const,/home/yichen/Desktop/Qwen_SDF01/F027.c|51|style|constVariablePointer|Variable 'cmd' can be declared as pointer to const,/home/yichen/Desktop/Qwen_SDF_Results01/logs/F027_cppcheck.log
/home/yichen/Desktop/Qwen_SDF01/F027.c,cppcheck,True,success,True,0,13,55,style,constVariablePointer,Variable 'pri_s' can be declared as pointer to const,/home/yichen/Desktop/Qwen_SDF01/F027.c|55|style|constVariablePointer|Variable 'pri_s' can be declared as pointer to const,/home/yichen/Desktop/Qwen_SDF_Results01/logs/F027_cppcheck.log
/home/yichen/Desktop/Qwen_SDF01/F027.c,cppcheck,True,success,True,0,13,56,style,constVariablePointer,Variable 'title' can be declared as pointer to const,/home/yichen/Desktop/Qwen_SDF01/F027.c|56|style|constVariablePointer|Variable 'title' can be declared as pointer to const,/home/yichen/Desktop/Qwen_SDF_Results01/logs/F027_cppcheck.log
/home/yichen/Desktop/Qwen_SDF01/F027.c,cppcheck,True,success,True,0,13,57,style,constVariablePointer,Variable 'note' can be declared as pointer to const,/home/yichen/Desktop/Qwen_SDF01/F027.c|57|style|constVariablePointer|Variable 'note' can be declared as pointer to const,/home/yichen/Desktop/Qwen_SDF_Results01/logs/F027_cppcheck.log
/home/yichen/Desktop/Qwen_SDF01/F027.c,cppcheck,True,success,True,0,13,74,style,constVariablePointer,Variable 'title' can be declared as pointer to const,/home/yichen/Desktop/Qwen_SDF01/F027.c|74|style|constVariablePointer|Variable 'title' can be declared as pointer to const,/home/yichen/Desktop/Qwen_SDF_Results01/logs/F027_cppcheck.log
/home/yichen/Desktop/Qwen_SDF01/F027.c,cppcheck,True,success,True,0,13,75,style,constVariablePointer,Variable 'delta_s' can be declared as pointer to const,/home/yichen/Desktop/Qwen_SDF01/F027.c|75|style|constVariablePointer|Variable 'delta_s' can be declared as pointer to const,/home/yichen/Desktop/Qwen_SDF_Results01/logs/F027_cppcheck.log
/home/yichen/Desktop/Qwen_SDF01/F027.c,cppcheck,True,success,True,0,13,86,style,constVariablePointer,Variable 'title' can be declared as pointer to const,/home/yichen/Desktop/Qwen_SDF01/F027.c|86|style|constVariablePointer|Variable 'title' can be declared as pointer to const,/home/yichen/Desktop/Qwen_SDF_Results01/logs/F027_cppcheck.log
/home/yichen/Desktop/Qwen_SDF01/F027.c,cppcheck,True,success,True,0,13,99,style,constVariablePointer,Variable 'n_s' can be declared as pointer to const,/home/yichen/Desktop/Qwen_SDF01/F027.c|99|style|constVariablePointer|Variable 'n_s' can be declared as pointer to const,/home/yichen/Desktop/Qwen_SDF_Results01/logs/F027_cppcheck.log
nofile,cppcheck,True,success,True,0,13,0,information,checkersReport,Active checkers: 113/592 (use --checkers-report=<filename> to see details),nofile|0|information|checkersReport|Active checkers: 113/592 (use --checkers-report=<filename> to see details),/home/yichen/Desktop/Qwen_SDF_Results01/logs/F027_cppcheck.log
/home/yichen/Desktop/Qwen_SDF01/F028.c,cppcheck,True,success,True,0,15,2,information,missingIncludeSystem,Include file: <stdio.h> not found. Please note: Cppcheck does not need standard library headers to get proper results.,/home/yichen/Desktop/Qwen_SDF01/F028.c|2|information|missingIncludeSystem|Include file: <stdio.h> not found. Please note: Cppcheck does not need standard library headers to get proper results.,/home/yichen/Desktop/Qwen_SDF_Results01/logs/F028_cppcheck.log
/home/yichen/Desktop/Qwen_SDF01/F028.c,cppcheck,True,success,True,0,15,3,information,missingIncludeSystem,Include file: <stdlib.h> not found. Please note: Cppcheck does not need standard library headers to get proper results.,/home/yichen/Desktop/Qwen_SDF01/F028.c|3|information|missingIncludeSystem|Include file: <stdlib.h> not found. Please note: Cppcheck does not need standard library headers to get proper results.,/home/yichen/Desktop/Qwen_SDF_Results01/logs/F028_cppcheck.log
/home/yichen/Desktop/Qwen_SDF01/F028.c,cppcheck,True,success,True,0,15,4,information,missingIncludeSystem,Include file: <string.h> not found. Please note: Cppcheck does not need standard library headers to get proper results.,/home/yichen/Desktop/Qwen_SDF01/F028.c|4|information|missingIncludeSystem|Include file: <string.h> not found. Please note: Cppcheck does not need standard library headers to get proper results.,/home/yichen/Desktop/Qwen_SDF_Results01/logs/F028_cppcheck.log
/home/yichen/Desktop/Qwen_SDF01/F028.c,cppcheck,True,success,True,0,15,5,information,missingIncludeSystem,Include file: <stdint.h> not found. Please note: Cppcheck does not need standard library headers to get proper results.,/home/yichen/Desktop/Qwen_SDF01/F028.c|5|information|missingIncludeSystem|Include file: <stdint.h> not found. Please note: Cppcheck does not need standard library headers to get proper results.,/home/yichen/Desktop/Qwen_SDF_Results01/logs/F028_cppcheck.log
/home/yichen/Desktop/Qwen_SDF01/F028.c,cppcheck,True,success,True,0,15,43,style,constVariablePointer,Variable 'cmd' can be declared as pointer to const,/home/yichen/Desktop/Qwen_SDF01/F028.c|43|style|constVariablePointer|Variable 'cmd' can be declared as pointer to const,/home/yichen/Desktop/Qwen_SDF_Results01/logs/F028_cppcheck.log
/home/yichen/Desktop/Qwen_SDF01/F028.c,cppcheck,True,success,True,0,15,47,style,constVariablePointer,Variable 'stop' can be declared as pointer to const,/home/yichen/Desktop/Qwen_SDF01/F028.c|47|style|constVariablePointer|Variable 'stop' can be declared as pointer to const,/home/yichen/Desktop/Qwen_SDF_Results01/logs/F028_cppcheck.log
/home/yichen/Desktop/Qwen_SDF01/F028.c,cppcheck,True,success,True,0,15,48,style,constVariablePointer,Variable 'note' can be declared as pointer to const,/home/yichen/Desktop/Qwen_SDF01/F028.c|48|style|constVariablePointer|Variable 'note' can be declared as pointer to const,/home/yichen/Desktop/Qwen_SDF_Results01/logs/F028_cppcheck.log
/home/yichen/Desktop/Qwen_SDF01/F028.c,cppcheck,True,success,True,0,15,62,style,constVariablePointer,Variable 'idx_s' can be declared as pointer to const,/home/yichen/Desktop/Qwen_SDF01/F028.c|62|style|constVariablePointer|Variable 'idx_s' can be declared as pointer to const,/home/yichen/Desktop/Qwen_SDF_Results01/logs/F028_cppcheck.log
/home/yichen/Desktop/Qwen_SDF01/F028.c,cppcheck,True,success,True,0,15,63,style,constVariablePointer,Variable 'stop' can be declared as pointer to const,/home/yichen/Desktop/Qwen_SDF01/F028.c|63|style|constVariablePointer|Variable 'stop' can be declared as pointer to const,/home/yichen/Desktop/Qwen_SDF_Results01/logs/F028_cppcheck.log
/home/yichen/Desktop/Qwen_SDF01/F028.c,cppcheck,True,success,True,0,15,64,style,constVariablePointer,Variable 'note' can be declared as pointer to const,/home/yichen/Desktop/Qwen_SDF01/F028.c|64|style|constVariablePointer|Variable 'note' can be declared as pointer to const,/home/yichen/Desktop/Qwen_SDF_Results01/logs/F028_cppcheck.log
/home/yichen/Desktop/Qwen_SDF01/F028.c,cppcheck,True,success,True,0,15,82,style,constVariablePointer,Variable 'from_s' can be declared as pointer to const,/home/yichen/Desktop/Qwen_SDF01/F028.c|82|style|constVariablePointer|Variable 'from_s' can be declared as pointer to const,/home/yichen/Desktop/Qwen_SDF_Results01/logs/F028_cppcheck.log
/home/yichen/Desktop/Qwen_SDF01/F028.c,cppcheck,True,success,True,0,15,83,style,constVariablePointer,Variable 'to_s' can be declared as pointer to const,/home/yichen/Desktop/Qwen_SDF01/F028.c|83|style|constVariablePointer|Variable 'to_s' can be declared as pointer to const,/home/yichen/Desktop/Qwen_SDF_Results01/logs/F028_cppcheck.log
/home/yichen/Desktop/Qwen_SDF01/F028.c,cppcheck,True,success,True,0,15,98,style,constVariablePointer,Variable 'idx_s' can be declared as pointer to const,/home/yichen/Desktop/Qwen_SDF01/F028.c|98|style|constVariablePointer|Variable 'idx_s' can be declared as pointer to const,/home/yichen/Desktop/Qwen_SDF_Results01/logs/F028_cppcheck.log
/home/yichen/Desktop/Qwen_SDF01/F028.c,cppcheck,True,success,True,0,15,109,style,constVariablePointer,Variable 'stop' can be declared as pointer to const,/home/yichen/Desktop/Qwen_SDF01/F028.c|109|style|constVariablePointer|Variable 'stop' can be declared as pointer to const,/home/yichen/Desktop/Qwen_SDF_Results01/logs/F028_cppcheck.log
nofile,cppcheck,True,success,True,0,15,0,information,checkersReport,Active checkers: 113/592 (use --checkers-report=<filename> to see details),nofile|0|information|checkersReport|Active checkers: 113/592 (use --checkers-report=<filename> to see details),/home/yichen/Desktop/Qwen_SDF_Results01/logs/F028_cppcheck.log
/home/yichen/Desktop/Qwen_SDF01/F029.c,cppcheck,True,success,True,0,10,2,information,missingIncludeSystem,Include file: <stdio.h> not found. Please note: Cppcheck does not need standard library headers to get proper results.,/home/yichen/Desktop/Qwen_SDF01/F029.c|2|information|missingIncludeSystem|Include file: <stdio.h> not found. Please note: Cppcheck does not need standard library headers to get proper results.,/home/yichen/Desktop/Qwen_SDF_Results01/logs/F029_cppcheck.log
/home/yichen/Desktop/Qwen_SDF01/F029.c,cppcheck,True,success,True,0,10,3,information,missingIncludeSystem,Include file: <stdlib.h> not found. Please note: Cppcheck does not need standard library headers to get proper results.,/home/yichen/Desktop/Qwen_SDF01/F029.c|3|information|missingIncludeSystem|Include file: <stdlib.h> not found. Please note: Cppcheck does not need standard library headers to get proper results.,/home/yichen/Desktop/Qwen_SDF_Results01/logs/F029_cppcheck.log
/home/yichen/Desktop/Qwen_SDF01/F029.c,cppcheck,True,success,True,0,10,4,information,missingIncludeSystem,Include file: <string.h> not found. Please note: Cppcheck does not need standard library headers to get proper results.,/home/yichen/Desktop/Qwen_SDF01/F029.c|4|information|missingIncludeSystem|Include file: <string.h> not found. Please note: Cppcheck does not need standard library headers to get proper results.,/home/yichen/Desktop/Qwen_SDF_Results01/logs/F029_cppcheck.log
/home/yichen/Desktop/Qwen_SDF01/F029.c,cppcheck,True,success,True,0,10,5,information,missingIncludeSystem,Include file: <stdint.h> not found. Please note: Cppcheck does not need standard library headers to get proper results.,/home/yichen/Desktop/Qwen_SDF01/F029.c|5|information|missingIncludeSystem|Include file: <stdint.h> not found. Please note: Cppcheck does not need standard library headers to get proper results.,/home/yichen/Desktop/Qwen_SDF_Results01/logs/F029_cppcheck.log
/home/yichen/Desktop/Qwen_SDF01/F029.c,cppcheck,True,success,True,0,10,38,style,constVariablePointer,Variable 'cmd' can be declared as pointer to const,/home/yichen/Desktop/Qwen_SDF01/F029.c|38|style|constVariablePointer|Variable 'cmd' can be declared as pointer to const,/home/yichen/Desktop/Qwen_SDF_Results01/logs/F029_cppcheck.log
/home/yichen/Desktop/Qwen_SDF01/F029.c,cppcheck,True,success,True,0,10,42,style,constVariablePointer,Variable 'key' can be declared as pointer to const,/home/yichen/Desktop/Qwen_SDF01/F029.c|42|style|constVariablePointer|Variable 'key' can be declared as pointer to const,/home/yichen/Desktop/Qwen_SDF_Results01/logs/F029_cppcheck.log
/home/yichen/Desktop/Qwen_SDF01/F029.c,cppcheck,True,success,True,0,10,43,style,constVariablePointer,Variable 'val' can be declared as pointer to const,/home/yichen/Desktop/Qwen_SDF01/F029.c|43|style|constVariablePointer|Variable 'val' can be declared as pointer to const,/home/yichen/Desktop/Qwen_SDF_Results01/logs/F029_cppcheck.log
/home/yichen/Desktop/Qwen_SDF01/F029.c,cppcheck,True,success,True,0,10,73,style,constVariablePointer,Variable 'key' can be declared as pointer to const,/home/yichen/Desktop/Qwen_SDF01/F029.c|73|style|constVariablePointer|Variable 'key' can be declared as pointer to const,/home/yichen/Desktop/Qwen_SDF_Results01/logs/F029_cppcheck.log
/home/yichen/Desktop/Qwen_SDF01/F029.c,cppcheck,True,success,True,0,10,85,style,constVariablePointer,Variable 'key' can be declared as pointer to const,/home/yichen/Desktop/Qwen_SDF01/F029.c|85|style|constVariablePointer|Variable 'key' can be declared as pointer to const,/home/yichen/Desktop/Qwen_SDF_Results01/logs/F029_cppcheck.log
nofile,cppcheck,True,success,True,0,10,0,information,checkersReport,Active checkers: 113/592 (use --checkers-report=<filename> to see details),nofile|0|information|checkersReport|Active checkers: 113/592 (use --checkers-report=<filename> to see details),/home/yichen/Desktop/Qwen_SDF_Results01/logs/F029_cppcheck.log
/home/yichen/Desktop/Qwen_SDF01/F030.c,cppcheck,True,success,True,0,12,2,information,missingIncludeSystem,Include file: <stdio.h> not found. Please note: Cppcheck does not need standard library headers to get proper results.,/home/yichen/Desktop/Qwen_SDF01/F030.c|2|information|missingIncludeSystem|Include file: <stdio.h> not found. Please note: Cppcheck does not need standard library headers to get proper results.,/home/yichen/Desktop/Qwen_SDF_Results01/logs/F030_cppcheck.log
/home/yichen/Desktop/Qwen_SDF01/F030.c,cppcheck,True,success,True,0,12,3,information,missingIncludeSystem,Include file: <stdlib.h> not found. Please note: Cppcheck does not need standard library headers to get proper results.,/home/yichen/Desktop/Qwen_SDF01/F030.c|3|information|missingIncludeSystem|Include file: <stdlib.h> not found. Please note: Cppcheck does not need standard library headers to get proper results.,/home/yichen/Desktop/Qwen_SDF_Results01/logs/F030_cppcheck.log
/home/yichen/Desktop/Qwen_SDF01/F030.c,cppcheck,True,success,True,0,12,4,information,missingIncludeSystem,Include file: <string.h> not found. Please note: Cppcheck does not need standard library headers to get proper results.,/home/yichen/Desktop/Qwen_SDF01/F030.c|4|information|missingIncludeSystem|Include file: <string.h> not found. Please note: Cppcheck does not need standard library headers to get proper results.,/home/yichen/Desktop/Qwen_SDF_Results01/logs/F030_cppcheck.log
/home/yichen/Desktop/Qwen_SDF01/F030.c,cppcheck,True,success,True,0,12,5,information,missingIncludeSystem,Include file: <stdint.h> not found. Please note: Cppcheck does not need standard library headers to get proper results.,/home/yichen/Desktop/Qwen_SDF01/F030.c|5|information|missingIncludeSystem|Include file: <stdint.h> not found. Please note: Cppcheck does not need standard library headers to get proper results.,/home/yichen/Desktop/Qwen_SDF_Results01/logs/F030_cppcheck.log
/home/yichen/Desktop/Qwen_SDF01/F030.c,cppcheck,True,success,True,0,12,38,style,constVariablePointer,Variable 'cmd' can be declared as pointer to const,/home/yichen/Desktop/Qwen_SDF01/F030.c|38|style|constVariablePointer|Variable 'cmd' can be declared as pointer to const,/home/yichen/Desktop/Qwen_SDF_Results01/logs/F030_cppcheck.log
/home/yichen/Desktop/Qwen_SDF01/F030.c,cppcheck,True,success,True,0,12,42,style,constVariablePointer,Variable 'old' can be declared as pointer to const,/home/yichen/Desktop/Qwen_SDF01/F030.c|42|style|constVariablePointer|Variable 'old' can be declared as pointer to const,/home/yichen/Desktop/Qwen_SDF_Results01/logs/F030_cppcheck.log
/home/yichen/Desktop/Qwen_SDF01/F030.c,cppcheck,True,success,True,0,12,43,style,constVariablePointer,Variable 'new' can be declared as pointer to const,/home/yichen/Desktop/Qwen_SDF01/F030.c|43|style|constVariablePointer|Variable 'new' can be declared as pointer to const,/home/yichen/Desktop/Qwen_SDF_Results01/logs/F030_cppcheck.log
/home/yichen/Desktop/Qwen_SDF01/F030.c,cppcheck,True,success,True,0,12,60,style,constVariablePointer,Variable 'pos' can be declared as pointer to const,/home/yichen/Desktop/Qwen_SDF01/F030.c|60|style|constVariablePointer|Variable 'pos' can be declared as pointer to const,/home/yichen/Desktop/Qwen_SDF_Results01/logs/F030_cppcheck.log
/home/yichen/Desktop/Qwen_SDF01/F030.c,cppcheck,True,success,True,0,12,80,style,constVariablePointer,Variable 'old' can be declared as pointer to const,/home/yichen/Desktop/Qwen_SDF01/F030.c|80|style|constVariablePointer|Variable 'old' can be declared as pointer to const,/home/yichen/Desktop/Qwen_SDF_Results01/logs/F030_cppcheck.log
/home/yichen/Desktop/Qwen_SDF01/F030.c,cppcheck,True,success,True,0,12,93,style,constVariablePointer,Variable 'i_s' can be declared as pointer to const,/home/yichen/Desktop/Qwen_SDF01/F030.c|93|style|constVariablePointer|Variable 'i_s' can be declared as pointer to const,/home/yichen/Desktop/Qwen_SDF_Results01/logs/F030_cppcheck.log
/home/yichen/Desktop/Qwen_SDF01/F030.c,cppcheck,True,success,True,0,12,94,style,constVariablePointer,Variable 'j_s' can be declared as pointer to const,/home/yichen/Desktop/Qwen_SDF01/F030.c|94|style|constVariablePointer|Variable 'j_s' can be declared as pointer to const,/home/yichen/Desktop/Qwen_SDF_Results01/logs/F030_cppcheck.log
nofile,cppcheck,True,success,True,0,12,0,information,checkersReport,Active checkers: 113/592 (use --checkers-report=<filename> to see details),nofile|0|information|checkersReport|Active checkers: 113/592 (use --checkers-report=<filename> to see details),/home/yichen/Desktop/Qwen_SDF_Results01/logs/F030_cppcheck.log
/home/yichen/Desktop/Qwen_SDF01/F031.c,cppcheck,True,success,True,0,12,2,information,missingIncludeSystem,Include file: <stdio.h> not found. Please note: Cppcheck does not need standard library headers to get proper results.,/home/yichen/Desktop/Qwen_SDF01/F031.c|2|information|missingIncludeSystem|Include file: <stdio.h> not found. Please note: Cppcheck does not need standard library headers to get proper results.,/home/yichen/Desktop/Qwen_SDF_Results01/logs/F031_cppcheck.log
/home/yichen/Desktop/Qwen_SDF01/F031.c,cppcheck,True,success,True,0,12,3,information,missingIncludeSystem,Include file: <stdlib.h> not found. Please note: Cppcheck does not need standard library headers to get proper results.,/home/yichen/Desktop/Qwen_SDF01/F031.c|3|information|missingIncludeSystem|Include file: <stdlib.h> not found. Please note: Cppcheck does not need standard library headers to get proper results.,/home/yichen/Desktop/Qwen_SDF_Results01/logs/F031_cppcheck.log
/home/yichen/Desktop/Qwen_SDF01/F031.c,cppcheck,True,success,True,0,12,4,information,missingIncludeSystem,Include file: <string.h> not found. Please note: Cppcheck does not need standard library headers to get proper results.,/home/yichen/Desktop/Qwen_SDF01/F031.c|4|information|missingIncludeSystem|Include file: <string.h> not found. Please note: Cppcheck does not need standard library headers to get proper results.,/home/yichen/Desktop/Qwen_SDF_Results01/logs/F031_cppcheck.log
/home/yichen/Desktop/Qwen_SDF01/F031.c,cppcheck,True,success,True,0,12,5,information,missingIncludeSystem,Include file: <stdint.h> not found. Please note: Cppcheck does not need standard library headers to get proper results.,/home/yichen/Desktop/Qwen_SDF01/F031.c|5|information|missingIncludeSystem|Include file: <stdint.h> not found. Please note: Cppcheck does not need standard library headers to get proper results.,/home/yichen/Desktop/Qwen_SDF_Results01/logs/F031_cppcheck.log
/home/yichen/Desktop/Qwen_SDF01/F031.c,cppcheck,True,success,True,0,12,43,style,constVariablePointer,Variable 'cmd' can be declared as pointer to const,/home/yichen/Desktop/Qwen_SDF01/F031.c|43|style|constVariablePointer|Variable 'cmd' can be declared as pointer to const,/home/yichen/Desktop/Qwen_SDF_Results01/logs/F031_cppcheck.log
/home/yichen/Desktop/Qwen_SDF01/F031.c,cppcheck,True,success,True,0,12,47,style,constVariablePointer,Variable 'n_s' can be declared as pointer to const,/home/yichen/Desktop/Qwen_SDF01/F031.c|47|style|constVariablePointer|Variable 'n_s' can be declared as pointer to const,/home/yichen/Desktop/Qwen_SDF_Results01/logs/F031_cppcheck.log
/home/yichen/Desktop/Qwen_SDF01/F031.c,cppcheck,True,success,True,0,12,63,style,constVariablePointer,Variable 'name' can be declared as pointer to const,/home/yichen/Desktop/Qwen_SDF01/F031.c|63|style|constVariablePointer|Variable 'name' can be declared as pointer to const,/home/yichen/Desktop/Qwen_SDF_Results01/logs/F031_cppcheck.log
/home/yichen/Desktop/Qwen_SDF01/F031.c,cppcheck,True,success,True,0,12,64,style,constVariablePointer,Variable 'note' can be declared as pointer to const,/home/yichen/Desktop/Qwen_SDF01/F031.c|64|style|constVariablePointer|Variable 'note' can be declared as pointer to const,/home/yichen/Desktop/Qwen_SDF_Results01/logs/F031_cppcheck.log
/home/yichen/Desktop/Qwen_SDF01/F031.c,cppcheck,True,success,True,0,12,101,style,constVariablePointer,Variable 'name' can be declared as pointer to const,/home/yichen/Desktop/Qwen_SDF01/F031.c|101|style|constVariablePointer|Variable 'name' can be declared as pointer to const,/home/yichen/Desktop/Qwen_SDF_Results01/logs/F031_cppcheck.log
/home/yichen/Desktop/Qwen_SDF01/F031.c,cppcheck,True,success,True,0,12,114,style,constVariablePointer,Variable 'name' can be declared as pointer to const,/home/yichen/Desktop/Qwen_SDF01/F031.c|114|style|constVariablePointer|Variable 'name' can be declared as pointer to const,/home/yichen/Desktop/Qwen_SDF_Results01/logs/F031_cppcheck.log
/home/yichen/Desktop/Qwen_SDF01/F031.c,cppcheck,True,success,True,0,12,54,style,unreadVariable,Variable 'tmp.cap' is assigned a value that is never used.,/home/yichen/Desktop/Qwen_SDF01/F031.c|54|style|unreadVariable|Variable 'tmp.cap' is assigned a value that is never used.,/home/yichen/Desktop/Qwen_SDF_Results01/logs/F031_cppcheck.log
nofile,cppcheck,True,success,True,0,12,0,information,checkersReport,Active checkers: 113/592 (use --checkers-report=<filename> to see details),nofile|0|information|checkersReport|Active checkers: 113/592 (use --checkers-report=<filename> to see details),/home/yichen/Desktop/Qwen_SDF_Results01/logs/F031_cppcheck.log
/home/yichen/Desktop/Qwen_SDF01/F032.c,cppcheck,True,success,True,0,12,2,information,missingIncludeSystem,Include file: <stdio.h> not found. Please note: Cppcheck does not need standard library headers to get proper results.,/home/yichen/Desktop/Qwen_SDF01/F032.c|2|information|missingIncludeSystem|Include file: <stdio.h> not found. Please note: Cppcheck does not need standard library headers to get proper results.,/home/yichen/Desktop/Qwen_SDF_Results01/logs/F032_cppcheck.log
/home/yichen/Desktop/Qwen_SDF01/F032.c,cppcheck,True,success,True,0,12,3,information,missingIncludeSystem,Include file: <stdlib.h> not found. Please note: Cppcheck does not need standard library headers to get proper results.,/home/yichen/Desktop/Qwen_SDF01/F032.c|3|information|missingIncludeSystem|Include file: <stdlib.h> not found. Please note: Cppcheck does not need standard library headers to get proper results.,/home/yichen/Desktop/Qwen_SDF_Results01/logs/F032_cppcheck.log
/home/yichen/Desktop/Qwen_SDF01/F032.c,cppcheck,True,success,True,0,12,4,information,missingIncludeSystem,Include file: <string.h> not found. Please note: Cppcheck does not need standard library headers to get proper results.,/home/yichen/Desktop/Qwen_SDF01/F032.c|4|information|missingIncludeSystem|Include file: <string.h> not found. Please note: Cppcheck does not need standard library headers to get proper results.,/home/yichen/Desktop/Qwen_SDF_Results01/logs/F032_cppcheck.log
/home/yichen/Desktop/Qwen_SDF01/F032.c,cppcheck,True,success,True,0,12,5,information,missingIncludeSystem,Include file: <stdint.h> not found. Please note: Cppcheck does not need standard library headers to get proper results.,/home/yichen/Desktop/Qwen_SDF01/F032.c|5|information|missingIncludeSystem|Include file: <stdint.h> not found. Please note: Cppcheck does not need standard library headers to get proper results.,/home/yichen/Desktop/Qwen_SDF_Results01/logs/F032_cppcheck.log
/home/yichen/Desktop/Qwen_SDF01/F032.c,cppcheck,True,success,True,0,12,32,style,constParameterPointer,Parameter 'l' can be declared as pointer to const,/home/yichen/Desktop/Qwen_SDF01/F032.c|32|style|constParameterPointer|Parameter 'l' can be declared as pointer to const,/home/yichen/Desktop/Qwen_SDF_Results01/logs/F032_cppcheck.log
/home/yichen/Desktop/Qwen_SDF01/F032.c,cppcheck,True,success,True,0,12,67,style,constVariablePointer,Variable 'cmd' can be declared as pointer to const,/home/yichen/Desktop/Qwen_SDF01/F032.c|67|style|constVariablePointer|Variable 'cmd' can be declared as pointer to const,/home/yichen/Desktop/Qwen_SDF_Results01/logs/F032_cppcheck.log
/home/yichen/Desktop/Qwen_SDF01/F032.c,cppcheck,True,success,True,0,12,71,style,constVariablePointer,Variable 'key' can be declared as pointer to const,/home/yichen/Desktop/Qwen_SDF01/F032.c|71|style|constVariablePointer|Variable 'key' can be declared as pointer to const,/home/yichen/Desktop/Qwen_SDF_Results01/logs/F032_cppcheck.log
/home/yichen/Desktop/Qwen_SDF01/F032.c,cppcheck,True,success,True,0,12,72,style,constVariablePointer,Variable 'val' can be declared as pointer to const,/home/yichen/Desktop/Qwen_SDF01/F032.c|72|style|constVariablePointer|Variable 'val' can be declared as pointer to const,/home/yichen/Desktop/Qwen_SDF_Results01/logs/F032_cppcheck.log
/home/yichen/Desktop/Qwen_SDF01/F032.c,cppcheck,True,success,True,0,12,88,style,constVariablePointer,Variable 'key' can be declared as pointer to const,/home/yichen/Desktop/Qwen_SDF01/F032.c|88|style|constVariablePointer|Variable 'key' can be declared as pointer to const,/home/yichen/Desktop/Qwen_SDF_Results01/logs/F032_cppcheck.log
/home/yichen/Desktop/Qwen_SDF01/F032.c,cppcheck,True,success,True,0,12,89,style,constVariablePointer,Variable 'val' can be declared as pointer to const,/home/yichen/Desktop/Qwen_SDF01/F032.c|89|style|constVariablePointer|Variable 'val' can be declared as pointer to const,/home/yichen/Desktop/Qwen_SDF_Results01/logs/F032_cppcheck.log
/home/yichen/Desktop/Qwen_SDF01/F032.c,cppcheck,True,success,True,0,12,115,style,constVariablePointer,Variable 'key' can be declared as pointer to const,/home/yichen/Desktop/Qwen_SDF01/F032.c|115|style|constVariablePointer|Variable 'key' can be declared as pointer to const,/home/yichen/Desktop/Qwen_SDF_Results01/logs/F032_cppcheck.log
nofile,cppcheck,True,success,True,0,12,0,information,checkersReport,Active checkers: 113/592 (use --checkers-report=<filename> to see details),nofile|0|information|checkersReport|Active checkers: 113/592 (use --checkers-report=<filename> to see details),/home/yichen/Desktop/Qwen_SDF_Results01/logs/F032_cppcheck.log
/home/yichen/Desktop/Qwen_SDF01/F033.c,cppcheck,True,success,True,0,17,2,information,missingIncludeSystem,Include file: <stdio.h> not found. Please note: Cppcheck does not need standard library headers to get proper results.,/home/yichen/Desktop/Qwen_SDF01/F033.c|2|information|missingIncludeSystem|Include file: <stdio.h> not found. Please note: Cppcheck does not need standard library headers to get proper results.,/home/yichen/Desktop/Qwen_SDF_Results01/logs/F033_cppcheck.log
/home/yichen/Desktop/Qwen_SDF01/F033.c,cppcheck,True,success,True,0,17,3,information,missingIncludeSystem,Include file: <stdlib.h> not found. Please note: Cppcheck does not need standard library headers to get proper results.,/home/yichen/Desktop/Qwen_SDF01/F033.c|3|information|missingIncludeSystem|Include file: <stdlib.h> not found. Please note: Cppcheck does not need standard library headers to get proper results.,/home/yichen/Desktop/Qwen_SDF_Results01/logs/F033_cppcheck.log
/home/yichen/Desktop/Qwen_SDF01/F033.c,cppcheck,True,success,True,0,17,4,information,missingIncludeSystem,Include file: <string.h> not found. Please note: Cppcheck does not need standard library headers to get proper results.,/home/yichen/Desktop/Qwen_SDF01/F033.c|4|information|missingIncludeSystem|Include file: <string.h> not found. Please note: Cppcheck does not need standard library headers to get proper results.,/home/yichen/Desktop/Qwen_SDF_Results01/logs/F033_cppcheck.log
/home/yichen/Desktop/Qwen_SDF01/F033.c,cppcheck,True,success,True,0,17,5,information,missingIncludeSystem,Include file: <stdint.h> not found. Please note: Cppcheck does not need standard library headers to get proper results.,/home/yichen/Desktop/Qwen_SDF01/F033.c|5|information|missingIncludeSystem|Include file: <stdint.h> not found. Please note: Cppcheck does not need standard library headers to get proper results.,/home/yichen/Desktop/Qwen_SDF_Results01/logs/F033_cppcheck.log
/home/yichen/Desktop/Qwen_SDF01/F033.c,cppcheck,True,success,True,0,17,32,style,constParameterPointer,Parameter 'l' can be declared as pointer to const,/home/yichen/Desktop/Qwen_SDF01/F033.c|32|style|constParameterPointer|Parameter 'l' can be declared as pointer to const,/home/yichen/Desktop/Qwen_SDF_Results01/logs/F033_cppcheck.log
/home/yichen/Desktop/Qwen_SDF01/F033.c,cppcheck,True,success,True,0,17,43,style,constVariablePointer,Variable 'cmd' can be declared as pointer to const,/home/yichen/Desktop/Qwen_SDF01/F033.c|43|style|constVariablePointer|Variable 'cmd' can be declared as pointer to const,/home/yichen/Desktop/Qwen_SDF_Results01/logs/F033_cppcheck.log
/home/yichen/Desktop/Qwen_SDF01/F033.c,cppcheck,True,success,True,0,17,47,style,constVariablePointer,Variable 'id' can be declared as pointer to const,/home/yichen/Desktop/Qwen_SDF01/F033.c|47|style|constVariablePointer|Variable 'id' can be declared as pointer to const,/home/yichen/Desktop/Qwen_SDF_Results01/logs/F033_cppcheck.log
/home/yichen/Desktop/Qwen_SDF01/F033.c,cppcheck,True,success,True,0,17,48,style,constVariablePointer,Variable 'name' can be declared as pointer to const,/home/yichen/Desktop/Qwen_SDF01/F033.c|48|style|constVariablePointer|Variable 'name' can be declared as pointer to const,/home/yichen/Desktop/Qwen_SDF_Results01/logs/F033_cppcheck.log
/home/yichen/Desktop/Qwen_SDF01/F033.c,cppcheck,True,success,True,0,17,49,style,constVariablePointer,Variable 'dept' can be declared as pointer to const,/home/yichen/Desktop/Qwen_SDF01/F033.c|49|style|constVariablePointer|Variable 'dept' can be declared as pointer to const,/home/yichen/Desktop/Qwen_SDF_Results01/logs/F033_cppcheck.log
/home/yichen/Desktop/Qwen_SDF01/F033.c,cppcheck,True,success,True,0,17,50,style,constVariablePointer,Variable 'title' can be declared as pointer to const,/home/yichen/Desktop/Qwen_SDF01/F033.c|50|style|constVariablePointer|Variable 'title' can be declared as pointer to const,/home/yichen/Desktop/Qwen_SDF_Results01/logs/F033_cppcheck.log
/home/yichen/Desktop/Qwen_SDF01/F033.c,cppcheck,True,success,True,0,17,68,style,constVariablePointer,Variable 'id' can be declared as pointer to const,/home/yichen/Desktop/Qwen_SDF01/F033.c|68|style|constVariablePointer|Variable 'id' can be declared as pointer to const,/home/yichen/Desktop/Qwen_SDF_Results01/logs/F033_cppcheck.log
/home/yichen/Desktop/Qwen_SDF01/F033.c,cppcheck,True,success,True,0,17,69,style,constVariablePointer,Variable 'name' can be declared as pointer to const,/home/yichen/Desktop/Qwen_SDF01/F033.c|69|style|constVariablePointer|Variable 'name' can be declared as pointer to const,/home/yichen/Desktop/Qwen_SDF_Results01/logs/F033_cppcheck.log
/home/yichen/Desktop/Qwen_SDF01/F033.c,cppcheck,True,success,True,0,17,70,style,constVariablePointer,Variable 'dept' can be declared as pointer to const,/home/yichen/Desktop/Qwen_SDF01/F033.c|70|style|constVariablePointer|Variable 'dept' can be declared as pointer to const,/home/yichen/Desktop/Qwen_SDF_Results01/logs/F033_cppcheck.log
/home/yichen/Desktop/Qwen_SDF01/F033.c,cppcheck,True,success,True,0,17,71,style,constVariablePointer,Variable 'title' can be declared as pointer to const,/home/yichen/Desktop/Qwen_SDF01/F033.c|71|style|constVariablePointer|Variable 'title' can be declared as pointer to const,/home/yichen/Desktop/Qwen_SDF_Results01/logs/F033_cppcheck.log
/home/yichen/Desktop/Qwen_SDF01/F033.c,cppcheck,True,success,True,0,17,93,style,constVariablePointer,Variable 'id' can be declared as pointer to const,/home/yichen/Desktop/Qwen_SDF01/F033.c|93|style|constVariablePointer|Variable 'id' can be declared as pointer to const,/home/yichen/Desktop/Qwen_SDF_Results01/logs/F033_cppcheck.log
/home/yichen/Desktop/Qwen_SDF01/F033.c,cppcheck,True,success,True,0,17,106,style,constVariablePointer,Variable 'id' can be declared as pointer to const,/home/yichen/Desktop/Qwen_SDF01/F033.c|106|style|constVariablePointer|Variable 'id' can be declared as pointer to const,/home/yichen/Desktop/Qwen_SDF_Results01/logs/F033_cppcheck.log
nofile,cppcheck,True,success,True,0,17,0,information,checkersReport,Active checkers: 113/592 (use --checkers-report=<filename> to see details),nofile|0|information|checkersReport|Active checkers: 113/592 (use --checkers-report=<filename> to see details),/home/yichen/Desktop/Qwen_SDF_Results01/logs/F033_cppcheck.log
/home/yichen/Desktop/Qwen_SDF01/F034.c,cppcheck,True,success,True,0,11,2,information,missingIncludeSystem,Include file: <stdio.h> not found. Please note: Cppcheck does not need standard library headers to get proper results.,/home/yichen/Desktop/Qwen_SDF01/F034.c|2|information|missingIncludeSystem|Include file: <stdio.h> not found. Please note: Cppcheck does not need standard library headers to get proper results.,/home/yichen/Desktop/Qwen_SDF_Results01/logs/F034_cppcheck.log
/home/yichen/Desktop/Qwen_SDF01/F034.c,cppcheck,True,success,True,0,11,3,information,missingIncludeSystem,Include file: <stdlib.h> not found. Please note: Cppcheck does not need standard library headers to get proper results.,/home/yichen/Desktop/Qwen_SDF01/F034.c|3|information|missingIncludeSystem|Include file: <stdlib.h> not found. Please note: Cppcheck does not need standard library headers to get proper results.,/home/yichen/Desktop/Qwen_SDF_Results01/logs/F034_cppcheck.log
/home/yichen/Desktop/Qwen_SDF01/F034.c,cppcheck,True,success,True,0,11,4,information,missingIncludeSystem,Include file: <string.h> not found. Please note: Cppcheck does not need standard library headers to get proper results.,/home/yichen/Desktop/Qwen_SDF01/F034.c|4|information|missingIncludeSystem|Include file: <string.h> not found. Please note: Cppcheck does not need standard library headers to get proper results.,/home/yichen/Desktop/Qwen_SDF_Results01/logs/F034_cppcheck.log
/home/yichen/Desktop/Qwen_SDF01/F034.c,cppcheck,True,success,True,0,11,5,information,missingIncludeSystem,Include file: <stdint.h> not found. Please note: Cppcheck does not need standard library headers to get proper results.,/home/yichen/Desktop/Qwen_SDF01/F034.c|5|information|missingIncludeSystem|Include file: <stdint.h> not found. Please note: Cppcheck does not need standard library headers to get proper results.,/home/yichen/Desktop/Qwen_SDF_Results01/logs/F034_cppcheck.log
/home/yichen/Desktop/Qwen_SDF01/F034.c,cppcheck,True,success,True,0,11,47,style,constVariablePointer,Variable 'name' can be declared as pointer to const,/home/yichen/Desktop/Qwen_SDF01/F034.c|47|style|constVariablePointer|Variable 'name' can be declared as pointer to const,/home/yichen/Desktop/Qwen_SDF_Results01/logs/F034_cppcheck.log
/home/yichen/Desktop/Qwen_SDF01/F034.c,cppcheck,True,success,True,0,11,48,style,constVariablePointer,Variable 'note' can be declared as pointer to const,/home/yichen/Desktop/Qwen_SDF01/F034.c|48|style|constVariablePointer|Variable 'note' can be declared as pointer to const,/home/yichen/Desktop/Qwen_SDF_Results01/logs/F034_cppcheck.log
/home/yichen/Desktop/Qwen_SDF01/F034.c,cppcheck,True,success,True,0,11,88,style,constVariablePointer,Variable 'cmd' can be declared as pointer to const,/home/yichen/Desktop/Qwen_SDF01/F034.c|88|style|constVariablePointer|Variable 'cmd' can be declared as pointer to const,/home/yichen/Desktop/Qwen_SDF_Results01/logs/F034_cppcheck.log
/home/yichen/Desktop/Qwen_SDF01/F034.c,cppcheck,True,success,True,0,11,92,style,constVariablePointer,Variable 'name' can be declared as pointer to const,/home/yichen/Desktop/Qwen_SDF01/F034.c|92|style|constVariablePointer|Variable 'name' can be declared as pointer to const,/home/yichen/Desktop/Qwen_SDF_Results01/logs/F034_cppcheck.log
/home/yichen/Desktop/Qwen_SDF01/F034.c,cppcheck,True,success,True,0,11,93,style,constVariablePointer,Variable 'note' can be declared as pointer to const,/home/yichen/Desktop/Qwen_SDF01/F034.c|93|style|constVariablePointer|Variable 'note' can be declared as pointer to const,/home/yichen/Desktop/Qwen_SDF_Results01/logs/F034_cppcheck.log
/home/yichen/Desktop/Qwen_SDF01/F034.c,cppcheck,True,success,True,0,11,107,style,constVariablePointer,Variable 'name' can be declared as pointer to const,/home/yichen/Desktop/Qwen_SDF01/F034.c|107|style|constVariablePointer|Variable 'name' can be declared as pointer to const,/home/yichen/Desktop/Qwen_SDF_Results01/logs/F034_cppcheck.log
nofile,cppcheck,True,success,True,0,11,0,information,checkersReport,Active checkers: 113/592 (use --checkers-report=<filename> to see details),nofile|0|information|checkersReport|Active checkers: 113/592 (use --checkers-report=<filename> to see details),/home/yichen/Desktop/Qwen_SDF_Results01/logs/F034_cppcheck.log
/home/yichen/Desktop/Qwen_SDF01/F035.c,cppcheck,True,success,True,0,13,2,information,missingIncludeSystem,Include file: <stdio.h> not found. Please note: Cppcheck does not need standard library headers to get proper results.,/home/yichen/Desktop/Qwen_SDF01/F035.c|2|information|missingIncludeSystem|Include file: <stdio.h> not found. Please note: Cppcheck does not need standard library headers to get proper results.,/home/yichen/Desktop/Qwen_SDF_Results01/logs/F035_cppcheck.log
/home/yichen/Desktop/Qwen_SDF01/F035.c,cppcheck,True,success,True,0,13,3,information,missingIncludeSystem,Include file: <stdlib.h> not found. Please note: Cppcheck does not need standard library headers to get proper results.,/home/yichen/Desktop/Qwen_SDF01/F035.c|3|information|missingIncludeSystem|Include file: <stdlib.h> not found. Please note: Cppcheck does not need standard library headers to get proper results.,/home/yichen/Desktop/Qwen_SDF_Results01/logs/F035_cppcheck.log
/home/yichen/Desktop/Qwen_SDF01/F035.c,cppcheck,True,success,True,0,13,4,information,missingIncludeSystem,Include file: <string.h> not found. Please note: Cppcheck does not need standard library headers to get proper results.,/home/yichen/Desktop/Qwen_SDF01/F035.c|4|information|missingIncludeSystem|Include file: <string.h> not found. Please note: Cppcheck does not need standard library headers to get proper results.,/home/yichen/Desktop/Qwen_SDF_Results01/logs/F035_cppcheck.log
/home/yichen/Desktop/Qwen_SDF01/F035.c,cppcheck,True,success,True,0,13,5,information,missingIncludeSystem,Include file: <stdint.h> not found. Please note: Cppcheck does not need standard library headers to get proper results.,/home/yichen/Desktop/Qwen_SDF01/F035.c|5|information|missingIncludeSystem|Include file: <stdint.h> not found. Please note: Cppcheck does not need standard library headers to get proper results.,/home/yichen/Desktop/Qwen_SDF_Results01/logs/F035_cppcheck.log
/home/yichen/Desktop/Qwen_SDF01/F035.c,cppcheck,True,success,True,0,13,37,style,constParameterPointer,Parameter 'l' can be declared as pointer to const,/home/yichen/Desktop/Qwen_SDF01/F035.c|37|style|constParameterPointer|Parameter 'l' can be declared as pointer to const,/home/yichen/Desktop/Qwen_SDF_Results01/logs/F035_cppcheck.log
/home/yichen/Desktop/Qwen_SDF01/F035.c,cppcheck,True,success,True,0,13,48,style,constVariablePointer,Variable 'cmd' can be declared as pointer to const,/home/yichen/Desktop/Qwen_SDF01/F035.c|48|style|constVariablePointer|Variable 'cmd' can be declared as pointer to const,/home/yichen/Desktop/Qwen_SDF_Results01/logs/F035_cppcheck.log
/home/yichen/Desktop/Qwen_SDF01/F035.c,cppcheck,True,success,True,0,13,52,style,constVariablePointer,Variable 'name' can be declared as pointer to const,/home/yichen/Desktop/Qwen_SDF01/F035.c|52|style|constVariablePointer|Variable 'name' can be declared as pointer to const,/home/yichen/Desktop/Qwen_SDF_Results01/logs/F035_cppcheck.log
/home/yichen/Desktop/Qwen_SDF01/F035.c,cppcheck,True,success,True,0,13,53,style,constVariablePointer,Variable 'payload' can be declared as pointer to const,/home/yichen/Desktop/Qwen_SDF01/F035.c|53|style|constVariablePointer|Variable 'payload' can be declared as pointer to const,/home/yichen/Desktop/Qwen_SDF_Results01/logs/F035_cppcheck.log
/home/yichen/Desktop/Qwen_SDF01/F035.c,cppcheck,True,success,True,0,13,67,style,constVariablePointer,Variable 'old' can be declared as pointer to const,/home/yichen/Desktop/Qwen_SDF01/F035.c|67|style|constVariablePointer|Variable 'old' can be declared as pointer to const,/home/yichen/Desktop/Qwen_SDF_Results01/logs/F035_cppcheck.log
/home/yichen/Desktop/Qwen_SDF01/F035.c,cppcheck,True,success,True,0,13,68,style,constVariablePointer,Variable 'new' can be declared as pointer to const,/home/yichen/Desktop/Qwen_SDF01/F035.c|68|style|constVariablePointer|Variable 'new' can be declared as pointer to const,/home/yichen/Desktop/Qwen_SDF_Results01/logs/F035_cppcheck.log
/home/yichen/Desktop/Qwen_SDF01/F035.c,cppcheck,True,success,True,0,13,85,style,constVariablePointer,Variable 'name' can be declared as pointer to const,/home/yichen/Desktop/Qwen_SDF01/F035.c|85|style|constVariablePointer|Variable 'name' can be declared as pointer to const,/home/yichen/Desktop/Qwen_SDF_Results01/logs/F035_cppcheck.log
/home/yichen/Desktop/Qwen_SDF01/F035.c,cppcheck,True,success,True,0,13,96,style,constVariablePointer,Variable 'name' can be declared as pointer to const,/home/yichen/Desktop/Qwen_SDF01/F035.c|96|style|constVariablePointer|Variable 'name' can be declared as pointer to const,/home/yichen/Desktop/Qwen_SDF_Results01/logs/F035_cppcheck.log
nofile,cppcheck,True,success,True,0,13,0,information,checkersReport,Active checkers: 113/592 (use --checkers-report=<filename> to see details),nofile|0|information|checkersReport|Active checkers: 113/592 (use --checkers-report=<filename> to see details),/home/yichen/Desktop/Qwen_SDF_Results01/logs/F035_cppcheck.log
/home/yichen/Desktop/Qwen_SDF01/F036.c,cppcheck,True,success,True,0,12,2,information,missingIncludeSystem,Include file: <stdio.h> not found. Please note: Cppcheck does not need standard library headers to get proper results.,/home/yichen/Desktop/Qwen_SDF01/F036.c|2|information|missingIncludeSystem|Include file: <stdio.h> not found. Please note: Cppcheck does not need standard library headers to get proper results.,/home/yichen/Desktop/Qwen_SDF_Results01/logs/F036_cppcheck.log
/home/yichen/Desktop/Qwen_SDF01/F036.c,cppcheck,True,success,True,0,12,3,information,missingIncludeSystem,Include file: <stdlib.h> not found. Please note: Cppcheck does not need standard library headers to get proper results.,/home/yichen/Desktop/Qwen_SDF01/F036.c|3|information|missingIncludeSystem|Include file: <stdlib.h> not found. Please note: Cppcheck does not need standard library headers to get proper results.,/home/yichen/Desktop/Qwen_SDF_Results01/logs/F036_cppcheck.log
/home/yichen/Desktop/Qwen_SDF01/F036.c,cppcheck,True,success,True,0,12,4,information,missingIncludeSystem,Include file: <string.h> not found. Please note: Cppcheck does not need standard library headers to get proper results.,/home/yichen/Desktop/Qwen_SDF01/F036.c|4|information|missingIncludeSystem|Include file: <string.h> not found. Please note: Cppcheck does not need standard library headers to get proper results.,/home/yichen/Desktop/Qwen_SDF_Results01/logs/F036_cppcheck.log
/home/yichen/Desktop/Qwen_SDF01/F036.c,cppcheck,True,success,True,0,12,5,information,missingIncludeSystem,Include file: <stdint.h> not found. Please note: Cppcheck does not need standard library headers to get proper results.,/home/yichen/Desktop/Qwen_SDF01/F036.c|5|information|missingIncludeSystem|Include file: <stdint.h> not found. Please note: Cppcheck does not need standard library headers to get proper results.,/home/yichen/Desktop/Qwen_SDF_Results01/logs/F036_cppcheck.log
/home/yichen/Desktop/Qwen_SDF01/F036.c,cppcheck,True,success,True,0,12,37,style,constParameterPointer,Parameter 'l' can be declared as pointer to const,/home/yichen/Desktop/Qwen_SDF01/F036.c|37|style|constParameterPointer|Parameter 'l' can be declared as pointer to const,/home/yichen/Desktop/Qwen_SDF_Results01/logs/F036_cppcheck.log
/home/yichen/Desktop/Qwen_SDF01/F036.c,cppcheck,True,success,True,0,12,48,style,constVariablePointer,Variable 'cmd' can be declared as pointer to const,/home/yichen/Desktop/Qwen_SDF01/F036.c|48|style|constVariablePointer|Variable 'cmd' can be declared as pointer to const,/home/yichen/Desktop/Qwen_SDF_Results01/logs/F036_cppcheck.log
/home/yichen/Desktop/Qwen_SDF01/F036.c,cppcheck,True,success,True,0,12,52,style,constVariablePointer,Variable 'name' can be declared as pointer to const,/home/yichen/Desktop/Qwen_SDF01/F036.c|52|style|constVariablePointer|Variable 'name' can be declared as pointer to const,/home/yichen/Desktop/Qwen_SDF_Results01/logs/F036_cppcheck.log
/home/yichen/Desktop/Qwen_SDF01/F036.c,cppcheck,True,success,True,0,12,53,style,constVariablePointer,Variable 'len_data' can be declared as pointer to const,/home/yichen/Desktop/Qwen_SDF01/F036.c|53|style|constVariablePointer|Variable 'len_data' can be declared as pointer to const,/home/yichen/Desktop/Qwen_SDF_Results01/logs/F036_cppcheck.log
/home/yichen/Desktop/Qwen_SDF01/F036.c,cppcheck,True,success,True,0,12,59,style,constVariablePointer,Variable 'data' can be declared as pointer to const,/home/yichen/Desktop/Qwen_SDF01/F036.c|59|style|constVariablePointer|Variable 'data' can be declared as pointer to const,/home/yichen/Desktop/Qwen_SDF_Results01/logs/F036_cppcheck.log
/home/yichen/Desktop/Qwen_SDF01/F036.c,cppcheck,True,success,True,0,12,77,style,constVariablePointer,Variable 'name' can be declared as pointer to const,/home/yichen/Desktop/Qwen_SDF01/F036.c|77|style|constVariablePointer|Variable 'name' can be declared as pointer to const,/home/yichen/Desktop/Qwen_SDF_Results01/logs/F036_cppcheck.log
/home/yichen/Desktop/Qwen_SDF01/F036.c,cppcheck,True,success,True,0,12,88,style,constVariablePointer,Variable 'name' can be declared as pointer to const,/home/yichen/Desktop/Qwen_SDF01/F036.c|88|style|constVariablePointer|Variable 'name' can be declared as pointer to const,/home/yichen/Desktop/Qwen_SDF_Results01/logs/F036_cppcheck.log
nofile,cppcheck,True,success,True,0,12,0,information,checkersReport,Active checkers: 113/592 (use --checkers-report=<filename> to see details),nofile|0|information|checkersReport|Active checkers: 113/592 (use --checkers-report=<filename> to see details),/home/yichen/Desktop/Qwen_SDF_Results01/logs/F036_cppcheck.log
/home/yichen/Desktop/Qwen_SDF01/F037.c,cppcheck,True,success,True,0,15,2,information,missingIncludeSystem,Include file: <stdio.h> not found. Please note: Cppcheck does not need standard library headers to get proper results.,/home/yichen/Desktop/Qwen_SDF01/F037.c|2|information|missingIncludeSystem|Include file: <stdio.h> not found. Please note: Cppcheck does not need standard library headers to get proper results.,/home/yichen/Desktop/Qwen_SDF_Results01/logs/F037_cppcheck.log
/home/yichen/Desktop/Qwen_SDF01/F037.c,cppcheck,True,success,True,0,15,3,information,missingIncludeSystem,Include file: <stdlib.h> not found. Please note: Cppcheck does not need standard library headers to get proper results.,/home/yichen/Desktop/Qwen_SDF01/F037.c|3|information|missingIncludeSystem|Include file: <stdlib.h> not found. Please note: Cppcheck does not need standard library headers to get proper results.,/home/yichen/Desktop/Qwen_SDF_Results01/logs/F037_cppcheck.log
/home/yichen/Desktop/Qwen_SDF01/F037.c,cppcheck,True,success,True,0,15,4,information,missingIncludeSystem,Include file: <string.h> not found. Please note: Cppcheck does not need standard library headers to get proper results.,/home/yichen/Desktop/Qwen_SDF01/F037.c|4|information|missingIncludeSystem|Include file: <string.h> not found. Please note: Cppcheck does not need standard library headers to get proper results.,/home/yichen/Desktop/Qwen_SDF_Results01/logs/F037_cppcheck.log
/home/yichen/Desktop/Qwen_SDF01/F037.c,cppcheck,True,success,True,0,15,5,information,missingIncludeSystem,Include file: <stdint.h> not found. Please note: Cppcheck does not need standard library headers to get proper results.,/home/yichen/Desktop/Qwen_SDF01/F037.c|5|information|missingIncludeSystem|Include file: <stdint.h> not found. Please note: Cppcheck does not need standard library headers to get proper results.,/home/yichen/Desktop/Qwen_SDF_Results01/logs/F037_cppcheck.log
/home/yichen/Desktop/Qwen_SDF01/F037.c,cppcheck,True,success,True,0,15,59,style,constParameterPointer,Parameter 'l' can be declared as pointer to const,/home/yichen/Desktop/Qwen_SDF01/F037.c|59|style|constParameterPointer|Parameter 'l' can be declared as pointer to const,/home/yichen/Desktop/Qwen_SDF_Results01/logs/F037_cppcheck.log
/home/yichen/Desktop/Qwen_SDF01/F037.c,cppcheck,True,success,True,0,15,70,style,constVariablePointer,Variable 'cmd' can be declared as pointer to const,/home/yichen/Desktop/Qwen_SDF01/F037.c|70|style|constVariablePointer|Variable 'cmd' can be declared as pointer to const,/home/yichen/Desktop/Qwen_SDF_Results01/logs/F037_cppcheck.log
/home/yichen/Desktop/Qwen_SDF01/F037.c,cppcheck,True,success,True,0,15,74,style,constVariablePointer,Variable 'name' can be declared as pointer to const,/home/yichen/Desktop/Qwen_SDF01/F037.c|74|style|constVariablePointer|Variable 'name' can be declared as pointer to const,/home/yichen/Desktop/Qwen_SDF_Results01/logs/F037_cppcheck.log
/home/yichen/Desktop/Qwen_SDF01/F037.c,cppcheck,True,success,True,0,15,75,style,constVariablePointer,Variable 'hex' can be declared as pointer to const,/home/yichen/Desktop/Qwen_SDF01/F037.c|75|style|constVariablePointer|Variable 'hex' can be declared as pointer to const,/home/yichen/Desktop/Qwen_SDF_Results01/logs/F037_cppcheck.log
/home/yichen/Desktop/Qwen_SDF01/F037.c,cppcheck,True,success,True,0,15,101,style,constVariablePointer,Variable 'name' can be declared as pointer to const,/home/yichen/Desktop/Qwen_SDF01/F037.c|101|style|constVariablePointer|Variable 'name' can be declared as pointer to const,/home/yichen/Desktop/Qwen_SDF_Results01/logs/F037_cppcheck.log
/home/yichen/Desktop/Qwen_SDF01/F037.c,cppcheck,True,success,True,0,15,102,style,constVariablePointer,Variable 'hex' can be declared as pointer to const,/home/yichen/Desktop/Qwen_SDF01/F037.c|102|style|constVariablePointer|Variable 'hex' can be declared as pointer to const,/home/yichen/Desktop/Qwen_SDF_Results01/logs/F037_cppcheck.log
/home/yichen/Desktop/Qwen_SDF01/F037.c,cppcheck,True,success,True,0,15,127,style,constVariablePointer,Variable 'name' can be declared as pointer to const,/home/yichen/Desktop/Qwen_SDF01/F037.c|127|style|constVariablePointer|Variable 'name' can be declared as pointer to const,/home/yichen/Desktop/Qwen_SDF_Results01/logs/F037_cppcheck.log
/home/yichen/Desktop/Qwen_SDF01/F037.c,cppcheck,True,success,True,0,15,128,style,constVariablePointer,Variable 'off_s' can be declared as pointer to const,/home/yichen/Desktop/Qwen_SDF01/F037.c|128|style|constVariablePointer|Variable 'off_s' can be declared as pointer to const,/home/yichen/Desktop/Qwen_SDF_Results01/logs/F037_cppcheck.log
/home/yichen/Desktop/Qwen_SDF01/F037.c,cppcheck,True,success,True,0,15,129,style,constVariablePointer,Variable 'len_s' can be declared as pointer to const,/home/yichen/Desktop/Qwen_SDF01/F037.c|129|style|constVariablePointer|Variable 'len_s' can be declared as pointer to const,/home/yichen/Desktop/Qwen_SDF_Results01/logs/F037_cppcheck.log
/home/yichen/Desktop/Qwen_SDF01/F037.c,cppcheck,True,success,True,0,15,144,style,constVariablePointer,Variable 'name' can be declared as pointer to const,/home/yichen/Desktop/Qwen_SDF01/F037.c|144|style|constVariablePointer|Variable 'name' can be declared as pointer to const,/home/yichen/Desktop/Qwen_SDF_Results01/logs/F037_cppcheck.log
nofile,cppcheck,True,success,True,0,15,0,information,checkersReport,Active checkers: 113/592 (use --checkers-report=<filename> to see details),nofile|0|information|checkersReport|Active checkers: 113/592 (use --checkers-report=<filename> to see details),/home/yichen/Desktop/Qwen_SDF_Results01/logs/F037_cppcheck.log
/home/yichen/Desktop/Qwen_SDF01/F038.c,cppcheck,True,success,True,0,13,2,information,missingIncludeSystem,Include file: <stdio.h> not found. Please note: Cppcheck does not need standard library headers to get proper results.,/home/yichen/Desktop/Qwen_SDF01/F038.c|2|information|missingIncludeSystem|Include file: <stdio.h> not found. Please note: Cppcheck does not need standard library headers to get proper results.,/home/yichen/Desktop/Qwen_SDF_Results01/logs/F038_cppcheck.log
/home/yichen/Desktop/Qwen_SDF01/F038.c,cppcheck,True,success,True,0,13,3,information,missingIncludeSystem,Include file: <stdlib.h> not found. Please note: Cppcheck does not need standard library headers to get proper results.,/home/yichen/Desktop/Qwen_SDF01/F038.c|3|information|missingIncludeSystem|Include file: <stdlib.h> not found. Please note: Cppcheck does not need standard library headers to get proper results.,/home/yichen/Desktop/Qwen_SDF_Results01/logs/F038_cppcheck.log
/home/yichen/Desktop/Qwen_SDF01/F038.c,cppcheck,True,success,True,0,13,4,information,missingIncludeSystem,Include file: <string.h> not found. Please note: Cppcheck does not need standard library headers to get proper results.,/home/yichen/Desktop/Qwen_SDF01/F038.c|4|information|missingIncludeSystem|Include file: <string.h> not found. Please note: Cppcheck does not need standard library headers to get proper results.,/home/yichen/Desktop/Qwen_SDF_Results01/logs/F038_cppcheck.log
/home/yichen/Desktop/Qwen_SDF01/F038.c,cppcheck,True,success,True,0,13,5,information,missingIncludeSystem,Include file: <stdint.h> not found. Please note: Cppcheck does not need standard library headers to get proper results.,/home/yichen/Desktop/Qwen_SDF01/F038.c|5|information|missingIncludeSystem|Include file: <stdint.h> not found. Please note: Cppcheck does not need standard library headers to get proper results.,/home/yichen/Desktop/Qwen_SDF_Results01/logs/F038_cppcheck.log
/home/yichen/Desktop/Qwen_SDF01/F038.c,cppcheck,True,success,True,0,13,6,information,missingIncludeSystem,Include file: <ctype.h> not found. Please note: Cppcheck does not need standard library headers to get proper results.,/home/yichen/Desktop/Qwen_SDF01/F038.c|6|information|missingIncludeSystem|Include file: <ctype.h> not found. Please note: Cppcheck does not need standard library headers to get proper results.,/home/yichen/Desktop/Qwen_SDF_Results01/logs/F038_cppcheck.log
/home/yichen/Desktop/Qwen_SDF01/F038.c,cppcheck,True,success,True,0,13,38,style,constParameterPointer,Parameter 'l' can be declared as pointer to const,/home/yichen/Desktop/Qwen_SDF01/F038.c|38|style|constParameterPointer|Parameter 'l' can be declared as pointer to const,/home/yichen/Desktop/Qwen_SDF_Results01/logs/F038_cppcheck.log
/home/yichen/Desktop/Qwen_SDF01/F038.c,cppcheck,True,success,True,0,13,49,style,constVariablePointer,Variable 'cmd' can be declared as pointer to const,/home/yichen/Desktop/Qwen_SDF01/F038.c|49|style|constVariablePointer|Variable 'cmd' can be declared as pointer to const,/home/yichen/Desktop/Qwen_SDF_Results01/logs/F038_cppcheck.log
/home/yichen/Desktop/Qwen_SDF01/F038.c,cppcheck,True,success,True,0,13,53,style,constVariablePointer,Variable 'name' can be declared as pointer to const,/home/yichen/Desktop/Qwen_SDF01/F038.c|53|style|constVariablePointer|Variable 'name' can be declared as pointer to const,/home/yichen/Desktop/Qwen_SDF_Results01/logs/F038_cppcheck.log
/home/yichen/Desktop/Qwen_SDF01/F038.c,cppcheck,True,success,True,0,13,54,style,constVariablePointer,Variable 'enc' can be declared as pointer to const,/home/yichen/Desktop/Qwen_SDF01/F038.c|54|style|constVariablePointer|Variable 'enc' can be declared as pointer to const,/home/yichen/Desktop/Qwen_SDF_Results01/logs/F038_cppcheck.log
/home/yichen/Desktop/Qwen_SDF01/F038.c,cppcheck,True,success,True,0,13,70,style,constVariablePointer,Variable 'name' can be declared as pointer to const,/home/yichen/Desktop/Qwen_SDF01/F038.c|70|style|constVariablePointer|Variable 'name' can be declared as pointer to const,/home/yichen/Desktop/Qwen_SDF_Results01/logs/F038_cppcheck.log
/home/yichen/Desktop/Qwen_SDF01/F038.c,cppcheck,True,success,True,0,13,74,style,constVariablePointer,Variable 'e' can be declared as pointer to const,/home/yichen/Desktop/Qwen_SDF01/F038.c|74|style|constVariablePointer|Variable 'e' can be declared as pointer to const,/home/yichen/Desktop/Qwen_SDF_Results01/logs/F038_cppcheck.log
/home/yichen/Desktop/Qwen_SDF01/F038.c,cppcheck,True,success,True,0,13,113,style,constVariablePointer,Variable 'name' can be declared as pointer to const,/home/yichen/Desktop/Qwen_SDF01/F038.c|113|style|constVariablePointer|Variable 'name' can be declared as pointer to const,/home/yichen/Desktop/Qwen_SDF_Results01/logs/F038_cppcheck.log
nofile,cppcheck,True,success,True,0,13,0,information,checkersReport,Active checkers: 113/592 (use --checkers-report=<filename> to see details),nofile|0|information|checkersReport|Active checkers: 113/592 (use --checkers-report=<filename> to see details),/home/yichen/Desktop/Qwen_SDF_Results01/logs/F038_cppcheck.log
/home/yichen/Desktop/Qwen_SDF01/F039.c,cppcheck,True,success,True,0,18,2,information,missingIncludeSystem,Include file: <stdio.h> not found. Please note: Cppcheck does not need standard library headers to get proper results.,/home/yichen/Desktop/Qwen_SDF01/F039.c|2|information|missingIncludeSystem|Include file: <stdio.h> not found. Please note: Cppcheck does not need standard library headers to get proper results.,/home/yichen/Desktop/Qwen_SDF_Results01/logs/F039_cppcheck.log
/home/yichen/Desktop/Qwen_SDF01/F039.c,cppcheck,True,success,True,0,18,3,information,missingIncludeSystem,Include file: <stdlib.h> not found. Please note: Cppcheck does not need standard library headers to get proper results.,/home/yichen/Desktop/Qwen_SDF01/F039.c|3|information|missingIncludeSystem|Include file: <stdlib.h> not found. Please note: Cppcheck does not need standard library headers to get proper results.,/home/yichen/Desktop/Qwen_SDF_Results01/logs/F039_cppcheck.log
/home/yichen/Desktop/Qwen_SDF01/F039.c,cppcheck,True,success,True,0,18,4,information,missingIncludeSystem,Include file: <string.h> not found. Please note: Cppcheck does not need standard library headers to get proper results.,/home/yichen/Desktop/Qwen_SDF01/F039.c|4|information|missingIncludeSystem|Include file: <string.h> not found. Please note: Cppcheck does not need standard library headers to get proper results.,/home/yichen/Desktop/Qwen_SDF_Results01/logs/F039_cppcheck.log
/home/yichen/Desktop/Qwen_SDF01/F039.c,cppcheck,True,success,True,0,18,5,information,missingIncludeSystem,Include file: <stdint.h> not found. Please note: Cppcheck does not need standard library headers to get proper results.,/home/yichen/Desktop/Qwen_SDF01/F039.c|5|information|missingIncludeSystem|Include file: <stdint.h> not found. Please note: Cppcheck does not need standard library headers to get proper results.,/home/yichen/Desktop/Qwen_SDF_Results01/logs/F039_cppcheck.log
/home/yichen/Desktop/Qwen_SDF01/F039.c,cppcheck,True,success,True,0,18,32,style,constParameterPointer,Parameter 'l' can be declared as pointer to const,/home/yichen/Desktop/Qwen_SDF01/F039.c|32|style|constParameterPointer|Parameter 'l' can be declared as pointer to const,/home/yichen/Desktop/Qwen_SDF_Results01/logs/F039_cppcheck.log
/home/yichen/Desktop/Qwen_SDF01/F039.c,cppcheck,True,success,True,0,18,43,style,constVariablePointer,Variable 'cmd' can be declared as pointer to const,/home/yichen/Desktop/Qwen_SDF01/F039.c|43|style|constVariablePointer|Variable 'cmd' can be declared as pointer to const,/home/yichen/Desktop/Qwen_SDF_Results01/logs/F039_cppcheck.log
/home/yichen/Desktop/Qwen_SDF01/F039.c,cppcheck,True,success,True,0,18,47,style,constVariablePointer,Variable 'name' can be declared as pointer to const,/home/yichen/Desktop/Qwen_SDF01/F039.c|47|style|constVariablePointer|Variable 'name' can be declared as pointer to const,/home/yichen/Desktop/Qwen_SDF_Results01/logs/F039_cppcheck.log
/home/yichen/Desktop/Qwen_SDF01/F039.c,cppcheck,True,success,True,0,18,48,style,constVariablePointer,Variable 'r_s' can be declared as pointer to const,/home/yichen/Desktop/Qwen_SDF01/F039.c|48|style|constVariablePointer|Variable 'r_s' can be declared as pointer to const,/home/yichen/Desktop/Qwen_SDF_Results01/logs/F039_cppcheck.log
/home/yichen/Desktop/Qwen_SDF01/F039.c,cppcheck,True,success,True,0,18,49,style,constVariablePointer,Variable 'c_s' can be declared as pointer to const,/home/yichen/Desktop/Qwen_SDF01/F039.c|49|style|constVariablePointer|Variable 'c_s' can be declared as pointer to const,/home/yichen/Desktop/Qwen_SDF_Results01/logs/F039_cppcheck.log
/home/yichen/Desktop/Qwen_SDF01/F039.c,cppcheck,True,success,True,0,18,74,style,constVariablePointer,Variable 'name' can be declared as pointer to const,/home/yichen/Desktop/Qwen_SDF01/F039.c|74|style|constVariablePointer|Variable 'name' can be declared as pointer to const,/home/yichen/Desktop/Qwen_SDF_Results01/logs/F039_cppcheck.log
/home/yichen/Desktop/Qwen_SDF01/F039.c,cppcheck,True,success,True,0,18,75,style,constVariablePointer,Variable 'r_s' can be declared as pointer to const,/home/yichen/Desktop/Qwen_SDF01/F039.c|75|style|constVariablePointer|Variable 'r_s' can be declared as pointer to const,/home/yichen/Desktop/Qwen_SDF_Results01/logs/F039_cppcheck.log
/home/yichen/Desktop/Qwen_SDF01/F039.c,cppcheck,True,success,True,0,18,76,style,constVariablePointer,Variable 'c_s' can be declared as pointer to const,/home/yichen/Desktop/Qwen_SDF01/F039.c|76|style|constVariablePointer|Variable 'c_s' can be declared as pointer to const,/home/yichen/Desktop/Qwen_SDF_Results01/logs/F039_cppcheck.log
/home/yichen/Desktop/Qwen_SDF01/F039.c,cppcheck,True,success,True,0,18,77,style,constVariablePointer,Variable 'val' can be declared as pointer to const,/home/yichen/Desktop/Qwen_SDF01/F039.c|77|style|constVariablePointer|Variable 'val' can be declared as pointer to const,/home/yichen/Desktop/Qwen_SDF_Results01/logs/F039_cppcheck.log
/home/yichen/Desktop/Qwen_SDF01/F039.c,cppcheck,True,success,True,0,18,93,style,constVariablePointer,Variable 'name' can be declared as pointer to const,/home/yichen/Desktop/Qwen_SDF01/F039.c|93|style|constVariablePointer|Variable 'name' can be declared as pointer to const,/home/yichen/Desktop/Qwen_SDF_Results01/logs/F039_cppcheck.log
/home/yichen/Desktop/Qwen_SDF01/F039.c,cppcheck,True,success,True,0,18,94,style,constVariablePointer,Variable 'r_s' can be declared as pointer to const,/home/yichen/Desktop/Qwen_SDF01/F039.c|94|style|constVariablePointer|Variable 'r_s' can be declared as pointer to const,/home/yichen/Desktop/Qwen_SDF_Results01/logs/F039_cppcheck.log
/home/yichen/Desktop/Qwen_SDF01/F039.c,cppcheck,True,success,True,0,18,95,style,constVariablePointer,Variable 'c_s' can be declared as pointer to const,/home/yichen/Desktop/Qwen_SDF01/F039.c|95|style|constVariablePointer|Variable 'c_s' can be declared as pointer to const,/home/yichen/Desktop/Qwen_SDF_Results01/logs/F039_cppcheck.log
/home/yichen/Desktop/Qwen_SDF01/F039.c,cppcheck,True,success,True,0,18,111,style,constVariablePointer,Variable 'name' can be declared as pointer to const,/home/yichen/Desktop/Qwen_SDF01/F039.c|111|style|constVariablePointer|Variable 'name' can be declared as pointer to const,/home/yichen/Desktop/Qwen_SDF_Results01/logs/F039_cppcheck.log
nofile,cppcheck,True,success,True,0,18,0,information,checkersReport,Active checkers: 113/592 (use --checkers-report=<filename> to see details),nofile|0|information|checkersReport|Active checkers: 113/592 (use --checkers-report=<filename> to see details),/home/yichen/Desktop/Qwen_SDF_Results01/logs/F039_cppcheck.log
/home/yichen/Desktop/Qwen_SDF01/F040.c,cppcheck,True,success,True,0,15,2,information,missingIncludeSystem,Include file: <stdio.h> not found. Please note: Cppcheck does not need standard library headers to get proper results.,/home/yichen/Desktop/Qwen_SDF01/F040.c|2|information|missingIncludeSystem|Include file: <stdio.h> not found. Please note: Cppcheck does not need standard library headers to get proper results.,/home/yichen/Desktop/Qwen_SDF_Results01/logs/F040_cppcheck.log
/home/yichen/Desktop/Qwen_SDF01/F040.c,cppcheck,True,success,True,0,15,3,information,missingIncludeSystem,Include file: <stdlib.h> not found. Please note: Cppcheck does not need standard library headers to get proper results.,/home/yichen/Desktop/Qwen_SDF01/F040.c|3|information|missingIncludeSystem|Include file: <stdlib.h> not found. Please note: Cppcheck does not need standard library headers to get proper results.,/home/yichen/Desktop/Qwen_SDF_Results01/logs/F040_cppcheck.log
/home/yichen/Desktop/Qwen_SDF01/F040.c,cppcheck,True,success,True,0,15,4,information,missingIncludeSystem,Include file: <string.h> not found. Please note: Cppcheck does not need standard library headers to get proper results.,/home/yichen/Desktop/Qwen_SDF01/F040.c|4|information|missingIncludeSystem|Include file: <string.h> not found. Please note: Cppcheck does not need standard library headers to get proper results.,/home/yichen/Desktop/Qwen_SDF_Results01/logs/F040_cppcheck.log
/home/yichen/Desktop/Qwen_SDF01/F040.c,cppcheck,True,success,True,0,15,5,information,missingIncludeSystem,Include file: <stdint.h> not found. Please note: Cppcheck does not need standard library headers to get proper results.,/home/yichen/Desktop/Qwen_SDF01/F040.c|5|information|missingIncludeSystem|Include file: <stdint.h> not found. Please note: Cppcheck does not need standard library headers to get proper results.,/home/yichen/Desktop/Qwen_SDF_Results01/logs/F040_cppcheck.log
/home/yichen/Desktop/Qwen_SDF01/F040.c,cppcheck,True,success,True,0,15,32,style,constParameterPointer,Parameter 'l' can be declared as pointer to const,/home/yichen/Desktop/Qwen_SDF01/F040.c|32|style|constParameterPointer|Parameter 'l' can be declared as pointer to const,/home/yichen/Desktop/Qwen_SDF_Results01/logs/F040_cppcheck.log
/home/yichen/Desktop/Qwen_SDF01/F040.c,cppcheck,True,success,True,0,15,43,style,constVariablePointer,Variable 'cmd' can be declared as pointer to const,/home/yichen/Desktop/Qwen_SDF01/F040.c|43|style|constVariablePointer|Variable 'cmd' can be declared as pointer to const,/home/yichen/Desktop/Qwen_SDF_Results01/logs/F040_cppcheck.log
/home/yichen/Desktop/Qwen_SDF01/F040.c,cppcheck,True,success,True,0,15,47,style,constVariablePointer,Variable 'id' can be declared as pointer to const,/home/yichen/Desktop/Qwen_SDF01/F040.c|47|style|constVariablePointer|Variable 'id' can be declared as pointer to const,/home/yichen/Desktop/Qwen_SDF_Results01/logs/F040_cppcheck.log
/home/yichen/Desktop/Qwen_SDF01/F040.c,cppcheck,True,success,True,0,15,48,style,constVariablePointer,Variable 'hl_s' can be declared as pointer to const,/home/yichen/Desktop/Qwen_SDF01/F040.c|48|style|constVariablePointer|Variable 'hl_s' can be declared as pointer to const,/home/yichen/Desktop/Qwen_SDF_Results01/logs/F040_cppcheck.log
/home/yichen/Desktop/Qwen_SDF01/F040.c,cppcheck,True,success,True,0,15,49,style,constVariablePointer,Variable 'pl_s' can be declared as pointer to const,/home/yichen/Desktop/Qwen_SDF01/F040.c|49|style|constVariablePointer|Variable 'pl_s' can be declared as pointer to const,/home/yichen/Desktop/Qwen_SDF_Results01/logs/F040_cppcheck.log
/home/yichen/Desktop/Qwen_SDF01/F040.c,cppcheck,True,success,True,0,15,50,style,constVariablePointer,Variable 'header' can be declared as pointer to const,/home/yichen/Desktop/Qwen_SDF01/F040.c|50|style|constVariablePointer|Variable 'header' can be declared as pointer to const,/home/yichen/Desktop/Qwen_SDF_Results01/logs/F040_cppcheck.log
/home/yichen/Desktop/Qwen_SDF01/F040.c,cppcheck,True,success,True,0,15,51,style,constVariablePointer,Variable 'payload' can be declared as pointer to const,/home/yichen/Desktop/Qwen_SDF01/F040.c|51|style|constVariablePointer|Variable 'payload' can be declared as pointer to const,/home/yichen/Desktop/Qwen_SDF_Results01/logs/F040_cppcheck.log
/home/yichen/Desktop/Qwen_SDF01/F040.c,cppcheck,True,success,True,0,15,72,style,constVariablePointer,Variable 'id' can be declared as pointer to const,/home/yichen/Desktop/Qwen_SDF01/F040.c|72|style|constVariablePointer|Variable 'id' can be declared as pointer to const,/home/yichen/Desktop/Qwen_SDF_Results01/logs/F040_cppcheck.log
/home/yichen/Desktop/Qwen_SDF01/F040.c,cppcheck,True,success,True,0,15,84,style,constVariablePointer,Variable 'id' can be declared as pointer to const,/home/yichen/Desktop/Qwen_SDF01/F040.c|84|style|constVariablePointer|Variable 'id' can be declared as pointer to const,/home/yichen/Desktop/Qwen_SDF_Results01/logs/F040_cppcheck.log
/home/yichen/Desktop/Qwen_SDF01/F040.c,cppcheck,True,success,True,0,15,92,style,constVariablePointer,Variable 'id' can be declared as pointer to const,/home/yichen/Desktop/Qwen_SDF01/F040.c|92|style|constVariablePointer|Variable 'id' can be declared as pointer to const,/home/yichen/Desktop/Qwen_SDF_Results01/logs/F040_cppcheck.log
nofile,cppcheck,True,success,True,0,15,0,information,checkersReport,Active checkers: 113/592 (use --checkers-report=<filename> to see details),nofile|0|information|checkersReport|Active checkers: 113/592 (use --checkers-report=<filename> to see details),/home/yichen/Desktop/Qwen_SDF_Results01/logs/F040_cppcheck.log
