file,tool,attempted,status,success,returncode,finding_count,line,severity,check_id,message,evidence,log_path
/home/yichen/Desktop/Qwen_Baseline04/F001.c,cppcheck,True,success,True,0,14,2,information,missingIncludeSystem,Include file: <stdio.h> not found. Please note: Cppcheck does not need standard library headers to get proper results.,/home/yichen/Desktop/Qwen_Baseline04/F001.c|2|information|missingIncludeSystem|Include file: <stdio.h> not found. Please note: Cppcheck does not need standard library headers to get proper results.,/home/yichen/Desktop/Qwen_Baseline_Results04/logs/F001_cppcheck.log
/home/yichen/Desktop/Qwen_Baseline04/F001.c,cppcheck,True,success,True,0,14,3,information,missingIncludeSystem,Include file: <stdlib.h> not found. Please note: Cppcheck does not need standard library headers to get proper results.,/home/yichen/Desktop/Qwen_Baseline04/F001.c|3|information|missingIncludeSystem|Include file: <stdlib.h> not found. Please note: Cppcheck does not need standard library headers to get proper results.,/home/yichen/Desktop/Qwen_Baseline_Results04/logs/F001_cppcheck.log
/home/yichen/Desktop/Qwen_Baseline04/F001.c,cppcheck,True,success,True,0,14,4,information,missingIncludeSystem,Include file: <string.h> not found. Please note: Cppcheck does not need standard library headers to get proper results.,/home/yichen/Desktop/Qwen_Baseline04/F001.c|4|information|missingIncludeSystem|Include file: <string.h> not found. Please note: Cppcheck does not need standard library headers to get proper results.,/home/yichen/Desktop/Qwen_Baseline_Results04/logs/F001_cppcheck.log
/home/yichen/Desktop/Qwen_Baseline04/F001.c,cppcheck,True,success,True,0,14,23,warning,invalidscanf,scanf() without field width limits can crash with huge input data.,/home/yichen/Desktop/Qwen_Baseline04/F001.c|23|warning|invalidscanf|scanf() without field width limits can crash with huge input data.,/home/yichen/Desktop/Qwen_Baseline_Results04/logs/F001_cppcheck.log
/home/yichen/Desktop/Qwen_Baseline04/F001.c,cppcheck,True,success,True,0,14,27,warning,invalidscanf,scanf() without field width limits can crash with huge input data.,/home/yichen/Desktop/Qwen_Baseline04/F001.c|27|warning|invalidscanf|scanf() without field width limits can crash with huge input data.,/home/yichen/Desktop/Qwen_Baseline_Results04/logs/F001_cppcheck.log
/home/yichen/Desktop/Qwen_Baseline04/F001.c,cppcheck,True,success,True,0,14,29,warning,invalidscanf,scanf() without field width limits can crash with huge input data.,/home/yichen/Desktop/Qwen_Baseline04/F001.c|29|warning|invalidscanf|scanf() without field width limits can crash with huge input data.,/home/yichen/Desktop/Qwen_Baseline_Results04/logs/F001_cppcheck.log
/home/yichen/Desktop/Qwen_Baseline04/F001.c,cppcheck,True,success,True,0,14,42,warning,invalidscanf,scanf() without field width limits can crash with huge input data.,/home/yichen/Desktop/Qwen_Baseline04/F001.c|42|warning|invalidscanf|scanf() without field width limits can crash with huge input data.,/home/yichen/Desktop/Qwen_Baseline_Results04/logs/F001_cppcheck.log
/home/yichen/Desktop/Qwen_Baseline04/F001.c,cppcheck,True,success,True,0,14,44,warning,invalidscanf,scanf() without field width limits can crash with huge input data.,/home/yichen/Desktop/Qwen_Baseline04/F001.c|44|warning|invalidscanf|scanf() without field width limits can crash with huge input data.,/home/yichen/Desktop/Qwen_Baseline_Results04/logs/F001_cppcheck.log
/home/yichen/Desktop/Qwen_Baseline04/F001.c,cppcheck,True,success,True,0,14,56,warning,invalidscanf,scanf() without field width limits can crash with huge input data.,/home/yichen/Desktop/Qwen_Baseline04/F001.c|56|warning|invalidscanf|scanf() without field width limits can crash with huge input data.,/home/yichen/Desktop/Qwen_Baseline_Results04/logs/F001_cppcheck.log
/home/yichen/Desktop/Qwen_Baseline04/F001.c,cppcheck,True,success,True,0,14,58,warning,invalidscanf,scanf() without field width limits can crash with huge input data.,/home/yichen/Desktop/Qwen_Baseline04/F001.c|58|warning|invalidscanf|scanf() without field width limits can crash with huge input data.,/home/yichen/Desktop/Qwen_Baseline_Results04/logs/F001_cppcheck.log
/home/yichen/Desktop/Qwen_Baseline04/F001.c,cppcheck,True,success,True,0,14,66,warning,invalidscanf,scanf() without field width limits can crash with huge input data.,/home/yichen/Desktop/Qwen_Baseline04/F001.c|66|warning|invalidscanf|scanf() without field width limits can crash with huge input data.,/home/yichen/Desktop/Qwen_Baseline_Results04/logs/F001_cppcheck.log
/home/yichen/Desktop/Qwen_Baseline04/F001.c,cppcheck,True,success,True,0,14,78,warning,invalidscanf,scanf() without field width limits can crash with huge input data.,/home/yichen/Desktop/Qwen_Baseline04/F001.c|78|warning|invalidscanf|scanf() without field width limits can crash with huge input data.,/home/yichen/Desktop/Qwen_Baseline_Results04/logs/F001_cppcheck.log
/home/yichen/Desktop/Qwen_Baseline04/F001.c,cppcheck,True,success,True,0,14,32,error,memleakOnRealloc,Common realloc mistake: 'paras' nulled but not freed upon failure,/home/yichen/Desktop/Qwen_Baseline04/F001.c|32|error|memleakOnRealloc|Common realloc mistake: 'paras' nulled but not freed upon failure,/home/yichen/Desktop/Qwen_Baseline_Results04/logs/F001_cppcheck.log
nofile,cppcheck,True,success,True,0,14,0,information,checkersReport,Active checkers: 113/592 (use --checkers-report=<filename> to see details),nofile|0|information|checkersReport|Active checkers: 113/592 (use --checkers-report=<filename> to see details),/home/yichen/Desktop/Qwen_Baseline_Results04/logs/F001_cppcheck.log
/home/yichen/Desktop/Qwen_Baseline04/F002.c,cppcheck,True,success,True,0,14,2,information,missingIncludeSystem,Include file: <stdio.h> not found. Please note: Cppcheck does not need standard library headers to get proper results.,/home/yichen/Desktop/Qwen_Baseline04/F002.c|2|information|missingIncludeSystem|Include file: <stdio.h> not found. Please note: Cppcheck does not need standard library headers to get proper results.,/home/yichen/Desktop/Qwen_Baseline_Results04/logs/F002_cppcheck.log
/home/yichen/Desktop/Qwen_Baseline04/F002.c,cppcheck,True,success,True,0,14,3,information,missingIncludeSystem,Include file: <stdlib.h> not found. Please note: Cppcheck does not need standard library headers to get proper results.,/home/yichen/Desktop/Qwen_Baseline04/F002.c|3|information|missingIncludeSystem|Include file: <stdlib.h> not found. Please note: Cppcheck does not need standard library headers to get proper results.,/home/yichen/Desktop/Qwen_Baseline_Results04/logs/F002_cppcheck.log
/home/yichen/Desktop/Qwen_Baseline04/F002.c,cppcheck,True,success,True,0,14,4,information,missingIncludeSystem,Include file: <string.h> not found. Please note: Cppcheck does not need standard library headers to get proper results.,/home/yichen/Desktop/Qwen_Baseline04/F002.c|4|information|missingIncludeSystem|Include file: <string.h> not found. Please note: Cppcheck does not need standard library headers to get proper results.,/home/yichen/Desktop/Qwen_Baseline_Results04/logs/F002_cppcheck.log
/home/yichen/Desktop/Qwen_Baseline04/F002.c,cppcheck,True,success,True,0,14,16,warning,invalidscanf,scanf() without field width limits can crash with huge input data.,/home/yichen/Desktop/Qwen_Baseline04/F002.c|16|warning|invalidscanf|scanf() without field width limits can crash with huge input data.,/home/yichen/Desktop/Qwen_Baseline_Results04/logs/F002_cppcheck.log
/home/yichen/Desktop/Qwen_Baseline04/F002.c,cppcheck,True,success,True,0,14,20,warning,invalidscanf,scanf() without field width limits can crash with huge input data.,/home/yichen/Desktop/Qwen_Baseline04/F002.c|20|warning|invalidscanf|scanf() without field width limits can crash with huge input data.,/home/yichen/Desktop/Qwen_Baseline_Results04/logs/F002_cppcheck.log
/home/yichen/Desktop/Qwen_Baseline04/F002.c,cppcheck,True,success,True,0,14,21,warning,invalidscanf,scanf() without field width limits can crash with huge input data.,/home/yichen/Desktop/Qwen_Baseline04/F002.c|21|warning|invalidscanf|scanf() without field width limits can crash with huge input data.,/home/yichen/Desktop/Qwen_Baseline_Results04/logs/F002_cppcheck.log
/home/yichen/Desktop/Qwen_Baseline04/F002.c,cppcheck,True,success,True,0,14,28,warning,invalidscanf,scanf() without field width limits can crash with huge input data.,/home/yichen/Desktop/Qwen_Baseline04/F002.c|28|warning|invalidscanf|scanf() without field width limits can crash with huge input data.,/home/yichen/Desktop/Qwen_Baseline_Results04/logs/F002_cppcheck.log
/home/yichen/Desktop/Qwen_Baseline04/F002.c,cppcheck,True,success,True,0,14,44,warning,invalidscanf,scanf() without field width limits can crash with huge input data.,/home/yichen/Desktop/Qwen_Baseline04/F002.c|44|warning|invalidscanf|scanf() without field width limits can crash with huge input data.,/home/yichen/Desktop/Qwen_Baseline_Results04/logs/F002_cppcheck.log
/home/yichen/Desktop/Qwen_Baseline04/F002.c,cppcheck,True,success,True,0,14,57,warning,invalidscanf,scanf() without field width limits can crash with huge input data.,/home/yichen/Desktop/Qwen_Baseline04/F002.c|57|warning|invalidscanf|scanf() without field width limits can crash with huge input data.,/home/yichen/Desktop/Qwen_Baseline_Results04/logs/F002_cppcheck.log
/home/yichen/Desktop/Qwen_Baseline04/F002.c,cppcheck,True,success,True,0,14,22,error,memleakOnRealloc,Common realloc mistake: 'recs' nulled but not freed upon failure,/home/yichen/Desktop/Qwen_Baseline04/F002.c|22|error|memleakOnRealloc|Common realloc mistake: 'recs' nulled but not freed upon failure,/home/yichen/Desktop/Qwen_Baseline_Results04/logs/F002_cppcheck.log
/home/yichen/Desktop/Qwen_Baseline04/F002.c,cppcheck,True,success,True,0,14,37,error,memleakOnRealloc,Common realloc mistake: 'recs' nulled but not freed upon failure,/home/yichen/Desktop/Qwen_Baseline04/F002.c|37|error|memleakOnRealloc|Common realloc mistake: 'recs' nulled but not freed upon failure,/home/yichen/Desktop/Qwen_Baseline_Results04/logs/F002_cppcheck.log
/home/yichen/Desktop/Qwen_Baseline04/F002.c,cppcheck,True,success,True,0,14,29,style,constVariablePointer,Variable 'm1' can be declared as pointer to const,/home/yichen/Desktop/Qwen_Baseline04/F002.c|29|style|constVariablePointer|Variable 'm1' can be declared as pointer to const,/home/yichen/Desktop/Qwen_Baseline_Results04/logs/F002_cppcheck.log
/home/yichen/Desktop/Qwen_Baseline04/F002.c,cppcheck,True,success,True,0,14,29,style,constVariablePointer,Variable 'm2' can be declared as pointer to const,/home/yichen/Desktop/Qwen_Baseline04/F002.c|29|style|constVariablePointer|Variable 'm2' can be declared as pointer to const,/home/yichen/Desktop/Qwen_Baseline_Results04/logs/F002_cppcheck.log
nofile,cppcheck,True,success,True,0,14,0,information,checkersReport,Active checkers: 113/592 (use --checkers-report=<filename> to see details),nofile|0|information|checkersReport|Active checkers: 113/592 (use --checkers-report=<filename> to see details),/home/yichen/Desktop/Qwen_Baseline_Results04/logs/F002_cppcheck.log
/home/yichen/Desktop/Qwen_Baseline04/F003.c,cppcheck,True,success,True,0,11,2,information,missingIncludeSystem,Include file: <stdio.h> not found. Please note: Cppcheck does not need standard library headers to get proper results.,/home/yichen/Desktop/Qwen_Baseline04/F003.c|2|information|missingIncludeSystem|Include file: <stdio.h> not found. Please note: Cppcheck does not need standard library headers to get proper results.,/home/yichen/Desktop/Qwen_Baseline_Results04/logs/F003_cppcheck.log
/home/yichen/Desktop/Qwen_Baseline04/F003.c,cppcheck,True,success,True,0,11,3,information,missingIncludeSystem,Include file: <stdlib.h> not found. Please note: Cppcheck does not need standard library headers to get proper results.,/home/yichen/Desktop/Qwen_Baseline04/F003.c|3|information|missingIncludeSystem|Include file: <stdlib.h> not found. Please note: Cppcheck does not need standard library headers to get proper results.,/home/yichen/Desktop/Qwen_Baseline_Results04/logs/F003_cppcheck.log
/home/yichen/Desktop/Qwen_Baseline04/F003.c,cppcheck,True,success,True,0,11,4,information,missingIncludeSystem,Include file: <string.h> not found. Please note: Cppcheck does not need standard library headers to get proper results.,/home/yichen/Desktop/Qwen_Baseline04/F003.c|4|information|missingIncludeSystem|Include file: <string.h> not found. Please note: Cppcheck does not need standard library headers to get proper results.,/home/yichen/Desktop/Qwen_Baseline_Results04/logs/F003_cppcheck.log
/home/yichen/Desktop/Qwen_Baseline04/F003.c,cppcheck,True,success,True,0,11,16,warning,invalidscanf,scanf() without field width limits can crash with huge input data.,/home/yichen/Desktop/Qwen_Baseline04/F003.c|16|warning|invalidscanf|scanf() without field width limits can crash with huge input data.,/home/yichen/Desktop/Qwen_Baseline_Results04/logs/F003_cppcheck.log
/home/yichen/Desktop/Qwen_Baseline04/F003.c,cppcheck,True,success,True,0,11,20,warning,invalidscanf,scanf() without field width limits can crash with huge input data.,/home/yichen/Desktop/Qwen_Baseline04/F003.c|20|warning|invalidscanf|scanf() without field width limits can crash with huge input data.,/home/yichen/Desktop/Qwen_Baseline_Results04/logs/F003_cppcheck.log
/home/yichen/Desktop/Qwen_Baseline04/F003.c,cppcheck,True,success,True,0,11,21,warning,invalidscanf,scanf() without field width limits can crash with huge input data.,/home/yichen/Desktop/Qwen_Baseline04/F003.c|21|warning|invalidscanf|scanf() without field width limits can crash with huge input data.,/home/yichen/Desktop/Qwen_Baseline_Results04/logs/F003_cppcheck.log
/home/yichen/Desktop/Qwen_Baseline04/F003.c,cppcheck,True,success,True,0,11,37,warning,invalidscanf,scanf() without field width limits can crash with huge input data.,/home/yichen/Desktop/Qwen_Baseline04/F003.c|37|warning|invalidscanf|scanf() without field width limits can crash with huge input data.,/home/yichen/Desktop/Qwen_Baseline_Results04/logs/F003_cppcheck.log
/home/yichen/Desktop/Qwen_Baseline04/F003.c,cppcheck,True,success,True,0,11,50,warning,invalidscanf,scanf() without field width limits can crash with huge input data.,/home/yichen/Desktop/Qwen_Baseline04/F003.c|50|warning|invalidscanf|scanf() without field width limits can crash with huge input data.,/home/yichen/Desktop/Qwen_Baseline_Results04/logs/F003_cppcheck.log
/home/yichen/Desktop/Qwen_Baseline04/F003.c,cppcheck,True,success,True,0,11,60,warning,invalidscanf,scanf() without field width limits can crash with huge input data.,/home/yichen/Desktop/Qwen_Baseline04/F003.c|60|warning|invalidscanf|scanf() without field width limits can crash with huge input data.,/home/yichen/Desktop/Qwen_Baseline_Results04/logs/F003_cppcheck.log
/home/yichen/Desktop/Qwen_Baseline04/F003.c,cppcheck,True,success,True,0,11,30,error,memleakOnRealloc,Common realloc mistake: 'aliases' nulled but not freed upon failure,/home/yichen/Desktop/Qwen_Baseline04/F003.c|30|error|memleakOnRealloc|Common realloc mistake: 'aliases' nulled but not freed upon failure,/home/yichen/Desktop/Qwen_Baseline_Results04/logs/F003_cppcheck.log
nofile,cppcheck,True,success,True,0,11,0,information,checkersReport,Active checkers: 113/592 (use --checkers-report=<filename> to see details),nofile|0|information|checkersReport|Active checkers: 113/592 (use --checkers-report=<filename> to see details),/home/yichen/Desktop/Qwen_Baseline_Results04/logs/F003_cppcheck.log
/home/yichen/Desktop/Qwen_Baseline04/F004.c,cppcheck,True,success,True,0,11,2,information,missingIncludeSystem,Include file: <stdio.h> not found. Please note: Cppcheck does not need standard library headers to get proper results.,/home/yichen/Desktop/Qwen_Baseline04/F004.c|2|information|missingIncludeSystem|Include file: <stdio.h> not found. Please note: Cppcheck does not need standard library headers to get proper results.,/home/yichen/Desktop/Qwen_Baseline_Results04/logs/F004_cppcheck.log
/home/yichen/Desktop/Qwen_Baseline04/F004.c,cppcheck,True,success,True,0,11,3,information,missingIncludeSystem,Include file: <stdlib.h> not found. Please note: Cppcheck does not need standard library headers to get proper results.,/home/yichen/Desktop/Qwen_Baseline04/F004.c|3|information|missingIncludeSystem|Include file: <stdlib.h> not found. Please note: Cppcheck does not need standard library headers to get proper results.,/home/yichen/Desktop/Qwen_Baseline_Results04/logs/F004_cppcheck.log
/home/yichen/Desktop/Qwen_Baseline04/F004.c,cppcheck,True,success,True,0,11,4,information,missingIncludeSystem,Include file: <string.h> not found. Please note: Cppcheck does not need standard library headers to get proper results.,/home/yichen/Desktop/Qwen_Baseline04/F004.c|4|information|missingIncludeSystem|Include file: <string.h> not found. Please note: Cppcheck does not need standard library headers to get proper results.,/home/yichen/Desktop/Qwen_Baseline_Results04/logs/F004_cppcheck.log
/home/yichen/Desktop/Qwen_Baseline04/F004.c,cppcheck,True,success,True,0,11,16,warning,invalidscanf,scanf() without field width limits can crash with huge input data.,/home/yichen/Desktop/Qwen_Baseline04/F004.c|16|warning|invalidscanf|scanf() without field width limits can crash with huge input data.,/home/yichen/Desktop/Qwen_Baseline_Results04/logs/F004_cppcheck.log
/home/yichen/Desktop/Qwen_Baseline04/F004.c,cppcheck,True,success,True,0,11,20,warning,invalidscanf,scanf() without field width limits can crash with huge input data.,/home/yichen/Desktop/Qwen_Baseline04/F004.c|20|warning|invalidscanf|scanf() without field width limits can crash with huge input data.,/home/yichen/Desktop/Qwen_Baseline_Results04/logs/F004_cppcheck.log
/home/yichen/Desktop/Qwen_Baseline04/F004.c,cppcheck,True,success,True,0,11,21,warning,invalidscanf,scanf() without field width limits can crash with huge input data.,/home/yichen/Desktop/Qwen_Baseline04/F004.c|21|warning|invalidscanf|scanf() without field width limits can crash with huge input data.,/home/yichen/Desktop/Qwen_Baseline_Results04/logs/F004_cppcheck.log
/home/yichen/Desktop/Qwen_Baseline04/F004.c,cppcheck,True,success,True,0,11,37,warning,invalidscanf,scanf() without field width limits can crash with huge input data.,/home/yichen/Desktop/Qwen_Baseline04/F004.c|37|warning|invalidscanf|scanf() without field width limits can crash with huge input data.,/home/yichen/Desktop/Qwen_Baseline_Results04/logs/F004_cppcheck.log
/home/yichen/Desktop/Qwen_Baseline04/F004.c,cppcheck,True,success,True,0,11,49,warning,invalidscanf,scanf() without field width limits can crash with huge input data.,/home/yichen/Desktop/Qwen_Baseline04/F004.c|49|warning|invalidscanf|scanf() without field width limits can crash with huge input data.,/home/yichen/Desktop/Qwen_Baseline_Results04/logs/F004_cppcheck.log
/home/yichen/Desktop/Qwen_Baseline04/F004.c,cppcheck,True,success,True,0,11,30,error,memleakOnRealloc,Common realloc mistake: 'vars' nulled but not freed upon failure,/home/yichen/Desktop/Qwen_Baseline04/F004.c|30|error|memleakOnRealloc|Common realloc mistake: 'vars' nulled but not freed upon failure,/home/yichen/Desktop/Qwen_Baseline_Results04/logs/F004_cppcheck.log
/home/yichen/Desktop/Qwen_Baseline04/F004.c,cppcheck,True,success,True,0,11,76,style,constVariable,Variable 'c' can be declared as const array,/home/yichen/Desktop/Qwen_Baseline04/F004.c|76|style|constVariable|Variable 'c' can be declared as const array,/home/yichen/Desktop/Qwen_Baseline_Results04/logs/F004_cppcheck.log
nofile,cppcheck,True,success,True,0,11,0,information,checkersReport,Active checkers: 113/592 (use --checkers-report=<filename> to see details),nofile|0|information|checkersReport|Active checkers: 113/592 (use --checkers-report=<filename> to see details),/home/yichen/Desktop/Qwen_Baseline_Results04/logs/F004_cppcheck.log
/home/yichen/Desktop/Qwen_Baseline04/F005.c,cppcheck,True,success,True,0,10,2,information,missingIncludeSystem,Include file: <stdio.h> not found. Please note: Cppcheck does not need standard library headers to get proper results.,/home/yichen/Desktop/Qwen_Baseline04/F005.c|2|information|missingIncludeSystem|Include file: <stdio.h> not found. Please note: Cppcheck does not need standard library headers to get proper results.,/home/yichen/Desktop/Qwen_Baseline_Results04/logs/F005_cppcheck.log
/home/yichen/Desktop/Qwen_Baseline04/F005.c,cppcheck,True,success,True,0,10,3,information,missingIncludeSystem,Include file: <stdlib.h> not found. Please note: Cppcheck does not need standard library headers to get proper results.,/home/yichen/Desktop/Qwen_Baseline04/F005.c|3|information|missingIncludeSystem|Include file: <stdlib.h> not found. Please note: Cppcheck does not need standard library headers to get proper results.,/home/yichen/Desktop/Qwen_Baseline_Results04/logs/F005_cppcheck.log
/home/yichen/Desktop/Qwen_Baseline04/F005.c,cppcheck,True,success,True,0,10,4,information,missingIncludeSystem,Include file: <string.h> not found. Please note: Cppcheck does not need standard library headers to get proper results.,/home/yichen/Desktop/Qwen_Baseline04/F005.c|4|information|missingIncludeSystem|Include file: <string.h> not found. Please note: Cppcheck does not need standard library headers to get proper results.,/home/yichen/Desktop/Qwen_Baseline_Results04/logs/F005_cppcheck.log
/home/yichen/Desktop/Qwen_Baseline04/F005.c,cppcheck,True,success,True,0,10,11,warning,invalidscanf,scanf() without field width limits can crash with huge input data.,/home/yichen/Desktop/Qwen_Baseline04/F005.c|11|warning|invalidscanf|scanf() without field width limits can crash with huge input data.,/home/yichen/Desktop/Qwen_Baseline_Results04/logs/F005_cppcheck.log
/home/yichen/Desktop/Qwen_Baseline04/F005.c,cppcheck,True,success,True,0,10,17,warning,invalidscanf,scanf() without field width limits can crash with huge input data.,/home/yichen/Desktop/Qwen_Baseline04/F005.c|17|warning|invalidscanf|scanf() without field width limits can crash with huge input data.,/home/yichen/Desktop/Qwen_Baseline_Results04/logs/F005_cppcheck.log
/home/yichen/Desktop/Qwen_Baseline04/F005.c,cppcheck,True,success,True,0,10,25,warning,invalidscanf,scanf() without field width limits can crash with huge input data.,/home/yichen/Desktop/Qwen_Baseline04/F005.c|25|warning|invalidscanf|scanf() without field width limits can crash with huge input data.,/home/yichen/Desktop/Qwen_Baseline_Results04/logs/F005_cppcheck.log
/home/yichen/Desktop/Qwen_Baseline04/F005.c,cppcheck,True,success,True,0,10,39,warning,invalidscanf,scanf() without field width limits can crash with huge input data.,/home/yichen/Desktop/Qwen_Baseline04/F005.c|39|warning|invalidscanf|scanf() without field width limits can crash with huge input data.,/home/yichen/Desktop/Qwen_Baseline_Results04/logs/F005_cppcheck.log
/home/yichen/Desktop/Qwen_Baseline04/F005.c,cppcheck,True,success,True,0,10,19,error,memleakOnRealloc,Common realloc mistake: 'lines' nulled but not freed upon failure,/home/yichen/Desktop/Qwen_Baseline04/F005.c|19|error|memleakOnRealloc|Common realloc mistake: 'lines' nulled but not freed upon failure,/home/yichen/Desktop/Qwen_Baseline_Results04/logs/F005_cppcheck.log
/home/yichen/Desktop/Qwen_Baseline04/F005.c,cppcheck,True,success,True,0,10,26,error,memleakOnRealloc,Common realloc mistake: 'lines' nulled but not freed upon failure,/home/yichen/Desktop/Qwen_Baseline04/F005.c|26|error|memleakOnRealloc|Common realloc mistake: 'lines' nulled but not freed upon failure,/home/yichen/Desktop/Qwen_Baseline_Results04/logs/F005_cppcheck.log
nofile,cppcheck,True,success,True,0,10,0,information,checkersReport,Active checkers: 113/592 (use --checkers-report=<filename> to see details),nofile|0|information|checkersReport|Active checkers: 113/592 (use --checkers-report=<filename> to see details),/home/yichen/Desktop/Qwen_Baseline_Results04/logs/F005_cppcheck.log
/home/yichen/Desktop/Qwen_Baseline04/F006.c,cppcheck,True,success,True,0,10,2,information,missingIncludeSystem,Include file: <stdio.h> not found. Please note: Cppcheck does not need standard library headers to get proper results.,/home/yichen/Desktop/Qwen_Baseline04/F006.c|2|information|missingIncludeSystem|Include file: <stdio.h> not found. Please note: Cppcheck does not need standard library headers to get proper results.,/home/yichen/Desktop/Qwen_Baseline_Results04/logs/F006_cppcheck.log
/home/yichen/Desktop/Qwen_Baseline04/F006.c,cppcheck,True,success,True,0,10,3,information,missingIncludeSystem,Include file: <stdlib.h> not found. Please note: Cppcheck does not need standard library headers to get proper results.,/home/yichen/Desktop/Qwen_Baseline04/F006.c|3|information|missingIncludeSystem|Include file: <stdlib.h> not found. Please note: Cppcheck does not need standard library headers to get proper results.,/home/yichen/Desktop/Qwen_Baseline_Results04/logs/F006_cppcheck.log
/home/yichen/Desktop/Qwen_Baseline04/F006.c,cppcheck,True,success,True,0,10,4,information,missingIncludeSystem,Include file: <string.h> not found. Please note: Cppcheck does not need standard library headers to get proper results.,/home/yichen/Desktop/Qwen_Baseline04/F006.c|4|information|missingIncludeSystem|Include file: <string.h> not found. Please note: Cppcheck does not need standard library headers to get proper results.,/home/yichen/Desktop/Qwen_Baseline_Results04/logs/F006_cppcheck.log
/home/yichen/Desktop/Qwen_Baseline04/F006.c,cppcheck,True,success,True,0,10,16,warning,invalidscanf,scanf() without field width limits can crash with huge input data.,/home/yichen/Desktop/Qwen_Baseline04/F006.c|16|warning|invalidscanf|scanf() without field width limits can crash with huge input data.,/home/yichen/Desktop/Qwen_Baseline_Results04/logs/F006_cppcheck.log
/home/yichen/Desktop/Qwen_Baseline04/F006.c,cppcheck,True,success,True,0,10,21,warning,invalidscanf,scanf() without field width limits can crash with huge input data.,/home/yichen/Desktop/Qwen_Baseline04/F006.c|21|warning|invalidscanf|scanf() without field width limits can crash with huge input data.,/home/yichen/Desktop/Qwen_Baseline_Results04/logs/F006_cppcheck.log
/home/yichen/Desktop/Qwen_Baseline04/F006.c,cppcheck,True,success,True,0,10,37,warning,invalidscanf,scanf() without field width limits can crash with huge input data.,/home/yichen/Desktop/Qwen_Baseline04/F006.c|37|warning|invalidscanf|scanf() without field width limits can crash with huge input data.,/home/yichen/Desktop/Qwen_Baseline_Results04/logs/F006_cppcheck.log
/home/yichen/Desktop/Qwen_Baseline04/F006.c,cppcheck,True,success,True,0,10,47,warning,invalidscanf,scanf() without field width limits can crash with huge input data.,/home/yichen/Desktop/Qwen_Baseline04/F006.c|47|warning|invalidscanf|scanf() without field width limits can crash with huge input data.,/home/yichen/Desktop/Qwen_Baseline_Results04/logs/F006_cppcheck.log
/home/yichen/Desktop/Qwen_Baseline04/F006.c,cppcheck,True,success,True,0,10,58,warning,invalidscanf,scanf() without field width limits can crash with huge input data.,/home/yichen/Desktop/Qwen_Baseline04/F006.c|58|warning|invalidscanf|scanf() without field width limits can crash with huge input data.,/home/yichen/Desktop/Qwen_Baseline_Results04/logs/F006_cppcheck.log
/home/yichen/Desktop/Qwen_Baseline04/F006.c,cppcheck,True,success,True,0,10,29,error,memleakOnRealloc,Common realloc mistake: 'items' nulled but not freed upon failure,/home/yichen/Desktop/Qwen_Baseline04/F006.c|29|error|memleakOnRealloc|Common realloc mistake: 'items' nulled but not freed upon failure,/home/yichen/Desktop/Qwen_Baseline_Results04/logs/F006_cppcheck.log
nofile,cppcheck,True,success,True,0,10,0,information,checkersReport,Active checkers: 113/592 (use --checkers-report=<filename> to see details),nofile|0|information|checkersReport|Active checkers: 113/592 (use --checkers-report=<filename> to see details),/home/yichen/Desktop/Qwen_Baseline_Results04/logs/F006_cppcheck.log
/home/yichen/Desktop/Qwen_Baseline04/F007.c,cppcheck,True,success,True,0,12,2,information,missingIncludeSystem,Include file: <stdio.h> not found. Please note: Cppcheck does not need standard library headers to get proper results.,/home/yichen/Desktop/Qwen_Baseline04/F007.c|2|information|missingIncludeSystem|Include file: <stdio.h> not found. Please note: Cppcheck does not need standard library headers to get proper results.,/home/yichen/Desktop/Qwen_Baseline_Results04/logs/F007_cppcheck.log
/home/yichen/Desktop/Qwen_Baseline04/F007.c,cppcheck,True,success,True,0,12,3,information,missingIncludeSystem,Include file: <stdlib.h> not found. Please note: Cppcheck does not need standard library headers to get proper results.,/home/yichen/Desktop/Qwen_Baseline04/F007.c|3|information|missingIncludeSystem|Include file: <stdlib.h> not found. Please note: Cppcheck does not need standard library headers to get proper results.,/home/yichen/Desktop/Qwen_Baseline_Results04/logs/F007_cppcheck.log
/home/yichen/Desktop/Qwen_Baseline04/F007.c,cppcheck,True,success,True,0,12,4,information,missingIncludeSystem,Include file: <string.h> not found. Please note: Cppcheck does not need standard library headers to get proper results.,/home/yichen/Desktop/Qwen_Baseline04/F007.c|4|information|missingIncludeSystem|Include file: <string.h> not found. Please note: Cppcheck does not need standard library headers to get proper results.,/home/yichen/Desktop/Qwen_Baseline_Results04/logs/F007_cppcheck.log
/home/yichen/Desktop/Qwen_Baseline04/F007.c,cppcheck,True,success,True,0,12,24,warning,invalidscanf,scanf() without field width limits can crash with huge input data.,/home/yichen/Desktop/Qwen_Baseline04/F007.c|24|warning|invalidscanf|scanf() without field width limits can crash with huge input data.,/home/yichen/Desktop/Qwen_Baseline_Results04/logs/F007_cppcheck.log
/home/yichen/Desktop/Qwen_Baseline04/F007.c,cppcheck,True,success,True,0,12,29,warning,invalidscanf,scanf() without field width limits can crash with huge input data.,/home/yichen/Desktop/Qwen_Baseline04/F007.c|29|warning|invalidscanf|scanf() without field width limits can crash with huge input data.,/home/yichen/Desktop/Qwen_Baseline_Results04/logs/F007_cppcheck.log
/home/yichen/Desktop/Qwen_Baseline04/F007.c,cppcheck,True,success,True,0,12,30,warning,invalidscanf,scanf() without field width limits can crash with huge input data.,/home/yichen/Desktop/Qwen_Baseline04/F007.c|30|warning|invalidscanf|scanf() without field width limits can crash with huge input data.,/home/yichen/Desktop/Qwen_Baseline_Results04/logs/F007_cppcheck.log
/home/yichen/Desktop/Qwen_Baseline04/F007.c,cppcheck,True,success,True,0,12,39,warning,invalidscanf,scanf() without field width limits can crash with huge input data.,/home/yichen/Desktop/Qwen_Baseline04/F007.c|39|warning|invalidscanf|scanf() without field width limits can crash with huge input data.,/home/yichen/Desktop/Qwen_Baseline_Results04/logs/F007_cppcheck.log
/home/yichen/Desktop/Qwen_Baseline04/F007.c,cppcheck,True,success,True,0,12,52,warning,invalidscanf,scanf() without field width limits can crash with huge input data.,/home/yichen/Desktop/Qwen_Baseline04/F007.c|52|warning|invalidscanf|scanf() without field width limits can crash with huge input data.,/home/yichen/Desktop/Qwen_Baseline_Results04/logs/F007_cppcheck.log
/home/yichen/Desktop/Qwen_Baseline04/F007.c,cppcheck,True,success,True,0,12,31,error,memleakOnRealloc,Common realloc mistake: 'acts' nulled but not freed upon failure,/home/yichen/Desktop/Qwen_Baseline04/F007.c|31|error|memleakOnRealloc|Common realloc mistake: 'acts' nulled but not freed upon failure,/home/yichen/Desktop/Qwen_Baseline_Results04/logs/F007_cppcheck.log
/home/yichen/Desktop/Qwen_Baseline04/F007.c,cppcheck,True,success,True,0,12,16,style,constVariablePointer,Variable 'x' can be declared as pointer to const,/home/yichen/Desktop/Qwen_Baseline04/F007.c|16|style|constVariablePointer|Variable 'x' can be declared as pointer to const,/home/yichen/Desktop/Qwen_Baseline_Results04/logs/F007_cppcheck.log
/home/yichen/Desktop/Qwen_Baseline04/F007.c,cppcheck,True,success,True,0,12,17,style,constVariablePointer,Variable 'y' can be declared as pointer to const,/home/yichen/Desktop/Qwen_Baseline04/F007.c|17|style|constVariablePointer|Variable 'y' can be declared as pointer to const,/home/yichen/Desktop/Qwen_Baseline_Results04/logs/F007_cppcheck.log
nofile,cppcheck,True,success,True,0,12,0,information,checkersReport,Active checkers: 113/592 (use --checkers-report=<filename> to see details),nofile|0|information|checkersReport|Active checkers: 113/592 (use --checkers-report=<filename> to see details),/home/yichen/Desktop/Qwen_Baseline_Results04/logs/F007_cppcheck.log
/home/yichen/Desktop/Qwen_Baseline04/F008.c,cppcheck,True,success,True,0,11,2,information,missingIncludeSystem,Include file: <stdio.h> not found. Please note: Cppcheck does not need standard library headers to get proper results.,/home/yichen/Desktop/Qwen_Baseline04/F008.c|2|information|missingIncludeSystem|Include file: <stdio.h> not found. Please note: Cppcheck does not need standard library headers to get proper results.,/home/yichen/Desktop/Qwen_Baseline_Results04/logs/F008_cppcheck.log
/home/yichen/Desktop/Qwen_Baseline04/F008.c,cppcheck,True,success,True,0,11,3,information,missingIncludeSystem,Include file: <stdlib.h> not found. Please note: Cppcheck does not need standard library headers to get proper results.,/home/yichen/Desktop/Qwen_Baseline04/F008.c|3|information|missingIncludeSystem|Include file: <stdlib.h> not found. Please note: Cppcheck does not need standard library headers to get proper results.,/home/yichen/Desktop/Qwen_Baseline_Results04/logs/F008_cppcheck.log
/home/yichen/Desktop/Qwen_Baseline04/F008.c,cppcheck,True,success,True,0,11,4,information,missingIncludeSystem,Include file: <string.h> not found. Please note: Cppcheck does not need standard library headers to get proper results.,/home/yichen/Desktop/Qwen_Baseline04/F008.c|4|information|missingIncludeSystem|Include file: <string.h> not found. Please note: Cppcheck does not need standard library headers to get proper results.,/home/yichen/Desktop/Qwen_Baseline_Results04/logs/F008_cppcheck.log
/home/yichen/Desktop/Qwen_Baseline04/F008.c,cppcheck,True,success,True,0,11,17,warning,invalidscanf,scanf() without field width limits can crash with huge input data.,/home/yichen/Desktop/Qwen_Baseline04/F008.c|17|warning|invalidscanf|scanf() without field width limits can crash with huge input data.,/home/yichen/Desktop/Qwen_Baseline_Results04/logs/F008_cppcheck.log
/home/yichen/Desktop/Qwen_Baseline04/F008.c,cppcheck,True,success,True,0,11,22,warning,invalidscanf,scanf() without field width limits can crash with huge input data.,/home/yichen/Desktop/Qwen_Baseline04/F008.c|22|warning|invalidscanf|scanf() without field width limits can crash with huge input data.,/home/yichen/Desktop/Qwen_Baseline_Results04/logs/F008_cppcheck.log
/home/yichen/Desktop/Qwen_Baseline04/F008.c,cppcheck,True,success,True,0,11,23,warning,invalidscanf,scanf() without field width limits can crash with huge input data.,/home/yichen/Desktop/Qwen_Baseline04/F008.c|23|warning|invalidscanf|scanf() without field width limits can crash with huge input data.,/home/yichen/Desktop/Qwen_Baseline_Results04/logs/F008_cppcheck.log
/home/yichen/Desktop/Qwen_Baseline04/F008.c,cppcheck,True,success,True,0,11,32,warning,invalidscanf,scanf() without field width limits can crash with huge input data.,/home/yichen/Desktop/Qwen_Baseline04/F008.c|32|warning|invalidscanf|scanf() without field width limits can crash with huge input data.,/home/yichen/Desktop/Qwen_Baseline_Results04/logs/F008_cppcheck.log
/home/yichen/Desktop/Qwen_Baseline04/F008.c,cppcheck,True,success,True,0,11,33,warning,invalidscanf,scanf() without field width limits can crash with huge input data.,/home/yichen/Desktop/Qwen_Baseline04/F008.c|33|warning|invalidscanf|scanf() without field width limits can crash with huge input data.,/home/yichen/Desktop/Qwen_Baseline_Results04/logs/F008_cppcheck.log
/home/yichen/Desktop/Qwen_Baseline04/F008.c,cppcheck,True,success,True,0,11,44,warning,invalidscanf,scanf() without field width limits can crash with huge input data.,/home/yichen/Desktop/Qwen_Baseline04/F008.c|44|warning|invalidscanf|scanf() without field width limits can crash with huge input data.,/home/yichen/Desktop/Qwen_Baseline_Results04/logs/F008_cppcheck.log
/home/yichen/Desktop/Qwen_Baseline04/F008.c,cppcheck,True,success,True,0,11,24,error,memleakOnRealloc,Common realloc mistake: 'students' nulled but not freed upon failure,/home/yichen/Desktop/Qwen_Baseline04/F008.c|24|error|memleakOnRealloc|Common realloc mistake: 'students' nulled but not freed upon failure,/home/yichen/Desktop/Qwen_Baseline_Results04/logs/F008_cppcheck.log
nofile,cppcheck,True,success,True,0,11,0,information,checkersReport,Active checkers: 113/592 (use --checkers-report=<filename> to see details),nofile|0|information|checkersReport|Active checkers: 113/592 (use --checkers-report=<filename> to see details),/home/yichen/Desktop/Qwen_Baseline_Results04/logs/F008_cppcheck.log
/home/yichen/Desktop/Qwen_Baseline04/F009.c,cppcheck,True,success,True,0,12,2,information,missingIncludeSystem,Include file: <stdio.h> not found. Please note: Cppcheck does not need standard library headers to get proper results.,/home/yichen/Desktop/Qwen_Baseline04/F009.c|2|information|missingIncludeSystem|Include file: <stdio.h> not found. Please note: Cppcheck does not need standard library headers to get proper results.,/home/yichen/Desktop/Qwen_Baseline_Results04/logs/F009_cppcheck.log
/home/yichen/Desktop/Qwen_Baseline04/F009.c,cppcheck,True,success,True,0,12,3,information,missingIncludeSystem,Include file: <stdlib.h> not found. Please note: Cppcheck does not need standard library headers to get proper results.,/home/yichen/Desktop/Qwen_Baseline04/F009.c|3|information|missingIncludeSystem|Include file: <stdlib.h> not found. Please note: Cppcheck does not need standard library headers to get proper results.,/home/yichen/Desktop/Qwen_Baseline_Results04/logs/F009_cppcheck.log
/home/yichen/Desktop/Qwen_Baseline04/F009.c,cppcheck,True,success,True,0,12,4,information,missingIncludeSystem,Include file: <string.h> not found. Please note: Cppcheck does not need standard library headers to get proper results.,/home/yichen/Desktop/Qwen_Baseline04/F009.c|4|information|missingIncludeSystem|Include file: <string.h> not found. Please note: Cppcheck does not need standard library headers to get proper results.,/home/yichen/Desktop/Qwen_Baseline_Results04/logs/F009_cppcheck.log
/home/yichen/Desktop/Qwen_Baseline04/F009.c,cppcheck,True,success,True,0,12,28,warning,invalidscanf,scanf() without field width limits can crash with huge input data.,/home/yichen/Desktop/Qwen_Baseline04/F009.c|28|warning|invalidscanf|scanf() without field width limits can crash with huge input data.,/home/yichen/Desktop/Qwen_Baseline_Results04/logs/F009_cppcheck.log
/home/yichen/Desktop/Qwen_Baseline04/F009.c,cppcheck,True,success,True,0,12,32,warning,invalidscanf,scanf() without field width limits can crash with huge input data.,/home/yichen/Desktop/Qwen_Baseline04/F009.c|32|warning|invalidscanf|scanf() without field width limits can crash with huge input data.,/home/yichen/Desktop/Qwen_Baseline_Results04/logs/F009_cppcheck.log
/home/yichen/Desktop/Qwen_Baseline04/F009.c,cppcheck,True,success,True,0,12,33,warning,invalidscanf,scanf() without field width limits can crash with huge input data.,/home/yichen/Desktop/Qwen_Baseline04/F009.c|33|warning|invalidscanf|scanf() without field width limits can crash with huge input data.,/home/yichen/Desktop/Qwen_Baseline_Results04/logs/F009_cppcheck.log
/home/yichen/Desktop/Qwen_Baseline04/F009.c,cppcheck,True,success,True,0,12,46,warning,invalidscanf,scanf() without field width limits can crash with huge input data.,/home/yichen/Desktop/Qwen_Baseline04/F009.c|46|warning|invalidscanf|scanf() without field width limits can crash with huge input data.,/home/yichen/Desktop/Qwen_Baseline_Results04/logs/F009_cppcheck.log
/home/yichen/Desktop/Qwen_Baseline04/F009.c,cppcheck,True,success,True,0,12,71,warning,invalidscanf,scanf() without field width limits can crash with huge input data.,/home/yichen/Desktop/Qwen_Baseline04/F009.c|71|warning|invalidscanf|scanf() without field width limits can crash with huge input data.,/home/yichen/Desktop/Qwen_Baseline_Results04/logs/F009_cppcheck.log
/home/yichen/Desktop/Qwen_Baseline04/F009.c,cppcheck,True,success,True,0,12,82,warning,invalidscanf,scanf() without field width limits can crash with huge input data.,/home/yichen/Desktop/Qwen_Baseline04/F009.c|82|warning|invalidscanf|scanf() without field width limits can crash with huge input data.,/home/yichen/Desktop/Qwen_Baseline_Results04/logs/F009_cppcheck.log
/home/yichen/Desktop/Qwen_Baseline04/F009.c,cppcheck,True,success,True,0,12,36,error,memleakOnRealloc,Common realloc mistake: 'groups' nulled but not freed upon failure,/home/yichen/Desktop/Qwen_Baseline04/F009.c|36|error|memleakOnRealloc|Common realloc mistake: 'groups' nulled but not freed upon failure,/home/yichen/Desktop/Qwen_Baseline_Results04/logs/F009_cppcheck.log
/home/yichen/Desktop/Qwen_Baseline04/F009.c,cppcheck,True,success,True,0,12,51,error,memleakOnRealloc,Common realloc mistake: 'groups' nulled but not freed upon failure,/home/yichen/Desktop/Qwen_Baseline04/F009.c|51|error|memleakOnRealloc|Common realloc mistake: 'groups' nulled but not freed upon failure,/home/yichen/Desktop/Qwen_Baseline_Results04/logs/F009_cppcheck.log
nofile,cppcheck,True,success,True,0,12,0,information,checkersReport,Active checkers: 113/592 (use --checkers-report=<filename> to see details),nofile|0|information|checkersReport|Active checkers: 113/592 (use --checkers-report=<filename> to see details),/home/yichen/Desktop/Qwen_Baseline_Results04/logs/F009_cppcheck.log
/home/yichen/Desktop/Qwen_Baseline04/F010.c,cppcheck,True,success,True,0,12,2,information,missingIncludeSystem,Include file: <stdio.h> not found. Please note: Cppcheck does not need standard library headers to get proper results.,/home/yichen/Desktop/Qwen_Baseline04/F010.c|2|information|missingIncludeSystem|Include file: <stdio.h> not found. Please note: Cppcheck does not need standard library headers to get proper results.,/home/yichen/Desktop/Qwen_Baseline_Results04/logs/F010_cppcheck.log
/home/yichen/Desktop/Qwen_Baseline04/F010.c,cppcheck,True,success,True,0,12,3,information,missingIncludeSystem,Include file: <stdlib.h> not found. Please note: Cppcheck does not need standard library headers to get proper results.,/home/yichen/Desktop/Qwen_Baseline04/F010.c|3|information|missingIncludeSystem|Include file: <stdlib.h> not found. Please note: Cppcheck does not need standard library headers to get proper results.,/home/yichen/Desktop/Qwen_Baseline_Results04/logs/F010_cppcheck.log
/home/yichen/Desktop/Qwen_Baseline04/F010.c,cppcheck,True,success,True,0,12,4,information,missingIncludeSystem,Include file: <string.h> not found. Please note: Cppcheck does not need standard library headers to get proper results.,/home/yichen/Desktop/Qwen_Baseline04/F010.c|4|information|missingIncludeSystem|Include file: <string.h> not found. Please note: Cppcheck does not need standard library headers to get proper results.,/home/yichen/Desktop/Qwen_Baseline_Results04/logs/F010_cppcheck.log
/home/yichen/Desktop/Qwen_Baseline04/F010.c,cppcheck,True,success,True,0,12,24,warning,invalidscanf,scanf() without field width limits can crash with huge input data.,/home/yichen/Desktop/Qwen_Baseline04/F010.c|24|warning|invalidscanf|scanf() without field width limits can crash with huge input data.,/home/yichen/Desktop/Qwen_Baseline_Results04/logs/F010_cppcheck.log
/home/yichen/Desktop/Qwen_Baseline04/F010.c,cppcheck,True,success,True,0,12,28,warning,invalidscanf,scanf() without field width limits can crash with huge input data.,/home/yichen/Desktop/Qwen_Baseline04/F010.c|28|warning|invalidscanf|scanf() without field width limits can crash with huge input data.,/home/yichen/Desktop/Qwen_Baseline_Results04/logs/F010_cppcheck.log
/home/yichen/Desktop/Qwen_Baseline04/F010.c,cppcheck,True,success,True,0,12,29,warning,invalidscanf,scanf() without field width limits can crash with huge input data.,/home/yichen/Desktop/Qwen_Baseline04/F010.c|29|warning|invalidscanf|scanf() without field width limits can crash with huge input data.,/home/yichen/Desktop/Qwen_Baseline_Results04/logs/F010_cppcheck.log
/home/yichen/Desktop/Qwen_Baseline04/F010.c,cppcheck,True,success,True,0,12,42,warning,invalidscanf,scanf() without field width limits can crash with huge input data.,/home/yichen/Desktop/Qwen_Baseline04/F010.c|42|warning|invalidscanf|scanf() without field width limits can crash with huge input data.,/home/yichen/Desktop/Qwen_Baseline_Results04/logs/F010_cppcheck.log
/home/yichen/Desktop/Qwen_Baseline04/F010.c,cppcheck,True,success,True,0,12,43,warning,invalidscanf,scanf() without field width limits can crash with huge input data.,/home/yichen/Desktop/Qwen_Baseline04/F010.c|43|warning|invalidscanf|scanf() without field width limits can crash with huge input data.,/home/yichen/Desktop/Qwen_Baseline_Results04/logs/F010_cppcheck.log
/home/yichen/Desktop/Qwen_Baseline04/F010.c,cppcheck,True,success,True,0,12,59,warning,invalidscanf,scanf() without field width limits can crash with huge input data.,/home/yichen/Desktop/Qwen_Baseline04/F010.c|59|warning|invalidscanf|scanf() without field width limits can crash with huge input data.,/home/yichen/Desktop/Qwen_Baseline_Results04/logs/F010_cppcheck.log
/home/yichen/Desktop/Qwen_Baseline04/F010.c,cppcheck,True,success,True,0,12,70,warning,invalidscanf,scanf() without field width limits can crash with huge input data.,/home/yichen/Desktop/Qwen_Baseline04/F010.c|70|warning|invalidscanf|scanf() without field width limits can crash with huge input data.,/home/yichen/Desktop/Qwen_Baseline_Results04/logs/F010_cppcheck.log
/home/yichen/Desktop/Qwen_Baseline04/F010.c,cppcheck,True,success,True,0,12,32,error,memleakOnRealloc,Common realloc mistake: 'entries' nulled but not freed upon failure,/home/yichen/Desktop/Qwen_Baseline04/F010.c|32|error|memleakOnRealloc|Common realloc mistake: 'entries' nulled but not freed upon failure,/home/yichen/Desktop/Qwen_Baseline_Results04/logs/F010_cppcheck.log
nofile,cppcheck,True,success,True,0,12,0,information,checkersReport,Active checkers: 113/592 (use --checkers-report=<filename> to see details),nofile|0|information|checkersReport|Active checkers: 113/592 (use --checkers-report=<filename> to see details),/home/yichen/Desktop/Qwen_Baseline_Results04/logs/F010_cppcheck.log
/home/yichen/Desktop/Qwen_Baseline04/F011.c,cppcheck,True,success,True,0,14,2,information,missingIncludeSystem,Include file: <stdio.h> not found. Please note: Cppcheck does not need standard library headers to get proper results.,/home/yichen/Desktop/Qwen_Baseline04/F011.c|2|information|missingIncludeSystem|Include file: <stdio.h> not found. Please note: Cppcheck does not need standard library headers to get proper results.,/home/yichen/Desktop/Qwen_Baseline_Results04/logs/F011_cppcheck.log
/home/yichen/Desktop/Qwen_Baseline04/F011.c,cppcheck,True,success,True,0,14,3,information,missingIncludeSystem,Include file: <stdlib.h> not found. Please note: Cppcheck does not need standard library headers to get proper results.,/home/yichen/Desktop/Qwen_Baseline04/F011.c|3|information|missingIncludeSystem|Include file: <stdlib.h> not found. Please note: Cppcheck does not need standard library headers to get proper results.,/home/yichen/Desktop/Qwen_Baseline_Results04/logs/F011_cppcheck.log
/home/yichen/Desktop/Qwen_Baseline04/F011.c,cppcheck,True,success,True,0,14,4,information,missingIncludeSystem,Include file: <string.h> not found. Please note: Cppcheck does not need standard library headers to get proper results.,/home/yichen/Desktop/Qwen_Baseline04/F011.c|4|information|missingIncludeSystem|Include file: <string.h> not found. Please note: Cppcheck does not need standard library headers to get proper results.,/home/yichen/Desktop/Qwen_Baseline_Results04/logs/F011_cppcheck.log
/home/yichen/Desktop/Qwen_Baseline04/F011.c,cppcheck,True,success,True,0,14,26,warning,invalidscanf,scanf() without field width limits can crash with huge input data.,/home/yichen/Desktop/Qwen_Baseline04/F011.c|26|warning|invalidscanf|scanf() without field width limits can crash with huge input data.,/home/yichen/Desktop/Qwen_Baseline_Results04/logs/F011_cppcheck.log
/home/yichen/Desktop/Qwen_Baseline04/F011.c,cppcheck,True,success,True,0,14,30,warning,invalidscanf,scanf() without field width limits can crash with huge input data.,/home/yichen/Desktop/Qwen_Baseline04/F011.c|30|warning|invalidscanf|scanf() without field width limits can crash with huge input data.,/home/yichen/Desktop/Qwen_Baseline_Results04/logs/F011_cppcheck.log
/home/yichen/Desktop/Qwen_Baseline04/F011.c,cppcheck,True,success,True,0,14,31,warning,invalidscanf,scanf() without field width limits can crash with huge input data.,/home/yichen/Desktop/Qwen_Baseline04/F011.c|31|warning|invalidscanf|scanf() without field width limits can crash with huge input data.,/home/yichen/Desktop/Qwen_Baseline_Results04/logs/F011_cppcheck.log
/home/yichen/Desktop/Qwen_Baseline04/F011.c,cppcheck,True,success,True,0,14,38,warning,invalidscanf,scanf() without field width limits can crash with huge input data.,/home/yichen/Desktop/Qwen_Baseline04/F011.c|38|warning|invalidscanf|scanf() without field width limits can crash with huge input data.,/home/yichen/Desktop/Qwen_Baseline_Results04/logs/F011_cppcheck.log
/home/yichen/Desktop/Qwen_Baseline04/F011.c,cppcheck,True,success,True,0,14,39,warning,invalidscanf,scanf() without field width limits can crash with huge input data.,/home/yichen/Desktop/Qwen_Baseline04/F011.c|39|warning|invalidscanf|scanf() without field width limits can crash with huge input data.,/home/yichen/Desktop/Qwen_Baseline_Results04/logs/F011_cppcheck.log
/home/yichen/Desktop/Qwen_Baseline04/F011.c,cppcheck,True,success,True,0,14,47,warning,invalidscanf,scanf() without field width limits can crash with huge input data.,/home/yichen/Desktop/Qwen_Baseline04/F011.c|47|warning|invalidscanf|scanf() without field width limits can crash with huge input data.,/home/yichen/Desktop/Qwen_Baseline_Results04/logs/F011_cppcheck.log
/home/yichen/Desktop/Qwen_Baseline04/F011.c,cppcheck,True,success,True,0,14,69,warning,invalidscanf,scanf() without field width limits can crash with huge input data.,/home/yichen/Desktop/Qwen_Baseline04/F011.c|69|warning|invalidscanf|scanf() without field width limits can crash with huge input data.,/home/yichen/Desktop/Qwen_Baseline_Results04/logs/F011_cppcheck.log
/home/yichen/Desktop/Qwen_Baseline04/F011.c,cppcheck,True,success,True,0,14,32,error,memleakOnRealloc,Common realloc mistake: 'drafts' nulled but not freed upon failure,/home/yichen/Desktop/Qwen_Baseline04/F011.c|32|error|memleakOnRealloc|Common realloc mistake: 'drafts' nulled but not freed upon failure,/home/yichen/Desktop/Qwen_Baseline_Results04/logs/F011_cppcheck.log
/home/yichen/Desktop/Qwen_Baseline04/F011.c,cppcheck,True,success,True,0,14,50,error,memleakOnRealloc,Common realloc mistake: 'discard_stack' nulled but not freed upon failure,/home/yichen/Desktop/Qwen_Baseline04/F011.c|50|error|memleakOnRealloc|Common realloc mistake: 'discard_stack' nulled but not freed upon failure,/home/yichen/Desktop/Qwen_Baseline_Results04/logs/F011_cppcheck.log
/home/yichen/Desktop/Qwen_Baseline04/F011.c,cppcheck,True,success,True,0,14,63,error,memleakOnRealloc,Common realloc mistake: 'drafts' nulled but not freed upon failure,/home/yichen/Desktop/Qwen_Baseline04/F011.c|63|error|memleakOnRealloc|Common realloc mistake: 'drafts' nulled but not freed upon failure,/home/yichen/Desktop/Qwen_Baseline_Results04/logs/F011_cppcheck.log
nofile,cppcheck,True,success,True,0,14,0,information,checkersReport,Active checkers: 113/592 (use --checkers-report=<filename> to see details),nofile|0|information|checkersReport|Active checkers: 113/592 (use --checkers-report=<filename> to see details),/home/yichen/Desktop/Qwen_Baseline_Results04/logs/F011_cppcheck.log
/home/yichen/Desktop/Qwen_Baseline04/F012.c,cppcheck,True,success,True,0,13,2,information,missingIncludeSystem,Include file: <stdio.h> not found. Please note: Cppcheck does not need standard library headers to get proper results.,/home/yichen/Desktop/Qwen_Baseline04/F012.c|2|information|missingIncludeSystem|Include file: <stdio.h> not found. Please note: Cppcheck does not need standard library headers to get proper results.,/home/yichen/Desktop/Qwen_Baseline_Results04/logs/F012_cppcheck.log
/home/yichen/Desktop/Qwen_Baseline04/F012.c,cppcheck,True,success,True,0,13,3,information,missingIncludeSystem,Include file: <stdlib.h> not found. Please note: Cppcheck does not need standard library headers to get proper results.,/home/yichen/Desktop/Qwen_Baseline04/F012.c|3|information|missingIncludeSystem|Include file: <stdlib.h> not found. Please note: Cppcheck does not need standard library headers to get proper results.,/home/yichen/Desktop/Qwen_Baseline_Results04/logs/F012_cppcheck.log
/home/yichen/Desktop/Qwen_Baseline04/F012.c,cppcheck,True,success,True,0,13,4,information,missingIncludeSystem,Include file: <string.h> not found. Please note: Cppcheck does not need standard library headers to get proper results.,/home/yichen/Desktop/Qwen_Baseline04/F012.c|4|information|missingIncludeSystem|Include file: <string.h> not found. Please note: Cppcheck does not need standard library headers to get proper results.,/home/yichen/Desktop/Qwen_Baseline_Results04/logs/F012_cppcheck.log
/home/yichen/Desktop/Qwen_Baseline04/F012.c,cppcheck,True,success,True,0,13,23,warning,invalidscanf,scanf() without field width limits can crash with huge input data.,/home/yichen/Desktop/Qwen_Baseline04/F012.c|23|warning|invalidscanf|scanf() without field width limits can crash with huge input data.,/home/yichen/Desktop/Qwen_Baseline_Results04/logs/F012_cppcheck.log
/home/yichen/Desktop/Qwen_Baseline04/F012.c,cppcheck,True,success,True,0,13,27,warning,invalidscanf,scanf() without field width limits can crash with huge input data.,/home/yichen/Desktop/Qwen_Baseline04/F012.c|27|warning|invalidscanf|scanf() without field width limits can crash with huge input data.,/home/yichen/Desktop/Qwen_Baseline_Results04/logs/F012_cppcheck.log
/home/yichen/Desktop/Qwen_Baseline04/F012.c,cppcheck,True,success,True,0,13,28,warning,invalidscanf,scanf() without field width limits can crash with huge input data.,/home/yichen/Desktop/Qwen_Baseline04/F012.c|28|warning|invalidscanf|scanf() without field width limits can crash with huge input data.,/home/yichen/Desktop/Qwen_Baseline_Results04/logs/F012_cppcheck.log
/home/yichen/Desktop/Qwen_Baseline04/F012.c,cppcheck,True,success,True,0,13,43,warning,invalidscanf,scanf() without field width limits can crash with huge input data.,/home/yichen/Desktop/Qwen_Baseline04/F012.c|43|warning|invalidscanf|scanf() without field width limits can crash with huge input data.,/home/yichen/Desktop/Qwen_Baseline_Results04/logs/F012_cppcheck.log
/home/yichen/Desktop/Qwen_Baseline04/F012.c,cppcheck,True,success,True,0,13,53,warning,invalidscanf,scanf() without field width limits can crash with huge input data.,/home/yichen/Desktop/Qwen_Baseline04/F012.c|53|warning|invalidscanf|scanf() without field width limits can crash with huge input data.,/home/yichen/Desktop/Qwen_Baseline_Results04/logs/F012_cppcheck.log
/home/yichen/Desktop/Qwen_Baseline04/F012.c,cppcheck,True,success,True,0,13,54,warning,invalidscanf,scanf() without field width limits can crash with huge input data.,/home/yichen/Desktop/Qwen_Baseline04/F012.c|54|warning|invalidscanf|scanf() without field width limits can crash with huge input data.,/home/yichen/Desktop/Qwen_Baseline_Results04/logs/F012_cppcheck.log
/home/yichen/Desktop/Qwen_Baseline04/F012.c,cppcheck,True,success,True,0,13,61,warning,invalidscanf,scanf() without field width limits can crash with huge input data.,/home/yichen/Desktop/Qwen_Baseline04/F012.c|61|warning|invalidscanf|scanf() without field width limits can crash with huge input data.,/home/yichen/Desktop/Qwen_Baseline_Results04/logs/F012_cppcheck.log
/home/yichen/Desktop/Qwen_Baseline04/F012.c,cppcheck,True,success,True,0,13,29,error,memleakOnRealloc,Common realloc mistake: 'queue' nulled but not freed upon failure,/home/yichen/Desktop/Qwen_Baseline04/F012.c|29|error|memleakOnRealloc|Common realloc mistake: 'queue' nulled but not freed upon failure,/home/yichen/Desktop/Qwen_Baseline_Results04/logs/F012_cppcheck.log
/home/yichen/Desktop/Qwen_Baseline04/F012.c,cppcheck,True,success,True,0,13,55,error,memleakOnRealloc,Common realloc mistake: 'queue' nulled but not freed upon failure,/home/yichen/Desktop/Qwen_Baseline04/F012.c|55|error|memleakOnRealloc|Common realloc mistake: 'queue' nulled but not freed upon failure,/home/yichen/Desktop/Qwen_Baseline_Results04/logs/F012_cppcheck.log
nofile,cppcheck,True,success,True,0,13,0,information,checkersReport,Active checkers: 113/592 (use --checkers-report=<filename> to see details),nofile|0|information|checkersReport|Active checkers: 113/592 (use --checkers-report=<filename> to see details),/home/yichen/Desktop/Qwen_Baseline_Results04/logs/F012_cppcheck.log
/home/yichen/Desktop/Qwen_Baseline04/F013.c,cppcheck,True,success,True,0,13,2,information,missingIncludeSystem,Include file: <stdio.h> not found. Please note: Cppcheck does not need standard library headers to get proper results.,/home/yichen/Desktop/Qwen_Baseline04/F013.c|2|information|missingIncludeSystem|Include file: <stdio.h> not found. Please note: Cppcheck does not need standard library headers to get proper results.,/home/yichen/Desktop/Qwen_Baseline_Results04/logs/F013_cppcheck.log
/home/yichen/Desktop/Qwen_Baseline04/F013.c,cppcheck,True,success,True,0,13,3,information,missingIncludeSystem,Include file: <stdlib.h> not found. Please note: Cppcheck does not need standard library headers to get proper results.,/home/yichen/Desktop/Qwen_Baseline04/F013.c|3|information|missingIncludeSystem|Include file: <stdlib.h> not found. Please note: Cppcheck does not need standard library headers to get proper results.,/home/yichen/Desktop/Qwen_Baseline_Results04/logs/F013_cppcheck.log
/home/yichen/Desktop/Qwen_Baseline04/F013.c,cppcheck,True,success,True,0,13,4,information,missingIncludeSystem,Include file: <string.h> not found. Please note: Cppcheck does not need standard library headers to get proper results.,/home/yichen/Desktop/Qwen_Baseline04/F013.c|4|information|missingIncludeSystem|Include file: <string.h> not found. Please note: Cppcheck does not need standard library headers to get proper results.,/home/yichen/Desktop/Qwen_Baseline_Results04/logs/F013_cppcheck.log
/home/yichen/Desktop/Qwen_Baseline04/F013.c,cppcheck,True,success,True,0,13,44,warning,invalidscanf,scanf() without field width limits can crash with huge input data.,/home/yichen/Desktop/Qwen_Baseline04/F013.c|44|warning|invalidscanf|scanf() without field width limits can crash with huge input data.,/home/yichen/Desktop/Qwen_Baseline_Results04/logs/F013_cppcheck.log
/home/yichen/Desktop/Qwen_Baseline04/F013.c,cppcheck,True,success,True,0,13,48,warning,invalidscanf,scanf() without field width limits can crash with huge input data.,/home/yichen/Desktop/Qwen_Baseline04/F013.c|48|warning|invalidscanf|scanf() without field width limits can crash with huge input data.,/home/yichen/Desktop/Qwen_Baseline_Results04/logs/F013_cppcheck.log
/home/yichen/Desktop/Qwen_Baseline04/F013.c,cppcheck,True,success,True,0,13,49,warning,invalidscanf,scanf() without field width limits can crash with huge input data.,/home/yichen/Desktop/Qwen_Baseline04/F013.c|49|warning|invalidscanf|scanf() without field width limits can crash with huge input data.,/home/yichen/Desktop/Qwen_Baseline_Results04/logs/F013_cppcheck.log
/home/yichen/Desktop/Qwen_Baseline04/F013.c,cppcheck,True,success,True,0,13,56,warning,invalidscanf,scanf() without field width limits can crash with huge input data.,/home/yichen/Desktop/Qwen_Baseline04/F013.c|56|warning|invalidscanf|scanf() without field width limits can crash with huge input data.,/home/yichen/Desktop/Qwen_Baseline_Results04/logs/F013_cppcheck.log
/home/yichen/Desktop/Qwen_Baseline04/F013.c,cppcheck,True,success,True,0,13,60,warning,invalidscanf,scanf() without field width limits can crash with huge input data.,/home/yichen/Desktop/Qwen_Baseline04/F013.c|60|warning|invalidscanf|scanf() without field width limits can crash with huge input data.,/home/yichen/Desktop/Qwen_Baseline_Results04/logs/F013_cppcheck.log
/home/yichen/Desktop/Qwen_Baseline04/F013.c,cppcheck,True,success,True,0,13,64,warning,invalidscanf,scanf() without field width limits can crash with huge input data.,/home/yichen/Desktop/Qwen_Baseline04/F013.c|64|warning|invalidscanf|scanf() without field width limits can crash with huge input data.,/home/yichen/Desktop/Qwen_Baseline_Results04/logs/F013_cppcheck.log
/home/yichen/Desktop/Qwen_Baseline04/F013.c,cppcheck,True,success,True,0,13,70,warning,invalidscanf,scanf() without field width limits can crash with huge input data.,/home/yichen/Desktop/Qwen_Baseline04/F013.c|70|warning|invalidscanf|scanf() without field width limits can crash with huge input data.,/home/yichen/Desktop/Qwen_Baseline_Results04/logs/F013_cppcheck.log
/home/yichen/Desktop/Qwen_Baseline04/F013.c,cppcheck,True,success,True,0,13,50,error,memleakOnRealloc,Common realloc mistake: 'todo' nulled but not freed upon failure,/home/yichen/Desktop/Qwen_Baseline04/F013.c|50|error|memleakOnRealloc|Common realloc mistake: 'todo' nulled but not freed upon failure,/home/yichen/Desktop/Qwen_Baseline_Results04/logs/F013_cppcheck.log
/home/yichen/Desktop/Qwen_Baseline04/F013.c,cppcheck,True,success,True,0,13,14,style,constParameterPointer,Parameter 'list' can be declared as pointer to const,/home/yichen/Desktop/Qwen_Baseline04/F013.c|14|style|constParameterPointer|Parameter 'list' can be declared as pointer to const,/home/yichen/Desktop/Qwen_Baseline_Results04/logs/F013_cppcheck.log
nofile,cppcheck,True,success,True,0,13,0,information,checkersReport,Active checkers: 113/592 (use --checkers-report=<filename> to see details),nofile|0|information|checkersReport|Active checkers: 113/592 (use --checkers-report=<filename> to see details),/home/yichen/Desktop/Qwen_Baseline_Results04/logs/F013_cppcheck.log
/home/yichen/Desktop/Qwen_Baseline04/F014.c,cppcheck,True,success,True,0,12,2,information,missingIncludeSystem,Include file: <stdio.h> not found. Please note: Cppcheck does not need standard library headers to get proper results.,/home/yichen/Desktop/Qwen_Baseline04/F014.c|2|information|missingIncludeSystem|Include file: <stdio.h> not found. Please note: Cppcheck does not need standard library headers to get proper results.,/home/yichen/Desktop/Qwen_Baseline_Results04/logs/F014_cppcheck.log
/home/yichen/Desktop/Qwen_Baseline04/F014.c,cppcheck,True,success,True,0,12,3,information,missingIncludeSystem,Include file: <stdlib.h> not found. Please note: Cppcheck does not need standard library headers to get proper results.,/home/yichen/Desktop/Qwen_Baseline04/F014.c|3|information|missingIncludeSystem|Include file: <stdlib.h> not found. Please note: Cppcheck does not need standard library headers to get proper results.,/home/yichen/Desktop/Qwen_Baseline_Results04/logs/F014_cppcheck.log
/home/yichen/Desktop/Qwen_Baseline04/F014.c,cppcheck,True,success,True,0,12,4,information,missingIncludeSystem,Include file: <string.h> not found. Please note: Cppcheck does not need standard library headers to get proper results.,/home/yichen/Desktop/Qwen_Baseline04/F014.c|4|information|missingIncludeSystem|Include file: <string.h> not found. Please note: Cppcheck does not need standard library headers to get proper results.,/home/yichen/Desktop/Qwen_Baseline_Results04/logs/F014_cppcheck.log
/home/yichen/Desktop/Qwen_Baseline04/F014.c,cppcheck,True,success,True,0,12,25,warning,invalidscanf,scanf() without field width limits can crash with huge input data.,/home/yichen/Desktop/Qwen_Baseline04/F014.c|25|warning|invalidscanf|scanf() without field width limits can crash with huge input data.,/home/yichen/Desktop/Qwen_Baseline_Results04/logs/F014_cppcheck.log
/home/yichen/Desktop/Qwen_Baseline04/F014.c,cppcheck,True,success,True,0,12,29,warning,invalidscanf,scanf() without field width limits can crash with huge input data.,/home/yichen/Desktop/Qwen_Baseline04/F014.c|29|warning|invalidscanf|scanf() without field width limits can crash with huge input data.,/home/yichen/Desktop/Qwen_Baseline_Results04/logs/F014_cppcheck.log
/home/yichen/Desktop/Qwen_Baseline04/F014.c,cppcheck,True,success,True,0,12,30,warning,invalidscanf,scanf() without field width limits can crash with huge input data.,/home/yichen/Desktop/Qwen_Baseline04/F014.c|30|warning|invalidscanf|scanf() without field width limits can crash with huge input data.,/home/yichen/Desktop/Qwen_Baseline_Results04/logs/F014_cppcheck.log
/home/yichen/Desktop/Qwen_Baseline04/F014.c,cppcheck,True,success,True,0,12,39,warning,invalidscanf,scanf() without field width limits can crash with huge input data.,/home/yichen/Desktop/Qwen_Baseline04/F014.c|39|warning|invalidscanf|scanf() without field width limits can crash with huge input data.,/home/yichen/Desktop/Qwen_Baseline_Results04/logs/F014_cppcheck.log
/home/yichen/Desktop/Qwen_Baseline04/F014.c,cppcheck,True,success,True,0,12,47,warning,invalidscanf,scanf() without field width limits can crash with huge input data.,/home/yichen/Desktop/Qwen_Baseline04/F014.c|47|warning|invalidscanf|scanf() without field width limits can crash with huge input data.,/home/yichen/Desktop/Qwen_Baseline_Results04/logs/F014_cppcheck.log
/home/yichen/Desktop/Qwen_Baseline04/F014.c,cppcheck,True,success,True,0,12,63,warning,invalidscanf,scanf() without field width limits can crash with huge input data.,/home/yichen/Desktop/Qwen_Baseline04/F014.c|63|warning|invalidscanf|scanf() without field width limits can crash with huge input data.,/home/yichen/Desktop/Qwen_Baseline_Results04/logs/F014_cppcheck.log
/home/yichen/Desktop/Qwen_Baseline04/F014.c,cppcheck,True,success,True,0,12,75,warning,invalidscanf,scanf() without field width limits can crash with huge input data.,/home/yichen/Desktop/Qwen_Baseline04/F014.c|75|warning|invalidscanf|scanf() without field width limits can crash with huge input data.,/home/yichen/Desktop/Qwen_Baseline_Results04/logs/F014_cppcheck.log
/home/yichen/Desktop/Qwen_Baseline04/F014.c,cppcheck,True,success,True,0,12,31,error,memleakOnRealloc,Common realloc mistake: 'items' nulled but not freed upon failure,/home/yichen/Desktop/Qwen_Baseline04/F014.c|31|error|memleakOnRealloc|Common realloc mistake: 'items' nulled but not freed upon failure,/home/yichen/Desktop/Qwen_Baseline_Results04/logs/F014_cppcheck.log
nofile,cppcheck,True,success,True,0,12,0,information,checkersReport,Active checkers: 113/592 (use --checkers-report=<filename> to see details),nofile|0|information|checkersReport|Active checkers: 113/592 (use --checkers-report=<filename> to see details),/home/yichen/Desktop/Qwen_Baseline_Results04/logs/F014_cppcheck.log
/home/yichen/Desktop/Qwen_Baseline04/F015.c,cppcheck,True,success,True,0,12,2,information,missingIncludeSystem,Include file: <stdio.h> not found. Please note: Cppcheck does not need standard library headers to get proper results.,/home/yichen/Desktop/Qwen_Baseline04/F015.c|2|information|missingIncludeSystem|Include file: <stdio.h> not found. Please note: Cppcheck does not need standard library headers to get proper results.,/home/yichen/Desktop/Qwen_Baseline_Results04/logs/F015_cppcheck.log
/home/yichen/Desktop/Qwen_Baseline04/F015.c,cppcheck,True,success,True,0,12,3,information,missingIncludeSystem,Include file: <stdlib.h> not found. Please note: Cppcheck does not need standard library headers to get proper results.,/home/yichen/Desktop/Qwen_Baseline04/F015.c|3|information|missingIncludeSystem|Include file: <stdlib.h> not found. Please note: Cppcheck does not need standard library headers to get proper results.,/home/yichen/Desktop/Qwen_Baseline_Results04/logs/F015_cppcheck.log
/home/yichen/Desktop/Qwen_Baseline04/F015.c,cppcheck,True,success,True,0,12,4,information,missingIncludeSystem,Include file: <string.h> not found. Please note: Cppcheck does not need standard library headers to get proper results.,/home/yichen/Desktop/Qwen_Baseline04/F015.c|4|information|missingIncludeSystem|Include file: <string.h> not found. Please note: Cppcheck does not need standard library headers to get proper results.,/home/yichen/Desktop/Qwen_Baseline_Results04/logs/F015_cppcheck.log
/home/yichen/Desktop/Qwen_Baseline04/F015.c,cppcheck,True,success,True,0,12,25,warning,invalidscanf,scanf() without field width limits can crash with huge input data.,/home/yichen/Desktop/Qwen_Baseline04/F015.c|25|warning|invalidscanf|scanf() without field width limits can crash with huge input data.,/home/yichen/Desktop/Qwen_Baseline_Results04/logs/F015_cppcheck.log
/home/yichen/Desktop/Qwen_Baseline04/F015.c,cppcheck,True,success,True,0,12,29,warning,invalidscanf,scanf() without field width limits can crash with huge input data.,/home/yichen/Desktop/Qwen_Baseline04/F015.c|29|warning|invalidscanf|scanf() without field width limits can crash with huge input data.,/home/yichen/Desktop/Qwen_Baseline_Results04/logs/F015_cppcheck.log
/home/yichen/Desktop/Qwen_Baseline04/F015.c,cppcheck,True,success,True,0,12,38,warning,invalidscanf,scanf() without field width limits can crash with huge input data.,/home/yichen/Desktop/Qwen_Baseline04/F015.c|38|warning|invalidscanf|scanf() without field width limits can crash with huge input data.,/home/yichen/Desktop/Qwen_Baseline_Results04/logs/F015_cppcheck.log
/home/yichen/Desktop/Qwen_Baseline04/F015.c,cppcheck,True,success,True,0,12,39,warning,invalidscanf,scanf() without field width limits can crash with huge input data.,/home/yichen/Desktop/Qwen_Baseline04/F015.c|39|warning|invalidscanf|scanf() without field width limits can crash with huge input data.,/home/yichen/Desktop/Qwen_Baseline_Results04/logs/F015_cppcheck.log
/home/yichen/Desktop/Qwen_Baseline04/F015.c,cppcheck,True,success,True,0,12,47,warning,invalidscanf,scanf() without field width limits can crash with huge input data.,/home/yichen/Desktop/Qwen_Baseline04/F015.c|47|warning|invalidscanf|scanf() without field width limits can crash with huge input data.,/home/yichen/Desktop/Qwen_Baseline_Results04/logs/F015_cppcheck.log
/home/yichen/Desktop/Qwen_Baseline04/F015.c,cppcheck,True,success,True,0,12,65,warning,invalidscanf,scanf() without field width limits can crash with huge input data.,/home/yichen/Desktop/Qwen_Baseline04/F015.c|65|warning|invalidscanf|scanf() without field width limits can crash with huge input data.,/home/yichen/Desktop/Qwen_Baseline_Results04/logs/F015_cppcheck.log
/home/yichen/Desktop/Qwen_Baseline04/F015.c,cppcheck,True,success,True,0,12,77,warning,invalidscanf,scanf() without field width limits can crash with huge input data.,/home/yichen/Desktop/Qwen_Baseline04/F015.c|77|warning|invalidscanf|scanf() without field width limits can crash with huge input data.,/home/yichen/Desktop/Qwen_Baseline_Results04/logs/F015_cppcheck.log
/home/yichen/Desktop/Qwen_Baseline04/F015.c,cppcheck,True,success,True,0,12,30,error,memleakOnRealloc,Common realloc mistake: 'contacts' nulled but not freed upon failure,/home/yichen/Desktop/Qwen_Baseline04/F015.c|30|error|memleakOnRealloc|Common realloc mistake: 'contacts' nulled but not freed upon failure,/home/yichen/Desktop/Qwen_Baseline_Results04/logs/F015_cppcheck.log
nofile,cppcheck,True,success,True,0,12,0,information,checkersReport,Active checkers: 113/592 (use --checkers-report=<filename> to see details),nofile|0|information|checkersReport|Active checkers: 113/592 (use --checkers-report=<filename> to see details),/home/yichen/Desktop/Qwen_Baseline_Results04/logs/F015_cppcheck.log
/home/yichen/Desktop/Qwen_Baseline04/F016.c,cppcheck,True,success,True,0,13,2,information,missingIncludeSystem,Include file: <stdio.h> not found. Please note: Cppcheck does not need standard library headers to get proper results.,/home/yichen/Desktop/Qwen_Baseline04/F016.c|2|information|missingIncludeSystem|Include file: <stdio.h> not found. Please note: Cppcheck does not need standard library headers to get proper results.,/home/yichen/Desktop/Qwen_Baseline_Results04/logs/F016_cppcheck.log
/home/yichen/Desktop/Qwen_Baseline04/F016.c,cppcheck,True,success,True,0,13,3,information,missingIncludeSystem,Include file: <stdlib.h> not found. Please note: Cppcheck does not need standard library headers to get proper results.,/home/yichen/Desktop/Qwen_Baseline04/F016.c|3|information|missingIncludeSystem|Include file: <stdlib.h> not found. Please note: Cppcheck does not need standard library headers to get proper results.,/home/yichen/Desktop/Qwen_Baseline_Results04/logs/F016_cppcheck.log
/home/yichen/Desktop/Qwen_Baseline04/F016.c,cppcheck,True,success,True,0,13,4,information,missingIncludeSystem,Include file: <string.h> not found. Please note: Cppcheck does not need standard library headers to get proper results.,/home/yichen/Desktop/Qwen_Baseline04/F016.c|4|information|missingIncludeSystem|Include file: <string.h> not found. Please note: Cppcheck does not need standard library headers to get proper results.,/home/yichen/Desktop/Qwen_Baseline_Results04/logs/F016_cppcheck.log
/home/yichen/Desktop/Qwen_Baseline04/F016.c,cppcheck,True,success,True,0,13,49,warning,invalidscanf,scanf() without field width limits can crash with huge input data.,/home/yichen/Desktop/Qwen_Baseline04/F016.c|49|warning|invalidscanf|scanf() without field width limits can crash with huge input data.,/home/yichen/Desktop/Qwen_Baseline_Results04/logs/F016_cppcheck.log
/home/yichen/Desktop/Qwen_Baseline04/F016.c,cppcheck,True,success,True,0,13,53,warning,invalidscanf,scanf() without field width limits can crash with huge input data.,/home/yichen/Desktop/Qwen_Baseline04/F016.c|53|warning|invalidscanf|scanf() without field width limits can crash with huge input data.,/home/yichen/Desktop/Qwen_Baseline_Results04/logs/F016_cppcheck.log
/home/yichen/Desktop/Qwen_Baseline04/F016.c,cppcheck,True,success,True,0,13,57,warning,invalidscanf,scanf() without field width limits can crash with huge input data.,/home/yichen/Desktop/Qwen_Baseline04/F016.c|57|warning|invalidscanf|scanf() without field width limits can crash with huge input data.,/home/yichen/Desktop/Qwen_Baseline_Results04/logs/F016_cppcheck.log
/home/yichen/Desktop/Qwen_Baseline04/F016.c,cppcheck,True,success,True,0,13,68,warning,invalidscanf,scanf() without field width limits can crash with huge input data.,/home/yichen/Desktop/Qwen_Baseline04/F016.c|68|warning|invalidscanf|scanf() without field width limits can crash with huge input data.,/home/yichen/Desktop/Qwen_Baseline_Results04/logs/F016_cppcheck.log
/home/yichen/Desktop/Qwen_Baseline04/F016.c,cppcheck,True,success,True,0,13,27,error,memleakOnRealloc,Common realloc mistake: 'contacts' nulled but not freed upon failure,/home/yichen/Desktop/Qwen_Baseline04/F016.c|27|error|memleakOnRealloc|Common realloc mistake: 'contacts' nulled but not freed upon failure,/home/yichen/Desktop/Qwen_Baseline_Results04/logs/F016_cppcheck.log
/home/yichen/Desktop/Qwen_Baseline04/F016.c,cppcheck,True,success,True,0,13,23,style,constVariablePointer,Variable 'name' can be declared as pointer to const,/home/yichen/Desktop/Qwen_Baseline04/F016.c|23|style|constVariablePointer|Variable 'name' can be declared as pointer to const,/home/yichen/Desktop/Qwen_Baseline_Results04/logs/F016_cppcheck.log
/home/yichen/Desktop/Qwen_Baseline04/F016.c,cppcheck,True,success,True,0,13,24,style,constVariablePointer,Variable 'email' can be declared as pointer to const,/home/yichen/Desktop/Qwen_Baseline04/F016.c|24|style|constVariablePointer|Variable 'email' can be declared as pointer to const,/home/yichen/Desktop/Qwen_Baseline_Results04/logs/F016_cppcheck.log
/home/yichen/Desktop/Qwen_Baseline04/F016.c,cppcheck,True,success,True,0,13,25,style,constVariablePointer,Variable 'phone' can be declared as pointer to const,/home/yichen/Desktop/Qwen_Baseline04/F016.c|25|style|constVariablePointer|Variable 'phone' can be declared as pointer to const,/home/yichen/Desktop/Qwen_Baseline_Results04/logs/F016_cppcheck.log
/home/yichen/Desktop/Qwen_Baseline04/F016.c,cppcheck,True,success,True,0,13,35,style,constParameter,Parameter 'argv' can be declared as const array,/home/yichen/Desktop/Qwen_Baseline04/F016.c|35|style|constParameter|Parameter 'argv' can be declared as const array,/home/yichen/Desktop/Qwen_Baseline_Results04/logs/F016_cppcheck.log
nofile,cppcheck,True,success,True,0,13,0,information,checkersReport,Active checkers: 113/592 (use --checkers-report=<filename> to see details),nofile|0|information|checkersReport|Active checkers: 113/592 (use --checkers-report=<filename> to see details),/home/yichen/Desktop/Qwen_Baseline_Results04/logs/F016_cppcheck.log
/home/yichen/Desktop/Qwen_Baseline04/F017.c,cppcheck,True,success,True,0,14,2,information,missingIncludeSystem,Include file: <stdio.h> not found. Please note: Cppcheck does not need standard library headers to get proper results.,/home/yichen/Desktop/Qwen_Baseline04/F017.c|2|information|missingIncludeSystem|Include file: <stdio.h> not found. Please note: Cppcheck does not need standard library headers to get proper results.,/home/yichen/Desktop/Qwen_Baseline_Results04/logs/F017_cppcheck.log
/home/yichen/Desktop/Qwen_Baseline04/F017.c,cppcheck,True,success,True,0,14,3,information,missingIncludeSystem,Include file: <stdlib.h> not found. Please note: Cppcheck does not need standard library headers to get proper results.,/home/yichen/Desktop/Qwen_Baseline04/F017.c|3|information|missingIncludeSystem|Include file: <stdlib.h> not found. Please note: Cppcheck does not need standard library headers to get proper results.,/home/yichen/Desktop/Qwen_Baseline_Results04/logs/F017_cppcheck.log
/home/yichen/Desktop/Qwen_Baseline04/F017.c,cppcheck,True,success,True,0,14,4,information,missingIncludeSystem,Include file: <string.h> not found. Please note: Cppcheck does not need standard library headers to get proper results.,/home/yichen/Desktop/Qwen_Baseline04/F017.c|4|information|missingIncludeSystem|Include file: <string.h> not found. Please note: Cppcheck does not need standard library headers to get proper results.,/home/yichen/Desktop/Qwen_Baseline_Results04/logs/F017_cppcheck.log
/home/yichen/Desktop/Qwen_Baseline04/F017.c,cppcheck,True,success,True,0,14,44,warning,invalidscanf,scanf() without field width limits can crash with huge input data.,/home/yichen/Desktop/Qwen_Baseline04/F017.c|44|warning|invalidscanf|scanf() without field width limits can crash with huge input data.,/home/yichen/Desktop/Qwen_Baseline_Results04/logs/F017_cppcheck.log
/home/yichen/Desktop/Qwen_Baseline04/F017.c,cppcheck,True,success,True,0,14,48,warning,invalidscanf,scanf() without field width limits can crash with huge input data.,/home/yichen/Desktop/Qwen_Baseline04/F017.c|48|warning|invalidscanf|scanf() without field width limits can crash with huge input data.,/home/yichen/Desktop/Qwen_Baseline_Results04/logs/F017_cppcheck.log
/home/yichen/Desktop/Qwen_Baseline04/F017.c,cppcheck,True,success,True,0,14,49,warning,invalidscanf,scanf() without field width limits can crash with huge input data.,/home/yichen/Desktop/Qwen_Baseline04/F017.c|49|warning|invalidscanf|scanf() without field width limits can crash with huge input data.,/home/yichen/Desktop/Qwen_Baseline_Results04/logs/F017_cppcheck.log
/home/yichen/Desktop/Qwen_Baseline04/F017.c,cppcheck,True,success,True,0,14,62,warning,invalidscanf,scanf() without field width limits can crash with huge input data.,/home/yichen/Desktop/Qwen_Baseline04/F017.c|62|warning|invalidscanf|scanf() without field width limits can crash with huge input data.,/home/yichen/Desktop/Qwen_Baseline_Results04/logs/F017_cppcheck.log
/home/yichen/Desktop/Qwen_Baseline04/F017.c,cppcheck,True,success,True,0,14,72,warning,invalidscanf,scanf() without field width limits can crash with huge input data.,/home/yichen/Desktop/Qwen_Baseline04/F017.c|72|warning|invalidscanf|scanf() without field width limits can crash with huge input data.,/home/yichen/Desktop/Qwen_Baseline_Results04/logs/F017_cppcheck.log
/home/yichen/Desktop/Qwen_Baseline04/F017.c,cppcheck,True,success,True,0,14,33,error,memleakOnRealloc,Common realloc mistake: 'kvs' nulled but not freed upon failure,/home/yichen/Desktop/Qwen_Baseline04/F017.c|33|error|memleakOnRealloc|Common realloc mistake: 'kvs' nulled but not freed upon failure,/home/yichen/Desktop/Qwen_Baseline_Results04/logs/F017_cppcheck.log
/home/yichen/Desktop/Qwen_Baseline04/F017.c,cppcheck,True,success,True,0,14,55,error,memleakOnRealloc,Common realloc mistake: 'kvs' nulled but not freed upon failure,/home/yichen/Desktop/Qwen_Baseline04/F017.c|55|error|memleakOnRealloc|Common realloc mistake: 'kvs' nulled but not freed upon failure,/home/yichen/Desktop/Qwen_Baseline_Results04/logs/F017_cppcheck.log
/home/yichen/Desktop/Qwen_Baseline04/F017.c,cppcheck,True,success,True,0,14,21,style,constParameter,Parameter 'argv' can be declared as const array,/home/yichen/Desktop/Qwen_Baseline04/F017.c|21|style|constParameter|Parameter 'argv' can be declared as const array,/home/yichen/Desktop/Qwen_Baseline_Results04/logs/F017_cppcheck.log
/home/yichen/Desktop/Qwen_Baseline04/F017.c,cppcheck,True,success,True,0,14,31,style,constVariablePointer,Variable 'key' can be declared as pointer to const,/home/yichen/Desktop/Qwen_Baseline04/F017.c|31|style|constVariablePointer|Variable 'key' can be declared as pointer to const,/home/yichen/Desktop/Qwen_Baseline_Results04/logs/F017_cppcheck.log
/home/yichen/Desktop/Qwen_Baseline04/F017.c,cppcheck,True,success,True,0,14,32,style,constVariablePointer,Variable 'val' can be declared as pointer to const,/home/yichen/Desktop/Qwen_Baseline04/F017.c|32|style|constVariablePointer|Variable 'val' can be declared as pointer to const,/home/yichen/Desktop/Qwen_Baseline_Results04/logs/F017_cppcheck.log
nofile,cppcheck,True,success,True,0,14,0,information,checkersReport,Active checkers: 113/592 (use --checkers-report=<filename> to see details),nofile|0|information|checkersReport|Active checkers: 113/592 (use --checkers-report=<filename> to see details),/home/yichen/Desktop/Qwen_Baseline_Results04/logs/F017_cppcheck.log
/home/yichen/Desktop/Qwen_Baseline04/F018.c,cppcheck,True,success,True,0,15,2,information,missingIncludeSystem,Include file: <stdio.h> not found. Please note: Cppcheck does not need standard library headers to get proper results.,/home/yichen/Desktop/Qwen_Baseline04/F018.c|2|information|missingIncludeSystem|Include file: <stdio.h> not found. Please note: Cppcheck does not need standard library headers to get proper results.,/home/yichen/Desktop/Qwen_Baseline_Results04/logs/F018_cppcheck.log
/home/yichen/Desktop/Qwen_Baseline04/F018.c,cppcheck,True,success,True,0,15,3,information,missingIncludeSystem,Include file: <stdlib.h> not found. Please note: Cppcheck does not need standard library headers to get proper results.,/home/yichen/Desktop/Qwen_Baseline04/F018.c|3|information|missingIncludeSystem|Include file: <stdlib.h> not found. Please note: Cppcheck does not need standard library headers to get proper results.,/home/yichen/Desktop/Qwen_Baseline_Results04/logs/F018_cppcheck.log
/home/yichen/Desktop/Qwen_Baseline04/F018.c,cppcheck,True,success,True,0,15,4,information,missingIncludeSystem,Include file: <string.h> not found. Please note: Cppcheck does not need standard library headers to get proper results.,/home/yichen/Desktop/Qwen_Baseline04/F018.c|4|information|missingIncludeSystem|Include file: <string.h> not found. Please note: Cppcheck does not need standard library headers to get proper results.,/home/yichen/Desktop/Qwen_Baseline_Results04/logs/F018_cppcheck.log
/home/yichen/Desktop/Qwen_Baseline04/F018.c,cppcheck,True,success,True,0,15,54,warning,invalidscanf,scanf() without field width limits can crash with huge input data.,/home/yichen/Desktop/Qwen_Baseline04/F018.c|54|warning|invalidscanf|scanf() without field width limits can crash with huge input data.,/home/yichen/Desktop/Qwen_Baseline_Results04/logs/F018_cppcheck.log
/home/yichen/Desktop/Qwen_Baseline04/F018.c,cppcheck,True,success,True,0,15,58,warning,invalidscanf,scanf() without field width limits can crash with huge input data.,/home/yichen/Desktop/Qwen_Baseline04/F018.c|58|warning|invalidscanf|scanf() without field width limits can crash with huge input data.,/home/yichen/Desktop/Qwen_Baseline_Results04/logs/F018_cppcheck.log
/home/yichen/Desktop/Qwen_Baseline04/F018.c,cppcheck,True,success,True,0,15,74,warning,invalidscanf,scanf() without field width limits can crash with huge input data.,/home/yichen/Desktop/Qwen_Baseline04/F018.c|74|warning|invalidscanf|scanf() without field width limits can crash with huge input data.,/home/yichen/Desktop/Qwen_Baseline_Results04/logs/F018_cppcheck.log
/home/yichen/Desktop/Qwen_Baseline04/F018.c,cppcheck,True,success,True,0,15,83,warning,invalidscanf,scanf() without field width limits can crash with huge input data.,/home/yichen/Desktop/Qwen_Baseline04/F018.c|83|warning|invalidscanf|scanf() without field width limits can crash with huge input data.,/home/yichen/Desktop/Qwen_Baseline_Results04/logs/F018_cppcheck.log
/home/yichen/Desktop/Qwen_Baseline04/F018.c,cppcheck,True,success,True,0,15,41,error,memleakOnRealloc,Common realloc mistake: 'words' nulled but not freed upon failure,/home/yichen/Desktop/Qwen_Baseline04/F018.c|41|error|memleakOnRealloc|Common realloc mistake: 'words' nulled but not freed upon failure,/home/yichen/Desktop/Qwen_Baseline_Results04/logs/F018_cppcheck.log
/home/yichen/Desktop/Qwen_Baseline04/F018.c,cppcheck,True,success,True,0,15,65,error,memleakOnRealloc,Common realloc mistake: 'words' nulled but not freed upon failure,/home/yichen/Desktop/Qwen_Baseline04/F018.c|65|error|memleakOnRealloc|Common realloc mistake: 'words' nulled but not freed upon failure,/home/yichen/Desktop/Qwen_Baseline_Results04/logs/F018_cppcheck.log
/home/yichen/Desktop/Qwen_Baseline04/F018.c,cppcheck,True,success,True,0,15,22,style,constVariablePointer,Variable 'x' can be declared as pointer to const,/home/yichen/Desktop/Qwen_Baseline04/F018.c|22|style|constVariablePointer|Variable 'x' can be declared as pointer to const,/home/yichen/Desktop/Qwen_Baseline_Results04/logs/F018_cppcheck.log
/home/yichen/Desktop/Qwen_Baseline04/F018.c,cppcheck,True,success,True,0,15,23,style,constVariablePointer,Variable 'y' can be declared as pointer to const,/home/yichen/Desktop/Qwen_Baseline04/F018.c|23|style|constVariablePointer|Variable 'y' can be declared as pointer to const,/home/yichen/Desktop/Qwen_Baseline_Results04/logs/F018_cppcheck.log
/home/yichen/Desktop/Qwen_Baseline04/F018.c,cppcheck,True,success,True,0,15,28,style,constParameter,Parameter 'argv' can be declared as const array,/home/yichen/Desktop/Qwen_Baseline04/F018.c|28|style|constParameter|Parameter 'argv' can be declared as const array,/home/yichen/Desktop/Qwen_Baseline_Results04/logs/F018_cppcheck.log
/home/yichen/Desktop/Qwen_Baseline04/F018.c,cppcheck,True,success,True,0,15,35,style,constVariablePointer,Variable 'token' can be declared as pointer to const,/home/yichen/Desktop/Qwen_Baseline04/F018.c|35|style|constVariablePointer|Variable 'token' can be declared as pointer to const,/home/yichen/Desktop/Qwen_Baseline_Results04/logs/F018_cppcheck.log
/home/yichen/Desktop/Qwen_Baseline04/F018.c,cppcheck,True,success,True,0,15,59,style,constVariablePointer,Variable 'token' can be declared as pointer to const,/home/yichen/Desktop/Qwen_Baseline04/F018.c|59|style|constVariablePointer|Variable 'token' can be declared as pointer to const,/home/yichen/Desktop/Qwen_Baseline_Results04/logs/F018_cppcheck.log
nofile,cppcheck,True,success,True,0,15,0,information,checkersReport,Active checkers: 113/592 (use --checkers-report=<filename> to see details),nofile|0|information|checkersReport|Active checkers: 113/592 (use --checkers-report=<filename> to see details),/home/yichen/Desktop/Qwen_Baseline_Results04/logs/F018_cppcheck.log
/home/yichen/Desktop/Qwen_Baseline04/F019.c,cppcheck,True,success,True,0,13,2,information,missingIncludeSystem,Include file: <stdio.h> not found. Please note: Cppcheck does not need standard library headers to get proper results.,/home/yichen/Desktop/Qwen_Baseline04/F019.c|2|information|missingIncludeSystem|Include file: <stdio.h> not found. Please note: Cppcheck does not need standard library headers to get proper results.,/home/yichen/Desktop/Qwen_Baseline_Results04/logs/F019_cppcheck.log
/home/yichen/Desktop/Qwen_Baseline04/F019.c,cppcheck,True,success,True,0,13,3,information,missingIncludeSystem,Include file: <stdlib.h> not found. Please note: Cppcheck does not need standard library headers to get proper results.,/home/yichen/Desktop/Qwen_Baseline04/F019.c|3|information|missingIncludeSystem|Include file: <stdlib.h> not found. Please note: Cppcheck does not need standard library headers to get proper results.,/home/yichen/Desktop/Qwen_Baseline_Results04/logs/F019_cppcheck.log
/home/yichen/Desktop/Qwen_Baseline04/F019.c,cppcheck,True,success,True,0,13,4,information,missingIncludeSystem,Include file: <string.h> not found. Please note: Cppcheck does not need standard library headers to get proper results.,/home/yichen/Desktop/Qwen_Baseline04/F019.c|4|information|missingIncludeSystem|Include file: <string.h> not found. Please note: Cppcheck does not need standard library headers to get proper results.,/home/yichen/Desktop/Qwen_Baseline_Results04/logs/F019_cppcheck.log
/home/yichen/Desktop/Qwen_Baseline04/F019.c,cppcheck,True,success,True,0,13,24,warning,invalidscanf,sscanf() without field width limits can crash with huge input data.,/home/yichen/Desktop/Qwen_Baseline04/F019.c|24|warning|invalidscanf|sscanf() without field width limits can crash with huge input data.,/home/yichen/Desktop/Qwen_Baseline_Results04/logs/F019_cppcheck.log
/home/yichen/Desktop/Qwen_Baseline04/F019.c,cppcheck,True,success,True,0,13,37,warning,invalidscanf,scanf() without field width limits can crash with huge input data.,/home/yichen/Desktop/Qwen_Baseline04/F019.c|37|warning|invalidscanf|scanf() without field width limits can crash with huge input data.,/home/yichen/Desktop/Qwen_Baseline_Results04/logs/F019_cppcheck.log
/home/yichen/Desktop/Qwen_Baseline04/F019.c,cppcheck,True,success,True,0,13,42,warning,invalidscanf,scanf() without field width limits can crash with huge input data.,/home/yichen/Desktop/Qwen_Baseline04/F019.c|42|warning|invalidscanf|scanf() without field width limits can crash with huge input data.,/home/yichen/Desktop/Qwen_Baseline_Results04/logs/F019_cppcheck.log
/home/yichen/Desktop/Qwen_Baseline04/F019.c,cppcheck,True,success,True,0,13,43,warning,invalidscanf,scanf() without field width limits can crash with huge input data.,/home/yichen/Desktop/Qwen_Baseline04/F019.c|43|warning|invalidscanf|scanf() without field width limits can crash with huge input data.,/home/yichen/Desktop/Qwen_Baseline_Results04/logs/F019_cppcheck.log
/home/yichen/Desktop/Qwen_Baseline04/F019.c,cppcheck,True,success,True,0,13,53,warning,invalidscanf,scanf() without field width limits can crash with huge input data.,/home/yichen/Desktop/Qwen_Baseline04/F019.c|53|warning|invalidscanf|scanf() without field width limits can crash with huge input data.,/home/yichen/Desktop/Qwen_Baseline_Results04/logs/F019_cppcheck.log
/home/yichen/Desktop/Qwen_Baseline04/F019.c,cppcheck,True,success,True,0,13,65,warning,invalidscanf,scanf() without field width limits can crash with huge input data.,/home/yichen/Desktop/Qwen_Baseline04/F019.c|65|warning|invalidscanf|scanf() without field width limits can crash with huge input data.,/home/yichen/Desktop/Qwen_Baseline_Results04/logs/F019_cppcheck.log
/home/yichen/Desktop/Qwen_Baseline04/F019.c,cppcheck,True,success,True,0,13,25,error,memleakOnRealloc,Common realloc mistake: 'trans' nulled but not freed upon failure,/home/yichen/Desktop/Qwen_Baseline04/F019.c|25|error|memleakOnRealloc|Common realloc mistake: 'trans' nulled but not freed upon failure,/home/yichen/Desktop/Qwen_Baseline_Results04/logs/F019_cppcheck.log
/home/yichen/Desktop/Qwen_Baseline04/F019.c,cppcheck,True,success,True,0,13,44,error,memleakOnRealloc,Common realloc mistake: 'trans' nulled but not freed upon failure,/home/yichen/Desktop/Qwen_Baseline04/F019.c|44|error|memleakOnRealloc|Common realloc mistake: 'trans' nulled but not freed upon failure,/home/yichen/Desktop/Qwen_Baseline_Results04/logs/F019_cppcheck.log
/home/yichen/Desktop/Qwen_Baseline04/F019.c,cppcheck,True,success,True,0,13,15,style,constParameter,Parameter 'argv' can be declared as const array,/home/yichen/Desktop/Qwen_Baseline04/F019.c|15|style|constParameter|Parameter 'argv' can be declared as const array,/home/yichen/Desktop/Qwen_Baseline_Results04/logs/F019_cppcheck.log
nofile,cppcheck,True,success,True,0,13,0,information,checkersReport,Active checkers: 113/592 (use --checkers-report=<filename> to see details),nofile|0|information|checkersReport|Active checkers: 113/592 (use --checkers-report=<filename> to see details),/home/yichen/Desktop/Qwen_Baseline_Results04/logs/F019_cppcheck.log
/home/yichen/Desktop/Qwen_Baseline04/F020.c,cppcheck,True,success,True,0,11,2,information,missingIncludeSystem,Include file: <stdio.h> not found. Please note: Cppcheck does not need standard library headers to get proper results.,/home/yichen/Desktop/Qwen_Baseline04/F020.c|2|information|missingIncludeSystem|Include file: <stdio.h> not found. Please note: Cppcheck does not need standard library headers to get proper results.,/home/yichen/Desktop/Qwen_Baseline_Results04/logs/F020_cppcheck.log
/home/yichen/Desktop/Qwen_Baseline04/F020.c,cppcheck,True,success,True,0,11,3,information,missingIncludeSystem,Include file: <stdlib.h> not found. Please note: Cppcheck does not need standard library headers to get proper results.,/home/yichen/Desktop/Qwen_Baseline04/F020.c|3|information|missingIncludeSystem|Include file: <stdlib.h> not found. Please note: Cppcheck does not need standard library headers to get proper results.,/home/yichen/Desktop/Qwen_Baseline_Results04/logs/F020_cppcheck.log
/home/yichen/Desktop/Qwen_Baseline04/F020.c,cppcheck,True,success,True,0,11,4,information,missingIncludeSystem,Include file: <string.h> not found. Please note: Cppcheck does not need standard library headers to get proper results.,/home/yichen/Desktop/Qwen_Baseline04/F020.c|4|information|missingIncludeSystem|Include file: <string.h> not found. Please note: Cppcheck does not need standard library headers to get proper results.,/home/yichen/Desktop/Qwen_Baseline_Results04/logs/F020_cppcheck.log
/home/yichen/Desktop/Qwen_Baseline04/F020.c,cppcheck,True,success,True,0,11,47,warning,invalidscanf,scanf() without field width limits can crash with huge input data.,/home/yichen/Desktop/Qwen_Baseline04/F020.c|47|warning|invalidscanf|scanf() without field width limits can crash with huge input data.,/home/yichen/Desktop/Qwen_Baseline_Results04/logs/F020_cppcheck.log
/home/yichen/Desktop/Qwen_Baseline04/F020.c,cppcheck,True,success,True,0,11,51,warning,invalidscanf,scanf() without field width limits can crash with huge input data.,/home/yichen/Desktop/Qwen_Baseline04/F020.c|51|warning|invalidscanf|scanf() without field width limits can crash with huge input data.,/home/yichen/Desktop/Qwen_Baseline_Results04/logs/F020_cppcheck.log
/home/yichen/Desktop/Qwen_Baseline04/F020.c,cppcheck,True,success,True,0,11,61,warning,invalidscanf,scanf() without field width limits can crash with huge input data.,/home/yichen/Desktop/Qwen_Baseline04/F020.c|61|warning|invalidscanf|scanf() without field width limits can crash with huge input data.,/home/yichen/Desktop/Qwen_Baseline_Results04/logs/F020_cppcheck.log
/home/yichen/Desktop/Qwen_Baseline04/F020.c,cppcheck,True,success,True,0,11,72,warning,invalidscanf,scanf() without field width limits can crash with huge input data.,/home/yichen/Desktop/Qwen_Baseline04/F020.c|72|warning|invalidscanf|scanf() without field width limits can crash with huge input data.,/home/yichen/Desktop/Qwen_Baseline_Results04/logs/F020_cppcheck.log
/home/yichen/Desktop/Qwen_Baseline04/F020.c,cppcheck,True,success,True,0,11,30,error,memleakOnRealloc,Common realloc mistake: 'chunks' nulled but not freed upon failure,/home/yichen/Desktop/Qwen_Baseline04/F020.c|30|error|memleakOnRealloc|Common realloc mistake: 'chunks' nulled but not freed upon failure,/home/yichen/Desktop/Qwen_Baseline_Results04/logs/F020_cppcheck.log
/home/yichen/Desktop/Qwen_Baseline04/F020.c,cppcheck,True,success,True,0,11,73,error,memleakOnRealloc,Common realloc mistake: 'chunks' nulled but not freed upon failure,/home/yichen/Desktop/Qwen_Baseline04/F020.c|73|error|memleakOnRealloc|Common realloc mistake: 'chunks' nulled but not freed upon failure,/home/yichen/Desktop/Qwen_Baseline_Results04/logs/F020_cppcheck.log
/home/yichen/Desktop/Qwen_Baseline04/F020.c,cppcheck,True,success,True,0,11,22,style,constParameter,Parameter 'argv' can be declared as const array,/home/yichen/Desktop/Qwen_Baseline04/F020.c|22|style|constParameter|Parameter 'argv' can be declared as const array,/home/yichen/Desktop/Qwen_Baseline_Results04/logs/F020_cppcheck.log
nofile,cppcheck,True,success,True,0,11,0,information,checkersReport,Active checkers: 113/592 (use --checkers-report=<filename> to see details),nofile|0|information|checkersReport|Active checkers: 113/592 (use --checkers-report=<filename> to see details),/home/yichen/Desktop/Qwen_Baseline_Results04/logs/F020_cppcheck.log
/home/yichen/Desktop/Qwen_Baseline04/F021.c,cppcheck,True,success,True,0,12,2,information,missingIncludeSystem,Include file: <stdio.h> not found. Please note: Cppcheck does not need standard library headers to get proper results.,/home/yichen/Desktop/Qwen_Baseline04/F021.c|2|information|missingIncludeSystem|Include file: <stdio.h> not found. Please note: Cppcheck does not need standard library headers to get proper results.,/home/yichen/Desktop/Qwen_Baseline_Results04/logs/F021_cppcheck.log
/home/yichen/Desktop/Qwen_Baseline04/F021.c,cppcheck,True,success,True,0,12,3,information,missingIncludeSystem,Include file: <stdlib.h> not found. Please note: Cppcheck does not need standard library headers to get proper results.,/home/yichen/Desktop/Qwen_Baseline04/F021.c|3|information|missingIncludeSystem|Include file: <stdlib.h> not found. Please note: Cppcheck does not need standard library headers to get proper results.,/home/yichen/Desktop/Qwen_Baseline_Results04/logs/F021_cppcheck.log
/home/yichen/Desktop/Qwen_Baseline04/F021.c,cppcheck,True,success,True,0,12,4,information,missingIncludeSystem,Include file: <string.h> not found. Please note: Cppcheck does not need standard library headers to get proper results.,/home/yichen/Desktop/Qwen_Baseline04/F021.c|4|information|missingIncludeSystem|Include file: <string.h> not found. Please note: Cppcheck does not need standard library headers to get proper results.,/home/yichen/Desktop/Qwen_Baseline_Results04/logs/F021_cppcheck.log
/home/yichen/Desktop/Qwen_Baseline04/F021.c,cppcheck,True,success,True,0,12,29,warning,invalidscanf,scanf() without field width limits can crash with huge input data.,/home/yichen/Desktop/Qwen_Baseline04/F021.c|29|warning|invalidscanf|scanf() without field width limits can crash with huge input data.,/home/yichen/Desktop/Qwen_Baseline_Results04/logs/F021_cppcheck.log
/home/yichen/Desktop/Qwen_Baseline04/F021.c,cppcheck,True,success,True,0,12,33,warning,invalidscanf,scanf() without field width limits can crash with huge input data.,/home/yichen/Desktop/Qwen_Baseline04/F021.c|33|warning|invalidscanf|scanf() without field width limits can crash with huge input data.,/home/yichen/Desktop/Qwen_Baseline_Results04/logs/F021_cppcheck.log
/home/yichen/Desktop/Qwen_Baseline04/F021.c,cppcheck,True,success,True,0,12,43,warning,invalidscanf,scanf() without field width limits can crash with huge input data.,/home/yichen/Desktop/Qwen_Baseline04/F021.c|43|warning|invalidscanf|scanf() without field width limits can crash with huge input data.,/home/yichen/Desktop/Qwen_Baseline_Results04/logs/F021_cppcheck.log
/home/yichen/Desktop/Qwen_Baseline04/F021.c,cppcheck,True,success,True,0,12,44,warning,invalidscanf,scanf() without field width limits can crash with huge input data.,/home/yichen/Desktop/Qwen_Baseline04/F021.c|44|warning|invalidscanf|scanf() without field width limits can crash with huge input data.,/home/yichen/Desktop/Qwen_Baseline_Results04/logs/F021_cppcheck.log
/home/yichen/Desktop/Qwen_Baseline04/F021.c,cppcheck,True,success,True,0,12,54,warning,invalidscanf,scanf() without field width limits can crash with huge input data.,/home/yichen/Desktop/Qwen_Baseline04/F021.c|54|warning|invalidscanf|scanf() without field width limits can crash with huge input data.,/home/yichen/Desktop/Qwen_Baseline_Results04/logs/F021_cppcheck.log
/home/yichen/Desktop/Qwen_Baseline04/F021.c,cppcheck,True,success,True,0,12,71,warning,invalidscanf,scanf() without field width limits can crash with huge input data.,/home/yichen/Desktop/Qwen_Baseline04/F021.c|71|warning|invalidscanf|scanf() without field width limits can crash with huge input data.,/home/yichen/Desktop/Qwen_Baseline_Results04/logs/F021_cppcheck.log
/home/yichen/Desktop/Qwen_Baseline04/F021.c,cppcheck,True,success,True,0,12,85,warning,invalidscanf,scanf() without field width limits can crash with huge input data.,/home/yichen/Desktop/Qwen_Baseline04/F021.c|85|warning|invalidscanf|scanf() without field width limits can crash with huge input data.,/home/yichen/Desktop/Qwen_Baseline_Results04/logs/F021_cppcheck.log
/home/yichen/Desktop/Qwen_Baseline04/F021.c,cppcheck,True,success,True,0,12,35,error,memleakOnRealloc,Common realloc mistake: 'recipes' nulled but not freed upon failure,/home/yichen/Desktop/Qwen_Baseline04/F021.c|35|error|memleakOnRealloc|Common realloc mistake: 'recipes' nulled but not freed upon failure,/home/yichen/Desktop/Qwen_Baseline_Results04/logs/F021_cppcheck.log
nofile,cppcheck,True,success,True,0,12,0,information,checkersReport,Active checkers: 113/592 (use --checkers-report=<filename> to see details),nofile|0|information|checkersReport|Active checkers: 113/592 (use --checkers-report=<filename> to see details),/home/yichen/Desktop/Qwen_Baseline_Results04/logs/F021_cppcheck.log
/home/yichen/Desktop/Qwen_Baseline04/F022.c,cppcheck,True,success,True,0,12,2,information,missingIncludeSystem,Include file: <stdio.h> not found. Please note: Cppcheck does not need standard library headers to get proper results.,/home/yichen/Desktop/Qwen_Baseline04/F022.c|2|information|missingIncludeSystem|Include file: <stdio.h> not found. Please note: Cppcheck does not need standard library headers to get proper results.,/home/yichen/Desktop/Qwen_Baseline_Results04/logs/F022_cppcheck.log
/home/yichen/Desktop/Qwen_Baseline04/F022.c,cppcheck,True,success,True,0,12,3,information,missingIncludeSystem,Include file: <stdlib.h> not found. Please note: Cppcheck does not need standard library headers to get proper results.,/home/yichen/Desktop/Qwen_Baseline04/F022.c|3|information|missingIncludeSystem|Include file: <stdlib.h> not found. Please note: Cppcheck does not need standard library headers to get proper results.,/home/yichen/Desktop/Qwen_Baseline_Results04/logs/F022_cppcheck.log
/home/yichen/Desktop/Qwen_Baseline04/F022.c,cppcheck,True,success,True,0,12,4,information,missingIncludeSystem,Include file: <string.h> not found. Please note: Cppcheck does not need standard library headers to get proper results.,/home/yichen/Desktop/Qwen_Baseline04/F022.c|4|information|missingIncludeSystem|Include file: <string.h> not found. Please note: Cppcheck does not need standard library headers to get proper results.,/home/yichen/Desktop/Qwen_Baseline_Results04/logs/F022_cppcheck.log
/home/yichen/Desktop/Qwen_Baseline04/F022.c,cppcheck,True,success,True,0,12,30,warning,invalidscanf,scanf() without field width limits can crash with huge input data.,/home/yichen/Desktop/Qwen_Baseline04/F022.c|30|warning|invalidscanf|scanf() without field width limits can crash with huge input data.,/home/yichen/Desktop/Qwen_Baseline_Results04/logs/F022_cppcheck.log
/home/yichen/Desktop/Qwen_Baseline04/F022.c,cppcheck,True,success,True,0,12,34,warning,invalidscanf,scanf() without field width limits can crash with huge input data.,/home/yichen/Desktop/Qwen_Baseline04/F022.c|34|warning|invalidscanf|scanf() without field width limits can crash with huge input data.,/home/yichen/Desktop/Qwen_Baseline_Results04/logs/F022_cppcheck.log
/home/yichen/Desktop/Qwen_Baseline04/F022.c,cppcheck,True,success,True,0,12,44,warning,invalidscanf,scanf() without field width limits can crash with huge input data.,/home/yichen/Desktop/Qwen_Baseline04/F022.c|44|warning|invalidscanf|scanf() without field width limits can crash with huge input data.,/home/yichen/Desktop/Qwen_Baseline_Results04/logs/F022_cppcheck.log
/home/yichen/Desktop/Qwen_Baseline04/F022.c,cppcheck,True,success,True,0,12,45,warning,invalidscanf,scanf() without field width limits can crash with huge input data.,/home/yichen/Desktop/Qwen_Baseline04/F022.c|45|warning|invalidscanf|scanf() without field width limits can crash with huge input data.,/home/yichen/Desktop/Qwen_Baseline_Results04/logs/F022_cppcheck.log
/home/yichen/Desktop/Qwen_Baseline04/F022.c,cppcheck,True,success,True,0,12,56,warning,invalidscanf,scanf() without field width limits can crash with huge input data.,/home/yichen/Desktop/Qwen_Baseline04/F022.c|56|warning|invalidscanf|scanf() without field width limits can crash with huge input data.,/home/yichen/Desktop/Qwen_Baseline_Results04/logs/F022_cppcheck.log
/home/yichen/Desktop/Qwen_Baseline04/F022.c,cppcheck,True,success,True,0,12,75,warning,invalidscanf,scanf() without field width limits can crash with huge input data.,/home/yichen/Desktop/Qwen_Baseline04/F022.c|75|warning|invalidscanf|scanf() without field width limits can crash with huge input data.,/home/yichen/Desktop/Qwen_Baseline_Results04/logs/F022_cppcheck.log
/home/yichen/Desktop/Qwen_Baseline04/F022.c,cppcheck,True,success,True,0,12,87,warning,invalidscanf,scanf() without field width limits can crash with huge input data.,/home/yichen/Desktop/Qwen_Baseline04/F022.c|87|warning|invalidscanf|scanf() without field width limits can crash with huge input data.,/home/yichen/Desktop/Qwen_Baseline_Results04/logs/F022_cppcheck.log
/home/yichen/Desktop/Qwen_Baseline04/F022.c,cppcheck,True,success,True,0,12,36,error,memleakOnRealloc,Common realloc mistake: 'projects' nulled but not freed upon failure,/home/yichen/Desktop/Qwen_Baseline04/F022.c|36|error|memleakOnRealloc|Common realloc mistake: 'projects' nulled but not freed upon failure,/home/yichen/Desktop/Qwen_Baseline_Results04/logs/F022_cppcheck.log
nofile,cppcheck,True,success,True,0,12,0,information,checkersReport,Active checkers: 113/592 (use --checkers-report=<filename> to see details),nofile|0|information|checkersReport|Active checkers: 113/592 (use --checkers-report=<filename> to see details),/home/yichen/Desktop/Qwen_Baseline_Results04/logs/F022_cppcheck.log
/home/yichen/Desktop/Qwen_Baseline04/F023.c,cppcheck,True,success,True,0,12,2,information,missingIncludeSystem,Include file: <stdio.h> not found. Please note: Cppcheck does not need standard library headers to get proper results.,/home/yichen/Desktop/Qwen_Baseline04/F023.c|2|information|missingIncludeSystem|Include file: <stdio.h> not found. Please note: Cppcheck does not need standard library headers to get proper results.,/home/yichen/Desktop/Qwen_Baseline_Results04/logs/F023_cppcheck.log
/home/yichen/Desktop/Qwen_Baseline04/F023.c,cppcheck,True,success,True,0,12,3,information,missingIncludeSystem,Include file: <stdlib.h> not found. Please note: Cppcheck does not need standard library headers to get proper results.,/home/yichen/Desktop/Qwen_Baseline04/F023.c|3|information|missingIncludeSystem|Include file: <stdlib.h> not found. Please note: Cppcheck does not need standard library headers to get proper results.,/home/yichen/Desktop/Qwen_Baseline_Results04/logs/F023_cppcheck.log
/home/yichen/Desktop/Qwen_Baseline04/F023.c,cppcheck,True,success,True,0,12,4,information,missingIncludeSystem,Include file: <string.h> not found. Please note: Cppcheck does not need standard library headers to get proper results.,/home/yichen/Desktop/Qwen_Baseline04/F023.c|4|information|missingIncludeSystem|Include file: <string.h> not found. Please note: Cppcheck does not need standard library headers to get proper results.,/home/yichen/Desktop/Qwen_Baseline_Results04/logs/F023_cppcheck.log
/home/yichen/Desktop/Qwen_Baseline04/F023.c,cppcheck,True,success,True,0,12,19,warning,invalidscanf,scanf() without field width limits can crash with huge input data.,/home/yichen/Desktop/Qwen_Baseline04/F023.c|19|warning|invalidscanf|scanf() without field width limits can crash with huge input data.,/home/yichen/Desktop/Qwen_Baseline_Results04/logs/F023_cppcheck.log
/home/yichen/Desktop/Qwen_Baseline04/F023.c,cppcheck,True,success,True,0,12,23,warning,invalidscanf,scanf() without field width limits can crash with huge input data.,/home/yichen/Desktop/Qwen_Baseline04/F023.c|23|warning|invalidscanf|scanf() without field width limits can crash with huge input data.,/home/yichen/Desktop/Qwen_Baseline_Results04/logs/F023_cppcheck.log
/home/yichen/Desktop/Qwen_Baseline04/F023.c,cppcheck,True,success,True,0,12,24,warning,invalidscanf,scanf() without field width limits can crash with huge input data.,/home/yichen/Desktop/Qwen_Baseline04/F023.c|24|warning|invalidscanf|scanf() without field width limits can crash with huge input data.,/home/yichen/Desktop/Qwen_Baseline_Results04/logs/F023_cppcheck.log
/home/yichen/Desktop/Qwen_Baseline04/F023.c,cppcheck,True,success,True,0,12,34,warning,invalidscanf,scanf() without field width limits can crash with huge input data.,/home/yichen/Desktop/Qwen_Baseline04/F023.c|34|warning|invalidscanf|scanf() without field width limits can crash with huge input data.,/home/yichen/Desktop/Qwen_Baseline_Results04/logs/F023_cppcheck.log
/home/yichen/Desktop/Qwen_Baseline04/F023.c,cppcheck,True,success,True,0,12,44,warning,invalidscanf,scanf() without field width limits can crash with huge input data.,/home/yichen/Desktop/Qwen_Baseline04/F023.c|44|warning|invalidscanf|scanf() without field width limits can crash with huge input data.,/home/yichen/Desktop/Qwen_Baseline_Results04/logs/F023_cppcheck.log
/home/yichen/Desktop/Qwen_Baseline04/F023.c,cppcheck,True,success,True,0,12,62,warning,invalidscanf,scanf() without field width limits can crash with huge input data.,/home/yichen/Desktop/Qwen_Baseline04/F023.c|62|warning|invalidscanf|scanf() without field width limits can crash with huge input data.,/home/yichen/Desktop/Qwen_Baseline_Results04/logs/F023_cppcheck.log
/home/yichen/Desktop/Qwen_Baseline04/F023.c,cppcheck,True,success,True,0,12,77,warning,invalidscanf,scanf() without field width limits can crash with huge input data.,/home/yichen/Desktop/Qwen_Baseline04/F023.c|77|warning|invalidscanf|scanf() without field width limits can crash with huge input data.,/home/yichen/Desktop/Qwen_Baseline_Results04/logs/F023_cppcheck.log
/home/yichen/Desktop/Qwen_Baseline04/F023.c,cppcheck,True,success,True,0,12,25,error,memleakOnRealloc,Common realloc mistake: 'mails' nulled but not freed upon failure,/home/yichen/Desktop/Qwen_Baseline04/F023.c|25|error|memleakOnRealloc|Common realloc mistake: 'mails' nulled but not freed upon failure,/home/yichen/Desktop/Qwen_Baseline_Results04/logs/F023_cppcheck.log
nofile,cppcheck,True,success,True,0,12,0,information,checkersReport,Active checkers: 113/592 (use --checkers-report=<filename> to see details),nofile|0|information|checkersReport|Active checkers: 113/592 (use --checkers-report=<filename> to see details),/home/yichen/Desktop/Qwen_Baseline_Results04/logs/F023_cppcheck.log
/home/yichen/Desktop/Qwen_Baseline04/F024.c,cppcheck,True,success,True,0,11,2,information,missingIncludeSystem,Include file: <stdio.h> not found. Please note: Cppcheck does not need standard library headers to get proper results.,/home/yichen/Desktop/Qwen_Baseline04/F024.c|2|information|missingIncludeSystem|Include file: <stdio.h> not found. Please note: Cppcheck does not need standard library headers to get proper results.,/home/yichen/Desktop/Qwen_Baseline_Results04/logs/F024_cppcheck.log
/home/yichen/Desktop/Qwen_Baseline04/F024.c,cppcheck,True,success,True,0,11,3,information,missingIncludeSystem,Include file: <stdlib.h> not found. Please note: Cppcheck does not need standard library headers to get proper results.,/home/yichen/Desktop/Qwen_Baseline04/F024.c|3|information|missingIncludeSystem|Include file: <stdlib.h> not found. Please note: Cppcheck does not need standard library headers to get proper results.,/home/yichen/Desktop/Qwen_Baseline_Results04/logs/F024_cppcheck.log
/home/yichen/Desktop/Qwen_Baseline04/F024.c,cppcheck,True,success,True,0,11,4,information,missingIncludeSystem,Include file: <string.h> not found. Please note: Cppcheck does not need standard library headers to get proper results.,/home/yichen/Desktop/Qwen_Baseline04/F024.c|4|information|missingIncludeSystem|Include file: <string.h> not found. Please note: Cppcheck does not need standard library headers to get proper results.,/home/yichen/Desktop/Qwen_Baseline_Results04/logs/F024_cppcheck.log
/home/yichen/Desktop/Qwen_Baseline04/F024.c,cppcheck,True,success,True,0,11,25,warning,invalidscanf,scanf() without field width limits can crash with huge input data.,/home/yichen/Desktop/Qwen_Baseline04/F024.c|25|warning|invalidscanf|scanf() without field width limits can crash with huge input data.,/home/yichen/Desktop/Qwen_Baseline_Results04/logs/F024_cppcheck.log
/home/yichen/Desktop/Qwen_Baseline04/F024.c,cppcheck,True,success,True,0,11,30,warning,invalidscanf,scanf() without field width limits can crash with huge input data.,/home/yichen/Desktop/Qwen_Baseline04/F024.c|30|warning|invalidscanf|scanf() without field width limits can crash with huge input data.,/home/yichen/Desktop/Qwen_Baseline_Results04/logs/F024_cppcheck.log
/home/yichen/Desktop/Qwen_Baseline04/F024.c,cppcheck,True,success,True,0,11,41,warning,invalidscanf,scanf() without field width limits can crash with huge input data.,/home/yichen/Desktop/Qwen_Baseline04/F024.c|41|warning|invalidscanf|scanf() without field width limits can crash with huge input data.,/home/yichen/Desktop/Qwen_Baseline_Results04/logs/F024_cppcheck.log
/home/yichen/Desktop/Qwen_Baseline04/F024.c,cppcheck,True,success,True,0,11,49,warning,invalidscanf,scanf() without field width limits can crash with huge input data.,/home/yichen/Desktop/Qwen_Baseline04/F024.c|49|warning|invalidscanf|scanf() without field width limits can crash with huge input data.,/home/yichen/Desktop/Qwen_Baseline_Results04/logs/F024_cppcheck.log
/home/yichen/Desktop/Qwen_Baseline04/F024.c,cppcheck,True,success,True,0,11,65,warning,invalidscanf,scanf() without field width limits can crash with huge input data.,/home/yichen/Desktop/Qwen_Baseline04/F024.c|65|warning|invalidscanf|scanf() without field width limits can crash with huge input data.,/home/yichen/Desktop/Qwen_Baseline_Results04/logs/F024_cppcheck.log
/home/yichen/Desktop/Qwen_Baseline04/F024.c,cppcheck,True,success,True,0,11,76,warning,invalidscanf,scanf() without field width limits can crash with huge input data.,/home/yichen/Desktop/Qwen_Baseline04/F024.c|76|warning|invalidscanf|scanf() without field width limits can crash with huge input data.,/home/yichen/Desktop/Qwen_Baseline_Results04/logs/F024_cppcheck.log
/home/yichen/Desktop/Qwen_Baseline04/F024.c,cppcheck,True,success,True,0,11,32,error,memleakOnRealloc,Common realloc mistake: 'books' nulled but not freed upon failure,/home/yichen/Desktop/Qwen_Baseline04/F024.c|32|error|memleakOnRealloc|Common realloc mistake: 'books' nulled but not freed upon failure,/home/yichen/Desktop/Qwen_Baseline_Results04/logs/F024_cppcheck.log
nofile,cppcheck,True,success,True,0,11,0,information,checkersReport,Active checkers: 113/592 (use --checkers-report=<filename> to see details),nofile|0|information|checkersReport|Active checkers: 113/592 (use --checkers-report=<filename> to see details),/home/yichen/Desktop/Qwen_Baseline_Results04/logs/F024_cppcheck.log
/home/yichen/Desktop/Qwen_Baseline04/F025.c,cppcheck,True,success,True,0,12,2,information,missingIncludeSystem,Include file: <stdio.h> not found. Please note: Cppcheck does not need standard library headers to get proper results.,/home/yichen/Desktop/Qwen_Baseline04/F025.c|2|information|missingIncludeSystem|Include file: <stdio.h> not found. Please note: Cppcheck does not need standard library headers to get proper results.,/home/yichen/Desktop/Qwen_Baseline_Results04/logs/F025_cppcheck.log
/home/yichen/Desktop/Qwen_Baseline04/F025.c,cppcheck,True,success,True,0,12,3,information,missingIncludeSystem,Include file: <stdlib.h> not found. Please note: Cppcheck does not need standard library headers to get proper results.,/home/yichen/Desktop/Qwen_Baseline04/F025.c|3|information|missingIncludeSystem|Include file: <stdlib.h> not found. Please note: Cppcheck does not need standard library headers to get proper results.,/home/yichen/Desktop/Qwen_Baseline_Results04/logs/F025_cppcheck.log
/home/yichen/Desktop/Qwen_Baseline04/F025.c,cppcheck,True,success,True,0,12,4,information,missingIncludeSystem,Include file: <string.h> not found. Please note: Cppcheck does not need standard library headers to get proper results.,/home/yichen/Desktop/Qwen_Baseline04/F025.c|4|information|missingIncludeSystem|Include file: <string.h> not found. Please note: Cppcheck does not need standard library headers to get proper results.,/home/yichen/Desktop/Qwen_Baseline_Results04/logs/F025_cppcheck.log
/home/yichen/Desktop/Qwen_Baseline04/F025.c,cppcheck,True,success,True,0,12,29,warning,invalidscanf,scanf() without field width limits can crash with huge input data.,/home/yichen/Desktop/Qwen_Baseline04/F025.c|29|warning|invalidscanf|scanf() without field width limits can crash with huge input data.,/home/yichen/Desktop/Qwen_Baseline_Results04/logs/F025_cppcheck.log
/home/yichen/Desktop/Qwen_Baseline04/F025.c,cppcheck,True,success,True,0,12,33,warning,invalidscanf,scanf() without field width limits can crash with huge input data.,/home/yichen/Desktop/Qwen_Baseline04/F025.c|33|warning|invalidscanf|scanf() without field width limits can crash with huge input data.,/home/yichen/Desktop/Qwen_Baseline_Results04/logs/F025_cppcheck.log
/home/yichen/Desktop/Qwen_Baseline04/F025.c,cppcheck,True,success,True,0,12,43,warning,invalidscanf,scanf() without field width limits can crash with huge input data.,/home/yichen/Desktop/Qwen_Baseline04/F025.c|43|warning|invalidscanf|scanf() without field width limits can crash with huge input data.,/home/yichen/Desktop/Qwen_Baseline_Results04/logs/F025_cppcheck.log
/home/yichen/Desktop/Qwen_Baseline04/F025.c,cppcheck,True,success,True,0,12,44,warning,invalidscanf,scanf() without field width limits can crash with huge input data.,/home/yichen/Desktop/Qwen_Baseline04/F025.c|44|warning|invalidscanf|scanf() without field width limits can crash with huge input data.,/home/yichen/Desktop/Qwen_Baseline_Results04/logs/F025_cppcheck.log
/home/yichen/Desktop/Qwen_Baseline04/F025.c,cppcheck,True,success,True,0,12,54,warning,invalidscanf,scanf() without field width limits can crash with huge input data.,/home/yichen/Desktop/Qwen_Baseline04/F025.c|54|warning|invalidscanf|scanf() without field width limits can crash with huge input data.,/home/yichen/Desktop/Qwen_Baseline_Results04/logs/F025_cppcheck.log
/home/yichen/Desktop/Qwen_Baseline04/F025.c,cppcheck,True,success,True,0,12,73,warning,invalidscanf,scanf() without field width limits can crash with huge input data.,/home/yichen/Desktop/Qwen_Baseline04/F025.c|73|warning|invalidscanf|scanf() without field width limits can crash with huge input data.,/home/yichen/Desktop/Qwen_Baseline_Results04/logs/F025_cppcheck.log
/home/yichen/Desktop/Qwen_Baseline04/F025.c,cppcheck,True,success,True,0,12,90,warning,invalidscanf,scanf() without field width limits can crash with huge input data.,/home/yichen/Desktop/Qwen_Baseline04/F025.c|90|warning|invalidscanf|scanf() without field width limits can crash with huge input data.,/home/yichen/Desktop/Qwen_Baseline_Results04/logs/F025_cppcheck.log
/home/yichen/Desktop/Qwen_Baseline04/F025.c,cppcheck,True,success,True,0,12,35,error,memleakOnRealloc,Common realloc mistake: 'classes' nulled but not freed upon failure,/home/yichen/Desktop/Qwen_Baseline04/F025.c|35|error|memleakOnRealloc|Common realloc mistake: 'classes' nulled but not freed upon failure,/home/yichen/Desktop/Qwen_Baseline_Results04/logs/F025_cppcheck.log
nofile,cppcheck,True,success,True,0,12,0,information,checkersReport,Active checkers: 113/592 (use --checkers-report=<filename> to see details),nofile|0|information|checkersReport|Active checkers: 113/592 (use --checkers-report=<filename> to see details),/home/yichen/Desktop/Qwen_Baseline_Results04/logs/F025_cppcheck.log
/home/yichen/Desktop/Qwen_Baseline04/F026.c,cppcheck,True,success,True,0,11,2,information,missingIncludeSystem,Include file: <stdio.h> not found. Please note: Cppcheck does not need standard library headers to get proper results.,/home/yichen/Desktop/Qwen_Baseline04/F026.c|2|information|missingIncludeSystem|Include file: <stdio.h> not found. Please note: Cppcheck does not need standard library headers to get proper results.,/home/yichen/Desktop/Qwen_Baseline_Results04/logs/F026_cppcheck.log
/home/yichen/Desktop/Qwen_Baseline04/F026.c,cppcheck,True,success,True,0,11,3,information,missingIncludeSystem,Include file: <stdlib.h> not found. Please note: Cppcheck does not need standard library headers to get proper results.,/home/yichen/Desktop/Qwen_Baseline04/F026.c|3|information|missingIncludeSystem|Include file: <stdlib.h> not found. Please note: Cppcheck does not need standard library headers to get proper results.,/home/yichen/Desktop/Qwen_Baseline_Results04/logs/F026_cppcheck.log
/home/yichen/Desktop/Qwen_Baseline04/F026.c,cppcheck,True,success,True,0,11,4,information,missingIncludeSystem,Include file: <string.h> not found. Please note: Cppcheck does not need standard library headers to get proper results.,/home/yichen/Desktop/Qwen_Baseline04/F026.c|4|information|missingIncludeSystem|Include file: <string.h> not found. Please note: Cppcheck does not need standard library headers to get proper results.,/home/yichen/Desktop/Qwen_Baseline_Results04/logs/F026_cppcheck.log
/home/yichen/Desktop/Qwen_Baseline04/F026.c,cppcheck,True,success,True,0,11,16,warning,invalidscanf,scanf() without field width limits can crash with huge input data.,/home/yichen/Desktop/Qwen_Baseline04/F026.c|16|warning|invalidscanf|scanf() without field width limits can crash with huge input data.,/home/yichen/Desktop/Qwen_Baseline_Results04/logs/F026_cppcheck.log
/home/yichen/Desktop/Qwen_Baseline04/F026.c,cppcheck,True,success,True,0,11,20,warning,invalidscanf,scanf() without field width limits can crash with huge input data.,/home/yichen/Desktop/Qwen_Baseline04/F026.c|20|warning|invalidscanf|scanf() without field width limits can crash with huge input data.,/home/yichen/Desktop/Qwen_Baseline_Results04/logs/F026_cppcheck.log
/home/yichen/Desktop/Qwen_Baseline04/F026.c,cppcheck,True,success,True,0,11,21,warning,invalidscanf,scanf() without field width limits can crash with huge input data.,/home/yichen/Desktop/Qwen_Baseline04/F026.c|21|warning|invalidscanf|scanf() without field width limits can crash with huge input data.,/home/yichen/Desktop/Qwen_Baseline_Results04/logs/F026_cppcheck.log
/home/yichen/Desktop/Qwen_Baseline04/F026.c,cppcheck,True,success,True,0,11,28,warning,invalidscanf,scanf() without field width limits can crash with huge input data.,/home/yichen/Desktop/Qwen_Baseline04/F026.c|28|warning|invalidscanf|scanf() without field width limits can crash with huge input data.,/home/yichen/Desktop/Qwen_Baseline_Results04/logs/F026_cppcheck.log
/home/yichen/Desktop/Qwen_Baseline04/F026.c,cppcheck,True,success,True,0,11,41,warning,invalidscanf,scanf() without field width limits can crash with huge input data.,/home/yichen/Desktop/Qwen_Baseline04/F026.c|41|warning|invalidscanf|scanf() without field width limits can crash with huge input data.,/home/yichen/Desktop/Qwen_Baseline_Results04/logs/F026_cppcheck.log
/home/yichen/Desktop/Qwen_Baseline04/F026.c,cppcheck,True,success,True,0,11,54,warning,invalidscanf,scanf() without field width limits can crash with huge input data.,/home/yichen/Desktop/Qwen_Baseline04/F026.c|54|warning|invalidscanf|scanf() without field width limits can crash with huge input data.,/home/yichen/Desktop/Qwen_Baseline_Results04/logs/F026_cppcheck.log
/home/yichen/Desktop/Qwen_Baseline04/F026.c,cppcheck,True,success,True,0,11,22,error,memleakOnRealloc,Common realloc mistake: 'notes' nulled but not freed upon failure,/home/yichen/Desktop/Qwen_Baseline04/F026.c|22|error|memleakOnRealloc|Common realloc mistake: 'notes' nulled but not freed upon failure,/home/yichen/Desktop/Qwen_Baseline_Results04/logs/F026_cppcheck.log
nofile,cppcheck,True,success,True,0,11,0,information,checkersReport,Active checkers: 113/592 (use --checkers-report=<filename> to see details),nofile|0|information|checkersReport|Active checkers: 113/592 (use --checkers-report=<filename> to see details),/home/yichen/Desktop/Qwen_Baseline_Results04/logs/F026_cppcheck.log
/home/yichen/Desktop/Qwen_Baseline04/F027.c,cppcheck,True,success,True,0,12,2,information,missingIncludeSystem,Include file: <stdio.h> not found. Please note: Cppcheck does not need standard library headers to get proper results.,/home/yichen/Desktop/Qwen_Baseline04/F027.c|2|information|missingIncludeSystem|Include file: <stdio.h> not found. Please note: Cppcheck does not need standard library headers to get proper results.,/home/yichen/Desktop/Qwen_Baseline_Results04/logs/F027_cppcheck.log
/home/yichen/Desktop/Qwen_Baseline04/F027.c,cppcheck,True,success,True,0,12,3,information,missingIncludeSystem,Include file: <stdlib.h> not found. Please note: Cppcheck does not need standard library headers to get proper results.,/home/yichen/Desktop/Qwen_Baseline04/F027.c|3|information|missingIncludeSystem|Include file: <stdlib.h> not found. Please note: Cppcheck does not need standard library headers to get proper results.,/home/yichen/Desktop/Qwen_Baseline_Results04/logs/F027_cppcheck.log
/home/yichen/Desktop/Qwen_Baseline04/F027.c,cppcheck,True,success,True,0,12,4,information,missingIncludeSystem,Include file: <string.h> not found. Please note: Cppcheck does not need standard library headers to get proper results.,/home/yichen/Desktop/Qwen_Baseline04/F027.c|4|information|missingIncludeSystem|Include file: <string.h> not found. Please note: Cppcheck does not need standard library headers to get proper results.,/home/yichen/Desktop/Qwen_Baseline_Results04/logs/F027_cppcheck.log
/home/yichen/Desktop/Qwen_Baseline04/F027.c,cppcheck,True,success,True,0,12,23,warning,invalidscanf,scanf() without field width limits can crash with huge input data.,/home/yichen/Desktop/Qwen_Baseline04/F027.c|23|warning|invalidscanf|scanf() without field width limits can crash with huge input data.,/home/yichen/Desktop/Qwen_Baseline_Results04/logs/F027_cppcheck.log
/home/yichen/Desktop/Qwen_Baseline04/F027.c,cppcheck,True,success,True,0,12,28,warning,invalidscanf,scanf() without field width limits can crash with huge input data.,/home/yichen/Desktop/Qwen_Baseline04/F027.c|28|warning|invalidscanf|scanf() without field width limits can crash with huge input data.,/home/yichen/Desktop/Qwen_Baseline_Results04/logs/F027_cppcheck.log
/home/yichen/Desktop/Qwen_Baseline04/F027.c,cppcheck,True,success,True,0,12,29,warning,invalidscanf,scanf() without field width limits can crash with huge input data.,/home/yichen/Desktop/Qwen_Baseline04/F027.c|29|warning|invalidscanf|scanf() without field width limits can crash with huge input data.,/home/yichen/Desktop/Qwen_Baseline_Results04/logs/F027_cppcheck.log
/home/yichen/Desktop/Qwen_Baseline04/F027.c,cppcheck,True,success,True,0,12,38,warning,invalidscanf,scanf() without field width limits can crash with huge input data.,/home/yichen/Desktop/Qwen_Baseline04/F027.c|38|warning|invalidscanf|scanf() without field width limits can crash with huge input data.,/home/yichen/Desktop/Qwen_Baseline_Results04/logs/F027_cppcheck.log
/home/yichen/Desktop/Qwen_Baseline04/F027.c,cppcheck,True,success,True,0,12,47,warning,invalidscanf,scanf() without field width limits can crash with huge input data.,/home/yichen/Desktop/Qwen_Baseline04/F027.c|47|warning|invalidscanf|scanf() without field width limits can crash with huge input data.,/home/yichen/Desktop/Qwen_Baseline_Results04/logs/F027_cppcheck.log
/home/yichen/Desktop/Qwen_Baseline04/F027.c,cppcheck,True,success,True,0,12,30,error,memleakOnRealloc,Common realloc mistake: 'rems' nulled but not freed upon failure,/home/yichen/Desktop/Qwen_Baseline04/F027.c|30|error|memleakOnRealloc|Common realloc mistake: 'rems' nulled but not freed upon failure,/home/yichen/Desktop/Qwen_Baseline_Results04/logs/F027_cppcheck.log
/home/yichen/Desktop/Qwen_Baseline04/F027.c,cppcheck,True,success,True,0,12,16,style,constVariablePointer,Variable 'x' can be declared as pointer to const,/home/yichen/Desktop/Qwen_Baseline04/F027.c|16|style|constVariablePointer|Variable 'x' can be declared as pointer to const,/home/yichen/Desktop/Qwen_Baseline_Results04/logs/F027_cppcheck.log
/home/yichen/Desktop/Qwen_Baseline04/F027.c,cppcheck,True,success,True,0,12,17,style,constVariablePointer,Variable 'y' can be declared as pointer to const,/home/yichen/Desktop/Qwen_Baseline04/F027.c|17|style|constVariablePointer|Variable 'y' can be declared as pointer to const,/home/yichen/Desktop/Qwen_Baseline_Results04/logs/F027_cppcheck.log
nofile,cppcheck,True,success,True,0,12,0,information,checkersReport,Active checkers: 113/592 (use --checkers-report=<filename> to see details),nofile|0|information|checkersReport|Active checkers: 113/592 (use --checkers-report=<filename> to see details),/home/yichen/Desktop/Qwen_Baseline_Results04/logs/F027_cppcheck.log
/home/yichen/Desktop/Qwen_Baseline04/F028.c,cppcheck,True,success,True,0,12,2,information,missingIncludeSystem,Include file: <stdio.h> not found. Please note: Cppcheck does not need standard library headers to get proper results.,/home/yichen/Desktop/Qwen_Baseline04/F028.c|2|information|missingIncludeSystem|Include file: <stdio.h> not found. Please note: Cppcheck does not need standard library headers to get proper results.,/home/yichen/Desktop/Qwen_Baseline_Results04/logs/F028_cppcheck.log
/home/yichen/Desktop/Qwen_Baseline04/F028.c,cppcheck,True,success,True,0,12,3,information,missingIncludeSystem,Include file: <stdlib.h> not found. Please note: Cppcheck does not need standard library headers to get proper results.,/home/yichen/Desktop/Qwen_Baseline04/F028.c|3|information|missingIncludeSystem|Include file: <stdlib.h> not found. Please note: Cppcheck does not need standard library headers to get proper results.,/home/yichen/Desktop/Qwen_Baseline_Results04/logs/F028_cppcheck.log
/home/yichen/Desktop/Qwen_Baseline04/F028.c,cppcheck,True,success,True,0,12,4,information,missingIncludeSystem,Include file: <string.h> not found. Please note: Cppcheck does not need standard library headers to get proper results.,/home/yichen/Desktop/Qwen_Baseline04/F028.c|4|information|missingIncludeSystem|Include file: <string.h> not found. Please note: Cppcheck does not need standard library headers to get proper results.,/home/yichen/Desktop/Qwen_Baseline_Results04/logs/F028_cppcheck.log
/home/yichen/Desktop/Qwen_Baseline04/F028.c,cppcheck,True,success,True,0,12,16,warning,invalidscanf,scanf() without field width limits can crash with huge input data.,/home/yichen/Desktop/Qwen_Baseline04/F028.c|16|warning|invalidscanf|scanf() without field width limits can crash with huge input data.,/home/yichen/Desktop/Qwen_Baseline_Results04/logs/F028_cppcheck.log
/home/yichen/Desktop/Qwen_Baseline04/F028.c,cppcheck,True,success,True,0,12,20,warning,invalidscanf,scanf() without field width limits can crash with huge input data.,/home/yichen/Desktop/Qwen_Baseline04/F028.c|20|warning|invalidscanf|scanf() without field width limits can crash with huge input data.,/home/yichen/Desktop/Qwen_Baseline_Results04/logs/F028_cppcheck.log
/home/yichen/Desktop/Qwen_Baseline04/F028.c,cppcheck,True,success,True,0,12,21,warning,invalidscanf,scanf() without field width limits can crash with huge input data.,/home/yichen/Desktop/Qwen_Baseline04/F028.c|21|warning|invalidscanf|scanf() without field width limits can crash with huge input data.,/home/yichen/Desktop/Qwen_Baseline_Results04/logs/F028_cppcheck.log
/home/yichen/Desktop/Qwen_Baseline04/F028.c,cppcheck,True,success,True,0,12,29,warning,invalidscanf,scanf() without field width limits can crash with huge input data.,/home/yichen/Desktop/Qwen_Baseline04/F028.c|29|warning|invalidscanf|scanf() without field width limits can crash with huge input data.,/home/yichen/Desktop/Qwen_Baseline_Results04/logs/F028_cppcheck.log
/home/yichen/Desktop/Qwen_Baseline04/F028.c,cppcheck,True,success,True,0,12,30,warning,invalidscanf,scanf() without field width limits can crash with huge input data.,/home/yichen/Desktop/Qwen_Baseline04/F028.c|30|warning|invalidscanf|scanf() without field width limits can crash with huge input data.,/home/yichen/Desktop/Qwen_Baseline_Results04/logs/F028_cppcheck.log
/home/yichen/Desktop/Qwen_Baseline04/F028.c,cppcheck,True,success,True,0,12,61,warning,invalidscanf,scanf() without field width limits can crash with huge input data.,/home/yichen/Desktop/Qwen_Baseline04/F028.c|61|warning|invalidscanf|scanf() without field width limits can crash with huge input data.,/home/yichen/Desktop/Qwen_Baseline_Results04/logs/F028_cppcheck.log
/home/yichen/Desktop/Qwen_Baseline04/F028.c,cppcheck,True,success,True,0,12,22,error,memleakOnRealloc,Common realloc mistake: 'stops' nulled but not freed upon failure,/home/yichen/Desktop/Qwen_Baseline04/F028.c|22|error|memleakOnRealloc|Common realloc mistake: 'stops' nulled but not freed upon failure,/home/yichen/Desktop/Qwen_Baseline_Results04/logs/F028_cppcheck.log
/home/yichen/Desktop/Qwen_Baseline04/F028.c,cppcheck,True,success,True,0,12,32,error,memleakOnRealloc,Common realloc mistake: 'stops' nulled but not freed upon failure,/home/yichen/Desktop/Qwen_Baseline04/F028.c|32|error|memleakOnRealloc|Common realloc mistake: 'stops' nulled but not freed upon failure,/home/yichen/Desktop/Qwen_Baseline_Results04/logs/F028_cppcheck.log
nofile,cppcheck,True,success,True,0,12,0,information,checkersReport,Active checkers: 113/592 (use --checkers-report=<filename> to see details),nofile|0|information|checkersReport|Active checkers: 113/592 (use --checkers-report=<filename> to see details),/home/yichen/Desktop/Qwen_Baseline_Results04/logs/F028_cppcheck.log
/home/yichen/Desktop/Qwen_Baseline04/F029.c,cppcheck,True,success,True,0,9,2,information,missingIncludeSystem,Include file: <stdio.h> not found. Please note: Cppcheck does not need standard library headers to get proper results.,/home/yichen/Desktop/Qwen_Baseline04/F029.c|2|information|missingIncludeSystem|Include file: <stdio.h> not found. Please note: Cppcheck does not need standard library headers to get proper results.,/home/yichen/Desktop/Qwen_Baseline_Results04/logs/F029_cppcheck.log
/home/yichen/Desktop/Qwen_Baseline04/F029.c,cppcheck,True,success,True,0,9,3,information,missingIncludeSystem,Include file: <stdlib.h> not found. Please note: Cppcheck does not need standard library headers to get proper results.,/home/yichen/Desktop/Qwen_Baseline04/F029.c|3|information|missingIncludeSystem|Include file: <stdlib.h> not found. Please note: Cppcheck does not need standard library headers to get proper results.,/home/yichen/Desktop/Qwen_Baseline_Results04/logs/F029_cppcheck.log
/home/yichen/Desktop/Qwen_Baseline04/F029.c,cppcheck,True,success,True,0,9,4,information,missingIncludeSystem,Include file: <string.h> not found. Please note: Cppcheck does not need standard library headers to get proper results.,/home/yichen/Desktop/Qwen_Baseline04/F029.c|4|information|missingIncludeSystem|Include file: <string.h> not found. Please note: Cppcheck does not need standard library headers to get proper results.,/home/yichen/Desktop/Qwen_Baseline_Results04/logs/F029_cppcheck.log
/home/yichen/Desktop/Qwen_Baseline04/F029.c,cppcheck,True,success,True,0,9,16,warning,invalidscanf,scanf() without field width limits can crash with huge input data.,/home/yichen/Desktop/Qwen_Baseline04/F029.c|16|warning|invalidscanf|scanf() without field width limits can crash with huge input data.,/home/yichen/Desktop/Qwen_Baseline_Results04/logs/F029_cppcheck.log
/home/yichen/Desktop/Qwen_Baseline04/F029.c,cppcheck,True,success,True,0,9,20,warning,invalidscanf,scanf() without field width limits can crash with huge input data.,/home/yichen/Desktop/Qwen_Baseline04/F029.c|20|warning|invalidscanf|scanf() without field width limits can crash with huge input data.,/home/yichen/Desktop/Qwen_Baseline_Results04/logs/F029_cppcheck.log
/home/yichen/Desktop/Qwen_Baseline04/F029.c,cppcheck,True,success,True,0,9,45,warning,invalidscanf,scanf() without field width limits can crash with huge input data.,/home/yichen/Desktop/Qwen_Baseline04/F029.c|45|warning|invalidscanf|scanf() without field width limits can crash with huge input data.,/home/yichen/Desktop/Qwen_Baseline_Results04/logs/F029_cppcheck.log
/home/yichen/Desktop/Qwen_Baseline04/F029.c,cppcheck,True,success,True,0,9,58,warning,invalidscanf,scanf() without field width limits can crash with huge input data.,/home/yichen/Desktop/Qwen_Baseline04/F029.c|58|warning|invalidscanf|scanf() without field width limits can crash with huge input data.,/home/yichen/Desktop/Qwen_Baseline_Results04/logs/F029_cppcheck.log
/home/yichen/Desktop/Qwen_Baseline04/F029.c,cppcheck,True,success,True,0,9,21,error,memleakOnRealloc,Common realloc mistake: 'recs' nulled but not freed upon failure,/home/yichen/Desktop/Qwen_Baseline04/F029.c|21|error|memleakOnRealloc|Common realloc mistake: 'recs' nulled but not freed upon failure,/home/yichen/Desktop/Qwen_Baseline_Results04/logs/F029_cppcheck.log
nofile,cppcheck,True,success,True,0,9,0,information,checkersReport,Active checkers: 113/592 (use --checkers-report=<filename> to see details),nofile|0|information|checkersReport|Active checkers: 113/592 (use --checkers-report=<filename> to see details),/home/yichen/Desktop/Qwen_Baseline_Results04/logs/F029_cppcheck.log
/home/yichen/Desktop/Qwen_Baseline04/F030.c,cppcheck,True,success,True,0,10,2,information,missingIncludeSystem,Include file: <stdio.h> not found. Please note: Cppcheck does not need standard library headers to get proper results.,/home/yichen/Desktop/Qwen_Baseline04/F030.c|2|information|missingIncludeSystem|Include file: <stdio.h> not found. Please note: Cppcheck does not need standard library headers to get proper results.,/home/yichen/Desktop/Qwen_Baseline_Results04/logs/F030_cppcheck.log
/home/yichen/Desktop/Qwen_Baseline04/F030.c,cppcheck,True,success,True,0,10,3,information,missingIncludeSystem,Include file: <stdlib.h> not found. Please note: Cppcheck does not need standard library headers to get proper results.,/home/yichen/Desktop/Qwen_Baseline04/F030.c|3|information|missingIncludeSystem|Include file: <stdlib.h> not found. Please note: Cppcheck does not need standard library headers to get proper results.,/home/yichen/Desktop/Qwen_Baseline_Results04/logs/F030_cppcheck.log
/home/yichen/Desktop/Qwen_Baseline04/F030.c,cppcheck,True,success,True,0,10,4,information,missingIncludeSystem,Include file: <string.h> not found. Please note: Cppcheck does not need standard library headers to get proper results.,/home/yichen/Desktop/Qwen_Baseline04/F030.c|4|information|missingIncludeSystem|Include file: <string.h> not found. Please note: Cppcheck does not need standard library headers to get proper results.,/home/yichen/Desktop/Qwen_Baseline_Results04/logs/F030_cppcheck.log
/home/yichen/Desktop/Qwen_Baseline04/F030.c,cppcheck,True,success,True,0,10,16,warning,invalidscanf,scanf() without field width limits can crash with huge input data.,/home/yichen/Desktop/Qwen_Baseline04/F030.c|16|warning|invalidscanf|scanf() without field width limits can crash with huge input data.,/home/yichen/Desktop/Qwen_Baseline_Results04/logs/F030_cppcheck.log
/home/yichen/Desktop/Qwen_Baseline04/F030.c,cppcheck,True,success,True,0,10,20,warning,invalidscanf,scanf() without field width limits can crash with huge input data.,/home/yichen/Desktop/Qwen_Baseline04/F030.c|20|warning|invalidscanf|scanf() without field width limits can crash with huge input data.,/home/yichen/Desktop/Qwen_Baseline_Results04/logs/F030_cppcheck.log
/home/yichen/Desktop/Qwen_Baseline04/F030.c,cppcheck,True,success,True,0,10,27,warning,invalidscanf,scanf() without field width limits can crash with huge input data.,/home/yichen/Desktop/Qwen_Baseline04/F030.c|27|warning|invalidscanf|scanf() without field width limits can crash with huge input data.,/home/yichen/Desktop/Qwen_Baseline_Results04/logs/F030_cppcheck.log
/home/yichen/Desktop/Qwen_Baseline04/F030.c,cppcheck,True,success,True,0,10,46,warning,invalidscanf,scanf() without field width limits can crash with huge input data.,/home/yichen/Desktop/Qwen_Baseline04/F030.c|46|warning|invalidscanf|scanf() without field width limits can crash with huge input data.,/home/yichen/Desktop/Qwen_Baseline_Results04/logs/F030_cppcheck.log
/home/yichen/Desktop/Qwen_Baseline04/F030.c,cppcheck,True,success,True,0,10,21,error,memleakOnRealloc,Common realloc mistake: 'rules' nulled but not freed upon failure,/home/yichen/Desktop/Qwen_Baseline04/F030.c|21|error|memleakOnRealloc|Common realloc mistake: 'rules' nulled but not freed upon failure,/home/yichen/Desktop/Qwen_Baseline_Results04/logs/F030_cppcheck.log
/home/yichen/Desktop/Qwen_Baseline04/F030.c,cppcheck,True,success,True,0,10,30,style,constVariablePointer,Variable 'pos' can be declared as pointer to const,/home/yichen/Desktop/Qwen_Baseline04/F030.c|30|style|constVariablePointer|Variable 'pos' can be declared as pointer to const,/home/yichen/Desktop/Qwen_Baseline_Results04/logs/F030_cppcheck.log
nofile,cppcheck,True,success,True,0,10,0,information,checkersReport,Active checkers: 113/592 (use --checkers-report=<filename> to see details),nofile|0|information|checkersReport|Active checkers: 113/592 (use --checkers-report=<filename> to see details),/home/yichen/Desktop/Qwen_Baseline_Results04/logs/F030_cppcheck.log
/home/yichen/Desktop/Qwen_Baseline04/F031.c,cppcheck,True,success,True,0,8,2,information,missingIncludeSystem,Include file: <stdio.h> not found. Please note: Cppcheck does not need standard library headers to get proper results.,/home/yichen/Desktop/Qwen_Baseline04/F031.c|2|information|missingIncludeSystem|Include file: <stdio.h> not found. Please note: Cppcheck does not need standard library headers to get proper results.,/home/yichen/Desktop/Qwen_Baseline_Results04/logs/F031_cppcheck.log
/home/yichen/Desktop/Qwen_Baseline04/F031.c,cppcheck,True,success,True,0,8,3,information,missingIncludeSystem,Include file: <stdlib.h> not found. Please note: Cppcheck does not need standard library headers to get proper results.,/home/yichen/Desktop/Qwen_Baseline04/F031.c|3|information|missingIncludeSystem|Include file: <stdlib.h> not found. Please note: Cppcheck does not need standard library headers to get proper results.,/home/yichen/Desktop/Qwen_Baseline_Results04/logs/F031_cppcheck.log
/home/yichen/Desktop/Qwen_Baseline04/F031.c,cppcheck,True,success,True,0,8,4,information,missingIncludeSystem,Include file: <string.h> not found. Please note: Cppcheck does not need standard library headers to get proper results.,/home/yichen/Desktop/Qwen_Baseline04/F031.c|4|information|missingIncludeSystem|Include file: <string.h> not found. Please note: Cppcheck does not need standard library headers to get proper results.,/home/yichen/Desktop/Qwen_Baseline_Results04/logs/F031_cppcheck.log
/home/yichen/Desktop/Qwen_Baseline04/F031.c,cppcheck,True,success,True,0,8,16,warning,invalidscanf,scanf() without field width limits can crash with huge input data.,/home/yichen/Desktop/Qwen_Baseline04/F031.c|16|warning|invalidscanf|scanf() without field width limits can crash with huge input data.,/home/yichen/Desktop/Qwen_Baseline_Results04/logs/F031_cppcheck.log
/home/yichen/Desktop/Qwen_Baseline04/F031.c,cppcheck,True,success,True,0,8,51,warning,invalidscanf,scanf() without field width limits can crash with huge input data.,/home/yichen/Desktop/Qwen_Baseline04/F031.c|51|warning|invalidscanf|scanf() without field width limits can crash with huge input data.,/home/yichen/Desktop/Qwen_Baseline_Results04/logs/F031_cppcheck.log
/home/yichen/Desktop/Qwen_Baseline04/F031.c,cppcheck,True,success,True,0,8,63,warning,invalidscanf,scanf() without field width limits can crash with huge input data.,/home/yichen/Desktop/Qwen_Baseline04/F031.c|63|warning|invalidscanf|scanf() without field width limits can crash with huge input data.,/home/yichen/Desktop/Qwen_Baseline_Results04/logs/F031_cppcheck.log
/home/yichen/Desktop/Qwen_Baseline04/F031.c,cppcheck,True,success,True,0,8,36,error,memleakOnRealloc,Common realloc mistake: 'recs' nulled but not freed upon failure,/home/yichen/Desktop/Qwen_Baseline04/F031.c|36|error|memleakOnRealloc|Common realloc mistake: 'recs' nulled but not freed upon failure,/home/yichen/Desktop/Qwen_Baseline_Results04/logs/F031_cppcheck.log
nofile,cppcheck,True,success,True,0,8,0,information,checkersReport,Active checkers: 113/592 (use --checkers-report=<filename> to see details),nofile|0|information|checkersReport|Active checkers: 113/592 (use --checkers-report=<filename> to see details),/home/yichen/Desktop/Qwen_Baseline_Results04/logs/F031_cppcheck.log
/home/yichen/Desktop/Qwen_Baseline04/F032.c,cppcheck,True,success,True,0,11,2,information,missingIncludeSystem,Include file: <stdio.h> not found. Please note: Cppcheck does not need standard library headers to get proper results.,/home/yichen/Desktop/Qwen_Baseline04/F032.c|2|information|missingIncludeSystem|Include file: <stdio.h> not found. Please note: Cppcheck does not need standard library headers to get proper results.,/home/yichen/Desktop/Qwen_Baseline_Results04/logs/F032_cppcheck.log
/home/yichen/Desktop/Qwen_Baseline04/F032.c,cppcheck,True,success,True,0,11,3,information,missingIncludeSystem,Include file: <stdlib.h> not found. Please note: Cppcheck does not need standard library headers to get proper results.,/home/yichen/Desktop/Qwen_Baseline04/F032.c|3|information|missingIncludeSystem|Include file: <stdlib.h> not found. Please note: Cppcheck does not need standard library headers to get proper results.,/home/yichen/Desktop/Qwen_Baseline_Results04/logs/F032_cppcheck.log
/home/yichen/Desktop/Qwen_Baseline04/F032.c,cppcheck,True,success,True,0,11,4,information,missingIncludeSystem,Include file: <string.h> not found. Please note: Cppcheck does not need standard library headers to get proper results.,/home/yichen/Desktop/Qwen_Baseline04/F032.c|4|information|missingIncludeSystem|Include file: <string.h> not found. Please note: Cppcheck does not need standard library headers to get proper results.,/home/yichen/Desktop/Qwen_Baseline_Results04/logs/F032_cppcheck.log
/home/yichen/Desktop/Qwen_Baseline04/F032.c,cppcheck,True,success,True,0,11,41,warning,invalidscanf,scanf() without field width limits can crash with huge input data.,/home/yichen/Desktop/Qwen_Baseline04/F032.c|41|warning|invalidscanf|scanf() without field width limits can crash with huge input data.,/home/yichen/Desktop/Qwen_Baseline_Results04/logs/F032_cppcheck.log
/home/yichen/Desktop/Qwen_Baseline04/F032.c,cppcheck,True,success,True,0,11,45,warning,invalidscanf,scanf() without field width limits can crash with huge input data.,/home/yichen/Desktop/Qwen_Baseline04/F032.c|45|warning|invalidscanf|scanf() without field width limits can crash with huge input data.,/home/yichen/Desktop/Qwen_Baseline_Results04/logs/F032_cppcheck.log
/home/yichen/Desktop/Qwen_Baseline04/F032.c,cppcheck,True,success,True,0,11,46,warning,invalidscanf,scanf() without field width limits can crash with huge input data.,/home/yichen/Desktop/Qwen_Baseline04/F032.c|46|warning|invalidscanf|scanf() without field width limits can crash with huge input data.,/home/yichen/Desktop/Qwen_Baseline_Results04/logs/F032_cppcheck.log
/home/yichen/Desktop/Qwen_Baseline04/F032.c,cppcheck,True,success,True,0,11,59,warning,invalidscanf,scanf() without field width limits can crash with huge input data.,/home/yichen/Desktop/Qwen_Baseline04/F032.c|59|warning|invalidscanf|scanf() without field width limits can crash with huge input data.,/home/yichen/Desktop/Qwen_Baseline_Results04/logs/F032_cppcheck.log
/home/yichen/Desktop/Qwen_Baseline04/F032.c,cppcheck,True,success,True,0,11,60,warning,invalidscanf,scanf() without field width limits can crash with huge input data.,/home/yichen/Desktop/Qwen_Baseline04/F032.c|60|warning|invalidscanf|scanf() without field width limits can crash with huge input data.,/home/yichen/Desktop/Qwen_Baseline_Results04/logs/F032_cppcheck.log
/home/yichen/Desktop/Qwen_Baseline04/F032.c,cppcheck,True,success,True,0,11,91,warning,invalidscanf,scanf() without field width limits can crash with huge input data.,/home/yichen/Desktop/Qwen_Baseline04/F032.c|91|warning|invalidscanf|scanf() without field width limits can crash with huge input data.,/home/yichen/Desktop/Qwen_Baseline_Results04/logs/F032_cppcheck.log
/home/yichen/Desktop/Qwen_Baseline04/F032.c,cppcheck,True,success,True,0,11,19,style,constParameterPointer,Parameter 'arr' can be declared as pointer to const,/home/yichen/Desktop/Qwen_Baseline04/F032.c|19|style|constParameterPointer|Parameter 'arr' can be declared as pointer to const,/home/yichen/Desktop/Qwen_Baseline_Results04/logs/F032_cppcheck.log
nofile,cppcheck,True,success,True,0,11,0,information,checkersReport,Active checkers: 113/592 (use --checkers-report=<filename> to see details),nofile|0|information|checkersReport|Active checkers: 113/592 (use --checkers-report=<filename> to see details),/home/yichen/Desktop/Qwen_Baseline_Results04/logs/F032_cppcheck.log
/home/yichen/Desktop/Qwen_Baseline04/F033.c,cppcheck,True,success,True,0,10,2,information,missingIncludeSystem,Include file: <stdio.h> not found. Please note: Cppcheck does not need standard library headers to get proper results.,/home/yichen/Desktop/Qwen_Baseline04/F033.c|2|information|missingIncludeSystem|Include file: <stdio.h> not found. Please note: Cppcheck does not need standard library headers to get proper results.,/home/yichen/Desktop/Qwen_Baseline_Results04/logs/F033_cppcheck.log
/home/yichen/Desktop/Qwen_Baseline04/F033.c,cppcheck,True,success,True,0,10,3,information,missingIncludeSystem,Include file: <stdlib.h> not found. Please note: Cppcheck does not need standard library headers to get proper results.,/home/yichen/Desktop/Qwen_Baseline04/F033.c|3|information|missingIncludeSystem|Include file: <stdlib.h> not found. Please note: Cppcheck does not need standard library headers to get proper results.,/home/yichen/Desktop/Qwen_Baseline_Results04/logs/F033_cppcheck.log
/home/yichen/Desktop/Qwen_Baseline04/F033.c,cppcheck,True,success,True,0,10,4,information,missingIncludeSystem,Include file: <string.h> not found. Please note: Cppcheck does not need standard library headers to get proper results.,/home/yichen/Desktop/Qwen_Baseline04/F033.c|4|information|missingIncludeSystem|Include file: <string.h> not found. Please note: Cppcheck does not need standard library headers to get proper results.,/home/yichen/Desktop/Qwen_Baseline_Results04/logs/F033_cppcheck.log
/home/yichen/Desktop/Qwen_Baseline04/F033.c,cppcheck,True,success,True,0,10,25,warning,invalidscanf,scanf() without field width limits can crash with huge input data.,/home/yichen/Desktop/Qwen_Baseline04/F033.c|25|warning|invalidscanf|scanf() without field width limits can crash with huge input data.,/home/yichen/Desktop/Qwen_Baseline_Results04/logs/F033_cppcheck.log
/home/yichen/Desktop/Qwen_Baseline04/F033.c,cppcheck,True,success,True,0,10,29,warning,invalidscanf,scanf() without field width limits can crash with huge input data.,/home/yichen/Desktop/Qwen_Baseline04/F033.c|29|warning|invalidscanf|scanf() without field width limits can crash with huge input data.,/home/yichen/Desktop/Qwen_Baseline_Results04/logs/F033_cppcheck.log
/home/yichen/Desktop/Qwen_Baseline04/F033.c,cppcheck,True,success,True,0,10,40,warning,invalidscanf,scanf() without field width limits can crash with huge input data.,/home/yichen/Desktop/Qwen_Baseline04/F033.c|40|warning|invalidscanf|scanf() without field width limits can crash with huge input data.,/home/yichen/Desktop/Qwen_Baseline_Results04/logs/F033_cppcheck.log
/home/yichen/Desktop/Qwen_Baseline04/F033.c,cppcheck,True,success,True,0,10,52,warning,invalidscanf,scanf() without field width limits can crash with huge input data.,/home/yichen/Desktop/Qwen_Baseline04/F033.c|52|warning|invalidscanf|scanf() without field width limits can crash with huge input data.,/home/yichen/Desktop/Qwen_Baseline_Results04/logs/F033_cppcheck.log
/home/yichen/Desktop/Qwen_Baseline04/F033.c,cppcheck,True,success,True,0,10,64,warning,invalidscanf,scanf() without field width limits can crash with huge input data.,/home/yichen/Desktop/Qwen_Baseline04/F033.c|64|warning|invalidscanf|scanf() without field width limits can crash with huge input data.,/home/yichen/Desktop/Qwen_Baseline_Results04/logs/F033_cppcheck.log
/home/yichen/Desktop/Qwen_Baseline04/F033.c,cppcheck,True,success,True,0,10,31,error,memleakOnRealloc,Common realloc mistake: 'emps' nulled but not freed upon failure,/home/yichen/Desktop/Qwen_Baseline04/F033.c|31|error|memleakOnRealloc|Common realloc mistake: 'emps' nulled but not freed upon failure,/home/yichen/Desktop/Qwen_Baseline_Results04/logs/F033_cppcheck.log
nofile,cppcheck,True,success,True,0,10,0,information,checkersReport,Active checkers: 113/592 (use --checkers-report=<filename> to see details),nofile|0|information|checkersReport|Active checkers: 113/592 (use --checkers-report=<filename> to see details),/home/yichen/Desktop/Qwen_Baseline_Results04/logs/F033_cppcheck.log
/home/yichen/Desktop/Qwen_Baseline04/F034.c,cppcheck,True,success,True,0,10,2,information,missingIncludeSystem,Include file: <stdio.h> not found. Please note: Cppcheck does not need standard library headers to get proper results.,/home/yichen/Desktop/Qwen_Baseline04/F034.c|2|information|missingIncludeSystem|Include file: <stdio.h> not found. Please note: Cppcheck does not need standard library headers to get proper results.,/home/yichen/Desktop/Qwen_Baseline_Results04/logs/F034_cppcheck.log
/home/yichen/Desktop/Qwen_Baseline04/F034.c,cppcheck,True,success,True,0,10,3,information,missingIncludeSystem,Include file: <stdlib.h> not found. Please note: Cppcheck does not need standard library headers to get proper results.,/home/yichen/Desktop/Qwen_Baseline04/F034.c|3|information|missingIncludeSystem|Include file: <stdlib.h> not found. Please note: Cppcheck does not need standard library headers to get proper results.,/home/yichen/Desktop/Qwen_Baseline_Results04/logs/F034_cppcheck.log
/home/yichen/Desktop/Qwen_Baseline04/F034.c,cppcheck,True,success,True,0,10,4,information,missingIncludeSystem,Include file: <string.h> not found. Please note: Cppcheck does not need standard library headers to get proper results.,/home/yichen/Desktop/Qwen_Baseline04/F034.c|4|information|missingIncludeSystem|Include file: <string.h> not found. Please note: Cppcheck does not need standard library headers to get proper results.,/home/yichen/Desktop/Qwen_Baseline_Results04/logs/F034_cppcheck.log
/home/yichen/Desktop/Qwen_Baseline04/F034.c,cppcheck,True,success,True,0,10,51,warning,invalidscanf,scanf() without field width limits can crash with huge input data.,/home/yichen/Desktop/Qwen_Baseline04/F034.c|51|warning|invalidscanf|scanf() without field width limits can crash with huge input data.,/home/yichen/Desktop/Qwen_Baseline_Results04/logs/F034_cppcheck.log
/home/yichen/Desktop/Qwen_Baseline04/F034.c,cppcheck,True,success,True,0,10,57,warning,invalidscanf,scanf() without field width limits can crash with huge input data.,/home/yichen/Desktop/Qwen_Baseline04/F034.c|57|warning|invalidscanf|scanf() without field width limits can crash with huge input data.,/home/yichen/Desktop/Qwen_Baseline_Results04/logs/F034_cppcheck.log
/home/yichen/Desktop/Qwen_Baseline04/F034.c,cppcheck,True,success,True,0,10,58,warning,invalidscanf,scanf() without field width limits can crash with huge input data.,/home/yichen/Desktop/Qwen_Baseline04/F034.c|58|warning|invalidscanf|scanf() without field width limits can crash with huge input data.,/home/yichen/Desktop/Qwen_Baseline_Results04/logs/F034_cppcheck.log
/home/yichen/Desktop/Qwen_Baseline04/F034.c,cppcheck,True,success,True,0,10,65,warning,invalidscanf,scanf() without field width limits can crash with huge input data.,/home/yichen/Desktop/Qwen_Baseline04/F034.c|65|warning|invalidscanf|scanf() without field width limits can crash with huge input data.,/home/yichen/Desktop/Qwen_Baseline_Results04/logs/F034_cppcheck.log
/home/yichen/Desktop/Qwen_Baseline04/F034.c,cppcheck,True,success,True,0,10,26,error,memleakOnRealloc,Common realloc mistake: 'temp' nulled but not freed upon failure,/home/yichen/Desktop/Qwen_Baseline04/F034.c|26|error|memleakOnRealloc|Common realloc mistake: 'temp' nulled but not freed upon failure,/home/yichen/Desktop/Qwen_Baseline_Results04/logs/F034_cppcheck.log
/home/yichen/Desktop/Qwen_Baseline04/F034.c,cppcheck,True,success,True,0,10,59,error,memleakOnRealloc,Common realloc mistake: 'notes' nulled but not freed upon failure,/home/yichen/Desktop/Qwen_Baseline04/F034.c|59|error|memleakOnRealloc|Common realloc mistake: 'notes' nulled but not freed upon failure,/home/yichen/Desktop/Qwen_Baseline_Results04/logs/F034_cppcheck.log
nofile,cppcheck,True,success,True,0,10,0,information,checkersReport,Active checkers: 113/592 (use --checkers-report=<filename> to see details),nofile|0|information|checkersReport|Active checkers: 113/592 (use --checkers-report=<filename> to see details),/home/yichen/Desktop/Qwen_Baseline_Results04/logs/F034_cppcheck.log
/home/yichen/Desktop/Qwen_Baseline04/F035.c,cppcheck,True,success,True,0,12,2,information,missingIncludeSystem,Include file: <stdio.h> not found. Please note: Cppcheck does not need standard library headers to get proper results.,/home/yichen/Desktop/Qwen_Baseline04/F035.c|2|information|missingIncludeSystem|Include file: <stdio.h> not found. Please note: Cppcheck does not need standard library headers to get proper results.,/home/yichen/Desktop/Qwen_Baseline_Results04/logs/F035_cppcheck.log
/home/yichen/Desktop/Qwen_Baseline04/F035.c,cppcheck,True,success,True,0,12,3,information,missingIncludeSystem,Include file: <stdlib.h> not found. Please note: Cppcheck does not need standard library headers to get proper results.,/home/yichen/Desktop/Qwen_Baseline04/F035.c|3|information|missingIncludeSystem|Include file: <stdlib.h> not found. Please note: Cppcheck does not need standard library headers to get proper results.,/home/yichen/Desktop/Qwen_Baseline_Results04/logs/F035_cppcheck.log
/home/yichen/Desktop/Qwen_Baseline04/F035.c,cppcheck,True,success,True,0,12,4,information,missingIncludeSystem,Include file: <string.h> not found. Please note: Cppcheck does not need standard library headers to get proper results.,/home/yichen/Desktop/Qwen_Baseline04/F035.c|4|information|missingIncludeSystem|Include file: <string.h> not found. Please note: Cppcheck does not need standard library headers to get proper results.,/home/yichen/Desktop/Qwen_Baseline_Results04/logs/F035_cppcheck.log
/home/yichen/Desktop/Qwen_Baseline04/F035.c,cppcheck,True,success,True,0,12,23,warning,invalidscanf,scanf() without field width limits can crash with huge input data.,/home/yichen/Desktop/Qwen_Baseline04/F035.c|23|warning|invalidscanf|scanf() without field width limits can crash with huge input data.,/home/yichen/Desktop/Qwen_Baseline_Results04/logs/F035_cppcheck.log
/home/yichen/Desktop/Qwen_Baseline04/F035.c,cppcheck,True,success,True,0,12,27,warning,invalidscanf,scanf() without field width limits can crash with huge input data.,/home/yichen/Desktop/Qwen_Baseline04/F035.c|27|warning|invalidscanf|scanf() without field width limits can crash with huge input data.,/home/yichen/Desktop/Qwen_Baseline_Results04/logs/F035_cppcheck.log
/home/yichen/Desktop/Qwen_Baseline04/F035.c,cppcheck,True,success,True,0,12,28,warning,invalidscanf,scanf() without field width limits can crash with huge input data.,/home/yichen/Desktop/Qwen_Baseline04/F035.c|28|warning|invalidscanf|scanf() without field width limits can crash with huge input data.,/home/yichen/Desktop/Qwen_Baseline_Results04/logs/F035_cppcheck.log
/home/yichen/Desktop/Qwen_Baseline04/F035.c,cppcheck,True,success,True,0,12,35,warning,invalidscanf,scanf() without field width limits can crash with huge input data.,/home/yichen/Desktop/Qwen_Baseline04/F035.c|35|warning|invalidscanf|scanf() without field width limits can crash with huge input data.,/home/yichen/Desktop/Qwen_Baseline_Results04/logs/F035_cppcheck.log
/home/yichen/Desktop/Qwen_Baseline04/F035.c,cppcheck,True,success,True,0,12,45,warning,invalidscanf,scanf() without field width limits can crash with huge input data.,/home/yichen/Desktop/Qwen_Baseline04/F035.c|45|warning|invalidscanf|scanf() without field width limits can crash with huge input data.,/home/yichen/Desktop/Qwen_Baseline_Results04/logs/F035_cppcheck.log
/home/yichen/Desktop/Qwen_Baseline04/F035.c,cppcheck,True,success,True,0,12,55,warning,invalidscanf,scanf() without field width limits can crash with huge input data.,/home/yichen/Desktop/Qwen_Baseline04/F035.c|55|warning|invalidscanf|scanf() without field width limits can crash with huge input data.,/home/yichen/Desktop/Qwen_Baseline_Results04/logs/F035_cppcheck.log
/home/yichen/Desktop/Qwen_Baseline04/F035.c,cppcheck,True,success,True,0,12,29,error,memleakOnRealloc,Common realloc mistake: 'jobs' nulled but not freed upon failure,/home/yichen/Desktop/Qwen_Baseline04/F035.c|29|error|memleakOnRealloc|Common realloc mistake: 'jobs' nulled but not freed upon failure,/home/yichen/Desktop/Qwen_Baseline_Results04/logs/F035_cppcheck.log
/home/yichen/Desktop/Qwen_Baseline04/F035.c,cppcheck,True,success,True,0,12,38,error,memleakOnRealloc,Common realloc mistake: 'jobs' nulled but not freed upon failure,/home/yichen/Desktop/Qwen_Baseline04/F035.c|38|error|memleakOnRealloc|Common realloc mistake: 'jobs' nulled but not freed upon failure,/home/yichen/Desktop/Qwen_Baseline_Results04/logs/F035_cppcheck.log
nofile,cppcheck,True,success,True,0,12,0,information,checkersReport,Active checkers: 113/592 (use --checkers-report=<filename> to see details),nofile|0|information|checkersReport|Active checkers: 113/592 (use --checkers-report=<filename> to see details),/home/yichen/Desktop/Qwen_Baseline_Results04/logs/F035_cppcheck.log
/home/yichen/Desktop/Qwen_Baseline04/F036.c,cppcheck,True,success,True,0,10,2,information,missingIncludeSystem,Include file: <stdio.h> not found. Please note: Cppcheck does not need standard library headers to get proper results.,/home/yichen/Desktop/Qwen_Baseline04/F036.c|2|information|missingIncludeSystem|Include file: <stdio.h> not found. Please note: Cppcheck does not need standard library headers to get proper results.,/home/yichen/Desktop/Qwen_Baseline_Results04/logs/F036_cppcheck.log
/home/yichen/Desktop/Qwen_Baseline04/F036.c,cppcheck,True,success,True,0,10,3,information,missingIncludeSystem,Include file: <stdlib.h> not found. Please note: Cppcheck does not need standard library headers to get proper results.,/home/yichen/Desktop/Qwen_Baseline04/F036.c|3|information|missingIncludeSystem|Include file: <stdlib.h> not found. Please note: Cppcheck does not need standard library headers to get proper results.,/home/yichen/Desktop/Qwen_Baseline_Results04/logs/F036_cppcheck.log
/home/yichen/Desktop/Qwen_Baseline04/F036.c,cppcheck,True,success,True,0,10,4,information,missingIncludeSystem,Include file: <string.h> not found. Please note: Cppcheck does not need standard library headers to get proper results.,/home/yichen/Desktop/Qwen_Baseline04/F036.c|4|information|missingIncludeSystem|Include file: <string.h> not found. Please note: Cppcheck does not need standard library headers to get proper results.,/home/yichen/Desktop/Qwen_Baseline_Results04/logs/F036_cppcheck.log
/home/yichen/Desktop/Qwen_Baseline04/F036.c,cppcheck,True,success,True,0,10,23,warning,invalidscanf,scanf() without field width limits can crash with huge input data.,/home/yichen/Desktop/Qwen_Baseline04/F036.c|23|warning|invalidscanf|scanf() without field width limits can crash with huge input data.,/home/yichen/Desktop/Qwen_Baseline_Results04/logs/F036_cppcheck.log
/home/yichen/Desktop/Qwen_Baseline04/F036.c,cppcheck,True,success,True,0,10,27,warning,invalidscanf,scanf() without field width limits can crash with huge input data.,/home/yichen/Desktop/Qwen_Baseline04/F036.c|27|warning|invalidscanf|scanf() without field width limits can crash with huge input data.,/home/yichen/Desktop/Qwen_Baseline_Results04/logs/F036_cppcheck.log
/home/yichen/Desktop/Qwen_Baseline04/F036.c,cppcheck,True,success,True,0,10,47,warning,invalidscanf,scanf() without field width limits can crash with huge input data.,/home/yichen/Desktop/Qwen_Baseline04/F036.c|47|warning|invalidscanf|scanf() without field width limits can crash with huge input data.,/home/yichen/Desktop/Qwen_Baseline_Results04/logs/F036_cppcheck.log
/home/yichen/Desktop/Qwen_Baseline04/F036.c,cppcheck,True,success,True,0,10,57,warning,invalidscanf,scanf() without field width limits can crash with huge input data.,/home/yichen/Desktop/Qwen_Baseline04/F036.c|57|warning|invalidscanf|scanf() without field width limits can crash with huge input data.,/home/yichen/Desktop/Qwen_Baseline_Results04/logs/F036_cppcheck.log
/home/yichen/Desktop/Qwen_Baseline04/F036.c,cppcheck,True,success,True,0,10,38,error,memleakOnRealloc,Common realloc mistake: 'recs' nulled but not freed upon failure,/home/yichen/Desktop/Qwen_Baseline04/F036.c|38|error|memleakOnRealloc|Common realloc mistake: 'recs' nulled but not freed upon failure,/home/yichen/Desktop/Qwen_Baseline_Results04/logs/F036_cppcheck.log
/home/yichen/Desktop/Qwen_Baseline04/F036.c,cppcheck,True,success,True,0,10,31,style,constVariablePointer,Variable 'data' can be declared as pointer to const,/home/yichen/Desktop/Qwen_Baseline04/F036.c|31|style|constVariablePointer|Variable 'data' can be declared as pointer to const,/home/yichen/Desktop/Qwen_Baseline_Results04/logs/F036_cppcheck.log
nofile,cppcheck,True,success,True,0,10,0,information,checkersReport,Active checkers: 113/592 (use --checkers-report=<filename> to see details),nofile|0|information|checkersReport|Active checkers: 113/592 (use --checkers-report=<filename> to see details),/home/yichen/Desktop/Qwen_Baseline_Results04/logs/F036_cppcheck.log
/home/yichen/Desktop/Qwen_Baseline04/F037.c,cppcheck,True,success,True,0,11,2,information,missingIncludeSystem,Include file: <stdio.h> not found. Please note: Cppcheck does not need standard library headers to get proper results.,/home/yichen/Desktop/Qwen_Baseline04/F037.c|2|information|missingIncludeSystem|Include file: <stdio.h> not found. Please note: Cppcheck does not need standard library headers to get proper results.,/home/yichen/Desktop/Qwen_Baseline_Results04/logs/F037_cppcheck.log
/home/yichen/Desktop/Qwen_Baseline04/F037.c,cppcheck,True,success,True,0,11,3,information,missingIncludeSystem,Include file: <stdlib.h> not found. Please note: Cppcheck does not need standard library headers to get proper results.,/home/yichen/Desktop/Qwen_Baseline04/F037.c|3|information|missingIncludeSystem|Include file: <stdlib.h> not found. Please note: Cppcheck does not need standard library headers to get proper results.,/home/yichen/Desktop/Qwen_Baseline_Results04/logs/F037_cppcheck.log
/home/yichen/Desktop/Qwen_Baseline04/F037.c,cppcheck,True,success,True,0,11,4,information,missingIncludeSystem,Include file: <string.h> not found. Please note: Cppcheck does not need standard library headers to get proper results.,/home/yichen/Desktop/Qwen_Baseline04/F037.c|4|information|missingIncludeSystem|Include file: <string.h> not found. Please note: Cppcheck does not need standard library headers to get proper results.,/home/yichen/Desktop/Qwen_Baseline_Results04/logs/F037_cppcheck.log
/home/yichen/Desktop/Qwen_Baseline04/F037.c,cppcheck,True,success,True,0,11,5,information,missingIncludeSystem,Include file: <ctype.h> not found. Please note: Cppcheck does not need standard library headers to get proper results.,/home/yichen/Desktop/Qwen_Baseline04/F037.c|5|information|missingIncludeSystem|Include file: <ctype.h> not found. Please note: Cppcheck does not need standard library headers to get proper results.,/home/yichen/Desktop/Qwen_Baseline_Results04/logs/F037_cppcheck.log
/home/yichen/Desktop/Qwen_Baseline04/F037.c,cppcheck,True,success,True,0,11,41,warning,invalidscanf,scanf() without field width limits can crash with huge input data.,/home/yichen/Desktop/Qwen_Baseline04/F037.c|41|warning|invalidscanf|scanf() without field width limits can crash with huge input data.,/home/yichen/Desktop/Qwen_Baseline_Results04/logs/F037_cppcheck.log
/home/yichen/Desktop/Qwen_Baseline04/F037.c,cppcheck,True,success,True,0,11,45,warning,invalidscanf,scanf() without field width limits can crash with huge input data.,/home/yichen/Desktop/Qwen_Baseline04/F037.c|45|warning|invalidscanf|scanf() without field width limits can crash with huge input data.,/home/yichen/Desktop/Qwen_Baseline_Results04/logs/F037_cppcheck.log
/home/yichen/Desktop/Qwen_Baseline04/F037.c,cppcheck,True,success,True,0,11,61,warning,invalidscanf,scanf() without field width limits can crash with huge input data.,/home/yichen/Desktop/Qwen_Baseline04/F037.c|61|warning|invalidscanf|scanf() without field width limits can crash with huge input data.,/home/yichen/Desktop/Qwen_Baseline_Results04/logs/F037_cppcheck.log
/home/yichen/Desktop/Qwen_Baseline04/F037.c,cppcheck,True,success,True,0,11,74,warning,invalidscanf,scanf() without field width limits can crash with huge input data.,/home/yichen/Desktop/Qwen_Baseline04/F037.c|74|warning|invalidscanf|scanf() without field width limits can crash with huge input data.,/home/yichen/Desktop/Qwen_Baseline_Results04/logs/F037_cppcheck.log
/home/yichen/Desktop/Qwen_Baseline04/F037.c,cppcheck,True,success,True,0,11,84,warning,invalidscanf,scanf() without field width limits can crash with huge input data.,/home/yichen/Desktop/Qwen_Baseline04/F037.c|84|warning|invalidscanf|scanf() without field width limits can crash with huge input data.,/home/yichen/Desktop/Qwen_Baseline_Results04/logs/F037_cppcheck.log
/home/yichen/Desktop/Qwen_Baseline04/F037.c,cppcheck,True,success,True,0,11,50,error,memleakOnRealloc,Common realloc mistake: 'bufs' nulled but not freed upon failure,/home/yichen/Desktop/Qwen_Baseline04/F037.c|50|error|memleakOnRealloc|Common realloc mistake: 'bufs' nulled but not freed upon failure,/home/yichen/Desktop/Qwen_Baseline_Results04/logs/F037_cppcheck.log
nofile,cppcheck,True,success,True,0,11,0,information,checkersReport,Active checkers: 113/592 (use --checkers-report=<filename> to see details),nofile|0|information|checkersReport|Active checkers: 113/592 (use --checkers-report=<filename> to see details),/home/yichen/Desktop/Qwen_Baseline_Results04/logs/F037_cppcheck.log
/home/yichen/Desktop/Qwen_Baseline04/F038.c,cppcheck,True,success,True,0,10,2,information,missingIncludeSystem,Include file: <stdio.h> not found. Please note: Cppcheck does not need standard library headers to get proper results.,/home/yichen/Desktop/Qwen_Baseline04/F038.c|2|information|missingIncludeSystem|Include file: <stdio.h> not found. Please note: Cppcheck does not need standard library headers to get proper results.,/home/yichen/Desktop/Qwen_Baseline_Results04/logs/F038_cppcheck.log
/home/yichen/Desktop/Qwen_Baseline04/F038.c,cppcheck,True,success,True,0,10,3,information,missingIncludeSystem,Include file: <stdlib.h> not found. Please note: Cppcheck does not need standard library headers to get proper results.,/home/yichen/Desktop/Qwen_Baseline04/F038.c|3|information|missingIncludeSystem|Include file: <stdlib.h> not found. Please note: Cppcheck does not need standard library headers to get proper results.,/home/yichen/Desktop/Qwen_Baseline_Results04/logs/F038_cppcheck.log
/home/yichen/Desktop/Qwen_Baseline04/F038.c,cppcheck,True,success,True,0,10,4,information,missingIncludeSystem,Include file: <string.h> not found. Please note: Cppcheck does not need standard library headers to get proper results.,/home/yichen/Desktop/Qwen_Baseline04/F038.c|4|information|missingIncludeSystem|Include file: <string.h> not found. Please note: Cppcheck does not need standard library headers to get proper results.,/home/yichen/Desktop/Qwen_Baseline_Results04/logs/F038_cppcheck.log
/home/yichen/Desktop/Qwen_Baseline04/F038.c,cppcheck,True,success,True,0,10,5,information,missingIncludeSystem,Include file: <ctype.h> not found. Please note: Cppcheck does not need standard library headers to get proper results.,/home/yichen/Desktop/Qwen_Baseline04/F038.c|5|information|missingIncludeSystem|Include file: <ctype.h> not found. Please note: Cppcheck does not need standard library headers to get proper results.,/home/yichen/Desktop/Qwen_Baseline_Results04/logs/F038_cppcheck.log
/home/yichen/Desktop/Qwen_Baseline04/F038.c,cppcheck,True,success,True,0,10,24,warning,invalidscanf,scanf() without field width limits can crash with huge input data.,/home/yichen/Desktop/Qwen_Baseline04/F038.c|24|warning|invalidscanf|scanf() without field width limits can crash with huge input data.,/home/yichen/Desktop/Qwen_Baseline_Results04/logs/F038_cppcheck.log
/home/yichen/Desktop/Qwen_Baseline04/F038.c,cppcheck,True,success,True,0,10,28,warning,invalidscanf,scanf() without field width limits can crash with huge input data.,/home/yichen/Desktop/Qwen_Baseline04/F038.c|28|warning|invalidscanf|scanf() without field width limits can crash with huge input data.,/home/yichen/Desktop/Qwen_Baseline_Results04/logs/F038_cppcheck.log
/home/yichen/Desktop/Qwen_Baseline04/F038.c,cppcheck,True,success,True,0,10,37,warning,invalidscanf,scanf() without field width limits can crash with huge input data.,/home/yichen/Desktop/Qwen_Baseline04/F038.c|37|warning|invalidscanf|scanf() without field width limits can crash with huge input data.,/home/yichen/Desktop/Qwen_Baseline_Results04/logs/F038_cppcheck.log
/home/yichen/Desktop/Qwen_Baseline04/F038.c,cppcheck,True,success,True,0,10,63,warning,invalidscanf,scanf() without field width limits can crash with huge input data.,/home/yichen/Desktop/Qwen_Baseline04/F038.c|63|warning|invalidscanf|scanf() without field width limits can crash with huge input data.,/home/yichen/Desktop/Qwen_Baseline_Results04/logs/F038_cppcheck.log
/home/yichen/Desktop/Qwen_Baseline04/F038.c,cppcheck,True,success,True,0,10,30,error,memleakOnRealloc,Common realloc mistake: 'rles' nulled but not freed upon failure,/home/yichen/Desktop/Qwen_Baseline04/F038.c|30|error|memleakOnRealloc|Common realloc mistake: 'rles' nulled but not freed upon failure,/home/yichen/Desktop/Qwen_Baseline_Results04/logs/F038_cppcheck.log
nofile,cppcheck,True,success,True,0,10,0,information,checkersReport,Active checkers: 113/592 (use --checkers-report=<filename> to see details),nofile|0|information|checkersReport|Active checkers: 113/592 (use --checkers-report=<filename> to see details),/home/yichen/Desktop/Qwen_Baseline_Results04/logs/F038_cppcheck.log
/home/yichen/Desktop/Qwen_Baseline04/F039.c,cppcheck,True,success,True,0,11,2,information,missingIncludeSystem,Include file: <stdio.h> not found. Please note: Cppcheck does not need standard library headers to get proper results.,/home/yichen/Desktop/Qwen_Baseline04/F039.c|2|information|missingIncludeSystem|Include file: <stdio.h> not found. Please note: Cppcheck does not need standard library headers to get proper results.,/home/yichen/Desktop/Qwen_Baseline_Results04/logs/F039_cppcheck.log
/home/yichen/Desktop/Qwen_Baseline04/F039.c,cppcheck,True,success,True,0,11,3,information,missingIncludeSystem,Include file: <stdlib.h> not found. Please note: Cppcheck does not need standard library headers to get proper results.,/home/yichen/Desktop/Qwen_Baseline04/F039.c|3|information|missingIncludeSystem|Include file: <stdlib.h> not found. Please note: Cppcheck does not need standard library headers to get proper results.,/home/yichen/Desktop/Qwen_Baseline_Results04/logs/F039_cppcheck.log
/home/yichen/Desktop/Qwen_Baseline04/F039.c,cppcheck,True,success,True,0,11,4,information,missingIncludeSystem,Include file: <string.h> not found. Please note: Cppcheck does not need standard library headers to get proper results.,/home/yichen/Desktop/Qwen_Baseline04/F039.c|4|information|missingIncludeSystem|Include file: <string.h> not found. Please note: Cppcheck does not need standard library headers to get proper results.,/home/yichen/Desktop/Qwen_Baseline_Results04/logs/F039_cppcheck.log
/home/yichen/Desktop/Qwen_Baseline04/F039.c,cppcheck,True,success,True,0,11,25,warning,invalidscanf,scanf() without field width limits can crash with huge input data.,/home/yichen/Desktop/Qwen_Baseline04/F039.c|25|warning|invalidscanf|scanf() without field width limits can crash with huge input data.,/home/yichen/Desktop/Qwen_Baseline_Results04/logs/F039_cppcheck.log
/home/yichen/Desktop/Qwen_Baseline04/F039.c,cppcheck,True,success,True,0,11,30,warning,invalidscanf,scanf() without field width limits can crash with huge input data.,/home/yichen/Desktop/Qwen_Baseline04/F039.c|30|warning|invalidscanf|scanf() without field width limits can crash with huge input data.,/home/yichen/Desktop/Qwen_Baseline_Results04/logs/F039_cppcheck.log
/home/yichen/Desktop/Qwen_Baseline04/F039.c,cppcheck,True,success,True,0,11,48,warning,invalidscanf,scanf() without field width limits can crash with huge input data.,/home/yichen/Desktop/Qwen_Baseline04/F039.c|48|warning|invalidscanf|scanf() without field width limits can crash with huge input data.,/home/yichen/Desktop/Qwen_Baseline_Results04/logs/F039_cppcheck.log
/home/yichen/Desktop/Qwen_Baseline04/F039.c,cppcheck,True,success,True,0,11,49,warning,invalidscanf,scanf() without field width limits can crash with huge input data.,/home/yichen/Desktop/Qwen_Baseline04/F039.c|49|warning|invalidscanf|scanf() without field width limits can crash with huge input data.,/home/yichen/Desktop/Qwen_Baseline_Results04/logs/F039_cppcheck.log
/home/yichen/Desktop/Qwen_Baseline04/F039.c,cppcheck,True,success,True,0,11,58,warning,invalidscanf,scanf() without field width limits can crash with huge input data.,/home/yichen/Desktop/Qwen_Baseline04/F039.c|58|warning|invalidscanf|scanf() without field width limits can crash with huge input data.,/home/yichen/Desktop/Qwen_Baseline_Results04/logs/F039_cppcheck.log
/home/yichen/Desktop/Qwen_Baseline04/F039.c,cppcheck,True,success,True,0,11,69,warning,invalidscanf,scanf() without field width limits can crash with huge input data.,/home/yichen/Desktop/Qwen_Baseline04/F039.c|69|warning|invalidscanf|scanf() without field width limits can crash with huge input data.,/home/yichen/Desktop/Qwen_Baseline_Results04/logs/F039_cppcheck.log
/home/yichen/Desktop/Qwen_Baseline04/F039.c,cppcheck,True,success,True,0,11,32,error,memleakOnRealloc,Common realloc mistake: 'tables' nulled but not freed upon failure,/home/yichen/Desktop/Qwen_Baseline04/F039.c|32|error|memleakOnRealloc|Common realloc mistake: 'tables' nulled but not freed upon failure,/home/yichen/Desktop/Qwen_Baseline_Results04/logs/F039_cppcheck.log
nofile,cppcheck,True,success,True,0,11,0,information,checkersReport,Active checkers: 113/592 (use --checkers-report=<filename> to see details),nofile|0|information|checkersReport|Active checkers: 113/592 (use --checkers-report=<filename> to see details),/home/yichen/Desktop/Qwen_Baseline_Results04/logs/F039_cppcheck.log
/home/yichen/Desktop/Qwen_Baseline04/F040.c,cppcheck,True,success,True,0,11,2,information,missingIncludeSystem,Include file: <stdio.h> not found. Please note: Cppcheck does not need standard library headers to get proper results.,/home/yichen/Desktop/Qwen_Baseline04/F040.c|2|information|missingIncludeSystem|Include file: <stdio.h> not found. Please note: Cppcheck does not need standard library headers to get proper results.,/home/yichen/Desktop/Qwen_Baseline_Results04/logs/F040_cppcheck.log
/home/yichen/Desktop/Qwen_Baseline04/F040.c,cppcheck,True,success,True,0,11,3,information,missingIncludeSystem,Include file: <stdlib.h> not found. Please note: Cppcheck does not need standard library headers to get proper results.,/home/yichen/Desktop/Qwen_Baseline04/F040.c|3|information|missingIncludeSystem|Include file: <stdlib.h> not found. Please note: Cppcheck does not need standard library headers to get proper results.,/home/yichen/Desktop/Qwen_Baseline_Results04/logs/F040_cppcheck.log
/home/yichen/Desktop/Qwen_Baseline04/F040.c,cppcheck,True,success,True,0,11,4,information,missingIncludeSystem,Include file: <string.h> not found. Please note: Cppcheck does not need standard library headers to get proper results.,/home/yichen/Desktop/Qwen_Baseline04/F040.c|4|information|missingIncludeSystem|Include file: <string.h> not found. Please note: Cppcheck does not need standard library headers to get proper results.,/home/yichen/Desktop/Qwen_Baseline_Results04/logs/F040_cppcheck.log
/home/yichen/Desktop/Qwen_Baseline04/F040.c,cppcheck,True,success,True,0,11,26,warning,invalidscanf,scanf() without field width limits can crash with huge input data.,/home/yichen/Desktop/Qwen_Baseline04/F040.c|26|warning|invalidscanf|scanf() without field width limits can crash with huge input data.,/home/yichen/Desktop/Qwen_Baseline_Results04/logs/F040_cppcheck.log
/home/yichen/Desktop/Qwen_Baseline04/F040.c,cppcheck,True,success,True,0,11,32,warning,invalidscanf,scanf() without field width limits can crash with huge input data.,/home/yichen/Desktop/Qwen_Baseline04/F040.c|32|warning|invalidscanf|scanf() without field width limits can crash with huge input data.,/home/yichen/Desktop/Qwen_Baseline_Results04/logs/F040_cppcheck.log
/home/yichen/Desktop/Qwen_Baseline04/F040.c,cppcheck,True,success,True,0,11,33,warning,invalidscanf,scanf() without field width limits can crash with huge input data.,/home/yichen/Desktop/Qwen_Baseline04/F040.c|33|warning|invalidscanf|scanf() without field width limits can crash with huge input data.,/home/yichen/Desktop/Qwen_Baseline_Results04/logs/F040_cppcheck.log
/home/yichen/Desktop/Qwen_Baseline04/F040.c,cppcheck,True,success,True,0,11,47,warning,invalidscanf,scanf() without field width limits can crash with huge input data.,/home/yichen/Desktop/Qwen_Baseline04/F040.c|47|warning|invalidscanf|scanf() without field width limits can crash with huge input data.,/home/yichen/Desktop/Qwen_Baseline_Results04/logs/F040_cppcheck.log
/home/yichen/Desktop/Qwen_Baseline04/F040.c,cppcheck,True,success,True,0,11,58,warning,invalidscanf,scanf() without field width limits can crash with huge input data.,/home/yichen/Desktop/Qwen_Baseline04/F040.c|58|warning|invalidscanf|scanf() without field width limits can crash with huge input data.,/home/yichen/Desktop/Qwen_Baseline_Results04/logs/F040_cppcheck.log
/home/yichen/Desktop/Qwen_Baseline04/F040.c,cppcheck,True,success,True,0,11,65,warning,invalidscanf,scanf() without field width limits can crash with huge input data.,/home/yichen/Desktop/Qwen_Baseline04/F040.c|65|warning|invalidscanf|scanf() without field width limits can crash with huge input data.,/home/yichen/Desktop/Qwen_Baseline_Results04/logs/F040_cppcheck.log
/home/yichen/Desktop/Qwen_Baseline04/F040.c,cppcheck,True,success,True,0,11,36,error,memleakOnRealloc,Common realloc mistake: 'pkts' nulled but not freed upon failure,/home/yichen/Desktop/Qwen_Baseline04/F040.c|36|error|memleakOnRealloc|Common realloc mistake: 'pkts' nulled but not freed upon failure,/home/yichen/Desktop/Qwen_Baseline_Results04/logs/F040_cppcheck.log
nofile,cppcheck,True,success,True,0,11,0,information,checkersReport,Active checkers: 113/592 (use --checkers-report=<filename> to see details),nofile|0|information|checkersReport|Active checkers: 113/592 (use --checkers-report=<filename> to see details),/home/yichen/Desktop/Qwen_Baseline_Results04/logs/F040_cppcheck.log
