file,line,severity,confidence,domain,subdomain,category,check_id,message,evidence
/home/yichen/Desktop/Qwen_Baseline06/F001.c,21,medium,review,memory,memory_copy,memory,dangerous_function:memmove,memmove requires a destination bound that is not proven here,"while(t[0]==' ') memmove(t, t+1, strlen(t));"
/home/yichen/Desktop/Qwen_Baseline06/F001.c,35,medium,review,memory,memory_string,dangerous_function,dangerous_function:sprintf,sprintf writes without an explicit destination size,"sprintf(nt, ""%s %s"", a[x].text, t);"
/home/yichen/Desktop/Qwen_Baseline06/F001.c,27,high,confirmed,memory,memory_string,input,scanf_unbounded_string_conversion,scanf format contains unbounded %s conversion,"while(scanf(""%s"", c)==1 && strcmp(c, ""END"")) {"
/home/yichen/Desktop/Qwen_Baseline06/F001.c,29,high,confirmed,memory,memory_string,input,scanf_unbounded_string_conversion,scanf format contains unbounded %s conversion,"scanf(""%s"", i); read_text(t); add(i, t);"
/home/yichen/Desktop/Qwen_Baseline06/F001.c,31,high,confirmed,memory,memory_string,input,scanf_unbounded_string_conversion,scanf format contains unbounded %s conversion,"scanf(""%s"", i); read_text(t);"
/home/yichen/Desktop/Qwen_Baseline06/F001.c,39,high,confirmed,memory,memory_string,input,scanf_unbounded_string_conversion,scanf format contains unbounded %s conversion,"scanf(""%s"", i); read_text(t);"
/home/yichen/Desktop/Qwen_Baseline06/F001.c,43,high,confirmed,memory,memory_string,input,scanf_unbounded_string_conversion,scanf format contains unbounded %s conversion,"scanf(""%s"", i); int x = find(i);"
/home/yichen/Desktop/Qwen_Baseline06/F001.c,50,high,confirmed,memory,memory_string,input,scanf_unbounded_string_conversion,scanf format contains unbounded %s conversion,"scanf(""%s"", i); int x = find(i);"
/home/yichen/Desktop/Qwen_Baseline06/F001.c,10,medium,likely,memory,memory_heap,memory,realloc_direct_assign,realloc result is assigned directly to the original pointer,"a = realloc(a, (n+1)*sizeof(P));"
/home/yichen/Desktop/Qwen_Baseline06/F001.c,10,medium,review,memory,memory_integer,integer,allocation_size_without_overflow_guard,allocation size multiplication has no visible overflow guard,"a = realloc(a, (n+1)*sizeof(P));"
/home/yichen/Desktop/Qwen_Baseline06/F001.c,11,medium,likely,memory,memory_heap,memory,unchecked_allocation:strdup,strdup result does not appear to be checked for NULL nearby,a[n].id = strdup(i); a[n].text = strdup(t); n++;
/home/yichen/Desktop/Qwen_Baseline06/F001.c,34,medium,likely,memory,memory_heap,memory,unchecked_allocation:malloc,malloc result does not appear to be checked for NULL nearby,char *nt = malloc(strlen(a[x].text)+strlen(t)+2);
/home/yichen/Desktop/Qwen_Baseline06/F001.c,41,medium,likely,memory,memory_heap,memory,unchecked_allocation:strdup,strdup result does not appear to be checked for NULL nearby,if(x!=-1) { free(a[x].text); a[x].text = strdup(t); }
/home/yichen/Desktop/Qwen_Baseline06/F001.c,21,medium,confirmed,memory,memory_copy,memory,tainted_sink:memmove,externally controlled input appears to reach memmove argument 2,"while(t[0]==' ') memmove(t, t+1, strlen(t));"
/home/yichen/Desktop/Qwen_Baseline06/F002.c,19,medium,review,memory,memory_copy,memory,dangerous_function:memmove,memmove requires a destination bound that is not proven here,"while(msg[0]==' ') memmove(msg, msg+1, strlen(msg));"
/home/yichen/Desktop/Qwen_Baseline06/F002.c,28,medium,review,memory,memory_string,dangerous_function,dangerous_function:sprintf,sprintf writes without an explicit destination size,"sprintf(nm, ""%s %s"", a[i1].msg, a[i2].msg);"
/home/yichen/Desktop/Qwen_Baseline06/F002.c,16,high,confirmed,memory,memory_string,input,scanf_unbounded_string_conversion,scanf format contains unbounded %s conversion,"while(scanf(""%s"", c)==1 && strcmp(c, ""END"")) {"
/home/yichen/Desktop/Qwen_Baseline06/F002.c,18,high,confirmed,memory,memory_string,input,scanf_unbounded_string_conversion,scanf format contains unbounded %s conversion,"scanf(""%s"", t1); fgets(msg, 1000, stdin);"
/home/yichen/Desktop/Qwen_Baseline06/F002.c,24,high,confirmed,memory,memory_string,input,scanf_unbounded_string_conversion,scanf format contains unbounded %s conversion,"scanf(""%s %s %s"", t1, t2, t3);"
/home/yichen/Desktop/Qwen_Baseline06/F002.c,33,high,confirmed,memory,memory_string,input,scanf_unbounded_string_conversion,scanf format contains unbounded %s conversion,"scanf(""%s"", t1); int x = find(t1);"
/home/yichen/Desktop/Qwen_Baseline06/F002.c,40,high,confirmed,memory,memory_string,input,scanf_unbounded_string_conversion,scanf format contains unbounded %s conversion,"scanf(""%s"", t1); int x = find(t1);"
/home/yichen/Desktop/Qwen_Baseline06/F002.c,21,medium,likely,memory,memory_heap,memory,realloc_direct_assign,realloc result is assigned directly to the original pointer,"a = realloc(a, (n+1)*sizeof(M));"
/home/yichen/Desktop/Qwen_Baseline06/F002.c,22,medium,likely,memory,memory_heap,memory,unchecked_allocation:strdup,strdup result does not appear to be checked for NULL nearby,a[n].tag = strdup(t1); a[n].msg = strdup(msg); n++;
/home/yichen/Desktop/Qwen_Baseline06/F002.c,27,medium,likely,memory,memory_heap,memory,unchecked_allocation:malloc,malloc result does not appear to be checked for NULL nearby,char *nm = malloc(strlen(a[i1].msg)+strlen(a[i2].msg)+2);
/home/yichen/Desktop/Qwen_Baseline06/F002.c,29,medium,likely,memory,memory_heap,memory,realloc_direct_assign,realloc result is assigned directly to the original pointer,"a = realloc(a, (n+1)*sizeof(M));"
/home/yichen/Desktop/Qwen_Baseline06/F002.c,30,medium,likely,memory,memory_heap,memory,unchecked_allocation:strdup,strdup result does not appear to be checked for NULL nearby,a[n].tag = strdup(t3); a[n].msg = nm; n++;
/home/yichen/Desktop/Qwen_Baseline06/F002.c,19,medium,confirmed,memory,memory_copy,memory,tainted_sink:memmove,externally controlled input appears to reach memmove argument 2,"while(msg[0]==' ') memmove(msg, msg+1, strlen(msg));"
/home/yichen/Desktop/Qwen_Baseline06/F003.c,19,medium,review,memory,memory_copy,memory,dangerous_function:memmove,memmove requires a destination bound that is not proven here,"while(exp[0]==' ') memmove(exp, exp+1, strlen(exp));"
/home/yichen/Desktop/Qwen_Baseline06/F003.c,16,high,confirmed,memory,memory_string,input,scanf_unbounded_string_conversion,scanf format contains unbounded %s conversion,"while(scanf(""%s"", c)==1 && strcmp(c, ""END"")) {"
/home/yichen/Desktop/Qwen_Baseline06/F003.c,18,high,confirmed,memory,memory_string,input,scanf_unbounded_string_conversion,scanf format contains unbounded %s conversion,"scanf(""%s"", nm); fgets(exp, 1000, stdin);"
/home/yichen/Desktop/Qwen_Baseline06/F003.c,24,high,confirmed,memory,memory_string,input,scanf_unbounded_string_conversion,scanf format contains unbounded %s conversion,"scanf(""%s"", nm); int x = find(nm);"
/home/yichen/Desktop/Qwen_Baseline06/F003.c,30,high,confirmed,memory,memory_string,input,scanf_unbounded_string_conversion,scanf format contains unbounded %s conversion,"scanf(""%s %s"", old, nw); int x = find(old);"
/home/yichen/Desktop/Qwen_Baseline06/F003.c,33,high,confirmed,memory,memory_string,input,scanf_unbounded_string_conversion,scanf format contains unbounded %s conversion,"scanf(""%s"", nm); int x = find(nm);"
/home/yichen/Desktop/Qwen_Baseline06/F003.c,21,medium,likely,memory,memory_heap,memory,realloc_direct_assign,realloc result is assigned directly to the original pointer,"a = realloc(a, (n+1)*sizeof(A));"
/home/yichen/Desktop/Qwen_Baseline06/F003.c,21,medium,review,memory,memory_integer,integer,allocation_size_without_overflow_guard,allocation size multiplication has no visible overflow guard,"a = realloc(a, (n+1)*sizeof(A));"
/home/yichen/Desktop/Qwen_Baseline06/F003.c,22,medium,likely,memory,memory_heap,memory,unchecked_allocation:strdup,strdup result does not appear to be checked for NULL nearby,a[n].name = strdup(nm); a[n].exp = strdup(exp); n++;
/home/yichen/Desktop/Qwen_Baseline06/F003.c,31,medium,likely,memory,memory_heap,memory,unchecked_allocation:strdup,strdup result does not appear to be checked for NULL nearby,if(x!=-1) { free(a[x].name); a[x].name = strdup(nw); }
/home/yichen/Desktop/Qwen_Baseline06/F003.c,19,medium,confirmed,memory,memory_copy,memory,tainted_sink:memmove,externally controlled input appears to reach memmove argument 2,"while(exp[0]==' ') memmove(exp, exp+1, strlen(exp));"
/home/yichen/Desktop/Qwen_Baseline06/F004.c,19,medium,review,memory,memory_copy,memory,dangerous_function:memmove,memmove requires a destination bound that is not proven here,"while(v[0]==' ') memmove(v, v+1, strlen(v));"
/home/yichen/Desktop/Qwen_Baseline06/F004.c,33,medium,review,memory,memory_copy,memory,dangerous_function:memmove,memmove requires a destination bound that is not proven here,"while(txt[0]==' ') memmove(txt, txt+1, strlen(txt));"
/home/yichen/Desktop/Qwen_Baseline06/F004.c,40,low,review,memory,memory_string,memory,dangerous_function:strncpy,strncpy can leave the destination unterminated unless null termination is proven,"strncpy(kbuf, p+1, end-p-1);"
/home/yichen/Desktop/Qwen_Baseline06/F004.c,43,high,confirmed,memory,memory_string,dangerous_function,dangerous_function:strcat,"strcat depends on remaining destination capacity, which is not proven here","if(x!=-1) strcat(out, a[x].val);"
/home/yichen/Desktop/Qwen_Baseline06/F004.c,44,low,review,memory,memory_string,memory,dangerous_function:strncat,strncat requires a remaining-capacity calculation,"else { strncat(out, p, end-p+1); }"
/home/yichen/Desktop/Qwen_Baseline06/F004.c,48,medium,review,memory,memory_string,dangerous_function,dangerous_function:strcat,"strcat depends on remaining destination capacity, which is not proven here","strcat(out, tmp);"
/home/yichen/Desktop/Qwen_Baseline06/F004.c,16,high,confirmed,memory,memory_string,input,scanf_unbounded_string_conversion,scanf format contains unbounded %s conversion,"while(scanf(""%s"", c)==1 && strcmp(c, ""END"")) {"
/home/yichen/Desktop/Qwen_Baseline06/F004.c,18,high,confirmed,memory,memory_string,input,scanf_unbounded_string_conversion,scanf format contains unbounded %s conversion,"scanf(""%s"", k); fgets(v, 1000, stdin);"
/home/yichen/Desktop/Qwen_Baseline06/F004.c,25,high,confirmed,memory,memory_string,input,scanf_unbounded_string_conversion,scanf format contains unbounded %s conversion,"scanf(""%s"", k); int x = find(k);"
/home/yichen/Desktop/Qwen_Baseline06/F004.c,22,medium,likely,memory,memory_heap,memory,unchecked_allocation:strdup,strdup result does not appear to be checked for NULL nearby,if(x!=-1) { free(a[x].val); a[x].val = strdup(v); }
/home/yichen/Desktop/Qwen_Baseline06/F004.c,23,medium,likely,memory,memory_heap,memory,realloc_direct_assign,realloc result is assigned directly to the original pointer,"else { a = realloc(a, (n+1)*sizeof(V)); a[n].key=strdup(k); a[n].val=strdup(v); n++; }"
/home/yichen/Desktop/Qwen_Baseline06/F004.c,23,medium,likely,memory,memory_heap,memory,unchecked_allocation:strdup,strdup result does not appear to be checked for NULL nearby,"else { a = realloc(a, (n+1)*sizeof(V)); a[n].key=strdup(k); a[n].val=strdup(v); n++; }"
/home/yichen/Desktop/Qwen_Baseline06/F004.c,19,medium,confirmed,memory,memory_copy,memory,tainted_sink:memmove,externally controlled input appears to reach memmove argument 2,"while(v[0]==' ') memmove(v, v+1, strlen(v));"
/home/yichen/Desktop/Qwen_Baseline06/F004.c,33,medium,confirmed,memory,memory_copy,memory,tainted_sink:memmove,externally controlled input appears to reach memmove argument 2,"while(txt[0]==' ') memmove(txt, txt+1, strlen(txt));"
/home/yichen/Desktop/Qwen_Baseline06/F004.c,43,high,confirmed,memory,memory_string,string,tainted_sink:strcat,externally controlled input appears to reach strcat argument 2,"if(x!=-1) strcat(out, a[x].val);"
/home/yichen/Desktop/Qwen_Baseline06/F005.c,13,medium,review,memory,memory_copy,memory,dangerous_function:memmove,memmove requires a destination bound that is not proven here,"while(txt[0]==' ') memmove(txt, txt+1, strlen(txt));"
/home/yichen/Desktop/Qwen_Baseline06/F005.c,22,medium,review,memory,memory_copy,memory,dangerous_function:memmove,memmove requires a destination bound that is not proven here,"while(txt[0]==' ') memmove(txt, txt+1, strlen(txt));"
/home/yichen/Desktop/Qwen_Baseline06/F005.c,35,medium,review,memory,memory_copy,memory,dangerous_function:memmove,memmove requires a destination bound that is not proven here,"while(txt[0]==' ') memmove(txt, txt+1, strlen(txt));"
/home/yichen/Desktop/Qwen_Baseline06/F005.c,10,high,confirmed,memory,memory_string,input,scanf_unbounded_string_conversion,scanf format contains unbounded %s conversion,"while(scanf(""%s"", c)==1 && strcmp(c, ""END"")) {"
/home/yichen/Desktop/Qwen_Baseline06/F005.c,16,medium,likely,memory,memory_heap,memory,realloc_direct_assign,realloc result is assigned directly to the original pointer,"lines = realloc(lines, (n+1)*sizeof(char*));"
/home/yichen/Desktop/Qwen_Baseline06/F005.c,18,medium,likely,memory,memory_heap,memory,unchecked_allocation:strdup,strdup result does not appear to be checked for NULL nearby,lines[idx] = strdup(txt); n++;
/home/yichen/Desktop/Qwen_Baseline06/F005.c,24,medium,likely,memory,memory_heap,memory,realloc_direct_assign,realloc result is assigned directly to the original pointer,"lines = realloc(lines, (n+1)*sizeof(char*));"
/home/yichen/Desktop/Qwen_Baseline06/F005.c,25,medium,likely,memory,memory_heap,memory,unchecked_allocation:strdup,strdup result does not appear to be checked for NULL nearby,lines[n++] = strdup(txt);
/home/yichen/Desktop/Qwen_Baseline06/F005.c,37,medium,likely,memory,memory_heap,memory,unchecked_allocation:strdup,strdup result does not appear to be checked for NULL nearby,if(idx>=0 && idx<n) { free(lines[idx]); lines[idx]=strdup(txt); }
/home/yichen/Desktop/Qwen_Baseline06/F005.c,13,medium,confirmed,memory,memory_copy,memory,tainted_sink:memmove,externally controlled input appears to reach memmove argument 2,"while(txt[0]==' ') memmove(txt, txt+1, strlen(txt));"
/home/yichen/Desktop/Qwen_Baseline06/F005.c,22,medium,confirmed,memory,memory_copy,memory,tainted_sink:memmove,externally controlled input appears to reach memmove argument 2,"while(txt[0]==' ') memmove(txt, txt+1, strlen(txt));"
/home/yichen/Desktop/Qwen_Baseline06/F005.c,35,medium,confirmed,memory,memory_copy,memory,tainted_sink:memmove,externally controlled input appears to reach memmove argument 2,"while(txt[0]==' ') memmove(txt, txt+1, strlen(txt));"
/home/yichen/Desktop/Qwen_Baseline06/F006.c,16,high,confirmed,memory,memory_string,input,scanf_unbounded_string_conversion,scanf format contains unbounded %s conversion,"while(scanf(""%s"", c)==1 && strcmp(c, ""END"")) {"
/home/yichen/Desktop/Qwen_Baseline06/F006.c,18,high,confirmed,memory,memory_string,input,scanf_unbounded_string_conversion,scanf format contains unbounded %s conversion,"scanf(""%s %d"", it, &cnt);"
/home/yichen/Desktop/Qwen_Baseline06/F006.c,23,high,confirmed,memory,memory_string,input,scanf_unbounded_string_conversion,scanf format contains unbounded %s conversion,"scanf(""%s %d"", it, &cnt);"
/home/yichen/Desktop/Qwen_Baseline06/F006.c,27,high,confirmed,memory,memory_string,input,scanf_unbounded_string_conversion,scanf format contains unbounded %s conversion,"scanf(""%s"", it); int x = find(it);"
/home/yichen/Desktop/Qwen_Baseline06/F006.c,34,high,confirmed,memory,memory_string,input,scanf_unbounded_string_conversion,scanf format contains unbounded %s conversion,"scanf(""%s"", it); int x = find(it);"
/home/yichen/Desktop/Qwen_Baseline06/F006.c,21,medium,likely,memory,memory_heap,memory,realloc_direct_assign,realloc result is assigned directly to the original pointer,"else { a = realloc(a, (n+1)*sizeof(I)); a[n].item=strdup(it); a[n].count=cnt; n++; }"
/home/yichen/Desktop/Qwen_Baseline06/F006.c,21,medium,likely,memory,memory_heap,memory,unchecked_allocation:strdup,strdup result does not appear to be checked for NULL nearby,"else { a = realloc(a, (n+1)*sizeof(I)); a[n].item=strdup(it); a[n].count=cnt; n++; }"
/home/yichen/Desktop/Qwen_Baseline06/F007.c,20,medium,review,memory,memory_copy,memory,dangerous_function:memmove,memmove requires a destination bound that is not proven here,"while(note[0]==' ') memmove(note, note+1, strlen(note));"
/home/yichen/Desktop/Qwen_Baseline06/F007.c,17,high,confirmed,memory,memory_string,input,scanf_unbounded_string_conversion,scanf format contains unbounded %s conversion,"while(scanf(""%s"", c)==1 && strcmp(c, ""END"")) {"
/home/yichen/Desktop/Qwen_Baseline06/F007.c,19,high,confirmed,memory,memory_string,input,scanf_unbounded_string_conversion,scanf format contains unbounded %s conversion,"scanf(""%d %s"", &time, label); fgets(note, 1000, stdin);"
/home/yichen/Desktop/Qwen_Baseline06/F007.c,25,high,confirmed,memory,memory_string,input,scanf_unbounded_string_conversion,scanf format contains unbounded %s conversion,"scanf(""%d %s"", &time, label);"
/home/yichen/Desktop/Qwen_Baseline06/F007.c,34,high,confirmed,memory,memory_string,input,scanf_unbounded_string_conversion,scanf format contains unbounded %s conversion,"scanf(""%s"", label);"
/home/yichen/Desktop/Qwen_Baseline06/F007.c,22,medium,likely,memory,memory_heap,memory,realloc_direct_assign,realloc result is assigned directly to the original pointer,"a = realloc(a, (n+1)*sizeof(A));"
/home/yichen/Desktop/Qwen_Baseline06/F007.c,22,medium,review,memory,memory_integer,integer,allocation_size_without_overflow_guard,allocation size multiplication has no visible overflow guard,"a = realloc(a, (n+1)*sizeof(A));"
/home/yichen/Desktop/Qwen_Baseline06/F007.c,23,medium,likely,memory,memory_heap,memory,unchecked_allocation:strdup,strdup result does not appear to be checked for NULL nearby,a[n].time=time; a[n].label=strdup(label); a[n].note=strdup(note); n++;
/home/yichen/Desktop/Qwen_Baseline06/F007.c,20,medium,confirmed,memory,memory_copy,memory,tainted_sink:memmove,externally controlled input appears to reach memmove argument 2,"while(note[0]==' ') memmove(note, note+1, strlen(note));"
/home/yichen/Desktop/Qwen_Baseline06/F008.c,19,medium,review,memory,memory_copy,memory,dangerous_function:memmove,memmove requires a destination bound that is not proven here,"while(note[0]==' ') memmove(note, note+1, strlen(note));"
/home/yichen/Desktop/Qwen_Baseline06/F008.c,25,medium,review,memory,memory_copy,memory,dangerous_function:memmove,memmove requires a destination bound that is not proven here,"while(note[0]==' ') memmove(note, note+1, strlen(note));"
/home/yichen/Desktop/Qwen_Baseline06/F008.c,16,high,confirmed,memory,memory_string,input,scanf_unbounded_string_conversion,scanf format contains unbounded %s conversion,"while(scanf(""%s"", c)==1 && strcmp(c, ""END"")) {"
/home/yichen/Desktop/Qwen_Baseline06/F008.c,18,high,confirmed,memory,memory_string,input,scanf_unbounded_string_conversion,scanf format contains unbounded %s conversion,"scanf(""%s %d"", nm, &score); fgets(note, 1000, stdin);"
/home/yichen/Desktop/Qwen_Baseline06/F008.c,24,high,confirmed,memory,memory_string,input,scanf_unbounded_string_conversion,scanf format contains unbounded %s conversion,"scanf(""%s %d"", nm, &score); fgets(note, 1000, stdin);"
/home/yichen/Desktop/Qwen_Baseline06/F008.c,30,high,confirmed,memory,memory_string,input,scanf_unbounded_string_conversion,scanf format contains unbounded %s conversion,"scanf(""%s"", nm); int x = find(nm);"
/home/yichen/Desktop/Qwen_Baseline06/F008.c,21,medium,likely,memory,memory_heap,memory,realloc_direct_assign,realloc result is assigned directly to the original pointer,"a = realloc(a, (n+1)*sizeof(S));"
/home/yichen/Desktop/Qwen_Baseline06/F008.c,21,medium,review,memory,memory_integer,integer,allocation_size_without_overflow_guard,allocation size multiplication has no visible overflow guard,"a = realloc(a, (n+1)*sizeof(S));"
/home/yichen/Desktop/Qwen_Baseline06/F008.c,22,medium,likely,memory,memory_heap,memory,unchecked_allocation:strdup,strdup result does not appear to be checked for NULL nearby,a[n].name=strdup(nm); a[n].score=score; a[n].note=strdup(note); n++;
/home/yichen/Desktop/Qwen_Baseline06/F008.c,28,medium,likely,memory,memory_heap,memory,unchecked_allocation:strdup,strdup result does not appear to be checked for NULL nearby,if(x!=-1) { free(a[x].note); a[x].score=score; a[x].note=strdup(note); }
/home/yichen/Desktop/Qwen_Baseline06/F008.c,19,medium,confirmed,memory,memory_copy,memory,tainted_sink:memmove,externally controlled input appears to reach memmove argument 2,"while(note[0]==' ') memmove(note, note+1, strlen(note));"
/home/yichen/Desktop/Qwen_Baseline06/F008.c,25,medium,confirmed,memory,memory_copy,memory,tainted_sink:memmove,externally controlled input appears to reach memmove argument 2,"while(note[0]==' ') memmove(note, note+1, strlen(note));"
/home/yichen/Desktop/Qwen_Baseline06/F009.c,20,medium,review,memory,memory_copy,memory,dangerous_function:memmove,memmove requires a destination bound that is not proven here,"while(desc[0]==' ') memmove(desc, desc+1, strlen(desc));"
/home/yichen/Desktop/Qwen_Baseline06/F009.c,17,high,confirmed,memory,memory_string,input,scanf_unbounded_string_conversion,scanf format contains unbounded %s conversion,"while(scanf(""%s"", c)==1 && strcmp(c, ""END"")) {"
/home/yichen/Desktop/Qwen_Baseline06/F009.c,19,high,confirmed,memory,memory_string,input,scanf_unbounded_string_conversion,scanf format contains unbounded %s conversion,"scanf(""%s"", g1); fgets(desc, 1000, stdin);"
/home/yichen/Desktop/Qwen_Baseline06/F009.c,30,high,confirmed,memory,memory_string,input,scanf_unbounded_string_conversion,scanf format contains unbounded %s conversion,"scanf(""%s %s %s"", g1, g2, g3);"
/home/yichen/Desktop/Qwen_Baseline06/F009.c,46,high,confirmed,memory,memory_string,input,scanf_unbounded_string_conversion,scanf format contains unbounded %s conversion,"scanf(""%s"", g1); int x = find(g1);"
/home/yichen/Desktop/Qwen_Baseline06/F009.c,55,high,confirmed,memory,memory_string,input,scanf_unbounded_string_conversion,scanf format contains unbounded %s conversion,"scanf(""%s"", g1); int x = find(g1);"
/home/yichen/Desktop/Qwen_Baseline06/F009.c,24,medium,likely,memory,memory_heap,memory,realloc_direct_assign,realloc result is assigned directly to the original pointer,"a = realloc(a, (n+1)*sizeof(G));"
/home/yichen/Desktop/Qwen_Baseline06/F009.c,25,medium,likely,memory,memory_heap,memory,unchecked_allocation:strdup,strdup result does not appear to be checked for NULL nearby,x = n; a[n].group=strdup(g1); a[n].events=NULL; a[n].count=0; n++;
/home/yichen/Desktop/Qwen_Baseline06/F009.c,27,medium,likely,memory,memory_heap,memory,realloc_direct_assign,realloc result is assigned directly to the original pointer,"a[x].events = realloc(a[x].events, (a[x].count+1)*sizeof(E));"
/home/yichen/Desktop/Qwen_Baseline06/F009.c,28,medium,likely,memory,memory_heap,memory,unchecked_allocation:strdup,strdup result does not appear to be checked for NULL nearby,a[x].events[a[x].count++].desc = strdup(desc);
/home/yichen/Desktop/Qwen_Baseline06/F009.c,34,medium,likely,memory,memory_heap,memory,realloc_direct_assign,realloc result is assigned directly to the original pointer,"a = realloc(a, (n+1)*sizeof(G));"
/home/yichen/Desktop/Qwen_Baseline06/F009.c,35,medium,likely,memory,memory_heap,memory,unchecked_allocation:strdup,strdup result does not appear to be checked for NULL nearby,x = n; a[n].group=strdup(g3); a[n].events=NULL; a[n].count=0; n++;
/home/yichen/Desktop/Qwen_Baseline06/F009.c,38,medium,likely,memory,memory_heap,memory,realloc_direct_assign,realloc result is assigned directly to the original pointer,"a[x].events = realloc(a[x].events, (a[x].count+1)*sizeof(E));"
/home/yichen/Desktop/Qwen_Baseline06/F009.c,39,medium,likely,memory,memory_heap,memory,unchecked_allocation:strdup,strdup result does not appear to be checked for NULL nearby,a[x].events[a[x].count++].desc = strdup(a[i1].events[i].desc);
/home/yichen/Desktop/Qwen_Baseline06/F009.c,42,medium,likely,memory,memory_heap,memory,realloc_direct_assign,realloc result is assigned directly to the original pointer,"a[x].events = realloc(a[x].events, (a[x].count+1)*sizeof(E));"
/home/yichen/Desktop/Qwen_Baseline06/F009.c,43,medium,likely,memory,memory_heap,memory,unchecked_allocation:strdup,strdup result does not appear to be checked for NULL nearby,a[x].events[a[x].count++].desc = strdup(a[i2].events[i].desc);
/home/yichen/Desktop/Qwen_Baseline06/F009.c,20,medium,confirmed,memory,memory_copy,memory,tainted_sink:memmove,externally controlled input appears to reach memmove argument 2,"while(desc[0]==' ') memmove(desc, desc+1, strlen(desc));"
/home/yichen/Desktop/Qwen_Baseline06/F010.c,17,high,confirmed,memory,memory_string,input,scanf_unbounded_string_conversion,scanf format contains unbounded %s conversion,"while(scanf(""%s"", c)==1 && strcmp(c, ""END"")) {"
/home/yichen/Desktop/Qwen_Baseline06/F010.c,19,high,confirmed,memory,memory_string,input,scanf_unbounded_string_conversion,scanf format contains unbounded %s conversion,"scanf(""%s %s"", k, v);"
/home/yichen/Desktop/Qwen_Baseline06/F010.c,28,high,confirmed,memory,memory_string,input,scanf_unbounded_string_conversion,scanf format contains unbounded %s conversion,"scanf(""%s %s"", k, v); int x = find(k);"
/home/yichen/Desktop/Qwen_Baseline06/F010.c,39,high,confirmed,memory,memory_string,input,scanf_unbounded_string_conversion,scanf format contains unbounded %s conversion,"scanf(""%s"", k); int x = find(k);"
/home/yichen/Desktop/Qwen_Baseline06/F010.c,48,high,confirmed,memory,memory_string,input,scanf_unbounded_string_conversion,scanf format contains unbounded %s conversion,"scanf(""%s"", k); int x = find(k);"
/home/yichen/Desktop/Qwen_Baseline06/F010.c,22,medium,likely,memory,memory_heap,memory,realloc_direct_assign,realloc result is assigned directly to the original pointer,"a = realloc(a, (n+1)*sizeof(K));"
/home/yichen/Desktop/Qwen_Baseline06/F010.c,23,medium,likely,memory,memory_heap,memory,unchecked_allocation:strdup,strdup result does not appear to be checked for NULL nearby,x = n; a[n].key=strdup(k); a[n].vals=NULL; a[n].count=0; n++;
/home/yichen/Desktop/Qwen_Baseline06/F010.c,25,medium,likely,memory,memory_heap,memory,realloc_direct_assign,realloc result is assigned directly to the original pointer,"a[x].vals = realloc(a[x].vals, (a[x].count+1)*sizeof(V));"
/home/yichen/Desktop/Qwen_Baseline06/F010.c,26,medium,likely,memory,memory_heap,memory,unchecked_allocation:strdup,strdup result does not appear to be checked for NULL nearby,a[x].vals[a[x].count++].val = strdup(v);
/home/yichen/Desktop/Qwen_Baseline06/F011.c,19,medium,review,memory,memory_copy,memory,dangerous_function:memmove,memmove requires a destination bound that is not proven here,"while(b[0]==' ') memmove(b, b+1, strlen(b));"
/home/yichen/Desktop/Qwen_Baseline06/F011.c,25,medium,review,memory,memory_copy,memory,dangerous_function:memmove,memmove requires a destination bound that is not proven here,"while(b[0]==' ') memmove(b, b+1, strlen(b));"
/home/yichen/Desktop/Qwen_Baseline06/F011.c,16,high,confirmed,memory,memory_string,input,scanf_unbounded_string_conversion,scanf format contains unbounded %s conversion,"while(scanf(""%s"", c)==1 && strcmp(c, ""END"")) {"
/home/yichen/Desktop/Qwen_Baseline06/F011.c,18,high,confirmed,memory,memory_string,input,scanf_unbounded_string_conversion,scanf format contains unbounded %s conversion,"scanf(""%s"", t); fgets(b, 1000, stdin);"
/home/yichen/Desktop/Qwen_Baseline06/F011.c,24,high,confirmed,memory,memory_string,input,scanf_unbounded_string_conversion,scanf format contains unbounded %s conversion,"scanf(""%s"", t); fgets(b, 1000, stdin);"
/home/yichen/Desktop/Qwen_Baseline06/F011.c,30,high,confirmed,memory,memory_string,input,scanf_unbounded_string_conversion,scanf format contains unbounded %s conversion,"scanf(""%s"", t); int x = find(t);"
/home/yichen/Desktop/Qwen_Baseline06/F011.c,44,high,confirmed,memory,memory_string,input,scanf_unbounded_string_conversion,scanf format contains unbounded %s conversion,"scanf(""%s"", t); int x = find(t);"
/home/yichen/Desktop/Qwen_Baseline06/F011.c,21,medium,likely,memory,memory_heap,memory,realloc_direct_assign,realloc result is assigned directly to the original pointer,"a = realloc(a, (n+1)*sizeof(D));"
/home/yichen/Desktop/Qwen_Baseline06/F011.c,22,medium,likely,memory,memory_heap,memory,unchecked_allocation:strdup,strdup result does not appear to be checked for NULL nearby,a[n].title=strdup(t); a[n].body=strdup(b); n++;
/home/yichen/Desktop/Qwen_Baseline06/F011.c,28,medium,likely,memory,memory_heap,memory,unchecked_allocation:strdup,strdup result does not appear to be checked for NULL nearby,if(x!=-1) { free(a[x].body); a[x].body=strdup(b); }
/home/yichen/Desktop/Qwen_Baseline06/F011.c,32,medium,likely,memory,memory_heap,memory,realloc_direct_assign,realloc result is assigned directly to the original pointer,"trash = realloc(trash, (tn+1)*sizeof(D));"
/home/yichen/Desktop/Qwen_Baseline06/F011.c,40,medium,likely,memory,memory_heap,memory,realloc_direct_assign,realloc result is assigned directly to the original pointer,"a = realloc(a, (n+1)*sizeof(D));"
/home/yichen/Desktop/Qwen_Baseline06/F011.c,19,medium,confirmed,memory,memory_copy,memory,tainted_sink:memmove,externally controlled input appears to reach memmove argument 2,"while(b[0]==' ') memmove(b, b+1, strlen(b));"
/home/yichen/Desktop/Qwen_Baseline06/F011.c,25,medium,confirmed,memory,memory_copy,memory,tainted_sink:memmove,externally controlled input appears to reach memmove argument 2,"while(b[0]==' ') memmove(b, b+1, strlen(b));"
/home/yichen/Desktop/Qwen_Baseline06/F012.c,19,medium,review,memory,memory_copy,memory,dangerous_function:memmove,memmove requires a destination bound that is not proven here,"while(note[0]==' ') memmove(note, note+1, strlen(note));"
/home/yichen/Desktop/Qwen_Baseline06/F012.c,16,high,confirmed,memory,memory_string,input,scanf_unbounded_string_conversion,scanf format contains unbounded %s conversion,"while(scanf(""%s"", c)==1 && strcmp(c, ""END"")) {"
/home/yichen/Desktop/Qwen_Baseline06/F012.c,18,high,confirmed,memory,memory_string,input,scanf_unbounded_string_conversion,scanf format contains unbounded %s conversion,"scanf(""%s"", nm); fgets(note, 1000, stdin);"
/home/yichen/Desktop/Qwen_Baseline06/F012.c,31,high,confirmed,memory,memory_string,input,scanf_unbounded_string_conversion,scanf format contains unbounded %s conversion,"scanf(""%s"", nm); int x = find(nm);"
/home/yichen/Desktop/Qwen_Baseline06/F012.c,38,high,confirmed,memory,memory_string,input,scanf_unbounded_string_conversion,scanf format contains unbounded %s conversion,"scanf(""%s"", nm); int x = find(nm);"
/home/yichen/Desktop/Qwen_Baseline06/F012.c,21,medium,likely,memory,memory_heap,memory,realloc_direct_assign,realloc result is assigned directly to the original pointer,"a = realloc(a, (n+1)*sizeof(Q));"
/home/yichen/Desktop/Qwen_Baseline06/F012.c,21,medium,review,memory,memory_integer,integer,allocation_size_without_overflow_guard,allocation size multiplication has no visible overflow guard,"a = realloc(a, (n+1)*sizeof(Q));"
/home/yichen/Desktop/Qwen_Baseline06/F012.c,22,medium,likely,memory,memory_heap,memory,unchecked_allocation:strdup,strdup result does not appear to be checked for NULL nearby,a[n].name=strdup(nm); a[n].note=strdup(note); n++;
/home/yichen/Desktop/Qwen_Baseline06/F012.c,19,medium,confirmed,memory,memory_copy,memory,tainted_sink:memmove,externally controlled input appears to reach memmove argument 2,"while(note[0]==' ') memmove(note, note+1, strlen(note));"
/home/yichen/Desktop/Qwen_Baseline06/F013.c,35,medium,review,memory,memory_copy,memory,dangerous_function:memmove,memmove requires a destination bound that is not proven here,"scanf(""%s"", t); fgets(note, 1000, stdin); while(note[0]==' ') memmove(note, note+1, strlen(note)); note[strcspn(note, ""\n"")]=0;"
/home/yichen/Desktop/Qwen_Baseline06/F013.c,33,high,confirmed,memory,memory_string,input,scanf_unbounded_string_conversion,scanf format contains unbounded %s conversion,"while(scanf(""%s"", c)==1 && strcmp(c, ""END"")) {"
/home/yichen/Desktop/Qwen_Baseline06/F013.c,35,high,confirmed,memory,memory_string,input,scanf_unbounded_string_conversion,scanf format contains unbounded %s conversion,"scanf(""%s"", t); fgets(note, 1000, stdin); while(note[0]==' ') memmove(note, note+1, strlen(note)); note[strcspn(note, ""\n"")]=0;"
/home/yichen/Desktop/Qwen_Baseline06/F013.c,37,high,confirmed,memory,memory_string,input,scanf_unbounded_string_conversion,scanf format contains unbounded %s conversion,"} else if(!strcmp(c, ""START"")) { scanf(""%s"", t); move(&todo, &nt, &doing, &nd, t); }"
/home/yichen/Desktop/Qwen_Baseline06/F013.c,38,high,confirmed,memory,memory_string,input,scanf_unbounded_string_conversion,scanf format contains unbounded %s conversion,"else if(!strcmp(c, ""DONE"")) { scanf(""%s"", t); move(&doing, &nd, &done, &ndn, t); }"
/home/yichen/Desktop/Qwen_Baseline06/F013.c,39,high,confirmed,memory,memory_string,input,scanf_unbounded_string_conversion,scanf format contains unbounded %s conversion,"else if(!strcmp(c, ""REMOVE"")) { scanf(""%s"", t); remove_any(t); }"
/home/yichen/Desktop/Qwen_Baseline06/F013.c,41,high,confirmed,memory,memory_string,input,scanf_unbounded_string_conversion,scanf format contains unbounded %s conversion,"scanf(""%s"", t); int x;"
/home/yichen/Desktop/Qwen_Baseline06/F013.c,17,medium,likely,memory,memory_heap,memory,unchecked_allocation:realloc,realloc result does not appear to be checked for NULL nearby,"*dst = realloc(*dst, (*ds+1)*sizeof(T));"
/home/yichen/Desktop/Qwen_Baseline06/F013.c,36,medium,likely,memory,memory_heap,memory,realloc_direct_assign,realloc result is assigned directly to the original pointer,"todo = realloc(todo, (nt+1)*sizeof(T)); todo[nt].title=strdup(t); todo[nt].note=strdup(note); nt++;"
/home/yichen/Desktop/Qwen_Baseline06/F013.c,36,medium,likely,memory,memory_heap,memory,unchecked_allocation:strdup,strdup result does not appear to be checked for NULL nearby,"todo = realloc(todo, (nt+1)*sizeof(T)); todo[nt].title=strdup(t); todo[nt].note=strdup(note); nt++;"
/home/yichen/Desktop/Qwen_Baseline06/F013.c,35,medium,confirmed,memory,memory_copy,memory,tainted_sink:memmove,externally controlled input appears to reach memmove argument 2,"scanf(""%s"", t); fgets(note, 1000, stdin); while(note[0]==' ') memmove(note, note+1, strlen(note)); note[strcspn(note, ""\n"")]=0;"
/home/yichen/Desktop/Qwen_Baseline06/F014.c,20,medium,review,memory,memory_copy,memory,dangerous_function:memmove,memmove requires a destination bound that is not proven here,"while(note[0]==' ') memmove(note, note+1, strlen(note));"
/home/yichen/Desktop/Qwen_Baseline06/F014.c,17,high,confirmed,memory,memory_string,input,scanf_unbounded_string_conversion,scanf format contains unbounded %s conversion,"while(scanf(""%s"", c)==1 && strcmp(c, ""END"")) {"
/home/yichen/Desktop/Qwen_Baseline06/F014.c,19,high,confirmed,memory,memory_string,input,scanf_unbounded_string_conversion,scanf format contains unbounded %s conversion,"scanf(""%s"", nm); fgets(note, 1000, stdin);"
/home/yichen/Desktop/Qwen_Baseline06/F014.c,25,high,confirmed,memory,memory_string,input,scanf_unbounded_string_conversion,scanf format contains unbounded %s conversion,"scanf(""%s %s"", nm, lb); int x = find(nm);"
/home/yichen/Desktop/Qwen_Baseline06/F014.c,31,high,confirmed,memory,memory_string,input,scanf_unbounded_string_conversion,scanf format contains unbounded %s conversion,"scanf(""%s %s"", nm, lb); int x = find(nm);"
/home/yichen/Desktop/Qwen_Baseline06/F014.c,42,high,confirmed,memory,memory_string,input,scanf_unbounded_string_conversion,scanf format contains unbounded %s conversion,"scanf(""%s"", nm); int x = find(nm);"
/home/yichen/Desktop/Qwen_Baseline06/F014.c,51,high,confirmed,memory,memory_string,input,scanf_unbounded_string_conversion,scanf format contains unbounded %s conversion,"scanf(""%s"", nm); int x = find(nm);"
/home/yichen/Desktop/Qwen_Baseline06/F014.c,22,medium,likely,memory,memory_heap,memory,realloc_direct_assign,realloc result is assigned directly to the original pointer,"a = realloc(a, (n+1)*sizeof(I));"
/home/yichen/Desktop/Qwen_Baseline06/F014.c,22,medium,review,memory,memory_integer,integer,allocation_size_without_overflow_guard,allocation size multiplication has no visible overflow guard,"a = realloc(a, (n+1)*sizeof(I));"
/home/yichen/Desktop/Qwen_Baseline06/F014.c,23,medium,likely,memory,memory_heap,memory,unchecked_allocation:strdup,strdup result does not appear to be checked for NULL nearby,a[n].name=strdup(nm); a[n].note=strdup(note); a[n].labels=NULL; a[n].count=0; n++;
/home/yichen/Desktop/Qwen_Baseline06/F014.c,27,medium,likely,memory,memory_heap,memory,realloc_direct_assign,realloc result is assigned directly to the original pointer,"a[x].labels = realloc(a[x].labels, (a[x].count+1)*sizeof(L));"
/home/yichen/Desktop/Qwen_Baseline06/F014.c,28,medium,likely,memory,memory_heap,memory,unchecked_allocation:strdup,strdup result does not appear to be checked for NULL nearby,a[x].labels[a[x].count++].label = strdup(lb);
/home/yichen/Desktop/Qwen_Baseline06/F014.c,20,medium,confirmed,memory,memory_copy,memory,tainted_sink:memmove,externally controlled input appears to reach memmove argument 2,"while(note[0]==' ') memmove(note, note+1, strlen(note));"
/home/yichen/Desktop/Qwen_Baseline06/F015.c,23,medium,review,memory,memory_copy,memory,dangerous_function:memmove,memmove requires a destination bound that is not proven here,"while(note[0]==' ') memmove(note, note+1, strlen(note));"
/home/yichen/Desktop/Qwen_Baseline06/F015.c,32,medium,review,memory,memory_string,dangerous_function,dangerous_function:sprintf,sprintf writes without an explicit destination size,"sprintf(nn, ""%s %s"", a[k].note, a[r].note);"
/home/yichen/Desktop/Qwen_Baseline06/F015.c,16,high,confirmed,memory,memory_string,input,scanf_unbounded_string_conversion,scanf format contains unbounded %s conversion,"while(scanf(""%s"", c)==1 && strcmp(c, ""END"")) {"
/home/yichen/Desktop/Qwen_Baseline06/F015.c,18,high,confirmed,memory,memory_string,input,scanf_unbounded_string_conversion,scanf format contains unbounded %s conversion,"scanf(""%s %s %s"", nm, em, ph);"
/home/yichen/Desktop/Qwen_Baseline06/F015.c,22,high,confirmed,memory,memory_string,input,scanf_unbounded_string_conversion,scanf format contains unbounded %s conversion,"scanf(""%s"", nm); fgets(note, 1000, stdin);"
/home/yichen/Desktop/Qwen_Baseline06/F015.c,28,high,confirmed,memory,memory_string,input,scanf_unbounded_string_conversion,scanf format contains unbounded %s conversion,"scanf(""%s %s"", keep, rem);"
/home/yichen/Desktop/Qwen_Baseline06/F015.c,39,high,confirmed,memory,memory_string,input,scanf_unbounded_string_conversion,scanf format contains unbounded %s conversion,"scanf(""%s"", nm); int x = find(nm);"
/home/yichen/Desktop/Qwen_Baseline06/F015.c,46,high,confirmed,memory,memory_string,input,scanf_unbounded_string_conversion,scanf format contains unbounded %s conversion,"scanf(""%s"", nm); int x = find(nm);"
/home/yichen/Desktop/Qwen_Baseline06/F015.c,19,medium,likely,memory,memory_heap,memory,realloc_direct_assign,realloc result is assigned directly to the original pointer,"a = realloc(a, (n+1)*sizeof(C));"
/home/yichen/Desktop/Qwen_Baseline06/F015.c,20,medium,likely,memory,memory_heap,memory,unchecked_allocation:strdup,strdup result does not appear to be checked for NULL nearby,"a[n].name=strdup(nm); a[n].email=strdup(em); a[n].phone=strdup(ph); a[n].note=strdup(""""); n++;"
/home/yichen/Desktop/Qwen_Baseline06/F015.c,26,medium,likely,memory,memory_heap,memory,unchecked_allocation:strdup,strdup result does not appear to be checked for NULL nearby,if(x!=-1) { free(a[x].note); a[x].note=strdup(note); }
/home/yichen/Desktop/Qwen_Baseline06/F015.c,31,medium,likely,memory,memory_heap,memory,unchecked_allocation:malloc,malloc result does not appear to be checked for NULL nearby,char *nn = malloc(strlen(a[k].note)+strlen(a[r].note)+2);
/home/yichen/Desktop/Qwen_Baseline06/F015.c,23,medium,confirmed,memory,memory_copy,memory,tainted_sink:memmove,externally controlled input appears to reach memmove argument 2,"while(note[0]==' ') memmove(note, note+1, strlen(note));"
/home/yichen/Desktop/Qwen_Baseline06/F016.c,32,high,confirmed,memory,memory_string,input,scanf_unbounded_string_conversion,scanf format contains unbounded %s conversion,"while(scanf(""%s"", c)==1 && strcmp(c, ""END"")) {"
/home/yichen/Desktop/Qwen_Baseline06/F016.c,34,high,confirmed,memory,memory_string,input,scanf_unbounded_string_conversion,scanf format contains unbounded %s conversion,"scanf(""%s"", line);"
/home/yichen/Desktop/Qwen_Baseline06/F016.c,41,high,confirmed,memory,memory_string,input,scanf_unbounded_string_conversion,scanf format contains unbounded %s conversion,"scanf(""%s"", nm); int x = find(nm);"
/home/yichen/Desktop/Qwen_Baseline06/F016.c,48,high,confirmed,memory,memory_string,input,scanf_unbounded_string_conversion,scanf format contains unbounded %s conversion,"scanf(""%s"", nm); int x = find(nm);"
/home/yichen/Desktop/Qwen_Baseline06/F016.c,22,medium,likely,memory,memory_heap,memory,realloc_direct_assign,realloc result is assigned directly to the original pointer,"a = realloc(a, (n+1)*sizeof(C));"
/home/yichen/Desktop/Qwen_Baseline06/F016.c,23,medium,likely,memory,memory_heap,memory,unchecked_allocation:strdup,strdup result does not appear to be checked for NULL nearby,a[n].name=strdup(nm); a[n].email=strdup(em); a[n].phone=strdup(ph); n++;
/home/yichen/Desktop/Qwen_Baseline06/F016.c,37,medium,likely,memory,memory_heap,memory,realloc_direct_assign,realloc result is assigned directly to the original pointer,"a = realloc(a, (n+1)*sizeof(C));"
/home/yichen/Desktop/Qwen_Baseline06/F016.c,38,medium,likely,memory,memory_heap,memory,unchecked_allocation:strdup,strdup result does not appear to be checked for NULL nearby,a[n].name=strdup(nm); a[n].email=strdup(em); a[n].phone=strdup(ph); n++;
/home/yichen/Desktop/Qwen_Baseline06/F017.c,36,medium,review,memory,memory_copy,memory,dangerous_function:memmove,memmove requires a destination bound that is not proven here,"while(v[0]==' ') memmove(v, v+1, strlen(v));"
/home/yichen/Desktop/Qwen_Baseline06/F017.c,33,high,confirmed,memory,memory_string,input,scanf_unbounded_string_conversion,scanf format contains unbounded %s conversion,"while(scanf(""%s"", c)==1 && strcmp(c, ""END"")) {"
/home/yichen/Desktop/Qwen_Baseline06/F017.c,35,high,confirmed,memory,memory_string,input,scanf_unbounded_string_conversion,scanf format contains unbounded %s conversion,"scanf(""%s"", k); fgets(v, 1000, stdin);"
/home/yichen/Desktop/Qwen_Baseline06/F017.c,42,high,confirmed,memory,memory_string,input,scanf_unbounded_string_conversion,scanf format contains unbounded %s conversion,"scanf(""%s"", k); int x = find(k);"
/home/yichen/Desktop/Qwen_Baseline06/F017.c,49,high,confirmed,memory,memory_string,input,scanf_unbounded_string_conversion,scanf format contains unbounded %s conversion,"scanf(""%s"", k); int x = find(k);"
/home/yichen/Desktop/Qwen_Baseline06/F017.c,23,medium,likely,memory,memory_heap,memory,realloc_direct_assign,realloc result is assigned directly to the original pointer,"a = realloc(a, (n+1)*sizeof(KV));"
/home/yichen/Desktop/Qwen_Baseline06/F017.c,24,medium,likely,memory,memory_heap,memory,unchecked_allocation:strdup,strdup result does not appear to be checked for NULL nearby,a[n].key=strdup(line); a[n].val=strdup(eq+1); n++;
/home/yichen/Desktop/Qwen_Baseline06/F017.c,39,medium,likely,memory,memory_heap,memory,unchecked_allocation:strdup,strdup result does not appear to be checked for NULL nearby,if(x!=-1) { free(a[x].val); a[x].val=strdup(v); }
/home/yichen/Desktop/Qwen_Baseline06/F017.c,40,medium,likely,memory,memory_heap,memory,realloc_direct_assign,realloc result is assigned directly to the original pointer,"else { a = realloc(a, (n+1)*sizeof(KV)); a[n].key=strdup(k); a[n].val=strdup(v); n++; }"
/home/yichen/Desktop/Qwen_Baseline06/F017.c,40,medium,likely,memory,memory_heap,memory,unchecked_allocation:strdup,strdup result does not appear to be checked for NULL nearby,"else { a = realloc(a, (n+1)*sizeof(KV)); a[n].key=strdup(k); a[n].val=strdup(v); n++; }"
/home/yichen/Desktop/Qwen_Baseline06/F017.c,36,medium,confirmed,memory,memory_copy,memory,tainted_sink:memmove,externally controlled input appears to reach memmove argument 2,"while(v[0]==' ') memmove(v, v+1, strlen(v));"
/home/yichen/Desktop/Qwen_Baseline06/F018.c,37,medium,review,memory,memory_copy,memory,dangerous_function:memmove,memmove requires a destination bound that is not proven here,"while(w[0]==' ') memmove(w, w+1, strlen(w));"
/home/yichen/Desktop/Qwen_Baseline06/F018.c,44,medium,review,memory,memory_copy,memory,dangerous_function:memmove,memmove requires a destination bound that is not proven here,"while(w[0]==' ') memmove(w, w+1, strlen(w));"
/home/yichen/Desktop/Qwen_Baseline06/F018.c,54,medium,review,memory,memory_copy,memory,dangerous_function:memmove,memmove requires a destination bound that is not proven here,"while(w[0]==' ') memmove(w, w+1, strlen(w));"
/home/yichen/Desktop/Qwen_Baseline06/F018.c,34,high,confirmed,memory,memory_string,input,scanf_unbounded_string_conversion,scanf format contains unbounded %s conversion,"while(scanf(""%s"", c)==1 && strcmp(c, ""END"")) {"
/home/yichen/Desktop/Qwen_Baseline06/F018.c,26,medium,likely,memory,memory_heap,memory,realloc_direct_assign,realloc result is assigned directly to the original pointer,"else { a = realloc(a, (n+1)*sizeof(W)); a[n].word=strdup(line); a[n].count=1; n++; }"
/home/yichen/Desktop/Qwen_Baseline06/F018.c,26,medium,likely,memory,memory_heap,memory,unchecked_allocation:strdup,strdup result does not appear to be checked for NULL nearby,"else { a = realloc(a, (n+1)*sizeof(W)); a[n].word=strdup(line); a[n].count=1; n++; }"
/home/yichen/Desktop/Qwen_Baseline06/F018.c,41,medium,likely,memory,memory_heap,memory,realloc_direct_assign,realloc result is assigned directly to the original pointer,"else { a = realloc(a, (n+1)*sizeof(W)); a[n].word=strdup(w); a[n].count=1; n++; }"
/home/yichen/Desktop/Qwen_Baseline06/F018.c,41,medium,likely,memory,memory_heap,memory,unchecked_allocation:strdup,strdup result does not appear to be checked for NULL nearby,"else { a = realloc(a, (n+1)*sizeof(W)); a[n].word=strdup(w); a[n].count=1; n++; }"
/home/yichen/Desktop/Qwen_Baseline06/F018.c,37,medium,confirmed,memory,memory_copy,memory,tainted_sink:memmove,externally controlled input appears to reach memmove argument 2,"while(w[0]==' ') memmove(w, w+1, strlen(w));"
/home/yichen/Desktop/Qwen_Baseline06/F018.c,44,medium,confirmed,memory,memory_copy,memory,tainted_sink:memmove,externally controlled input appears to reach memmove argument 2,"while(w[0]==' ') memmove(w, w+1, strlen(w));"
/home/yichen/Desktop/Qwen_Baseline06/F018.c,54,medium,confirmed,memory,memory_copy,memory,tainted_sink:memmove,externally controlled input appears to reach memmove argument 2,"while(w[0]==' ') memmove(w, w+1, strlen(w));"
/home/yichen/Desktop/Qwen_Baseline06/F019.c,33,medium,review,memory,memory_copy,memory,dangerous_function:memmove,memmove requires a destination bound that is not proven here,"while(memo[0]==' ') memmove(memo, memo+1, strlen(memo));"
/home/yichen/Desktop/Qwen_Baseline06/F019.c,16,high,confirmed,memory,memory_string,input,scanf_unbounded_string_conversion,sscanf format contains unbounded %s conversion,"if(sscanf(line, ""%s %d"", acc, &amt)==2) {"
/home/yichen/Desktop/Qwen_Baseline06/F019.c,30,high,confirmed,memory,memory_string,input,scanf_unbounded_string_conversion,scanf format contains unbounded %s conversion,"while(scanf(""%s"", c)==1 && strcmp(c, ""END"")) {"
/home/yichen/Desktop/Qwen_Baseline06/F019.c,32,high,confirmed,memory,memory_string,input,scanf_unbounded_string_conversion,scanf format contains unbounded %s conversion,"scanf(""%s %d"", acc, &amt); fgets(memo, 1000, stdin);"
/home/yichen/Desktop/Qwen_Baseline06/F019.c,38,high,confirmed,memory,memory_string,input,scanf_unbounded_string_conversion,scanf format contains unbounded %s conversion,"scanf(""%s %d"", acc, &amt);"
/home/yichen/Desktop/Qwen_Baseline06/F019.c,47,high,confirmed,memory,memory_string,input,scanf_unbounded_string_conversion,scanf format contains unbounded %s conversion,"scanf(""%s"", acc); int sum=0;"
/home/yichen/Desktop/Qwen_Baseline06/F019.c,19,medium,likely,memory,memory_heap,memory,realloc_direct_assign,realloc result is assigned directly to the original pointer,"a = realloc(a, (n+1)*sizeof(T));"
/home/yichen/Desktop/Qwen_Baseline06/F019.c,20,medium,likely,memory,memory_heap,memory,unchecked_allocation:strdup,strdup result does not appear to be checked for NULL nearby,a[n].acc=strdup(acc); a[n].amt=amt; a[n].memo=strdup(m+1); n++;
/home/yichen/Desktop/Qwen_Baseline06/F019.c,35,medium,likely,memory,memory_heap,memory,realloc_direct_assign,realloc result is assigned directly to the original pointer,"a = realloc(a, (n+1)*sizeof(T));"
/home/yichen/Desktop/Qwen_Baseline06/F019.c,35,medium,review,memory,memory_integer,integer,allocation_size_without_overflow_guard,allocation size multiplication has no visible overflow guard,"a = realloc(a, (n+1)*sizeof(T));"
/home/yichen/Desktop/Qwen_Baseline06/F019.c,36,medium,likely,memory,memory_heap,memory,unchecked_allocation:strdup,strdup result does not appear to be checked for NULL nearby,a[n].acc=strdup(acc); a[n].amt=amt; a[n].memo=strdup(memo); n++;
/home/yichen/Desktop/Qwen_Baseline06/F019.c,33,medium,confirmed,memory,memory_copy,memory,tainted_sink:memmove,externally controlled input appears to reach memmove argument 2,"while(memo[0]==' ') memmove(memo, memo+1, strlen(memo));"
/home/yichen/Desktop/Qwen_Baseline06/F020.c,27,medium,review,memory,memory_string,dangerous_function,dangerous_function:sprintf,sprintf writes without an explicit destination size,"sprintf(nb, ""%s%s%s"", a[n].body, a[n].body[0]?""\n"":"""", line);"
/home/yichen/Desktop/Qwen_Baseline06/F020.c,41,medium,review,memory,memory_copy,memory,dangerous_function:memmove,memmove requires a destination bound that is not proven here,"while(t[0]==' ') memmove(t, t+1, strlen(t));"
/home/yichen/Desktop/Qwen_Baseline06/F020.c,47,medium,review,memory,memory_copy,memory,dangerous_function:memmove,memmove requires a destination bound that is not proven here,"while(t[0]==' ') memmove(t, t+1, strlen(t));"
/home/yichen/Desktop/Qwen_Baseline06/F020.c,57,medium,review,memory,memory_copy,memory,dangerous_function:memmove,memmove requires a destination bound that is not proven here,"while(t[0]==' ') memmove(t, t+1, strlen(t));"
/home/yichen/Desktop/Qwen_Baseline06/F020.c,65,medium,review,memory,memory_string,dangerous_function,dangerous_function:sprintf,sprintf writes without an explicit destination size,"sprintf(nb, ""%s%s%s"", a[n].body, a[n].body[0]?""\n"":"""", line);"
/home/yichen/Desktop/Qwen_Baseline06/F020.c,38,high,confirmed,memory,memory_string,input,scanf_unbounded_string_conversion,scanf format contains unbounded %s conversion,"while(scanf(""%s"", c)==1 && strcmp(c, ""END"")) {"
/home/yichen/Desktop/Qwen_Baseline06/F020.c,21,medium,likely,memory,memory_heap,memory,realloc_direct_assign,realloc result is assigned directly to the original pointer,"a = realloc(a, (n+1)*sizeof(C));"
/home/yichen/Desktop/Qwen_Baseline06/F020.c,22,medium,likely,memory,memory_heap,memory,unchecked_allocation:strdup,strdup result does not appear to be checked for NULL nearby,"a[n].title=strdup(line); a[n].body=strdup("""");"
/home/yichen/Desktop/Qwen_Baseline06/F020.c,26,medium,likely,memory,memory_heap,memory,unchecked_allocation:malloc,malloc result does not appear to be checked for NULL nearby,char *nb = malloc(strlen(a[n].body)+strlen(line)+2);
/home/yichen/Desktop/Qwen_Baseline06/F020.c,59,medium,likely,memory,memory_heap,memory,realloc_direct_assign,realloc result is assigned directly to the original pointer,"a = realloc(a, (n+1)*sizeof(C));"
/home/yichen/Desktop/Qwen_Baseline06/F020.c,60,medium,likely,memory,memory_heap,memory,unchecked_allocation:strdup,strdup result does not appear to be checked for NULL nearby,"a[n].title=strdup(t); a[n].body=strdup("""");"
/home/yichen/Desktop/Qwen_Baseline06/F020.c,64,medium,likely,memory,memory_heap,memory,unchecked_allocation:malloc,malloc result does not appear to be checked for NULL nearby,char *nb = malloc(strlen(a[n].body)+strlen(line)+2);
/home/yichen/Desktop/Qwen_Baseline06/F020.c,41,medium,confirmed,memory,memory_copy,memory,tainted_sink:memmove,externally controlled input appears to reach memmove argument 2,"while(t[0]==' ') memmove(t, t+1, strlen(t));"
/home/yichen/Desktop/Qwen_Baseline06/F020.c,47,medium,confirmed,memory,memory_copy,memory,tainted_sink:memmove,externally controlled input appears to reach memmove argument 2,"while(t[0]==' ') memmove(t, t+1, strlen(t));"
/home/yichen/Desktop/Qwen_Baseline06/F020.c,57,medium,confirmed,memory,memory_copy,memory,tainted_sink:memmove,externally controlled input appears to reach memmove argument 2,"while(t[0]==' ') memmove(t, t+1, strlen(t));"
/home/yichen/Desktop/Qwen_Baseline06/F021.c,28,medium,review,memory,memory_copy,memory,dangerous_function:memmove,memmove requires a destination bound that is not proven here,"while(note[0]==' ') memmove(note, note+1, strlen(note));"
/home/yichen/Desktop/Qwen_Baseline06/F021.c,17,high,confirmed,memory,memory_string,input,scanf_unbounded_string_conversion,scanf format contains unbounded %s conversion,"while(scanf(""%s"", cmd)==1 && strcmp(cmd, ""END"")) {"
/home/yichen/Desktop/Qwen_Baseline06/F021.c,19,high,confirmed,memory,memory_string,input,scanf_unbounded_string_conversion,scanf format contains unbounded %s conversion,"scanf(""%s"", name);"
/home/yichen/Desktop/Qwen_Baseline06/F021.c,26,high,confirmed,memory,memory_string,input,scanf_unbounded_string_conversion,scanf format contains unbounded %s conversion,"scanf(""%s %s"", name, ing);"
/home/yichen/Desktop/Qwen_Baseline06/F021.c,38,high,confirmed,memory,memory_string,input,scanf_unbounded_string_conversion,scanf format contains unbounded %s conversion,"scanf(""%s %s"", name, ing);"
/home/yichen/Desktop/Qwen_Baseline06/F021.c,52,high,confirmed,memory,memory_string,input,scanf_unbounded_string_conversion,scanf format contains unbounded %s conversion,"scanf(""%s"", name);"
/home/yichen/Desktop/Qwen_Baseline06/F021.c,65,high,confirmed,memory,memory_string,input,scanf_unbounded_string_conversion,scanf format contains unbounded %s conversion,"scanf(""%s"", name);"
/home/yichen/Desktop/Qwen_Baseline06/F021.c,20,medium,likely,memory,memory_heap,memory,realloc_direct_assign,realloc result is assigned directly to the original pointer,"recs = realloc(recs, (n_rec+1)*sizeof(Rec));"
/home/yichen/Desktop/Qwen_Baseline06/F021.c,21,medium,likely,memory,memory_heap,memory,unchecked_allocation:strdup,strdup result does not appear to be checked for NULL nearby,recs[n_rec].name = strdup(name);
/home/yichen/Desktop/Qwen_Baseline06/F021.c,32,medium,likely,memory,memory_heap,memory,realloc_direct_assign,realloc result is assigned directly to the original pointer,"recs[i].ings = realloc(recs[i].ings, (recs[i].n_ing+1)*sizeof(Ing));"
/home/yichen/Desktop/Qwen_Baseline06/F021.c,33,medium,likely,memory,memory_heap,memory,unchecked_allocation:strdup,strdup result does not appear to be checked for NULL nearby,recs[i].ings[recs[i].n_ing].ing = strdup(ing);
/home/yichen/Desktop/Qwen_Baseline06/F021.c,34,medium,likely,memory,memory_heap,memory,unchecked_allocation:strdup,strdup result does not appear to be checked for NULL nearby,recs[i].ings[recs[i].n_ing].note = strdup(note);
/home/yichen/Desktop/Qwen_Baseline06/F021.c,28,medium,confirmed,memory,memory_copy,memory,tainted_sink:memmove,externally controlled input appears to reach memmove argument 2,"while(note[0]==' ') memmove(note, note+1, strlen(note));"
/home/yichen/Desktop/Qwen_Baseline06/F022.c,33,medium,review,memory,memory_copy,memory,dangerous_function:memmove,memmove requires a destination bound that is not proven here,"while(note[0]==' ') memmove(note, note+1, strlen(note));"
/home/yichen/Desktop/Qwen_Baseline06/F022.c,22,high,confirmed,memory,memory_string,input,scanf_unbounded_string_conversion,scanf format contains unbounded %s conversion,"while(scanf(""%s"", cmd)==1 && strcmp(cmd, ""END"")) {"
/home/yichen/Desktop/Qwen_Baseline06/F022.c,24,high,confirmed,memory,memory_string,input,scanf_unbounded_string_conversion,scanf format contains unbounded %s conversion,"scanf(""%s"", p1);"
/home/yichen/Desktop/Qwen_Baseline06/F022.c,31,high,confirmed,memory,memory_string,input,scanf_unbounded_string_conversion,scanf format contains unbounded %s conversion,"scanf(""%s %s"", p1, title);"
/home/yichen/Desktop/Qwen_Baseline06/F022.c,44,high,confirmed,memory,memory_string,input,scanf_unbounded_string_conversion,scanf format contains unbounded %s conversion,"scanf(""%s %s %s"", p1, p2, title);"
/home/yichen/Desktop/Qwen_Baseline06/F022.c,57,high,confirmed,memory,memory_string,input,scanf_unbounded_string_conversion,scanf format contains unbounded %s conversion,"scanf(""%s %s"", p1, title);"
/home/yichen/Desktop/Qwen_Baseline06/F022.c,64,high,confirmed,memory,memory_string,input,scanf_unbounded_string_conversion,scanf format contains unbounded %s conversion,"scanf(""%s"", p1);"
/home/yichen/Desktop/Qwen_Baseline06/F022.c,25,medium,likely,memory,memory_heap,memory,realloc_direct_assign,realloc result is assigned directly to the original pointer,"projs = realloc(projs, (n_proj+1)*sizeof(Proj));"
/home/yichen/Desktop/Qwen_Baseline06/F022.c,26,medium,likely,memory,memory_heap,memory,unchecked_allocation:strdup,strdup result does not appear to be checked for NULL nearby,projs[n_proj].name = strdup(p1);
/home/yichen/Desktop/Qwen_Baseline06/F022.c,37,medium,likely,memory,memory_heap,memory,realloc_direct_assign,realloc result is assigned directly to the original pointer,"projs[i].tasks = realloc(projs[i].tasks, (projs[i].n_task+1)*sizeof(Task));"
/home/yichen/Desktop/Qwen_Baseline06/F022.c,38,medium,likely,memory,memory_heap,memory,unchecked_allocation:strdup,strdup result does not appear to be checked for NULL nearby,projs[i].tasks[projs[i].n_task].title = strdup(title);
/home/yichen/Desktop/Qwen_Baseline06/F022.c,39,medium,likely,memory,memory_heap,memory,unchecked_allocation:strdup,strdup result does not appear to be checked for NULL nearby,projs[i].tasks[projs[i].n_task].note = strdup(note);
/home/yichen/Desktop/Qwen_Baseline06/F022.c,49,medium,likely,memory,memory_heap,memory,realloc_direct_assign,realloc result is assigned directly to the original pointer,"projs[i2].tasks = realloc(projs[i2].tasks, (projs[i2].n_task+1)*sizeof(Task));"
/home/yichen/Desktop/Qwen_Baseline06/F022.c,33,medium,confirmed,memory,memory_copy,memory,tainted_sink:memmove,externally controlled input appears to reach memmove argument 2,"while(note[0]==' ') memmove(note, note+1, strlen(note));"
/home/yichen/Desktop/Qwen_Baseline06/F023.c,15,medium,review,memory,memory_copy,memory,dangerous_function:memmove,memmove requires a destination bound that is not proven here,"while(body[0]==' ') memmove(body, body+1, strlen(body));"
/home/yichen/Desktop/Qwen_Baseline06/F023.c,11,high,confirmed,memory,memory_string,input,scanf_unbounded_string_conversion,scanf format contains unbounded %s conversion,"while(scanf(""%s"", cmd)==1 && strcmp(cmd, ""END"")) {"
/home/yichen/Desktop/Qwen_Baseline06/F023.c,13,high,confirmed,memory,memory_string,input,scanf_unbounded_string_conversion,scanf format contains unbounded %s conversion,"scanf(""%s %s"", sender, subject);"
/home/yichen/Desktop/Qwen_Baseline06/F023.c,25,high,confirmed,memory,memory_string,input,scanf_unbounded_string_conversion,scanf format contains unbounded %s conversion,"scanf(""%s %s"", subject, tag);"
/home/yichen/Desktop/Qwen_Baseline06/F023.c,34,high,confirmed,memory,memory_string,input,scanf_unbounded_string_conversion,scanf format contains unbounded %s conversion,"scanf(""%s %s"", subject, tag);"
/home/yichen/Desktop/Qwen_Baseline06/F023.c,49,high,confirmed,memory,memory_string,input,scanf_unbounded_string_conversion,scanf format contains unbounded %s conversion,"scanf(""%s"", subject);"
/home/yichen/Desktop/Qwen_Baseline06/F023.c,63,high,confirmed,memory,memory_string,input,scanf_unbounded_string_conversion,scanf format contains unbounded %s conversion,"scanf(""%s"", tag);"
/home/yichen/Desktop/Qwen_Baseline06/F023.c,17,medium,likely,memory,memory_heap,memory,realloc_direct_assign,realloc result is assigned directly to the original pointer,"mails = realloc(mails, (n_mail+1)*sizeof(Mail));"
/home/yichen/Desktop/Qwen_Baseline06/F023.c,17,medium,review,memory,memory_integer,integer,allocation_size_without_overflow_guard,allocation size multiplication has no visible overflow guard,"mails = realloc(mails, (n_mail+1)*sizeof(Mail));"
/home/yichen/Desktop/Qwen_Baseline06/F023.c,18,medium,likely,memory,memory_heap,memory,unchecked_allocation:strdup,strdup result does not appear to be checked for NULL nearby,mails[n_mail].sender = strdup(sender);
/home/yichen/Desktop/Qwen_Baseline06/F023.c,19,medium,likely,memory,memory_heap,memory,unchecked_allocation:strdup,strdup result does not appear to be checked for NULL nearby,mails[n_mail].subject = strdup(subject);
/home/yichen/Desktop/Qwen_Baseline06/F023.c,20,medium,likely,memory,memory_heap,memory,unchecked_allocation:strdup,strdup result does not appear to be checked for NULL nearby,mails[n_mail].body = strdup(body);
/home/yichen/Desktop/Qwen_Baseline06/F023.c,28,medium,likely,memory,memory_heap,memory,realloc_direct_assign,realloc result is assigned directly to the original pointer,"mails[i].tags = realloc(mails[i].tags, (mails[i].n_tag+1)*sizeof(char*));"
/home/yichen/Desktop/Qwen_Baseline06/F023.c,15,medium,confirmed,memory,memory_copy,memory,tainted_sink:memmove,externally controlled input appears to reach memmove argument 2,"while(body[0]==' ') memmove(body, body+1, strlen(body));"
/home/yichen/Desktop/Qwen_Baseline06/F024.c,16,high,confirmed,memory,memory_string,input,scanf_unbounded_string_conversion,scanf format contains unbounded %s conversion,"while(scanf(""%s"", cmd)==1 && strcmp(cmd, ""END"")) {"
/home/yichen/Desktop/Qwen_Baseline06/F024.c,18,high,confirmed,memory,memory_string,input,scanf_unbounded_string_conversion,scanf format contains unbounded %s conversion,"scanf(""%s %s"", title, year);"
/home/yichen/Desktop/Qwen_Baseline06/F024.c,26,high,confirmed,memory,memory_string,input,scanf_unbounded_string_conversion,scanf format contains unbounded %s conversion,"scanf(""%s %s"", title, name);"
/home/yichen/Desktop/Qwen_Baseline06/F024.c,33,high,confirmed,memory,memory_string,input,scanf_unbounded_string_conversion,scanf format contains unbounded %s conversion,"scanf(""%s %s"", title, name);"
/home/yichen/Desktop/Qwen_Baseline06/F024.c,46,high,confirmed,memory,memory_string,input,scanf_unbounded_string_conversion,scanf format contains unbounded %s conversion,"scanf(""%s"", title);"
/home/yichen/Desktop/Qwen_Baseline06/F024.c,57,high,confirmed,memory,memory_string,input,scanf_unbounded_string_conversion,scanf format contains unbounded %s conversion,"scanf(""%s"", title);"
/home/yichen/Desktop/Qwen_Baseline06/F024.c,19,medium,likely,memory,memory_heap,memory,realloc_direct_assign,realloc result is assigned directly to the original pointer,"books = realloc(books, (n_book+1)*sizeof(Book));"
/home/yichen/Desktop/Qwen_Baseline06/F024.c,20,medium,likely,memory,memory_heap,memory,unchecked_allocation:strdup,strdup result does not appear to be checked for NULL nearby,books[n_book].title = strdup(title);
/home/yichen/Desktop/Qwen_Baseline06/F024.c,21,medium,likely,memory,memory_heap,memory,unchecked_allocation:strdup,strdup result does not appear to be checked for NULL nearby,books[n_book].year = strdup(year);
/home/yichen/Desktop/Qwen_Baseline06/F024.c,29,medium,likely,memory,memory_heap,memory,realloc_direct_assign,realloc result is assigned directly to the original pointer,"books[i].authors = realloc(books[i].authors, (books[i].n_auth+1)*sizeof(char*));"
/home/yichen/Desktop/Qwen_Baseline06/F025.c,33,medium,review,memory,memory_copy,memory,dangerous_function:memmove,memmove requires a destination bound that is not proven here,"while(note[0]==' ') memmove(note, note+1, strlen(note));"
/home/yichen/Desktop/Qwen_Baseline06/F025.c,22,high,confirmed,memory,memory_string,input,scanf_unbounded_string_conversion,scanf format contains unbounded %s conversion,"while(scanf(""%s"", cmd)==1 && strcmp(cmd, ""END"")) {"
/home/yichen/Desktop/Qwen_Baseline06/F025.c,24,high,confirmed,memory,memory_string,input,scanf_unbounded_string_conversion,scanf format contains unbounded %s conversion,"scanf(""%s"", c1);"
/home/yichen/Desktop/Qwen_Baseline06/F025.c,31,high,confirmed,memory,memory_string,input,scanf_unbounded_string_conversion,scanf format contains unbounded %s conversion,"scanf(""%s %s"", c1, name);"
/home/yichen/Desktop/Qwen_Baseline06/F025.c,43,high,confirmed,memory,memory_string,input,scanf_unbounded_string_conversion,scanf format contains unbounded %s conversion,"scanf(""%s %s %s"", c1, c2, name);"
/home/yichen/Desktop/Qwen_Baseline06/F025.c,56,high,confirmed,memory,memory_string,input,scanf_unbounded_string_conversion,scanf format contains unbounded %s conversion,"scanf(""%s %s"", c1, name);"
/home/yichen/Desktop/Qwen_Baseline06/F025.c,68,high,confirmed,memory,memory_string,input,scanf_unbounded_string_conversion,scanf format contains unbounded %s conversion,"scanf(""%s"", c1);"
/home/yichen/Desktop/Qwen_Baseline06/F025.c,25,medium,likely,memory,memory_heap,memory,realloc_direct_assign,realloc result is assigned directly to the original pointer,"classes = realloc(classes, (n_class+1)*sizeof(Class));"
/home/yichen/Desktop/Qwen_Baseline06/F025.c,26,medium,likely,memory,memory_heap,memory,unchecked_allocation:strdup,strdup result does not appear to be checked for NULL nearby,classes[n_class].name = strdup(c1);
/home/yichen/Desktop/Qwen_Baseline06/F025.c,37,medium,likely,memory,memory_heap,memory,realloc_direct_assign,realloc result is assigned directly to the original pointer,"classes[i].stus = realloc(classes[i].stus, (classes[i].n_stu+1)*sizeof(Stu));"
/home/yichen/Desktop/Qwen_Baseline06/F025.c,38,medium,likely,memory,memory_heap,memory,unchecked_allocation:strdup,strdup result does not appear to be checked for NULL nearby,classes[i].stus[classes[i].n_stu].name = strdup(name);
/home/yichen/Desktop/Qwen_Baseline06/F025.c,39,medium,likely,memory,memory_heap,memory,unchecked_allocation:strdup,strdup result does not appear to be checked for NULL nearby,classes[i].stus[classes[i].n_stu].note = strdup(note);
/home/yichen/Desktop/Qwen_Baseline06/F025.c,48,medium,likely,memory,memory_heap,memory,realloc_direct_assign,realloc result is assigned directly to the original pointer,"classes[i2].stus = realloc(classes[i2].stus, (classes[i2].n_stu+1)*sizeof(Stu));"
/home/yichen/Desktop/Qwen_Baseline06/F025.c,33,medium,confirmed,memory,memory_copy,memory,tainted_sink:memmove,externally controlled input appears to reach memmove argument 2,"while(note[0]==' ') memmove(note, note+1, strlen(note));"
/home/yichen/Desktop/Qwen_Baseline06/F026.c,15,medium,review,memory,memory_copy,memory,dangerous_function:memmove,memmove requires a destination bound that is not proven here,"while(text[0]==' ') memmove(text, text+1, strlen(text));"
/home/yichen/Desktop/Qwen_Baseline06/F026.c,11,high,confirmed,memory,memory_string,input,scanf_unbounded_string_conversion,scanf format contains unbounded %s conversion,"while(scanf(""%s"", cmd)==1 && strcmp(cmd, ""END"")) {"
/home/yichen/Desktop/Qwen_Baseline06/F026.c,13,high,confirmed,memory,memory_string,input,scanf_unbounded_string_conversion,scanf format contains unbounded %s conversion,"scanf(""%s"", cat);"
/home/yichen/Desktop/Qwen_Baseline06/F026.c,22,high,confirmed,memory,memory_string,input,scanf_unbounded_string_conversion,scanf format contains unbounded %s conversion,"scanf(""%s"", cat);"
/home/yichen/Desktop/Qwen_Baseline06/F026.c,32,high,confirmed,memory,memory_string,input,scanf_unbounded_string_conversion,scanf format contains unbounded %s conversion,"scanf(""%s"", cat);"
/home/yichen/Desktop/Qwen_Baseline06/F026.c,42,high,confirmed,memory,memory_string,input,scanf_unbounded_string_conversion,scanf format contains unbounded %s conversion,"scanf(""%s"", word);"
/home/yichen/Desktop/Qwen_Baseline06/F026.c,17,medium,likely,memory,memory_heap,memory,realloc_direct_assign,realloc result is assigned directly to the original pointer,"notes = realloc(notes, (n_note+1)*sizeof(Note));"
/home/yichen/Desktop/Qwen_Baseline06/F026.c,17,medium,review,memory,memory_integer,integer,allocation_size_without_overflow_guard,allocation size multiplication has no visible overflow guard,"notes = realloc(notes, (n_note+1)*sizeof(Note));"
/home/yichen/Desktop/Qwen_Baseline06/F026.c,18,medium,likely,memory,memory_heap,memory,unchecked_allocation:strdup,strdup result does not appear to be checked for NULL nearby,notes[n_note].cat = strdup(cat);
/home/yichen/Desktop/Qwen_Baseline06/F026.c,19,medium,likely,memory,memory_heap,memory,unchecked_allocation:strdup,strdup result does not appear to be checked for NULL nearby,notes[n_note].text = strdup(text);
/home/yichen/Desktop/Qwen_Baseline06/F026.c,15,medium,confirmed,memory,memory_copy,memory,tainted_sink:memmove,externally controlled input appears to reach memmove argument 2,"while(text[0]==' ') memmove(text, text+1, strlen(text));"
/home/yichen/Desktop/Qwen_Baseline06/F027.c,24,medium,review,memory,memory_copy,memory,dangerous_function:memmove,memmove requires a destination bound that is not proven here,"while(note[0]==' ') memmove(note, note+1, strlen(note));"
/home/yichen/Desktop/Qwen_Baseline06/F027.c,47,low,review,memory,memory_copy,memory,dangerous_function:memcpy,memcpy requires a destination bound that is not proven here,"memcpy(tmp, rems, n_rem * sizeof(Rem));"
/home/yichen/Desktop/Qwen_Baseline06/F027.c,20,high,confirmed,memory,memory_string,input,scanf_unbounded_string_conversion,scanf format contains unbounded %s conversion,"while(scanf(""%s"", cmd)==1 && strcmp(cmd, ""END"")) {"
/home/yichen/Desktop/Qwen_Baseline06/F027.c,22,high,confirmed,memory,memory_string,input,scanf_unbounded_string_conversion,scanf format contains unbounded %s conversion,"scanf(""%d %s"", &pri, title);"
/home/yichen/Desktop/Qwen_Baseline06/F027.c,32,high,confirmed,memory,memory_string,input,scanf_unbounded_string_conversion,scanf format contains unbounded %s conversion,"scanf(""%s %d"", title, &delta);"
/home/yichen/Desktop/Qwen_Baseline06/F027.c,36,high,confirmed,memory,memory_string,input,scanf_unbounded_string_conversion,scanf format contains unbounded %s conversion,"scanf(""%s"", title);"
/home/yichen/Desktop/Qwen_Baseline06/F027.c,26,medium,likely,memory,memory_heap,memory,realloc_direct_assign,realloc result is assigned directly to the original pointer,"rems = realloc(rems, (n_rem+1)*sizeof(Rem));"
/home/yichen/Desktop/Qwen_Baseline06/F027.c,26,medium,review,memory,memory_integer,integer,allocation_size_without_overflow_guard,allocation size multiplication has no visible overflow guard,"rems = realloc(rems, (n_rem+1)*sizeof(Rem));"
/home/yichen/Desktop/Qwen_Baseline06/F027.c,28,medium,likely,memory,memory_heap,memory,unchecked_allocation:strdup,strdup result does not appear to be checked for NULL nearby,rems[n_rem].title = strdup(title);
/home/yichen/Desktop/Qwen_Baseline06/F027.c,29,medium,likely,memory,memory_heap,memory,unchecked_allocation:strdup,strdup result does not appear to be checked for NULL nearby,rems[n_rem].note = strdup(note);
/home/yichen/Desktop/Qwen_Baseline06/F027.c,46,medium,likely,memory,memory_heap,memory,unchecked_allocation:malloc,malloc result does not appear to be checked for NULL nearby,Rem *tmp = malloc(n_rem * sizeof(Rem));
/home/yichen/Desktop/Qwen_Baseline06/F027.c,24,medium,confirmed,memory,memory_copy,memory,tainted_sink:memmove,externally controlled input appears to reach memmove argument 2,"while(note[0]==' ') memmove(note, note+1, strlen(note));"
/home/yichen/Desktop/Qwen_Baseline06/F028.c,20,medium,review,memory,memory_copy,memory,dangerous_function:memmove,memmove requires a destination bound that is not proven here,"while(note[0]==' ') memmove(note, note+1, strlen(note));"
/home/yichen/Desktop/Qwen_Baseline06/F028.c,29,medium,review,memory,memory_copy,memory,dangerous_function:memmove,memmove requires a destination bound that is not proven here,"while(note[0]==' ') memmove(note, note+1, strlen(note));"
/home/yichen/Desktop/Qwen_Baseline06/F028.c,16,high,confirmed,memory,memory_string,input,scanf_unbounded_string_conversion,scanf format contains unbounded %s conversion,"while(scanf(""%s"", cmd)==1 && strcmp(cmd, ""END"")) {"
/home/yichen/Desktop/Qwen_Baseline06/F028.c,18,high,confirmed,memory,memory_string,input,scanf_unbounded_string_conversion,scanf format contains unbounded %s conversion,"scanf(""%s"", stop);"
/home/yichen/Desktop/Qwen_Baseline06/F028.c,27,high,confirmed,memory,memory_string,input,scanf_unbounded_string_conversion,scanf format contains unbounded %s conversion,"scanf(""%d %s"", &idx, stop);"
/home/yichen/Desktop/Qwen_Baseline06/F028.c,58,high,confirmed,memory,memory_string,input,scanf_unbounded_string_conversion,scanf format contains unbounded %s conversion,"scanf(""%s"", stop);"
/home/yichen/Desktop/Qwen_Baseline06/F028.c,22,medium,likely,memory,memory_heap,memory,realloc_direct_assign,realloc result is assigned directly to the original pointer,"stops = realloc(stops, (n_stop+1)*sizeof(Stop));"
/home/yichen/Desktop/Qwen_Baseline06/F028.c,22,medium,review,memory,memory_integer,integer,allocation_size_without_overflow_guard,allocation size multiplication has no visible overflow guard,"stops = realloc(stops, (n_stop+1)*sizeof(Stop));"
/home/yichen/Desktop/Qwen_Baseline06/F028.c,23,medium,likely,memory,memory_heap,memory,unchecked_allocation:strdup,strdup result does not appear to be checked for NULL nearby,stops[n_stop].stop = strdup(stop);
/home/yichen/Desktop/Qwen_Baseline06/F028.c,24,medium,likely,memory,memory_heap,memory,unchecked_allocation:strdup,strdup result does not appear to be checked for NULL nearby,stops[n_stop].note = strdup(note);
/home/yichen/Desktop/Qwen_Baseline06/F028.c,32,medium,likely,memory,memory_heap,memory,realloc_direct_assign,realloc result is assigned directly to the original pointer,"stops = realloc(stops, (n_stop+1)*sizeof(Stop));"
/home/yichen/Desktop/Qwen_Baseline06/F028.c,34,medium,likely,memory,memory_heap,memory,unchecked_allocation:strdup,strdup result does not appear to be checked for NULL nearby,stops[idx].stop = strdup(stop);
/home/yichen/Desktop/Qwen_Baseline06/F028.c,35,medium,likely,memory,memory_heap,memory,unchecked_allocation:strdup,strdup result does not appear to be checked for NULL nearby,stops[idx].note = strdup(note);
/home/yichen/Desktop/Qwen_Baseline06/F028.c,20,medium,confirmed,memory,memory_copy,memory,tainted_sink:memmove,externally controlled input appears to reach memmove argument 2,"while(note[0]==' ') memmove(note, note+1, strlen(note));"
/home/yichen/Desktop/Qwen_Baseline06/F028.c,29,medium,confirmed,memory,memory_copy,memory,tainted_sink:memmove,externally controlled input appears to reach memmove argument 2,"while(note[0]==' ') memmove(note, note+1, strlen(note));"
/home/yichen/Desktop/Qwen_Baseline06/F029.c,11,high,confirmed,memory,memory_string,input,scanf_unbounded_string_conversion,scanf format contains unbounded %s conversion,"while(scanf(""%s"", cmd)==1 && strcmp(cmd, ""END"")) {"
/home/yichen/Desktop/Qwen_Baseline06/F029.c,13,high,confirmed,memory,memory_string,input,scanf_unbounded_string_conversion,scanf format contains unbounded %s conversion,"scanf(""%s %s"", key, val);"
/home/yichen/Desktop/Qwen_Baseline06/F029.c,32,high,confirmed,memory,memory_string,input,scanf_unbounded_string_conversion,scanf format contains unbounded %s conversion,"scanf(""%s"", key);"
/home/yichen/Desktop/Qwen_Baseline06/F029.c,42,high,confirmed,memory,memory_string,input,scanf_unbounded_string_conversion,scanf format contains unbounded %s conversion,"scanf(""%s"", key);"
/home/yichen/Desktop/Qwen_Baseline06/F029.c,14,medium,likely,memory,memory_heap,memory,realloc_direct_assign,realloc result is assigned directly to the original pointer,"recs = realloc(recs, (n_rec+1)*sizeof(Rec));"
/home/yichen/Desktop/Qwen_Baseline06/F029.c,15,medium,likely,memory,memory_heap,memory,unchecked_allocation:strdup,strdup result does not appear to be checked for NULL nearby,recs[n_rec].key = strdup(key);
/home/yichen/Desktop/Qwen_Baseline06/F029.c,16,medium,likely,memory,memory_heap,memory,unchecked_allocation:strdup,strdup result does not appear to be checked for NULL nearby,recs[n_rec].val = strdup(val);
/home/yichen/Desktop/Qwen_Baseline06/F030.c,33,high,confirmed,memory,memory_string,dangerous_function,dangerous_function:strcat,"strcat depends on remaining destination capacity, which is not proven here","strcat(res, rules[k].new);"
/home/yichen/Desktop/Qwen_Baseline06/F030.c,37,high,confirmed,memory,memory_string,dangerous_function,dangerous_function:strcat,"strcat depends on remaining destination capacity, which is not proven here","strcat(res, tmp);"
/home/yichen/Desktop/Qwen_Baseline06/F030.c,16,high,confirmed,memory,memory_string,input,scanf_unbounded_string_conversion,scanf format contains unbounded %s conversion,"while(scanf(""%s"", cmd)==1 && strcmp(cmd, ""END"")) {"
/home/yichen/Desktop/Qwen_Baseline06/F030.c,18,high,confirmed,memory,memory_string,input,scanf_unbounded_string_conversion,scanf format contains unbounded %s conversion,"scanf(""%s %s"", old, nw);"
/home/yichen/Desktop/Qwen_Baseline06/F030.c,24,high,confirmed,memory,memory_string,input,scanf_unbounded_string_conversion,scanf format contains unbounded %s conversion,"scanf(""%s"", text);"
/home/yichen/Desktop/Qwen_Baseline06/F030.c,48,high,confirmed,memory,memory_string,input,scanf_unbounded_string_conversion,scanf format contains unbounded %s conversion,"scanf(""%s"", old);"
/home/yichen/Desktop/Qwen_Baseline06/F030.c,19,medium,likely,memory,memory_heap,memory,realloc_direct_assign,realloc result is assigned directly to the original pointer,"rules = realloc(rules, (n_rule+1)*sizeof(Rule));"
/home/yichen/Desktop/Qwen_Baseline06/F030.c,20,medium,likely,memory,memory_heap,memory,unchecked_allocation:strdup,strdup result does not appear to be checked for NULL nearby,rules[n_rule].old = strdup(old);
/home/yichen/Desktop/Qwen_Baseline06/F030.c,21,medium,likely,memory,memory_heap,memory,unchecked_allocation:strdup,strdup result does not appear to be checked for NULL nearby,rules[n_rule].new = strdup(nw);
/home/yichen/Desktop/Qwen_Baseline06/F030.c,33,high,confirmed,memory,memory_string,string,tainted_sink:strcat,externally controlled input appears to reach strcat argument 2,"strcat(res, rules[k].new);"
/home/yichen/Desktop/Qwen_Baseline06/F030.c,37,high,confirmed,memory,memory_string,string,tainted_sink:strcat,externally controlled input appears to reach strcat argument 2,"strcat(res, tmp);"
/home/yichen/Desktop/Qwen_Baseline06/F031.c,24,medium,review,memory,memory_copy,memory,dangerous_function:memmove,memmove requires a destination bound that is not proven here,"while(note[0]==' ') memmove(note, note+1, strlen(note));"
/home/yichen/Desktop/Qwen_Baseline06/F031.c,16,high,confirmed,memory,memory_string,input,scanf_unbounded_string_conversion,scanf format contains unbounded %s conversion,"while(scanf(""%s"", cmd)==1 && strcmp(cmd, ""END"")) {"
/home/yichen/Desktop/Qwen_Baseline06/F031.c,22,high,confirmed,memory,memory_string,input,scanf_unbounded_string_conversion,scanf format contains unbounded %s conversion,"if(scanf(""%s"", tmp[i].name) != 1) { valid = 0; break; }"
/home/yichen/Desktop/Qwen_Baseline06/F031.c,36,high,confirmed,memory,memory_string,input,scanf_unbounded_string_conversion,scanf format contains unbounded %s conversion,"scanf(""%s"", name);"
/home/yichen/Desktop/Qwen_Baseline06/F031.c,45,high,confirmed,memory,memory_string,input,scanf_unbounded_string_conversion,scanf format contains unbounded %s conversion,"scanf(""%s"", name);"
/home/yichen/Desktop/Qwen_Baseline06/F031.c,19,medium,likely,memory,memory_heap,memory,unchecked_allocation:malloc,malloc result does not appear to be checked for NULL nearby,Rec *tmp = malloc(n * sizeof(Rec));
/home/yichen/Desktop/Qwen_Baseline06/F031.c,26,medium,likely,memory,memory_heap,memory,unchecked_allocation:strdup,strdup result does not appear to be checked for NULL nearby,tmp[i].note = strdup(note);
/home/yichen/Desktop/Qwen_Baseline06/F031.c,29,medium,likely,memory,memory_heap,memory,realloc_direct_assign,realloc result is assigned directly to the original pointer,"recs = realloc(recs, (n_rec+n)*sizeof(Rec));"
/home/yichen/Desktop/Qwen_Baseline06/F031.c,24,medium,confirmed,memory,memory_copy,memory,tainted_sink:memmove,externally controlled input appears to reach memmove argument 2,"while(note[0]==' ') memmove(note, note+1, strlen(note));"
/home/yichen/Desktop/Qwen_Baseline06/F032.c,22,medium,review,memory,memory_copy,memory,dangerous_function:memmove,memmove requires a destination bound that is not proven here,"while(val[0]==' ') memmove(val, val+1, strlen(val));"
/home/yichen/Desktop/Qwen_Baseline06/F032.c,33,medium,review,memory,memory_copy,memory,dangerous_function:memmove,memmove requires a destination bound that is not proven here,"while(val[0]==' ') memmove(val, val+1, strlen(val));"
/home/yichen/Desktop/Qwen_Baseline06/F032.c,18,high,confirmed,memory,memory_string,input,scanf_unbounded_string_conversion,scanf format contains unbounded %s conversion,"while(scanf(""%s"", cmd)==1 && strcmp(cmd, ""END"")) {"
/home/yichen/Desktop/Qwen_Baseline06/F032.c,20,high,confirmed,memory,memory_string,input,scanf_unbounded_string_conversion,scanf format contains unbounded %s conversion,"scanf(""%s"", key);"
/home/yichen/Desktop/Qwen_Baseline06/F032.c,31,high,confirmed,memory,memory_string,input,scanf_unbounded_string_conversion,scanf format contains unbounded %s conversion,"scanf(""%s"", key);"
/home/yichen/Desktop/Qwen_Baseline06/F032.c,53,high,confirmed,memory,memory_string,input,scanf_unbounded_string_conversion,scanf format contains unbounded %s conversion,"scanf(""%s"", key);"
/home/yichen/Desktop/Qwen_Baseline06/F032.c,25,medium,likely,memory,memory_heap,memory,unchecked_allocation:strdup,strdup result does not appear to be checked for NULL nearby,if(idx != -1) { free(sets[idx].val); sets[idx].val = strdup(val); }
/home/yichen/Desktop/Qwen_Baseline06/F032.c,26,medium,likely,memory,memory_heap,memory,realloc_direct_assign,realloc result is assigned directly to the original pointer,"else { sets = realloc(sets, (n_set+1)*sizeof(Set)); sets[n_set].key=strdup(key); sets[n_set].val=strdup(val); n_set++; }"
/home/yichen/Desktop/Qwen_Baseline06/F032.c,26,medium,likely,memory,memory_heap,memory,unchecked_allocation:strdup,strdup result does not appear to be checked for NULL nearby,"else { sets = realloc(sets, (n_set+1)*sizeof(Set)); sets[n_set].key=strdup(key); sets[n_set].val=strdup(val); n_set++; }"
/home/yichen/Desktop/Qwen_Baseline06/F032.c,35,medium,likely,memory,memory_heap,memory,realloc_direct_assign,realloc result is assigned directly to the original pointer,"tsets = realloc(tsets, (n_tset+1)*sizeof(Set));"
/home/yichen/Desktop/Qwen_Baseline06/F032.c,35,medium,review,memory,memory_integer,integer,allocation_size_without_overflow_guard,allocation size multiplication has no visible overflow guard,"tsets = realloc(tsets, (n_tset+1)*sizeof(Set));"
/home/yichen/Desktop/Qwen_Baseline06/F032.c,36,medium,likely,memory,memory_heap,memory,unchecked_allocation:strdup,strdup result does not appear to be checked for NULL nearby,tsets[n_tset].key = strdup(key);
/home/yichen/Desktop/Qwen_Baseline06/F032.c,37,medium,likely,memory,memory_heap,memory,unchecked_allocation:strdup,strdup result does not appear to be checked for NULL nearby,tsets[n_tset].val = strdup(val);
/home/yichen/Desktop/Qwen_Baseline06/F032.c,43,medium,likely,memory,memory_heap,memory,realloc_direct_assign,realloc result is assigned directly to the original pointer,"else { sets = realloc(sets, (n_set+1)*sizeof(Set)); sets[n_set]=tsets[i]; n_set++; }"
/home/yichen/Desktop/Qwen_Baseline06/F032.c,22,medium,confirmed,memory,memory_copy,memory,tainted_sink:memmove,externally controlled input appears to reach memmove argument 2,"while(val[0]==' ') memmove(val, val+1, strlen(val));"
/home/yichen/Desktop/Qwen_Baseline06/F032.c,33,medium,confirmed,memory,memory_copy,memory,tainted_sink:memmove,externally controlled input appears to reach memmove argument 2,"while(val[0]==' ') memmove(val, val+1, strlen(val));"
/home/yichen/Desktop/Qwen_Baseline06/F033.c,16,high,confirmed,memory,memory_string,input,scanf_unbounded_string_conversion,scanf format contains unbounded %s conversion,"while(scanf(""%s"", cmd)==1 && strcmp(cmd, ""END"")) {"
/home/yichen/Desktop/Qwen_Baseline06/F033.c,18,high,confirmed,memory,memory_string,input,scanf_unbounded_string_conversion,scanf format contains unbounded %s conversion,"scanf(""%s %s %s %s"", id, name, dept, title);"
/home/yichen/Desktop/Qwen_Baseline06/F033.c,26,high,confirmed,memory,memory_string,input,scanf_unbounded_string_conversion,scanf format contains unbounded %s conversion,"scanf(""%s %s %s %s"", id, name, dept, title);"
/home/yichen/Desktop/Qwen_Baseline06/F033.c,35,high,confirmed,memory,memory_string,input,scanf_unbounded_string_conversion,scanf format contains unbounded %s conversion,"scanf(""%s"", id);"
/home/yichen/Desktop/Qwen_Baseline06/F033.c,43,high,confirmed,memory,memory_string,input,scanf_unbounded_string_conversion,scanf format contains unbounded %s conversion,"scanf(""%s"", id);"
/home/yichen/Desktop/Qwen_Baseline06/F033.c,19,medium,likely,memory,memory_heap,memory,realloc_direct_assign,realloc result is assigned directly to the original pointer,"emps = realloc(emps, (n_emp+1)*sizeof(Emp));"
/home/yichen/Desktop/Qwen_Baseline06/F033.c,20,medium,likely,memory,memory_heap,memory,unchecked_allocation:strdup,strdup result does not appear to be checked for NULL nearby,emps[n_emp].id = strdup(id);
/home/yichen/Desktop/Qwen_Baseline06/F033.c,21,medium,likely,memory,memory_heap,memory,unchecked_allocation:strdup,strdup result does not appear to be checked for NULL nearby,emps[n_emp].name = strdup(name);
/home/yichen/Desktop/Qwen_Baseline06/F033.c,22,medium,likely,memory,memory_heap,memory,unchecked_allocation:strdup,strdup result does not appear to be checked for NULL nearby,emps[n_emp].dept = strdup(dept);
/home/yichen/Desktop/Qwen_Baseline06/F033.c,23,medium,likely,memory,memory_heap,memory,unchecked_allocation:strdup,strdup result does not appear to be checked for NULL nearby,emps[n_emp].title = strdup(title);
/home/yichen/Desktop/Qwen_Baseline06/F033.c,30,medium,likely,memory,memory_heap,memory,unchecked_allocation:strdup,strdup result does not appear to be checked for NULL nearby,emps[idx].name = strdup(name);
/home/yichen/Desktop/Qwen_Baseline06/F033.c,31,medium,likely,memory,memory_heap,memory,unchecked_allocation:strdup,strdup result does not appear to be checked for NULL nearby,emps[idx].dept = strdup(dept);
/home/yichen/Desktop/Qwen_Baseline06/F033.c,32,medium,likely,memory,memory_heap,memory,unchecked_allocation:strdup,strdup result does not appear to be checked for NULL nearby,emps[idx].title = strdup(title);
/home/yichen/Desktop/Qwen_Baseline06/F034.c,40,medium,review,memory,memory_copy,memory,dangerous_function:memmove,memmove requires a destination bound that is not proven here,"while(note[0]==' ') memmove(note, note+1, strlen(note));"
/home/yichen/Desktop/Qwen_Baseline06/F034.c,34,high,confirmed,memory,memory_string,input,scanf_unbounded_string_conversion,scanf format contains unbounded %s conversion,"while(scanf(""%s"", cmd)==1 && strcmp(cmd, ""END"")) {"
/home/yichen/Desktop/Qwen_Baseline06/F034.c,38,high,confirmed,memory,memory_string,input,scanf_unbounded_string_conversion,scanf format contains unbounded %s conversion,"scanf(""%s"", name);"
/home/yichen/Desktop/Qwen_Baseline06/F034.c,47,high,confirmed,memory,memory_string,input,scanf_unbounded_string_conversion,scanf format contains unbounded %s conversion,"scanf(""%s"", name);"
/home/yichen/Desktop/Qwen_Baseline06/F034.c,19,medium,likely,memory,memory_heap,memory,realloc_direct_assign,realloc result is assigned directly to the original pointer,"tmp = realloc(tmp, (n_tmp+1)*sizeof(Note));"
/home/yichen/Desktop/Qwen_Baseline06/F034.c,20,medium,likely,memory,memory_heap,memory,unchecked_allocation:strdup,strdup result does not appear to be checked for NULL nearby,tmp[n_tmp].name = strdup(line);
/home/yichen/Desktop/Qwen_Baseline06/F034.c,21,medium,likely,memory,memory_heap,memory,unchecked_allocation:strdup,strdup result does not appear to be checked for NULL nearby,tmp[n_tmp].note = strdup(sp+1);
/home/yichen/Desktop/Qwen_Baseline06/F034.c,42,medium,likely,memory,memory_heap,memory,realloc_direct_assign,realloc result is assigned directly to the original pointer,"notes = realloc(notes, (n_note+1)*sizeof(Note));"
/home/yichen/Desktop/Qwen_Baseline06/F034.c,42,medium,review,memory,memory_integer,integer,allocation_size_without_overflow_guard,allocation size multiplication has no visible overflow guard,"notes = realloc(notes, (n_note+1)*sizeof(Note));"
/home/yichen/Desktop/Qwen_Baseline06/F034.c,43,medium,likely,memory,memory_heap,memory,unchecked_allocation:strdup,strdup result does not appear to be checked for NULL nearby,notes[n_note].name = strdup(name);
/home/yichen/Desktop/Qwen_Baseline06/F034.c,44,medium,likely,memory,memory_heap,memory,unchecked_allocation:strdup,strdup result does not appear to be checked for NULL nearby,notes[n_note].note = strdup(note);
/home/yichen/Desktop/Qwen_Baseline06/F034.c,40,medium,confirmed,memory,memory_copy,memory,tainted_sink:memmove,externally controlled input appears to reach memmove argument 2,"while(note[0]==' ') memmove(note, note+1, strlen(note));"
/home/yichen/Desktop/Qwen_Baseline06/F035.c,20,medium,review,memory,memory_copy,memory,dangerous_function:memmove,memmove requires a destination bound that is not proven here,"while(payload[0]==' ') memmove(payload, payload+1, strlen(payload));"
/home/yichen/Desktop/Qwen_Baseline06/F035.c,16,high,confirmed,memory,memory_string,input,scanf_unbounded_string_conversion,scanf format contains unbounded %s conversion,"while(scanf(""%s"", cmd)==1 && strcmp(cmd, ""END"")) {"
/home/yichen/Desktop/Qwen_Baseline06/F035.c,18,high,confirmed,memory,memory_string,input,scanf_unbounded_string_conversion,scanf format contains unbounded %s conversion,"scanf(""%s"", name);"
/home/yichen/Desktop/Qwen_Baseline06/F035.c,27,high,confirmed,memory,memory_string,input,scanf_unbounded_string_conversion,scanf format contains unbounded %s conversion,"scanf(""%s %s"", old, nw);"
/home/yichen/Desktop/Qwen_Baseline06/F035.c,36,high,confirmed,memory,memory_string,input,scanf_unbounded_string_conversion,scanf format contains unbounded %s conversion,"scanf(""%s"", name);"
/home/yichen/Desktop/Qwen_Baseline06/F035.c,44,high,confirmed,memory,memory_string,input,scanf_unbounded_string_conversion,scanf format contains unbounded %s conversion,"scanf(""%s"", name);"
/home/yichen/Desktop/Qwen_Baseline06/F035.c,22,medium,likely,memory,memory_heap,memory,realloc_direct_assign,realloc result is assigned directly to the original pointer,"jobs = realloc(jobs, (n_job+1)*sizeof(Job));"
/home/yichen/Desktop/Qwen_Baseline06/F035.c,22,medium,review,memory,memory_integer,integer,allocation_size_without_overflow_guard,allocation size multiplication has no visible overflow guard,"jobs = realloc(jobs, (n_job+1)*sizeof(Job));"
/home/yichen/Desktop/Qwen_Baseline06/F035.c,23,medium,likely,memory,memory_heap,memory,unchecked_allocation:strdup,strdup result does not appear to be checked for NULL nearby,jobs[n_job].name = strdup(name);
/home/yichen/Desktop/Qwen_Baseline06/F035.c,24,medium,likely,memory,memory_heap,memory,unchecked_allocation:strdup,strdup result does not appear to be checked for NULL nearby,jobs[n_job].payload = strdup(payload);
/home/yichen/Desktop/Qwen_Baseline06/F035.c,30,medium,likely,memory,memory_heap,memory,realloc_direct_assign,realloc result is assigned directly to the original pointer,"jobs = realloc(jobs, (n_job+1)*sizeof(Job));"
/home/yichen/Desktop/Qwen_Baseline06/F035.c,31,medium,likely,memory,memory_heap,memory,unchecked_allocation:strdup,strdup result does not appear to be checked for NULL nearby,jobs[n_job].name = strdup(nw);
/home/yichen/Desktop/Qwen_Baseline06/F035.c,32,medium,likely,memory,memory_heap,memory,unchecked_allocation:strdup,strdup result does not appear to be checked for NULL nearby,jobs[n_job].payload = strdup(jobs[idx].payload);
/home/yichen/Desktop/Qwen_Baseline06/F035.c,20,medium,confirmed,memory,memory_copy,memory,tainted_sink:memmove,externally controlled input appears to reach memmove argument 2,"while(payload[0]==' ') memmove(payload, payload+1, strlen(payload));"
/home/yichen/Desktop/Qwen_Baseline06/F036.c,22,low,review,auxiliary,auxiliary_integer,integer,dangerous_function:atoi,atoi has no reliable error reporting for invalid numeric input,int len = atoi(raw);
/home/yichen/Desktop/Qwen_Baseline06/F036.c,16,high,confirmed,memory,memory_string,input,scanf_unbounded_string_conversion,scanf format contains unbounded %s conversion,"while(scanf(""%s"", cmd)==1 && strcmp(cmd, ""END"")) {"
/home/yichen/Desktop/Qwen_Baseline06/F036.c,18,high,confirmed,memory,memory_string,input,scanf_unbounded_string_conversion,scanf format contains unbounded %s conversion,"scanf(""%s %s"", name, raw);"
/home/yichen/Desktop/Qwen_Baseline06/F036.c,32,high,confirmed,memory,memory_string,input,scanf_unbounded_string_conversion,scanf format contains unbounded %s conversion,"scanf(""%s"", name);"
/home/yichen/Desktop/Qwen_Baseline06/F036.c,40,high,confirmed,memory,memory_string,input,scanf_unbounded_string_conversion,scanf format contains unbounded %s conversion,"scanf(""%s"", name);"
/home/yichen/Desktop/Qwen_Baseline06/F036.c,25,medium,likely,memory,memory_heap,memory,realloc_direct_assign,realloc result is assigned directly to the original pointer,"recs = realloc(recs, (n_rec+1)*sizeof(Rec));"
/home/yichen/Desktop/Qwen_Baseline06/F036.c,26,medium,likely,memory,memory_heap,memory,unchecked_allocation:strdup,strdup result does not appear to be checked for NULL nearby,recs[n_rec].name = strdup(name);
/home/yichen/Desktop/Qwen_Baseline06/F036.c,27,medium,likely,memory,memory_heap,memory,unchecked_allocation:strdup,strdup result does not appear to be checked for NULL nearby,recs[n_rec].data = strdup(data);
/home/yichen/Desktop/Qwen_Baseline06/F037.c,28,high,confirmed,memory,memory_string,input,scanf_unbounded_string_conversion,scanf format contains unbounded %s conversion,"while(scanf(""%s"", cmd)==1 && strcmp(cmd, ""END"")) {"
/home/yichen/Desktop/Qwen_Baseline06/F037.c,30,high,confirmed,memory,memory_string,input,scanf_unbounded_string_conversion,scanf format contains unbounded %s conversion,"scanf(""%s %s"", name, hex);"
/home/yichen/Desktop/Qwen_Baseline06/F037.c,45,high,confirmed,memory,memory_string,input,scanf_unbounded_string_conversion,scanf format contains unbounded %s conversion,"scanf(""%s %s"", name, hex);"
/home/yichen/Desktop/Qwen_Baseline06/F037.c,61,high,confirmed,memory,memory_string,input,scanf_unbounded_string_conversion,scanf format contains unbounded %s conversion,"scanf(""%s %d %d"", name, &offset, &length);"
/home/yichen/Desktop/Qwen_Baseline06/F037.c,70,high,confirmed,memory,memory_string,input,scanf_unbounded_string_conversion,scanf format contains unbounded %s conversion,"scanf(""%s"", name);"
/home/yichen/Desktop/Qwen_Baseline06/F037.c,33,medium,likely,memory,memory_heap,memory,realloc_direct_assign,realloc result is assigned directly to the original pointer,"bufs = realloc(bufs, (n_buf+1)*sizeof(Buf));"
/home/yichen/Desktop/Qwen_Baseline06/F037.c,34,medium,likely,memory,memory_heap,memory,unchecked_allocation:strdup,strdup result does not appear to be checked for NULL nearby,bufs[n_buf].name = strdup(name);
/home/yichen/Desktop/Qwen_Baseline06/F037.c,36,medium,likely,memory,memory_heap,memory,unchecked_allocation:malloc,malloc result does not appear to be checked for NULL nearby,bufs[n_buf].buf = malloc(bufs[n_buf].len);
/home/yichen/Desktop/Qwen_Baseline06/F037.c,51,medium,likely,memory,memory_heap,memory,realloc_direct_assign,realloc result is assigned directly to the original pointer,"bufs[idx].buf = realloc(bufs[idx].buf, bufs[idx].len + add);"
/home/yichen/Desktop/Qwen_Baseline06/F038.c,16,high,confirmed,memory,memory_string,input,scanf_unbounded_string_conversion,scanf format contains unbounded %s conversion,"while(scanf(""%s"", cmd)==1 && strcmp(cmd, ""END"")) {"
/home/yichen/Desktop/Qwen_Baseline06/F038.c,18,high,confirmed,memory,memory_string,input,scanf_unbounded_string_conversion,scanf format contains unbounded %s conversion,"scanf(""%s %s"", name, encoded);"
/home/yichen/Desktop/Qwen_Baseline06/F038.c,24,high,confirmed,memory,memory_string,input,scanf_unbounded_string_conversion,scanf format contains unbounded %s conversion,"scanf(""%s"", name);"
/home/yichen/Desktop/Qwen_Baseline06/F038.c,47,high,confirmed,memory,memory_string,input,scanf_unbounded_string_conversion,scanf format contains unbounded %s conversion,"scanf(""%s"", name);"
/home/yichen/Desktop/Qwen_Baseline06/F038.c,19,medium,likely,memory,memory_heap,memory,realloc_direct_assign,realloc result is assigned directly to the original pointer,"rles = realloc(rles, (n_rle+1)*sizeof(Rle));"
/home/yichen/Desktop/Qwen_Baseline06/F038.c,20,medium,likely,memory,memory_heap,memory,unchecked_allocation:strdup,strdup result does not appear to be checked for NULL nearby,rles[n_rle].name = strdup(name);
/home/yichen/Desktop/Qwen_Baseline06/F038.c,21,medium,likely,memory,memory_heap,memory,unchecked_allocation:strdup,strdup result does not appear to be checked for NULL nearby,rles[n_rle].encoded = strdup(encoded);
/home/yichen/Desktop/Qwen_Baseline06/F039.c,16,high,confirmed,memory,memory_string,input,scanf_unbounded_string_conversion,scanf format contains unbounded %s conversion,"while(scanf(""%s"", cmd)==1 && strcmp(cmd, ""END"")) {"
/home/yichen/Desktop/Qwen_Baseline06/F039.c,18,high,confirmed,memory,memory_string,input,scanf_unbounded_string_conversion,scanf format contains unbounded %s conversion,"scanf(""%s %d %d"", name, &rows, &cols);"
/home/yichen/Desktop/Qwen_Baseline06/F039.c,30,high,confirmed,memory,memory_string,input,scanf_unbounded_string_conversion,scanf format contains unbounded %s conversion,"scanf(""%s %d %d %s"", name, &r, &c, val);"
/home/yichen/Desktop/Qwen_Baseline06/F039.c,37,high,confirmed,memory,memory_string,input,scanf_unbounded_string_conversion,scanf format contains unbounded %s conversion,"scanf(""%s %d %d"", name, &r, &c);"
/home/yichen/Desktop/Qwen_Baseline06/F039.c,44,high,confirmed,memory,memory_string,input,scanf_unbounded_string_conversion,scanf format contains unbounded %s conversion,"scanf(""%s"", name);"
/home/yichen/Desktop/Qwen_Baseline06/F039.c,19,medium,likely,memory,memory_heap,memory,realloc_direct_assign,realloc result is assigned directly to the original pointer,"tabs = realloc(tabs, (n_tab+1)*sizeof(Tab));"
/home/yichen/Desktop/Qwen_Baseline06/F039.c,20,medium,likely,memory,memory_heap,memory,unchecked_allocation:strdup,strdup result does not appear to be checked for NULL nearby,tabs[n_tab].name = strdup(name);
/home/yichen/Desktop/Qwen_Baseline06/F039.c,23,medium,likely,memory,memory_heap,memory,unchecked_allocation:malloc,malloc result does not appear to be checked for NULL nearby,tabs[n_tab].cells = malloc(rows * sizeof(char**));
/home/yichen/Desktop/Qwen_Baseline06/F039.c,23,medium,review,memory,memory_integer,integer,allocation_size_without_overflow_guard,allocation size multiplication has no visible overflow guard,tabs[n_tab].cells = malloc(rows * sizeof(char**));
/home/yichen/Desktop/Qwen_Baseline06/F039.c,25,medium,likely,memory,memory_heap,memory,unchecked_allocation:malloc,malloc result does not appear to be checked for NULL nearby,tabs[n_tab].cells[i] = malloc(cols * sizeof(char*));
/home/yichen/Desktop/Qwen_Baseline06/F039.c,25,medium,review,memory,memory_integer,integer,allocation_size_without_overflow_guard,allocation size multiplication has no visible overflow guard,tabs[n_tab].cells[i] = malloc(cols * sizeof(char*));
/home/yichen/Desktop/Qwen_Baseline06/F040.c,16,high,confirmed,memory,memory_string,input,scanf_unbounded_string_conversion,scanf format contains unbounded %s conversion,"while(scanf(""%s"", cmd)==1 && strcmp(cmd, ""END"")) {"
/home/yichen/Desktop/Qwen_Baseline06/F040.c,18,high,confirmed,memory,memory_string,input,scanf_unbounded_string_conversion,scanf format contains unbounded %s conversion,"scanf(""%s %d %d %s %s"", id, &hlen, &plen, header, payload);"
/home/yichen/Desktop/Qwen_Baseline06/F040.c,29,high,confirmed,memory,memory_string,input,scanf_unbounded_string_conversion,scanf format contains unbounded %s conversion,"scanf(""%s"", id);"
/home/yichen/Desktop/Qwen_Baseline06/F040.c,37,high,confirmed,memory,memory_string,input,scanf_unbounded_string_conversion,scanf format contains unbounded %s conversion,"scanf(""%s"", id);"
/home/yichen/Desktop/Qwen_Baseline06/F040.c,41,high,confirmed,memory,memory_string,input,scanf_unbounded_string_conversion,scanf format contains unbounded %s conversion,"scanf(""%s"", id);"
/home/yichen/Desktop/Qwen_Baseline06/F040.c,20,medium,likely,memory,memory_heap,memory,realloc_direct_assign,realloc result is assigned directly to the original pointer,"pkts = realloc(pkts, (n_pkt+1)*sizeof(Pkt));"
/home/yichen/Desktop/Qwen_Baseline06/F040.c,21,medium,likely,memory,memory_heap,memory,unchecked_allocation:strdup,strdup result does not appear to be checked for NULL nearby,pkts[n_pkt].id = strdup(id);
/home/yichen/Desktop/Qwen_Baseline06/F040.c,22,medium,likely,memory,memory_heap,memory,unchecked_allocation:strdup,strdup result does not appear to be checked for NULL nearby,pkts[n_pkt].header = strdup(header);
/home/yichen/Desktop/Qwen_Baseline06/F040.c,23,medium,likely,memory,memory_heap,memory,unchecked_allocation:strdup,strdup result does not appear to be checked for NULL nearby,pkts[n_pkt].payload = strdup(payload);
