file,tool,attempted,status,success,returncode,finding_count,line,severity,check_id,message,evidence,log_path
/home/yichen/Desktop/Deepseek_SDF05/F001.c,cppcheck,True,success,True,0,6,2,information,missingIncludeSystem,Include file: <stdio.h> not found. Please note: Cppcheck does not need standard library headers to get proper results.,/home/yichen/Desktop/Deepseek_SDF05/F001.c|2|information|missingIncludeSystem|Include file: <stdio.h> not found. Please note: Cppcheck does not need standard library headers to get proper results.,/home/yichen/Desktop/Deepseek_SDF_Results05/logs/F001_cppcheck.log
/home/yichen/Desktop/Deepseek_SDF05/F001.c,cppcheck,True,success,True,0,6,3,information,missingIncludeSystem,Include file: <stdlib.h> not found. Please note: Cppcheck does not need standard library headers to get proper results.,/home/yichen/Desktop/Deepseek_SDF05/F001.c|3|information|missingIncludeSystem|Include file: <stdlib.h> not found. Please note: Cppcheck does not need standard library headers to get proper results.,/home/yichen/Desktop/Deepseek_SDF_Results05/logs/F001_cppcheck.log
/home/yichen/Desktop/Deepseek_SDF05/F001.c,cppcheck,True,success,True,0,6,4,information,missingIncludeSystem,Include file: <string.h> not found. Please note: Cppcheck does not need standard library headers to get proper results.,/home/yichen/Desktop/Deepseek_SDF05/F001.c|4|information|missingIncludeSystem|Include file: <string.h> not found. Please note: Cppcheck does not need standard library headers to get proper results.,/home/yichen/Desktop/Deepseek_SDF_Results05/logs/F001_cppcheck.log
/home/yichen/Desktop/Deepseek_SDF05/F001.c,cppcheck,True,success,True,0,6,5,information,missingIncludeSystem,Include file: <ctype.h> not found. Please note: Cppcheck does not need standard library headers to get proper results.,/home/yichen/Desktop/Deepseek_SDF05/F001.c|5|information|missingIncludeSystem|Include file: <ctype.h> not found. Please note: Cppcheck does not need standard library headers to get proper results.,/home/yichen/Desktop/Deepseek_SDF_Results05/logs/F001_cppcheck.log
/home/yichen/Desktop/Deepseek_SDF05/F001.c,cppcheck,True,success,True,0,6,82,style,constVariablePointer,Variable 'p' can be declared as pointer to const,/home/yichen/Desktop/Deepseek_SDF05/F001.c|82|style|constVariablePointer|Variable 'p' can be declared as pointer to const,/home/yichen/Desktop/Deepseek_SDF_Results05/logs/F001_cppcheck.log
nofile,cppcheck,True,success,True,0,6,0,information,checkersReport,Active checkers: 113/592 (use --checkers-report=<filename> to see details),nofile|0|information|checkersReport|Active checkers: 113/592 (use --checkers-report=<filename> to see details),/home/yichen/Desktop/Deepseek_SDF_Results05/logs/F001_cppcheck.log
/home/yichen/Desktop/Deepseek_SDF05/F002.c,cppcheck,True,success,True,0,7,2,information,missingIncludeSystem,Include file: <stdio.h> not found. Please note: Cppcheck does not need standard library headers to get proper results.,/home/yichen/Desktop/Deepseek_SDF05/F002.c|2|information|missingIncludeSystem|Include file: <stdio.h> not found. Please note: Cppcheck does not need standard library headers to get proper results.,/home/yichen/Desktop/Deepseek_SDF_Results05/logs/F002_cppcheck.log
/home/yichen/Desktop/Deepseek_SDF05/F002.c,cppcheck,True,success,True,0,7,3,information,missingIncludeSystem,Include file: <stdlib.h> not found. Please note: Cppcheck does not need standard library headers to get proper results.,/home/yichen/Desktop/Deepseek_SDF05/F002.c|3|information|missingIncludeSystem|Include file: <stdlib.h> not found. Please note: Cppcheck does not need standard library headers to get proper results.,/home/yichen/Desktop/Deepseek_SDF_Results05/logs/F002_cppcheck.log
/home/yichen/Desktop/Deepseek_SDF05/F002.c,cppcheck,True,success,True,0,7,4,information,missingIncludeSystem,Include file: <string.h> not found. Please note: Cppcheck does not need standard library headers to get proper results.,/home/yichen/Desktop/Deepseek_SDF05/F002.c|4|information|missingIncludeSystem|Include file: <string.h> not found. Please note: Cppcheck does not need standard library headers to get proper results.,/home/yichen/Desktop/Deepseek_SDF_Results05/logs/F002_cppcheck.log
/home/yichen/Desktop/Deepseek_SDF05/F002.c,cppcheck,True,success,True,0,7,5,information,missingIncludeSystem,Include file: <ctype.h> not found. Please note: Cppcheck does not need standard library headers to get proper results.,/home/yichen/Desktop/Deepseek_SDF05/F002.c|5|information|missingIncludeSystem|Include file: <ctype.h> not found. Please note: Cppcheck does not need standard library headers to get proper results.,/home/yichen/Desktop/Deepseek_SDF_Results05/logs/F002_cppcheck.log
/home/yichen/Desktop/Deepseek_SDF05/F002.c,cppcheck,True,success,True,0,7,61,style,constVariablePointer,Variable 'm1' can be declared as pointer to const,/home/yichen/Desktop/Deepseek_SDF05/F002.c|61|style|constVariablePointer|Variable 'm1' can be declared as pointer to const,/home/yichen/Desktop/Deepseek_SDF_Results05/logs/F002_cppcheck.log
/home/yichen/Desktop/Deepseek_SDF05/F002.c,cppcheck,True,success,True,0,7,62,style,constVariablePointer,Variable 'm2' can be declared as pointer to const,/home/yichen/Desktop/Deepseek_SDF05/F002.c|62|style|constVariablePointer|Variable 'm2' can be declared as pointer to const,/home/yichen/Desktop/Deepseek_SDF_Results05/logs/F002_cppcheck.log
nofile,cppcheck,True,success,True,0,7,0,information,checkersReport,Active checkers: 113/592 (use --checkers-report=<filename> to see details),nofile|0|information|checkersReport|Active checkers: 113/592 (use --checkers-report=<filename> to see details),/home/yichen/Desktop/Deepseek_SDF_Results05/logs/F002_cppcheck.log
/home/yichen/Desktop/Deepseek_SDF05/F003.c,cppcheck,True,success,True,0,6,2,information,missingIncludeSystem,Include file: <stdio.h> not found. Please note: Cppcheck does not need standard library headers to get proper results.,/home/yichen/Desktop/Deepseek_SDF05/F003.c|2|information|missingIncludeSystem|Include file: <stdio.h> not found. Please note: Cppcheck does not need standard library headers to get proper results.,/home/yichen/Desktop/Deepseek_SDF_Results05/logs/F003_cppcheck.log
/home/yichen/Desktop/Deepseek_SDF05/F003.c,cppcheck,True,success,True,0,6,3,information,missingIncludeSystem,Include file: <stdlib.h> not found. Please note: Cppcheck does not need standard library headers to get proper results.,/home/yichen/Desktop/Deepseek_SDF05/F003.c|3|information|missingIncludeSystem|Include file: <stdlib.h> not found. Please note: Cppcheck does not need standard library headers to get proper results.,/home/yichen/Desktop/Deepseek_SDF_Results05/logs/F003_cppcheck.log
/home/yichen/Desktop/Deepseek_SDF05/F003.c,cppcheck,True,success,True,0,6,4,information,missingIncludeSystem,Include file: <string.h> not found. Please note: Cppcheck does not need standard library headers to get proper results.,/home/yichen/Desktop/Deepseek_SDF05/F003.c|4|information|missingIncludeSystem|Include file: <string.h> not found. Please note: Cppcheck does not need standard library headers to get proper results.,/home/yichen/Desktop/Deepseek_SDF_Results05/logs/F003_cppcheck.log
/home/yichen/Desktop/Deepseek_SDF05/F003.c,cppcheck,True,success,True,0,6,5,information,missingIncludeSystem,Include file: <ctype.h> not found. Please note: Cppcheck does not need standard library headers to get proper results.,/home/yichen/Desktop/Deepseek_SDF05/F003.c|5|information|missingIncludeSystem|Include file: <ctype.h> not found. Please note: Cppcheck does not need standard library headers to get proper results.,/home/yichen/Desktop/Deepseek_SDF_Results05/logs/F003_cppcheck.log
/home/yichen/Desktop/Deepseek_SDF05/F003.c,cppcheck,True,success,True,0,6,51,style,constVariablePointer,Variable 'a' can be declared as pointer to const,/home/yichen/Desktop/Deepseek_SDF05/F003.c|51|style|constVariablePointer|Variable 'a' can be declared as pointer to const,/home/yichen/Desktop/Deepseek_SDF_Results05/logs/F003_cppcheck.log
nofile,cppcheck,True,success,True,0,6,0,information,checkersReport,Active checkers: 113/592 (use --checkers-report=<filename> to see details),nofile|0|information|checkersReport|Active checkers: 113/592 (use --checkers-report=<filename> to see details),/home/yichen/Desktop/Deepseek_SDF_Results05/logs/F003_cppcheck.log
/home/yichen/Desktop/Deepseek_SDF05/F004.c,cppcheck,True,success,True,0,6,2,information,missingIncludeSystem,Include file: <stdio.h> not found. Please note: Cppcheck does not need standard library headers to get proper results.,/home/yichen/Desktop/Deepseek_SDF05/F004.c|2|information|missingIncludeSystem|Include file: <stdio.h> not found. Please note: Cppcheck does not need standard library headers to get proper results.,/home/yichen/Desktop/Deepseek_SDF_Results05/logs/F004_cppcheck.log
/home/yichen/Desktop/Deepseek_SDF05/F004.c,cppcheck,True,success,True,0,6,3,information,missingIncludeSystem,Include file: <stdlib.h> not found. Please note: Cppcheck does not need standard library headers to get proper results.,/home/yichen/Desktop/Deepseek_SDF05/F004.c|3|information|missingIncludeSystem|Include file: <stdlib.h> not found. Please note: Cppcheck does not need standard library headers to get proper results.,/home/yichen/Desktop/Deepseek_SDF_Results05/logs/F004_cppcheck.log
/home/yichen/Desktop/Deepseek_SDF05/F004.c,cppcheck,True,success,True,0,6,4,information,missingIncludeSystem,Include file: <string.h> not found. Please note: Cppcheck does not need standard library headers to get proper results.,/home/yichen/Desktop/Deepseek_SDF05/F004.c|4|information|missingIncludeSystem|Include file: <string.h> not found. Please note: Cppcheck does not need standard library headers to get proper results.,/home/yichen/Desktop/Deepseek_SDF_Results05/logs/F004_cppcheck.log
/home/yichen/Desktop/Deepseek_SDF05/F004.c,cppcheck,True,success,True,0,6,5,information,missingIncludeSystem,Include file: <ctype.h> not found. Please note: Cppcheck does not need standard library headers to get proper results.,/home/yichen/Desktop/Deepseek_SDF05/F004.c|5|information|missingIncludeSystem|Include file: <ctype.h> not found. Please note: Cppcheck does not need standard library headers to get proper results.,/home/yichen/Desktop/Deepseek_SDF_Results05/logs/F004_cppcheck.log
/home/yichen/Desktop/Deepseek_SDF05/F004.c,cppcheck,True,success,True,0,6,78,style,constVariablePointer,Variable 'v' can be declared as pointer to const,/home/yichen/Desktop/Deepseek_SDF05/F004.c|78|style|constVariablePointer|Variable 'v' can be declared as pointer to const,/home/yichen/Desktop/Deepseek_SDF_Results05/logs/F004_cppcheck.log
nofile,cppcheck,True,success,True,0,6,0,information,checkersReport,Active checkers: 113/592 (use --checkers-report=<filename> to see details),nofile|0|information|checkersReport|Active checkers: 113/592 (use --checkers-report=<filename> to see details),/home/yichen/Desktop/Deepseek_SDF_Results05/logs/F004_cppcheck.log
/home/yichen/Desktop/Deepseek_SDF05/F005.c,cppcheck,True,success,True,0,5,2,information,missingIncludeSystem,Include file: <stdio.h> not found. Please note: Cppcheck does not need standard library headers to get proper results.,/home/yichen/Desktop/Deepseek_SDF05/F005.c|2|information|missingIncludeSystem|Include file: <stdio.h> not found. Please note: Cppcheck does not need standard library headers to get proper results.,/home/yichen/Desktop/Deepseek_SDF_Results05/logs/F005_cppcheck.log
/home/yichen/Desktop/Deepseek_SDF05/F005.c,cppcheck,True,success,True,0,5,3,information,missingIncludeSystem,Include file: <stdlib.h> not found. Please note: Cppcheck does not need standard library headers to get proper results.,/home/yichen/Desktop/Deepseek_SDF05/F005.c|3|information|missingIncludeSystem|Include file: <stdlib.h> not found. Please note: Cppcheck does not need standard library headers to get proper results.,/home/yichen/Desktop/Deepseek_SDF_Results05/logs/F005_cppcheck.log
/home/yichen/Desktop/Deepseek_SDF05/F005.c,cppcheck,True,success,True,0,5,4,information,missingIncludeSystem,Include file: <string.h> not found. Please note: Cppcheck does not need standard library headers to get proper results.,/home/yichen/Desktop/Deepseek_SDF05/F005.c|4|information|missingIncludeSystem|Include file: <string.h> not found. Please note: Cppcheck does not need standard library headers to get proper results.,/home/yichen/Desktop/Deepseek_SDF_Results05/logs/F005_cppcheck.log
/home/yichen/Desktop/Deepseek_SDF05/F005.c,cppcheck,True,success,True,0,5,5,information,missingIncludeSystem,Include file: <ctype.h> not found. Please note: Cppcheck does not need standard library headers to get proper results.,/home/yichen/Desktop/Deepseek_SDF05/F005.c|5|information|missingIncludeSystem|Include file: <ctype.h> not found. Please note: Cppcheck does not need standard library headers to get proper results.,/home/yichen/Desktop/Deepseek_SDF_Results05/logs/F005_cppcheck.log
nofile,cppcheck,True,success,True,0,5,0,information,checkersReport,Active checkers: 113/592 (use --checkers-report=<filename> to see details),nofile|0|information|checkersReport|Active checkers: 113/592 (use --checkers-report=<filename> to see details),/home/yichen/Desktop/Deepseek_SDF_Results05/logs/F005_cppcheck.log
/home/yichen/Desktop/Deepseek_SDF05/F006.c,cppcheck,True,success,True,0,6,2,information,missingIncludeSystem,Include file: <stdio.h> not found. Please note: Cppcheck does not need standard library headers to get proper results.,/home/yichen/Desktop/Deepseek_SDF05/F006.c|2|information|missingIncludeSystem|Include file: <stdio.h> not found. Please note: Cppcheck does not need standard library headers to get proper results.,/home/yichen/Desktop/Deepseek_SDF_Results05/logs/F006_cppcheck.log
/home/yichen/Desktop/Deepseek_SDF05/F006.c,cppcheck,True,success,True,0,6,3,information,missingIncludeSystem,Include file: <stdlib.h> not found. Please note: Cppcheck does not need standard library headers to get proper results.,/home/yichen/Desktop/Deepseek_SDF05/F006.c|3|information|missingIncludeSystem|Include file: <stdlib.h> not found. Please note: Cppcheck does not need standard library headers to get proper results.,/home/yichen/Desktop/Deepseek_SDF_Results05/logs/F006_cppcheck.log
/home/yichen/Desktop/Deepseek_SDF05/F006.c,cppcheck,True,success,True,0,6,4,information,missingIncludeSystem,Include file: <string.h> not found. Please note: Cppcheck does not need standard library headers to get proper results.,/home/yichen/Desktop/Deepseek_SDF05/F006.c|4|information|missingIncludeSystem|Include file: <string.h> not found. Please note: Cppcheck does not need standard library headers to get proper results.,/home/yichen/Desktop/Deepseek_SDF_Results05/logs/F006_cppcheck.log
/home/yichen/Desktop/Deepseek_SDF05/F006.c,cppcheck,True,success,True,0,6,5,information,missingIncludeSystem,Include file: <ctype.h> not found. Please note: Cppcheck does not need standard library headers to get proper results.,/home/yichen/Desktop/Deepseek_SDF05/F006.c|5|information|missingIncludeSystem|Include file: <ctype.h> not found. Please note: Cppcheck does not need standard library headers to get proper results.,/home/yichen/Desktop/Deepseek_SDF_Results05/logs/F006_cppcheck.log
/home/yichen/Desktop/Deepseek_SDF05/F006.c,cppcheck,True,success,True,0,6,73,style,constVariablePointer,Variable 'it' can be declared as pointer to const,/home/yichen/Desktop/Deepseek_SDF05/F006.c|73|style|constVariablePointer|Variable 'it' can be declared as pointer to const,/home/yichen/Desktop/Deepseek_SDF_Results05/logs/F006_cppcheck.log
nofile,cppcheck,True,success,True,0,6,0,information,checkersReport,Active checkers: 113/592 (use --checkers-report=<filename> to see details),nofile|0|information|checkersReport|Active checkers: 113/592 (use --checkers-report=<filename> to see details),/home/yichen/Desktop/Deepseek_SDF_Results05/logs/F006_cppcheck.log
/home/yichen/Desktop/Deepseek_SDF05/F007.c,cppcheck,True,success,True,0,8,2,information,missingIncludeSystem,Include file: <stdio.h> not found. Please note: Cppcheck does not need standard library headers to get proper results.,/home/yichen/Desktop/Deepseek_SDF05/F007.c|2|information|missingIncludeSystem|Include file: <stdio.h> not found. Please note: Cppcheck does not need standard library headers to get proper results.,/home/yichen/Desktop/Deepseek_SDF_Results05/logs/F007_cppcheck.log
/home/yichen/Desktop/Deepseek_SDF05/F007.c,cppcheck,True,success,True,0,8,3,information,missingIncludeSystem,Include file: <stdlib.h> not found. Please note: Cppcheck does not need standard library headers to get proper results.,/home/yichen/Desktop/Deepseek_SDF05/F007.c|3|information|missingIncludeSystem|Include file: <stdlib.h> not found. Please note: Cppcheck does not need standard library headers to get proper results.,/home/yichen/Desktop/Deepseek_SDF_Results05/logs/F007_cppcheck.log
/home/yichen/Desktop/Deepseek_SDF05/F007.c,cppcheck,True,success,True,0,8,4,information,missingIncludeSystem,Include file: <string.h> not found. Please note: Cppcheck does not need standard library headers to get proper results.,/home/yichen/Desktop/Deepseek_SDF05/F007.c|4|information|missingIncludeSystem|Include file: <string.h> not found. Please note: Cppcheck does not need standard library headers to get proper results.,/home/yichen/Desktop/Deepseek_SDF_Results05/logs/F007_cppcheck.log
/home/yichen/Desktop/Deepseek_SDF05/F007.c,cppcheck,True,success,True,0,8,5,information,missingIncludeSystem,Include file: <ctype.h> not found. Please note: Cppcheck does not need standard library headers to get proper results.,/home/yichen/Desktop/Deepseek_SDF05/F007.c|5|information|missingIncludeSystem|Include file: <ctype.h> not found. Please note: Cppcheck does not need standard library headers to get proper results.,/home/yichen/Desktop/Deepseek_SDF_Results05/logs/F007_cppcheck.log
/home/yichen/Desktop/Deepseek_SDF05/F007.c,cppcheck,True,success,True,0,8,66,style,constVariablePointer,Variable 'earliest' can be declared as pointer to const,/home/yichen/Desktop/Deepseek_SDF05/F007.c|66|style|constVariablePointer|Variable 'earliest' can be declared as pointer to const,/home/yichen/Desktop/Deepseek_SDF_Results05/logs/F007_cppcheck.log
/home/yichen/Desktop/Deepseek_SDF05/F007.c,cppcheck,True,success,True,0,8,82,style,constVariablePointer,Variable 'aa' can be declared as pointer to const,/home/yichen/Desktop/Deepseek_SDF05/F007.c|82|style|constVariablePointer|Variable 'aa' can be declared as pointer to const,/home/yichen/Desktop/Deepseek_SDF_Results05/logs/F007_cppcheck.log
/home/yichen/Desktop/Deepseek_SDF05/F007.c,cppcheck,True,success,True,0,8,83,style,constVariablePointer,Variable 'bb' can be declared as pointer to const,/home/yichen/Desktop/Deepseek_SDF05/F007.c|83|style|constVariablePointer|Variable 'bb' can be declared as pointer to const,/home/yichen/Desktop/Deepseek_SDF_Results05/logs/F007_cppcheck.log
nofile,cppcheck,True,success,True,0,8,0,information,checkersReport,Active checkers: 113/592 (use --checkers-report=<filename> to see details),nofile|0|information|checkersReport|Active checkers: 113/592 (use --checkers-report=<filename> to see details),/home/yichen/Desktop/Deepseek_SDF_Results05/logs/F007_cppcheck.log
/home/yichen/Desktop/Deepseek_SDF05/F008.c,cppcheck,True,success,True,0,6,2,information,missingIncludeSystem,Include file: <stdio.h> not found. Please note: Cppcheck does not need standard library headers to get proper results.,/home/yichen/Desktop/Deepseek_SDF05/F008.c|2|information|missingIncludeSystem|Include file: <stdio.h> not found. Please note: Cppcheck does not need standard library headers to get proper results.,/home/yichen/Desktop/Deepseek_SDF_Results05/logs/F008_cppcheck.log
/home/yichen/Desktop/Deepseek_SDF05/F008.c,cppcheck,True,success,True,0,6,3,information,missingIncludeSystem,Include file: <stdlib.h> not found. Please note: Cppcheck does not need standard library headers to get proper results.,/home/yichen/Desktop/Deepseek_SDF05/F008.c|3|information|missingIncludeSystem|Include file: <stdlib.h> not found. Please note: Cppcheck does not need standard library headers to get proper results.,/home/yichen/Desktop/Deepseek_SDF_Results05/logs/F008_cppcheck.log
/home/yichen/Desktop/Deepseek_SDF05/F008.c,cppcheck,True,success,True,0,6,4,information,missingIncludeSystem,Include file: <string.h> not found. Please note: Cppcheck does not need standard library headers to get proper results.,/home/yichen/Desktop/Deepseek_SDF05/F008.c|4|information|missingIncludeSystem|Include file: <string.h> not found. Please note: Cppcheck does not need standard library headers to get proper results.,/home/yichen/Desktop/Deepseek_SDF_Results05/logs/F008_cppcheck.log
/home/yichen/Desktop/Deepseek_SDF05/F008.c,cppcheck,True,success,True,0,6,5,information,missingIncludeSystem,Include file: <ctype.h> not found. Please note: Cppcheck does not need standard library headers to get proper results.,/home/yichen/Desktop/Deepseek_SDF05/F008.c|5|information|missingIncludeSystem|Include file: <ctype.h> not found. Please note: Cppcheck does not need standard library headers to get proper results.,/home/yichen/Desktop/Deepseek_SDF_Results05/logs/F008_cppcheck.log
/home/yichen/Desktop/Deepseek_SDF05/F008.c,cppcheck,True,success,True,0,6,123,warning,invalidscanf,sscanf() without field width limits can crash with huge input data.,/home/yichen/Desktop/Deepseek_SDF05/F008.c|123|warning|invalidscanf|sscanf() without field width limits can crash with huge input data.,/home/yichen/Desktop/Deepseek_SDF_Results05/logs/F008_cppcheck.log
nofile,cppcheck,True,success,True,0,6,0,information,checkersReport,Active checkers: 113/592 (use --checkers-report=<filename> to see details),nofile|0|information|checkersReport|Active checkers: 113/592 (use --checkers-report=<filename> to see details),/home/yichen/Desktop/Deepseek_SDF_Results05/logs/F008_cppcheck.log
/home/yichen/Desktop/Deepseek_SDF05/F009.c,cppcheck,True,success,True,0,5,2,information,missingIncludeSystem,Include file: <stdio.h> not found. Please note: Cppcheck does not need standard library headers to get proper results.,/home/yichen/Desktop/Deepseek_SDF05/F009.c|2|information|missingIncludeSystem|Include file: <stdio.h> not found. Please note: Cppcheck does not need standard library headers to get proper results.,/home/yichen/Desktop/Deepseek_SDF_Results05/logs/F009_cppcheck.log
/home/yichen/Desktop/Deepseek_SDF05/F009.c,cppcheck,True,success,True,0,5,3,information,missingIncludeSystem,Include file: <stdlib.h> not found. Please note: Cppcheck does not need standard library headers to get proper results.,/home/yichen/Desktop/Deepseek_SDF05/F009.c|3|information|missingIncludeSystem|Include file: <stdlib.h> not found. Please note: Cppcheck does not need standard library headers to get proper results.,/home/yichen/Desktop/Deepseek_SDF_Results05/logs/F009_cppcheck.log
/home/yichen/Desktop/Deepseek_SDF05/F009.c,cppcheck,True,success,True,0,5,4,information,missingIncludeSystem,Include file: <string.h> not found. Please note: Cppcheck does not need standard library headers to get proper results.,/home/yichen/Desktop/Deepseek_SDF05/F009.c|4|information|missingIncludeSystem|Include file: <string.h> not found. Please note: Cppcheck does not need standard library headers to get proper results.,/home/yichen/Desktop/Deepseek_SDF_Results05/logs/F009_cppcheck.log
/home/yichen/Desktop/Deepseek_SDF05/F009.c,cppcheck,True,success,True,0,5,5,information,missingIncludeSystem,Include file: <ctype.h> not found. Please note: Cppcheck does not need standard library headers to get proper results.,/home/yichen/Desktop/Deepseek_SDF05/F009.c|5|information|missingIncludeSystem|Include file: <ctype.h> not found. Please note: Cppcheck does not need standard library headers to get proper results.,/home/yichen/Desktop/Deepseek_SDF_Results05/logs/F009_cppcheck.log
nofile,cppcheck,True,success,True,0,5,0,information,checkersReport,Active checkers: 113/592 (use --checkers-report=<filename> to see details),nofile|0|information|checkersReport|Active checkers: 113/592 (use --checkers-report=<filename> to see details),/home/yichen/Desktop/Deepseek_SDF_Results05/logs/F009_cppcheck.log
/home/yichen/Desktop/Deepseek_SDF05/F010.c,cppcheck,True,success,True,0,5,2,information,missingIncludeSystem,Include file: <stdio.h> not found. Please note: Cppcheck does not need standard library headers to get proper results.,/home/yichen/Desktop/Deepseek_SDF05/F010.c|2|information|missingIncludeSystem|Include file: <stdio.h> not found. Please note: Cppcheck does not need standard library headers to get proper results.,/home/yichen/Desktop/Deepseek_SDF_Results05/logs/F010_cppcheck.log
/home/yichen/Desktop/Deepseek_SDF05/F010.c,cppcheck,True,success,True,0,5,3,information,missingIncludeSystem,Include file: <stdlib.h> not found. Please note: Cppcheck does not need standard library headers to get proper results.,/home/yichen/Desktop/Deepseek_SDF05/F010.c|3|information|missingIncludeSystem|Include file: <stdlib.h> not found. Please note: Cppcheck does not need standard library headers to get proper results.,/home/yichen/Desktop/Deepseek_SDF_Results05/logs/F010_cppcheck.log
/home/yichen/Desktop/Deepseek_SDF05/F010.c,cppcheck,True,success,True,0,5,4,information,missingIncludeSystem,Include file: <string.h> not found. Please note: Cppcheck does not need standard library headers to get proper results.,/home/yichen/Desktop/Deepseek_SDF05/F010.c|4|information|missingIncludeSystem|Include file: <string.h> not found. Please note: Cppcheck does not need standard library headers to get proper results.,/home/yichen/Desktop/Deepseek_SDF_Results05/logs/F010_cppcheck.log
/home/yichen/Desktop/Deepseek_SDF05/F010.c,cppcheck,True,success,True,0,5,5,information,missingIncludeSystem,Include file: <ctype.h> not found. Please note: Cppcheck does not need standard library headers to get proper results.,/home/yichen/Desktop/Deepseek_SDF05/F010.c|5|information|missingIncludeSystem|Include file: <ctype.h> not found. Please note: Cppcheck does not need standard library headers to get proper results.,/home/yichen/Desktop/Deepseek_SDF_Results05/logs/F010_cppcheck.log
nofile,cppcheck,True,success,True,0,5,0,information,checkersReport,Active checkers: 113/592 (use --checkers-report=<filename> to see details),nofile|0|information|checkersReport|Active checkers: 113/592 (use --checkers-report=<filename> to see details),/home/yichen/Desktop/Deepseek_SDF_Results05/logs/F010_cppcheck.log
/home/yichen/Desktop/Deepseek_SDF05/F011.c,cppcheck,True,success,True,0,6,2,information,missingIncludeSystem,Include file: <stdio.h> not found. Please note: Cppcheck does not need standard library headers to get proper results.,/home/yichen/Desktop/Deepseek_SDF05/F011.c|2|information|missingIncludeSystem|Include file: <stdio.h> not found. Please note: Cppcheck does not need standard library headers to get proper results.,/home/yichen/Desktop/Deepseek_SDF_Results05/logs/F011_cppcheck.log
/home/yichen/Desktop/Deepseek_SDF05/F011.c,cppcheck,True,success,True,0,6,3,information,missingIncludeSystem,Include file: <stdlib.h> not found. Please note: Cppcheck does not need standard library headers to get proper results.,/home/yichen/Desktop/Deepseek_SDF05/F011.c|3|information|missingIncludeSystem|Include file: <stdlib.h> not found. Please note: Cppcheck does not need standard library headers to get proper results.,/home/yichen/Desktop/Deepseek_SDF_Results05/logs/F011_cppcheck.log
/home/yichen/Desktop/Deepseek_SDF05/F011.c,cppcheck,True,success,True,0,6,4,information,missingIncludeSystem,Include file: <string.h> not found. Please note: Cppcheck does not need standard library headers to get proper results.,/home/yichen/Desktop/Deepseek_SDF05/F011.c|4|information|missingIncludeSystem|Include file: <string.h> not found. Please note: Cppcheck does not need standard library headers to get proper results.,/home/yichen/Desktop/Deepseek_SDF_Results05/logs/F011_cppcheck.log
/home/yichen/Desktop/Deepseek_SDF05/F011.c,cppcheck,True,success,True,0,6,5,information,missingIncludeSystem,Include file: <ctype.h> not found. Please note: Cppcheck does not need standard library headers to get proper results.,/home/yichen/Desktop/Deepseek_SDF05/F011.c|5|information|missingIncludeSystem|Include file: <ctype.h> not found. Please note: Cppcheck does not need standard library headers to get proper results.,/home/yichen/Desktop/Deepseek_SDF_Results05/logs/F011_cppcheck.log
/home/yichen/Desktop/Deepseek_SDF05/F011.c,cppcheck,True,success,True,0,6,83,style,constVariablePointer,Variable 'd' can be declared as pointer to const,/home/yichen/Desktop/Deepseek_SDF05/F011.c|83|style|constVariablePointer|Variable 'd' can be declared as pointer to const,/home/yichen/Desktop/Deepseek_SDF_Results05/logs/F011_cppcheck.log
nofile,cppcheck,True,success,True,0,6,0,information,checkersReport,Active checkers: 113/592 (use --checkers-report=<filename> to see details),nofile|0|information|checkersReport|Active checkers: 113/592 (use --checkers-report=<filename> to see details),/home/yichen/Desktop/Deepseek_SDF_Results05/logs/F011_cppcheck.log
/home/yichen/Desktop/Deepseek_SDF05/F012.c,cppcheck,True,success,True,0,6,2,information,missingIncludeSystem,Include file: <stdio.h> not found. Please note: Cppcheck does not need standard library headers to get proper results.,/home/yichen/Desktop/Deepseek_SDF05/F012.c|2|information|missingIncludeSystem|Include file: <stdio.h> not found. Please note: Cppcheck does not need standard library headers to get proper results.,/home/yichen/Desktop/Deepseek_SDF_Results05/logs/F012_cppcheck.log
/home/yichen/Desktop/Deepseek_SDF05/F012.c,cppcheck,True,success,True,0,6,3,information,missingIncludeSystem,Include file: <stdlib.h> not found. Please note: Cppcheck does not need standard library headers to get proper results.,/home/yichen/Desktop/Deepseek_SDF05/F012.c|3|information|missingIncludeSystem|Include file: <stdlib.h> not found. Please note: Cppcheck does not need standard library headers to get proper results.,/home/yichen/Desktop/Deepseek_SDF_Results05/logs/F012_cppcheck.log
/home/yichen/Desktop/Deepseek_SDF05/F012.c,cppcheck,True,success,True,0,6,4,information,missingIncludeSystem,Include file: <string.h> not found. Please note: Cppcheck does not need standard library headers to get proper results.,/home/yichen/Desktop/Deepseek_SDF05/F012.c|4|information|missingIncludeSystem|Include file: <string.h> not found. Please note: Cppcheck does not need standard library headers to get proper results.,/home/yichen/Desktop/Deepseek_SDF_Results05/logs/F012_cppcheck.log
/home/yichen/Desktop/Deepseek_SDF05/F012.c,cppcheck,True,success,True,0,6,5,information,missingIncludeSystem,Include file: <ctype.h> not found. Please note: Cppcheck does not need standard library headers to get proper results.,/home/yichen/Desktop/Deepseek_SDF05/F012.c|5|information|missingIncludeSystem|Include file: <ctype.h> not found. Please note: Cppcheck does not need standard library headers to get proper results.,/home/yichen/Desktop/Deepseek_SDF_Results05/logs/F012_cppcheck.log
/home/yichen/Desktop/Deepseek_SDF05/F012.c,cppcheck,True,success,True,0,6,82,style,constVariablePointer,Variable 'p' can be declared as pointer to const,/home/yichen/Desktop/Deepseek_SDF05/F012.c|82|style|constVariablePointer|Variable 'p' can be declared as pointer to const,/home/yichen/Desktop/Deepseek_SDF_Results05/logs/F012_cppcheck.log
nofile,cppcheck,True,success,True,0,6,0,information,checkersReport,Active checkers: 113/592 (use --checkers-report=<filename> to see details),nofile|0|information|checkersReport|Active checkers: 113/592 (use --checkers-report=<filename> to see details),/home/yichen/Desktop/Deepseek_SDF_Results05/logs/F012_cppcheck.log
/home/yichen/Desktop/Deepseek_SDF05/F013.c,cppcheck,True,success,True,0,6,2,information,missingIncludeSystem,Include file: <stdio.h> not found. Please note: Cppcheck does not need standard library headers to get proper results.,/home/yichen/Desktop/Deepseek_SDF05/F013.c|2|information|missingIncludeSystem|Include file: <stdio.h> not found. Please note: Cppcheck does not need standard library headers to get proper results.,/home/yichen/Desktop/Deepseek_SDF_Results05/logs/F013_cppcheck.log
/home/yichen/Desktop/Deepseek_SDF05/F013.c,cppcheck,True,success,True,0,6,3,information,missingIncludeSystem,Include file: <stdlib.h> not found. Please note: Cppcheck does not need standard library headers to get proper results.,/home/yichen/Desktop/Deepseek_SDF05/F013.c|3|information|missingIncludeSystem|Include file: <stdlib.h> not found. Please note: Cppcheck does not need standard library headers to get proper results.,/home/yichen/Desktop/Deepseek_SDF_Results05/logs/F013_cppcheck.log
/home/yichen/Desktop/Deepseek_SDF05/F013.c,cppcheck,True,success,True,0,6,4,information,missingIncludeSystem,Include file: <string.h> not found. Please note: Cppcheck does not need standard library headers to get proper results.,/home/yichen/Desktop/Deepseek_SDF05/F013.c|4|information|missingIncludeSystem|Include file: <string.h> not found. Please note: Cppcheck does not need standard library headers to get proper results.,/home/yichen/Desktop/Deepseek_SDF_Results05/logs/F013_cppcheck.log
/home/yichen/Desktop/Deepseek_SDF05/F013.c,cppcheck,True,success,True,0,6,5,information,missingIncludeSystem,Include file: <ctype.h> not found. Please note: Cppcheck does not need standard library headers to get proper results.,/home/yichen/Desktop/Deepseek_SDF05/F013.c|5|information|missingIncludeSystem|Include file: <ctype.h> not found. Please note: Cppcheck does not need standard library headers to get proper results.,/home/yichen/Desktop/Deepseek_SDF_Results05/logs/F013_cppcheck.log
/home/yichen/Desktop/Deepseek_SDF05/F013.c,cppcheck,True,success,True,0,6,89,style,constVariablePointer,Variable 't' can be declared as pointer to const,/home/yichen/Desktop/Deepseek_SDF05/F013.c|89|style|constVariablePointer|Variable 't' can be declared as pointer to const,/home/yichen/Desktop/Deepseek_SDF_Results05/logs/F013_cppcheck.log
nofile,cppcheck,True,success,True,0,6,0,information,checkersReport,Active checkers: 113/592 (use --checkers-report=<filename> to see details),nofile|0|information|checkersReport|Active checkers: 113/592 (use --checkers-report=<filename> to see details),/home/yichen/Desktop/Deepseek_SDF_Results05/logs/F013_cppcheck.log
/home/yichen/Desktop/Deepseek_SDF05/F014.c,cppcheck,True,success,True,0,5,2,information,missingIncludeSystem,Include file: <stdio.h> not found. Please note: Cppcheck does not need standard library headers to get proper results.,/home/yichen/Desktop/Deepseek_SDF05/F014.c|2|information|missingIncludeSystem|Include file: <stdio.h> not found. Please note: Cppcheck does not need standard library headers to get proper results.,/home/yichen/Desktop/Deepseek_SDF_Results05/logs/F014_cppcheck.log
/home/yichen/Desktop/Deepseek_SDF05/F014.c,cppcheck,True,success,True,0,5,3,information,missingIncludeSystem,Include file: <stdlib.h> not found. Please note: Cppcheck does not need standard library headers to get proper results.,/home/yichen/Desktop/Deepseek_SDF05/F014.c|3|information|missingIncludeSystem|Include file: <stdlib.h> not found. Please note: Cppcheck does not need standard library headers to get proper results.,/home/yichen/Desktop/Deepseek_SDF_Results05/logs/F014_cppcheck.log
/home/yichen/Desktop/Deepseek_SDF05/F014.c,cppcheck,True,success,True,0,5,4,information,missingIncludeSystem,Include file: <string.h> not found. Please note: Cppcheck does not need standard library headers to get proper results.,/home/yichen/Desktop/Deepseek_SDF05/F014.c|4|information|missingIncludeSystem|Include file: <string.h> not found. Please note: Cppcheck does not need standard library headers to get proper results.,/home/yichen/Desktop/Deepseek_SDF_Results05/logs/F014_cppcheck.log
/home/yichen/Desktop/Deepseek_SDF05/F014.c,cppcheck,True,success,True,0,5,5,information,missingIncludeSystem,Include file: <ctype.h> not found. Please note: Cppcheck does not need standard library headers to get proper results.,/home/yichen/Desktop/Deepseek_SDF05/F014.c|5|information|missingIncludeSystem|Include file: <ctype.h> not found. Please note: Cppcheck does not need standard library headers to get proper results.,/home/yichen/Desktop/Deepseek_SDF_Results05/logs/F014_cppcheck.log
nofile,cppcheck,True,success,True,0,5,0,information,checkersReport,Active checkers: 113/592 (use --checkers-report=<filename> to see details),nofile|0|information|checkersReport|Active checkers: 113/592 (use --checkers-report=<filename> to see details),/home/yichen/Desktop/Deepseek_SDF_Results05/logs/F014_cppcheck.log
/home/yichen/Desktop/Deepseek_SDF05/F015.c,cppcheck,True,success,True,0,6,2,information,missingIncludeSystem,Include file: <stdio.h> not found. Please note: Cppcheck does not need standard library headers to get proper results.,/home/yichen/Desktop/Deepseek_SDF05/F015.c|2|information|missingIncludeSystem|Include file: <stdio.h> not found. Please note: Cppcheck does not need standard library headers to get proper results.,/home/yichen/Desktop/Deepseek_SDF_Results05/logs/F015_cppcheck.log
/home/yichen/Desktop/Deepseek_SDF05/F015.c,cppcheck,True,success,True,0,6,3,information,missingIncludeSystem,Include file: <stdlib.h> not found. Please note: Cppcheck does not need standard library headers to get proper results.,/home/yichen/Desktop/Deepseek_SDF05/F015.c|3|information|missingIncludeSystem|Include file: <stdlib.h> not found. Please note: Cppcheck does not need standard library headers to get proper results.,/home/yichen/Desktop/Deepseek_SDF_Results05/logs/F015_cppcheck.log
/home/yichen/Desktop/Deepseek_SDF05/F015.c,cppcheck,True,success,True,0,6,4,information,missingIncludeSystem,Include file: <string.h> not found. Please note: Cppcheck does not need standard library headers to get proper results.,/home/yichen/Desktop/Deepseek_SDF05/F015.c|4|information|missingIncludeSystem|Include file: <string.h> not found. Please note: Cppcheck does not need standard library headers to get proper results.,/home/yichen/Desktop/Deepseek_SDF_Results05/logs/F015_cppcheck.log
/home/yichen/Desktop/Deepseek_SDF05/F015.c,cppcheck,True,success,True,0,6,5,information,missingIncludeSystem,Include file: <ctype.h> not found. Please note: Cppcheck does not need standard library headers to get proper results.,/home/yichen/Desktop/Deepseek_SDF05/F015.c|5|information|missingIncludeSystem|Include file: <ctype.h> not found. Please note: Cppcheck does not need standard library headers to get proper results.,/home/yichen/Desktop/Deepseek_SDF_Results05/logs/F015_cppcheck.log
/home/yichen/Desktop/Deepseek_SDF05/F015.c,cppcheck,True,success,True,0,6,105,style,constVariablePointer,Variable 'c' can be declared as pointer to const,/home/yichen/Desktop/Deepseek_SDF05/F015.c|105|style|constVariablePointer|Variable 'c' can be declared as pointer to const,/home/yichen/Desktop/Deepseek_SDF_Results05/logs/F015_cppcheck.log
nofile,cppcheck,True,success,True,0,6,0,information,checkersReport,Active checkers: 113/592 (use --checkers-report=<filename> to see details),nofile|0|information|checkersReport|Active checkers: 113/592 (use --checkers-report=<filename> to see details),/home/yichen/Desktop/Deepseek_SDF_Results05/logs/F015_cppcheck.log
/home/yichen/Desktop/Deepseek_SDF05/F016.c,cppcheck,True,success,True,0,6,2,information,missingIncludeSystem,Include file: <stdio.h> not found. Please note: Cppcheck does not need standard library headers to get proper results.,/home/yichen/Desktop/Deepseek_SDF05/F016.c|2|information|missingIncludeSystem|Include file: <stdio.h> not found. Please note: Cppcheck does not need standard library headers to get proper results.,/home/yichen/Desktop/Deepseek_SDF_Results05/logs/F016_cppcheck.log
/home/yichen/Desktop/Deepseek_SDF05/F016.c,cppcheck,True,success,True,0,6,3,information,missingIncludeSystem,Include file: <stdlib.h> not found. Please note: Cppcheck does not need standard library headers to get proper results.,/home/yichen/Desktop/Deepseek_SDF05/F016.c|3|information|missingIncludeSystem|Include file: <stdlib.h> not found. Please note: Cppcheck does not need standard library headers to get proper results.,/home/yichen/Desktop/Deepseek_SDF_Results05/logs/F016_cppcheck.log
/home/yichen/Desktop/Deepseek_SDF05/F016.c,cppcheck,True,success,True,0,6,4,information,missingIncludeSystem,Include file: <string.h> not found. Please note: Cppcheck does not need standard library headers to get proper results.,/home/yichen/Desktop/Deepseek_SDF05/F016.c|4|information|missingIncludeSystem|Include file: <string.h> not found. Please note: Cppcheck does not need standard library headers to get proper results.,/home/yichen/Desktop/Deepseek_SDF_Results05/logs/F016_cppcheck.log
/home/yichen/Desktop/Deepseek_SDF05/F016.c,cppcheck,True,success,True,0,6,5,information,missingIncludeSystem,Include file: <ctype.h> not found. Please note: Cppcheck does not need standard library headers to get proper results.,/home/yichen/Desktop/Deepseek_SDF05/F016.c|5|information|missingIncludeSystem|Include file: <ctype.h> not found. Please note: Cppcheck does not need standard library headers to get proper results.,/home/yichen/Desktop/Deepseek_SDF_Results05/logs/F016_cppcheck.log
/home/yichen/Desktop/Deepseek_SDF05/F016.c,cppcheck,True,success,True,0,6,79,style,constVariablePointer,Variable 'c' can be declared as pointer to const,/home/yichen/Desktop/Deepseek_SDF05/F016.c|79|style|constVariablePointer|Variable 'c' can be declared as pointer to const,/home/yichen/Desktop/Deepseek_SDF_Results05/logs/F016_cppcheck.log
nofile,cppcheck,True,success,True,0,6,0,information,checkersReport,Active checkers: 113/592 (use --checkers-report=<filename> to see details),nofile|0|information|checkersReport|Active checkers: 113/592 (use --checkers-report=<filename> to see details),/home/yichen/Desktop/Deepseek_SDF_Results05/logs/F016_cppcheck.log
/home/yichen/Desktop/Deepseek_SDF05/F017.c,cppcheck,True,success,True,0,7,2,information,missingIncludeSystem,Include file: <stdio.h> not found. Please note: Cppcheck does not need standard library headers to get proper results.,/home/yichen/Desktop/Deepseek_SDF05/F017.c|2|information|missingIncludeSystem|Include file: <stdio.h> not found. Please note: Cppcheck does not need standard library headers to get proper results.,/home/yichen/Desktop/Deepseek_SDF_Results05/logs/F017_cppcheck.log
/home/yichen/Desktop/Deepseek_SDF05/F017.c,cppcheck,True,success,True,0,7,3,information,missingIncludeSystem,Include file: <stdlib.h> not found. Please note: Cppcheck does not need standard library headers to get proper results.,/home/yichen/Desktop/Deepseek_SDF05/F017.c|3|information|missingIncludeSystem|Include file: <stdlib.h> not found. Please note: Cppcheck does not need standard library headers to get proper results.,/home/yichen/Desktop/Deepseek_SDF_Results05/logs/F017_cppcheck.log
/home/yichen/Desktop/Deepseek_SDF05/F017.c,cppcheck,True,success,True,0,7,4,information,missingIncludeSystem,Include file: <string.h> not found. Please note: Cppcheck does not need standard library headers to get proper results.,/home/yichen/Desktop/Deepseek_SDF05/F017.c|4|information|missingIncludeSystem|Include file: <string.h> not found. Please note: Cppcheck does not need standard library headers to get proper results.,/home/yichen/Desktop/Deepseek_SDF_Results05/logs/F017_cppcheck.log
/home/yichen/Desktop/Deepseek_SDF05/F017.c,cppcheck,True,success,True,0,7,5,information,missingIncludeSystem,Include file: <ctype.h> not found. Please note: Cppcheck does not need standard library headers to get proper results.,/home/yichen/Desktop/Deepseek_SDF05/F017.c|5|information|missingIncludeSystem|Include file: <ctype.h> not found. Please note: Cppcheck does not need standard library headers to get proper results.,/home/yichen/Desktop/Deepseek_SDF_Results05/logs/F017_cppcheck.log
/home/yichen/Desktop/Deepseek_SDF05/F017.c,cppcheck,True,success,True,0,7,87,warning,invalidscanf,sscanf() without field width limits can crash with huge input data.,/home/yichen/Desktop/Deepseek_SDF05/F017.c|87|warning|invalidscanf|sscanf() without field width limits can crash with huge input data.,/home/yichen/Desktop/Deepseek_SDF_Results05/logs/F017_cppcheck.log
/home/yichen/Desktop/Deepseek_SDF05/F017.c,cppcheck,True,success,True,0,7,67,style,constVariablePointer,Variable 'c' can be declared as pointer to const,/home/yichen/Desktop/Deepseek_SDF05/F017.c|67|style|constVariablePointer|Variable 'c' can be declared as pointer to const,/home/yichen/Desktop/Deepseek_SDF_Results05/logs/F017_cppcheck.log
nofile,cppcheck,True,success,True,0,7,0,information,checkersReport,Active checkers: 113/592 (use --checkers-report=<filename> to see details),nofile|0|information|checkersReport|Active checkers: 113/592 (use --checkers-report=<filename> to see details),/home/yichen/Desktop/Deepseek_SDF_Results05/logs/F017_cppcheck.log
/home/yichen/Desktop/Deepseek_SDF05/F018.c,cppcheck,True,success,True,0,8,2,information,missingIncludeSystem,Include file: <stdio.h> not found. Please note: Cppcheck does not need standard library headers to get proper results.,/home/yichen/Desktop/Deepseek_SDF05/F018.c|2|information|missingIncludeSystem|Include file: <stdio.h> not found. Please note: Cppcheck does not need standard library headers to get proper results.,/home/yichen/Desktop/Deepseek_SDF_Results05/logs/F018_cppcheck.log
/home/yichen/Desktop/Deepseek_SDF05/F018.c,cppcheck,True,success,True,0,8,3,information,missingIncludeSystem,Include file: <stdlib.h> not found. Please note: Cppcheck does not need standard library headers to get proper results.,/home/yichen/Desktop/Deepseek_SDF05/F018.c|3|information|missingIncludeSystem|Include file: <stdlib.h> not found. Please note: Cppcheck does not need standard library headers to get proper results.,/home/yichen/Desktop/Deepseek_SDF_Results05/logs/F018_cppcheck.log
/home/yichen/Desktop/Deepseek_SDF05/F018.c,cppcheck,True,success,True,0,8,4,information,missingIncludeSystem,Include file: <string.h> not found. Please note: Cppcheck does not need standard library headers to get proper results.,/home/yichen/Desktop/Deepseek_SDF05/F018.c|4|information|missingIncludeSystem|Include file: <string.h> not found. Please note: Cppcheck does not need standard library headers to get proper results.,/home/yichen/Desktop/Deepseek_SDF_Results05/logs/F018_cppcheck.log
/home/yichen/Desktop/Deepseek_SDF05/F018.c,cppcheck,True,success,True,0,8,5,information,missingIncludeSystem,Include file: <ctype.h> not found. Please note: Cppcheck does not need standard library headers to get proper results.,/home/yichen/Desktop/Deepseek_SDF05/F018.c|5|information|missingIncludeSystem|Include file: <ctype.h> not found. Please note: Cppcheck does not need standard library headers to get proper results.,/home/yichen/Desktop/Deepseek_SDF_Results05/logs/F018_cppcheck.log
/home/yichen/Desktop/Deepseek_SDF05/F018.c,cppcheck,True,success,True,0,8,65,style,constVariablePointer,Variable 'w' can be declared as pointer to const,/home/yichen/Desktop/Deepseek_SDF05/F018.c|65|style|constVariablePointer|Variable 'w' can be declared as pointer to const,/home/yichen/Desktop/Deepseek_SDF_Results05/logs/F018_cppcheck.log
/home/yichen/Desktop/Deepseek_SDF05/F018.c,cppcheck,True,success,True,0,8,70,style,constVariablePointer,Variable 'wa' can be declared as pointer to const,/home/yichen/Desktop/Deepseek_SDF05/F018.c|70|style|constVariablePointer|Variable 'wa' can be declared as pointer to const,/home/yichen/Desktop/Deepseek_SDF_Results05/logs/F018_cppcheck.log
/home/yichen/Desktop/Deepseek_SDF05/F018.c,cppcheck,True,success,True,0,8,71,style,constVariablePointer,Variable 'wb' can be declared as pointer to const,/home/yichen/Desktop/Deepseek_SDF05/F018.c|71|style|constVariablePointer|Variable 'wb' can be declared as pointer to const,/home/yichen/Desktop/Deepseek_SDF_Results05/logs/F018_cppcheck.log
nofile,cppcheck,True,success,True,0,8,0,information,checkersReport,Active checkers: 113/592 (use --checkers-report=<filename> to see details),nofile|0|information|checkersReport|Active checkers: 113/592 (use --checkers-report=<filename> to see details),/home/yichen/Desktop/Deepseek_SDF_Results05/logs/F018_cppcheck.log
/home/yichen/Desktop/Deepseek_SDF05/F019.c,cppcheck,True,success,True,0,8,2,information,missingIncludeSystem,Include file: <stdio.h> not found. Please note: Cppcheck does not need standard library headers to get proper results.,/home/yichen/Desktop/Deepseek_SDF05/F019.c|2|information|missingIncludeSystem|Include file: <stdio.h> not found. Please note: Cppcheck does not need standard library headers to get proper results.,/home/yichen/Desktop/Deepseek_SDF_Results05/logs/F019_cppcheck.log
/home/yichen/Desktop/Deepseek_SDF05/F019.c,cppcheck,True,success,True,0,8,3,information,missingIncludeSystem,Include file: <stdlib.h> not found. Please note: Cppcheck does not need standard library headers to get proper results.,/home/yichen/Desktop/Deepseek_SDF05/F019.c|3|information|missingIncludeSystem|Include file: <stdlib.h> not found. Please note: Cppcheck does not need standard library headers to get proper results.,/home/yichen/Desktop/Deepseek_SDF_Results05/logs/F019_cppcheck.log
/home/yichen/Desktop/Deepseek_SDF05/F019.c,cppcheck,True,success,True,0,8,4,information,missingIncludeSystem,Include file: <string.h> not found. Please note: Cppcheck does not need standard library headers to get proper results.,/home/yichen/Desktop/Deepseek_SDF05/F019.c|4|information|missingIncludeSystem|Include file: <string.h> not found. Please note: Cppcheck does not need standard library headers to get proper results.,/home/yichen/Desktop/Deepseek_SDF_Results05/logs/F019_cppcheck.log
/home/yichen/Desktop/Deepseek_SDF05/F019.c,cppcheck,True,success,True,0,8,5,information,missingIncludeSystem,Include file: <ctype.h> not found. Please note: Cppcheck does not need standard library headers to get proper results.,/home/yichen/Desktop/Deepseek_SDF05/F019.c|5|information|missingIncludeSystem|Include file: <ctype.h> not found. Please note: Cppcheck does not need standard library headers to get proper results.,/home/yichen/Desktop/Deepseek_SDF_Results05/logs/F019_cppcheck.log
/home/yichen/Desktop/Deepseek_SDF05/F019.c,cppcheck,True,success,True,0,8,77,warning,invalidscanf,sscanf() without field width limits can crash with huge input data.,/home/yichen/Desktop/Deepseek_SDF05/F019.c|77|warning|invalidscanf|sscanf() without field width limits can crash with huge input data.,/home/yichen/Desktop/Deepseek_SDF_Results05/logs/F019_cppcheck.log
/home/yichen/Desktop/Deepseek_SDF05/F019.c,cppcheck,True,success,True,0,8,116,warning,invalidscanf,sscanf() without field width limits can crash with huge input data.,/home/yichen/Desktop/Deepseek_SDF05/F019.c|116|warning|invalidscanf|sscanf() without field width limits can crash with huge input data.,/home/yichen/Desktop/Deepseek_SDF_Results05/logs/F019_cppcheck.log
/home/yichen/Desktop/Deepseek_SDF05/F019.c,cppcheck,True,success,True,0,8,56,style,constVariablePointer,Variable 'a' can be declared as pointer to const,/home/yichen/Desktop/Deepseek_SDF05/F019.c|56|style|constVariablePointer|Variable 'a' can be declared as pointer to const,/home/yichen/Desktop/Deepseek_SDF_Results05/logs/F019_cppcheck.log
nofile,cppcheck,True,success,True,0,8,0,information,checkersReport,Active checkers: 113/592 (use --checkers-report=<filename> to see details),nofile|0|information|checkersReport|Active checkers: 113/592 (use --checkers-report=<filename> to see details),/home/yichen/Desktop/Deepseek_SDF_Results05/logs/F019_cppcheck.log
/home/yichen/Desktop/Deepseek_SDF05/F020.c,cppcheck,True,success,True,0,6,2,information,missingIncludeSystem,Include file: <stdio.h> not found. Please note: Cppcheck does not need standard library headers to get proper results.,/home/yichen/Desktop/Deepseek_SDF05/F020.c|2|information|missingIncludeSystem|Include file: <stdio.h> not found. Please note: Cppcheck does not need standard library headers to get proper results.,/home/yichen/Desktop/Deepseek_SDF_Results05/logs/F020_cppcheck.log
/home/yichen/Desktop/Deepseek_SDF05/F020.c,cppcheck,True,success,True,0,6,3,information,missingIncludeSystem,Include file: <stdlib.h> not found. Please note: Cppcheck does not need standard library headers to get proper results.,/home/yichen/Desktop/Deepseek_SDF05/F020.c|3|information|missingIncludeSystem|Include file: <stdlib.h> not found. Please note: Cppcheck does not need standard library headers to get proper results.,/home/yichen/Desktop/Deepseek_SDF_Results05/logs/F020_cppcheck.log
/home/yichen/Desktop/Deepseek_SDF05/F020.c,cppcheck,True,success,True,0,6,4,information,missingIncludeSystem,Include file: <string.h> not found. Please note: Cppcheck does not need standard library headers to get proper results.,/home/yichen/Desktop/Deepseek_SDF05/F020.c|4|information|missingIncludeSystem|Include file: <string.h> not found. Please note: Cppcheck does not need standard library headers to get proper results.,/home/yichen/Desktop/Deepseek_SDF_Results05/logs/F020_cppcheck.log
/home/yichen/Desktop/Deepseek_SDF05/F020.c,cppcheck,True,success,True,0,6,5,information,missingIncludeSystem,Include file: <ctype.h> not found. Please note: Cppcheck does not need standard library headers to get proper results.,/home/yichen/Desktop/Deepseek_SDF05/F020.c|5|information|missingIncludeSystem|Include file: <ctype.h> not found. Please note: Cppcheck does not need standard library headers to get proper results.,/home/yichen/Desktop/Deepseek_SDF_Results05/logs/F020_cppcheck.log
/home/yichen/Desktop/Deepseek_SDF05/F020.c,cppcheck,True,success,True,0,6,62,style,constVariablePointer,Variable 'r' can be declared as pointer to const,/home/yichen/Desktop/Deepseek_SDF05/F020.c|62|style|constVariablePointer|Variable 'r' can be declared as pointer to const,/home/yichen/Desktop/Deepseek_SDF_Results05/logs/F020_cppcheck.log
nofile,cppcheck,True,success,True,0,6,0,information,checkersReport,Active checkers: 113/592 (use --checkers-report=<filename> to see details),nofile|0|information|checkersReport|Active checkers: 113/592 (use --checkers-report=<filename> to see details),/home/yichen/Desktop/Deepseek_SDF_Results05/logs/F020_cppcheck.log
/home/yichen/Desktop/Deepseek_SDF05/F021.c,cppcheck,True,success,True,0,5,2,information,missingIncludeSystem,Include file: <stdio.h> not found. Please note: Cppcheck does not need standard library headers to get proper results.,/home/yichen/Desktop/Deepseek_SDF05/F021.c|2|information|missingIncludeSystem|Include file: <stdio.h> not found. Please note: Cppcheck does not need standard library headers to get proper results.,/home/yichen/Desktop/Deepseek_SDF_Results05/logs/F021_cppcheck.log
/home/yichen/Desktop/Deepseek_SDF05/F021.c,cppcheck,True,success,True,0,5,3,information,missingIncludeSystem,Include file: <stdlib.h> not found. Please note: Cppcheck does not need standard library headers to get proper results.,/home/yichen/Desktop/Deepseek_SDF05/F021.c|3|information|missingIncludeSystem|Include file: <stdlib.h> not found. Please note: Cppcheck does not need standard library headers to get proper results.,/home/yichen/Desktop/Deepseek_SDF_Results05/logs/F021_cppcheck.log
/home/yichen/Desktop/Deepseek_SDF05/F021.c,cppcheck,True,success,True,0,5,4,information,missingIncludeSystem,Include file: <string.h> not found. Please note: Cppcheck does not need standard library headers to get proper results.,/home/yichen/Desktop/Deepseek_SDF05/F021.c|4|information|missingIncludeSystem|Include file: <string.h> not found. Please note: Cppcheck does not need standard library headers to get proper results.,/home/yichen/Desktop/Deepseek_SDF_Results05/logs/F021_cppcheck.log
/home/yichen/Desktop/Deepseek_SDF05/F021.c,cppcheck,True,success,True,0,5,5,information,missingIncludeSystem,Include file: <ctype.h> not found. Please note: Cppcheck does not need standard library headers to get proper results.,/home/yichen/Desktop/Deepseek_SDF05/F021.c|5|information|missingIncludeSystem|Include file: <ctype.h> not found. Please note: Cppcheck does not need standard library headers to get proper results.,/home/yichen/Desktop/Deepseek_SDF_Results05/logs/F021_cppcheck.log
nofile,cppcheck,True,success,True,0,5,0,information,checkersReport,Active checkers: 113/592 (use --checkers-report=<filename> to see details),nofile|0|information|checkersReport|Active checkers: 113/592 (use --checkers-report=<filename> to see details),/home/yichen/Desktop/Deepseek_SDF_Results05/logs/F021_cppcheck.log
/home/yichen/Desktop/Deepseek_SDF05/F022.c,cppcheck,True,success,True,0,5,2,information,missingIncludeSystem,Include file: <stdio.h> not found. Please note: Cppcheck does not need standard library headers to get proper results.,/home/yichen/Desktop/Deepseek_SDF05/F022.c|2|information|missingIncludeSystem|Include file: <stdio.h> not found. Please note: Cppcheck does not need standard library headers to get proper results.,/home/yichen/Desktop/Deepseek_SDF_Results05/logs/F022_cppcheck.log
/home/yichen/Desktop/Deepseek_SDF05/F022.c,cppcheck,True,success,True,0,5,3,information,missingIncludeSystem,Include file: <stdlib.h> not found. Please note: Cppcheck does not need standard library headers to get proper results.,/home/yichen/Desktop/Deepseek_SDF05/F022.c|3|information|missingIncludeSystem|Include file: <stdlib.h> not found. Please note: Cppcheck does not need standard library headers to get proper results.,/home/yichen/Desktop/Deepseek_SDF_Results05/logs/F022_cppcheck.log
/home/yichen/Desktop/Deepseek_SDF05/F022.c,cppcheck,True,success,True,0,5,4,information,missingIncludeSystem,Include file: <string.h> not found. Please note: Cppcheck does not need standard library headers to get proper results.,/home/yichen/Desktop/Deepseek_SDF05/F022.c|4|information|missingIncludeSystem|Include file: <string.h> not found. Please note: Cppcheck does not need standard library headers to get proper results.,/home/yichen/Desktop/Deepseek_SDF_Results05/logs/F022_cppcheck.log
/home/yichen/Desktop/Deepseek_SDF05/F022.c,cppcheck,True,success,True,0,5,5,information,missingIncludeSystem,Include file: <ctype.h> not found. Please note: Cppcheck does not need standard library headers to get proper results.,/home/yichen/Desktop/Deepseek_SDF05/F022.c|5|information|missingIncludeSystem|Include file: <ctype.h> not found. Please note: Cppcheck does not need standard library headers to get proper results.,/home/yichen/Desktop/Deepseek_SDF_Results05/logs/F022_cppcheck.log
nofile,cppcheck,True,success,True,0,5,0,information,checkersReport,Active checkers: 113/592 (use --checkers-report=<filename> to see details),nofile|0|information|checkersReport|Active checkers: 113/592 (use --checkers-report=<filename> to see details),/home/yichen/Desktop/Deepseek_SDF_Results05/logs/F022_cppcheck.log
/home/yichen/Desktop/Deepseek_SDF05/F023.c,cppcheck,True,success,True,0,5,2,information,missingIncludeSystem,Include file: <stdio.h> not found. Please note: Cppcheck does not need standard library headers to get proper results.,/home/yichen/Desktop/Deepseek_SDF05/F023.c|2|information|missingIncludeSystem|Include file: <stdio.h> not found. Please note: Cppcheck does not need standard library headers to get proper results.,/home/yichen/Desktop/Deepseek_SDF_Results05/logs/F023_cppcheck.log
/home/yichen/Desktop/Deepseek_SDF05/F023.c,cppcheck,True,success,True,0,5,3,information,missingIncludeSystem,Include file: <stdlib.h> not found. Please note: Cppcheck does not need standard library headers to get proper results.,/home/yichen/Desktop/Deepseek_SDF05/F023.c|3|information|missingIncludeSystem|Include file: <stdlib.h> not found. Please note: Cppcheck does not need standard library headers to get proper results.,/home/yichen/Desktop/Deepseek_SDF_Results05/logs/F023_cppcheck.log
/home/yichen/Desktop/Deepseek_SDF05/F023.c,cppcheck,True,success,True,0,5,4,information,missingIncludeSystem,Include file: <string.h> not found. Please note: Cppcheck does not need standard library headers to get proper results.,/home/yichen/Desktop/Deepseek_SDF05/F023.c|4|information|missingIncludeSystem|Include file: <string.h> not found. Please note: Cppcheck does not need standard library headers to get proper results.,/home/yichen/Desktop/Deepseek_SDF_Results05/logs/F023_cppcheck.log
/home/yichen/Desktop/Deepseek_SDF05/F023.c,cppcheck,True,success,True,0,5,5,information,missingIncludeSystem,Include file: <ctype.h> not found. Please note: Cppcheck does not need standard library headers to get proper results.,/home/yichen/Desktop/Deepseek_SDF05/F023.c|5|information|missingIncludeSystem|Include file: <ctype.h> not found. Please note: Cppcheck does not need standard library headers to get proper results.,/home/yichen/Desktop/Deepseek_SDF_Results05/logs/F023_cppcheck.log
nofile,cppcheck,True,success,True,0,5,0,information,checkersReport,Active checkers: 113/592 (use --checkers-report=<filename> to see details),nofile|0|information|checkersReport|Active checkers: 113/592 (use --checkers-report=<filename> to see details),/home/yichen/Desktop/Deepseek_SDF_Results05/logs/F023_cppcheck.log
/home/yichen/Desktop/Deepseek_SDF05/F024.c,cppcheck,True,success,True,0,5,2,information,missingIncludeSystem,Include file: <stdio.h> not found. Please note: Cppcheck does not need standard library headers to get proper results.,/home/yichen/Desktop/Deepseek_SDF05/F024.c|2|information|missingIncludeSystem|Include file: <stdio.h> not found. Please note: Cppcheck does not need standard library headers to get proper results.,/home/yichen/Desktop/Deepseek_SDF_Results05/logs/F024_cppcheck.log
/home/yichen/Desktop/Deepseek_SDF05/F024.c,cppcheck,True,success,True,0,5,3,information,missingIncludeSystem,Include file: <stdlib.h> not found. Please note: Cppcheck does not need standard library headers to get proper results.,/home/yichen/Desktop/Deepseek_SDF05/F024.c|3|information|missingIncludeSystem|Include file: <stdlib.h> not found. Please note: Cppcheck does not need standard library headers to get proper results.,/home/yichen/Desktop/Deepseek_SDF_Results05/logs/F024_cppcheck.log
/home/yichen/Desktop/Deepseek_SDF05/F024.c,cppcheck,True,success,True,0,5,4,information,missingIncludeSystem,Include file: <string.h> not found. Please note: Cppcheck does not need standard library headers to get proper results.,/home/yichen/Desktop/Deepseek_SDF05/F024.c|4|information|missingIncludeSystem|Include file: <string.h> not found. Please note: Cppcheck does not need standard library headers to get proper results.,/home/yichen/Desktop/Deepseek_SDF_Results05/logs/F024_cppcheck.log
/home/yichen/Desktop/Deepseek_SDF05/F024.c,cppcheck,True,success,True,0,5,5,information,missingIncludeSystem,Include file: <ctype.h> not found. Please note: Cppcheck does not need standard library headers to get proper results.,/home/yichen/Desktop/Deepseek_SDF05/F024.c|5|information|missingIncludeSystem|Include file: <ctype.h> not found. Please note: Cppcheck does not need standard library headers to get proper results.,/home/yichen/Desktop/Deepseek_SDF_Results05/logs/F024_cppcheck.log
nofile,cppcheck,True,success,True,0,5,0,information,checkersReport,Active checkers: 113/592 (use --checkers-report=<filename> to see details),nofile|0|information|checkersReport|Active checkers: 113/592 (use --checkers-report=<filename> to see details),/home/yichen/Desktop/Deepseek_SDF_Results05/logs/F024_cppcheck.log
/home/yichen/Desktop/Deepseek_SDF05/F025.c,cppcheck,True,success,True,0,5,2,information,missingIncludeSystem,Include file: <stdio.h> not found. Please note: Cppcheck does not need standard library headers to get proper results.,/home/yichen/Desktop/Deepseek_SDF05/F025.c|2|information|missingIncludeSystem|Include file: <stdio.h> not found. Please note: Cppcheck does not need standard library headers to get proper results.,/home/yichen/Desktop/Deepseek_SDF_Results05/logs/F025_cppcheck.log
/home/yichen/Desktop/Deepseek_SDF05/F025.c,cppcheck,True,success,True,0,5,3,information,missingIncludeSystem,Include file: <stdlib.h> not found. Please note: Cppcheck does not need standard library headers to get proper results.,/home/yichen/Desktop/Deepseek_SDF05/F025.c|3|information|missingIncludeSystem|Include file: <stdlib.h> not found. Please note: Cppcheck does not need standard library headers to get proper results.,/home/yichen/Desktop/Deepseek_SDF_Results05/logs/F025_cppcheck.log
/home/yichen/Desktop/Deepseek_SDF05/F025.c,cppcheck,True,success,True,0,5,4,information,missingIncludeSystem,Include file: <string.h> not found. Please note: Cppcheck does not need standard library headers to get proper results.,/home/yichen/Desktop/Deepseek_SDF05/F025.c|4|information|missingIncludeSystem|Include file: <string.h> not found. Please note: Cppcheck does not need standard library headers to get proper results.,/home/yichen/Desktop/Deepseek_SDF_Results05/logs/F025_cppcheck.log
/home/yichen/Desktop/Deepseek_SDF05/F025.c,cppcheck,True,success,True,0,5,5,information,missingIncludeSystem,Include file: <ctype.h> not found. Please note: Cppcheck does not need standard library headers to get proper results.,/home/yichen/Desktop/Deepseek_SDF05/F025.c|5|information|missingIncludeSystem|Include file: <ctype.h> not found. Please note: Cppcheck does not need standard library headers to get proper results.,/home/yichen/Desktop/Deepseek_SDF_Results05/logs/F025_cppcheck.log
nofile,cppcheck,True,success,True,0,5,0,information,checkersReport,Active checkers: 113/592 (use --checkers-report=<filename> to see details),nofile|0|information|checkersReport|Active checkers: 113/592 (use --checkers-report=<filename> to see details),/home/yichen/Desktop/Deepseek_SDF_Results05/logs/F025_cppcheck.log
/home/yichen/Desktop/Deepseek_SDF05/F026.c,cppcheck,True,success,True,0,5,2,information,missingIncludeSystem,Include file: <stdio.h> not found. Please note: Cppcheck does not need standard library headers to get proper results.,/home/yichen/Desktop/Deepseek_SDF05/F026.c|2|information|missingIncludeSystem|Include file: <stdio.h> not found. Please note: Cppcheck does not need standard library headers to get proper results.,/home/yichen/Desktop/Deepseek_SDF_Results05/logs/F026_cppcheck.log
/home/yichen/Desktop/Deepseek_SDF05/F026.c,cppcheck,True,success,True,0,5,3,information,missingIncludeSystem,Include file: <stdlib.h> not found. Please note: Cppcheck does not need standard library headers to get proper results.,/home/yichen/Desktop/Deepseek_SDF05/F026.c|3|information|missingIncludeSystem|Include file: <stdlib.h> not found. Please note: Cppcheck does not need standard library headers to get proper results.,/home/yichen/Desktop/Deepseek_SDF_Results05/logs/F026_cppcheck.log
/home/yichen/Desktop/Deepseek_SDF05/F026.c,cppcheck,True,success,True,0,5,4,information,missingIncludeSystem,Include file: <string.h> not found. Please note: Cppcheck does not need standard library headers to get proper results.,/home/yichen/Desktop/Deepseek_SDF05/F026.c|4|information|missingIncludeSystem|Include file: <string.h> not found. Please note: Cppcheck does not need standard library headers to get proper results.,/home/yichen/Desktop/Deepseek_SDF_Results05/logs/F026_cppcheck.log
/home/yichen/Desktop/Deepseek_SDF05/F026.c,cppcheck,True,success,True,0,5,5,information,missingIncludeSystem,Include file: <ctype.h> not found. Please note: Cppcheck does not need standard library headers to get proper results.,/home/yichen/Desktop/Deepseek_SDF05/F026.c|5|information|missingIncludeSystem|Include file: <ctype.h> not found. Please note: Cppcheck does not need standard library headers to get proper results.,/home/yichen/Desktop/Deepseek_SDF_Results05/logs/F026_cppcheck.log
nofile,cppcheck,True,success,True,0,5,0,information,checkersReport,Active checkers: 113/592 (use --checkers-report=<filename> to see details),nofile|0|information|checkersReport|Active checkers: 113/592 (use --checkers-report=<filename> to see details),/home/yichen/Desktop/Deepseek_SDF_Results05/logs/F026_cppcheck.log
/home/yichen/Desktop/Deepseek_SDF05/F027.c,cppcheck,True,success,True,0,5,2,information,missingIncludeSystem,Include file: <stdio.h> not found. Please note: Cppcheck does not need standard library headers to get proper results.,/home/yichen/Desktop/Deepseek_SDF05/F027.c|2|information|missingIncludeSystem|Include file: <stdio.h> not found. Please note: Cppcheck does not need standard library headers to get proper results.,/home/yichen/Desktop/Deepseek_SDF_Results05/logs/F027_cppcheck.log
/home/yichen/Desktop/Deepseek_SDF05/F027.c,cppcheck,True,success,True,0,5,3,information,missingIncludeSystem,Include file: <stdlib.h> not found. Please note: Cppcheck does not need standard library headers to get proper results.,/home/yichen/Desktop/Deepseek_SDF05/F027.c|3|information|missingIncludeSystem|Include file: <stdlib.h> not found. Please note: Cppcheck does not need standard library headers to get proper results.,/home/yichen/Desktop/Deepseek_SDF_Results05/logs/F027_cppcheck.log
/home/yichen/Desktop/Deepseek_SDF05/F027.c,cppcheck,True,success,True,0,5,4,information,missingIncludeSystem,Include file: <string.h> not found. Please note: Cppcheck does not need standard library headers to get proper results.,/home/yichen/Desktop/Deepseek_SDF05/F027.c|4|information|missingIncludeSystem|Include file: <string.h> not found. Please note: Cppcheck does not need standard library headers to get proper results.,/home/yichen/Desktop/Deepseek_SDF_Results05/logs/F027_cppcheck.log
/home/yichen/Desktop/Deepseek_SDF05/F027.c,cppcheck,True,success,True,0,5,5,information,missingIncludeSystem,Include file: <ctype.h> not found. Please note: Cppcheck does not need standard library headers to get proper results.,/home/yichen/Desktop/Deepseek_SDF05/F027.c|5|information|missingIncludeSystem|Include file: <ctype.h> not found. Please note: Cppcheck does not need standard library headers to get proper results.,/home/yichen/Desktop/Deepseek_SDF_Results05/logs/F027_cppcheck.log
nofile,cppcheck,True,success,True,0,5,0,information,checkersReport,Active checkers: 113/592 (use --checkers-report=<filename> to see details),nofile|0|information|checkersReport|Active checkers: 113/592 (use --checkers-report=<filename> to see details),/home/yichen/Desktop/Deepseek_SDF_Results05/logs/F027_cppcheck.log
/home/yichen/Desktop/Deepseek_SDF05/F028.c,cppcheck,True,success,True,0,6,2,information,missingIncludeSystem,Include file: <stdio.h> not found. Please note: Cppcheck does not need standard library headers to get proper results.,/home/yichen/Desktop/Deepseek_SDF05/F028.c|2|information|missingIncludeSystem|Include file: <stdio.h> not found. Please note: Cppcheck does not need standard library headers to get proper results.,/home/yichen/Desktop/Deepseek_SDF_Results05/logs/F028_cppcheck.log
/home/yichen/Desktop/Deepseek_SDF05/F028.c,cppcheck,True,success,True,0,6,3,information,missingIncludeSystem,Include file: <stdlib.h> not found. Please note: Cppcheck does not need standard library headers to get proper results.,/home/yichen/Desktop/Deepseek_SDF05/F028.c|3|information|missingIncludeSystem|Include file: <stdlib.h> not found. Please note: Cppcheck does not need standard library headers to get proper results.,/home/yichen/Desktop/Deepseek_SDF_Results05/logs/F028_cppcheck.log
/home/yichen/Desktop/Deepseek_SDF05/F028.c,cppcheck,True,success,True,0,6,4,information,missingIncludeSystem,Include file: <string.h> not found. Please note: Cppcheck does not need standard library headers to get proper results.,/home/yichen/Desktop/Deepseek_SDF05/F028.c|4|information|missingIncludeSystem|Include file: <string.h> not found. Please note: Cppcheck does not need standard library headers to get proper results.,/home/yichen/Desktop/Deepseek_SDF_Results05/logs/F028_cppcheck.log
/home/yichen/Desktop/Deepseek_SDF05/F028.c,cppcheck,True,success,True,0,6,5,information,missingIncludeSystem,Include file: <ctype.h> not found. Please note: Cppcheck does not need standard library headers to get proper results.,/home/yichen/Desktop/Deepseek_SDF05/F028.c|5|information|missingIncludeSystem|Include file: <ctype.h> not found. Please note: Cppcheck does not need standard library headers to get proper results.,/home/yichen/Desktop/Deepseek_SDF_Results05/logs/F028_cppcheck.log
/home/yichen/Desktop/Deepseek_SDF05/F028.c,cppcheck,True,success,True,0,6,119,style,constVariablePointer,Variable 's' can be declared as pointer to const,/home/yichen/Desktop/Deepseek_SDF05/F028.c|119|style|constVariablePointer|Variable 's' can be declared as pointer to const,/home/yichen/Desktop/Deepseek_SDF_Results05/logs/F028_cppcheck.log
nofile,cppcheck,True,success,True,0,6,0,information,checkersReport,Active checkers: 113/592 (use --checkers-report=<filename> to see details),nofile|0|information|checkersReport|Active checkers: 113/592 (use --checkers-report=<filename> to see details),/home/yichen/Desktop/Deepseek_SDF_Results05/logs/F028_cppcheck.log
/home/yichen/Desktop/Deepseek_SDF05/F029.c,cppcheck,True,success,True,0,5,2,information,missingIncludeSystem,Include file: <stdio.h> not found. Please note: Cppcheck does not need standard library headers to get proper results.,/home/yichen/Desktop/Deepseek_SDF05/F029.c|2|information|missingIncludeSystem|Include file: <stdio.h> not found. Please note: Cppcheck does not need standard library headers to get proper results.,/home/yichen/Desktop/Deepseek_SDF_Results05/logs/F029_cppcheck.log
/home/yichen/Desktop/Deepseek_SDF05/F029.c,cppcheck,True,success,True,0,5,3,information,missingIncludeSystem,Include file: <stdlib.h> not found. Please note: Cppcheck does not need standard library headers to get proper results.,/home/yichen/Desktop/Deepseek_SDF05/F029.c|3|information|missingIncludeSystem|Include file: <stdlib.h> not found. Please note: Cppcheck does not need standard library headers to get proper results.,/home/yichen/Desktop/Deepseek_SDF_Results05/logs/F029_cppcheck.log
/home/yichen/Desktop/Deepseek_SDF05/F029.c,cppcheck,True,success,True,0,5,4,information,missingIncludeSystem,Include file: <string.h> not found. Please note: Cppcheck does not need standard library headers to get proper results.,/home/yichen/Desktop/Deepseek_SDF05/F029.c|4|information|missingIncludeSystem|Include file: <string.h> not found. Please note: Cppcheck does not need standard library headers to get proper results.,/home/yichen/Desktop/Deepseek_SDF_Results05/logs/F029_cppcheck.log
/home/yichen/Desktop/Deepseek_SDF05/F029.c,cppcheck,True,success,True,0,5,5,information,missingIncludeSystem,Include file: <ctype.h> not found. Please note: Cppcheck does not need standard library headers to get proper results.,/home/yichen/Desktop/Deepseek_SDF05/F029.c|5|information|missingIncludeSystem|Include file: <ctype.h> not found. Please note: Cppcheck does not need standard library headers to get proper results.,/home/yichen/Desktop/Deepseek_SDF_Results05/logs/F029_cppcheck.log
nofile,cppcheck,True,success,True,0,5,0,information,checkersReport,Active checkers: 113/592 (use --checkers-report=<filename> to see details),nofile|0|information|checkersReport|Active checkers: 113/592 (use --checkers-report=<filename> to see details),/home/yichen/Desktop/Deepseek_SDF_Results05/logs/F029_cppcheck.log
/home/yichen/Desktop/Deepseek_SDF05/F030.c,cppcheck,True,success,True,0,5,2,information,missingIncludeSystem,Include file: <stdio.h> not found. Please note: Cppcheck does not need standard library headers to get proper results.,/home/yichen/Desktop/Deepseek_SDF05/F030.c|2|information|missingIncludeSystem|Include file: <stdio.h> not found. Please note: Cppcheck does not need standard library headers to get proper results.,/home/yichen/Desktop/Deepseek_SDF_Results05/logs/F030_cppcheck.log
/home/yichen/Desktop/Deepseek_SDF05/F030.c,cppcheck,True,success,True,0,5,3,information,missingIncludeSystem,Include file: <stdlib.h> not found. Please note: Cppcheck does not need standard library headers to get proper results.,/home/yichen/Desktop/Deepseek_SDF05/F030.c|3|information|missingIncludeSystem|Include file: <stdlib.h> not found. Please note: Cppcheck does not need standard library headers to get proper results.,/home/yichen/Desktop/Deepseek_SDF_Results05/logs/F030_cppcheck.log
/home/yichen/Desktop/Deepseek_SDF05/F030.c,cppcheck,True,success,True,0,5,4,information,missingIncludeSystem,Include file: <string.h> not found. Please note: Cppcheck does not need standard library headers to get proper results.,/home/yichen/Desktop/Deepseek_SDF05/F030.c|4|information|missingIncludeSystem|Include file: <string.h> not found. Please note: Cppcheck does not need standard library headers to get proper results.,/home/yichen/Desktop/Deepseek_SDF_Results05/logs/F030_cppcheck.log
/home/yichen/Desktop/Deepseek_SDF05/F030.c,cppcheck,True,success,True,0,5,5,information,missingIncludeSystem,Include file: <ctype.h> not found. Please note: Cppcheck does not need standard library headers to get proper results.,/home/yichen/Desktop/Deepseek_SDF05/F030.c|5|information|missingIncludeSystem|Include file: <ctype.h> not found. Please note: Cppcheck does not need standard library headers to get proper results.,/home/yichen/Desktop/Deepseek_SDF_Results05/logs/F030_cppcheck.log
nofile,cppcheck,True,success,True,0,5,0,information,checkersReport,Active checkers: 113/592 (use --checkers-report=<filename> to see details),nofile|0|information|checkersReport|Active checkers: 113/592 (use --checkers-report=<filename> to see details),/home/yichen/Desktop/Deepseek_SDF_Results05/logs/F030_cppcheck.log
/home/yichen/Desktop/Deepseek_SDF05/F031.c,cppcheck,True,success,True,0,6,2,information,missingIncludeSystem,Include file: <stdio.h> not found. Please note: Cppcheck does not need standard library headers to get proper results.,/home/yichen/Desktop/Deepseek_SDF05/F031.c|2|information|missingIncludeSystem|Include file: <stdio.h> not found. Please note: Cppcheck does not need standard library headers to get proper results.,/home/yichen/Desktop/Deepseek_SDF_Results05/logs/F031_cppcheck.log
/home/yichen/Desktop/Deepseek_SDF05/F031.c,cppcheck,True,success,True,0,6,3,information,missingIncludeSystem,Include file: <stdlib.h> not found. Please note: Cppcheck does not need standard library headers to get proper results.,/home/yichen/Desktop/Deepseek_SDF05/F031.c|3|information|missingIncludeSystem|Include file: <stdlib.h> not found. Please note: Cppcheck does not need standard library headers to get proper results.,/home/yichen/Desktop/Deepseek_SDF_Results05/logs/F031_cppcheck.log
/home/yichen/Desktop/Deepseek_SDF05/F031.c,cppcheck,True,success,True,0,6,4,information,missingIncludeSystem,Include file: <string.h> not found. Please note: Cppcheck does not need standard library headers to get proper results.,/home/yichen/Desktop/Deepseek_SDF05/F031.c|4|information|missingIncludeSystem|Include file: <string.h> not found. Please note: Cppcheck does not need standard library headers to get proper results.,/home/yichen/Desktop/Deepseek_SDF_Results05/logs/F031_cppcheck.log
/home/yichen/Desktop/Deepseek_SDF05/F031.c,cppcheck,True,success,True,0,6,5,information,missingIncludeSystem,Include file: <ctype.h> not found. Please note: Cppcheck does not need standard library headers to get proper results.,/home/yichen/Desktop/Deepseek_SDF05/F031.c|5|information|missingIncludeSystem|Include file: <ctype.h> not found. Please note: Cppcheck does not need standard library headers to get proper results.,/home/yichen/Desktop/Deepseek_SDF_Results05/logs/F031_cppcheck.log
/home/yichen/Desktop/Deepseek_SDF05/F031.c,cppcheck,True,success,True,0,6,62,style,constVariablePointer,Variable 'r' can be declared as pointer to const,/home/yichen/Desktop/Deepseek_SDF05/F031.c|62|style|constVariablePointer|Variable 'r' can be declared as pointer to const,/home/yichen/Desktop/Deepseek_SDF_Results05/logs/F031_cppcheck.log
nofile,cppcheck,True,success,True,0,6,0,information,checkersReport,Active checkers: 113/592 (use --checkers-report=<filename> to see details),nofile|0|information|checkersReport|Active checkers: 113/592 (use --checkers-report=<filename> to see details),/home/yichen/Desktop/Deepseek_SDF_Results05/logs/F031_cppcheck.log
/home/yichen/Desktop/Deepseek_SDF05/F032.c,cppcheck,True,success,True,0,6,2,information,missingIncludeSystem,Include file: <stdio.h> not found. Please note: Cppcheck does not need standard library headers to get proper results.,/home/yichen/Desktop/Deepseek_SDF05/F032.c|2|information|missingIncludeSystem|Include file: <stdio.h> not found. Please note: Cppcheck does not need standard library headers to get proper results.,/home/yichen/Desktop/Deepseek_SDF_Results05/logs/F032_cppcheck.log
/home/yichen/Desktop/Deepseek_SDF05/F032.c,cppcheck,True,success,True,0,6,3,information,missingIncludeSystem,Include file: <stdlib.h> not found. Please note: Cppcheck does not need standard library headers to get proper results.,/home/yichen/Desktop/Deepseek_SDF05/F032.c|3|information|missingIncludeSystem|Include file: <stdlib.h> not found. Please note: Cppcheck does not need standard library headers to get proper results.,/home/yichen/Desktop/Deepseek_SDF_Results05/logs/F032_cppcheck.log
/home/yichen/Desktop/Deepseek_SDF05/F032.c,cppcheck,True,success,True,0,6,4,information,missingIncludeSystem,Include file: <string.h> not found. Please note: Cppcheck does not need standard library headers to get proper results.,/home/yichen/Desktop/Deepseek_SDF05/F032.c|4|information|missingIncludeSystem|Include file: <string.h> not found. Please note: Cppcheck does not need standard library headers to get proper results.,/home/yichen/Desktop/Deepseek_SDF_Results05/logs/F032_cppcheck.log
/home/yichen/Desktop/Deepseek_SDF05/F032.c,cppcheck,True,success,True,0,6,5,information,missingIncludeSystem,Include file: <ctype.h> not found. Please note: Cppcheck does not need standard library headers to get proper results.,/home/yichen/Desktop/Deepseek_SDF05/F032.c|5|information|missingIncludeSystem|Include file: <ctype.h> not found. Please note: Cppcheck does not need standard library headers to get proper results.,/home/yichen/Desktop/Deepseek_SDF_Results05/logs/F032_cppcheck.log
/home/yichen/Desktop/Deepseek_SDF05/F032.c,cppcheck,True,success,True,0,6,111,style,constVariablePointer,Variable 's' can be declared as pointer to const,/home/yichen/Desktop/Deepseek_SDF05/F032.c|111|style|constVariablePointer|Variable 's' can be declared as pointer to const,/home/yichen/Desktop/Deepseek_SDF_Results05/logs/F032_cppcheck.log
nofile,cppcheck,True,success,True,0,6,0,information,checkersReport,Active checkers: 113/592 (use --checkers-report=<filename> to see details),nofile|0|information|checkersReport|Active checkers: 113/592 (use --checkers-report=<filename> to see details),/home/yichen/Desktop/Deepseek_SDF_Results05/logs/F032_cppcheck.log
/home/yichen/Desktop/Deepseek_SDF05/F033.c,cppcheck,True,success,True,0,6,2,information,missingIncludeSystem,Include file: <stdio.h> not found. Please note: Cppcheck does not need standard library headers to get proper results.,/home/yichen/Desktop/Deepseek_SDF05/F033.c|2|information|missingIncludeSystem|Include file: <stdio.h> not found. Please note: Cppcheck does not need standard library headers to get proper results.,/home/yichen/Desktop/Deepseek_SDF_Results05/logs/F033_cppcheck.log
/home/yichen/Desktop/Deepseek_SDF05/F033.c,cppcheck,True,success,True,0,6,3,information,missingIncludeSystem,Include file: <stdlib.h> not found. Please note: Cppcheck does not need standard library headers to get proper results.,/home/yichen/Desktop/Deepseek_SDF05/F033.c|3|information|missingIncludeSystem|Include file: <stdlib.h> not found. Please note: Cppcheck does not need standard library headers to get proper results.,/home/yichen/Desktop/Deepseek_SDF_Results05/logs/F033_cppcheck.log
/home/yichen/Desktop/Deepseek_SDF05/F033.c,cppcheck,True,success,True,0,6,4,information,missingIncludeSystem,Include file: <string.h> not found. Please note: Cppcheck does not need standard library headers to get proper results.,/home/yichen/Desktop/Deepseek_SDF05/F033.c|4|information|missingIncludeSystem|Include file: <string.h> not found. Please note: Cppcheck does not need standard library headers to get proper results.,/home/yichen/Desktop/Deepseek_SDF_Results05/logs/F033_cppcheck.log
/home/yichen/Desktop/Deepseek_SDF05/F033.c,cppcheck,True,success,True,0,6,5,information,missingIncludeSystem,Include file: <ctype.h> not found. Please note: Cppcheck does not need standard library headers to get proper results.,/home/yichen/Desktop/Deepseek_SDF05/F033.c|5|information|missingIncludeSystem|Include file: <ctype.h> not found. Please note: Cppcheck does not need standard library headers to get proper results.,/home/yichen/Desktop/Deepseek_SDF_Results05/logs/F033_cppcheck.log
/home/yichen/Desktop/Deepseek_SDF05/F033.c,cppcheck,True,success,True,0,6,79,style,constVariablePointer,Variable 'e' can be declared as pointer to const,/home/yichen/Desktop/Deepseek_SDF05/F033.c|79|style|constVariablePointer|Variable 'e' can be declared as pointer to const,/home/yichen/Desktop/Deepseek_SDF_Results05/logs/F033_cppcheck.log
nofile,cppcheck,True,success,True,0,6,0,information,checkersReport,Active checkers: 113/592 (use --checkers-report=<filename> to see details),nofile|0|information|checkersReport|Active checkers: 113/592 (use --checkers-report=<filename> to see details),/home/yichen/Desktop/Deepseek_SDF_Results05/logs/F033_cppcheck.log
/home/yichen/Desktop/Deepseek_SDF05/F034.c,cppcheck,True,success,True,0,6,2,information,missingIncludeSystem,Include file: <stdio.h> not found. Please note: Cppcheck does not need standard library headers to get proper results.,/home/yichen/Desktop/Deepseek_SDF05/F034.c|2|information|missingIncludeSystem|Include file: <stdio.h> not found. Please note: Cppcheck does not need standard library headers to get proper results.,/home/yichen/Desktop/Deepseek_SDF_Results05/logs/F034_cppcheck.log
/home/yichen/Desktop/Deepseek_SDF05/F034.c,cppcheck,True,success,True,0,6,3,information,missingIncludeSystem,Include file: <stdlib.h> not found. Please note: Cppcheck does not need standard library headers to get proper results.,/home/yichen/Desktop/Deepseek_SDF05/F034.c|3|information|missingIncludeSystem|Include file: <stdlib.h> not found. Please note: Cppcheck does not need standard library headers to get proper results.,/home/yichen/Desktop/Deepseek_SDF_Results05/logs/F034_cppcheck.log
/home/yichen/Desktop/Deepseek_SDF05/F034.c,cppcheck,True,success,True,0,6,4,information,missingIncludeSystem,Include file: <string.h> not found. Please note: Cppcheck does not need standard library headers to get proper results.,/home/yichen/Desktop/Deepseek_SDF05/F034.c|4|information|missingIncludeSystem|Include file: <string.h> not found. Please note: Cppcheck does not need standard library headers to get proper results.,/home/yichen/Desktop/Deepseek_SDF_Results05/logs/F034_cppcheck.log
/home/yichen/Desktop/Deepseek_SDF05/F034.c,cppcheck,True,success,True,0,6,5,information,missingIncludeSystem,Include file: <ctype.h> not found. Please note: Cppcheck does not need standard library headers to get proper results.,/home/yichen/Desktop/Deepseek_SDF05/F034.c|5|information|missingIncludeSystem|Include file: <ctype.h> not found. Please note: Cppcheck does not need standard library headers to get proper results.,/home/yichen/Desktop/Deepseek_SDF_Results05/logs/F034_cppcheck.log
/home/yichen/Desktop/Deepseek_SDF05/F034.c,cppcheck,True,success,True,0,6,130,style,constVariablePointer,Variable 'filename' can be declared as pointer to const,/home/yichen/Desktop/Deepseek_SDF05/F034.c|130|style|constVariablePointer|Variable 'filename' can be declared as pointer to const,/home/yichen/Desktop/Deepseek_SDF_Results05/logs/F034_cppcheck.log
nofile,cppcheck,True,success,True,0,6,0,information,checkersReport,Active checkers: 113/592 (use --checkers-report=<filename> to see details),nofile|0|information|checkersReport|Active checkers: 113/592 (use --checkers-report=<filename> to see details),/home/yichen/Desktop/Deepseek_SDF_Results05/logs/F034_cppcheck.log
/home/yichen/Desktop/Deepseek_SDF05/F035.c,cppcheck,True,success,True,0,6,2,information,missingIncludeSystem,Include file: <stdio.h> not found. Please note: Cppcheck does not need standard library headers to get proper results.,/home/yichen/Desktop/Deepseek_SDF05/F035.c|2|information|missingIncludeSystem|Include file: <stdio.h> not found. Please note: Cppcheck does not need standard library headers to get proper results.,/home/yichen/Desktop/Deepseek_SDF_Results05/logs/F035_cppcheck.log
/home/yichen/Desktop/Deepseek_SDF05/F035.c,cppcheck,True,success,True,0,6,3,information,missingIncludeSystem,Include file: <stdlib.h> not found. Please note: Cppcheck does not need standard library headers to get proper results.,/home/yichen/Desktop/Deepseek_SDF05/F035.c|3|information|missingIncludeSystem|Include file: <stdlib.h> not found. Please note: Cppcheck does not need standard library headers to get proper results.,/home/yichen/Desktop/Deepseek_SDF_Results05/logs/F035_cppcheck.log
/home/yichen/Desktop/Deepseek_SDF05/F035.c,cppcheck,True,success,True,0,6,4,information,missingIncludeSystem,Include file: <string.h> not found. Please note: Cppcheck does not need standard library headers to get proper results.,/home/yichen/Desktop/Deepseek_SDF05/F035.c|4|information|missingIncludeSystem|Include file: <string.h> not found. Please note: Cppcheck does not need standard library headers to get proper results.,/home/yichen/Desktop/Deepseek_SDF_Results05/logs/F035_cppcheck.log
/home/yichen/Desktop/Deepseek_SDF05/F035.c,cppcheck,True,success,True,0,6,5,information,missingIncludeSystem,Include file: <ctype.h> not found. Please note: Cppcheck does not need standard library headers to get proper results.,/home/yichen/Desktop/Deepseek_SDF05/F035.c|5|information|missingIncludeSystem|Include file: <ctype.h> not found. Please note: Cppcheck does not need standard library headers to get proper results.,/home/yichen/Desktop/Deepseek_SDF_Results05/logs/F035_cppcheck.log
/home/yichen/Desktop/Deepseek_SDF05/F035.c,cppcheck,True,success,True,0,6,46,style,constVariablePointer,Variable 'old_job' can be declared as pointer to const,/home/yichen/Desktop/Deepseek_SDF05/F035.c|46|style|constVariablePointer|Variable 'old_job' can be declared as pointer to const,/home/yichen/Desktop/Deepseek_SDF_Results05/logs/F035_cppcheck.log
nofile,cppcheck,True,success,True,0,6,0,information,checkersReport,Active checkers: 113/592 (use --checkers-report=<filename> to see details),nofile|0|information|checkersReport|Active checkers: 113/592 (use --checkers-report=<filename> to see details),/home/yichen/Desktop/Deepseek_SDF_Results05/logs/F035_cppcheck.log
/home/yichen/Desktop/Deepseek_SDF05/F036.c,cppcheck,True,success,True,0,6,2,information,missingIncludeSystem,Include file: <stdio.h> not found. Please note: Cppcheck does not need standard library headers to get proper results.,/home/yichen/Desktop/Deepseek_SDF05/F036.c|2|information|missingIncludeSystem|Include file: <stdio.h> not found. Please note: Cppcheck does not need standard library headers to get proper results.,/home/yichen/Desktop/Deepseek_SDF_Results05/logs/F036_cppcheck.log
/home/yichen/Desktop/Deepseek_SDF05/F036.c,cppcheck,True,success,True,0,6,3,information,missingIncludeSystem,Include file: <stdlib.h> not found. Please note: Cppcheck does not need standard library headers to get proper results.,/home/yichen/Desktop/Deepseek_SDF05/F036.c|3|information|missingIncludeSystem|Include file: <stdlib.h> not found. Please note: Cppcheck does not need standard library headers to get proper results.,/home/yichen/Desktop/Deepseek_SDF_Results05/logs/F036_cppcheck.log
/home/yichen/Desktop/Deepseek_SDF05/F036.c,cppcheck,True,success,True,0,6,4,information,missingIncludeSystem,Include file: <string.h> not found. Please note: Cppcheck does not need standard library headers to get proper results.,/home/yichen/Desktop/Deepseek_SDF05/F036.c|4|information|missingIncludeSystem|Include file: <string.h> not found. Please note: Cppcheck does not need standard library headers to get proper results.,/home/yichen/Desktop/Deepseek_SDF_Results05/logs/F036_cppcheck.log
/home/yichen/Desktop/Deepseek_SDF05/F036.c,cppcheck,True,success,True,0,6,5,information,missingIncludeSystem,Include file: <ctype.h> not found. Please note: Cppcheck does not need standard library headers to get proper results.,/home/yichen/Desktop/Deepseek_SDF05/F036.c|5|information|missingIncludeSystem|Include file: <ctype.h> not found. Please note: Cppcheck does not need standard library headers to get proper results.,/home/yichen/Desktop/Deepseek_SDF_Results05/logs/F036_cppcheck.log
/home/yichen/Desktop/Deepseek_SDF05/F036.c,cppcheck,True,success,True,0,6,62,style,constVariablePointer,Variable 'r' can be declared as pointer to const,/home/yichen/Desktop/Deepseek_SDF05/F036.c|62|style|constVariablePointer|Variable 'r' can be declared as pointer to const,/home/yichen/Desktop/Deepseek_SDF_Results05/logs/F036_cppcheck.log
nofile,cppcheck,True,success,True,0,6,0,information,checkersReport,Active checkers: 113/592 (use --checkers-report=<filename> to see details),nofile|0|information|checkersReport|Active checkers: 113/592 (use --checkers-report=<filename> to see details),/home/yichen/Desktop/Deepseek_SDF_Results05/logs/F036_cppcheck.log
/home/yichen/Desktop/Deepseek_SDF05/F037.c,cppcheck,True,success,True,0,5,2,information,missingIncludeSystem,Include file: <stdio.h> not found. Please note: Cppcheck does not need standard library headers to get proper results.,/home/yichen/Desktop/Deepseek_SDF05/F037.c|2|information|missingIncludeSystem|Include file: <stdio.h> not found. Please note: Cppcheck does not need standard library headers to get proper results.,/home/yichen/Desktop/Deepseek_SDF_Results05/logs/F037_cppcheck.log
/home/yichen/Desktop/Deepseek_SDF05/F037.c,cppcheck,True,success,True,0,5,3,information,missingIncludeSystem,Include file: <stdlib.h> not found. Please note: Cppcheck does not need standard library headers to get proper results.,/home/yichen/Desktop/Deepseek_SDF05/F037.c|3|information|missingIncludeSystem|Include file: <stdlib.h> not found. Please note: Cppcheck does not need standard library headers to get proper results.,/home/yichen/Desktop/Deepseek_SDF_Results05/logs/F037_cppcheck.log
/home/yichen/Desktop/Deepseek_SDF05/F037.c,cppcheck,True,success,True,0,5,4,information,missingIncludeSystem,Include file: <string.h> not found. Please note: Cppcheck does not need standard library headers to get proper results.,/home/yichen/Desktop/Deepseek_SDF05/F037.c|4|information|missingIncludeSystem|Include file: <string.h> not found. Please note: Cppcheck does not need standard library headers to get proper results.,/home/yichen/Desktop/Deepseek_SDF_Results05/logs/F037_cppcheck.log
/home/yichen/Desktop/Deepseek_SDF05/F037.c,cppcheck,True,success,True,0,5,5,information,missingIncludeSystem,Include file: <ctype.h> not found. Please note: Cppcheck does not need standard library headers to get proper results.,/home/yichen/Desktop/Deepseek_SDF05/F037.c|5|information|missingIncludeSystem|Include file: <ctype.h> not found. Please note: Cppcheck does not need standard library headers to get proper results.,/home/yichen/Desktop/Deepseek_SDF_Results05/logs/F037_cppcheck.log
nofile,cppcheck,True,success,True,0,5,0,information,checkersReport,Active checkers: 113/592 (use --checkers-report=<filename> to see details),nofile|0|information|checkersReport|Active checkers: 113/592 (use --checkers-report=<filename> to see details),/home/yichen/Desktop/Deepseek_SDF_Results05/logs/F037_cppcheck.log
/home/yichen/Desktop/Deepseek_SDF05/F038.c,cppcheck,True,success,True,0,6,2,information,missingIncludeSystem,Include file: <stdio.h> not found. Please note: Cppcheck does not need standard library headers to get proper results.,/home/yichen/Desktop/Deepseek_SDF05/F038.c|2|information|missingIncludeSystem|Include file: <stdio.h> not found. Please note: Cppcheck does not need standard library headers to get proper results.,/home/yichen/Desktop/Deepseek_SDF_Results05/logs/F038_cppcheck.log
/home/yichen/Desktop/Deepseek_SDF05/F038.c,cppcheck,True,success,True,0,6,3,information,missingIncludeSystem,Include file: <stdlib.h> not found. Please note: Cppcheck does not need standard library headers to get proper results.,/home/yichen/Desktop/Deepseek_SDF05/F038.c|3|information|missingIncludeSystem|Include file: <stdlib.h> not found. Please note: Cppcheck does not need standard library headers to get proper results.,/home/yichen/Desktop/Deepseek_SDF_Results05/logs/F038_cppcheck.log
/home/yichen/Desktop/Deepseek_SDF05/F038.c,cppcheck,True,success,True,0,6,4,information,missingIncludeSystem,Include file: <string.h> not found. Please note: Cppcheck does not need standard library headers to get proper results.,/home/yichen/Desktop/Deepseek_SDF05/F038.c|4|information|missingIncludeSystem|Include file: <string.h> not found. Please note: Cppcheck does not need standard library headers to get proper results.,/home/yichen/Desktop/Deepseek_SDF_Results05/logs/F038_cppcheck.log
/home/yichen/Desktop/Deepseek_SDF05/F038.c,cppcheck,True,success,True,0,6,5,information,missingIncludeSystem,Include file: <ctype.h> not found. Please note: Cppcheck does not need standard library headers to get proper results.,/home/yichen/Desktop/Deepseek_SDF05/F038.c|5|information|missingIncludeSystem|Include file: <ctype.h> not found. Please note: Cppcheck does not need standard library headers to get proper results.,/home/yichen/Desktop/Deepseek_SDF_Results05/logs/F038_cppcheck.log
/home/yichen/Desktop/Deepseek_SDF05/F038.c,cppcheck,True,success,True,0,6,46,style,constVariablePointer,Variable 'e' can be declared as pointer to const,/home/yichen/Desktop/Deepseek_SDF05/F038.c|46|style|constVariablePointer|Variable 'e' can be declared as pointer to const,/home/yichen/Desktop/Deepseek_SDF_Results05/logs/F038_cppcheck.log
nofile,cppcheck,True,success,True,0,6,0,information,checkersReport,Active checkers: 113/592 (use --checkers-report=<filename> to see details),nofile|0|information|checkersReport|Active checkers: 113/592 (use --checkers-report=<filename> to see details),/home/yichen/Desktop/Deepseek_SDF_Results05/logs/F038_cppcheck.log
/home/yichen/Desktop/Deepseek_SDF05/F039.c,cppcheck,True,success,True,0,6,2,information,missingIncludeSystem,Include file: <stdio.h> not found. Please note: Cppcheck does not need standard library headers to get proper results.,/home/yichen/Desktop/Deepseek_SDF05/F039.c|2|information|missingIncludeSystem|Include file: <stdio.h> not found. Please note: Cppcheck does not need standard library headers to get proper results.,/home/yichen/Desktop/Deepseek_SDF_Results05/logs/F039_cppcheck.log
/home/yichen/Desktop/Deepseek_SDF05/F039.c,cppcheck,True,success,True,0,6,3,information,missingIncludeSystem,Include file: <stdlib.h> not found. Please note: Cppcheck does not need standard library headers to get proper results.,/home/yichen/Desktop/Deepseek_SDF05/F039.c|3|information|missingIncludeSystem|Include file: <stdlib.h> not found. Please note: Cppcheck does not need standard library headers to get proper results.,/home/yichen/Desktop/Deepseek_SDF_Results05/logs/F039_cppcheck.log
/home/yichen/Desktop/Deepseek_SDF05/F039.c,cppcheck,True,success,True,0,6,4,information,missingIncludeSystem,Include file: <string.h> not found. Please note: Cppcheck does not need standard library headers to get proper results.,/home/yichen/Desktop/Deepseek_SDF05/F039.c|4|information|missingIncludeSystem|Include file: <string.h> not found. Please note: Cppcheck does not need standard library headers to get proper results.,/home/yichen/Desktop/Deepseek_SDF_Results05/logs/F039_cppcheck.log
/home/yichen/Desktop/Deepseek_SDF05/F039.c,cppcheck,True,success,True,0,6,5,information,missingIncludeSystem,Include file: <ctype.h> not found. Please note: Cppcheck does not need standard library headers to get proper results.,/home/yichen/Desktop/Deepseek_SDF05/F039.c|5|information|missingIncludeSystem|Include file: <ctype.h> not found. Please note: Cppcheck does not need standard library headers to get proper results.,/home/yichen/Desktop/Deepseek_SDF_Results05/logs/F039_cppcheck.log
/home/yichen/Desktop/Deepseek_SDF05/F039.c,cppcheck,True,success,True,0,6,68,style,constVariablePointer,Variable 't' can be declared as pointer to const,/home/yichen/Desktop/Deepseek_SDF05/F039.c|68|style|constVariablePointer|Variable 't' can be declared as pointer to const,/home/yichen/Desktop/Deepseek_SDF_Results05/logs/F039_cppcheck.log
nofile,cppcheck,True,success,True,0,6,0,information,checkersReport,Active checkers: 113/592 (use --checkers-report=<filename> to see details),nofile|0|information|checkersReport|Active checkers: 113/592 (use --checkers-report=<filename> to see details),/home/yichen/Desktop/Deepseek_SDF_Results05/logs/F039_cppcheck.log
/home/yichen/Desktop/Deepseek_SDF05/F040.c,cppcheck,True,success,True,0,8,2,information,missingIncludeSystem,Include file: <stdio.h> not found. Please note: Cppcheck does not need standard library headers to get proper results.,/home/yichen/Desktop/Deepseek_SDF05/F040.c|2|information|missingIncludeSystem|Include file: <stdio.h> not found. Please note: Cppcheck does not need standard library headers to get proper results.,/home/yichen/Desktop/Deepseek_SDF_Results05/logs/F040_cppcheck.log
/home/yichen/Desktop/Deepseek_SDF05/F040.c,cppcheck,True,success,True,0,8,3,information,missingIncludeSystem,Include file: <stdlib.h> not found. Please note: Cppcheck does not need standard library headers to get proper results.,/home/yichen/Desktop/Deepseek_SDF05/F040.c|3|information|missingIncludeSystem|Include file: <stdlib.h> not found. Please note: Cppcheck does not need standard library headers to get proper results.,/home/yichen/Desktop/Deepseek_SDF_Results05/logs/F040_cppcheck.log
/home/yichen/Desktop/Deepseek_SDF05/F040.c,cppcheck,True,success,True,0,8,4,information,missingIncludeSystem,Include file: <string.h> not found. Please note: Cppcheck does not need standard library headers to get proper results.,/home/yichen/Desktop/Deepseek_SDF05/F040.c|4|information|missingIncludeSystem|Include file: <string.h> not found. Please note: Cppcheck does not need standard library headers to get proper results.,/home/yichen/Desktop/Deepseek_SDF_Results05/logs/F040_cppcheck.log
/home/yichen/Desktop/Deepseek_SDF05/F040.c,cppcheck,True,success,True,0,8,5,information,missingIncludeSystem,Include file: <ctype.h> not found. Please note: Cppcheck does not need standard library headers to get proper results.,/home/yichen/Desktop/Deepseek_SDF05/F040.c|5|information|missingIncludeSystem|Include file: <ctype.h> not found. Please note: Cppcheck does not need standard library headers to get proper results.,/home/yichen/Desktop/Deepseek_SDF_Results05/logs/F040_cppcheck.log
/home/yichen/Desktop/Deepseek_SDF05/F040.c,cppcheck,True,success,True,0,8,130,warning,invalidscanf,sscanf() without field width limits can crash with huge input data.,/home/yichen/Desktop/Deepseek_SDF05/F040.c|130|warning|invalidscanf|sscanf() without field width limits can crash with huge input data.,/home/yichen/Desktop/Deepseek_SDF_Results05/logs/F040_cppcheck.log
/home/yichen/Desktop/Deepseek_SDF05/F040.c,cppcheck,True,success,True,0,8,71,style,constVariablePointer,Variable 'p' can be declared as pointer to const,/home/yichen/Desktop/Deepseek_SDF05/F040.c|71|style|constVariablePointer|Variable 'p' can be declared as pointer to const,/home/yichen/Desktop/Deepseek_SDF_Results05/logs/F040_cppcheck.log
/home/yichen/Desktop/Deepseek_SDF05/F040.c,cppcheck,True,success,True,0,8,77,style,constVariablePointer,Variable 'p' can be declared as pointer to const,/home/yichen/Desktop/Deepseek_SDF05/F040.c|77|style|constVariablePointer|Variable 'p' can be declared as pointer to const,/home/yichen/Desktop/Deepseek_SDF_Results05/logs/F040_cppcheck.log
nofile,cppcheck,True,success,True,0,8,0,information,checkersReport,Active checkers: 113/592 (use --checkers-report=<filename> to see details),nofile|0|information|checkersReport|Active checkers: 113/592 (use --checkers-report=<filename> to see details),/home/yichen/Desktop/Deepseek_SDF_Results05/logs/F040_cppcheck.log
