file,tool,attempted,status,success,returncode,finding_count,line,severity,check_id,message,evidence,log_path
/home/yichen/Desktop/Qwen_Security_Prompt08/F001.c,cppcheck,True,success,True,0,11,2,information,missingIncludeSystem,Include file: <stdio.h> not found. Please note: Cppcheck does not need standard library headers to get proper results.,/home/yichen/Desktop/Qwen_Security_Prompt08/F001.c|2|information|missingIncludeSystem|Include file: <stdio.h> not found. Please note: Cppcheck does not need standard library headers to get proper results.,/home/yichen/Desktop/Qwen_Security_Results08/logs/F001_cppcheck.log
/home/yichen/Desktop/Qwen_Security_Prompt08/F001.c,cppcheck,True,success,True,0,11,3,information,missingIncludeSystem,Include file: <stdlib.h> not found. Please note: Cppcheck does not need standard library headers to get proper results.,/home/yichen/Desktop/Qwen_Security_Prompt08/F001.c|3|information|missingIncludeSystem|Include file: <stdlib.h> not found. Please note: Cppcheck does not need standard library headers to get proper results.,/home/yichen/Desktop/Qwen_Security_Results08/logs/F001_cppcheck.log
/home/yichen/Desktop/Qwen_Security_Prompt08/F001.c,cppcheck,True,success,True,0,11,4,information,missingIncludeSystem,Include file: <string.h> not found. Please note: Cppcheck does not need standard library headers to get proper results.,/home/yichen/Desktop/Qwen_Security_Prompt08/F001.c|4|information|missingIncludeSystem|Include file: <string.h> not found. Please note: Cppcheck does not need standard library headers to get proper results.,/home/yichen/Desktop/Qwen_Security_Results08/logs/F001_cppcheck.log
/home/yichen/Desktop/Qwen_Security_Prompt08/F001.c,cppcheck,True,success,True,0,11,41,warning,invalidscanf,scanf() without field width limits can crash with huge input data.,/home/yichen/Desktop/Qwen_Security_Prompt08/F001.c|41|warning|invalidscanf|scanf() without field width limits can crash with huge input data.,/home/yichen/Desktop/Qwen_Security_Results08/logs/F001_cppcheck.log
/home/yichen/Desktop/Qwen_Security_Prompt08/F001.c,cppcheck,True,success,True,0,11,43,warning,invalidscanf,scanf() without field width limits can crash with huge input data.,/home/yichen/Desktop/Qwen_Security_Prompt08/F001.c|43|warning|invalidscanf|scanf() without field width limits can crash with huge input data.,/home/yichen/Desktop/Qwen_Security_Results08/logs/F001_cppcheck.log
/home/yichen/Desktop/Qwen_Security_Prompt08/F001.c,cppcheck,True,success,True,0,11,69,warning,invalidscanf,scanf() without field width limits can crash with huge input data.,/home/yichen/Desktop/Qwen_Security_Prompt08/F001.c|69|warning|invalidscanf|scanf() without field width limits can crash with huge input data.,/home/yichen/Desktop/Qwen_Security_Results08/logs/F001_cppcheck.log
/home/yichen/Desktop/Qwen_Security_Prompt08/F001.c,cppcheck,True,success,True,0,11,91,warning,invalidscanf,scanf() without field width limits can crash with huge input data.,/home/yichen/Desktop/Qwen_Security_Prompt08/F001.c|91|warning|invalidscanf|scanf() without field width limits can crash with huge input data.,/home/yichen/Desktop/Qwen_Security_Results08/logs/F001_cppcheck.log
/home/yichen/Desktop/Qwen_Security_Prompt08/F001.c,cppcheck,True,success,True,0,11,15,style,constParameterPointer,Parameter 'id' can be declared as pointer to const,/home/yichen/Desktop/Qwen_Security_Prompt08/F001.c|15|style|constParameterPointer|Parameter 'id' can be declared as pointer to const,/home/yichen/Desktop/Qwen_Security_Results08/logs/F001_cppcheck.log
/home/yichen/Desktop/Qwen_Security_Prompt08/F001.c,cppcheck,True,success,True,0,11,15,style,constParameterPointer,Parameter 'text' can be declared as pointer to const,/home/yichen/Desktop/Qwen_Security_Prompt08/F001.c|15|style|constParameterPointer|Parameter 'text' can be declared as pointer to const,/home/yichen/Desktop/Qwen_Security_Results08/logs/F001_cppcheck.log
/home/yichen/Desktop/Qwen_Security_Prompt08/F001.c,cppcheck,True,success,True,0,11,28,style,constParameterPointer,Parameter 'id' can be declared as pointer to const,/home/yichen/Desktop/Qwen_Security_Prompt08/F001.c|28|style|constParameterPointer|Parameter 'id' can be declared as pointer to const,/home/yichen/Desktop/Qwen_Security_Results08/logs/F001_cppcheck.log
nofile,cppcheck,True,success,True,0,11,0,information,checkersReport,Active checkers: 113/592 (use --checkers-report=<filename> to see details),nofile|0|information|checkersReport|Active checkers: 113/592 (use --checkers-report=<filename> to see details),/home/yichen/Desktop/Qwen_Security_Results08/logs/F001_cppcheck.log
/home/yichen/Desktop/Qwen_Security_Prompt08/F002.c,cppcheck,True,success,True,0,12,2,information,missingIncludeSystem,Include file: <stdio.h> not found. Please note: Cppcheck does not need standard library headers to get proper results.,/home/yichen/Desktop/Qwen_Security_Prompt08/F002.c|2|information|missingIncludeSystem|Include file: <stdio.h> not found. Please note: Cppcheck does not need standard library headers to get proper results.,/home/yichen/Desktop/Qwen_Security_Results08/logs/F002_cppcheck.log
/home/yichen/Desktop/Qwen_Security_Prompt08/F002.c,cppcheck,True,success,True,0,12,3,information,missingIncludeSystem,Include file: <stdlib.h> not found. Please note: Cppcheck does not need standard library headers to get proper results.,/home/yichen/Desktop/Qwen_Security_Prompt08/F002.c|3|information|missingIncludeSystem|Include file: <stdlib.h> not found. Please note: Cppcheck does not need standard library headers to get proper results.,/home/yichen/Desktop/Qwen_Security_Results08/logs/F002_cppcheck.log
/home/yichen/Desktop/Qwen_Security_Prompt08/F002.c,cppcheck,True,success,True,0,12,4,information,missingIncludeSystem,Include file: <string.h> not found. Please note: Cppcheck does not need standard library headers to get proper results.,/home/yichen/Desktop/Qwen_Security_Prompt08/F002.c|4|information|missingIncludeSystem|Include file: <string.h> not found. Please note: Cppcheck does not need standard library headers to get proper results.,/home/yichen/Desktop/Qwen_Security_Results08/logs/F002_cppcheck.log
/home/yichen/Desktop/Qwen_Security_Prompt08/F002.c,cppcheck,True,success,True,0,12,37,warning,invalidscanf,scanf() without field width limits can crash with huge input data.,/home/yichen/Desktop/Qwen_Security_Prompt08/F002.c|37|warning|invalidscanf|scanf() without field width limits can crash with huge input data.,/home/yichen/Desktop/Qwen_Security_Results08/logs/F002_cppcheck.log
/home/yichen/Desktop/Qwen_Security_Prompt08/F002.c,cppcheck,True,success,True,0,12,39,warning,invalidscanf,scanf() without field width limits can crash with huge input data.,/home/yichen/Desktop/Qwen_Security_Prompt08/F002.c|39|warning|invalidscanf|scanf() without field width limits can crash with huge input data.,/home/yichen/Desktop/Qwen_Security_Results08/logs/F002_cppcheck.log
/home/yichen/Desktop/Qwen_Security_Prompt08/F002.c,cppcheck,True,success,True,0,12,47,warning,invalidscanf,scanf() without field width limits can crash with huge input data.,/home/yichen/Desktop/Qwen_Security_Prompt08/F002.c|47|warning|invalidscanf|scanf() without field width limits can crash with huge input data.,/home/yichen/Desktop/Qwen_Security_Results08/logs/F002_cppcheck.log
/home/yichen/Desktop/Qwen_Security_Prompt08/F002.c,cppcheck,True,success,True,0,12,61,warning,invalidscanf,scanf() without field width limits can crash with huge input data.,/home/yichen/Desktop/Qwen_Security_Prompt08/F002.c|61|warning|invalidscanf|scanf() without field width limits can crash with huge input data.,/home/yichen/Desktop/Qwen_Security_Results08/logs/F002_cppcheck.log
/home/yichen/Desktop/Qwen_Security_Prompt08/F002.c,cppcheck,True,success,True,0,12,80,warning,invalidscanf,scanf() without field width limits can crash with huge input data.,/home/yichen/Desktop/Qwen_Security_Prompt08/F002.c|80|warning|invalidscanf|scanf() without field width limits can crash with huge input data.,/home/yichen/Desktop/Qwen_Security_Results08/logs/F002_cppcheck.log
/home/yichen/Desktop/Qwen_Security_Prompt08/F002.c,cppcheck,True,success,True,0,12,14,style,constParameterPointer,Parameter 'tag' can be declared as pointer to const,/home/yichen/Desktop/Qwen_Security_Prompt08/F002.c|14|style|constParameterPointer|Parameter 'tag' can be declared as pointer to const,/home/yichen/Desktop/Qwen_Security_Results08/logs/F002_cppcheck.log
/home/yichen/Desktop/Qwen_Security_Prompt08/F002.c,cppcheck,True,success,True,0,12,14,style,constParameterPointer,Parameter 'msg' can be declared as pointer to const,/home/yichen/Desktop/Qwen_Security_Prompt08/F002.c|14|style|constParameterPointer|Parameter 'msg' can be declared as pointer to const,/home/yichen/Desktop/Qwen_Security_Results08/logs/F002_cppcheck.log
/home/yichen/Desktop/Qwen_Security_Prompt08/F002.c,cppcheck,True,success,True,0,12,22,style,constParameterPointer,Parameter 'tag' can be declared as pointer to const,/home/yichen/Desktop/Qwen_Security_Prompt08/F002.c|22|style|constParameterPointer|Parameter 'tag' can be declared as pointer to const,/home/yichen/Desktop/Qwen_Security_Results08/logs/F002_cppcheck.log
nofile,cppcheck,True,success,True,0,12,0,information,checkersReport,Active checkers: 113/592 (use --checkers-report=<filename> to see details),nofile|0|information|checkersReport|Active checkers: 113/592 (use --checkers-report=<filename> to see details),/home/yichen/Desktop/Qwen_Security_Results08/logs/F002_cppcheck.log
/home/yichen/Desktop/Qwen_Security_Prompt08/F003.c,cppcheck,True,success,True,0,9,2,information,missingIncludeSystem,Include file: <stdio.h> not found. Please note: Cppcheck does not need standard library headers to get proper results.,/home/yichen/Desktop/Qwen_Security_Prompt08/F003.c|2|information|missingIncludeSystem|Include file: <stdio.h> not found. Please note: Cppcheck does not need standard library headers to get proper results.,/home/yichen/Desktop/Qwen_Security_Results08/logs/F003_cppcheck.log
/home/yichen/Desktop/Qwen_Security_Prompt08/F003.c,cppcheck,True,success,True,0,9,3,information,missingIncludeSystem,Include file: <stdlib.h> not found. Please note: Cppcheck does not need standard library headers to get proper results.,/home/yichen/Desktop/Qwen_Security_Prompt08/F003.c|3|information|missingIncludeSystem|Include file: <stdlib.h> not found. Please note: Cppcheck does not need standard library headers to get proper results.,/home/yichen/Desktop/Qwen_Security_Results08/logs/F003_cppcheck.log
/home/yichen/Desktop/Qwen_Security_Prompt08/F003.c,cppcheck,True,success,True,0,9,4,information,missingIncludeSystem,Include file: <string.h> not found. Please note: Cppcheck does not need standard library headers to get proper results.,/home/yichen/Desktop/Qwen_Security_Prompt08/F003.c|4|information|missingIncludeSystem|Include file: <string.h> not found. Please note: Cppcheck does not need standard library headers to get proper results.,/home/yichen/Desktop/Qwen_Security_Results08/logs/F003_cppcheck.log
/home/yichen/Desktop/Qwen_Security_Prompt08/F003.c,cppcheck,True,success,True,0,9,19,warning,invalidscanf,scanf() without field width limits can crash with huge input data.,/home/yichen/Desktop/Qwen_Security_Prompt08/F003.c|19|warning|invalidscanf|scanf() without field width limits can crash with huge input data.,/home/yichen/Desktop/Qwen_Security_Results08/logs/F003_cppcheck.log
/home/yichen/Desktop/Qwen_Security_Prompt08/F003.c,cppcheck,True,success,True,0,9,21,warning,invalidscanf,scanf() without field width limits can crash with huge input data.,/home/yichen/Desktop/Qwen_Security_Prompt08/F003.c|21|warning|invalidscanf|scanf() without field width limits can crash with huge input data.,/home/yichen/Desktop/Qwen_Security_Results08/logs/F003_cppcheck.log
/home/yichen/Desktop/Qwen_Security_Prompt08/F003.c,cppcheck,True,success,True,0,9,42,warning,invalidscanf,scanf() without field width limits can crash with huge input data.,/home/yichen/Desktop/Qwen_Security_Prompt08/F003.c|42|warning|invalidscanf|scanf() without field width limits can crash with huge input data.,/home/yichen/Desktop/Qwen_Security_Results08/logs/F003_cppcheck.log
/home/yichen/Desktop/Qwen_Security_Prompt08/F003.c,cppcheck,True,success,True,0,9,58,warning,invalidscanf,scanf() without field width limits can crash with huge input data.,/home/yichen/Desktop/Qwen_Security_Prompt08/F003.c|58|warning|invalidscanf|scanf() without field width limits can crash with huge input data.,/home/yichen/Desktop/Qwen_Security_Results08/logs/F003_cppcheck.log
/home/yichen/Desktop/Qwen_Security_Prompt08/F003.c,cppcheck,True,success,True,0,9,68,warning,invalidscanf,scanf() without field width limits can crash with huge input data.,/home/yichen/Desktop/Qwen_Security_Prompt08/F003.c|68|warning|invalidscanf|scanf() without field width limits can crash with huge input data.,/home/yichen/Desktop/Qwen_Security_Results08/logs/F003_cppcheck.log
nofile,cppcheck,True,success,True,0,9,0,information,checkersReport,Active checkers: 113/592 (use --checkers-report=<filename> to see details),nofile|0|information|checkersReport|Active checkers: 113/592 (use --checkers-report=<filename> to see details),/home/yichen/Desktop/Qwen_Security_Results08/logs/F003_cppcheck.log
/home/yichen/Desktop/Qwen_Security_Prompt08/F004.c,cppcheck,True,success,True,0,7,2,information,missingIncludeSystem,Include file: <stdio.h> not found. Please note: Cppcheck does not need standard library headers to get proper results.,/home/yichen/Desktop/Qwen_Security_Prompt08/F004.c|2|information|missingIncludeSystem|Include file: <stdio.h> not found. Please note: Cppcheck does not need standard library headers to get proper results.,/home/yichen/Desktop/Qwen_Security_Results08/logs/F004_cppcheck.log
/home/yichen/Desktop/Qwen_Security_Prompt08/F004.c,cppcheck,True,success,True,0,7,3,information,missingIncludeSystem,Include file: <stdlib.h> not found. Please note: Cppcheck does not need standard library headers to get proper results.,/home/yichen/Desktop/Qwen_Security_Prompt08/F004.c|3|information|missingIncludeSystem|Include file: <stdlib.h> not found. Please note: Cppcheck does not need standard library headers to get proper results.,/home/yichen/Desktop/Qwen_Security_Results08/logs/F004_cppcheck.log
/home/yichen/Desktop/Qwen_Security_Prompt08/F004.c,cppcheck,True,success,True,0,7,4,information,missingIncludeSystem,Include file: <string.h> not found. Please note: Cppcheck does not need standard library headers to get proper results.,/home/yichen/Desktop/Qwen_Security_Prompt08/F004.c|4|information|missingIncludeSystem|Include file: <string.h> not found. Please note: Cppcheck does not need standard library headers to get proper results.,/home/yichen/Desktop/Qwen_Security_Results08/logs/F004_cppcheck.log
/home/yichen/Desktop/Qwen_Security_Prompt08/F004.c,cppcheck,True,success,True,0,7,19,warning,invalidscanf,scanf() without field width limits can crash with huge input data.,/home/yichen/Desktop/Qwen_Security_Prompt08/F004.c|19|warning|invalidscanf|scanf() without field width limits can crash with huge input data.,/home/yichen/Desktop/Qwen_Security_Results08/logs/F004_cppcheck.log
/home/yichen/Desktop/Qwen_Security_Prompt08/F004.c,cppcheck,True,success,True,0,7,21,warning,invalidscanf,scanf() without field width limits can crash with huge input data.,/home/yichen/Desktop/Qwen_Security_Prompt08/F004.c|21|warning|invalidscanf|scanf() without field width limits can crash with huge input data.,/home/yichen/Desktop/Qwen_Security_Results08/logs/F004_cppcheck.log
/home/yichen/Desktop/Qwen_Security_Prompt08/F004.c,cppcheck,True,success,True,0,7,42,warning,invalidscanf,scanf() without field width limits can crash with huge input data.,/home/yichen/Desktop/Qwen_Security_Prompt08/F004.c|42|warning|invalidscanf|scanf() without field width limits can crash with huge input data.,/home/yichen/Desktop/Qwen_Security_Results08/logs/F004_cppcheck.log
nofile,cppcheck,True,success,True,0,7,0,information,checkersReport,Active checkers: 113/592 (use --checkers-report=<filename> to see details),nofile|0|information|checkersReport|Active checkers: 113/592 (use --checkers-report=<filename> to see details),/home/yichen/Desktop/Qwen_Security_Results08/logs/F004_cppcheck.log
/home/yichen/Desktop/Qwen_Security_Prompt08/F005.c,cppcheck,True,success,True,0,6,2,information,missingIncludeSystem,Include file: <stdio.h> not found. Please note: Cppcheck does not need standard library headers to get proper results.,/home/yichen/Desktop/Qwen_Security_Prompt08/F005.c|2|information|missingIncludeSystem|Include file: <stdio.h> not found. Please note: Cppcheck does not need standard library headers to get proper results.,/home/yichen/Desktop/Qwen_Security_Results08/logs/F005_cppcheck.log
/home/yichen/Desktop/Qwen_Security_Prompt08/F005.c,cppcheck,True,success,True,0,6,3,information,missingIncludeSystem,Include file: <stdlib.h> not found. Please note: Cppcheck does not need standard library headers to get proper results.,/home/yichen/Desktop/Qwen_Security_Prompt08/F005.c|3|information|missingIncludeSystem|Include file: <stdlib.h> not found. Please note: Cppcheck does not need standard library headers to get proper results.,/home/yichen/Desktop/Qwen_Security_Results08/logs/F005_cppcheck.log
/home/yichen/Desktop/Qwen_Security_Prompt08/F005.c,cppcheck,True,success,True,0,6,4,information,missingIncludeSystem,Include file: <string.h> not found. Please note: Cppcheck does not need standard library headers to get proper results.,/home/yichen/Desktop/Qwen_Security_Prompt08/F005.c|4|information|missingIncludeSystem|Include file: <string.h> not found. Please note: Cppcheck does not need standard library headers to get proper results.,/home/yichen/Desktop/Qwen_Security_Results08/logs/F005_cppcheck.log
/home/yichen/Desktop/Qwen_Security_Prompt08/F005.c,cppcheck,True,success,True,0,6,38,warning,invalidscanf,scanf() without field width limits can crash with huge input data.,/home/yichen/Desktop/Qwen_Security_Prompt08/F005.c|38|warning|invalidscanf|scanf() without field width limits can crash with huge input data.,/home/yichen/Desktop/Qwen_Security_Results08/logs/F005_cppcheck.log
/home/yichen/Desktop/Qwen_Security_Prompt08/F005.c,cppcheck,True,success,True,0,6,14,style,constParameterPointer,Parameter 'text' can be declared as pointer to const,/home/yichen/Desktop/Qwen_Security_Prompt08/F005.c|14|style|constParameterPointer|Parameter 'text' can be declared as pointer to const,/home/yichen/Desktop/Qwen_Security_Results08/logs/F005_cppcheck.log
nofile,cppcheck,True,success,True,0,6,0,information,checkersReport,Active checkers: 113/592 (use --checkers-report=<filename> to see details),nofile|0|information|checkersReport|Active checkers: 113/592 (use --checkers-report=<filename> to see details),/home/yichen/Desktop/Qwen_Security_Results08/logs/F005_cppcheck.log
/home/yichen/Desktop/Qwen_Security_Prompt08/F006.c,cppcheck,True,success,True,0,9,2,information,missingIncludeSystem,Include file: <stdio.h> not found. Please note: Cppcheck does not need standard library headers to get proper results.,/home/yichen/Desktop/Qwen_Security_Prompt08/F006.c|2|information|missingIncludeSystem|Include file: <stdio.h> not found. Please note: Cppcheck does not need standard library headers to get proper results.,/home/yichen/Desktop/Qwen_Security_Results08/logs/F006_cppcheck.log
/home/yichen/Desktop/Qwen_Security_Prompt08/F006.c,cppcheck,True,success,True,0,9,3,information,missingIncludeSystem,Include file: <stdlib.h> not found. Please note: Cppcheck does not need standard library headers to get proper results.,/home/yichen/Desktop/Qwen_Security_Prompt08/F006.c|3|information|missingIncludeSystem|Include file: <stdlib.h> not found. Please note: Cppcheck does not need standard library headers to get proper results.,/home/yichen/Desktop/Qwen_Security_Results08/logs/F006_cppcheck.log
/home/yichen/Desktop/Qwen_Security_Prompt08/F006.c,cppcheck,True,success,True,0,9,4,information,missingIncludeSystem,Include file: <string.h> not found. Please note: Cppcheck does not need standard library headers to get proper results.,/home/yichen/Desktop/Qwen_Security_Prompt08/F006.c|4|information|missingIncludeSystem|Include file: <string.h> not found. Please note: Cppcheck does not need standard library headers to get proper results.,/home/yichen/Desktop/Qwen_Security_Results08/logs/F006_cppcheck.log
/home/yichen/Desktop/Qwen_Security_Prompt08/F006.c,cppcheck,True,success,True,0,9,19,warning,invalidscanf,scanf() without field width limits can crash with huge input data.,/home/yichen/Desktop/Qwen_Security_Prompt08/F006.c|19|warning|invalidscanf|scanf() without field width limits can crash with huge input data.,/home/yichen/Desktop/Qwen_Security_Results08/logs/F006_cppcheck.log
/home/yichen/Desktop/Qwen_Security_Prompt08/F006.c,cppcheck,True,success,True,0,9,21,warning,invalidscanf,scanf() without field width limits can crash with huge input data.,/home/yichen/Desktop/Qwen_Security_Prompt08/F006.c|21|warning|invalidscanf|scanf() without field width limits can crash with huge input data.,/home/yichen/Desktop/Qwen_Security_Results08/logs/F006_cppcheck.log
/home/yichen/Desktop/Qwen_Security_Prompt08/F006.c,cppcheck,True,success,True,0,9,41,warning,invalidscanf,scanf() without field width limits can crash with huge input data.,/home/yichen/Desktop/Qwen_Security_Prompt08/F006.c|41|warning|invalidscanf|scanf() without field width limits can crash with huge input data.,/home/yichen/Desktop/Qwen_Security_Results08/logs/F006_cppcheck.log
/home/yichen/Desktop/Qwen_Security_Prompt08/F006.c,cppcheck,True,success,True,0,9,53,warning,invalidscanf,scanf() without field width limits can crash with huge input data.,/home/yichen/Desktop/Qwen_Security_Prompt08/F006.c|53|warning|invalidscanf|scanf() without field width limits can crash with huge input data.,/home/yichen/Desktop/Qwen_Security_Results08/logs/F006_cppcheck.log
/home/yichen/Desktop/Qwen_Security_Prompt08/F006.c,cppcheck,True,success,True,0,9,74,warning,invalidscanf,scanf() without field width limits can crash with huge input data.,/home/yichen/Desktop/Qwen_Security_Prompt08/F006.c|74|warning|invalidscanf|scanf() without field width limits can crash with huge input data.,/home/yichen/Desktop/Qwen_Security_Results08/logs/F006_cppcheck.log
nofile,cppcheck,True,success,True,0,9,0,information,checkersReport,Active checkers: 113/592 (use --checkers-report=<filename> to see details),nofile|0|information|checkersReport|Active checkers: 113/592 (use --checkers-report=<filename> to see details),/home/yichen/Desktop/Qwen_Security_Results08/logs/F006_cppcheck.log
/home/yichen/Desktop/Qwen_Security_Prompt08/F007.c,cppcheck,True,success,True,0,9,2,information,missingIncludeSystem,Include file: <stdio.h> not found. Please note: Cppcheck does not need standard library headers to get proper results.,/home/yichen/Desktop/Qwen_Security_Prompt08/F007.c|2|information|missingIncludeSystem|Include file: <stdio.h> not found. Please note: Cppcheck does not need standard library headers to get proper results.,/home/yichen/Desktop/Qwen_Security_Results08/logs/F007_cppcheck.log
/home/yichen/Desktop/Qwen_Security_Prompt08/F007.c,cppcheck,True,success,True,0,9,3,information,missingIncludeSystem,Include file: <stdlib.h> not found. Please note: Cppcheck does not need standard library headers to get proper results.,/home/yichen/Desktop/Qwen_Security_Prompt08/F007.c|3|information|missingIncludeSystem|Include file: <stdlib.h> not found. Please note: Cppcheck does not need standard library headers to get proper results.,/home/yichen/Desktop/Qwen_Security_Results08/logs/F007_cppcheck.log
/home/yichen/Desktop/Qwen_Security_Prompt08/F007.c,cppcheck,True,success,True,0,9,4,information,missingIncludeSystem,Include file: <string.h> not found. Please note: Cppcheck does not need standard library headers to get proper results.,/home/yichen/Desktop/Qwen_Security_Prompt08/F007.c|4|information|missingIncludeSystem|Include file: <string.h> not found. Please note: Cppcheck does not need standard library headers to get proper results.,/home/yichen/Desktop/Qwen_Security_Results08/logs/F007_cppcheck.log
/home/yichen/Desktop/Qwen_Security_Prompt08/F007.c,cppcheck,True,success,True,0,9,20,warning,invalidscanf,scanf() without field width limits can crash with huge input data.,/home/yichen/Desktop/Qwen_Security_Prompt08/F007.c|20|warning|invalidscanf|scanf() without field width limits can crash with huge input data.,/home/yichen/Desktop/Qwen_Security_Results08/logs/F007_cppcheck.log
/home/yichen/Desktop/Qwen_Security_Prompt08/F007.c,cppcheck,True,success,True,0,9,22,warning,invalidscanf,scanf() without field width limits can crash with huge input data.,/home/yichen/Desktop/Qwen_Security_Prompt08/F007.c|22|warning|invalidscanf|scanf() without field width limits can crash with huge input data.,/home/yichen/Desktop/Qwen_Security_Results08/logs/F007_cppcheck.log
/home/yichen/Desktop/Qwen_Security_Prompt08/F007.c,cppcheck,True,success,True,0,9,35,warning,invalidscanf,scanf() without field width limits can crash with huge input data.,/home/yichen/Desktop/Qwen_Security_Prompt08/F007.c|35|warning|invalidscanf|scanf() without field width limits can crash with huge input data.,/home/yichen/Desktop/Qwen_Security_Results08/logs/F007_cppcheck.log
/home/yichen/Desktop/Qwen_Security_Prompt08/F007.c,cppcheck,True,success,True,0,9,56,warning,invalidscanf,scanf() without field width limits can crash with huge input data.,/home/yichen/Desktop/Qwen_Security_Prompt08/F007.c|56|warning|invalidscanf|scanf() without field width limits can crash with huge input data.,/home/yichen/Desktop/Qwen_Security_Results08/logs/F007_cppcheck.log
/home/yichen/Desktop/Qwen_Security_Prompt08/F007.c,cppcheck,True,success,True,0,9,57,style,constVariablePointer,Variable 'best' can be declared as pointer to const,/home/yichen/Desktop/Qwen_Security_Prompt08/F007.c|57|style|constVariablePointer|Variable 'best' can be declared as pointer to const,/home/yichen/Desktop/Qwen_Security_Results08/logs/F007_cppcheck.log
nofile,cppcheck,True,success,True,0,9,0,information,checkersReport,Active checkers: 113/592 (use --checkers-report=<filename> to see details),nofile|0|information|checkersReport|Active checkers: 113/592 (use --checkers-report=<filename> to see details),/home/yichen/Desktop/Qwen_Security_Results08/logs/F007_cppcheck.log
/home/yichen/Desktop/Qwen_Security_Prompt08/F008.c,cppcheck,True,success,True,0,7,2,information,missingIncludeSystem,Include file: <stdio.h> not found. Please note: Cppcheck does not need standard library headers to get proper results.,/home/yichen/Desktop/Qwen_Security_Prompt08/F008.c|2|information|missingIncludeSystem|Include file: <stdio.h> not found. Please note: Cppcheck does not need standard library headers to get proper results.,/home/yichen/Desktop/Qwen_Security_Results08/logs/F008_cppcheck.log
/home/yichen/Desktop/Qwen_Security_Prompt08/F008.c,cppcheck,True,success,True,0,7,3,information,missingIncludeSystem,Include file: <stdlib.h> not found. Please note: Cppcheck does not need standard library headers to get proper results.,/home/yichen/Desktop/Qwen_Security_Prompt08/F008.c|3|information|missingIncludeSystem|Include file: <stdlib.h> not found. Please note: Cppcheck does not need standard library headers to get proper results.,/home/yichen/Desktop/Qwen_Security_Results08/logs/F008_cppcheck.log
/home/yichen/Desktop/Qwen_Security_Prompt08/F008.c,cppcheck,True,success,True,0,7,4,information,missingIncludeSystem,Include file: <string.h> not found. Please note: Cppcheck does not need standard library headers to get proper results.,/home/yichen/Desktop/Qwen_Security_Prompt08/F008.c|4|information|missingIncludeSystem|Include file: <string.h> not found. Please note: Cppcheck does not need standard library headers to get proper results.,/home/yichen/Desktop/Qwen_Security_Results08/logs/F008_cppcheck.log
/home/yichen/Desktop/Qwen_Security_Prompt08/F008.c,cppcheck,True,success,True,0,7,20,warning,invalidscanf,scanf() without field width limits can crash with huge input data.,/home/yichen/Desktop/Qwen_Security_Prompt08/F008.c|20|warning|invalidscanf|scanf() without field width limits can crash with huge input data.,/home/yichen/Desktop/Qwen_Security_Results08/logs/F008_cppcheck.log
/home/yichen/Desktop/Qwen_Security_Prompt08/F008.c,cppcheck,True,success,True,0,7,22,warning,invalidscanf,scanf() without field width limits can crash with huge input data.,/home/yichen/Desktop/Qwen_Security_Prompt08/F008.c|22|warning|invalidscanf|scanf() without field width limits can crash with huge input data.,/home/yichen/Desktop/Qwen_Security_Results08/logs/F008_cppcheck.log
/home/yichen/Desktop/Qwen_Security_Prompt08/F008.c,cppcheck,True,success,True,0,7,45,warning,invalidscanf,scanf() without field width limits can crash with huge input data.,/home/yichen/Desktop/Qwen_Security_Prompt08/F008.c|45|warning|invalidscanf|scanf() without field width limits can crash with huge input data.,/home/yichen/Desktop/Qwen_Security_Results08/logs/F008_cppcheck.log
nofile,cppcheck,True,success,True,0,7,0,information,checkersReport,Active checkers: 113/592 (use --checkers-report=<filename> to see details),nofile|0|information|checkersReport|Active checkers: 113/592 (use --checkers-report=<filename> to see details),/home/yichen/Desktop/Qwen_Security_Results08/logs/F008_cppcheck.log
/home/yichen/Desktop/Qwen_Security_Prompt08/F009.c,cppcheck,True,success,True,0,10,2,information,missingIncludeSystem,Include file: <stdio.h> not found. Please note: Cppcheck does not need standard library headers to get proper results.,/home/yichen/Desktop/Qwen_Security_Prompt08/F009.c|2|information|missingIncludeSystem|Include file: <stdio.h> not found. Please note: Cppcheck does not need standard library headers to get proper results.,/home/yichen/Desktop/Qwen_Security_Results08/logs/F009_cppcheck.log
/home/yichen/Desktop/Qwen_Security_Prompt08/F009.c,cppcheck,True,success,True,0,10,3,information,missingIncludeSystem,Include file: <stdlib.h> not found. Please note: Cppcheck does not need standard library headers to get proper results.,/home/yichen/Desktop/Qwen_Security_Prompt08/F009.c|3|information|missingIncludeSystem|Include file: <stdlib.h> not found. Please note: Cppcheck does not need standard library headers to get proper results.,/home/yichen/Desktop/Qwen_Security_Results08/logs/F009_cppcheck.log
/home/yichen/Desktop/Qwen_Security_Prompt08/F009.c,cppcheck,True,success,True,0,10,4,information,missingIncludeSystem,Include file: <string.h> not found. Please note: Cppcheck does not need standard library headers to get proper results.,/home/yichen/Desktop/Qwen_Security_Prompt08/F009.c|4|information|missingIncludeSystem|Include file: <string.h> not found. Please note: Cppcheck does not need standard library headers to get proper results.,/home/yichen/Desktop/Qwen_Security_Results08/logs/F009_cppcheck.log
/home/yichen/Desktop/Qwen_Security_Prompt08/F009.c,cppcheck,True,success,True,0,10,34,warning,invalidscanf,scanf() without field width limits can crash with huge input data.,/home/yichen/Desktop/Qwen_Security_Prompt08/F009.c|34|warning|invalidscanf|scanf() without field width limits can crash with huge input data.,/home/yichen/Desktop/Qwen_Security_Results08/logs/F009_cppcheck.log
/home/yichen/Desktop/Qwen_Security_Prompt08/F009.c,cppcheck,True,success,True,0,10,36,warning,invalidscanf,scanf() without field width limits can crash with huge input data.,/home/yichen/Desktop/Qwen_Security_Prompt08/F009.c|36|warning|invalidscanf|scanf() without field width limits can crash with huge input data.,/home/yichen/Desktop/Qwen_Security_Results08/logs/F009_cppcheck.log
/home/yichen/Desktop/Qwen_Security_Prompt08/F009.c,cppcheck,True,success,True,0,10,55,warning,invalidscanf,scanf() without field width limits can crash with huge input data.,/home/yichen/Desktop/Qwen_Security_Prompt08/F009.c|55|warning|invalidscanf|scanf() without field width limits can crash with huge input data.,/home/yichen/Desktop/Qwen_Security_Results08/logs/F009_cppcheck.log
/home/yichen/Desktop/Qwen_Security_Prompt08/F009.c,cppcheck,True,success,True,0,10,91,warning,invalidscanf,scanf() without field width limits can crash with huge input data.,/home/yichen/Desktop/Qwen_Security_Prompt08/F009.c|91|warning|invalidscanf|scanf() without field width limits can crash with huge input data.,/home/yichen/Desktop/Qwen_Security_Results08/logs/F009_cppcheck.log
/home/yichen/Desktop/Qwen_Security_Prompt08/F009.c,cppcheck,True,success,True,0,10,116,warning,invalidscanf,scanf() without field width limits can crash with huge input data.,/home/yichen/Desktop/Qwen_Security_Prompt08/F009.c|116|warning|invalidscanf|scanf() without field width limits can crash with huge input data.,/home/yichen/Desktop/Qwen_Security_Results08/logs/F009_cppcheck.log
/home/yichen/Desktop/Qwen_Security_Prompt08/F009.c,cppcheck,True,success,True,0,10,19,style,constParameterPointer,Parameter 'name' can be declared as pointer to const,/home/yichen/Desktop/Qwen_Security_Prompt08/F009.c|19|style|constParameterPointer|Parameter 'name' can be declared as pointer to const,/home/yichen/Desktop/Qwen_Security_Results08/logs/F009_cppcheck.log
nofile,cppcheck,True,success,True,0,10,0,information,checkersReport,Active checkers: 113/592 (use --checkers-report=<filename> to see details),nofile|0|information|checkersReport|Active checkers: 113/592 (use --checkers-report=<filename> to see details),/home/yichen/Desktop/Qwen_Security_Results08/logs/F009_cppcheck.log
/home/yichen/Desktop/Qwen_Security_Prompt08/F010.c,cppcheck,True,success,True,0,9,2,information,missingIncludeSystem,Include file: <stdio.h> not found. Please note: Cppcheck does not need standard library headers to get proper results.,/home/yichen/Desktop/Qwen_Security_Prompt08/F010.c|2|information|missingIncludeSystem|Include file: <stdio.h> not found. Please note: Cppcheck does not need standard library headers to get proper results.,/home/yichen/Desktop/Qwen_Security_Results08/logs/F010_cppcheck.log
/home/yichen/Desktop/Qwen_Security_Prompt08/F010.c,cppcheck,True,success,True,0,9,3,information,missingIncludeSystem,Include file: <stdlib.h> not found. Please note: Cppcheck does not need standard library headers to get proper results.,/home/yichen/Desktop/Qwen_Security_Prompt08/F010.c|3|information|missingIncludeSystem|Include file: <stdlib.h> not found. Please note: Cppcheck does not need standard library headers to get proper results.,/home/yichen/Desktop/Qwen_Security_Results08/logs/F010_cppcheck.log
/home/yichen/Desktop/Qwen_Security_Prompt08/F010.c,cppcheck,True,success,True,0,9,4,information,missingIncludeSystem,Include file: <string.h> not found. Please note: Cppcheck does not need standard library headers to get proper results.,/home/yichen/Desktop/Qwen_Security_Prompt08/F010.c|4|information|missingIncludeSystem|Include file: <string.h> not found. Please note: Cppcheck does not need standard library headers to get proper results.,/home/yichen/Desktop/Qwen_Security_Results08/logs/F010_cppcheck.log
/home/yichen/Desktop/Qwen_Security_Prompt08/F010.c,cppcheck,True,success,True,0,9,23,warning,invalidscanf,scanf() without field width limits can crash with huge input data.,/home/yichen/Desktop/Qwen_Security_Prompt08/F010.c|23|warning|invalidscanf|scanf() without field width limits can crash with huge input data.,/home/yichen/Desktop/Qwen_Security_Results08/logs/F010_cppcheck.log
/home/yichen/Desktop/Qwen_Security_Prompt08/F010.c,cppcheck,True,success,True,0,9,25,warning,invalidscanf,scanf() without field width limits can crash with huge input data.,/home/yichen/Desktop/Qwen_Security_Prompt08/F010.c|25|warning|invalidscanf|scanf() without field width limits can crash with huge input data.,/home/yichen/Desktop/Qwen_Security_Results08/logs/F010_cppcheck.log
/home/yichen/Desktop/Qwen_Security_Prompt08/F010.c,cppcheck,True,success,True,0,9,42,warning,invalidscanf,scanf() without field width limits can crash with huge input data.,/home/yichen/Desktop/Qwen_Security_Prompt08/F010.c|42|warning|invalidscanf|scanf() without field width limits can crash with huge input data.,/home/yichen/Desktop/Qwen_Security_Results08/logs/F010_cppcheck.log
/home/yichen/Desktop/Qwen_Security_Prompt08/F010.c,cppcheck,True,success,True,0,9,66,warning,invalidscanf,scanf() without field width limits can crash with huge input data.,/home/yichen/Desktop/Qwen_Security_Prompt08/F010.c|66|warning|invalidscanf|scanf() without field width limits can crash with huge input data.,/home/yichen/Desktop/Qwen_Security_Results08/logs/F010_cppcheck.log
/home/yichen/Desktop/Qwen_Security_Prompt08/F010.c,cppcheck,True,success,True,0,9,91,warning,invalidscanf,scanf() without field width limits can crash with huge input data.,/home/yichen/Desktop/Qwen_Security_Prompt08/F010.c|91|warning|invalidscanf|scanf() without field width limits can crash with huge input data.,/home/yichen/Desktop/Qwen_Security_Results08/logs/F010_cppcheck.log
nofile,cppcheck,True,success,True,0,9,0,information,checkersReport,Active checkers: 113/592 (use --checkers-report=<filename> to see details),nofile|0|information|checkersReport|Active checkers: 113/592 (use --checkers-report=<filename> to see details),/home/yichen/Desktop/Qwen_Security_Results08/logs/F010_cppcheck.log
/home/yichen/Desktop/Qwen_Security_Prompt08/F011.c,cppcheck,True,success,True,0,8,2,information,missingIncludeSystem,Include file: <stdio.h> not found. Please note: Cppcheck does not need standard library headers to get proper results.,/home/yichen/Desktop/Qwen_Security_Prompt08/F011.c|2|information|missingIncludeSystem|Include file: <stdio.h> not found. Please note: Cppcheck does not need standard library headers to get proper results.,/home/yichen/Desktop/Qwen_Security_Results08/logs/F011_cppcheck.log
/home/yichen/Desktop/Qwen_Security_Prompt08/F011.c,cppcheck,True,success,True,0,8,3,information,missingIncludeSystem,Include file: <stdlib.h> not found. Please note: Cppcheck does not need standard library headers to get proper results.,/home/yichen/Desktop/Qwen_Security_Prompt08/F011.c|3|information|missingIncludeSystem|Include file: <stdlib.h> not found. Please note: Cppcheck does not need standard library headers to get proper results.,/home/yichen/Desktop/Qwen_Security_Results08/logs/F011_cppcheck.log
/home/yichen/Desktop/Qwen_Security_Prompt08/F011.c,cppcheck,True,success,True,0,8,4,information,missingIncludeSystem,Include file: <string.h> not found. Please note: Cppcheck does not need standard library headers to get proper results.,/home/yichen/Desktop/Qwen_Security_Prompt08/F011.c|4|information|missingIncludeSystem|Include file: <string.h> not found. Please note: Cppcheck does not need standard library headers to get proper results.,/home/yichen/Desktop/Qwen_Security_Results08/logs/F011_cppcheck.log
/home/yichen/Desktop/Qwen_Security_Prompt08/F011.c,cppcheck,True,success,True,0,8,19,warning,invalidscanf,scanf() without field width limits can crash with huge input data.,/home/yichen/Desktop/Qwen_Security_Prompt08/F011.c|19|warning|invalidscanf|scanf() without field width limits can crash with huge input data.,/home/yichen/Desktop/Qwen_Security_Results08/logs/F011_cppcheck.log
/home/yichen/Desktop/Qwen_Security_Prompt08/F011.c,cppcheck,True,success,True,0,8,21,warning,invalidscanf,scanf() without field width limits can crash with huge input data.,/home/yichen/Desktop/Qwen_Security_Prompt08/F011.c|21|warning|invalidscanf|scanf() without field width limits can crash with huge input data.,/home/yichen/Desktop/Qwen_Security_Results08/logs/F011_cppcheck.log
/home/yichen/Desktop/Qwen_Security_Prompt08/F011.c,cppcheck,True,success,True,0,8,42,warning,invalidscanf,scanf() without field width limits can crash with huge input data.,/home/yichen/Desktop/Qwen_Security_Prompt08/F011.c|42|warning|invalidscanf|scanf() without field width limits can crash with huge input data.,/home/yichen/Desktop/Qwen_Security_Results08/logs/F011_cppcheck.log
/home/yichen/Desktop/Qwen_Security_Prompt08/F011.c,cppcheck,True,success,True,0,8,67,warning,invalidscanf,scanf() without field width limits can crash with huge input data.,/home/yichen/Desktop/Qwen_Security_Prompt08/F011.c|67|warning|invalidscanf|scanf() without field width limits can crash with huge input data.,/home/yichen/Desktop/Qwen_Security_Results08/logs/F011_cppcheck.log
nofile,cppcheck,True,success,True,0,8,0,information,checkersReport,Active checkers: 113/592 (use --checkers-report=<filename> to see details),nofile|0|information|checkersReport|Active checkers: 113/592 (use --checkers-report=<filename> to see details),/home/yichen/Desktop/Qwen_Security_Results08/logs/F011_cppcheck.log
/home/yichen/Desktop/Qwen_Security_Prompt08/F012.c,cppcheck,True,success,True,0,8,2,information,missingIncludeSystem,Include file: <stdio.h> not found. Please note: Cppcheck does not need standard library headers to get proper results.,/home/yichen/Desktop/Qwen_Security_Prompt08/F012.c|2|information|missingIncludeSystem|Include file: <stdio.h> not found. Please note: Cppcheck does not need standard library headers to get proper results.,/home/yichen/Desktop/Qwen_Security_Results08/logs/F012_cppcheck.log
/home/yichen/Desktop/Qwen_Security_Prompt08/F012.c,cppcheck,True,success,True,0,8,3,information,missingIncludeSystem,Include file: <stdlib.h> not found. Please note: Cppcheck does not need standard library headers to get proper results.,/home/yichen/Desktop/Qwen_Security_Prompt08/F012.c|3|information|missingIncludeSystem|Include file: <stdlib.h> not found. Please note: Cppcheck does not need standard library headers to get proper results.,/home/yichen/Desktop/Qwen_Security_Results08/logs/F012_cppcheck.log
/home/yichen/Desktop/Qwen_Security_Prompt08/F012.c,cppcheck,True,success,True,0,8,4,information,missingIncludeSystem,Include file: <string.h> not found. Please note: Cppcheck does not need standard library headers to get proper results.,/home/yichen/Desktop/Qwen_Security_Prompt08/F012.c|4|information|missingIncludeSystem|Include file: <string.h> not found. Please note: Cppcheck does not need standard library headers to get proper results.,/home/yichen/Desktop/Qwen_Security_Results08/logs/F012_cppcheck.log
/home/yichen/Desktop/Qwen_Security_Prompt08/F012.c,cppcheck,True,success,True,0,8,19,warning,invalidscanf,scanf() without field width limits can crash with huge input data.,/home/yichen/Desktop/Qwen_Security_Prompt08/F012.c|19|warning|invalidscanf|scanf() without field width limits can crash with huge input data.,/home/yichen/Desktop/Qwen_Security_Results08/logs/F012_cppcheck.log
/home/yichen/Desktop/Qwen_Security_Prompt08/F012.c,cppcheck,True,success,True,0,8,21,warning,invalidscanf,scanf() without field width limits can crash with huge input data.,/home/yichen/Desktop/Qwen_Security_Prompt08/F012.c|21|warning|invalidscanf|scanf() without field width limits can crash with huge input data.,/home/yichen/Desktop/Qwen_Security_Results08/logs/F012_cppcheck.log
/home/yichen/Desktop/Qwen_Security_Prompt08/F012.c,cppcheck,True,success,True,0,8,50,warning,invalidscanf,scanf() without field width limits can crash with huge input data.,/home/yichen/Desktop/Qwen_Security_Prompt08/F012.c|50|warning|invalidscanf|scanf() without field width limits can crash with huge input data.,/home/yichen/Desktop/Qwen_Security_Results08/logs/F012_cppcheck.log
/home/yichen/Desktop/Qwen_Security_Prompt08/F012.c,cppcheck,True,success,True,0,8,72,warning,invalidscanf,scanf() without field width limits can crash with huge input data.,/home/yichen/Desktop/Qwen_Security_Prompt08/F012.c|72|warning|invalidscanf|scanf() without field width limits can crash with huge input data.,/home/yichen/Desktop/Qwen_Security_Results08/logs/F012_cppcheck.log
nofile,cppcheck,True,success,True,0,8,0,information,checkersReport,Active checkers: 113/592 (use --checkers-report=<filename> to see details),nofile|0|information|checkersReport|Active checkers: 113/592 (use --checkers-report=<filename> to see details),/home/yichen/Desktop/Qwen_Security_Results08/logs/F012_cppcheck.log
/home/yichen/Desktop/Qwen_Security_Prompt08/F013.c,cppcheck,True,success,True,0,13,2,information,missingIncludeSystem,Include file: <stdio.h> not found. Please note: Cppcheck does not need standard library headers to get proper results.,/home/yichen/Desktop/Qwen_Security_Prompt08/F013.c|2|information|missingIncludeSystem|Include file: <stdio.h> not found. Please note: Cppcheck does not need standard library headers to get proper results.,/home/yichen/Desktop/Qwen_Security_Results08/logs/F013_cppcheck.log
/home/yichen/Desktop/Qwen_Security_Prompt08/F013.c,cppcheck,True,success,True,0,13,3,information,missingIncludeSystem,Include file: <stdlib.h> not found. Please note: Cppcheck does not need standard library headers to get proper results.,/home/yichen/Desktop/Qwen_Security_Prompt08/F013.c|3|information|missingIncludeSystem|Include file: <stdlib.h> not found. Please note: Cppcheck does not need standard library headers to get proper results.,/home/yichen/Desktop/Qwen_Security_Results08/logs/F013_cppcheck.log
/home/yichen/Desktop/Qwen_Security_Prompt08/F013.c,cppcheck,True,success,True,0,13,4,information,missingIncludeSystem,Include file: <string.h> not found. Please note: Cppcheck does not need standard library headers to get proper results.,/home/yichen/Desktop/Qwen_Security_Prompt08/F013.c|4|information|missingIncludeSystem|Include file: <string.h> not found. Please note: Cppcheck does not need standard library headers to get proper results.,/home/yichen/Desktop/Qwen_Security_Results08/logs/F013_cppcheck.log
/home/yichen/Desktop/Qwen_Security_Prompt08/F013.c,cppcheck,True,success,True,0,13,53,warning,invalidscanf,scanf() without field width limits can crash with huge input data.,/home/yichen/Desktop/Qwen_Security_Prompt08/F013.c|53|warning|invalidscanf|scanf() without field width limits can crash with huge input data.,/home/yichen/Desktop/Qwen_Security_Results08/logs/F013_cppcheck.log
/home/yichen/Desktop/Qwen_Security_Prompt08/F013.c,cppcheck,True,success,True,0,13,55,warning,invalidscanf,scanf() without field width limits can crash with huge input data.,/home/yichen/Desktop/Qwen_Security_Prompt08/F013.c|55|warning|invalidscanf|scanf() without field width limits can crash with huge input data.,/home/yichen/Desktop/Qwen_Security_Results08/logs/F013_cppcheck.log
/home/yichen/Desktop/Qwen_Security_Prompt08/F013.c,cppcheck,True,success,True,0,13,63,warning,invalidscanf,scanf() without field width limits can crash with huge input data.,/home/yichen/Desktop/Qwen_Security_Prompt08/F013.c|63|warning|invalidscanf|scanf() without field width limits can crash with huge input data.,/home/yichen/Desktop/Qwen_Security_Results08/logs/F013_cppcheck.log
/home/yichen/Desktop/Qwen_Security_Prompt08/F013.c,cppcheck,True,success,True,0,13,70,warning,invalidscanf,scanf() without field width limits can crash with huge input data.,/home/yichen/Desktop/Qwen_Security_Prompt08/F013.c|70|warning|invalidscanf|scanf() without field width limits can crash with huge input data.,/home/yichen/Desktop/Qwen_Security_Results08/logs/F013_cppcheck.log
/home/yichen/Desktop/Qwen_Security_Prompt08/F013.c,cppcheck,True,success,True,0,13,77,warning,invalidscanf,scanf() without field width limits can crash with huge input data.,/home/yichen/Desktop/Qwen_Security_Prompt08/F013.c|77|warning|invalidscanf|scanf() without field width limits can crash with huge input data.,/home/yichen/Desktop/Qwen_Security_Results08/logs/F013_cppcheck.log
/home/yichen/Desktop/Qwen_Security_Prompt08/F013.c,cppcheck,True,success,True,0,13,91,warning,invalidscanf,scanf() without field width limits can crash with huge input data.,/home/yichen/Desktop/Qwen_Security_Prompt08/F013.c|91|warning|invalidscanf|scanf() without field width limits can crash with huge input data.,/home/yichen/Desktop/Qwen_Security_Results08/logs/F013_cppcheck.log
/home/yichen/Desktop/Qwen_Security_Prompt08/F013.c,cppcheck,True,success,True,0,13,16,style,constParameterPointer,Parameter 'title' can be declared as pointer to const,/home/yichen/Desktop/Qwen_Security_Prompt08/F013.c|16|style|constParameterPointer|Parameter 'title' can be declared as pointer to const,/home/yichen/Desktop/Qwen_Security_Results08/logs/F013_cppcheck.log
/home/yichen/Desktop/Qwen_Security_Prompt08/F013.c,cppcheck,True,success,True,0,13,16,style,constParameterPointer,Parameter 'note' can be declared as pointer to const,/home/yichen/Desktop/Qwen_Security_Prompt08/F013.c|16|style|constParameterPointer|Parameter 'note' can be declared as pointer to const,/home/yichen/Desktop/Qwen_Security_Results08/logs/F013_cppcheck.log
/home/yichen/Desktop/Qwen_Security_Prompt08/F013.c,cppcheck,True,success,True,0,13,24,style,constParameterPointer,Parameter 'title' can be declared as pointer to const,/home/yichen/Desktop/Qwen_Security_Prompt08/F013.c|24|style|constParameterPointer|Parameter 'title' can be declared as pointer to const,/home/yichen/Desktop/Qwen_Security_Results08/logs/F013_cppcheck.log
nofile,cppcheck,True,success,True,0,13,0,information,checkersReport,Active checkers: 113/592 (use --checkers-report=<filename> to see details),nofile|0|information|checkersReport|Active checkers: 113/592 (use --checkers-report=<filename> to see details),/home/yichen/Desktop/Qwen_Security_Results08/logs/F013_cppcheck.log
/home/yichen/Desktop/Qwen_Security_Prompt08/F014.c,cppcheck,True,success,True,0,10,2,information,missingIncludeSystem,Include file: <stdio.h> not found. Please note: Cppcheck does not need standard library headers to get proper results.,/home/yichen/Desktop/Qwen_Security_Prompt08/F014.c|2|information|missingIncludeSystem|Include file: <stdio.h> not found. Please note: Cppcheck does not need standard library headers to get proper results.,/home/yichen/Desktop/Qwen_Security_Results08/logs/F014_cppcheck.log
/home/yichen/Desktop/Qwen_Security_Prompt08/F014.c,cppcheck,True,success,True,0,10,3,information,missingIncludeSystem,Include file: <stdlib.h> not found. Please note: Cppcheck does not need standard library headers to get proper results.,/home/yichen/Desktop/Qwen_Security_Prompt08/F014.c|3|information|missingIncludeSystem|Include file: <stdlib.h> not found. Please note: Cppcheck does not need standard library headers to get proper results.,/home/yichen/Desktop/Qwen_Security_Results08/logs/F014_cppcheck.log
/home/yichen/Desktop/Qwen_Security_Prompt08/F014.c,cppcheck,True,success,True,0,10,4,information,missingIncludeSystem,Include file: <string.h> not found. Please note: Cppcheck does not need standard library headers to get proper results.,/home/yichen/Desktop/Qwen_Security_Prompt08/F014.c|4|information|missingIncludeSystem|Include file: <string.h> not found. Please note: Cppcheck does not need standard library headers to get proper results.,/home/yichen/Desktop/Qwen_Security_Results08/logs/F014_cppcheck.log
/home/yichen/Desktop/Qwen_Security_Prompt08/F014.c,cppcheck,True,success,True,0,10,25,warning,invalidscanf,scanf() without field width limits can crash with huge input data.,/home/yichen/Desktop/Qwen_Security_Prompt08/F014.c|25|warning|invalidscanf|scanf() without field width limits can crash with huge input data.,/home/yichen/Desktop/Qwen_Security_Results08/logs/F014_cppcheck.log
/home/yichen/Desktop/Qwen_Security_Prompt08/F014.c,cppcheck,True,success,True,0,10,27,warning,invalidscanf,scanf() without field width limits can crash with huge input data.,/home/yichen/Desktop/Qwen_Security_Prompt08/F014.c|27|warning|invalidscanf|scanf() without field width limits can crash with huge input data.,/home/yichen/Desktop/Qwen_Security_Results08/logs/F014_cppcheck.log
/home/yichen/Desktop/Qwen_Security_Prompt08/F014.c,cppcheck,True,success,True,0,10,40,warning,invalidscanf,scanf() without field width limits can crash with huge input data.,/home/yichen/Desktop/Qwen_Security_Prompt08/F014.c|40|warning|invalidscanf|scanf() without field width limits can crash with huge input data.,/home/yichen/Desktop/Qwen_Security_Results08/logs/F014_cppcheck.log
/home/yichen/Desktop/Qwen_Security_Prompt08/F014.c,cppcheck,True,success,True,0,10,52,warning,invalidscanf,scanf() without field width limits can crash with huge input data.,/home/yichen/Desktop/Qwen_Security_Prompt08/F014.c|52|warning|invalidscanf|scanf() without field width limits can crash with huge input data.,/home/yichen/Desktop/Qwen_Security_Results08/logs/F014_cppcheck.log
/home/yichen/Desktop/Qwen_Security_Prompt08/F014.c,cppcheck,True,success,True,0,10,76,warning,invalidscanf,scanf() without field width limits can crash with huge input data.,/home/yichen/Desktop/Qwen_Security_Prompt08/F014.c|76|warning|invalidscanf|scanf() without field width limits can crash with huge input data.,/home/yichen/Desktop/Qwen_Security_Results08/logs/F014_cppcheck.log
/home/yichen/Desktop/Qwen_Security_Prompt08/F014.c,cppcheck,True,success,True,0,10,102,warning,invalidscanf,scanf() without field width limits can crash with huge input data.,/home/yichen/Desktop/Qwen_Security_Prompt08/F014.c|102|warning|invalidscanf|scanf() without field width limits can crash with huge input data.,/home/yichen/Desktop/Qwen_Security_Results08/logs/F014_cppcheck.log
nofile,cppcheck,True,success,True,0,10,0,information,checkersReport,Active checkers: 113/592 (use --checkers-report=<filename> to see details),nofile|0|information|checkersReport|Active checkers: 113/592 (use --checkers-report=<filename> to see details),/home/yichen/Desktop/Qwen_Security_Results08/logs/F014_cppcheck.log
/home/yichen/Desktop/Qwen_Security_Prompt08/F015.c,cppcheck,True,success,True,0,10,2,information,missingIncludeSystem,Include file: <stdio.h> not found. Please note: Cppcheck does not need standard library headers to get proper results.,/home/yichen/Desktop/Qwen_Security_Prompt08/F015.c|2|information|missingIncludeSystem|Include file: <stdio.h> not found. Please note: Cppcheck does not need standard library headers to get proper results.,/home/yichen/Desktop/Qwen_Security_Results08/logs/F015_cppcheck.log
/home/yichen/Desktop/Qwen_Security_Prompt08/F015.c,cppcheck,True,success,True,0,10,3,information,missingIncludeSystem,Include file: <stdlib.h> not found. Please note: Cppcheck does not need standard library headers to get proper results.,/home/yichen/Desktop/Qwen_Security_Prompt08/F015.c|3|information|missingIncludeSystem|Include file: <stdlib.h> not found. Please note: Cppcheck does not need standard library headers to get proper results.,/home/yichen/Desktop/Qwen_Security_Results08/logs/F015_cppcheck.log
/home/yichen/Desktop/Qwen_Security_Prompt08/F015.c,cppcheck,True,success,True,0,10,4,information,missingIncludeSystem,Include file: <string.h> not found. Please note: Cppcheck does not need standard library headers to get proper results.,/home/yichen/Desktop/Qwen_Security_Prompt08/F015.c|4|information|missingIncludeSystem|Include file: <string.h> not found. Please note: Cppcheck does not need standard library headers to get proper results.,/home/yichen/Desktop/Qwen_Security_Results08/logs/F015_cppcheck.log
/home/yichen/Desktop/Qwen_Security_Prompt08/F015.c,cppcheck,True,success,True,0,10,22,warning,invalidscanf,scanf() without field width limits can crash with huge input data.,/home/yichen/Desktop/Qwen_Security_Prompt08/F015.c|22|warning|invalidscanf|scanf() without field width limits can crash with huge input data.,/home/yichen/Desktop/Qwen_Security_Results08/logs/F015_cppcheck.log
/home/yichen/Desktop/Qwen_Security_Prompt08/F015.c,cppcheck,True,success,True,0,10,24,warning,invalidscanf,scanf() without field width limits can crash with huge input data.,/home/yichen/Desktop/Qwen_Security_Prompt08/F015.c|24|warning|invalidscanf|scanf() without field width limits can crash with huge input data.,/home/yichen/Desktop/Qwen_Security_Results08/logs/F015_cppcheck.log
/home/yichen/Desktop/Qwen_Security_Prompt08/F015.c,cppcheck,True,success,True,0,10,33,warning,invalidscanf,scanf() without field width limits can crash with huge input data.,/home/yichen/Desktop/Qwen_Security_Prompt08/F015.c|33|warning|invalidscanf|scanf() without field width limits can crash with huge input data.,/home/yichen/Desktop/Qwen_Security_Results08/logs/F015_cppcheck.log
/home/yichen/Desktop/Qwen_Security_Prompt08/F015.c,cppcheck,True,success,True,0,10,48,warning,invalidscanf,scanf() without field width limits can crash with huge input data.,/home/yichen/Desktop/Qwen_Security_Prompt08/F015.c|48|warning|invalidscanf|scanf() without field width limits can crash with huge input data.,/home/yichen/Desktop/Qwen_Security_Results08/logs/F015_cppcheck.log
/home/yichen/Desktop/Qwen_Security_Prompt08/F015.c,cppcheck,True,success,True,0,10,83,warning,invalidscanf,scanf() without field width limits can crash with huge input data.,/home/yichen/Desktop/Qwen_Security_Prompt08/F015.c|83|warning|invalidscanf|scanf() without field width limits can crash with huge input data.,/home/yichen/Desktop/Qwen_Security_Results08/logs/F015_cppcheck.log
/home/yichen/Desktop/Qwen_Security_Prompt08/F015.c,cppcheck,True,success,True,0,10,104,warning,invalidscanf,scanf() without field width limits can crash with huge input data.,/home/yichen/Desktop/Qwen_Security_Prompt08/F015.c|104|warning|invalidscanf|scanf() without field width limits can crash with huge input data.,/home/yichen/Desktop/Qwen_Security_Results08/logs/F015_cppcheck.log
nofile,cppcheck,True,success,True,0,10,0,information,checkersReport,Active checkers: 113/592 (use --checkers-report=<filename> to see details),nofile|0|information|checkersReport|Active checkers: 113/592 (use --checkers-report=<filename> to see details),/home/yichen/Desktop/Qwen_Security_Results08/logs/F015_cppcheck.log
/home/yichen/Desktop/Qwen_Security_Prompt08/F016.c,cppcheck,True,success,True,0,12,2,information,missingIncludeSystem,Include file: <stdio.h> not found. Please note: Cppcheck does not need standard library headers to get proper results.,/home/yichen/Desktop/Qwen_Security_Prompt08/F016.c|2|information|missingIncludeSystem|Include file: <stdio.h> not found. Please note: Cppcheck does not need standard library headers to get proper results.,/home/yichen/Desktop/Qwen_Security_Results08/logs/F016_cppcheck.log
/home/yichen/Desktop/Qwen_Security_Prompt08/F016.c,cppcheck,True,success,True,0,12,3,information,missingIncludeSystem,Include file: <stdlib.h> not found. Please note: Cppcheck does not need standard library headers to get proper results.,/home/yichen/Desktop/Qwen_Security_Prompt08/F016.c|3|information|missingIncludeSystem|Include file: <stdlib.h> not found. Please note: Cppcheck does not need standard library headers to get proper results.,/home/yichen/Desktop/Qwen_Security_Results08/logs/F016_cppcheck.log
/home/yichen/Desktop/Qwen_Security_Prompt08/F016.c,cppcheck,True,success,True,0,12,4,information,missingIncludeSystem,Include file: <string.h> not found. Please note: Cppcheck does not need standard library headers to get proper results.,/home/yichen/Desktop/Qwen_Security_Prompt08/F016.c|4|information|missingIncludeSystem|Include file: <string.h> not found. Please note: Cppcheck does not need standard library headers to get proper results.,/home/yichen/Desktop/Qwen_Security_Results08/logs/F016_cppcheck.log
/home/yichen/Desktop/Qwen_Security_Prompt08/F016.c,cppcheck,True,success,True,0,12,46,warning,invalidscanf,scanf() without field width limits can crash with huge input data.,/home/yichen/Desktop/Qwen_Security_Prompt08/F016.c|46|warning|invalidscanf|scanf() without field width limits can crash with huge input data.,/home/yichen/Desktop/Qwen_Security_Results08/logs/F016_cppcheck.log
/home/yichen/Desktop/Qwen_Security_Prompt08/F016.c,cppcheck,True,success,True,0,12,48,warning,invalidscanf,scanf() without field width limits can crash with huge input data.,/home/yichen/Desktop/Qwen_Security_Prompt08/F016.c|48|warning|invalidscanf|scanf() without field width limits can crash with huge input data.,/home/yichen/Desktop/Qwen_Security_Results08/logs/F016_cppcheck.log
/home/yichen/Desktop/Qwen_Security_Prompt08/F016.c,cppcheck,True,success,True,0,12,56,warning,invalidscanf,scanf() without field width limits can crash with huge input data.,/home/yichen/Desktop/Qwen_Security_Prompt08/F016.c|56|warning|invalidscanf|scanf() without field width limits can crash with huge input data.,/home/yichen/Desktop/Qwen_Security_Results08/logs/F016_cppcheck.log
/home/yichen/Desktop/Qwen_Security_Prompt08/F016.c,cppcheck,True,success,True,0,12,76,warning,invalidscanf,scanf() without field width limits can crash with huge input data.,/home/yichen/Desktop/Qwen_Security_Prompt08/F016.c|76|warning|invalidscanf|scanf() without field width limits can crash with huge input data.,/home/yichen/Desktop/Qwen_Security_Results08/logs/F016_cppcheck.log
/home/yichen/Desktop/Qwen_Security_Prompt08/F016.c,cppcheck,True,success,True,0,12,15,style,constParameterPointer,Parameter 'path' can be declared as pointer to const,/home/yichen/Desktop/Qwen_Security_Prompt08/F016.c|15|style|constParameterPointer|Parameter 'path' can be declared as pointer to const,/home/yichen/Desktop/Qwen_Security_Results08/logs/F016_cppcheck.log
/home/yichen/Desktop/Qwen_Security_Prompt08/F016.c,cppcheck,True,success,True,0,12,23,style,constVariablePointer,Variable 'n' can be declared as pointer to const,/home/yichen/Desktop/Qwen_Security_Prompt08/F016.c|23|style|constVariablePointer|Variable 'n' can be declared as pointer to const,/home/yichen/Desktop/Qwen_Security_Results08/logs/F016_cppcheck.log
/home/yichen/Desktop/Qwen_Security_Prompt08/F016.c,cppcheck,True,success,True,0,12,24,style,constVariablePointer,Variable 'e' can be declared as pointer to const,/home/yichen/Desktop/Qwen_Security_Prompt08/F016.c|24|style|constVariablePointer|Variable 'e' can be declared as pointer to const,/home/yichen/Desktop/Qwen_Security_Results08/logs/F016_cppcheck.log
/home/yichen/Desktop/Qwen_Security_Prompt08/F016.c,cppcheck,True,success,True,0,12,25,style,constVariablePointer,Variable 'p' can be declared as pointer to const,/home/yichen/Desktop/Qwen_Security_Prompt08/F016.c|25|style|constVariablePointer|Variable 'p' can be declared as pointer to const,/home/yichen/Desktop/Qwen_Security_Results08/logs/F016_cppcheck.log
nofile,cppcheck,True,success,True,0,12,0,information,checkersReport,Active checkers: 113/592 (use --checkers-report=<filename> to see details),nofile|0|information|checkersReport|Active checkers: 113/592 (use --checkers-report=<filename> to see details),/home/yichen/Desktop/Qwen_Security_Results08/logs/F016_cppcheck.log
/home/yichen/Desktop/Qwen_Security_Prompt08/F017.c,cppcheck,True,success,True,0,9,2,information,missingIncludeSystem,Include file: <stdio.h> not found. Please note: Cppcheck does not need standard library headers to get proper results.,/home/yichen/Desktop/Qwen_Security_Prompt08/F017.c|2|information|missingIncludeSystem|Include file: <stdio.h> not found. Please note: Cppcheck does not need standard library headers to get proper results.,/home/yichen/Desktop/Qwen_Security_Results08/logs/F017_cppcheck.log
/home/yichen/Desktop/Qwen_Security_Prompt08/F017.c,cppcheck,True,success,True,0,9,3,information,missingIncludeSystem,Include file: <stdlib.h> not found. Please note: Cppcheck does not need standard library headers to get proper results.,/home/yichen/Desktop/Qwen_Security_Prompt08/F017.c|3|information|missingIncludeSystem|Include file: <stdlib.h> not found. Please note: Cppcheck does not need standard library headers to get proper results.,/home/yichen/Desktop/Qwen_Security_Results08/logs/F017_cppcheck.log
/home/yichen/Desktop/Qwen_Security_Prompt08/F017.c,cppcheck,True,success,True,0,9,4,information,missingIncludeSystem,Include file: <string.h> not found. Please note: Cppcheck does not need standard library headers to get proper results.,/home/yichen/Desktop/Qwen_Security_Prompt08/F017.c|4|information|missingIncludeSystem|Include file: <string.h> not found. Please note: Cppcheck does not need standard library headers to get proper results.,/home/yichen/Desktop/Qwen_Security_Results08/logs/F017_cppcheck.log
/home/yichen/Desktop/Qwen_Security_Prompt08/F017.c,cppcheck,True,success,True,0,9,46,warning,invalidscanf,scanf() without field width limits can crash with huge input data.,/home/yichen/Desktop/Qwen_Security_Prompt08/F017.c|46|warning|invalidscanf|scanf() without field width limits can crash with huge input data.,/home/yichen/Desktop/Qwen_Security_Results08/logs/F017_cppcheck.log
/home/yichen/Desktop/Qwen_Security_Prompt08/F017.c,cppcheck,True,success,True,0,9,48,warning,invalidscanf,scanf() without field width limits can crash with huge input data.,/home/yichen/Desktop/Qwen_Security_Prompt08/F017.c|48|warning|invalidscanf|scanf() without field width limits can crash with huge input data.,/home/yichen/Desktop/Qwen_Security_Results08/logs/F017_cppcheck.log
/home/yichen/Desktop/Qwen_Security_Prompt08/F017.c,cppcheck,True,success,True,0,9,69,warning,invalidscanf,scanf() without field width limits can crash with huge input data.,/home/yichen/Desktop/Qwen_Security_Prompt08/F017.c|69|warning|invalidscanf|scanf() without field width limits can crash with huge input data.,/home/yichen/Desktop/Qwen_Security_Results08/logs/F017_cppcheck.log
/home/yichen/Desktop/Qwen_Security_Prompt08/F017.c,cppcheck,True,success,True,0,9,88,warning,invalidscanf,scanf() without field width limits can crash with huge input data.,/home/yichen/Desktop/Qwen_Security_Prompt08/F017.c|88|warning|invalidscanf|scanf() without field width limits can crash with huge input data.,/home/yichen/Desktop/Qwen_Security_Results08/logs/F017_cppcheck.log
/home/yichen/Desktop/Qwen_Security_Prompt08/F017.c,cppcheck,True,success,True,0,9,14,style,constParameterPointer,Parameter 'path' can be declared as pointer to const,/home/yichen/Desktop/Qwen_Security_Prompt08/F017.c|14|style|constParameterPointer|Parameter 'path' can be declared as pointer to const,/home/yichen/Desktop/Qwen_Security_Results08/logs/F017_cppcheck.log
nofile,cppcheck,True,success,True,0,9,0,information,checkersReport,Active checkers: 113/592 (use --checkers-report=<filename> to see details),nofile|0|information|checkersReport|Active checkers: 113/592 (use --checkers-report=<filename> to see details),/home/yichen/Desktop/Qwen_Security_Results08/logs/F017_cppcheck.log
/home/yichen/Desktop/Qwen_Security_Prompt08/F018.c,cppcheck,True,success,True,0,6,2,information,missingIncludeSystem,Include file: <stdio.h> not found. Please note: Cppcheck does not need standard library headers to get proper results.,/home/yichen/Desktop/Qwen_Security_Prompt08/F018.c|2|information|missingIncludeSystem|Include file: <stdio.h> not found. Please note: Cppcheck does not need standard library headers to get proper results.,/home/yichen/Desktop/Qwen_Security_Results08/logs/F018_cppcheck.log
/home/yichen/Desktop/Qwen_Security_Prompt08/F018.c,cppcheck,True,success,True,0,6,3,information,missingIncludeSystem,Include file: <stdlib.h> not found. Please note: Cppcheck does not need standard library headers to get proper results.,/home/yichen/Desktop/Qwen_Security_Prompt08/F018.c|3|information|missingIncludeSystem|Include file: <stdlib.h> not found. Please note: Cppcheck does not need standard library headers to get proper results.,/home/yichen/Desktop/Qwen_Security_Results08/logs/F018_cppcheck.log
/home/yichen/Desktop/Qwen_Security_Prompt08/F018.c,cppcheck,True,success,True,0,6,4,information,missingIncludeSystem,Include file: <string.h> not found. Please note: Cppcheck does not need standard library headers to get proper results.,/home/yichen/Desktop/Qwen_Security_Prompt08/F018.c|4|information|missingIncludeSystem|Include file: <string.h> not found. Please note: Cppcheck does not need standard library headers to get proper results.,/home/yichen/Desktop/Qwen_Security_Results08/logs/F018_cppcheck.log
/home/yichen/Desktop/Qwen_Security_Prompt08/F018.c,cppcheck,True,success,True,0,6,47,warning,invalidscanf,scanf() without field width limits can crash with huge input data.,/home/yichen/Desktop/Qwen_Security_Prompt08/F018.c|47|warning|invalidscanf|scanf() without field width limits can crash with huge input data.,/home/yichen/Desktop/Qwen_Security_Results08/logs/F018_cppcheck.log
/home/yichen/Desktop/Qwen_Security_Prompt08/F018.c,cppcheck,True,success,True,0,6,14,style,constParameterPointer,Parameter 'path' can be declared as pointer to const,/home/yichen/Desktop/Qwen_Security_Prompt08/F018.c|14|style|constParameterPointer|Parameter 'path' can be declared as pointer to const,/home/yichen/Desktop/Qwen_Security_Results08/logs/F018_cppcheck.log
nofile,cppcheck,True,success,True,0,6,0,information,checkersReport,Active checkers: 113/592 (use --checkers-report=<filename> to see details),nofile|0|information|checkersReport|Active checkers: 113/592 (use --checkers-report=<filename> to see details),/home/yichen/Desktop/Qwen_Security_Results08/logs/F018_cppcheck.log
/home/yichen/Desktop/Qwen_Security_Prompt08/F019.c,cppcheck,True,success,True,0,10,2,information,missingIncludeSystem,Include file: <stdio.h> not found. Please note: Cppcheck does not need standard library headers to get proper results.,/home/yichen/Desktop/Qwen_Security_Prompt08/F019.c|2|information|missingIncludeSystem|Include file: <stdio.h> not found. Please note: Cppcheck does not need standard library headers to get proper results.,/home/yichen/Desktop/Qwen_Security_Results08/logs/F019_cppcheck.log
/home/yichen/Desktop/Qwen_Security_Prompt08/F019.c,cppcheck,True,success,True,0,10,3,information,missingIncludeSystem,Include file: <stdlib.h> not found. Please note: Cppcheck does not need standard library headers to get proper results.,/home/yichen/Desktop/Qwen_Security_Prompt08/F019.c|3|information|missingIncludeSystem|Include file: <stdlib.h> not found. Please note: Cppcheck does not need standard library headers to get proper results.,/home/yichen/Desktop/Qwen_Security_Results08/logs/F019_cppcheck.log
/home/yichen/Desktop/Qwen_Security_Prompt08/F019.c,cppcheck,True,success,True,0,10,4,information,missingIncludeSystem,Include file: <string.h> not found. Please note: Cppcheck does not need standard library headers to get proper results.,/home/yichen/Desktop/Qwen_Security_Prompt08/F019.c|4|information|missingIncludeSystem|Include file: <string.h> not found. Please note: Cppcheck does not need standard library headers to get proper results.,/home/yichen/Desktop/Qwen_Security_Results08/logs/F019_cppcheck.log
/home/yichen/Desktop/Qwen_Security_Prompt08/F019.c,cppcheck,True,success,True,0,10,25,warning,invalidscanf,sscanf() without field width limits can crash with huge input data.,/home/yichen/Desktop/Qwen_Security_Prompt08/F019.c|25|warning|invalidscanf|sscanf() without field width limits can crash with huge input data.,/home/yichen/Desktop/Qwen_Security_Results08/logs/F019_cppcheck.log
/home/yichen/Desktop/Qwen_Security_Prompt08/F019.c,cppcheck,True,success,True,0,10,52,warning,invalidscanf,scanf() without field width limits can crash with huge input data.,/home/yichen/Desktop/Qwen_Security_Prompt08/F019.c|52|warning|invalidscanf|scanf() without field width limits can crash with huge input data.,/home/yichen/Desktop/Qwen_Security_Results08/logs/F019_cppcheck.log
/home/yichen/Desktop/Qwen_Security_Prompt08/F019.c,cppcheck,True,success,True,0,10,54,warning,invalidscanf,scanf() without field width limits can crash with huge input data.,/home/yichen/Desktop/Qwen_Security_Prompt08/F019.c|54|warning|invalidscanf|scanf() without field width limits can crash with huge input data.,/home/yichen/Desktop/Qwen_Security_Results08/logs/F019_cppcheck.log
/home/yichen/Desktop/Qwen_Security_Prompt08/F019.c,cppcheck,True,success,True,0,10,67,warning,invalidscanf,scanf() without field width limits can crash with huge input data.,/home/yichen/Desktop/Qwen_Security_Prompt08/F019.c|67|warning|invalidscanf|scanf() without field width limits can crash with huge input data.,/home/yichen/Desktop/Qwen_Security_Results08/logs/F019_cppcheck.log
/home/yichen/Desktop/Qwen_Security_Prompt08/F019.c,cppcheck,True,success,True,0,10,92,warning,invalidscanf,scanf() without field width limits can crash with huge input data.,/home/yichen/Desktop/Qwen_Security_Prompt08/F019.c|92|warning|invalidscanf|scanf() without field width limits can crash with huge input data.,/home/yichen/Desktop/Qwen_Security_Results08/logs/F019_cppcheck.log
/home/yichen/Desktop/Qwen_Security_Prompt08/F019.c,cppcheck,True,success,True,0,10,15,style,constParameterPointer,Parameter 'path' can be declared as pointer to const,/home/yichen/Desktop/Qwen_Security_Prompt08/F019.c|15|style|constParameterPointer|Parameter 'path' can be declared as pointer to const,/home/yichen/Desktop/Qwen_Security_Results08/logs/F019_cppcheck.log
nofile,cppcheck,True,success,True,0,10,0,information,checkersReport,Active checkers: 113/592 (use --checkers-report=<filename> to see details),nofile|0|information|checkersReport|Active checkers: 113/592 (use --checkers-report=<filename> to see details),/home/yichen/Desktop/Qwen_Security_Results08/logs/F019_cppcheck.log
/home/yichen/Desktop/Qwen_Security_Prompt08/F020.c,cppcheck,True,success,True,0,6,2,information,missingIncludeSystem,Include file: <stdio.h> not found. Please note: Cppcheck does not need standard library headers to get proper results.,/home/yichen/Desktop/Qwen_Security_Prompt08/F020.c|2|information|missingIncludeSystem|Include file: <stdio.h> not found. Please note: Cppcheck does not need standard library headers to get proper results.,/home/yichen/Desktop/Qwen_Security_Results08/logs/F020_cppcheck.log
/home/yichen/Desktop/Qwen_Security_Prompt08/F020.c,cppcheck,True,success,True,0,6,3,information,missingIncludeSystem,Include file: <stdlib.h> not found. Please note: Cppcheck does not need standard library headers to get proper results.,/home/yichen/Desktop/Qwen_Security_Prompt08/F020.c|3|information|missingIncludeSystem|Include file: <stdlib.h> not found. Please note: Cppcheck does not need standard library headers to get proper results.,/home/yichen/Desktop/Qwen_Security_Results08/logs/F020_cppcheck.log
/home/yichen/Desktop/Qwen_Security_Prompt08/F020.c,cppcheck,True,success,True,0,6,4,information,missingIncludeSystem,Include file: <string.h> not found. Please note: Cppcheck does not need standard library headers to get proper results.,/home/yichen/Desktop/Qwen_Security_Prompt08/F020.c|4|information|missingIncludeSystem|Include file: <string.h> not found. Please note: Cppcheck does not need standard library headers to get proper results.,/home/yichen/Desktop/Qwen_Security_Results08/logs/F020_cppcheck.log
/home/yichen/Desktop/Qwen_Security_Prompt08/F020.c,cppcheck,True,success,True,0,6,68,warning,invalidscanf,scanf() without field width limits can crash with huge input data.,/home/yichen/Desktop/Qwen_Security_Prompt08/F020.c|68|warning|invalidscanf|scanf() without field width limits can crash with huge input data.,/home/yichen/Desktop/Qwen_Security_Results08/logs/F020_cppcheck.log
/home/yichen/Desktop/Qwen_Security_Prompt08/F020.c,cppcheck,True,success,True,0,6,19,style,constParameterPointer,Parameter 'path' can be declared as pointer to const,/home/yichen/Desktop/Qwen_Security_Prompt08/F020.c|19|style|constParameterPointer|Parameter 'path' can be declared as pointer to const,/home/yichen/Desktop/Qwen_Security_Results08/logs/F020_cppcheck.log
nofile,cppcheck,True,success,True,0,6,0,information,checkersReport,Active checkers: 113/592 (use --checkers-report=<filename> to see details),nofile|0|information|checkersReport|Active checkers: 113/592 (use --checkers-report=<filename> to see details),/home/yichen/Desktop/Qwen_Security_Results08/logs/F020_cppcheck.log
/home/yichen/Desktop/Qwen_Security_Prompt08/F021.c,cppcheck,True,success,True,0,11,2,information,missingIncludeSystem,Include file: <stdio.h> not found. Please note: Cppcheck does not need standard library headers to get proper results.,/home/yichen/Desktop/Qwen_Security_Prompt08/F021.c|2|information|missingIncludeSystem|Include file: <stdio.h> not found. Please note: Cppcheck does not need standard library headers to get proper results.,/home/yichen/Desktop/Qwen_Security_Results08/logs/F021_cppcheck.log
/home/yichen/Desktop/Qwen_Security_Prompt08/F021.c,cppcheck,True,success,True,0,11,3,information,missingIncludeSystem,Include file: <stdlib.h> not found. Please note: Cppcheck does not need standard library headers to get proper results.,/home/yichen/Desktop/Qwen_Security_Prompt08/F021.c|3|information|missingIncludeSystem|Include file: <stdlib.h> not found. Please note: Cppcheck does not need standard library headers to get proper results.,/home/yichen/Desktop/Qwen_Security_Results08/logs/F021_cppcheck.log
/home/yichen/Desktop/Qwen_Security_Prompt08/F021.c,cppcheck,True,success,True,0,11,4,information,missingIncludeSystem,Include file: <string.h> not found. Please note: Cppcheck does not need standard library headers to get proper results.,/home/yichen/Desktop/Qwen_Security_Prompt08/F021.c|4|information|missingIncludeSystem|Include file: <string.h> not found. Please note: Cppcheck does not need standard library headers to get proper results.,/home/yichen/Desktop/Qwen_Security_Results08/logs/F021_cppcheck.log
/home/yichen/Desktop/Qwen_Security_Prompt08/F021.c,cppcheck,True,success,True,0,11,32,warning,invalidscanf,scanf() without field width limits can crash with huge input data.,/home/yichen/Desktop/Qwen_Security_Prompt08/F021.c|32|warning|invalidscanf|scanf() without field width limits can crash with huge input data.,/home/yichen/Desktop/Qwen_Security_Results08/logs/F021_cppcheck.log
/home/yichen/Desktop/Qwen_Security_Prompt08/F021.c,cppcheck,True,success,True,0,11,34,warning,invalidscanf,scanf() without field width limits can crash with huge input data.,/home/yichen/Desktop/Qwen_Security_Prompt08/F021.c|34|warning|invalidscanf|scanf() without field width limits can crash with huge input data.,/home/yichen/Desktop/Qwen_Security_Results08/logs/F021_cppcheck.log
/home/yichen/Desktop/Qwen_Security_Prompt08/F021.c,cppcheck,True,success,True,0,11,41,warning,invalidscanf,scanf() without field width limits can crash with huge input data.,/home/yichen/Desktop/Qwen_Security_Prompt08/F021.c|41|warning|invalidscanf|scanf() without field width limits can crash with huge input data.,/home/yichen/Desktop/Qwen_Security_Results08/logs/F021_cppcheck.log
/home/yichen/Desktop/Qwen_Security_Prompt08/F021.c,cppcheck,True,success,True,0,11,54,warning,invalidscanf,scanf() without field width limits can crash with huge input data.,/home/yichen/Desktop/Qwen_Security_Prompt08/F021.c|54|warning|invalidscanf|scanf() without field width limits can crash with huge input data.,/home/yichen/Desktop/Qwen_Security_Results08/logs/F021_cppcheck.log
/home/yichen/Desktop/Qwen_Security_Prompt08/F021.c,cppcheck,True,success,True,0,11,73,warning,invalidscanf,scanf() without field width limits can crash with huge input data.,/home/yichen/Desktop/Qwen_Security_Prompt08/F021.c|73|warning|invalidscanf|scanf() without field width limits can crash with huge input data.,/home/yichen/Desktop/Qwen_Security_Results08/logs/F021_cppcheck.log
/home/yichen/Desktop/Qwen_Security_Prompt08/F021.c,cppcheck,True,success,True,0,11,96,warning,invalidscanf,scanf() without field width limits can crash with huge input data.,/home/yichen/Desktop/Qwen_Security_Prompt08/F021.c|96|warning|invalidscanf|scanf() without field width limits can crash with huge input data.,/home/yichen/Desktop/Qwen_Security_Results08/logs/F021_cppcheck.log
/home/yichen/Desktop/Qwen_Security_Prompt08/F021.c,cppcheck,True,success,True,0,11,20,style,constParameterPointer,Parameter 'name' can be declared as pointer to const,/home/yichen/Desktop/Qwen_Security_Prompt08/F021.c|20|style|constParameterPointer|Parameter 'name' can be declared as pointer to const,/home/yichen/Desktop/Qwen_Security_Results08/logs/F021_cppcheck.log
nofile,cppcheck,True,success,True,0,11,0,information,checkersReport,Active checkers: 113/592 (use --checkers-report=<filename> to see details),nofile|0|information|checkersReport|Active checkers: 113/592 (use --checkers-report=<filename> to see details),/home/yichen/Desktop/Qwen_Security_Results08/logs/F021_cppcheck.log
/home/yichen/Desktop/Qwen_Security_Prompt08/F022.c,cppcheck,True,success,True,0,11,2,information,missingIncludeSystem,Include file: <stdio.h> not found. Please note: Cppcheck does not need standard library headers to get proper results.,/home/yichen/Desktop/Qwen_Security_Prompt08/F022.c|2|information|missingIncludeSystem|Include file: <stdio.h> not found. Please note: Cppcheck does not need standard library headers to get proper results.,/home/yichen/Desktop/Qwen_Security_Results08/logs/F022_cppcheck.log
/home/yichen/Desktop/Qwen_Security_Prompt08/F022.c,cppcheck,True,success,True,0,11,3,information,missingIncludeSystem,Include file: <stdlib.h> not found. Please note: Cppcheck does not need standard library headers to get proper results.,/home/yichen/Desktop/Qwen_Security_Prompt08/F022.c|3|information|missingIncludeSystem|Include file: <stdlib.h> not found. Please note: Cppcheck does not need standard library headers to get proper results.,/home/yichen/Desktop/Qwen_Security_Results08/logs/F022_cppcheck.log
/home/yichen/Desktop/Qwen_Security_Prompt08/F022.c,cppcheck,True,success,True,0,11,4,information,missingIncludeSystem,Include file: <string.h> not found. Please note: Cppcheck does not need standard library headers to get proper results.,/home/yichen/Desktop/Qwen_Security_Prompt08/F022.c|4|information|missingIncludeSystem|Include file: <string.h> not found. Please note: Cppcheck does not need standard library headers to get proper results.,/home/yichen/Desktop/Qwen_Security_Results08/logs/F022_cppcheck.log
/home/yichen/Desktop/Qwen_Security_Prompt08/F022.c,cppcheck,True,success,True,0,11,33,warning,invalidscanf,scanf() without field width limits can crash with huge input data.,/home/yichen/Desktop/Qwen_Security_Prompt08/F022.c|33|warning|invalidscanf|scanf() without field width limits can crash with huge input data.,/home/yichen/Desktop/Qwen_Security_Results08/logs/F022_cppcheck.log
/home/yichen/Desktop/Qwen_Security_Prompt08/F022.c,cppcheck,True,success,True,0,11,35,warning,invalidscanf,scanf() without field width limits can crash with huge input data.,/home/yichen/Desktop/Qwen_Security_Prompt08/F022.c|35|warning|invalidscanf|scanf() without field width limits can crash with huge input data.,/home/yichen/Desktop/Qwen_Security_Results08/logs/F022_cppcheck.log
/home/yichen/Desktop/Qwen_Security_Prompt08/F022.c,cppcheck,True,success,True,0,11,42,warning,invalidscanf,scanf() without field width limits can crash with huge input data.,/home/yichen/Desktop/Qwen_Security_Prompt08/F022.c|42|warning|invalidscanf|scanf() without field width limits can crash with huge input data.,/home/yichen/Desktop/Qwen_Security_Results08/logs/F022_cppcheck.log
/home/yichen/Desktop/Qwen_Security_Prompt08/F022.c,cppcheck,True,success,True,0,11,57,warning,invalidscanf,scanf() without field width limits can crash with huge input data.,/home/yichen/Desktop/Qwen_Security_Prompt08/F022.c|57|warning|invalidscanf|scanf() without field width limits can crash with huge input data.,/home/yichen/Desktop/Qwen_Security_Results08/logs/F022_cppcheck.log
/home/yichen/Desktop/Qwen_Security_Prompt08/F022.c,cppcheck,True,success,True,0,11,76,warning,invalidscanf,scanf() without field width limits can crash with huge input data.,/home/yichen/Desktop/Qwen_Security_Prompt08/F022.c|76|warning|invalidscanf|scanf() without field width limits can crash with huge input data.,/home/yichen/Desktop/Qwen_Security_Results08/logs/F022_cppcheck.log
/home/yichen/Desktop/Qwen_Security_Prompt08/F022.c,cppcheck,True,success,True,0,11,87,warning,invalidscanf,scanf() without field width limits can crash with huge input data.,/home/yichen/Desktop/Qwen_Security_Prompt08/F022.c|87|warning|invalidscanf|scanf() without field width limits can crash with huge input data.,/home/yichen/Desktop/Qwen_Security_Results08/logs/F022_cppcheck.log
/home/yichen/Desktop/Qwen_Security_Prompt08/F022.c,cppcheck,True,success,True,0,11,21,style,constParameterPointer,Parameter 'name' can be declared as pointer to const,/home/yichen/Desktop/Qwen_Security_Prompt08/F022.c|21|style|constParameterPointer|Parameter 'name' can be declared as pointer to const,/home/yichen/Desktop/Qwen_Security_Results08/logs/F022_cppcheck.log
nofile,cppcheck,True,success,True,0,11,0,information,checkersReport,Active checkers: 113/592 (use --checkers-report=<filename> to see details),nofile|0|information|checkersReport|Active checkers: 113/592 (use --checkers-report=<filename> to see details),/home/yichen/Desktop/Qwen_Security_Results08/logs/F022_cppcheck.log
/home/yichen/Desktop/Qwen_Security_Prompt08/F023.c,cppcheck,True,success,True,0,10,2,information,missingIncludeSystem,Include file: <stdio.h> not found. Please note: Cppcheck does not need standard library headers to get proper results.,/home/yichen/Desktop/Qwen_Security_Prompt08/F023.c|2|information|missingIncludeSystem|Include file: <stdio.h> not found. Please note: Cppcheck does not need standard library headers to get proper results.,/home/yichen/Desktop/Qwen_Security_Results08/logs/F023_cppcheck.log
/home/yichen/Desktop/Qwen_Security_Prompt08/F023.c,cppcheck,True,success,True,0,10,3,information,missingIncludeSystem,Include file: <stdlib.h> not found. Please note: Cppcheck does not need standard library headers to get proper results.,/home/yichen/Desktop/Qwen_Security_Prompt08/F023.c|3|information|missingIncludeSystem|Include file: <stdlib.h> not found. Please note: Cppcheck does not need standard library headers to get proper results.,/home/yichen/Desktop/Qwen_Security_Results08/logs/F023_cppcheck.log
/home/yichen/Desktop/Qwen_Security_Prompt08/F023.c,cppcheck,True,success,True,0,10,4,information,missingIncludeSystem,Include file: <string.h> not found. Please note: Cppcheck does not need standard library headers to get proper results.,/home/yichen/Desktop/Qwen_Security_Prompt08/F023.c|4|information|missingIncludeSystem|Include file: <string.h> not found. Please note: Cppcheck does not need standard library headers to get proper results.,/home/yichen/Desktop/Qwen_Security_Results08/logs/F023_cppcheck.log
/home/yichen/Desktop/Qwen_Security_Prompt08/F023.c,cppcheck,True,success,True,0,10,27,warning,invalidscanf,scanf() without field width limits can crash with huge input data.,/home/yichen/Desktop/Qwen_Security_Prompt08/F023.c|27|warning|invalidscanf|scanf() without field width limits can crash with huge input data.,/home/yichen/Desktop/Qwen_Security_Results08/logs/F023_cppcheck.log
/home/yichen/Desktop/Qwen_Security_Prompt08/F023.c,cppcheck,True,success,True,0,10,29,warning,invalidscanf,scanf() without field width limits can crash with huge input data.,/home/yichen/Desktop/Qwen_Security_Prompt08/F023.c|29|warning|invalidscanf|scanf() without field width limits can crash with huge input data.,/home/yichen/Desktop/Qwen_Security_Results08/logs/F023_cppcheck.log
/home/yichen/Desktop/Qwen_Security_Prompt08/F023.c,cppcheck,True,success,True,0,10,41,warning,invalidscanf,scanf() without field width limits can crash with huge input data.,/home/yichen/Desktop/Qwen_Security_Prompt08/F023.c|41|warning|invalidscanf|scanf() without field width limits can crash with huge input data.,/home/yichen/Desktop/Qwen_Security_Results08/logs/F023_cppcheck.log
/home/yichen/Desktop/Qwen_Security_Prompt08/F023.c,cppcheck,True,success,True,0,10,52,warning,invalidscanf,scanf() without field width limits can crash with huge input data.,/home/yichen/Desktop/Qwen_Security_Prompt08/F023.c|52|warning|invalidscanf|scanf() without field width limits can crash with huge input data.,/home/yichen/Desktop/Qwen_Security_Results08/logs/F023_cppcheck.log
/home/yichen/Desktop/Qwen_Security_Prompt08/F023.c,cppcheck,True,success,True,0,10,72,warning,invalidscanf,scanf() without field width limits can crash with huge input data.,/home/yichen/Desktop/Qwen_Security_Prompt08/F023.c|72|warning|invalidscanf|scanf() without field width limits can crash with huge input data.,/home/yichen/Desktop/Qwen_Security_Results08/logs/F023_cppcheck.log
/home/yichen/Desktop/Qwen_Security_Prompt08/F023.c,cppcheck,True,success,True,0,10,96,warning,invalidscanf,scanf() without field width limits can crash with huge input data.,/home/yichen/Desktop/Qwen_Security_Prompt08/F023.c|96|warning|invalidscanf|scanf() without field width limits can crash with huge input data.,/home/yichen/Desktop/Qwen_Security_Results08/logs/F023_cppcheck.log
nofile,cppcheck,True,success,True,0,10,0,information,checkersReport,Active checkers: 113/592 (use --checkers-report=<filename> to see details),nofile|0|information|checkersReport|Active checkers: 113/592 (use --checkers-report=<filename> to see details),/home/yichen/Desktop/Qwen_Security_Results08/logs/F023_cppcheck.log
/home/yichen/Desktop/Qwen_Security_Prompt08/F024.c,cppcheck,True,success,True,0,11,2,information,missingIncludeSystem,Include file: <stdio.h> not found. Please note: Cppcheck does not need standard library headers to get proper results.,/home/yichen/Desktop/Qwen_Security_Prompt08/F024.c|2|information|missingIncludeSystem|Include file: <stdio.h> not found. Please note: Cppcheck does not need standard library headers to get proper results.,/home/yichen/Desktop/Qwen_Security_Results08/logs/F024_cppcheck.log
/home/yichen/Desktop/Qwen_Security_Prompt08/F024.c,cppcheck,True,success,True,0,11,3,information,missingIncludeSystem,Include file: <stdlib.h> not found. Please note: Cppcheck does not need standard library headers to get proper results.,/home/yichen/Desktop/Qwen_Security_Prompt08/F024.c|3|information|missingIncludeSystem|Include file: <stdlib.h> not found. Please note: Cppcheck does not need standard library headers to get proper results.,/home/yichen/Desktop/Qwen_Security_Results08/logs/F024_cppcheck.log
/home/yichen/Desktop/Qwen_Security_Prompt08/F024.c,cppcheck,True,success,True,0,11,4,information,missingIncludeSystem,Include file: <string.h> not found. Please note: Cppcheck does not need standard library headers to get proper results.,/home/yichen/Desktop/Qwen_Security_Prompt08/F024.c|4|information|missingIncludeSystem|Include file: <string.h> not found. Please note: Cppcheck does not need standard library headers to get proper results.,/home/yichen/Desktop/Qwen_Security_Results08/logs/F024_cppcheck.log
/home/yichen/Desktop/Qwen_Security_Prompt08/F024.c,cppcheck,True,success,True,0,11,32,warning,invalidscanf,scanf() without field width limits can crash with huge input data.,/home/yichen/Desktop/Qwen_Security_Prompt08/F024.c|32|warning|invalidscanf|scanf() without field width limits can crash with huge input data.,/home/yichen/Desktop/Qwen_Security_Results08/logs/F024_cppcheck.log
/home/yichen/Desktop/Qwen_Security_Prompt08/F024.c,cppcheck,True,success,True,0,11,34,warning,invalidscanf,scanf() without field width limits can crash with huge input data.,/home/yichen/Desktop/Qwen_Security_Prompt08/F024.c|34|warning|invalidscanf|scanf() without field width limits can crash with huge input data.,/home/yichen/Desktop/Qwen_Security_Results08/logs/F024_cppcheck.log
/home/yichen/Desktop/Qwen_Security_Prompt08/F024.c,cppcheck,True,success,True,0,11,42,warning,invalidscanf,scanf() without field width limits can crash with huge input data.,/home/yichen/Desktop/Qwen_Security_Prompt08/F024.c|42|warning|invalidscanf|scanf() without field width limits can crash with huge input data.,/home/yichen/Desktop/Qwen_Security_Results08/logs/F024_cppcheck.log
/home/yichen/Desktop/Qwen_Security_Prompt08/F024.c,cppcheck,True,success,True,0,11,51,warning,invalidscanf,scanf() without field width limits can crash with huge input data.,/home/yichen/Desktop/Qwen_Security_Prompt08/F024.c|51|warning|invalidscanf|scanf() without field width limits can crash with huge input data.,/home/yichen/Desktop/Qwen_Security_Results08/logs/F024_cppcheck.log
/home/yichen/Desktop/Qwen_Security_Prompt08/F024.c,cppcheck,True,success,True,0,11,69,warning,invalidscanf,scanf() without field width limits can crash with huge input data.,/home/yichen/Desktop/Qwen_Security_Prompt08/F024.c|69|warning|invalidscanf|scanf() without field width limits can crash with huge input data.,/home/yichen/Desktop/Qwen_Security_Results08/logs/F024_cppcheck.log
/home/yichen/Desktop/Qwen_Security_Prompt08/F024.c,cppcheck,True,success,True,0,11,91,warning,invalidscanf,scanf() without field width limits can crash with huge input data.,/home/yichen/Desktop/Qwen_Security_Prompt08/F024.c|91|warning|invalidscanf|scanf() without field width limits can crash with huge input data.,/home/yichen/Desktop/Qwen_Security_Results08/logs/F024_cppcheck.log
/home/yichen/Desktop/Qwen_Security_Prompt08/F024.c,cppcheck,True,success,True,0,11,20,style,constParameterPointer,Parameter 'title' can be declared as pointer to const,/home/yichen/Desktop/Qwen_Security_Prompt08/F024.c|20|style|constParameterPointer|Parameter 'title' can be declared as pointer to const,/home/yichen/Desktop/Qwen_Security_Results08/logs/F024_cppcheck.log
nofile,cppcheck,True,success,True,0,11,0,information,checkersReport,Active checkers: 113/592 (use --checkers-report=<filename> to see details),nofile|0|information|checkersReport|Active checkers: 113/592 (use --checkers-report=<filename> to see details),/home/yichen/Desktop/Qwen_Security_Results08/logs/F024_cppcheck.log
/home/yichen/Desktop/Qwen_Security_Prompt08/F025.c,cppcheck,True,success,True,0,11,2,information,missingIncludeSystem,Include file: <stdio.h> not found. Please note: Cppcheck does not need standard library headers to get proper results.,/home/yichen/Desktop/Qwen_Security_Prompt08/F025.c|2|information|missingIncludeSystem|Include file: <stdio.h> not found. Please note: Cppcheck does not need standard library headers to get proper results.,/home/yichen/Desktop/Qwen_Security_Results08/logs/F025_cppcheck.log
/home/yichen/Desktop/Qwen_Security_Prompt08/F025.c,cppcheck,True,success,True,0,11,3,information,missingIncludeSystem,Include file: <stdlib.h> not found. Please note: Cppcheck does not need standard library headers to get proper results.,/home/yichen/Desktop/Qwen_Security_Prompt08/F025.c|3|information|missingIncludeSystem|Include file: <stdlib.h> not found. Please note: Cppcheck does not need standard library headers to get proper results.,/home/yichen/Desktop/Qwen_Security_Results08/logs/F025_cppcheck.log
/home/yichen/Desktop/Qwen_Security_Prompt08/F025.c,cppcheck,True,success,True,0,11,4,information,missingIncludeSystem,Include file: <string.h> not found. Please note: Cppcheck does not need standard library headers to get proper results.,/home/yichen/Desktop/Qwen_Security_Prompt08/F025.c|4|information|missingIncludeSystem|Include file: <string.h> not found. Please note: Cppcheck does not need standard library headers to get proper results.,/home/yichen/Desktop/Qwen_Security_Results08/logs/F025_cppcheck.log
/home/yichen/Desktop/Qwen_Security_Prompt08/F025.c,cppcheck,True,success,True,0,11,32,warning,invalidscanf,scanf() without field width limits can crash with huge input data.,/home/yichen/Desktop/Qwen_Security_Prompt08/F025.c|32|warning|invalidscanf|scanf() without field width limits can crash with huge input data.,/home/yichen/Desktop/Qwen_Security_Results08/logs/F025_cppcheck.log
/home/yichen/Desktop/Qwen_Security_Prompt08/F025.c,cppcheck,True,success,True,0,11,34,warning,invalidscanf,scanf() without field width limits can crash with huge input data.,/home/yichen/Desktop/Qwen_Security_Prompt08/F025.c|34|warning|invalidscanf|scanf() without field width limits can crash with huge input data.,/home/yichen/Desktop/Qwen_Security_Results08/logs/F025_cppcheck.log
/home/yichen/Desktop/Qwen_Security_Prompt08/F025.c,cppcheck,True,success,True,0,11,41,warning,invalidscanf,scanf() without field width limits can crash with huge input data.,/home/yichen/Desktop/Qwen_Security_Prompt08/F025.c|41|warning|invalidscanf|scanf() without field width limits can crash with huge input data.,/home/yichen/Desktop/Qwen_Security_Results08/logs/F025_cppcheck.log
/home/yichen/Desktop/Qwen_Security_Prompt08/F025.c,cppcheck,True,success,True,0,11,55,warning,invalidscanf,scanf() without field width limits can crash with huge input data.,/home/yichen/Desktop/Qwen_Security_Prompt08/F025.c|55|warning|invalidscanf|scanf() without field width limits can crash with huge input data.,/home/yichen/Desktop/Qwen_Security_Results08/logs/F025_cppcheck.log
/home/yichen/Desktop/Qwen_Security_Prompt08/F025.c,cppcheck,True,success,True,0,11,74,warning,invalidscanf,scanf() without field width limits can crash with huge input data.,/home/yichen/Desktop/Qwen_Security_Prompt08/F025.c|74|warning|invalidscanf|scanf() without field width limits can crash with huge input data.,/home/yichen/Desktop/Qwen_Security_Results08/logs/F025_cppcheck.log
/home/yichen/Desktop/Qwen_Security_Prompt08/F025.c,cppcheck,True,success,True,0,11,93,warning,invalidscanf,scanf() without field width limits can crash with huge input data.,/home/yichen/Desktop/Qwen_Security_Prompt08/F025.c|93|warning|invalidscanf|scanf() without field width limits can crash with huge input data.,/home/yichen/Desktop/Qwen_Security_Results08/logs/F025_cppcheck.log
/home/yichen/Desktop/Qwen_Security_Prompt08/F025.c,cppcheck,True,success,True,0,11,20,style,constParameterPointer,Parameter 'name' can be declared as pointer to const,/home/yichen/Desktop/Qwen_Security_Prompt08/F025.c|20|style|constParameterPointer|Parameter 'name' can be declared as pointer to const,/home/yichen/Desktop/Qwen_Security_Results08/logs/F025_cppcheck.log
nofile,cppcheck,True,success,True,0,11,0,information,checkersReport,Active checkers: 113/592 (use --checkers-report=<filename> to see details),nofile|0|information|checkersReport|Active checkers: 113/592 (use --checkers-report=<filename> to see details),/home/yichen/Desktop/Qwen_Security_Results08/logs/F025_cppcheck.log
/home/yichen/Desktop/Qwen_Security_Prompt08/F026.c,cppcheck,True,success,True,0,9,2,information,missingIncludeSystem,Include file: <stdio.h> not found. Please note: Cppcheck does not need standard library headers to get proper results.,/home/yichen/Desktop/Qwen_Security_Prompt08/F026.c|2|information|missingIncludeSystem|Include file: <stdio.h> not found. Please note: Cppcheck does not need standard library headers to get proper results.,/home/yichen/Desktop/Qwen_Security_Results08/logs/F026_cppcheck.log
/home/yichen/Desktop/Qwen_Security_Prompt08/F026.c,cppcheck,True,success,True,0,9,3,information,missingIncludeSystem,Include file: <stdlib.h> not found. Please note: Cppcheck does not need standard library headers to get proper results.,/home/yichen/Desktop/Qwen_Security_Prompt08/F026.c|3|information|missingIncludeSystem|Include file: <stdlib.h> not found. Please note: Cppcheck does not need standard library headers to get proper results.,/home/yichen/Desktop/Qwen_Security_Results08/logs/F026_cppcheck.log
/home/yichen/Desktop/Qwen_Security_Prompt08/F026.c,cppcheck,True,success,True,0,9,4,information,missingIncludeSystem,Include file: <string.h> not found. Please note: Cppcheck does not need standard library headers to get proper results.,/home/yichen/Desktop/Qwen_Security_Prompt08/F026.c|4|information|missingIncludeSystem|Include file: <string.h> not found. Please note: Cppcheck does not need standard library headers to get proper results.,/home/yichen/Desktop/Qwen_Security_Results08/logs/F026_cppcheck.log
/home/yichen/Desktop/Qwen_Security_Prompt08/F026.c,cppcheck,True,success,True,0,9,19,warning,invalidscanf,scanf() without field width limits can crash with huge input data.,/home/yichen/Desktop/Qwen_Security_Prompt08/F026.c|19|warning|invalidscanf|scanf() without field width limits can crash with huge input data.,/home/yichen/Desktop/Qwen_Security_Results08/logs/F026_cppcheck.log
/home/yichen/Desktop/Qwen_Security_Prompt08/F026.c,cppcheck,True,success,True,0,9,21,warning,invalidscanf,scanf() without field width limits can crash with huge input data.,/home/yichen/Desktop/Qwen_Security_Prompt08/F026.c|21|warning|invalidscanf|scanf() without field width limits can crash with huge input data.,/home/yichen/Desktop/Qwen_Security_Results08/logs/F026_cppcheck.log
/home/yichen/Desktop/Qwen_Security_Prompt08/F026.c,cppcheck,True,success,True,0,9,31,warning,invalidscanf,scanf() without field width limits can crash with huge input data.,/home/yichen/Desktop/Qwen_Security_Prompt08/F026.c|31|warning|invalidscanf|scanf() without field width limits can crash with huge input data.,/home/yichen/Desktop/Qwen_Security_Results08/logs/F026_cppcheck.log
/home/yichen/Desktop/Qwen_Security_Prompt08/F026.c,cppcheck,True,success,True,0,9,49,warning,invalidscanf,scanf() without field width limits can crash with huge input data.,/home/yichen/Desktop/Qwen_Security_Prompt08/F026.c|49|warning|invalidscanf|scanf() without field width limits can crash with huge input data.,/home/yichen/Desktop/Qwen_Security_Results08/logs/F026_cppcheck.log
/home/yichen/Desktop/Qwen_Security_Prompt08/F026.c,cppcheck,True,success,True,0,9,67,warning,invalidscanf,scanf() without field width limits can crash with huge input data.,/home/yichen/Desktop/Qwen_Security_Prompt08/F026.c|67|warning|invalidscanf|scanf() without field width limits can crash with huge input data.,/home/yichen/Desktop/Qwen_Security_Results08/logs/F026_cppcheck.log
nofile,cppcheck,True,success,True,0,9,0,information,checkersReport,Active checkers: 113/592 (use --checkers-report=<filename> to see details),nofile|0|information|checkersReport|Active checkers: 113/592 (use --checkers-report=<filename> to see details),/home/yichen/Desktop/Qwen_Security_Results08/logs/F026_cppcheck.log
/home/yichen/Desktop/Qwen_Security_Prompt08/F027.c,cppcheck,True,success,True,0,8,2,information,missingIncludeSystem,Include file: <stdio.h> not found. Please note: Cppcheck does not need standard library headers to get proper results.,/home/yichen/Desktop/Qwen_Security_Prompt08/F027.c|2|information|missingIncludeSystem|Include file: <stdio.h> not found. Please note: Cppcheck does not need standard library headers to get proper results.,/home/yichen/Desktop/Qwen_Security_Results08/logs/F027_cppcheck.log
/home/yichen/Desktop/Qwen_Security_Prompt08/F027.c,cppcheck,True,success,True,0,8,3,information,missingIncludeSystem,Include file: <stdlib.h> not found. Please note: Cppcheck does not need standard library headers to get proper results.,/home/yichen/Desktop/Qwen_Security_Prompt08/F027.c|3|information|missingIncludeSystem|Include file: <stdlib.h> not found. Please note: Cppcheck does not need standard library headers to get proper results.,/home/yichen/Desktop/Qwen_Security_Results08/logs/F027_cppcheck.log
/home/yichen/Desktop/Qwen_Security_Prompt08/F027.c,cppcheck,True,success,True,0,8,4,information,missingIncludeSystem,Include file: <string.h> not found. Please note: Cppcheck does not need standard library headers to get proper results.,/home/yichen/Desktop/Qwen_Security_Prompt08/F027.c|4|information|missingIncludeSystem|Include file: <string.h> not found. Please note: Cppcheck does not need standard library headers to get proper results.,/home/yichen/Desktop/Qwen_Security_Results08/logs/F027_cppcheck.log
/home/yichen/Desktop/Qwen_Security_Prompt08/F027.c,cppcheck,True,success,True,0,8,20,warning,invalidscanf,scanf() without field width limits can crash with huge input data.,/home/yichen/Desktop/Qwen_Security_Prompt08/F027.c|20|warning|invalidscanf|scanf() without field width limits can crash with huge input data.,/home/yichen/Desktop/Qwen_Security_Results08/logs/F027_cppcheck.log
/home/yichen/Desktop/Qwen_Security_Prompt08/F027.c,cppcheck,True,success,True,0,8,22,warning,invalidscanf,scanf() without field width limits can crash with huge input data.,/home/yichen/Desktop/Qwen_Security_Prompt08/F027.c|22|warning|invalidscanf|scanf() without field width limits can crash with huge input data.,/home/yichen/Desktop/Qwen_Security_Results08/logs/F027_cppcheck.log
/home/yichen/Desktop/Qwen_Security_Prompt08/F027.c,cppcheck,True,success,True,0,8,33,warning,invalidscanf,scanf() without field width limits can crash with huge input data.,/home/yichen/Desktop/Qwen_Security_Prompt08/F027.c|33|warning|invalidscanf|scanf() without field width limits can crash with huge input data.,/home/yichen/Desktop/Qwen_Security_Results08/logs/F027_cppcheck.log
/home/yichen/Desktop/Qwen_Security_Prompt08/F027.c,cppcheck,True,success,True,0,8,41,warning,invalidscanf,scanf() without field width limits can crash with huge input data.,/home/yichen/Desktop/Qwen_Security_Prompt08/F027.c|41|warning|invalidscanf|scanf() without field width limits can crash with huge input data.,/home/yichen/Desktop/Qwen_Security_Results08/logs/F027_cppcheck.log
nofile,cppcheck,True,success,True,0,8,0,information,checkersReport,Active checkers: 113/592 (use --checkers-report=<filename> to see details),nofile|0|information|checkersReport|Active checkers: 113/592 (use --checkers-report=<filename> to see details),/home/yichen/Desktop/Qwen_Security_Results08/logs/F027_cppcheck.log
/home/yichen/Desktop/Qwen_Security_Prompt08/F028.c,cppcheck,True,success,True,0,8,2,information,missingIncludeSystem,Include file: <stdio.h> not found. Please note: Cppcheck does not need standard library headers to get proper results.,/home/yichen/Desktop/Qwen_Security_Prompt08/F028.c|2|information|missingIncludeSystem|Include file: <stdio.h> not found. Please note: Cppcheck does not need standard library headers to get proper results.,/home/yichen/Desktop/Qwen_Security_Results08/logs/F028_cppcheck.log
/home/yichen/Desktop/Qwen_Security_Prompt08/F028.c,cppcheck,True,success,True,0,8,3,information,missingIncludeSystem,Include file: <stdlib.h> not found. Please note: Cppcheck does not need standard library headers to get proper results.,/home/yichen/Desktop/Qwen_Security_Prompt08/F028.c|3|information|missingIncludeSystem|Include file: <stdlib.h> not found. Please note: Cppcheck does not need standard library headers to get proper results.,/home/yichen/Desktop/Qwen_Security_Results08/logs/F028_cppcheck.log
/home/yichen/Desktop/Qwen_Security_Prompt08/F028.c,cppcheck,True,success,True,0,8,4,information,missingIncludeSystem,Include file: <string.h> not found. Please note: Cppcheck does not need standard library headers to get proper results.,/home/yichen/Desktop/Qwen_Security_Prompt08/F028.c|4|information|missingIncludeSystem|Include file: <string.h> not found. Please note: Cppcheck does not need standard library headers to get proper results.,/home/yichen/Desktop/Qwen_Security_Results08/logs/F028_cppcheck.log
/home/yichen/Desktop/Qwen_Security_Prompt08/F028.c,cppcheck,True,success,True,0,8,26,warning,invalidscanf,scanf() without field width limits can crash with huge input data.,/home/yichen/Desktop/Qwen_Security_Prompt08/F028.c|26|warning|invalidscanf|scanf() without field width limits can crash with huge input data.,/home/yichen/Desktop/Qwen_Security_Results08/logs/F028_cppcheck.log
/home/yichen/Desktop/Qwen_Security_Prompt08/F028.c,cppcheck,True,success,True,0,8,28,warning,invalidscanf,scanf() without field width limits can crash with huge input data.,/home/yichen/Desktop/Qwen_Security_Prompt08/F028.c|28|warning|invalidscanf|scanf() without field width limits can crash with huge input data.,/home/yichen/Desktop/Qwen_Security_Results08/logs/F028_cppcheck.log
/home/yichen/Desktop/Qwen_Security_Prompt08/F028.c,cppcheck,True,success,True,0,8,44,warning,invalidscanf,scanf() without field width limits can crash with huge input data.,/home/yichen/Desktop/Qwen_Security_Prompt08/F028.c|44|warning|invalidscanf|scanf() without field width limits can crash with huge input data.,/home/yichen/Desktop/Qwen_Security_Results08/logs/F028_cppcheck.log
/home/yichen/Desktop/Qwen_Security_Prompt08/F028.c,cppcheck,True,success,True,0,8,97,warning,invalidscanf,scanf() without field width limits can crash with huge input data.,/home/yichen/Desktop/Qwen_Security_Prompt08/F028.c|97|warning|invalidscanf|scanf() without field width limits can crash with huge input data.,/home/yichen/Desktop/Qwen_Security_Results08/logs/F028_cppcheck.log
nofile,cppcheck,True,success,True,0,8,0,information,checkersReport,Active checkers: 113/592 (use --checkers-report=<filename> to see details),nofile|0|information|checkersReport|Active checkers: 113/592 (use --checkers-report=<filename> to see details),/home/yichen/Desktop/Qwen_Security_Results08/logs/F028_cppcheck.log
/home/yichen/Desktop/Qwen_Security_Prompt08/F029.c,cppcheck,True,success,True,0,8,2,information,missingIncludeSystem,Include file: <stdio.h> not found. Please note: Cppcheck does not need standard library headers to get proper results.,/home/yichen/Desktop/Qwen_Security_Prompt08/F029.c|2|information|missingIncludeSystem|Include file: <stdio.h> not found. Please note: Cppcheck does not need standard library headers to get proper results.,/home/yichen/Desktop/Qwen_Security_Results08/logs/F029_cppcheck.log
/home/yichen/Desktop/Qwen_Security_Prompt08/F029.c,cppcheck,True,success,True,0,8,3,information,missingIncludeSystem,Include file: <stdlib.h> not found. Please note: Cppcheck does not need standard library headers to get proper results.,/home/yichen/Desktop/Qwen_Security_Prompt08/F029.c|3|information|missingIncludeSystem|Include file: <stdlib.h> not found. Please note: Cppcheck does not need standard library headers to get proper results.,/home/yichen/Desktop/Qwen_Security_Results08/logs/F029_cppcheck.log
/home/yichen/Desktop/Qwen_Security_Prompt08/F029.c,cppcheck,True,success,True,0,8,4,information,missingIncludeSystem,Include file: <string.h> not found. Please note: Cppcheck does not need standard library headers to get proper results.,/home/yichen/Desktop/Qwen_Security_Prompt08/F029.c|4|information|missingIncludeSystem|Include file: <string.h> not found. Please note: Cppcheck does not need standard library headers to get proper results.,/home/yichen/Desktop/Qwen_Security_Results08/logs/F029_cppcheck.log
/home/yichen/Desktop/Qwen_Security_Prompt08/F029.c,cppcheck,True,success,True,0,8,18,warning,invalidscanf,scanf() without field width limits can crash with huge input data.,/home/yichen/Desktop/Qwen_Security_Prompt08/F029.c|18|warning|invalidscanf|scanf() without field width limits can crash with huge input data.,/home/yichen/Desktop/Qwen_Security_Results08/logs/F029_cppcheck.log
/home/yichen/Desktop/Qwen_Security_Prompt08/F029.c,cppcheck,True,success,True,0,8,20,warning,invalidscanf,scanf() without field width limits can crash with huge input data.,/home/yichen/Desktop/Qwen_Security_Prompt08/F029.c|20|warning|invalidscanf|scanf() without field width limits can crash with huge input data.,/home/yichen/Desktop/Qwen_Security_Results08/logs/F029_cppcheck.log
/home/yichen/Desktop/Qwen_Security_Prompt08/F029.c,cppcheck,True,success,True,0,8,44,warning,invalidscanf,scanf() without field width limits can crash with huge input data.,/home/yichen/Desktop/Qwen_Security_Prompt08/F029.c|44|warning|invalidscanf|scanf() without field width limits can crash with huge input data.,/home/yichen/Desktop/Qwen_Security_Results08/logs/F029_cppcheck.log
/home/yichen/Desktop/Qwen_Security_Prompt08/F029.c,cppcheck,True,success,True,0,8,62,warning,invalidscanf,scanf() without field width limits can crash with huge input data.,/home/yichen/Desktop/Qwen_Security_Prompt08/F029.c|62|warning|invalidscanf|scanf() without field width limits can crash with huge input data.,/home/yichen/Desktop/Qwen_Security_Results08/logs/F029_cppcheck.log
nofile,cppcheck,True,success,True,0,8,0,information,checkersReport,Active checkers: 113/592 (use --checkers-report=<filename> to see details),nofile|0|information|checkersReport|Active checkers: 113/592 (use --checkers-report=<filename> to see details),/home/yichen/Desktop/Qwen_Security_Results08/logs/F029_cppcheck.log
/home/yichen/Desktop/Qwen_Security_Prompt08/F030.c,cppcheck,True,success,True,0,10,2,information,missingIncludeSystem,Include file: <stdio.h> not found. Please note: Cppcheck does not need standard library headers to get proper results.,/home/yichen/Desktop/Qwen_Security_Prompt08/F030.c|2|information|missingIncludeSystem|Include file: <stdio.h> not found. Please note: Cppcheck does not need standard library headers to get proper results.,/home/yichen/Desktop/Qwen_Security_Results08/logs/F030_cppcheck.log
/home/yichen/Desktop/Qwen_Security_Prompt08/F030.c,cppcheck,True,success,True,0,10,3,information,missingIncludeSystem,Include file: <stdlib.h> not found. Please note: Cppcheck does not need standard library headers to get proper results.,/home/yichen/Desktop/Qwen_Security_Prompt08/F030.c|3|information|missingIncludeSystem|Include file: <stdlib.h> not found. Please note: Cppcheck does not need standard library headers to get proper results.,/home/yichen/Desktop/Qwen_Security_Results08/logs/F030_cppcheck.log
/home/yichen/Desktop/Qwen_Security_Prompt08/F030.c,cppcheck,True,success,True,0,10,4,information,missingIncludeSystem,Include file: <string.h> not found. Please note: Cppcheck does not need standard library headers to get proper results.,/home/yichen/Desktop/Qwen_Security_Prompt08/F030.c|4|information|missingIncludeSystem|Include file: <string.h> not found. Please note: Cppcheck does not need standard library headers to get proper results.,/home/yichen/Desktop/Qwen_Security_Results08/logs/F030_cppcheck.log
/home/yichen/Desktop/Qwen_Security_Prompt08/F030.c,cppcheck,True,success,True,0,10,27,warning,invalidscanf,scanf() without field width limits can crash with huge input data.,/home/yichen/Desktop/Qwen_Security_Prompt08/F030.c|27|warning|invalidscanf|scanf() without field width limits can crash with huge input data.,/home/yichen/Desktop/Qwen_Security_Results08/logs/F030_cppcheck.log
/home/yichen/Desktop/Qwen_Security_Prompt08/F030.c,cppcheck,True,success,True,0,10,29,warning,invalidscanf,scanf() without field width limits can crash with huge input data.,/home/yichen/Desktop/Qwen_Security_Prompt08/F030.c|29|warning|invalidscanf|scanf() without field width limits can crash with huge input data.,/home/yichen/Desktop/Qwen_Security_Results08/logs/F030_cppcheck.log
/home/yichen/Desktop/Qwen_Security_Prompt08/F030.c,cppcheck,True,success,True,0,10,42,warning,invalidscanf,scanf() without field width limits can crash with huge input data.,/home/yichen/Desktop/Qwen_Security_Prompt08/F030.c|42|warning|invalidscanf|scanf() without field width limits can crash with huge input data.,/home/yichen/Desktop/Qwen_Security_Results08/logs/F030_cppcheck.log
/home/yichen/Desktop/Qwen_Security_Prompt08/F030.c,cppcheck,True,success,True,0,10,68,warning,invalidscanf,scanf() without field width limits can crash with huge input data.,/home/yichen/Desktop/Qwen_Security_Prompt08/F030.c|68|warning|invalidscanf|scanf() without field width limits can crash with huge input data.,/home/yichen/Desktop/Qwen_Security_Results08/logs/F030_cppcheck.log
/home/yichen/Desktop/Qwen_Security_Prompt08/F030.c,cppcheck,True,success,True,0,10,43,style,constVariablePointer,Variable 'found' can be declared as pointer to const,/home/yichen/Desktop/Qwen_Security_Prompt08/F030.c|43|style|constVariablePointer|Variable 'found' can be declared as pointer to const,/home/yichen/Desktop/Qwen_Security_Results08/logs/F030_cppcheck.log
/home/yichen/Desktop/Qwen_Security_Prompt08/F030.c,cppcheck,True,success,True,0,10,53,style,constVariablePointer,Variable 'pos' can be declared as pointer to const,/home/yichen/Desktop/Qwen_Security_Prompt08/F030.c|53|style|constVariablePointer|Variable 'pos' can be declared as pointer to const,/home/yichen/Desktop/Qwen_Security_Results08/logs/F030_cppcheck.log
nofile,cppcheck,True,success,True,0,10,0,information,checkersReport,Active checkers: 113/592 (use --checkers-report=<filename> to see details),nofile|0|information|checkersReport|Active checkers: 113/592 (use --checkers-report=<filename> to see details),/home/yichen/Desktop/Qwen_Security_Results08/logs/F030_cppcheck.log
/home/yichen/Desktop/Qwen_Security_Prompt08/F031.c,cppcheck,True,success,True,0,8,2,information,missingIncludeSystem,Include file: <stdio.h> not found. Please note: Cppcheck does not need standard library headers to get proper results.,/home/yichen/Desktop/Qwen_Security_Prompt08/F031.c|2|information|missingIncludeSystem|Include file: <stdio.h> not found. Please note: Cppcheck does not need standard library headers to get proper results.,/home/yichen/Desktop/Qwen_Security_Results08/logs/F031_cppcheck.log
/home/yichen/Desktop/Qwen_Security_Prompt08/F031.c,cppcheck,True,success,True,0,8,3,information,missingIncludeSystem,Include file: <stdlib.h> not found. Please note: Cppcheck does not need standard library headers to get proper results.,/home/yichen/Desktop/Qwen_Security_Prompt08/F031.c|3|information|missingIncludeSystem|Include file: <stdlib.h> not found. Please note: Cppcheck does not need standard library headers to get proper results.,/home/yichen/Desktop/Qwen_Security_Results08/logs/F031_cppcheck.log
/home/yichen/Desktop/Qwen_Security_Prompt08/F031.c,cppcheck,True,success,True,0,8,4,information,missingIncludeSystem,Include file: <string.h> not found. Please note: Cppcheck does not need standard library headers to get proper results.,/home/yichen/Desktop/Qwen_Security_Prompt08/F031.c|4|information|missingIncludeSystem|Include file: <string.h> not found. Please note: Cppcheck does not need standard library headers to get proper results.,/home/yichen/Desktop/Qwen_Security_Results08/logs/F031_cppcheck.log
/home/yichen/Desktop/Qwen_Security_Prompt08/F031.c,cppcheck,True,success,True,0,8,19,warning,invalidscanf,scanf() without field width limits can crash with huge input data.,/home/yichen/Desktop/Qwen_Security_Prompt08/F031.c|19|warning|invalidscanf|scanf() without field width limits can crash with huge input data.,/home/yichen/Desktop/Qwen_Security_Results08/logs/F031_cppcheck.log
/home/yichen/Desktop/Qwen_Security_Prompt08/F031.c,cppcheck,True,success,True,0,8,25,warning,invalidscanf,scanf() without field width limits can crash with huge input data.,/home/yichen/Desktop/Qwen_Security_Prompt08/F031.c|25|warning|invalidscanf|scanf() without field width limits can crash with huge input data.,/home/yichen/Desktop/Qwen_Security_Results08/logs/F031_cppcheck.log
/home/yichen/Desktop/Qwen_Security_Prompt08/F031.c,cppcheck,True,success,True,0,8,54,warning,invalidscanf,scanf() without field width limits can crash with huge input data.,/home/yichen/Desktop/Qwen_Security_Prompt08/F031.c|54|warning|invalidscanf|scanf() without field width limits can crash with huge input data.,/home/yichen/Desktop/Qwen_Security_Results08/logs/F031_cppcheck.log
/home/yichen/Desktop/Qwen_Security_Prompt08/F031.c,cppcheck,True,success,True,0,8,70,warning,invalidscanf,scanf() without field width limits can crash with huge input data.,/home/yichen/Desktop/Qwen_Security_Prompt08/F031.c|70|warning|invalidscanf|scanf() without field width limits can crash with huge input data.,/home/yichen/Desktop/Qwen_Security_Results08/logs/F031_cppcheck.log
nofile,cppcheck,True,success,True,0,8,0,information,checkersReport,Active checkers: 113/592 (use --checkers-report=<filename> to see details),nofile|0|information|checkersReport|Active checkers: 113/592 (use --checkers-report=<filename> to see details),/home/yichen/Desktop/Qwen_Security_Results08/logs/F031_cppcheck.log
/home/yichen/Desktop/Qwen_Security_Prompt08/F032.c,cppcheck,True,success,True,0,10,2,information,missingIncludeSystem,Include file: <stdio.h> not found. Please note: Cppcheck does not need standard library headers to get proper results.,/home/yichen/Desktop/Qwen_Security_Prompt08/F032.c|2|information|missingIncludeSystem|Include file: <stdio.h> not found. Please note: Cppcheck does not need standard library headers to get proper results.,/home/yichen/Desktop/Qwen_Security_Results08/logs/F032_cppcheck.log
/home/yichen/Desktop/Qwen_Security_Prompt08/F032.c,cppcheck,True,success,True,0,10,3,information,missingIncludeSystem,Include file: <stdlib.h> not found. Please note: Cppcheck does not need standard library headers to get proper results.,/home/yichen/Desktop/Qwen_Security_Prompt08/F032.c|3|information|missingIncludeSystem|Include file: <stdlib.h> not found. Please note: Cppcheck does not need standard library headers to get proper results.,/home/yichen/Desktop/Qwen_Security_Results08/logs/F032_cppcheck.log
/home/yichen/Desktop/Qwen_Security_Prompt08/F032.c,cppcheck,True,success,True,0,10,4,information,missingIncludeSystem,Include file: <string.h> not found. Please note: Cppcheck does not need standard library headers to get proper results.,/home/yichen/Desktop/Qwen_Security_Prompt08/F032.c|4|information|missingIncludeSystem|Include file: <string.h> not found. Please note: Cppcheck does not need standard library headers to get proper results.,/home/yichen/Desktop/Qwen_Security_Results08/logs/F032_cppcheck.log
/home/yichen/Desktop/Qwen_Security_Prompt08/F032.c,cppcheck,True,success,True,0,10,45,warning,invalidscanf,scanf() without field width limits can crash with huge input data.,/home/yichen/Desktop/Qwen_Security_Prompt08/F032.c|45|warning|invalidscanf|scanf() without field width limits can crash with huge input data.,/home/yichen/Desktop/Qwen_Security_Results08/logs/F032_cppcheck.log
/home/yichen/Desktop/Qwen_Security_Prompt08/F032.c,cppcheck,True,success,True,0,10,47,warning,invalidscanf,scanf() without field width limits can crash with huge input data.,/home/yichen/Desktop/Qwen_Security_Prompt08/F032.c|47|warning|invalidscanf|scanf() without field width limits can crash with huge input data.,/home/yichen/Desktop/Qwen_Security_Results08/logs/F032_cppcheck.log
/home/yichen/Desktop/Qwen_Security_Prompt08/F032.c,cppcheck,True,success,True,0,10,57,warning,invalidscanf,scanf() without field width limits can crash with huge input data.,/home/yichen/Desktop/Qwen_Security_Prompt08/F032.c|57|warning|invalidscanf|scanf() without field width limits can crash with huge input data.,/home/yichen/Desktop/Qwen_Security_Results08/logs/F032_cppcheck.log
/home/yichen/Desktop/Qwen_Security_Prompt08/F032.c,cppcheck,True,success,True,0,10,78,warning,invalidscanf,scanf() without field width limits can crash with huge input data.,/home/yichen/Desktop/Qwen_Security_Prompt08/F032.c|78|warning|invalidscanf|scanf() without field width limits can crash with huge input data.,/home/yichen/Desktop/Qwen_Security_Results08/logs/F032_cppcheck.log
/home/yichen/Desktop/Qwen_Security_Prompt08/F032.c,cppcheck,True,success,True,0,10,16,style,constParameterPointer,Parameter 'key' can be declared as pointer to const,/home/yichen/Desktop/Qwen_Security_Prompt08/F032.c|16|style|constParameterPointer|Parameter 'key' can be declared as pointer to const,/home/yichen/Desktop/Qwen_Security_Results08/logs/F032_cppcheck.log
/home/yichen/Desktop/Qwen_Security_Prompt08/F032.c,cppcheck,True,success,True,0,10,16,style,constParameterPointer,Parameter 'val' can be declared as pointer to const,/home/yichen/Desktop/Qwen_Security_Prompt08/F032.c|16|style|constParameterPointer|Parameter 'val' can be declared as pointer to const,/home/yichen/Desktop/Qwen_Security_Results08/logs/F032_cppcheck.log
nofile,cppcheck,True,success,True,0,10,0,information,checkersReport,Active checkers: 113/592 (use --checkers-report=<filename> to see details),nofile|0|information|checkersReport|Active checkers: 113/592 (use --checkers-report=<filename> to see details),/home/yichen/Desktop/Qwen_Security_Results08/logs/F032_cppcheck.log
/home/yichen/Desktop/Qwen_Security_Prompt08/F033.c,cppcheck,True,success,True,0,8,2,information,missingIncludeSystem,Include file: <stdio.h> not found. Please note: Cppcheck does not need standard library headers to get proper results.,/home/yichen/Desktop/Qwen_Security_Prompt08/F033.c|2|information|missingIncludeSystem|Include file: <stdio.h> not found. Please note: Cppcheck does not need standard library headers to get proper results.,/home/yichen/Desktop/Qwen_Security_Results08/logs/F033_cppcheck.log
/home/yichen/Desktop/Qwen_Security_Prompt08/F033.c,cppcheck,True,success,True,0,8,3,information,missingIncludeSystem,Include file: <stdlib.h> not found. Please note: Cppcheck does not need standard library headers to get proper results.,/home/yichen/Desktop/Qwen_Security_Prompt08/F033.c|3|information|missingIncludeSystem|Include file: <stdlib.h> not found. Please note: Cppcheck does not need standard library headers to get proper results.,/home/yichen/Desktop/Qwen_Security_Results08/logs/F033_cppcheck.log
/home/yichen/Desktop/Qwen_Security_Prompt08/F033.c,cppcheck,True,success,True,0,8,4,information,missingIncludeSystem,Include file: <string.h> not found. Please note: Cppcheck does not need standard library headers to get proper results.,/home/yichen/Desktop/Qwen_Security_Prompt08/F033.c|4|information|missingIncludeSystem|Include file: <string.h> not found. Please note: Cppcheck does not need standard library headers to get proper results.,/home/yichen/Desktop/Qwen_Security_Results08/logs/F033_cppcheck.log
/home/yichen/Desktop/Qwen_Security_Prompt08/F033.c,cppcheck,True,success,True,0,8,19,warning,invalidscanf,scanf() without field width limits can crash with huge input data.,/home/yichen/Desktop/Qwen_Security_Prompt08/F033.c|19|warning|invalidscanf|scanf() without field width limits can crash with huge input data.,/home/yichen/Desktop/Qwen_Security_Results08/logs/F033_cppcheck.log
/home/yichen/Desktop/Qwen_Security_Prompt08/F033.c,cppcheck,True,success,True,0,8,21,warning,invalidscanf,scanf() without field width limits can crash with huge input data.,/home/yichen/Desktop/Qwen_Security_Prompt08/F033.c|21|warning|invalidscanf|scanf() without field width limits can crash with huge input data.,/home/yichen/Desktop/Qwen_Security_Results08/logs/F033_cppcheck.log
/home/yichen/Desktop/Qwen_Security_Prompt08/F033.c,cppcheck,True,success,True,0,8,39,warning,invalidscanf,scanf() without field width limits can crash with huge input data.,/home/yichen/Desktop/Qwen_Security_Prompt08/F033.c|39|warning|invalidscanf|scanf() without field width limits can crash with huge input data.,/home/yichen/Desktop/Qwen_Security_Results08/logs/F033_cppcheck.log
/home/yichen/Desktop/Qwen_Security_Prompt08/F033.c,cppcheck,True,success,True,0,8,54,warning,invalidscanf,scanf() without field width limits can crash with huge input data.,/home/yichen/Desktop/Qwen_Security_Prompt08/F033.c|54|warning|invalidscanf|scanf() without field width limits can crash with huge input data.,/home/yichen/Desktop/Qwen_Security_Results08/logs/F033_cppcheck.log
nofile,cppcheck,True,success,True,0,8,0,information,checkersReport,Active checkers: 113/592 (use --checkers-report=<filename> to see details),nofile|0|information|checkersReport|Active checkers: 113/592 (use --checkers-report=<filename> to see details),/home/yichen/Desktop/Qwen_Security_Results08/logs/F033_cppcheck.log
/home/yichen/Desktop/Qwen_Security_Prompt08/F034.c,cppcheck,True,success,True,0,8,2,information,missingIncludeSystem,Include file: <stdio.h> not found. Please note: Cppcheck does not need standard library headers to get proper results.,/home/yichen/Desktop/Qwen_Security_Prompt08/F034.c|2|information|missingIncludeSystem|Include file: <stdio.h> not found. Please note: Cppcheck does not need standard library headers to get proper results.,/home/yichen/Desktop/Qwen_Security_Results08/logs/F034_cppcheck.log
/home/yichen/Desktop/Qwen_Security_Prompt08/F034.c,cppcheck,True,success,True,0,8,3,information,missingIncludeSystem,Include file: <stdlib.h> not found. Please note: Cppcheck does not need standard library headers to get proper results.,/home/yichen/Desktop/Qwen_Security_Prompt08/F034.c|3|information|missingIncludeSystem|Include file: <stdlib.h> not found. Please note: Cppcheck does not need standard library headers to get proper results.,/home/yichen/Desktop/Qwen_Security_Results08/logs/F034_cppcheck.log
/home/yichen/Desktop/Qwen_Security_Prompt08/F034.c,cppcheck,True,success,True,0,8,4,information,missingIncludeSystem,Include file: <string.h> not found. Please note: Cppcheck does not need standard library headers to get proper results.,/home/yichen/Desktop/Qwen_Security_Prompt08/F034.c|4|information|missingIncludeSystem|Include file: <string.h> not found. Please note: Cppcheck does not need standard library headers to get proper results.,/home/yichen/Desktop/Qwen_Security_Results08/logs/F034_cppcheck.log
/home/yichen/Desktop/Qwen_Security_Prompt08/F034.c,cppcheck,True,success,True,0,8,59,warning,invalidscanf,scanf() without field width limits can crash with huge input data.,/home/yichen/Desktop/Qwen_Security_Prompt08/F034.c|59|warning|invalidscanf|scanf() without field width limits can crash with huge input data.,/home/yichen/Desktop/Qwen_Security_Results08/logs/F034_cppcheck.log
/home/yichen/Desktop/Qwen_Security_Prompt08/F034.c,cppcheck,True,success,True,0,8,63,warning,invalidscanf,scanf() without field width limits can crash with huge input data.,/home/yichen/Desktop/Qwen_Security_Prompt08/F034.c|63|warning|invalidscanf|scanf() without field width limits can crash with huge input data.,/home/yichen/Desktop/Qwen_Security_Results08/logs/F034_cppcheck.log
/home/yichen/Desktop/Qwen_Security_Prompt08/F034.c,cppcheck,True,success,True,0,8,73,warning,invalidscanf,scanf() without field width limits can crash with huge input data.,/home/yichen/Desktop/Qwen_Security_Prompt08/F034.c|73|warning|invalidscanf|scanf() without field width limits can crash with huge input data.,/home/yichen/Desktop/Qwen_Security_Results08/logs/F034_cppcheck.log
/home/yichen/Desktop/Qwen_Security_Prompt08/F034.c,cppcheck,True,success,True,0,8,14,style,constParameterPointer,Parameter 'path' can be declared as pointer to const,/home/yichen/Desktop/Qwen_Security_Prompt08/F034.c|14|style|constParameterPointer|Parameter 'path' can be declared as pointer to const,/home/yichen/Desktop/Qwen_Security_Results08/logs/F034_cppcheck.log
nofile,cppcheck,True,success,True,0,8,0,information,checkersReport,Active checkers: 113/592 (use --checkers-report=<filename> to see details),nofile|0|information|checkersReport|Active checkers: 113/592 (use --checkers-report=<filename> to see details),/home/yichen/Desktop/Qwen_Security_Results08/logs/F034_cppcheck.log
/home/yichen/Desktop/Qwen_Security_Prompt08/F035.c,cppcheck,True,success,True,0,11,2,information,missingIncludeSystem,Include file: <stdio.h> not found. Please note: Cppcheck does not need standard library headers to get proper results.,/home/yichen/Desktop/Qwen_Security_Prompt08/F035.c|2|information|missingIncludeSystem|Include file: <stdio.h> not found. Please note: Cppcheck does not need standard library headers to get proper results.,/home/yichen/Desktop/Qwen_Security_Results08/logs/F035_cppcheck.log
/home/yichen/Desktop/Qwen_Security_Prompt08/F035.c,cppcheck,True,success,True,0,11,3,information,missingIncludeSystem,Include file: <stdlib.h> not found. Please note: Cppcheck does not need standard library headers to get proper results.,/home/yichen/Desktop/Qwen_Security_Prompt08/F035.c|3|information|missingIncludeSystem|Include file: <stdlib.h> not found. Please note: Cppcheck does not need standard library headers to get proper results.,/home/yichen/Desktop/Qwen_Security_Results08/logs/F035_cppcheck.log
/home/yichen/Desktop/Qwen_Security_Prompt08/F035.c,cppcheck,True,success,True,0,11,4,information,missingIncludeSystem,Include file: <string.h> not found. Please note: Cppcheck does not need standard library headers to get proper results.,/home/yichen/Desktop/Qwen_Security_Prompt08/F035.c|4|information|missingIncludeSystem|Include file: <string.h> not found. Please note: Cppcheck does not need standard library headers to get proper results.,/home/yichen/Desktop/Qwen_Security_Results08/logs/F035_cppcheck.log
/home/yichen/Desktop/Qwen_Security_Prompt08/F035.c,cppcheck,True,success,True,0,11,25,warning,invalidscanf,scanf() without field width limits can crash with huge input data.,/home/yichen/Desktop/Qwen_Security_Prompt08/F035.c|25|warning|invalidscanf|scanf() without field width limits can crash with huge input data.,/home/yichen/Desktop/Qwen_Security_Results08/logs/F035_cppcheck.log
/home/yichen/Desktop/Qwen_Security_Prompt08/F035.c,cppcheck,True,success,True,0,11,27,warning,invalidscanf,scanf() without field width limits can crash with huge input data.,/home/yichen/Desktop/Qwen_Security_Prompt08/F035.c|27|warning|invalidscanf|scanf() without field width limits can crash with huge input data.,/home/yichen/Desktop/Qwen_Security_Results08/logs/F035_cppcheck.log
/home/yichen/Desktop/Qwen_Security_Prompt08/F035.c,cppcheck,True,success,True,0,11,43,warning,invalidscanf,scanf() without field width limits can crash with huge input data.,/home/yichen/Desktop/Qwen_Security_Prompt08/F035.c|43|warning|invalidscanf|scanf() without field width limits can crash with huge input data.,/home/yichen/Desktop/Qwen_Security_Results08/logs/F035_cppcheck.log
/home/yichen/Desktop/Qwen_Security_Prompt08/F035.c,cppcheck,True,success,True,0,11,58,warning,invalidscanf,scanf() without field width limits can crash with huge input data.,/home/yichen/Desktop/Qwen_Security_Prompt08/F035.c|58|warning|invalidscanf|scanf() without field width limits can crash with huge input data.,/home/yichen/Desktop/Qwen_Security_Results08/logs/F035_cppcheck.log
/home/yichen/Desktop/Qwen_Security_Prompt08/F035.c,cppcheck,True,success,True,0,11,74,warning,invalidscanf,scanf() without field width limits can crash with huge input data.,/home/yichen/Desktop/Qwen_Security_Prompt08/F035.c|74|warning|invalidscanf|scanf() without field width limits can crash with huge input data.,/home/yichen/Desktop/Qwen_Security_Results08/logs/F035_cppcheck.log
/home/yichen/Desktop/Qwen_Security_Prompt08/F035.c,cppcheck,True,success,True,0,11,14,style,constParameterPointer,Parameter 'name' can be declared as pointer to const,/home/yichen/Desktop/Qwen_Security_Prompt08/F035.c|14|style|constParameterPointer|Parameter 'name' can be declared as pointer to const,/home/yichen/Desktop/Qwen_Security_Results08/logs/F035_cppcheck.log
/home/yichen/Desktop/Qwen_Security_Prompt08/F035.c,cppcheck,True,success,True,0,11,44,style,constVariablePointer,Variable 'old' can be declared as pointer to const,/home/yichen/Desktop/Qwen_Security_Prompt08/F035.c|44|style|constVariablePointer|Variable 'old' can be declared as pointer to const,/home/yichen/Desktop/Qwen_Security_Results08/logs/F035_cppcheck.log
nofile,cppcheck,True,success,True,0,11,0,information,checkersReport,Active checkers: 113/592 (use --checkers-report=<filename> to see details),nofile|0|information|checkersReport|Active checkers: 113/592 (use --checkers-report=<filename> to see details),/home/yichen/Desktop/Qwen_Security_Results08/logs/F035_cppcheck.log
/home/yichen/Desktop/Qwen_Security_Prompt08/F036.c,cppcheck,True,success,True,0,9,2,information,missingIncludeSystem,Include file: <stdio.h> not found. Please note: Cppcheck does not need standard library headers to get proper results.,/home/yichen/Desktop/Qwen_Security_Prompt08/F036.c|2|information|missingIncludeSystem|Include file: <stdio.h> not found. Please note: Cppcheck does not need standard library headers to get proper results.,/home/yichen/Desktop/Qwen_Security_Results08/logs/F036_cppcheck.log
/home/yichen/Desktop/Qwen_Security_Prompt08/F036.c,cppcheck,True,success,True,0,9,3,information,missingIncludeSystem,Include file: <stdlib.h> not found. Please note: Cppcheck does not need standard library headers to get proper results.,/home/yichen/Desktop/Qwen_Security_Prompt08/F036.c|3|information|missingIncludeSystem|Include file: <stdlib.h> not found. Please note: Cppcheck does not need standard library headers to get proper results.,/home/yichen/Desktop/Qwen_Security_Results08/logs/F036_cppcheck.log
/home/yichen/Desktop/Qwen_Security_Prompt08/F036.c,cppcheck,True,success,True,0,9,4,information,missingIncludeSystem,Include file: <string.h> not found. Please note: Cppcheck does not need standard library headers to get proper results.,/home/yichen/Desktop/Qwen_Security_Prompt08/F036.c|4|information|missingIncludeSystem|Include file: <string.h> not found. Please note: Cppcheck does not need standard library headers to get proper results.,/home/yichen/Desktop/Qwen_Security_Results08/logs/F036_cppcheck.log
/home/yichen/Desktop/Qwen_Security_Prompt08/F036.c,cppcheck,True,success,True,0,9,18,warning,invalidscanf,scanf() without field width limits can crash with huge input data.,/home/yichen/Desktop/Qwen_Security_Prompt08/F036.c|18|warning|invalidscanf|scanf() without field width limits can crash with huge input data.,/home/yichen/Desktop/Qwen_Security_Results08/logs/F036_cppcheck.log
/home/yichen/Desktop/Qwen_Security_Prompt08/F036.c,cppcheck,True,success,True,0,9,20,warning,invalidscanf,scanf() without field width limits can crash with huge input data.,/home/yichen/Desktop/Qwen_Security_Prompt08/F036.c|20|warning|invalidscanf|scanf() without field width limits can crash with huge input data.,/home/yichen/Desktop/Qwen_Security_Results08/logs/F036_cppcheck.log
/home/yichen/Desktop/Qwen_Security_Prompt08/F036.c,cppcheck,True,success,True,0,9,35,warning,invalidscanf,scanf() without field width limits can crash with huge input data.,/home/yichen/Desktop/Qwen_Security_Prompt08/F036.c|35|warning|invalidscanf|scanf() without field width limits can crash with huge input data.,/home/yichen/Desktop/Qwen_Security_Results08/logs/F036_cppcheck.log
/home/yichen/Desktop/Qwen_Security_Prompt08/F036.c,cppcheck,True,success,True,0,9,51,warning,invalidscanf,scanf() without field width limits can crash with huge input data.,/home/yichen/Desktop/Qwen_Security_Prompt08/F036.c|51|warning|invalidscanf|scanf() without field width limits can crash with huge input data.,/home/yichen/Desktop/Qwen_Security_Results08/logs/F036_cppcheck.log
/home/yichen/Desktop/Qwen_Security_Prompt08/F036.c,cppcheck,True,success,True,0,9,25,style,constVariablePointer,Variable 'data' can be declared as pointer to const,/home/yichen/Desktop/Qwen_Security_Prompt08/F036.c|25|style|constVariablePointer|Variable 'data' can be declared as pointer to const,/home/yichen/Desktop/Qwen_Security_Results08/logs/F036_cppcheck.log
nofile,cppcheck,True,success,True,0,9,0,information,checkersReport,Active checkers: 113/592 (use --checkers-report=<filename> to see details),nofile|0|information|checkersReport|Active checkers: 113/592 (use --checkers-report=<filename> to see details),/home/yichen/Desktop/Qwen_Security_Results08/logs/F036_cppcheck.log
/home/yichen/Desktop/Qwen_Security_Prompt08/F037.c,cppcheck,True,success,True,0,10,2,information,missingIncludeSystem,Include file: <stdio.h> not found. Please note: Cppcheck does not need standard library headers to get proper results.,/home/yichen/Desktop/Qwen_Security_Prompt08/F037.c|2|information|missingIncludeSystem|Include file: <stdio.h> not found. Please note: Cppcheck does not need standard library headers to get proper results.,/home/yichen/Desktop/Qwen_Security_Results08/logs/F037_cppcheck.log
/home/yichen/Desktop/Qwen_Security_Prompt08/F037.c,cppcheck,True,success,True,0,10,3,information,missingIncludeSystem,Include file: <stdlib.h> not found. Please note: Cppcheck does not need standard library headers to get proper results.,/home/yichen/Desktop/Qwen_Security_Prompt08/F037.c|3|information|missingIncludeSystem|Include file: <stdlib.h> not found. Please note: Cppcheck does not need standard library headers to get proper results.,/home/yichen/Desktop/Qwen_Security_Results08/logs/F037_cppcheck.log
/home/yichen/Desktop/Qwen_Security_Prompt08/F037.c,cppcheck,True,success,True,0,10,4,information,missingIncludeSystem,Include file: <string.h> not found. Please note: Cppcheck does not need standard library headers to get proper results.,/home/yichen/Desktop/Qwen_Security_Prompt08/F037.c|4|information|missingIncludeSystem|Include file: <string.h> not found. Please note: Cppcheck does not need standard library headers to get proper results.,/home/yichen/Desktop/Qwen_Security_Results08/logs/F037_cppcheck.log
/home/yichen/Desktop/Qwen_Security_Prompt08/F037.c,cppcheck,True,success,True,0,10,17,warning,invalidScanfArgType_int,%x in format string (no. 1) requires 'unsigned int *' but the argument type is 'signed int *'.,/home/yichen/Desktop/Qwen_Security_Prompt08/F037.c|17|warning|invalidScanfArgType_int|%x in format string (no. 1) requires 'unsigned int *' but the argument type is 'signed int *'.,/home/yichen/Desktop/Qwen_Security_Results08/logs/F037_cppcheck.log
/home/yichen/Desktop/Qwen_Security_Prompt08/F037.c,cppcheck,True,success,True,0,10,25,warning,invalidscanf,scanf() without field width limits can crash with huge input data.,/home/yichen/Desktop/Qwen_Security_Prompt08/F037.c|25|warning|invalidscanf|scanf() without field width limits can crash with huge input data.,/home/yichen/Desktop/Qwen_Security_Results08/logs/F037_cppcheck.log
/home/yichen/Desktop/Qwen_Security_Prompt08/F037.c,cppcheck,True,success,True,0,10,27,warning,invalidscanf,scanf() without field width limits can crash with huge input data.,/home/yichen/Desktop/Qwen_Security_Prompt08/F037.c|27|warning|invalidscanf|scanf() without field width limits can crash with huge input data.,/home/yichen/Desktop/Qwen_Security_Results08/logs/F037_cppcheck.log
/home/yichen/Desktop/Qwen_Security_Prompt08/F037.c,cppcheck,True,success,True,0,10,71,warning,invalidscanf,scanf() without field width limits can crash with huge input data.,/home/yichen/Desktop/Qwen_Security_Prompt08/F037.c|71|warning|invalidscanf|scanf() without field width limits can crash with huge input data.,/home/yichen/Desktop/Qwen_Security_Results08/logs/F037_cppcheck.log
/home/yichen/Desktop/Qwen_Security_Prompt08/F037.c,cppcheck,True,success,True,0,10,81,warning,invalidscanf,scanf() without field width limits can crash with huge input data.,/home/yichen/Desktop/Qwen_Security_Prompt08/F037.c|81|warning|invalidscanf|scanf() without field width limits can crash with huge input data.,/home/yichen/Desktop/Qwen_Security_Results08/logs/F037_cppcheck.log
/home/yichen/Desktop/Qwen_Security_Prompt08/F037.c,cppcheck,True,success,True,0,10,15,style,constParameterPointer,Parameter 's' can be declared as pointer to const,/home/yichen/Desktop/Qwen_Security_Prompt08/F037.c|15|style|constParameterPointer|Parameter 's' can be declared as pointer to const,/home/yichen/Desktop/Qwen_Security_Results08/logs/F037_cppcheck.log
nofile,cppcheck,True,success,True,0,10,0,information,checkersReport,Active checkers: 113/592 (use --checkers-report=<filename> to see details),nofile|0|information|checkersReport|Active checkers: 113/592 (use --checkers-report=<filename> to see details),/home/yichen/Desktop/Qwen_Security_Results08/logs/F037_cppcheck.log
/home/yichen/Desktop/Qwen_Security_Prompt08/F038.c,cppcheck,True,success,True,0,8,2,information,missingIncludeSystem,Include file: <stdio.h> not found. Please note: Cppcheck does not need standard library headers to get proper results.,/home/yichen/Desktop/Qwen_Security_Prompt08/F038.c|2|information|missingIncludeSystem|Include file: <stdio.h> not found. Please note: Cppcheck does not need standard library headers to get proper results.,/home/yichen/Desktop/Qwen_Security_Results08/logs/F038_cppcheck.log
/home/yichen/Desktop/Qwen_Security_Prompt08/F038.c,cppcheck,True,success,True,0,8,3,information,missingIncludeSystem,Include file: <stdlib.h> not found. Please note: Cppcheck does not need standard library headers to get proper results.,/home/yichen/Desktop/Qwen_Security_Prompt08/F038.c|3|information|missingIncludeSystem|Include file: <stdlib.h> not found. Please note: Cppcheck does not need standard library headers to get proper results.,/home/yichen/Desktop/Qwen_Security_Results08/logs/F038_cppcheck.log
/home/yichen/Desktop/Qwen_Security_Prompt08/F038.c,cppcheck,True,success,True,0,8,4,information,missingIncludeSystem,Include file: <string.h> not found. Please note: Cppcheck does not need standard library headers to get proper results.,/home/yichen/Desktop/Qwen_Security_Prompt08/F038.c|4|information|missingIncludeSystem|Include file: <string.h> not found. Please note: Cppcheck does not need standard library headers to get proper results.,/home/yichen/Desktop/Qwen_Security_Results08/logs/F038_cppcheck.log
/home/yichen/Desktop/Qwen_Security_Prompt08/F038.c,cppcheck,True,success,True,0,8,18,warning,invalidscanf,scanf() without field width limits can crash with huge input data.,/home/yichen/Desktop/Qwen_Security_Prompt08/F038.c|18|warning|invalidscanf|scanf() without field width limits can crash with huge input data.,/home/yichen/Desktop/Qwen_Security_Results08/logs/F038_cppcheck.log
/home/yichen/Desktop/Qwen_Security_Prompt08/F038.c,cppcheck,True,success,True,0,8,20,warning,invalidscanf,scanf() without field width limits can crash with huge input data.,/home/yichen/Desktop/Qwen_Security_Prompt08/F038.c|20|warning|invalidscanf|scanf() without field width limits can crash with huge input data.,/home/yichen/Desktop/Qwen_Security_Results08/logs/F038_cppcheck.log
/home/yichen/Desktop/Qwen_Security_Prompt08/F038.c,cppcheck,True,success,True,0,8,27,warning,invalidscanf,scanf() without field width limits can crash with huge input data.,/home/yichen/Desktop/Qwen_Security_Prompt08/F038.c|27|warning|invalidscanf|scanf() without field width limits can crash with huge input data.,/home/yichen/Desktop/Qwen_Security_Results08/logs/F038_cppcheck.log
/home/yichen/Desktop/Qwen_Security_Prompt08/F038.c,cppcheck,True,success,True,0,8,54,warning,invalidscanf,scanf() without field width limits can crash with huge input data.,/home/yichen/Desktop/Qwen_Security_Prompt08/F038.c|54|warning|invalidscanf|scanf() without field width limits can crash with huge input data.,/home/yichen/Desktop/Qwen_Security_Results08/logs/F038_cppcheck.log
nofile,cppcheck,True,success,True,0,8,0,information,checkersReport,Active checkers: 113/592 (use --checkers-report=<filename> to see details),nofile|0|information|checkersReport|Active checkers: 113/592 (use --checkers-report=<filename> to see details),/home/yichen/Desktop/Qwen_Security_Results08/logs/F038_cppcheck.log
/home/yichen/Desktop/Qwen_Security_Prompt08/F039.c,cppcheck,True,success,True,0,9,2,information,missingIncludeSystem,Include file: <stdio.h> not found. Please note: Cppcheck does not need standard library headers to get proper results.,/home/yichen/Desktop/Qwen_Security_Prompt08/F039.c|2|information|missingIncludeSystem|Include file: <stdio.h> not found. Please note: Cppcheck does not need standard library headers to get proper results.,/home/yichen/Desktop/Qwen_Security_Results08/logs/F039_cppcheck.log
/home/yichen/Desktop/Qwen_Security_Prompt08/F039.c,cppcheck,True,success,True,0,9,3,information,missingIncludeSystem,Include file: <stdlib.h> not found. Please note: Cppcheck does not need standard library headers to get proper results.,/home/yichen/Desktop/Qwen_Security_Prompt08/F039.c|3|information|missingIncludeSystem|Include file: <stdlib.h> not found. Please note: Cppcheck does not need standard library headers to get proper results.,/home/yichen/Desktop/Qwen_Security_Results08/logs/F039_cppcheck.log
/home/yichen/Desktop/Qwen_Security_Prompt08/F039.c,cppcheck,True,success,True,0,9,4,information,missingIncludeSystem,Include file: <string.h> not found. Please note: Cppcheck does not need standard library headers to get proper results.,/home/yichen/Desktop/Qwen_Security_Prompt08/F039.c|4|information|missingIncludeSystem|Include file: <string.h> not found. Please note: Cppcheck does not need standard library headers to get proper results.,/home/yichen/Desktop/Qwen_Security_Results08/logs/F039_cppcheck.log
/home/yichen/Desktop/Qwen_Security_Prompt08/F039.c,cppcheck,True,success,True,0,9,21,warning,invalidscanf,scanf() without field width limits can crash with huge input data.,/home/yichen/Desktop/Qwen_Security_Prompt08/F039.c|21|warning|invalidscanf|scanf() without field width limits can crash with huge input data.,/home/yichen/Desktop/Qwen_Security_Results08/logs/F039_cppcheck.log
/home/yichen/Desktop/Qwen_Security_Prompt08/F039.c,cppcheck,True,success,True,0,9,23,warning,invalidscanf,scanf() without field width limits can crash with huge input data.,/home/yichen/Desktop/Qwen_Security_Prompt08/F039.c|23|warning|invalidscanf|scanf() without field width limits can crash with huge input data.,/home/yichen/Desktop/Qwen_Security_Results08/logs/F039_cppcheck.log
/home/yichen/Desktop/Qwen_Security_Prompt08/F039.c,cppcheck,True,success,True,0,9,38,warning,invalidscanf,scanf() without field width limits can crash with huge input data.,/home/yichen/Desktop/Qwen_Security_Prompt08/F039.c|38|warning|invalidscanf|scanf() without field width limits can crash with huge input data.,/home/yichen/Desktop/Qwen_Security_Results08/logs/F039_cppcheck.log
/home/yichen/Desktop/Qwen_Security_Prompt08/F039.c,cppcheck,True,success,True,0,9,52,warning,invalidscanf,scanf() without field width limits can crash with huge input data.,/home/yichen/Desktop/Qwen_Security_Prompt08/F039.c|52|warning|invalidscanf|scanf() without field width limits can crash with huge input data.,/home/yichen/Desktop/Qwen_Security_Results08/logs/F039_cppcheck.log
/home/yichen/Desktop/Qwen_Security_Prompt08/F039.c,cppcheck,True,success,True,0,9,64,warning,invalidscanf,scanf() without field width limits can crash with huge input data.,/home/yichen/Desktop/Qwen_Security_Prompt08/F039.c|64|warning|invalidscanf|scanf() without field width limits can crash with huge input data.,/home/yichen/Desktop/Qwen_Security_Results08/logs/F039_cppcheck.log
nofile,cppcheck,True,success,True,0,9,0,information,checkersReport,Active checkers: 113/592 (use --checkers-report=<filename> to see details),nofile|0|information|checkersReport|Active checkers: 113/592 (use --checkers-report=<filename> to see details),/home/yichen/Desktop/Qwen_Security_Results08/logs/F039_cppcheck.log
/home/yichen/Desktop/Qwen_Security_Prompt08/F040.c,cppcheck,True,success,True,0,9,2,information,missingIncludeSystem,Include file: <stdio.h> not found. Please note: Cppcheck does not need standard library headers to get proper results.,/home/yichen/Desktop/Qwen_Security_Prompt08/F040.c|2|information|missingIncludeSystem|Include file: <stdio.h> not found. Please note: Cppcheck does not need standard library headers to get proper results.,/home/yichen/Desktop/Qwen_Security_Results08/logs/F040_cppcheck.log
/home/yichen/Desktop/Qwen_Security_Prompt08/F040.c,cppcheck,True,success,True,0,9,3,information,missingIncludeSystem,Include file: <stdlib.h> not found. Please note: Cppcheck does not need standard library headers to get proper results.,/home/yichen/Desktop/Qwen_Security_Prompt08/F040.c|3|information|missingIncludeSystem|Include file: <stdlib.h> not found. Please note: Cppcheck does not need standard library headers to get proper results.,/home/yichen/Desktop/Qwen_Security_Results08/logs/F040_cppcheck.log
/home/yichen/Desktop/Qwen_Security_Prompt08/F040.c,cppcheck,True,success,True,0,9,4,information,missingIncludeSystem,Include file: <string.h> not found. Please note: Cppcheck does not need standard library headers to get proper results.,/home/yichen/Desktop/Qwen_Security_Prompt08/F040.c|4|information|missingIncludeSystem|Include file: <string.h> not found. Please note: Cppcheck does not need standard library headers to get proper results.,/home/yichen/Desktop/Qwen_Security_Results08/logs/F040_cppcheck.log
/home/yichen/Desktop/Qwen_Security_Prompt08/F040.c,cppcheck,True,success,True,0,9,23,warning,invalidscanf,scanf() without field width limits can crash with huge input data.,/home/yichen/Desktop/Qwen_Security_Prompt08/F040.c|23|warning|invalidscanf|scanf() without field width limits can crash with huge input data.,/home/yichen/Desktop/Qwen_Security_Results08/logs/F040_cppcheck.log
/home/yichen/Desktop/Qwen_Security_Prompt08/F040.c,cppcheck,True,success,True,0,9,25,warning,invalidscanf,scanf() without field width limits can crash with huge input data.,/home/yichen/Desktop/Qwen_Security_Prompt08/F040.c|25|warning|invalidscanf|scanf() without field width limits can crash with huge input data.,/home/yichen/Desktop/Qwen_Security_Results08/logs/F040_cppcheck.log
/home/yichen/Desktop/Qwen_Security_Prompt08/F040.c,cppcheck,True,success,True,0,9,40,warning,invalidscanf,scanf() without field width limits can crash with huge input data.,/home/yichen/Desktop/Qwen_Security_Prompt08/F040.c|40|warning|invalidscanf|scanf() without field width limits can crash with huge input data.,/home/yichen/Desktop/Qwen_Security_Results08/logs/F040_cppcheck.log
/home/yichen/Desktop/Qwen_Security_Prompt08/F040.c,cppcheck,True,success,True,0,9,57,warning,invalidscanf,scanf() without field width limits can crash with huge input data.,/home/yichen/Desktop/Qwen_Security_Prompt08/F040.c|57|warning|invalidscanf|scanf() without field width limits can crash with huge input data.,/home/yichen/Desktop/Qwen_Security_Results08/logs/F040_cppcheck.log
/home/yichen/Desktop/Qwen_Security_Prompt08/F040.c,cppcheck,True,success,True,0,9,65,warning,invalidscanf,scanf() without field width limits can crash with huge input data.,/home/yichen/Desktop/Qwen_Security_Prompt08/F040.c|65|warning|invalidscanf|scanf() without field width limits can crash with huge input data.,/home/yichen/Desktop/Qwen_Security_Results08/logs/F040_cppcheck.log
nofile,cppcheck,True,success,True,0,9,0,information,checkersReport,Active checkers: 113/592 (use --checkers-report=<filename> to see details),nofile|0|information|checkersReport|Active checkers: 113/592 (use --checkers-report=<filename> to see details),/home/yichen/Desktop/Qwen_Security_Results08/logs/F040_cppcheck.log
