file,tool,attempted,status,success,returncode,finding_count,line,severity,check_id,message,evidence,log_path
/home/yichen/Desktop/Gemini_Baseline_Code08/F001.c,cppcheck,True,success,True,0,15,3,information,missingIncludeSystem,Include file: <stdio.h> not found. Please note: Cppcheck does not need standard library headers to get proper results.,/home/yichen/Desktop/Gemini_Baseline_Code08/F001.c|3|information|missingIncludeSystem|Include file: <stdio.h> not found. Please note: Cppcheck does not need standard library headers to get proper results.,/home/yichen/Desktop/Gemini_Baseline_Results08/logs/F001_cppcheck.log
/home/yichen/Desktop/Gemini_Baseline_Code08/F001.c,cppcheck,True,success,True,0,15,4,information,missingIncludeSystem,Include file: <stdlib.h> not found. Please note: Cppcheck does not need standard library headers to get proper results.,/home/yichen/Desktop/Gemini_Baseline_Code08/F001.c|4|information|missingIncludeSystem|Include file: <stdlib.h> not found. Please note: Cppcheck does not need standard library headers to get proper results.,/home/yichen/Desktop/Gemini_Baseline_Results08/logs/F001_cppcheck.log
/home/yichen/Desktop/Gemini_Baseline_Code08/F001.c,cppcheck,True,success,True,0,15,5,information,missingIncludeSystem,Include file: <string.h> not found. Please note: Cppcheck does not need standard library headers to get proper results.,/home/yichen/Desktop/Gemini_Baseline_Code08/F001.c|5|information|missingIncludeSystem|Include file: <string.h> not found. Please note: Cppcheck does not need standard library headers to get proper results.,/home/yichen/Desktop/Gemini_Baseline_Results08/logs/F001_cppcheck.log
/home/yichen/Desktop/Gemini_Baseline_Code08/F001.c,cppcheck,True,success,True,0,15,34,error,memleakOnRealloc,Common realloc mistake: 'notebook' nulled but not freed upon failure,/home/yichen/Desktop/Gemini_Baseline_Code08/F001.c|34|error|memleakOnRealloc|Common realloc mistake: 'notebook' nulled but not freed upon failure,/home/yichen/Desktop/Gemini_Baseline_Results08/logs/F001_cppcheck.log
/home/yichen/Desktop/Gemini_Baseline_Code08/F001.c,cppcheck,True,success,True,0,15,76,style,constVariablePointer,Variable 't' can be declared as pointer to const,/home/yichen/Desktop/Gemini_Baseline_Code08/F001.c|76|style|constVariablePointer|Variable 't' can be declared as pointer to const,/home/yichen/Desktop/Gemini_Baseline_Results08/logs/F001_cppcheck.log
/home/yichen/Desktop/Gemini_Baseline_Code08/F001.c,cppcheck,True,success,True,0,15,105,style,constVariablePointer,Variable 'cmd' can be declared as pointer to const,/home/yichen/Desktop/Gemini_Baseline_Code08/F001.c|105|style|constVariablePointer|Variable 'cmd' can be declared as pointer to const,/home/yichen/Desktop/Gemini_Baseline_Results08/logs/F001_cppcheck.log
/home/yichen/Desktop/Gemini_Baseline_Code08/F001.c,cppcheck,True,success,True,0,15,108,style,constVariablePointer,Variable 'id' can be declared as pointer to const,/home/yichen/Desktop/Gemini_Baseline_Code08/F001.c|108|style|constVariablePointer|Variable 'id' can be declared as pointer to const,/home/yichen/Desktop/Gemini_Baseline_Results08/logs/F001_cppcheck.log
/home/yichen/Desktop/Gemini_Baseline_Code08/F001.c,cppcheck,True,success,True,0,15,109,style,constVariablePointer,Variable 'text' can be declared as pointer to const,/home/yichen/Desktop/Gemini_Baseline_Code08/F001.c|109|style|constVariablePointer|Variable 'text' can be declared as pointer to const,/home/yichen/Desktop/Gemini_Baseline_Results08/logs/F001_cppcheck.log
/home/yichen/Desktop/Gemini_Baseline_Code08/F001.c,cppcheck,True,success,True,0,15,112,style,constVariablePointer,Variable 'id' can be declared as pointer to const,/home/yichen/Desktop/Gemini_Baseline_Code08/F001.c|112|style|constVariablePointer|Variable 'id' can be declared as pointer to const,/home/yichen/Desktop/Gemini_Baseline_Results08/logs/F001_cppcheck.log
/home/yichen/Desktop/Gemini_Baseline_Code08/F001.c,cppcheck,True,success,True,0,15,113,style,constVariablePointer,Variable 'text' can be declared as pointer to const,/home/yichen/Desktop/Gemini_Baseline_Code08/F001.c|113|style|constVariablePointer|Variable 'text' can be declared as pointer to const,/home/yichen/Desktop/Gemini_Baseline_Results08/logs/F001_cppcheck.log
/home/yichen/Desktop/Gemini_Baseline_Code08/F001.c,cppcheck,True,success,True,0,15,116,style,constVariablePointer,Variable 'id' can be declared as pointer to const,/home/yichen/Desktop/Gemini_Baseline_Code08/F001.c|116|style|constVariablePointer|Variable 'id' can be declared as pointer to const,/home/yichen/Desktop/Gemini_Baseline_Results08/logs/F001_cppcheck.log
/home/yichen/Desktop/Gemini_Baseline_Code08/F001.c,cppcheck,True,success,True,0,15,117,style,constVariablePointer,Variable 'text' can be declared as pointer to const,/home/yichen/Desktop/Gemini_Baseline_Code08/F001.c|117|style|constVariablePointer|Variable 'text' can be declared as pointer to const,/home/yichen/Desktop/Gemini_Baseline_Results08/logs/F001_cppcheck.log
/home/yichen/Desktop/Gemini_Baseline_Code08/F001.c,cppcheck,True,success,True,0,15,120,style,constVariablePointer,Variable 'id' can be declared as pointer to const,/home/yichen/Desktop/Gemini_Baseline_Code08/F001.c|120|style|constVariablePointer|Variable 'id' can be declared as pointer to const,/home/yichen/Desktop/Gemini_Baseline_Results08/logs/F001_cppcheck.log
/home/yichen/Desktop/Gemini_Baseline_Code08/F001.c,cppcheck,True,success,True,0,15,123,style,constVariablePointer,Variable 'id' can be declared as pointer to const,/home/yichen/Desktop/Gemini_Baseline_Code08/F001.c|123|style|constVariablePointer|Variable 'id' can be declared as pointer to const,/home/yichen/Desktop/Gemini_Baseline_Results08/logs/F001_cppcheck.log
nofile,cppcheck,True,success,True,0,15,0,information,checkersReport,Active checkers: 113/592 (use --checkers-report=<filename> to see details),nofile|0|information|checkersReport|Active checkers: 113/592 (use --checkers-report=<filename> to see details),/home/yichen/Desktop/Gemini_Baseline_Results08/logs/F001_cppcheck.log
/home/yichen/Desktop/Gemini_Baseline_Code08/F002.c,cppcheck,True,success,True,0,16,3,information,missingIncludeSystem,Include file: <stdio.h> not found. Please note: Cppcheck does not need standard library headers to get proper results.,/home/yichen/Desktop/Gemini_Baseline_Code08/F002.c|3|information|missingIncludeSystem|Include file: <stdio.h> not found. Please note: Cppcheck does not need standard library headers to get proper results.,/home/yichen/Desktop/Gemini_Baseline_Results08/logs/F002_cppcheck.log
/home/yichen/Desktop/Gemini_Baseline_Code08/F002.c,cppcheck,True,success,True,0,16,4,information,missingIncludeSystem,Include file: <stdlib.h> not found. Please note: Cppcheck does not need standard library headers to get proper results.,/home/yichen/Desktop/Gemini_Baseline_Code08/F002.c|4|information|missingIncludeSystem|Include file: <stdlib.h> not found. Please note: Cppcheck does not need standard library headers to get proper results.,/home/yichen/Desktop/Gemini_Baseline_Results08/logs/F002_cppcheck.log
/home/yichen/Desktop/Gemini_Baseline_Code08/F002.c,cppcheck,True,success,True,0,16,5,information,missingIncludeSystem,Include file: <string.h> not found. Please note: Cppcheck does not need standard library headers to get proper results.,/home/yichen/Desktop/Gemini_Baseline_Code08/F002.c|5|information|missingIncludeSystem|Include file: <string.h> not found. Please note: Cppcheck does not need standard library headers to get proper results.,/home/yichen/Desktop/Gemini_Baseline_Results08/logs/F002_cppcheck.log
/home/yichen/Desktop/Gemini_Baseline_Code08/F002.c,cppcheck,True,success,True,0,16,19,error,memleakOnRealloc,Common realloc mistake: 'records' nulled but not freed upon failure,/home/yichen/Desktop/Gemini_Baseline_Code08/F002.c|19|error|memleakOnRealloc|Common realloc mistake: 'records' nulled but not freed upon failure,/home/yichen/Desktop/Gemini_Baseline_Results08/logs/F002_cppcheck.log
/home/yichen/Desktop/Gemini_Baseline_Code08/F002.c,cppcheck,True,success,True,0,16,36,style,constVariablePointer,Variable 'm1' can be declared as pointer to const,/home/yichen/Desktop/Gemini_Baseline_Code08/F002.c|36|style|constVariablePointer|Variable 'm1' can be declared as pointer to const,/home/yichen/Desktop/Gemini_Baseline_Results08/logs/F002_cppcheck.log
/home/yichen/Desktop/Gemini_Baseline_Code08/F002.c,cppcheck,True,success,True,0,16,37,style,constVariablePointer,Variable 'm2' can be declared as pointer to const,/home/yichen/Desktop/Gemini_Baseline_Code08/F002.c|37|style|constVariablePointer|Variable 'm2' can be declared as pointer to const,/home/yichen/Desktop/Gemini_Baseline_Results08/logs/F002_cppcheck.log
/home/yichen/Desktop/Gemini_Baseline_Code08/F002.c,cppcheck,True,success,True,0,16,64,style,constVariablePointer,Variable 'msg' can be declared as pointer to const,/home/yichen/Desktop/Gemini_Baseline_Code08/F002.c|64|style|constVariablePointer|Variable 'msg' can be declared as pointer to const,/home/yichen/Desktop/Gemini_Baseline_Results08/logs/F002_cppcheck.log
/home/yichen/Desktop/Gemini_Baseline_Code08/F002.c,cppcheck,True,success,True,0,16,94,style,constVariablePointer,Variable 'cmd' can be declared as pointer to const,/home/yichen/Desktop/Gemini_Baseline_Code08/F002.c|94|style|constVariablePointer|Variable 'cmd' can be declared as pointer to const,/home/yichen/Desktop/Gemini_Baseline_Results08/logs/F002_cppcheck.log
/home/yichen/Desktop/Gemini_Baseline_Code08/F002.c,cppcheck,True,success,True,0,16,97,style,constVariablePointer,Variable 'tag' can be declared as pointer to const,/home/yichen/Desktop/Gemini_Baseline_Code08/F002.c|97|style|constVariablePointer|Variable 'tag' can be declared as pointer to const,/home/yichen/Desktop/Gemini_Baseline_Results08/logs/F002_cppcheck.log
/home/yichen/Desktop/Gemini_Baseline_Code08/F002.c,cppcheck,True,success,True,0,16,98,style,constVariablePointer,Variable 'msg' can be declared as pointer to const,/home/yichen/Desktop/Gemini_Baseline_Code08/F002.c|98|style|constVariablePointer|Variable 'msg' can be declared as pointer to const,/home/yichen/Desktop/Gemini_Baseline_Results08/logs/F002_cppcheck.log
/home/yichen/Desktop/Gemini_Baseline_Code08/F002.c,cppcheck,True,success,True,0,16,101,style,constVariablePointer,Variable 'tag1' can be declared as pointer to const,/home/yichen/Desktop/Gemini_Baseline_Code08/F002.c|101|style|constVariablePointer|Variable 'tag1' can be declared as pointer to const,/home/yichen/Desktop/Gemini_Baseline_Results08/logs/F002_cppcheck.log
/home/yichen/Desktop/Gemini_Baseline_Code08/F002.c,cppcheck,True,success,True,0,16,102,style,constVariablePointer,Variable 'tag2' can be declared as pointer to const,/home/yichen/Desktop/Gemini_Baseline_Code08/F002.c|102|style|constVariablePointer|Variable 'tag2' can be declared as pointer to const,/home/yichen/Desktop/Gemini_Baseline_Results08/logs/F002_cppcheck.log
/home/yichen/Desktop/Gemini_Baseline_Code08/F002.c,cppcheck,True,success,True,0,16,103,style,constVariablePointer,Variable 'newtag' can be declared as pointer to const,/home/yichen/Desktop/Gemini_Baseline_Code08/F002.c|103|style|constVariablePointer|Variable 'newtag' can be declared as pointer to const,/home/yichen/Desktop/Gemini_Baseline_Results08/logs/F002_cppcheck.log
/home/yichen/Desktop/Gemini_Baseline_Code08/F002.c,cppcheck,True,success,True,0,16,106,style,constVariablePointer,Variable 'tag' can be declared as pointer to const,/home/yichen/Desktop/Gemini_Baseline_Code08/F002.c|106|style|constVariablePointer|Variable 'tag' can be declared as pointer to const,/home/yichen/Desktop/Gemini_Baseline_Results08/logs/F002_cppcheck.log
/home/yichen/Desktop/Gemini_Baseline_Code08/F002.c,cppcheck,True,success,True,0,16,109,style,constVariablePointer,Variable 'tag' can be declared as pointer to const,/home/yichen/Desktop/Gemini_Baseline_Code08/F002.c|109|style|constVariablePointer|Variable 'tag' can be declared as pointer to const,/home/yichen/Desktop/Gemini_Baseline_Results08/logs/F002_cppcheck.log
nofile,cppcheck,True,success,True,0,16,0,information,checkersReport,Active checkers: 113/592 (use --checkers-report=<filename> to see details),nofile|0|information|checkersReport|Active checkers: 113/592 (use --checkers-report=<filename> to see details),/home/yichen/Desktop/Gemini_Baseline_Results08/logs/F002_cppcheck.log
/home/yichen/Desktop/Gemini_Baseline_Code08/F003.c,cppcheck,True,success,True,0,13,3,information,missingIncludeSystem,Include file: <stdio.h> not found. Please note: Cppcheck does not need standard library headers to get proper results.,/home/yichen/Desktop/Gemini_Baseline_Code08/F003.c|3|information|missingIncludeSystem|Include file: <stdio.h> not found. Please note: Cppcheck does not need standard library headers to get proper results.,/home/yichen/Desktop/Gemini_Baseline_Results08/logs/F003_cppcheck.log
/home/yichen/Desktop/Gemini_Baseline_Code08/F003.c,cppcheck,True,success,True,0,13,4,information,missingIncludeSystem,Include file: <stdlib.h> not found. Please note: Cppcheck does not need standard library headers to get proper results.,/home/yichen/Desktop/Gemini_Baseline_Code08/F003.c|4|information|missingIncludeSystem|Include file: <stdlib.h> not found. Please note: Cppcheck does not need standard library headers to get proper results.,/home/yichen/Desktop/Gemini_Baseline_Results08/logs/F003_cppcheck.log
/home/yichen/Desktop/Gemini_Baseline_Code08/F003.c,cppcheck,True,success,True,0,13,5,information,missingIncludeSystem,Include file: <string.h> not found. Please note: Cppcheck does not need standard library headers to get proper results.,/home/yichen/Desktop/Gemini_Baseline_Code08/F003.c|5|information|missingIncludeSystem|Include file: <string.h> not found. Please note: Cppcheck does not need standard library headers to get proper results.,/home/yichen/Desktop/Gemini_Baseline_Results08/logs/F003_cppcheck.log
/home/yichen/Desktop/Gemini_Baseline_Code08/F003.c,cppcheck,True,success,True,0,13,34,error,memleakOnRealloc,Common realloc mistake: 'table' nulled but not freed upon failure,/home/yichen/Desktop/Gemini_Baseline_Code08/F003.c|34|error|memleakOnRealloc|Common realloc mistake: 'table' nulled but not freed upon failure,/home/yichen/Desktop/Gemini_Baseline_Results08/logs/F003_cppcheck.log
/home/yichen/Desktop/Gemini_Baseline_Code08/F003.c,cppcheck,True,success,True,0,13,44,style,constVariablePointer,Variable 'exp' can be declared as pointer to const,/home/yichen/Desktop/Gemini_Baseline_Code08/F003.c|44|style|constVariablePointer|Variable 'exp' can be declared as pointer to const,/home/yichen/Desktop/Gemini_Baseline_Results08/logs/F003_cppcheck.log
/home/yichen/Desktop/Gemini_Baseline_Code08/F003.c,cppcheck,True,success,True,0,13,93,style,constVariablePointer,Variable 'cmd' can be declared as pointer to const,/home/yichen/Desktop/Gemini_Baseline_Code08/F003.c|93|style|constVariablePointer|Variable 'cmd' can be declared as pointer to const,/home/yichen/Desktop/Gemini_Baseline_Results08/logs/F003_cppcheck.log
/home/yichen/Desktop/Gemini_Baseline_Code08/F003.c,cppcheck,True,success,True,0,13,96,style,constVariablePointer,Variable 'name' can be declared as pointer to const,/home/yichen/Desktop/Gemini_Baseline_Code08/F003.c|96|style|constVariablePointer|Variable 'name' can be declared as pointer to const,/home/yichen/Desktop/Gemini_Baseline_Results08/logs/F003_cppcheck.log
/home/yichen/Desktop/Gemini_Baseline_Code08/F003.c,cppcheck,True,success,True,0,13,97,style,constVariablePointer,Variable 'exp' can be declared as pointer to const,/home/yichen/Desktop/Gemini_Baseline_Code08/F003.c|97|style|constVariablePointer|Variable 'exp' can be declared as pointer to const,/home/yichen/Desktop/Gemini_Baseline_Results08/logs/F003_cppcheck.log
/home/yichen/Desktop/Gemini_Baseline_Code08/F003.c,cppcheck,True,success,True,0,13,100,style,constVariablePointer,Variable 'name' can be declared as pointer to const,/home/yichen/Desktop/Gemini_Baseline_Code08/F003.c|100|style|constVariablePointer|Variable 'name' can be declared as pointer to const,/home/yichen/Desktop/Gemini_Baseline_Results08/logs/F003_cppcheck.log
/home/yichen/Desktop/Gemini_Baseline_Code08/F003.c,cppcheck,True,success,True,0,13,103,style,constVariablePointer,Variable 'old_n' can be declared as pointer to const,/home/yichen/Desktop/Gemini_Baseline_Code08/F003.c|103|style|constVariablePointer|Variable 'old_n' can be declared as pointer to const,/home/yichen/Desktop/Gemini_Baseline_Results08/logs/F003_cppcheck.log
/home/yichen/Desktop/Gemini_Baseline_Code08/F003.c,cppcheck,True,success,True,0,13,104,style,constVariablePointer,Variable 'new_n' can be declared as pointer to const,/home/yichen/Desktop/Gemini_Baseline_Code08/F003.c|104|style|constVariablePointer|Variable 'new_n' can be declared as pointer to const,/home/yichen/Desktop/Gemini_Baseline_Results08/logs/F003_cppcheck.log
/home/yichen/Desktop/Gemini_Baseline_Code08/F003.c,cppcheck,True,success,True,0,13,107,style,constVariablePointer,Variable 'name' can be declared as pointer to const,/home/yichen/Desktop/Gemini_Baseline_Code08/F003.c|107|style|constVariablePointer|Variable 'name' can be declared as pointer to const,/home/yichen/Desktop/Gemini_Baseline_Results08/logs/F003_cppcheck.log
nofile,cppcheck,True,success,True,0,13,0,information,checkersReport,Active checkers: 113/592 (use --checkers-report=<filename> to see details),nofile|0|information|checkersReport|Active checkers: 113/592 (use --checkers-report=<filename> to see details),/home/yichen/Desktop/Gemini_Baseline_Results08/logs/F003_cppcheck.log
/home/yichen/Desktop/Gemini_Baseline_Code08/F004.c,cppcheck,True,success,True,0,10,3,information,missingIncludeSystem,Include file: <stdio.h> not found. Please note: Cppcheck does not need standard library headers to get proper results.,/home/yichen/Desktop/Gemini_Baseline_Code08/F004.c|3|information|missingIncludeSystem|Include file: <stdio.h> not found. Please note: Cppcheck does not need standard library headers to get proper results.,/home/yichen/Desktop/Gemini_Baseline_Results08/logs/F004_cppcheck.log
/home/yichen/Desktop/Gemini_Baseline_Code08/F004.c,cppcheck,True,success,True,0,10,4,information,missingIncludeSystem,Include file: <stdlib.h> not found. Please note: Cppcheck does not need standard library headers to get proper results.,/home/yichen/Desktop/Gemini_Baseline_Code08/F004.c|4|information|missingIncludeSystem|Include file: <stdlib.h> not found. Please note: Cppcheck does not need standard library headers to get proper results.,/home/yichen/Desktop/Gemini_Baseline_Results08/logs/F004_cppcheck.log
/home/yichen/Desktop/Gemini_Baseline_Code08/F004.c,cppcheck,True,success,True,0,10,5,information,missingIncludeSystem,Include file: <string.h> not found. Please note: Cppcheck does not need standard library headers to get proper results.,/home/yichen/Desktop/Gemini_Baseline_Code08/F004.c|5|information|missingIncludeSystem|Include file: <string.h> not found. Please note: Cppcheck does not need standard library headers to get proper results.,/home/yichen/Desktop/Gemini_Baseline_Results08/logs/F004_cppcheck.log
/home/yichen/Desktop/Gemini_Baseline_Code08/F004.c,cppcheck,True,success,True,0,10,34,error,memleakOnRealloc,Common realloc mistake: 'vars' nulled but not freed upon failure,/home/yichen/Desktop/Gemini_Baseline_Code08/F004.c|34|error|memleakOnRealloc|Common realloc mistake: 'vars' nulled but not freed upon failure,/home/yichen/Desktop/Gemini_Baseline_Results08/logs/F004_cppcheck.log
/home/yichen/Desktop/Gemini_Baseline_Code08/F004.c,cppcheck,True,success,True,0,10,106,style,constVariablePointer,Variable 'cmd' can be declared as pointer to const,/home/yichen/Desktop/Gemini_Baseline_Code08/F004.c|106|style|constVariablePointer|Variable 'cmd' can be declared as pointer to const,/home/yichen/Desktop/Gemini_Baseline_Results08/logs/F004_cppcheck.log
/home/yichen/Desktop/Gemini_Baseline_Code08/F004.c,cppcheck,True,success,True,0,10,109,style,constVariablePointer,Variable 'key' can be declared as pointer to const,/home/yichen/Desktop/Gemini_Baseline_Code08/F004.c|109|style|constVariablePointer|Variable 'key' can be declared as pointer to const,/home/yichen/Desktop/Gemini_Baseline_Results08/logs/F004_cppcheck.log
/home/yichen/Desktop/Gemini_Baseline_Code08/F004.c,cppcheck,True,success,True,0,10,110,style,constVariablePointer,Variable 'val' can be declared as pointer to const,/home/yichen/Desktop/Gemini_Baseline_Code08/F004.c|110|style|constVariablePointer|Variable 'val' can be declared as pointer to const,/home/yichen/Desktop/Gemini_Baseline_Results08/logs/F004_cppcheck.log
/home/yichen/Desktop/Gemini_Baseline_Code08/F004.c,cppcheck,True,success,True,0,10,113,style,constVariablePointer,Variable 'key' can be declared as pointer to const,/home/yichen/Desktop/Gemini_Baseline_Code08/F004.c|113|style|constVariablePointer|Variable 'key' can be declared as pointer to const,/home/yichen/Desktop/Gemini_Baseline_Results08/logs/F004_cppcheck.log
/home/yichen/Desktop/Gemini_Baseline_Code08/F004.c,cppcheck,True,success,True,0,10,116,style,constVariablePointer,Variable 'text' can be declared as pointer to const,/home/yichen/Desktop/Gemini_Baseline_Code08/F004.c|116|style|constVariablePointer|Variable 'text' can be declared as pointer to const,/home/yichen/Desktop/Gemini_Baseline_Results08/logs/F004_cppcheck.log
nofile,cppcheck,True,success,True,0,10,0,information,checkersReport,Active checkers: 113/592 (use --checkers-report=<filename> to see details),nofile|0|information|checkersReport|Active checkers: 113/592 (use --checkers-report=<filename> to see details),/home/yichen/Desktop/Gemini_Baseline_Results08/logs/F004_cppcheck.log
/home/yichen/Desktop/Gemini_Baseline_Code08/F005.c,cppcheck,True,success,True,0,14,3,information,missingIncludeSystem,Include file: <stdio.h> not found. Please note: Cppcheck does not need standard library headers to get proper results.,/home/yichen/Desktop/Gemini_Baseline_Code08/F005.c|3|information|missingIncludeSystem|Include file: <stdio.h> not found. Please note: Cppcheck does not need standard library headers to get proper results.,/home/yichen/Desktop/Gemini_Baseline_Results08/logs/F005_cppcheck.log
/home/yichen/Desktop/Gemini_Baseline_Code08/F005.c,cppcheck,True,success,True,0,14,4,information,missingIncludeSystem,Include file: <stdlib.h> not found. Please note: Cppcheck does not need standard library headers to get proper results.,/home/yichen/Desktop/Gemini_Baseline_Code08/F005.c|4|information|missingIncludeSystem|Include file: <stdlib.h> not found. Please note: Cppcheck does not need standard library headers to get proper results.,/home/yichen/Desktop/Gemini_Baseline_Results08/logs/F005_cppcheck.log
/home/yichen/Desktop/Gemini_Baseline_Code08/F005.c,cppcheck,True,success,True,0,14,5,information,missingIncludeSystem,Include file: <string.h> not found. Please note: Cppcheck does not need standard library headers to get proper results.,/home/yichen/Desktop/Gemini_Baseline_Code08/F005.c|5|information|missingIncludeSystem|Include file: <string.h> not found. Please note: Cppcheck does not need standard library headers to get proper results.,/home/yichen/Desktop/Gemini_Baseline_Results08/logs/F005_cppcheck.log
/home/yichen/Desktop/Gemini_Baseline_Code08/F005.c,cppcheck,True,success,True,0,14,14,error,memleakOnRealloc,Common realloc mistake: 'lines' nulled but not freed upon failure,/home/yichen/Desktop/Gemini_Baseline_Code08/F005.c|14|error|memleakOnRealloc|Common realloc mistake: 'lines' nulled but not freed upon failure,/home/yichen/Desktop/Gemini_Baseline_Results08/logs/F005_cppcheck.log
/home/yichen/Desktop/Gemini_Baseline_Code08/F005.c,cppcheck,True,success,True,0,14,26,error,memleakOnRealloc,Common realloc mistake: 'lines' nulled but not freed upon failure,/home/yichen/Desktop/Gemini_Baseline_Code08/F005.c|26|error|memleakOnRealloc|Common realloc mistake: 'lines' nulled but not freed upon failure,/home/yichen/Desktop/Gemini_Baseline_Results08/logs/F005_cppcheck.log
/home/yichen/Desktop/Gemini_Baseline_Code08/F005.c,cppcheck,True,success,True,0,14,56,style,constVariablePointer,Variable 't' can be declared as pointer to const,/home/yichen/Desktop/Gemini_Baseline_Code08/F005.c|56|style|constVariablePointer|Variable 't' can be declared as pointer to const,/home/yichen/Desktop/Gemini_Baseline_Results08/logs/F005_cppcheck.log
/home/yichen/Desktop/Gemini_Baseline_Code08/F005.c,cppcheck,True,success,True,0,14,79,style,constVariablePointer,Variable 'cmd' can be declared as pointer to const,/home/yichen/Desktop/Gemini_Baseline_Code08/F005.c|79|style|constVariablePointer|Variable 'cmd' can be declared as pointer to const,/home/yichen/Desktop/Gemini_Baseline_Results08/logs/F005_cppcheck.log
/home/yichen/Desktop/Gemini_Baseline_Code08/F005.c,cppcheck,True,success,True,0,14,82,style,constVariablePointer,Variable 'idx_s' can be declared as pointer to const,/home/yichen/Desktop/Gemini_Baseline_Code08/F005.c|82|style|constVariablePointer|Variable 'idx_s' can be declared as pointer to const,/home/yichen/Desktop/Gemini_Baseline_Results08/logs/F005_cppcheck.log
/home/yichen/Desktop/Gemini_Baseline_Code08/F005.c,cppcheck,True,success,True,0,14,83,style,constVariablePointer,Variable 'text' can be declared as pointer to const,/home/yichen/Desktop/Gemini_Baseline_Code08/F005.c|83|style|constVariablePointer|Variable 'text' can be declared as pointer to const,/home/yichen/Desktop/Gemini_Baseline_Results08/logs/F005_cppcheck.log
/home/yichen/Desktop/Gemini_Baseline_Code08/F005.c,cppcheck,True,success,True,0,14,89,style,constVariablePointer,Variable 'text' can be declared as pointer to const,/home/yichen/Desktop/Gemini_Baseline_Code08/F005.c|89|style|constVariablePointer|Variable 'text' can be declared as pointer to const,/home/yichen/Desktop/Gemini_Baseline_Results08/logs/F005_cppcheck.log
/home/yichen/Desktop/Gemini_Baseline_Code08/F005.c,cppcheck,True,success,True,0,14,92,style,constVariablePointer,Variable 'idx_s' can be declared as pointer to const,/home/yichen/Desktop/Gemini_Baseline_Code08/F005.c|92|style|constVariablePointer|Variable 'idx_s' can be declared as pointer to const,/home/yichen/Desktop/Gemini_Baseline_Results08/logs/F005_cppcheck.log
/home/yichen/Desktop/Gemini_Baseline_Code08/F005.c,cppcheck,True,success,True,0,14,98,style,constVariablePointer,Variable 'idx_s' can be declared as pointer to const,/home/yichen/Desktop/Gemini_Baseline_Code08/F005.c|98|style|constVariablePointer|Variable 'idx_s' can be declared as pointer to const,/home/yichen/Desktop/Gemini_Baseline_Results08/logs/F005_cppcheck.log
/home/yichen/Desktop/Gemini_Baseline_Code08/F005.c,cppcheck,True,success,True,0,14,99,style,constVariablePointer,Variable 'text' can be declared as pointer to const,/home/yichen/Desktop/Gemini_Baseline_Code08/F005.c|99|style|constVariablePointer|Variable 'text' can be declared as pointer to const,/home/yichen/Desktop/Gemini_Baseline_Results08/logs/F005_cppcheck.log
nofile,cppcheck,True,success,True,0,14,0,information,checkersReport,Active checkers: 113/592 (use --checkers-report=<filename> to see details),nofile|0|information|checkersReport|Active checkers: 113/592 (use --checkers-report=<filename> to see details),/home/yichen/Desktop/Gemini_Baseline_Results08/logs/F005_cppcheck.log
/home/yichen/Desktop/Gemini_Baseline_Code08/F006.c,cppcheck,True,success,True,0,12,3,information,missingIncludeSystem,Include file: <stdio.h> not found. Please note: Cppcheck does not need standard library headers to get proper results.,/home/yichen/Desktop/Gemini_Baseline_Code08/F006.c|3|information|missingIncludeSystem|Include file: <stdio.h> not found. Please note: Cppcheck does not need standard library headers to get proper results.,/home/yichen/Desktop/Gemini_Baseline_Results08/logs/F006_cppcheck.log
/home/yichen/Desktop/Gemini_Baseline_Code08/F006.c,cppcheck,True,success,True,0,12,4,information,missingIncludeSystem,Include file: <stdlib.h> not found. Please note: Cppcheck does not need standard library headers to get proper results.,/home/yichen/Desktop/Gemini_Baseline_Code08/F006.c|4|information|missingIncludeSystem|Include file: <stdlib.h> not found. Please note: Cppcheck does not need standard library headers to get proper results.,/home/yichen/Desktop/Gemini_Baseline_Results08/logs/F006_cppcheck.log
/home/yichen/Desktop/Gemini_Baseline_Code08/F006.c,cppcheck,True,success,True,0,12,5,information,missingIncludeSystem,Include file: <string.h> not found. Please note: Cppcheck does not need standard library headers to get proper results.,/home/yichen/Desktop/Gemini_Baseline_Code08/F006.c|5|information|missingIncludeSystem|Include file: <string.h> not found. Please note: Cppcheck does not need standard library headers to get proper results.,/home/yichen/Desktop/Gemini_Baseline_Results08/logs/F006_cppcheck.log
/home/yichen/Desktop/Gemini_Baseline_Code08/F006.c,cppcheck,True,success,True,0,12,33,error,memleakOnRealloc,Common realloc mistake: 'inv' nulled but not freed upon failure,/home/yichen/Desktop/Gemini_Baseline_Code08/F006.c|33|error|memleakOnRealloc|Common realloc mistake: 'inv' nulled but not freed upon failure,/home/yichen/Desktop/Gemini_Baseline_Results08/logs/F006_cppcheck.log
/home/yichen/Desktop/Gemini_Baseline_Code08/F006.c,cppcheck,True,success,True,0,12,87,style,constVariablePointer,Variable 'cmd' can be declared as pointer to const,/home/yichen/Desktop/Gemini_Baseline_Code08/F006.c|87|style|constVariablePointer|Variable 'cmd' can be declared as pointer to const,/home/yichen/Desktop/Gemini_Baseline_Results08/logs/F006_cppcheck.log
/home/yichen/Desktop/Gemini_Baseline_Code08/F006.c,cppcheck,True,success,True,0,12,90,style,constVariablePointer,Variable 'name' can be declared as pointer to const,/home/yichen/Desktop/Gemini_Baseline_Code08/F006.c|90|style|constVariablePointer|Variable 'name' can be declared as pointer to const,/home/yichen/Desktop/Gemini_Baseline_Results08/logs/F006_cppcheck.log
/home/yichen/Desktop/Gemini_Baseline_Code08/F006.c,cppcheck,True,success,True,0,12,91,style,constVariablePointer,Variable 'cnt_s' can be declared as pointer to const,/home/yichen/Desktop/Gemini_Baseline_Code08/F006.c|91|style|constVariablePointer|Variable 'cnt_s' can be declared as pointer to const,/home/yichen/Desktop/Gemini_Baseline_Results08/logs/F006_cppcheck.log
/home/yichen/Desktop/Gemini_Baseline_Code08/F006.c,cppcheck,True,success,True,0,12,94,style,constVariablePointer,Variable 'name' can be declared as pointer to const,/home/yichen/Desktop/Gemini_Baseline_Code08/F006.c|94|style|constVariablePointer|Variable 'name' can be declared as pointer to const,/home/yichen/Desktop/Gemini_Baseline_Results08/logs/F006_cppcheck.log
/home/yichen/Desktop/Gemini_Baseline_Code08/F006.c,cppcheck,True,success,True,0,12,95,style,constVariablePointer,Variable 'cnt_s' can be declared as pointer to const,/home/yichen/Desktop/Gemini_Baseline_Code08/F006.c|95|style|constVariablePointer|Variable 'cnt_s' can be declared as pointer to const,/home/yichen/Desktop/Gemini_Baseline_Results08/logs/F006_cppcheck.log
/home/yichen/Desktop/Gemini_Baseline_Code08/F006.c,cppcheck,True,success,True,0,12,98,style,constVariablePointer,Variable 'name' can be declared as pointer to const,/home/yichen/Desktop/Gemini_Baseline_Code08/F006.c|98|style|constVariablePointer|Variable 'name' can be declared as pointer to const,/home/yichen/Desktop/Gemini_Baseline_Results08/logs/F006_cppcheck.log
/home/yichen/Desktop/Gemini_Baseline_Code08/F006.c,cppcheck,True,success,True,0,12,101,style,constVariablePointer,Variable 'name' can be declared as pointer to const,/home/yichen/Desktop/Gemini_Baseline_Code08/F006.c|101|style|constVariablePointer|Variable 'name' can be declared as pointer to const,/home/yichen/Desktop/Gemini_Baseline_Results08/logs/F006_cppcheck.log
nofile,cppcheck,True,success,True,0,12,0,information,checkersReport,Active checkers: 113/592 (use --checkers-report=<filename> to see details),nofile|0|information|checkersReport|Active checkers: 113/592 (use --checkers-report=<filename> to see details),/home/yichen/Desktop/Gemini_Baseline_Results08/logs/F006_cppcheck.log
/home/yichen/Desktop/Gemini_Baseline_Code08/F007.c,cppcheck,True,success,True,0,12,3,information,missingIncludeSystem,Include file: <stdio.h> not found. Please note: Cppcheck does not need standard library headers to get proper results.,/home/yichen/Desktop/Gemini_Baseline_Code08/F007.c|3|information|missingIncludeSystem|Include file: <stdio.h> not found. Please note: Cppcheck does not need standard library headers to get proper results.,/home/yichen/Desktop/Gemini_Baseline_Results08/logs/F007_cppcheck.log
/home/yichen/Desktop/Gemini_Baseline_Code08/F007.c,cppcheck,True,success,True,0,12,4,information,missingIncludeSystem,Include file: <stdlib.h> not found. Please note: Cppcheck does not need standard library headers to get proper results.,/home/yichen/Desktop/Gemini_Baseline_Code08/F007.c|4|information|missingIncludeSystem|Include file: <stdlib.h> not found. Please note: Cppcheck does not need standard library headers to get proper results.,/home/yichen/Desktop/Gemini_Baseline_Results08/logs/F007_cppcheck.log
/home/yichen/Desktop/Gemini_Baseline_Code08/F007.c,cppcheck,True,success,True,0,12,5,information,missingIncludeSystem,Include file: <string.h> not found. Please note: Cppcheck does not need standard library headers to get proper results.,/home/yichen/Desktop/Gemini_Baseline_Code08/F007.c|5|information|missingIncludeSystem|Include file: <string.h> not found. Please note: Cppcheck does not need standard library headers to get proper results.,/home/yichen/Desktop/Gemini_Baseline_Results08/logs/F007_cppcheck.log
/home/yichen/Desktop/Gemini_Baseline_Code08/F007.c,cppcheck,True,success,True,0,12,20,error,memleakOnRealloc,Common realloc mistake: 'log_entries' nulled but not freed upon failure,/home/yichen/Desktop/Gemini_Baseline_Code08/F007.c|20|error|memleakOnRealloc|Common realloc mistake: 'log_entries' nulled but not freed upon failure,/home/yichen/Desktop/Gemini_Baseline_Results08/logs/F007_cppcheck.log
/home/yichen/Desktop/Gemini_Baseline_Code08/F007.c,cppcheck,True,success,True,0,12,93,style,constVariablePointer,Variable 'cmd' can be declared as pointer to const,/home/yichen/Desktop/Gemini_Baseline_Code08/F007.c|93|style|constVariablePointer|Variable 'cmd' can be declared as pointer to const,/home/yichen/Desktop/Gemini_Baseline_Results08/logs/F007_cppcheck.log
/home/yichen/Desktop/Gemini_Baseline_Code08/F007.c,cppcheck,True,success,True,0,12,96,style,constVariablePointer,Variable 'time_s' can be declared as pointer to const,/home/yichen/Desktop/Gemini_Baseline_Code08/F007.c|96|style|constVariablePointer|Variable 'time_s' can be declared as pointer to const,/home/yichen/Desktop/Gemini_Baseline_Results08/logs/F007_cppcheck.log
/home/yichen/Desktop/Gemini_Baseline_Code08/F007.c,cppcheck,True,success,True,0,12,97,style,constVariablePointer,Variable 'label' can be declared as pointer to const,/home/yichen/Desktop/Gemini_Baseline_Code08/F007.c|97|style|constVariablePointer|Variable 'label' can be declared as pointer to const,/home/yichen/Desktop/Gemini_Baseline_Results08/logs/F007_cppcheck.log
/home/yichen/Desktop/Gemini_Baseline_Code08/F007.c,cppcheck,True,success,True,0,12,98,style,constVariablePointer,Variable 'note' can be declared as pointer to const,/home/yichen/Desktop/Gemini_Baseline_Code08/F007.c|98|style|constVariablePointer|Variable 'note' can be declared as pointer to const,/home/yichen/Desktop/Gemini_Baseline_Results08/logs/F007_cppcheck.log
/home/yichen/Desktop/Gemini_Baseline_Code08/F007.c,cppcheck,True,success,True,0,12,103,style,constVariablePointer,Variable 'time_s' can be declared as pointer to const,/home/yichen/Desktop/Gemini_Baseline_Code08/F007.c|103|style|constVariablePointer|Variable 'time_s' can be declared as pointer to const,/home/yichen/Desktop/Gemini_Baseline_Results08/logs/F007_cppcheck.log
/home/yichen/Desktop/Gemini_Baseline_Code08/F007.c,cppcheck,True,success,True,0,12,104,style,constVariablePointer,Variable 'label' can be declared as pointer to const,/home/yichen/Desktop/Gemini_Baseline_Code08/F007.c|104|style|constVariablePointer|Variable 'label' can be declared as pointer to const,/home/yichen/Desktop/Gemini_Baseline_Results08/logs/F007_cppcheck.log
/home/yichen/Desktop/Gemini_Baseline_Code08/F007.c,cppcheck,True,success,True,0,12,109,style,constVariablePointer,Variable 'label' can be declared as pointer to const,/home/yichen/Desktop/Gemini_Baseline_Code08/F007.c|109|style|constVariablePointer|Variable 'label' can be declared as pointer to const,/home/yichen/Desktop/Gemini_Baseline_Results08/logs/F007_cppcheck.log
nofile,cppcheck,True,success,True,0,12,0,information,checkersReport,Active checkers: 113/592 (use --checkers-report=<filename> to see details),nofile|0|information|checkersReport|Active checkers: 113/592 (use --checkers-report=<filename> to see details),/home/yichen/Desktop/Gemini_Baseline_Results08/logs/F007_cppcheck.log
/home/yichen/Desktop/Gemini_Baseline_Code08/F008.c,cppcheck,True,success,True,0,13,3,information,missingIncludeSystem,Include file: <stdio.h> not found. Please note: Cppcheck does not need standard library headers to get proper results.,/home/yichen/Desktop/Gemini_Baseline_Code08/F008.c|3|information|missingIncludeSystem|Include file: <stdio.h> not found. Please note: Cppcheck does not need standard library headers to get proper results.,/home/yichen/Desktop/Gemini_Baseline_Results08/logs/F008_cppcheck.log
/home/yichen/Desktop/Gemini_Baseline_Code08/F008.c,cppcheck,True,success,True,0,13,4,information,missingIncludeSystem,Include file: <stdlib.h> not found. Please note: Cppcheck does not need standard library headers to get proper results.,/home/yichen/Desktop/Gemini_Baseline_Code08/F008.c|4|information|missingIncludeSystem|Include file: <stdlib.h> not found. Please note: Cppcheck does not need standard library headers to get proper results.,/home/yichen/Desktop/Gemini_Baseline_Results08/logs/F008_cppcheck.log
/home/yichen/Desktop/Gemini_Baseline_Code08/F008.c,cppcheck,True,success,True,0,13,5,information,missingIncludeSystem,Include file: <string.h> not found. Please note: Cppcheck does not need standard library headers to get proper results.,/home/yichen/Desktop/Gemini_Baseline_Code08/F008.c|5|information|missingIncludeSystem|Include file: <string.h> not found. Please note: Cppcheck does not need standard library headers to get proper results.,/home/yichen/Desktop/Gemini_Baseline_Results08/logs/F008_cppcheck.log
/home/yichen/Desktop/Gemini_Baseline_Code08/F008.c,cppcheck,True,success,True,0,13,36,error,memleakOnRealloc,Common realloc mistake: 'gradebook' nulled but not freed upon failure,/home/yichen/Desktop/Gemini_Baseline_Code08/F008.c|36|error|memleakOnRealloc|Common realloc mistake: 'gradebook' nulled but not freed upon failure,/home/yichen/Desktop/Gemini_Baseline_Results08/logs/F008_cppcheck.log
/home/yichen/Desktop/Gemini_Baseline_Code08/F008.c,cppcheck,True,success,True,0,13,94,style,constVariablePointer,Variable 'cmd' can be declared as pointer to const,/home/yichen/Desktop/Gemini_Baseline_Code08/F008.c|94|style|constVariablePointer|Variable 'cmd' can be declared as pointer to const,/home/yichen/Desktop/Gemini_Baseline_Results08/logs/F008_cppcheck.log
/home/yichen/Desktop/Gemini_Baseline_Code08/F008.c,cppcheck,True,success,True,0,13,97,style,constVariablePointer,Variable 'name' can be declared as pointer to const,/home/yichen/Desktop/Gemini_Baseline_Code08/F008.c|97|style|constVariablePointer|Variable 'name' can be declared as pointer to const,/home/yichen/Desktop/Gemini_Baseline_Results08/logs/F008_cppcheck.log
/home/yichen/Desktop/Gemini_Baseline_Code08/F008.c,cppcheck,True,success,True,0,13,98,style,constVariablePointer,Variable 'score_s' can be declared as pointer to const,/home/yichen/Desktop/Gemini_Baseline_Code08/F008.c|98|style|constVariablePointer|Variable 'score_s' can be declared as pointer to const,/home/yichen/Desktop/Gemini_Baseline_Results08/logs/F008_cppcheck.log
/home/yichen/Desktop/Gemini_Baseline_Code08/F008.c,cppcheck,True,success,True,0,13,99,style,constVariablePointer,Variable 'note' can be declared as pointer to const,/home/yichen/Desktop/Gemini_Baseline_Code08/F008.c|99|style|constVariablePointer|Variable 'note' can be declared as pointer to const,/home/yichen/Desktop/Gemini_Baseline_Results08/logs/F008_cppcheck.log
/home/yichen/Desktop/Gemini_Baseline_Code08/F008.c,cppcheck,True,success,True,0,13,104,style,constVariablePointer,Variable 'name' can be declared as pointer to const,/home/yichen/Desktop/Gemini_Baseline_Code08/F008.c|104|style|constVariablePointer|Variable 'name' can be declared as pointer to const,/home/yichen/Desktop/Gemini_Baseline_Results08/logs/F008_cppcheck.log
/home/yichen/Desktop/Gemini_Baseline_Code08/F008.c,cppcheck,True,success,True,0,13,105,style,constVariablePointer,Variable 'score_s' can be declared as pointer to const,/home/yichen/Desktop/Gemini_Baseline_Code08/F008.c|105|style|constVariablePointer|Variable 'score_s' can be declared as pointer to const,/home/yichen/Desktop/Gemini_Baseline_Results08/logs/F008_cppcheck.log
/home/yichen/Desktop/Gemini_Baseline_Code08/F008.c,cppcheck,True,success,True,0,13,106,style,constVariablePointer,Variable 'note' can be declared as pointer to const,/home/yichen/Desktop/Gemini_Baseline_Code08/F008.c|106|style|constVariablePointer|Variable 'note' can be declared as pointer to const,/home/yichen/Desktop/Gemini_Baseline_Results08/logs/F008_cppcheck.log
/home/yichen/Desktop/Gemini_Baseline_Code08/F008.c,cppcheck,True,success,True,0,13,111,style,constVariablePointer,Variable 'name' can be declared as pointer to const,/home/yichen/Desktop/Gemini_Baseline_Code08/F008.c|111|style|constVariablePointer|Variable 'name' can be declared as pointer to const,/home/yichen/Desktop/Gemini_Baseline_Results08/logs/F008_cppcheck.log
nofile,cppcheck,True,success,True,0,13,0,information,checkersReport,Active checkers: 113/592 (use --checkers-report=<filename> to see details),nofile|0|information|checkersReport|Active checkers: 113/592 (use --checkers-report=<filename> to see details),/home/yichen/Desktop/Gemini_Baseline_Results08/logs/F008_cppcheck.log
/home/yichen/Desktop/Gemini_Baseline_Code08/F009.c,cppcheck,True,success,True,0,14,3,information,missingIncludeSystem,Include file: <stdio.h> not found. Please note: Cppcheck does not need standard library headers to get proper results.,/home/yichen/Desktop/Gemini_Baseline_Code08/F009.c|3|information|missingIncludeSystem|Include file: <stdio.h> not found. Please note: Cppcheck does not need standard library headers to get proper results.,/home/yichen/Desktop/Gemini_Baseline_Results08/logs/F009_cppcheck.log
/home/yichen/Desktop/Gemini_Baseline_Code08/F009.c,cppcheck,True,success,True,0,14,4,information,missingIncludeSystem,Include file: <stdlib.h> not found. Please note: Cppcheck does not need standard library headers to get proper results.,/home/yichen/Desktop/Gemini_Baseline_Code08/F009.c|4|information|missingIncludeSystem|Include file: <stdlib.h> not found. Please note: Cppcheck does not need standard library headers to get proper results.,/home/yichen/Desktop/Gemini_Baseline_Results08/logs/F009_cppcheck.log
/home/yichen/Desktop/Gemini_Baseline_Code08/F009.c,cppcheck,True,success,True,0,14,5,information,missingIncludeSystem,Include file: <string.h> not found. Please note: Cppcheck does not need standard library headers to get proper results.,/home/yichen/Desktop/Gemini_Baseline_Code08/F009.c|5|information|missingIncludeSystem|Include file: <string.h> not found. Please note: Cppcheck does not need standard library headers to get proper results.,/home/yichen/Desktop/Gemini_Baseline_Results08/logs/F009_cppcheck.log
/home/yichen/Desktop/Gemini_Baseline_Code08/F009.c,cppcheck,True,success,True,0,14,32,error,memleakOnRealloc,Common realloc mistake: 'groups' nulled but not freed upon failure,/home/yichen/Desktop/Gemini_Baseline_Code08/F009.c|32|error|memleakOnRealloc|Common realloc mistake: 'groups' nulled but not freed upon failure,/home/yichen/Desktop/Gemini_Baseline_Results08/logs/F009_cppcheck.log
/home/yichen/Desktop/Gemini_Baseline_Code08/F009.c,cppcheck,True,success,True,0,14,110,style,constVariablePointer,Variable 'cmd' can be declared as pointer to const,/home/yichen/Desktop/Gemini_Baseline_Code08/F009.c|110|style|constVariablePointer|Variable 'cmd' can be declared as pointer to const,/home/yichen/Desktop/Gemini_Baseline_Results08/logs/F009_cppcheck.log
/home/yichen/Desktop/Gemini_Baseline_Code08/F009.c,cppcheck,True,success,True,0,14,113,style,constVariablePointer,Variable 'g_name' can be declared as pointer to const,/home/yichen/Desktop/Gemini_Baseline_Code08/F009.c|113|style|constVariablePointer|Variable 'g_name' can be declared as pointer to const,/home/yichen/Desktop/Gemini_Baseline_Results08/logs/F009_cppcheck.log
/home/yichen/Desktop/Gemini_Baseline_Code08/F009.c,cppcheck,True,success,True,0,14,114,style,constVariablePointer,Variable 'desc' can be declared as pointer to const,/home/yichen/Desktop/Gemini_Baseline_Code08/F009.c|114|style|constVariablePointer|Variable 'desc' can be declared as pointer to const,/home/yichen/Desktop/Gemini_Baseline_Results08/logs/F009_cppcheck.log
/home/yichen/Desktop/Gemini_Baseline_Code08/F009.c,cppcheck,True,success,True,0,14,117,style,constVariablePointer,Variable 'gA' can be declared as pointer to const,/home/yichen/Desktop/Gemini_Baseline_Code08/F009.c|117|style|constVariablePointer|Variable 'gA' can be declared as pointer to const,/home/yichen/Desktop/Gemini_Baseline_Results08/logs/F009_cppcheck.log
/home/yichen/Desktop/Gemini_Baseline_Code08/F009.c,cppcheck,True,success,True,0,14,118,style,constVariablePointer,Variable 'gB' can be declared as pointer to const,/home/yichen/Desktop/Gemini_Baseline_Code08/F009.c|118|style|constVariablePointer|Variable 'gB' can be declared as pointer to const,/home/yichen/Desktop/Gemini_Baseline_Results08/logs/F009_cppcheck.log
/home/yichen/Desktop/Gemini_Baseline_Code08/F009.c,cppcheck,True,success,True,0,14,119,style,constVariablePointer,Variable 'gNew' can be declared as pointer to const,/home/yichen/Desktop/Gemini_Baseline_Code08/F009.c|119|style|constVariablePointer|Variable 'gNew' can be declared as pointer to const,/home/yichen/Desktop/Gemini_Baseline_Results08/logs/F009_cppcheck.log
/home/yichen/Desktop/Gemini_Baseline_Code08/F009.c,cppcheck,True,success,True,0,14,122,style,constVariablePointer,Variable 'name' can be declared as pointer to const,/home/yichen/Desktop/Gemini_Baseline_Code08/F009.c|122|style|constVariablePointer|Variable 'name' can be declared as pointer to const,/home/yichen/Desktop/Gemini_Baseline_Results08/logs/F009_cppcheck.log
/home/yichen/Desktop/Gemini_Baseline_Code08/F009.c,cppcheck,True,success,True,0,14,125,style,constVariablePointer,Variable 'name' can be declared as pointer to const,/home/yichen/Desktop/Gemini_Baseline_Code08/F009.c|125|style|constVariablePointer|Variable 'name' can be declared as pointer to const,/home/yichen/Desktop/Gemini_Baseline_Results08/logs/F009_cppcheck.log
/home/yichen/Desktop/Gemini_Baseline_Code08/F009.c,cppcheck,True,success,True,0,14,56,style,unreadVariable,Variable 'idxNew' is assigned a value that is never used.,/home/yichen/Desktop/Gemini_Baseline_Code08/F009.c|56|style|unreadVariable|Variable 'idxNew' is assigned a value that is never used.,/home/yichen/Desktop/Gemini_Baseline_Results08/logs/F009_cppcheck.log
nofile,cppcheck,True,success,True,0,14,0,information,checkersReport,Active checkers: 113/592 (use --checkers-report=<filename> to see details),nofile|0|information|checkersReport|Active checkers: 113/592 (use --checkers-report=<filename> to see details),/home/yichen/Desktop/Gemini_Baseline_Results08/logs/F009_cppcheck.log
/home/yichen/Desktop/Gemini_Baseline_Code08/F010.c,cppcheck,True,success,True,0,12,3,information,missingIncludeSystem,Include file: <stdio.h> not found. Please note: Cppcheck does not need standard library headers to get proper results.,/home/yichen/Desktop/Gemini_Baseline_Code08/F010.c|3|information|missingIncludeSystem|Include file: <stdio.h> not found. Please note: Cppcheck does not need standard library headers to get proper results.,/home/yichen/Desktop/Gemini_Baseline_Results08/logs/F010_cppcheck.log
/home/yichen/Desktop/Gemini_Baseline_Code08/F010.c,cppcheck,True,success,True,0,12,4,information,missingIncludeSystem,Include file: <stdlib.h> not found. Please note: Cppcheck does not need standard library headers to get proper results.,/home/yichen/Desktop/Gemini_Baseline_Code08/F010.c|4|information|missingIncludeSystem|Include file: <stdlib.h> not found. Please note: Cppcheck does not need standard library headers to get proper results.,/home/yichen/Desktop/Gemini_Baseline_Results08/logs/F010_cppcheck.log
/home/yichen/Desktop/Gemini_Baseline_Code08/F010.c,cppcheck,True,success,True,0,12,5,information,missingIncludeSystem,Include file: <string.h> not found. Please note: Cppcheck does not need standard library headers to get proper results.,/home/yichen/Desktop/Gemini_Baseline_Code08/F010.c|5|information|missingIncludeSystem|Include file: <string.h> not found. Please note: Cppcheck does not need standard library headers to get proper results.,/home/yichen/Desktop/Gemini_Baseline_Results08/logs/F010_cppcheck.log
/home/yichen/Desktop/Gemini_Baseline_Code08/F010.c,cppcheck,True,success,True,0,12,32,error,memleakOnRealloc,Common realloc mistake: 'index_table' nulled but not freed upon failure,/home/yichen/Desktop/Gemini_Baseline_Code08/F010.c|32|error|memleakOnRealloc|Common realloc mistake: 'index_table' nulled but not freed upon failure,/home/yichen/Desktop/Gemini_Baseline_Results08/logs/F010_cppcheck.log
/home/yichen/Desktop/Gemini_Baseline_Code08/F010.c,cppcheck,True,success,True,0,12,111,style,constVariablePointer,Variable 'cmd' can be declared as pointer to const,/home/yichen/Desktop/Gemini_Baseline_Code08/F010.c|111|style|constVariablePointer|Variable 'cmd' can be declared as pointer to const,/home/yichen/Desktop/Gemini_Baseline_Results08/logs/F010_cppcheck.log
/home/yichen/Desktop/Gemini_Baseline_Code08/F010.c,cppcheck,True,success,True,0,12,114,style,constVariablePointer,Variable 'key' can be declared as pointer to const,/home/yichen/Desktop/Gemini_Baseline_Code08/F010.c|114|style|constVariablePointer|Variable 'key' can be declared as pointer to const,/home/yichen/Desktop/Gemini_Baseline_Results08/logs/F010_cppcheck.log
/home/yichen/Desktop/Gemini_Baseline_Code08/F010.c,cppcheck,True,success,True,0,12,115,style,constVariablePointer,Variable 'val' can be declared as pointer to const,/home/yichen/Desktop/Gemini_Baseline_Code08/F010.c|115|style|constVariablePointer|Variable 'val' can be declared as pointer to const,/home/yichen/Desktop/Gemini_Baseline_Results08/logs/F010_cppcheck.log
/home/yichen/Desktop/Gemini_Baseline_Code08/F010.c,cppcheck,True,success,True,0,12,118,style,constVariablePointer,Variable 'key' can be declared as pointer to const,/home/yichen/Desktop/Gemini_Baseline_Code08/F010.c|118|style|constVariablePointer|Variable 'key' can be declared as pointer to const,/home/yichen/Desktop/Gemini_Baseline_Results08/logs/F010_cppcheck.log
/home/yichen/Desktop/Gemini_Baseline_Code08/F010.c,cppcheck,True,success,True,0,12,119,style,constVariablePointer,Variable 'val' can be declared as pointer to const,/home/yichen/Desktop/Gemini_Baseline_Code08/F010.c|119|style|constVariablePointer|Variable 'val' can be declared as pointer to const,/home/yichen/Desktop/Gemini_Baseline_Results08/logs/F010_cppcheck.log
/home/yichen/Desktop/Gemini_Baseline_Code08/F010.c,cppcheck,True,success,True,0,12,122,style,constVariablePointer,Variable 'key' can be declared as pointer to const,/home/yichen/Desktop/Gemini_Baseline_Code08/F010.c|122|style|constVariablePointer|Variable 'key' can be declared as pointer to const,/home/yichen/Desktop/Gemini_Baseline_Results08/logs/F010_cppcheck.log
/home/yichen/Desktop/Gemini_Baseline_Code08/F010.c,cppcheck,True,success,True,0,12,125,style,constVariablePointer,Variable 'key' can be declared as pointer to const,/home/yichen/Desktop/Gemini_Baseline_Code08/F010.c|125|style|constVariablePointer|Variable 'key' can be declared as pointer to const,/home/yichen/Desktop/Gemini_Baseline_Results08/logs/F010_cppcheck.log
nofile,cppcheck,True,success,True,0,12,0,information,checkersReport,Active checkers: 113/592 (use --checkers-report=<filename> to see details),nofile|0|information|checkersReport|Active checkers: 113/592 (use --checkers-report=<filename> to see details),/home/yichen/Desktop/Gemini_Baseline_Results08/logs/F010_cppcheck.log
/home/yichen/Desktop/Gemini_Baseline_Code08/F011.c,cppcheck,True,success,True,0,12,3,information,missingIncludeSystem,Include file: <stdio.h> not found. Please note: Cppcheck does not need standard library headers to get proper results.,/home/yichen/Desktop/Gemini_Baseline_Code08/F011.c|3|information|missingIncludeSystem|Include file: <stdio.h> not found. Please note: Cppcheck does not need standard library headers to get proper results.,/home/yichen/Desktop/Gemini_Baseline_Results08/logs/F011_cppcheck.log
/home/yichen/Desktop/Gemini_Baseline_Code08/F011.c,cppcheck,True,success,True,0,12,4,information,missingIncludeSystem,Include file: <stdlib.h> not found. Please note: Cppcheck does not need standard library headers to get proper results.,/home/yichen/Desktop/Gemini_Baseline_Code08/F011.c|4|information|missingIncludeSystem|Include file: <stdlib.h> not found. Please note: Cppcheck does not need standard library headers to get proper results.,/home/yichen/Desktop/Gemini_Baseline_Results08/logs/F011_cppcheck.log
/home/yichen/Desktop/Gemini_Baseline_Code08/F011.c,cppcheck,True,success,True,0,12,5,information,missingIncludeSystem,Include file: <string.h> not found. Please note: Cppcheck does not need standard library headers to get proper results.,/home/yichen/Desktop/Gemini_Baseline_Code08/F011.c|5|information|missingIncludeSystem|Include file: <string.h> not found. Please note: Cppcheck does not need standard library headers to get proper results.,/home/yichen/Desktop/Gemini_Baseline_Results08/logs/F011_cppcheck.log
/home/yichen/Desktop/Gemini_Baseline_Code08/F011.c,cppcheck,True,success,True,0,12,37,error,memleakOnRealloc,Common realloc mistake: 'drafts' nulled but not freed upon failure,/home/yichen/Desktop/Gemini_Baseline_Code08/F011.c|37|error|memleakOnRealloc|Common realloc mistake: 'drafts' nulled but not freed upon failure,/home/yichen/Desktop/Gemini_Baseline_Results08/logs/F011_cppcheck.log
/home/yichen/Desktop/Gemini_Baseline_Code08/F011.c,cppcheck,True,success,True,0,12,102,style,constVariablePointer,Variable 'cmd' can be declared as pointer to const,/home/yichen/Desktop/Gemini_Baseline_Code08/F011.c|102|style|constVariablePointer|Variable 'cmd' can be declared as pointer to const,/home/yichen/Desktop/Gemini_Baseline_Results08/logs/F011_cppcheck.log
/home/yichen/Desktop/Gemini_Baseline_Code08/F011.c,cppcheck,True,success,True,0,12,105,style,constVariablePointer,Variable 'title' can be declared as pointer to const,/home/yichen/Desktop/Gemini_Baseline_Code08/F011.c|105|style|constVariablePointer|Variable 'title' can be declared as pointer to const,/home/yichen/Desktop/Gemini_Baseline_Results08/logs/F011_cppcheck.log
/home/yichen/Desktop/Gemini_Baseline_Code08/F011.c,cppcheck,True,success,True,0,12,106,style,constVariablePointer,Variable 'body' can be declared as pointer to const,/home/yichen/Desktop/Gemini_Baseline_Code08/F011.c|106|style|constVariablePointer|Variable 'body' can be declared as pointer to const,/home/yichen/Desktop/Gemini_Baseline_Results08/logs/F011_cppcheck.log
/home/yichen/Desktop/Gemini_Baseline_Code08/F011.c,cppcheck,True,success,True,0,12,109,style,constVariablePointer,Variable 'title' can be declared as pointer to const,/home/yichen/Desktop/Gemini_Baseline_Code08/F011.c|109|style|constVariablePointer|Variable 'title' can be declared as pointer to const,/home/yichen/Desktop/Gemini_Baseline_Results08/logs/F011_cppcheck.log
/home/yichen/Desktop/Gemini_Baseline_Code08/F011.c,cppcheck,True,success,True,0,12,110,style,constVariablePointer,Variable 'body' can be declared as pointer to const,/home/yichen/Desktop/Gemini_Baseline_Code08/F011.c|110|style|constVariablePointer|Variable 'body' can be declared as pointer to const,/home/yichen/Desktop/Gemini_Baseline_Results08/logs/F011_cppcheck.log
/home/yichen/Desktop/Gemini_Baseline_Code08/F011.c,cppcheck,True,success,True,0,12,113,style,constVariablePointer,Variable 'title' can be declared as pointer to const,/home/yichen/Desktop/Gemini_Baseline_Code08/F011.c|113|style|constVariablePointer|Variable 'title' can be declared as pointer to const,/home/yichen/Desktop/Gemini_Baseline_Results08/logs/F011_cppcheck.log
/home/yichen/Desktop/Gemini_Baseline_Code08/F011.c,cppcheck,True,success,True,0,12,118,style,constVariablePointer,Variable 'title' can be declared as pointer to const,/home/yichen/Desktop/Gemini_Baseline_Code08/F011.c|118|style|constVariablePointer|Variable 'title' can be declared as pointer to const,/home/yichen/Desktop/Gemini_Baseline_Results08/logs/F011_cppcheck.log
nofile,cppcheck,True,success,True,0,12,0,information,checkersReport,Active checkers: 113/592 (use --checkers-report=<filename> to see details),nofile|0|information|checkersReport|Active checkers: 113/592 (use --checkers-report=<filename> to see details),/home/yichen/Desktop/Gemini_Baseline_Results08/logs/F011_cppcheck.log
/home/yichen/Desktop/Gemini_Baseline_Code08/F012.c,cppcheck,True,success,True,0,10,3,information,missingIncludeSystem,Include file: <stdio.h> not found. Please note: Cppcheck does not need standard library headers to get proper results.,/home/yichen/Desktop/Gemini_Baseline_Code08/F012.c|3|information|missingIncludeSystem|Include file: <stdio.h> not found. Please note: Cppcheck does not need standard library headers to get proper results.,/home/yichen/Desktop/Gemini_Baseline_Results08/logs/F012_cppcheck.log
/home/yichen/Desktop/Gemini_Baseline_Code08/F012.c,cppcheck,True,success,True,0,10,4,information,missingIncludeSystem,Include file: <stdlib.h> not found. Please note: Cppcheck does not need standard library headers to get proper results.,/home/yichen/Desktop/Gemini_Baseline_Code08/F012.c|4|information|missingIncludeSystem|Include file: <stdlib.h> not found. Please note: Cppcheck does not need standard library headers to get proper results.,/home/yichen/Desktop/Gemini_Baseline_Results08/logs/F012_cppcheck.log
/home/yichen/Desktop/Gemini_Baseline_Code08/F012.c,cppcheck,True,success,True,0,10,5,information,missingIncludeSystem,Include file: <string.h> not found. Please note: Cppcheck does not need standard library headers to get proper results.,/home/yichen/Desktop/Gemini_Baseline_Code08/F012.c|5|information|missingIncludeSystem|Include file: <string.h> not found. Please note: Cppcheck does not need standard library headers to get proper results.,/home/yichen/Desktop/Gemini_Baseline_Results08/logs/F012_cppcheck.log
/home/yichen/Desktop/Gemini_Baseline_Code08/F012.c,cppcheck,True,success,True,0,10,19,error,memleakOnRealloc,Common realloc mistake: 'queue' nulled but not freed upon failure,/home/yichen/Desktop/Gemini_Baseline_Code08/F012.c|19|error|memleakOnRealloc|Common realloc mistake: 'queue' nulled but not freed upon failure,/home/yichen/Desktop/Gemini_Baseline_Results08/logs/F012_cppcheck.log
/home/yichen/Desktop/Gemini_Baseline_Code08/F012.c,cppcheck,True,success,True,0,10,78,style,constVariablePointer,Variable 'cmd' can be declared as pointer to const,/home/yichen/Desktop/Gemini_Baseline_Code08/F012.c|78|style|constVariablePointer|Variable 'cmd' can be declared as pointer to const,/home/yichen/Desktop/Gemini_Baseline_Results08/logs/F012_cppcheck.log
/home/yichen/Desktop/Gemini_Baseline_Code08/F012.c,cppcheck,True,success,True,0,10,81,style,constVariablePointer,Variable 'name' can be declared as pointer to const,/home/yichen/Desktop/Gemini_Baseline_Code08/F012.c|81|style|constVariablePointer|Variable 'name' can be declared as pointer to const,/home/yichen/Desktop/Gemini_Baseline_Results08/logs/F012_cppcheck.log
/home/yichen/Desktop/Gemini_Baseline_Code08/F012.c,cppcheck,True,success,True,0,10,82,style,constVariablePointer,Variable 'note' can be declared as pointer to const,/home/yichen/Desktop/Gemini_Baseline_Code08/F012.c|82|style|constVariablePointer|Variable 'note' can be declared as pointer to const,/home/yichen/Desktop/Gemini_Baseline_Results08/logs/F012_cppcheck.log
/home/yichen/Desktop/Gemini_Baseline_Code08/F012.c,cppcheck,True,success,True,0,10,87,style,constVariablePointer,Variable 'name' can be declared as pointer to const,/home/yichen/Desktop/Gemini_Baseline_Code08/F012.c|87|style|constVariablePointer|Variable 'name' can be declared as pointer to const,/home/yichen/Desktop/Gemini_Baseline_Results08/logs/F012_cppcheck.log
/home/yichen/Desktop/Gemini_Baseline_Code08/F012.c,cppcheck,True,success,True,0,10,90,style,constVariablePointer,Variable 'name' can be declared as pointer to const,/home/yichen/Desktop/Gemini_Baseline_Code08/F012.c|90|style|constVariablePointer|Variable 'name' can be declared as pointer to const,/home/yichen/Desktop/Gemini_Baseline_Results08/logs/F012_cppcheck.log
nofile,cppcheck,True,success,True,0,10,0,information,checkersReport,Active checkers: 113/592 (use --checkers-report=<filename> to see details),nofile|0|information|checkersReport|Active checkers: 113/592 (use --checkers-report=<filename> to see details),/home/yichen/Desktop/Gemini_Baseline_Results08/logs/F012_cppcheck.log
/home/yichen/Desktop/Gemini_Baseline_Code08/F013.c,cppcheck,True,success,True,0,12,3,information,missingIncludeSystem,Include file: <stdio.h> not found. Please note: Cppcheck does not need standard library headers to get proper results.,/home/yichen/Desktop/Gemini_Baseline_Code08/F013.c|3|information|missingIncludeSystem|Include file: <stdio.h> not found. Please note: Cppcheck does not need standard library headers to get proper results.,/home/yichen/Desktop/Gemini_Baseline_Results08/logs/F013_cppcheck.log
/home/yichen/Desktop/Gemini_Baseline_Code08/F013.c,cppcheck,True,success,True,0,12,4,information,missingIncludeSystem,Include file: <stdlib.h> not found. Please note: Cppcheck does not need standard library headers to get proper results.,/home/yichen/Desktop/Gemini_Baseline_Code08/F013.c|4|information|missingIncludeSystem|Include file: <stdlib.h> not found. Please note: Cppcheck does not need standard library headers to get proper results.,/home/yichen/Desktop/Gemini_Baseline_Results08/logs/F013_cppcheck.log
/home/yichen/Desktop/Gemini_Baseline_Code08/F013.c,cppcheck,True,success,True,0,12,5,information,missingIncludeSystem,Include file: <string.h> not found. Please note: Cppcheck does not need standard library headers to get proper results.,/home/yichen/Desktop/Gemini_Baseline_Code08/F013.c|5|information|missingIncludeSystem|Include file: <string.h> not found. Please note: Cppcheck does not need standard library headers to get proper results.,/home/yichen/Desktop/Gemini_Baseline_Results08/logs/F013_cppcheck.log
/home/yichen/Desktop/Gemini_Baseline_Code08/F013.c,cppcheck,True,success,True,0,12,36,error,memleakOnRealloc,Common realloc mistake: 'tasks' nulled but not freed upon failure,/home/yichen/Desktop/Gemini_Baseline_Code08/F013.c|36|error|memleakOnRealloc|Common realloc mistake: 'tasks' nulled but not freed upon failure,/home/yichen/Desktop/Gemini_Baseline_Results08/logs/F013_cppcheck.log
/home/yichen/Desktop/Gemini_Baseline_Code08/F013.c,cppcheck,True,success,True,0,12,100,style,constVariablePointer,Variable 'cmd' can be declared as pointer to const,/home/yichen/Desktop/Gemini_Baseline_Code08/F013.c|100|style|constVariablePointer|Variable 'cmd' can be declared as pointer to const,/home/yichen/Desktop/Gemini_Baseline_Results08/logs/F013_cppcheck.log
/home/yichen/Desktop/Gemini_Baseline_Code08/F013.c,cppcheck,True,success,True,0,12,103,style,constVariablePointer,Variable 'title' can be declared as pointer to const,/home/yichen/Desktop/Gemini_Baseline_Code08/F013.c|103|style|constVariablePointer|Variable 'title' can be declared as pointer to const,/home/yichen/Desktop/Gemini_Baseline_Results08/logs/F013_cppcheck.log
/home/yichen/Desktop/Gemini_Baseline_Code08/F013.c,cppcheck,True,success,True,0,12,104,style,constVariablePointer,Variable 'note' can be declared as pointer to const,/home/yichen/Desktop/Gemini_Baseline_Code08/F013.c|104|style|constVariablePointer|Variable 'note' can be declared as pointer to const,/home/yichen/Desktop/Gemini_Baseline_Results08/logs/F013_cppcheck.log
/home/yichen/Desktop/Gemini_Baseline_Code08/F013.c,cppcheck,True,success,True,0,12,107,style,constVariablePointer,Variable 'title' can be declared as pointer to const,/home/yichen/Desktop/Gemini_Baseline_Code08/F013.c|107|style|constVariablePointer|Variable 'title' can be declared as pointer to const,/home/yichen/Desktop/Gemini_Baseline_Results08/logs/F013_cppcheck.log
/home/yichen/Desktop/Gemini_Baseline_Code08/F013.c,cppcheck,True,success,True,0,12,110,style,constVariablePointer,Variable 'title' can be declared as pointer to const,/home/yichen/Desktop/Gemini_Baseline_Code08/F013.c|110|style|constVariablePointer|Variable 'title' can be declared as pointer to const,/home/yichen/Desktop/Gemini_Baseline_Results08/logs/F013_cppcheck.log
/home/yichen/Desktop/Gemini_Baseline_Code08/F013.c,cppcheck,True,success,True,0,12,113,style,constVariablePointer,Variable 'title' can be declared as pointer to const,/home/yichen/Desktop/Gemini_Baseline_Code08/F013.c|113|style|constVariablePointer|Variable 'title' can be declared as pointer to const,/home/yichen/Desktop/Gemini_Baseline_Results08/logs/F013_cppcheck.log
/home/yichen/Desktop/Gemini_Baseline_Code08/F013.c,cppcheck,True,success,True,0,12,116,style,constVariablePointer,Variable 'title' can be declared as pointer to const,/home/yichen/Desktop/Gemini_Baseline_Code08/F013.c|116|style|constVariablePointer|Variable 'title' can be declared as pointer to const,/home/yichen/Desktop/Gemini_Baseline_Results08/logs/F013_cppcheck.log
nofile,cppcheck,True,success,True,0,12,0,information,checkersReport,Active checkers: 113/592 (use --checkers-report=<filename> to see details),nofile|0|information|checkersReport|Active checkers: 113/592 (use --checkers-report=<filename> to see details),/home/yichen/Desktop/Gemini_Baseline_Results08/logs/F013_cppcheck.log
/home/yichen/Desktop/Gemini_Baseline_Code08/F014.c,cppcheck,True,success,True,0,14,3,information,missingIncludeSystem,Include file: <stdio.h> not found. Please note: Cppcheck does not need standard library headers to get proper results.,/home/yichen/Desktop/Gemini_Baseline_Code08/F014.c|3|information|missingIncludeSystem|Include file: <stdio.h> not found. Please note: Cppcheck does not need standard library headers to get proper results.,/home/yichen/Desktop/Gemini_Baseline_Results08/logs/F014_cppcheck.log
/home/yichen/Desktop/Gemini_Baseline_Code08/F014.c,cppcheck,True,success,True,0,14,4,information,missingIncludeSystem,Include file: <stdlib.h> not found. Please note: Cppcheck does not need standard library headers to get proper results.,/home/yichen/Desktop/Gemini_Baseline_Code08/F014.c|4|information|missingIncludeSystem|Include file: <stdlib.h> not found. Please note: Cppcheck does not need standard library headers to get proper results.,/home/yichen/Desktop/Gemini_Baseline_Results08/logs/F014_cppcheck.log
/home/yichen/Desktop/Gemini_Baseline_Code08/F014.c,cppcheck,True,success,True,0,14,5,information,missingIncludeSystem,Include file: <string.h> not found. Please note: Cppcheck does not need standard library headers to get proper results.,/home/yichen/Desktop/Gemini_Baseline_Code08/F014.c|5|information|missingIncludeSystem|Include file: <string.h> not found. Please note: Cppcheck does not need standard library headers to get proper results.,/home/yichen/Desktop/Gemini_Baseline_Results08/logs/F014_cppcheck.log
/home/yichen/Desktop/Gemini_Baseline_Code08/F014.c,cppcheck,True,success,True,0,14,37,error,memleakOnRealloc,Common realloc mistake: 'items' nulled but not freed upon failure,/home/yichen/Desktop/Gemini_Baseline_Code08/F014.c|37|error|memleakOnRealloc|Common realloc mistake: 'items' nulled but not freed upon failure,/home/yichen/Desktop/Gemini_Baseline_Results08/logs/F014_cppcheck.log
/home/yichen/Desktop/Gemini_Baseline_Code08/F014.c,cppcheck,True,success,True,0,14,125,style,constVariablePointer,Variable 'cmd' can be declared as pointer to const,/home/yichen/Desktop/Gemini_Baseline_Code08/F014.c|125|style|constVariablePointer|Variable 'cmd' can be declared as pointer to const,/home/yichen/Desktop/Gemini_Baseline_Results08/logs/F014_cppcheck.log
/home/yichen/Desktop/Gemini_Baseline_Code08/F014.c,cppcheck,True,success,True,0,14,128,style,constVariablePointer,Variable 'name' can be declared as pointer to const,/home/yichen/Desktop/Gemini_Baseline_Code08/F014.c|128|style|constVariablePointer|Variable 'name' can be declared as pointer to const,/home/yichen/Desktop/Gemini_Baseline_Results08/logs/F014_cppcheck.log
/home/yichen/Desktop/Gemini_Baseline_Code08/F014.c,cppcheck,True,success,True,0,14,129,style,constVariablePointer,Variable 'note' can be declared as pointer to const,/home/yichen/Desktop/Gemini_Baseline_Code08/F014.c|129|style|constVariablePointer|Variable 'note' can be declared as pointer to const,/home/yichen/Desktop/Gemini_Baseline_Results08/logs/F014_cppcheck.log
/home/yichen/Desktop/Gemini_Baseline_Code08/F014.c,cppcheck,True,success,True,0,14,132,style,constVariablePointer,Variable 'name' can be declared as pointer to const,/home/yichen/Desktop/Gemini_Baseline_Code08/F014.c|132|style|constVariablePointer|Variable 'name' can be declared as pointer to const,/home/yichen/Desktop/Gemini_Baseline_Results08/logs/F014_cppcheck.log
/home/yichen/Desktop/Gemini_Baseline_Code08/F014.c,cppcheck,True,success,True,0,14,133,style,constVariablePointer,Variable 'label' can be declared as pointer to const,/home/yichen/Desktop/Gemini_Baseline_Code08/F014.c|133|style|constVariablePointer|Variable 'label' can be declared as pointer to const,/home/yichen/Desktop/Gemini_Baseline_Results08/logs/F014_cppcheck.log
/home/yichen/Desktop/Gemini_Baseline_Code08/F014.c,cppcheck,True,success,True,0,14,136,style,constVariablePointer,Variable 'name' can be declared as pointer to const,/home/yichen/Desktop/Gemini_Baseline_Code08/F014.c|136|style|constVariablePointer|Variable 'name' can be declared as pointer to const,/home/yichen/Desktop/Gemini_Baseline_Results08/logs/F014_cppcheck.log
/home/yichen/Desktop/Gemini_Baseline_Code08/F014.c,cppcheck,True,success,True,0,14,137,style,constVariablePointer,Variable 'label' can be declared as pointer to const,/home/yichen/Desktop/Gemini_Baseline_Code08/F014.c|137|style|constVariablePointer|Variable 'label' can be declared as pointer to const,/home/yichen/Desktop/Gemini_Baseline_Results08/logs/F014_cppcheck.log
/home/yichen/Desktop/Gemini_Baseline_Code08/F014.c,cppcheck,True,success,True,0,14,140,style,constVariablePointer,Variable 'name' can be declared as pointer to const,/home/yichen/Desktop/Gemini_Baseline_Code08/F014.c|140|style|constVariablePointer|Variable 'name' can be declared as pointer to const,/home/yichen/Desktop/Gemini_Baseline_Results08/logs/F014_cppcheck.log
/home/yichen/Desktop/Gemini_Baseline_Code08/F014.c,cppcheck,True,success,True,0,14,143,style,constVariablePointer,Variable 'name' can be declared as pointer to const,/home/yichen/Desktop/Gemini_Baseline_Code08/F014.c|143|style|constVariablePointer|Variable 'name' can be declared as pointer to const,/home/yichen/Desktop/Gemini_Baseline_Results08/logs/F014_cppcheck.log
nofile,cppcheck,True,success,True,0,14,0,information,checkersReport,Active checkers: 113/592 (use --checkers-report=<filename> to see details),nofile|0|information|checkersReport|Active checkers: 113/592 (use --checkers-report=<filename> to see details),/home/yichen/Desktop/Gemini_Baseline_Results08/logs/F014_cppcheck.log
/home/yichen/Desktop/Gemini_Baseline_Code08/F015.c,cppcheck,True,success,True,0,17,3,information,missingIncludeSystem,Include file: <stdio.h> not found. Please note: Cppcheck does not need standard library headers to get proper results.,/home/yichen/Desktop/Gemini_Baseline_Code08/F015.c|3|information|missingIncludeSystem|Include file: <stdio.h> not found. Please note: Cppcheck does not need standard library headers to get proper results.,/home/yichen/Desktop/Gemini_Baseline_Results08/logs/F015_cppcheck.log
/home/yichen/Desktop/Gemini_Baseline_Code08/F015.c,cppcheck,True,success,True,0,17,4,information,missingIncludeSystem,Include file: <stdlib.h> not found. Please note: Cppcheck does not need standard library headers to get proper results.,/home/yichen/Desktop/Gemini_Baseline_Code08/F015.c|4|information|missingIncludeSystem|Include file: <stdlib.h> not found. Please note: Cppcheck does not need standard library headers to get proper results.,/home/yichen/Desktop/Gemini_Baseline_Results08/logs/F015_cppcheck.log
/home/yichen/Desktop/Gemini_Baseline_Code08/F015.c,cppcheck,True,success,True,0,17,5,information,missingIncludeSystem,Include file: <string.h> not found. Please note: Cppcheck does not need standard library headers to get proper results.,/home/yichen/Desktop/Gemini_Baseline_Code08/F015.c|5|information|missingIncludeSystem|Include file: <string.h> not found. Please note: Cppcheck does not need standard library headers to get proper results.,/home/yichen/Desktop/Gemini_Baseline_Results08/logs/F015_cppcheck.log
/home/yichen/Desktop/Gemini_Baseline_Code08/F015.c,cppcheck,True,success,True,0,17,38,error,memleakOnRealloc,Common realloc mistake: 'contacts' nulled but not freed upon failure,/home/yichen/Desktop/Gemini_Baseline_Code08/F015.c|38|error|memleakOnRealloc|Common realloc mistake: 'contacts' nulled but not freed upon failure,/home/yichen/Desktop/Gemini_Baseline_Results08/logs/F015_cppcheck.log
/home/yichen/Desktop/Gemini_Baseline_Code08/F015.c,cppcheck,True,success,True,0,17,59,style,constVariablePointer,Variable 'nK' can be declared as pointer to const,/home/yichen/Desktop/Gemini_Baseline_Code08/F015.c|59|style|constVariablePointer|Variable 'nK' can be declared as pointer to const,/home/yichen/Desktop/Gemini_Baseline_Results08/logs/F015_cppcheck.log
/home/yichen/Desktop/Gemini_Baseline_Code08/F015.c,cppcheck,True,success,True,0,17,60,style,constVariablePointer,Variable 'nR' can be declared as pointer to const,/home/yichen/Desktop/Gemini_Baseline_Code08/F015.c|60|style|constVariablePointer|Variable 'nR' can be declared as pointer to const,/home/yichen/Desktop/Gemini_Baseline_Results08/logs/F015_cppcheck.log
/home/yichen/Desktop/Gemini_Baseline_Code08/F015.c,cppcheck,True,success,True,0,17,126,style,constVariablePointer,Variable 'cmd' can be declared as pointer to const,/home/yichen/Desktop/Gemini_Baseline_Code08/F015.c|126|style|constVariablePointer|Variable 'cmd' can be declared as pointer to const,/home/yichen/Desktop/Gemini_Baseline_Results08/logs/F015_cppcheck.log
/home/yichen/Desktop/Gemini_Baseline_Code08/F015.c,cppcheck,True,success,True,0,17,129,style,constVariablePointer,Variable 'name' can be declared as pointer to const,/home/yichen/Desktop/Gemini_Baseline_Code08/F015.c|129|style|constVariablePointer|Variable 'name' can be declared as pointer to const,/home/yichen/Desktop/Gemini_Baseline_Results08/logs/F015_cppcheck.log
/home/yichen/Desktop/Gemini_Baseline_Code08/F015.c,cppcheck,True,success,True,0,17,130,style,constVariablePointer,Variable 'email' can be declared as pointer to const,/home/yichen/Desktop/Gemini_Baseline_Code08/F015.c|130|style|constVariablePointer|Variable 'email' can be declared as pointer to const,/home/yichen/Desktop/Gemini_Baseline_Results08/logs/F015_cppcheck.log
/home/yichen/Desktop/Gemini_Baseline_Code08/F015.c,cppcheck,True,success,True,0,17,131,style,constVariablePointer,Variable 'phone' can be declared as pointer to const,/home/yichen/Desktop/Gemini_Baseline_Code08/F015.c|131|style|constVariablePointer|Variable 'phone' can be declared as pointer to const,/home/yichen/Desktop/Gemini_Baseline_Results08/logs/F015_cppcheck.log
/home/yichen/Desktop/Gemini_Baseline_Code08/F015.c,cppcheck,True,success,True,0,17,134,style,constVariablePointer,Variable 'name' can be declared as pointer to const,/home/yichen/Desktop/Gemini_Baseline_Code08/F015.c|134|style|constVariablePointer|Variable 'name' can be declared as pointer to const,/home/yichen/Desktop/Gemini_Baseline_Results08/logs/F015_cppcheck.log
/home/yichen/Desktop/Gemini_Baseline_Code08/F015.c,cppcheck,True,success,True,0,17,135,style,constVariablePointer,Variable 'text' can be declared as pointer to const,/home/yichen/Desktop/Gemini_Baseline_Code08/F015.c|135|style|constVariablePointer|Variable 'text' can be declared as pointer to const,/home/yichen/Desktop/Gemini_Baseline_Results08/logs/F015_cppcheck.log
/home/yichen/Desktop/Gemini_Baseline_Code08/F015.c,cppcheck,True,success,True,0,17,138,style,constVariablePointer,Variable 'keep' can be declared as pointer to const,/home/yichen/Desktop/Gemini_Baseline_Code08/F015.c|138|style|constVariablePointer|Variable 'keep' can be declared as pointer to const,/home/yichen/Desktop/Gemini_Baseline_Results08/logs/F015_cppcheck.log
/home/yichen/Desktop/Gemini_Baseline_Code08/F015.c,cppcheck,True,success,True,0,17,139,style,constVariablePointer,Variable 'remove' can be declared as pointer to const,/home/yichen/Desktop/Gemini_Baseline_Code08/F015.c|139|style|constVariablePointer|Variable 'remove' can be declared as pointer to const,/home/yichen/Desktop/Gemini_Baseline_Results08/logs/F015_cppcheck.log
/home/yichen/Desktop/Gemini_Baseline_Code08/F015.c,cppcheck,True,success,True,0,17,142,style,constVariablePointer,Variable 'name' can be declared as pointer to const,/home/yichen/Desktop/Gemini_Baseline_Code08/F015.c|142|style|constVariablePointer|Variable 'name' can be declared as pointer to const,/home/yichen/Desktop/Gemini_Baseline_Results08/logs/F015_cppcheck.log
/home/yichen/Desktop/Gemini_Baseline_Code08/F015.c,cppcheck,True,success,True,0,17,145,style,constVariablePointer,Variable 'name' can be declared as pointer to const,/home/yichen/Desktop/Gemini_Baseline_Code08/F015.c|145|style|constVariablePointer|Variable 'name' can be declared as pointer to const,/home/yichen/Desktop/Gemini_Baseline_Results08/logs/F015_cppcheck.log
nofile,cppcheck,True,success,True,0,17,0,information,checkersReport,Active checkers: 113/592 (use --checkers-report=<filename> to see details),nofile|0|information|checkersReport|Active checkers: 113/592 (use --checkers-report=<filename> to see details),/home/yichen/Desktop/Gemini_Baseline_Results08/logs/F015_cppcheck.log
/home/yichen/Desktop/Gemini_Baseline_Code08/F016.c,cppcheck,True,success,True,0,13,3,information,missingIncludeSystem,Include file: <stdio.h> not found. Please note: Cppcheck does not need standard library headers to get proper results.,/home/yichen/Desktop/Gemini_Baseline_Code08/F016.c|3|information|missingIncludeSystem|Include file: <stdio.h> not found. Please note: Cppcheck does not need standard library headers to get proper results.,/home/yichen/Desktop/Gemini_Baseline_Results08/logs/F016_cppcheck.log
/home/yichen/Desktop/Gemini_Baseline_Code08/F016.c,cppcheck,True,success,True,0,13,4,information,missingIncludeSystem,Include file: <stdlib.h> not found. Please note: Cppcheck does not need standard library headers to get proper results.,/home/yichen/Desktop/Gemini_Baseline_Code08/F016.c|4|information|missingIncludeSystem|Include file: <stdlib.h> not found. Please note: Cppcheck does not need standard library headers to get proper results.,/home/yichen/Desktop/Gemini_Baseline_Results08/logs/F016_cppcheck.log
/home/yichen/Desktop/Gemini_Baseline_Code08/F016.c,cppcheck,True,success,True,0,13,5,information,missingIncludeSystem,Include file: <string.h> not found. Please note: Cppcheck does not need standard library headers to get proper results.,/home/yichen/Desktop/Gemini_Baseline_Code08/F016.c|5|information|missingIncludeSystem|Include file: <string.h> not found. Please note: Cppcheck does not need standard library headers to get proper results.,/home/yichen/Desktop/Gemini_Baseline_Results08/logs/F016_cppcheck.log
/home/yichen/Desktop/Gemini_Baseline_Code08/F016.c,cppcheck,True,success,True,0,13,25,error,memleakOnRealloc,Common realloc mistake: 'contacts' nulled but not freed upon failure,/home/yichen/Desktop/Gemini_Baseline_Code08/F016.c|25|error|memleakOnRealloc|Common realloc mistake: 'contacts' nulled but not freed upon failure,/home/yichen/Desktop/Gemini_Baseline_Results08/logs/F016_cppcheck.log
/home/yichen/Desktop/Gemini_Baseline_Code08/F016.c,cppcheck,True,success,True,0,13,19,style,constVariablePointer,Variable 'name' can be declared as pointer to const,/home/yichen/Desktop/Gemini_Baseline_Code08/F016.c|19|style|constVariablePointer|Variable 'name' can be declared as pointer to const,/home/yichen/Desktop/Gemini_Baseline_Results08/logs/F016_cppcheck.log
/home/yichen/Desktop/Gemini_Baseline_Code08/F016.c,cppcheck,True,success,True,0,13,20,style,constVariablePointer,Variable 'email' can be declared as pointer to const,/home/yichen/Desktop/Gemini_Baseline_Code08/F016.c|20|style|constVariablePointer|Variable 'email' can be declared as pointer to const,/home/yichen/Desktop/Gemini_Baseline_Results08/logs/F016_cppcheck.log
/home/yichen/Desktop/Gemini_Baseline_Code08/F016.c,cppcheck,True,success,True,0,13,21,style,constVariablePointer,Variable 'phone' can be declared as pointer to const,/home/yichen/Desktop/Gemini_Baseline_Code08/F016.c|21|style|constVariablePointer|Variable 'phone' can be declared as pointer to const,/home/yichen/Desktop/Gemini_Baseline_Results08/logs/F016_cppcheck.log
/home/yichen/Desktop/Gemini_Baseline_Code08/F016.c,cppcheck,True,success,True,0,13,64,style,constParameter,Parameter 'argv' can be declared as const array,/home/yichen/Desktop/Gemini_Baseline_Code08/F016.c|64|style|constParameter|Parameter 'argv' can be declared as const array,/home/yichen/Desktop/Gemini_Baseline_Results08/logs/F016_cppcheck.log
/home/yichen/Desktop/Gemini_Baseline_Code08/F016.c,cppcheck,True,success,True,0,13,91,style,constVariablePointer,Variable 'cmd' can be declared as pointer to const,/home/yichen/Desktop/Gemini_Baseline_Code08/F016.c|91|style|constVariablePointer|Variable 'cmd' can be declared as pointer to const,/home/yichen/Desktop/Gemini_Baseline_Results08/logs/F016_cppcheck.log
/home/yichen/Desktop/Gemini_Baseline_Code08/F016.c,cppcheck,True,success,True,0,13,94,style,constVariablePointer,Variable 'arg' can be declared as pointer to const,/home/yichen/Desktop/Gemini_Baseline_Code08/F016.c|94|style|constVariablePointer|Variable 'arg' can be declared as pointer to const,/home/yichen/Desktop/Gemini_Baseline_Results08/logs/F016_cppcheck.log
/home/yichen/Desktop/Gemini_Baseline_Code08/F016.c,cppcheck,True,success,True,0,13,97,style,constVariablePointer,Variable 'name' can be declared as pointer to const,/home/yichen/Desktop/Gemini_Baseline_Code08/F016.c|97|style|constVariablePointer|Variable 'name' can be declared as pointer to const,/home/yichen/Desktop/Gemini_Baseline_Results08/logs/F016_cppcheck.log
/home/yichen/Desktop/Gemini_Baseline_Code08/F016.c,cppcheck,True,success,True,0,13,100,style,constVariablePointer,Variable 'name' can be declared as pointer to const,/home/yichen/Desktop/Gemini_Baseline_Code08/F016.c|100|style|constVariablePointer|Variable 'name' can be declared as pointer to const,/home/yichen/Desktop/Gemini_Baseline_Results08/logs/F016_cppcheck.log
nofile,cppcheck,True,success,True,0,13,0,information,checkersReport,Active checkers: 113/592 (use --checkers-report=<filename> to see details),nofile|0|information|checkersReport|Active checkers: 113/592 (use --checkers-report=<filename> to see details),/home/yichen/Desktop/Gemini_Baseline_Results08/logs/F016_cppcheck.log
/home/yichen/Desktop/Gemini_Baseline_Code08/F017.c,cppcheck,True,success,True,0,11,3,information,missingIncludeSystem,Include file: <stdio.h> not found. Please note: Cppcheck does not need standard library headers to get proper results.,/home/yichen/Desktop/Gemini_Baseline_Code08/F017.c|3|information|missingIncludeSystem|Include file: <stdio.h> not found. Please note: Cppcheck does not need standard library headers to get proper results.,/home/yichen/Desktop/Gemini_Baseline_Results08/logs/F017_cppcheck.log
/home/yichen/Desktop/Gemini_Baseline_Code08/F017.c,cppcheck,True,success,True,0,11,4,information,missingIncludeSystem,Include file: <stdlib.h> not found. Please note: Cppcheck does not need standard library headers to get proper results.,/home/yichen/Desktop/Gemini_Baseline_Code08/F017.c|4|information|missingIncludeSystem|Include file: <stdlib.h> not found. Please note: Cppcheck does not need standard library headers to get proper results.,/home/yichen/Desktop/Gemini_Baseline_Results08/logs/F017_cppcheck.log
/home/yichen/Desktop/Gemini_Baseline_Code08/F017.c,cppcheck,True,success,True,0,11,5,information,missingIncludeSystem,Include file: <string.h> not found. Please note: Cppcheck does not need standard library headers to get proper results.,/home/yichen/Desktop/Gemini_Baseline_Code08/F017.c|5|information|missingIncludeSystem|Include file: <string.h> not found. Please note: Cppcheck does not need standard library headers to get proper results.,/home/yichen/Desktop/Gemini_Baseline_Results08/logs/F017_cppcheck.log
/home/yichen/Desktop/Gemini_Baseline_Code08/F017.c,cppcheck,True,success,True,0,11,34,error,memleakOnRealloc,Common realloc mistake: 'config' nulled but not freed upon failure,/home/yichen/Desktop/Gemini_Baseline_Code08/F017.c|34|error|memleakOnRealloc|Common realloc mistake: 'config' nulled but not freed upon failure,/home/yichen/Desktop/Gemini_Baseline_Results08/logs/F017_cppcheck.log
/home/yichen/Desktop/Gemini_Baseline_Code08/F017.c,cppcheck,True,success,True,0,11,66,style,constParameter,Parameter 'argv' can be declared as const array,/home/yichen/Desktop/Gemini_Baseline_Code08/F017.c|66|style|constParameter|Parameter 'argv' can be declared as const array,/home/yichen/Desktop/Gemini_Baseline_Results08/logs/F017_cppcheck.log
/home/yichen/Desktop/Gemini_Baseline_Code08/F017.c,cppcheck,True,success,True,0,11,97,style,constVariablePointer,Variable 'cmd' can be declared as pointer to const,/home/yichen/Desktop/Gemini_Baseline_Code08/F017.c|97|style|constVariablePointer|Variable 'cmd' can be declared as pointer to const,/home/yichen/Desktop/Gemini_Baseline_Results08/logs/F017_cppcheck.log
/home/yichen/Desktop/Gemini_Baseline_Code08/F017.c,cppcheck,True,success,True,0,11,100,style,constVariablePointer,Variable 'key' can be declared as pointer to const,/home/yichen/Desktop/Gemini_Baseline_Code08/F017.c|100|style|constVariablePointer|Variable 'key' can be declared as pointer to const,/home/yichen/Desktop/Gemini_Baseline_Results08/logs/F017_cppcheck.log
/home/yichen/Desktop/Gemini_Baseline_Code08/F017.c,cppcheck,True,success,True,0,11,101,style,constVariablePointer,Variable 'value' can be declared as pointer to const,/home/yichen/Desktop/Gemini_Baseline_Code08/F017.c|101|style|constVariablePointer|Variable 'value' can be declared as pointer to const,/home/yichen/Desktop/Gemini_Baseline_Results08/logs/F017_cppcheck.log
/home/yichen/Desktop/Gemini_Baseline_Code08/F017.c,cppcheck,True,success,True,0,11,104,style,constVariablePointer,Variable 'key' can be declared as pointer to const,/home/yichen/Desktop/Gemini_Baseline_Code08/F017.c|104|style|constVariablePointer|Variable 'key' can be declared as pointer to const,/home/yichen/Desktop/Gemini_Baseline_Results08/logs/F017_cppcheck.log
/home/yichen/Desktop/Gemini_Baseline_Code08/F017.c,cppcheck,True,success,True,0,11,107,style,constVariablePointer,Variable 'key' can be declared as pointer to const,/home/yichen/Desktop/Gemini_Baseline_Code08/F017.c|107|style|constVariablePointer|Variable 'key' can be declared as pointer to const,/home/yichen/Desktop/Gemini_Baseline_Results08/logs/F017_cppcheck.log
nofile,cppcheck,True,success,True,0,11,0,information,checkersReport,Active checkers: 113/592 (use --checkers-report=<filename> to see details),nofile|0|information|checkersReport|Active checkers: 113/592 (use --checkers-report=<filename> to see details),/home/yichen/Desktop/Gemini_Baseline_Results08/logs/F017_cppcheck.log
/home/yichen/Desktop/Gemini_Baseline_Code08/F018.c,cppcheck,True,success,True,0,10,3,information,missingIncludeSystem,Include file: <stdio.h> not found. Please note: Cppcheck does not need standard library headers to get proper results.,/home/yichen/Desktop/Gemini_Baseline_Code08/F018.c|3|information|missingIncludeSystem|Include file: <stdio.h> not found. Please note: Cppcheck does not need standard library headers to get proper results.,/home/yichen/Desktop/Gemini_Baseline_Results08/logs/F018_cppcheck.log
/home/yichen/Desktop/Gemini_Baseline_Code08/F018.c,cppcheck,True,success,True,0,10,4,information,missingIncludeSystem,Include file: <stdlib.h> not found. Please note: Cppcheck does not need standard library headers to get proper results.,/home/yichen/Desktop/Gemini_Baseline_Code08/F018.c|4|information|missingIncludeSystem|Include file: <stdlib.h> not found. Please note: Cppcheck does not need standard library headers to get proper results.,/home/yichen/Desktop/Gemini_Baseline_Results08/logs/F018_cppcheck.log
/home/yichen/Desktop/Gemini_Baseline_Code08/F018.c,cppcheck,True,success,True,0,10,5,information,missingIncludeSystem,Include file: <string.h> not found. Please note: Cppcheck does not need standard library headers to get proper results.,/home/yichen/Desktop/Gemini_Baseline_Code08/F018.c|5|information|missingIncludeSystem|Include file: <string.h> not found. Please note: Cppcheck does not need standard library headers to get proper results.,/home/yichen/Desktop/Gemini_Baseline_Results08/logs/F018_cppcheck.log
/home/yichen/Desktop/Gemini_Baseline_Code08/F018.c,cppcheck,True,success,True,0,10,33,error,memleakOnRealloc,Common realloc mistake: 'freq_table' nulled but not freed upon failure,/home/yichen/Desktop/Gemini_Baseline_Code08/F018.c|33|error|memleakOnRealloc|Common realloc mistake: 'freq_table' nulled but not freed upon failure,/home/yichen/Desktop/Gemini_Baseline_Results08/logs/F018_cppcheck.log
/home/yichen/Desktop/Gemini_Baseline_Code08/F018.c,cppcheck,True,success,True,0,10,76,style,constParameter,Parameter 'argv' can be declared as const array,/home/yichen/Desktop/Gemini_Baseline_Code08/F018.c|76|style|constParameter|Parameter 'argv' can be declared as const array,/home/yichen/Desktop/Gemini_Baseline_Results08/logs/F018_cppcheck.log
/home/yichen/Desktop/Gemini_Baseline_Code08/F018.c,cppcheck,True,success,True,0,10,105,style,constVariablePointer,Variable 'cmd' can be declared as pointer to const,/home/yichen/Desktop/Gemini_Baseline_Code08/F018.c|105|style|constVariablePointer|Variable 'cmd' can be declared as pointer to const,/home/yichen/Desktop/Gemini_Baseline_Results08/logs/F018_cppcheck.log
/home/yichen/Desktop/Gemini_Baseline_Code08/F018.c,cppcheck,True,success,True,0,10,108,style,constVariablePointer,Variable 'w' can be declared as pointer to const,/home/yichen/Desktop/Gemini_Baseline_Code08/F018.c|108|style|constVariablePointer|Variable 'w' can be declared as pointer to const,/home/yichen/Desktop/Gemini_Baseline_Results08/logs/F018_cppcheck.log
/home/yichen/Desktop/Gemini_Baseline_Code08/F018.c,cppcheck,True,success,True,0,10,111,style,constVariablePointer,Variable 'w' can be declared as pointer to const,/home/yichen/Desktop/Gemini_Baseline_Code08/F018.c|111|style|constVariablePointer|Variable 'w' can be declared as pointer to const,/home/yichen/Desktop/Gemini_Baseline_Results08/logs/F018_cppcheck.log
/home/yichen/Desktop/Gemini_Baseline_Code08/F018.c,cppcheck,True,success,True,0,10,114,style,constVariablePointer,Variable 'w' can be declared as pointer to const,/home/yichen/Desktop/Gemini_Baseline_Code08/F018.c|114|style|constVariablePointer|Variable 'w' can be declared as pointer to const,/home/yichen/Desktop/Gemini_Baseline_Results08/logs/F018_cppcheck.log
nofile,cppcheck,True,success,True,0,10,0,information,checkersReport,Active checkers: 113/592 (use --checkers-report=<filename> to see details),nofile|0|information|checkersReport|Active checkers: 113/592 (use --checkers-report=<filename> to see details),/home/yichen/Desktop/Gemini_Baseline_Results08/logs/F018_cppcheck.log
/home/yichen/Desktop/Gemini_Baseline_Code08/F019.c,cppcheck,True,success,True,0,13,3,information,missingIncludeSystem,Include file: <stdio.h> not found. Please note: Cppcheck does not need standard library headers to get proper results.,/home/yichen/Desktop/Gemini_Baseline_Code08/F019.c|3|information|missingIncludeSystem|Include file: <stdio.h> not found. Please note: Cppcheck does not need standard library headers to get proper results.,/home/yichen/Desktop/Gemini_Baseline_Results08/logs/F019_cppcheck.log
/home/yichen/Desktop/Gemini_Baseline_Code08/F019.c,cppcheck,True,success,True,0,13,4,information,missingIncludeSystem,Include file: <stdlib.h> not found. Please note: Cppcheck does not need standard library headers to get proper results.,/home/yichen/Desktop/Gemini_Baseline_Code08/F019.c|4|information|missingIncludeSystem|Include file: <stdlib.h> not found. Please note: Cppcheck does not need standard library headers to get proper results.,/home/yichen/Desktop/Gemini_Baseline_Results08/logs/F019_cppcheck.log
/home/yichen/Desktop/Gemini_Baseline_Code08/F019.c,cppcheck,True,success,True,0,13,5,information,missingIncludeSystem,Include file: <string.h> not found. Please note: Cppcheck does not need standard library headers to get proper results.,/home/yichen/Desktop/Gemini_Baseline_Code08/F019.c|5|information|missingIncludeSystem|Include file: <string.h> not found. Please note: Cppcheck does not need standard library headers to get proper results.,/home/yichen/Desktop/Gemini_Baseline_Results08/logs/F019_cppcheck.log
/home/yichen/Desktop/Gemini_Baseline_Code08/F019.c,cppcheck,True,success,True,0,13,20,error,memleakOnRealloc,Common realloc mistake: 'journal' nulled but not freed upon failure,/home/yichen/Desktop/Gemini_Baseline_Code08/F019.c|20|error|memleakOnRealloc|Common realloc mistake: 'journal' nulled but not freed upon failure,/home/yichen/Desktop/Gemini_Baseline_Results08/logs/F019_cppcheck.log
/home/yichen/Desktop/Gemini_Baseline_Code08/F019.c,cppcheck,True,success,True,0,13,44,style,constParameter,Parameter 'argv' can be declared as const array,/home/yichen/Desktop/Gemini_Baseline_Code08/F019.c|44|style|constParameter|Parameter 'argv' can be declared as const array,/home/yichen/Desktop/Gemini_Baseline_Results08/logs/F019_cppcheck.log
/home/yichen/Desktop/Gemini_Baseline_Code08/F019.c,cppcheck,True,success,True,0,13,66,style,constVariablePointer,Variable 'cmd' can be declared as pointer to const,/home/yichen/Desktop/Gemini_Baseline_Code08/F019.c|66|style|constVariablePointer|Variable 'cmd' can be declared as pointer to const,/home/yichen/Desktop/Gemini_Baseline_Results08/logs/F019_cppcheck.log
/home/yichen/Desktop/Gemini_Baseline_Code08/F019.c,cppcheck,True,success,True,0,13,69,style,constVariablePointer,Variable 'acc' can be declared as pointer to const,/home/yichen/Desktop/Gemini_Baseline_Code08/F019.c|69|style|constVariablePointer|Variable 'acc' can be declared as pointer to const,/home/yichen/Desktop/Gemini_Baseline_Results08/logs/F019_cppcheck.log
/home/yichen/Desktop/Gemini_Baseline_Code08/F019.c,cppcheck,True,success,True,0,13,70,style,constVariablePointer,Variable 'amt_s' can be declared as pointer to const,/home/yichen/Desktop/Gemini_Baseline_Code08/F019.c|70|style|constVariablePointer|Variable 'amt_s' can be declared as pointer to const,/home/yichen/Desktop/Gemini_Baseline_Results08/logs/F019_cppcheck.log
/home/yichen/Desktop/Gemini_Baseline_Code08/F019.c,cppcheck,True,success,True,0,13,71,style,constVariablePointer,Variable 'memo' can be declared as pointer to const,/home/yichen/Desktop/Gemini_Baseline_Code08/F019.c|71|style|constVariablePointer|Variable 'memo' can be declared as pointer to const,/home/yichen/Desktop/Gemini_Baseline_Results08/logs/F019_cppcheck.log
/home/yichen/Desktop/Gemini_Baseline_Code08/F019.c,cppcheck,True,success,True,0,13,80,style,constVariablePointer,Variable 'acc' can be declared as pointer to const,/home/yichen/Desktop/Gemini_Baseline_Code08/F019.c|80|style|constVariablePointer|Variable 'acc' can be declared as pointer to const,/home/yichen/Desktop/Gemini_Baseline_Results08/logs/F019_cppcheck.log
/home/yichen/Desktop/Gemini_Baseline_Code08/F019.c,cppcheck,True,success,True,0,13,81,style,constVariablePointer,Variable 'amt_s' can be declared as pointer to const,/home/yichen/Desktop/Gemini_Baseline_Code08/F019.c|81|style|constVariablePointer|Variable 'amt_s' can be declared as pointer to const,/home/yichen/Desktop/Gemini_Baseline_Results08/logs/F019_cppcheck.log
/home/yichen/Desktop/Gemini_Baseline_Code08/F019.c,cppcheck,True,success,True,0,13,90,style,constVariablePointer,Variable 'acc' can be declared as pointer to const,/home/yichen/Desktop/Gemini_Baseline_Code08/F019.c|90|style|constVariablePointer|Variable 'acc' can be declared as pointer to const,/home/yichen/Desktop/Gemini_Baseline_Results08/logs/F019_cppcheck.log
nofile,cppcheck,True,success,True,0,13,0,information,checkersReport,Active checkers: 113/592 (use --checkers-report=<filename> to see details),nofile|0|information|checkersReport|Active checkers: 113/592 (use --checkers-report=<filename> to see details),/home/yichen/Desktop/Gemini_Baseline_Results08/logs/F019_cppcheck.log
/home/yichen/Desktop/Gemini_Baseline_Code08/F020.c,cppcheck,True,success,True,0,10,3,information,missingIncludeSystem,Include file: <stdio.h> not found. Please note: Cppcheck does not need standard library headers to get proper results.,/home/yichen/Desktop/Gemini_Baseline_Code08/F020.c|3|information|missingIncludeSystem|Include file: <stdio.h> not found. Please note: Cppcheck does not need standard library headers to get proper results.,/home/yichen/Desktop/Gemini_Baseline_Results08/logs/F020_cppcheck.log
/home/yichen/Desktop/Gemini_Baseline_Code08/F020.c,cppcheck,True,success,True,0,10,4,information,missingIncludeSystem,Include file: <stdlib.h> not found. Please note: Cppcheck does not need standard library headers to get proper results.,/home/yichen/Desktop/Gemini_Baseline_Code08/F020.c|4|information|missingIncludeSystem|Include file: <stdlib.h> not found. Please note: Cppcheck does not need standard library headers to get proper results.,/home/yichen/Desktop/Gemini_Baseline_Results08/logs/F020_cppcheck.log
/home/yichen/Desktop/Gemini_Baseline_Code08/F020.c,cppcheck,True,success,True,0,10,5,information,missingIncludeSystem,Include file: <string.h> not found. Please note: Cppcheck does not need standard library headers to get proper results.,/home/yichen/Desktop/Gemini_Baseline_Code08/F020.c|5|information|missingIncludeSystem|Include file: <string.h> not found. Please note: Cppcheck does not need standard library headers to get proper results.,/home/yichen/Desktop/Gemini_Baseline_Results08/logs/F020_cppcheck.log
/home/yichen/Desktop/Gemini_Baseline_Code08/F020.c,cppcheck,True,success,True,0,10,30,error,memleakOnRealloc,Common realloc mistake: 'catalog' nulled but not freed upon failure,/home/yichen/Desktop/Gemini_Baseline_Code08/F020.c|30|error|memleakOnRealloc|Common realloc mistake: 'catalog' nulled but not freed upon failure,/home/yichen/Desktop/Gemini_Baseline_Results08/logs/F020_cppcheck.log
/home/yichen/Desktop/Gemini_Baseline_Code08/F020.c,cppcheck,True,success,True,0,10,87,style,constParameter,Parameter 'argv' can be declared as const array,/home/yichen/Desktop/Gemini_Baseline_Code08/F020.c|87|style|constParameter|Parameter 'argv' can be declared as const array,/home/yichen/Desktop/Gemini_Baseline_Results08/logs/F020_cppcheck.log
/home/yichen/Desktop/Gemini_Baseline_Code08/F020.c,cppcheck,True,success,True,0,10,126,style,constVariablePointer,Variable 'cmd' can be declared as pointer to const,/home/yichen/Desktop/Gemini_Baseline_Code08/F020.c|126|style|constVariablePointer|Variable 'cmd' can be declared as pointer to const,/home/yichen/Desktop/Gemini_Baseline_Results08/logs/F020_cppcheck.log
/home/yichen/Desktop/Gemini_Baseline_Code08/F020.c,cppcheck,True,success,True,0,10,129,style,constVariablePointer,Variable 'title' can be declared as pointer to const,/home/yichen/Desktop/Gemini_Baseline_Code08/F020.c|129|style|constVariablePointer|Variable 'title' can be declared as pointer to const,/home/yichen/Desktop/Gemini_Baseline_Results08/logs/F020_cppcheck.log
/home/yichen/Desktop/Gemini_Baseline_Code08/F020.c,cppcheck,True,success,True,0,10,132,style,constVariablePointer,Variable 'title' can be declared as pointer to const,/home/yichen/Desktop/Gemini_Baseline_Code08/F020.c|132|style|constVariablePointer|Variable 'title' can be declared as pointer to const,/home/yichen/Desktop/Gemini_Baseline_Results08/logs/F020_cppcheck.log
/home/yichen/Desktop/Gemini_Baseline_Code08/F020.c,cppcheck,True,success,True,0,10,135,style,constVariablePointer,Variable 'title' can be declared as pointer to const,/home/yichen/Desktop/Gemini_Baseline_Code08/F020.c|135|style|constVariablePointer|Variable 'title' can be declared as pointer to const,/home/yichen/Desktop/Gemini_Baseline_Results08/logs/F020_cppcheck.log
nofile,cppcheck,True,success,True,0,10,0,information,checkersReport,Active checkers: 113/592 (use --checkers-report=<filename> to see details),nofile|0|information|checkersReport|Active checkers: 113/592 (use --checkers-report=<filename> to see details),/home/yichen/Desktop/Gemini_Baseline_Results08/logs/F020_cppcheck.log
/home/yichen/Desktop/Gemini_Baseline_Code08/F021.c,cppcheck,True,success,True,0,14,3,information,missingIncludeSystem,Include file: <stdio.h> not found. Please note: Cppcheck does not need standard library headers to get proper results.,/home/yichen/Desktop/Gemini_Baseline_Code08/F021.c|3|information|missingIncludeSystem|Include file: <stdio.h> not found. Please note: Cppcheck does not need standard library headers to get proper results.,/home/yichen/Desktop/Gemini_Baseline_Results08/logs/F021_cppcheck.log
/home/yichen/Desktop/Gemini_Baseline_Code08/F021.c,cppcheck,True,success,True,0,14,4,information,missingIncludeSystem,Include file: <stdlib.h> not found. Please note: Cppcheck does not need standard library headers to get proper results.,/home/yichen/Desktop/Gemini_Baseline_Code08/F021.c|4|information|missingIncludeSystem|Include file: <stdlib.h> not found. Please note: Cppcheck does not need standard library headers to get proper results.,/home/yichen/Desktop/Gemini_Baseline_Results08/logs/F021_cppcheck.log
/home/yichen/Desktop/Gemini_Baseline_Code08/F021.c,cppcheck,True,success,True,0,14,5,information,missingIncludeSystem,Include file: <string.h> not found. Please note: Cppcheck does not need standard library headers to get proper results.,/home/yichen/Desktop/Gemini_Baseline_Code08/F021.c|5|information|missingIncludeSystem|Include file: <string.h> not found. Please note: Cppcheck does not need standard library headers to get proper results.,/home/yichen/Desktop/Gemini_Baseline_Results08/logs/F021_cppcheck.log
/home/yichen/Desktop/Gemini_Baseline_Code08/F021.c,cppcheck,True,success,True,0,14,36,error,memleakOnRealloc,Common realloc mistake: 'recipes' nulled but not freed upon failure,/home/yichen/Desktop/Gemini_Baseline_Code08/F021.c|36|error|memleakOnRealloc|Common realloc mistake: 'recipes' nulled but not freed upon failure,/home/yichen/Desktop/Gemini_Baseline_Results08/logs/F021_cppcheck.log
/home/yichen/Desktop/Gemini_Baseline_Code08/F021.c,cppcheck,True,success,True,0,14,116,style,constVariablePointer,Variable 'cmd' can be declared as pointer to const,/home/yichen/Desktop/Gemini_Baseline_Code08/F021.c|116|style|constVariablePointer|Variable 'cmd' can be declared as pointer to const,/home/yichen/Desktop/Gemini_Baseline_Results08/logs/F021_cppcheck.log
/home/yichen/Desktop/Gemini_Baseline_Code08/F021.c,cppcheck,True,success,True,0,14,119,style,constVariablePointer,Variable 'name' can be declared as pointer to const,/home/yichen/Desktop/Gemini_Baseline_Code08/F021.c|119|style|constVariablePointer|Variable 'name' can be declared as pointer to const,/home/yichen/Desktop/Gemini_Baseline_Results08/logs/F021_cppcheck.log
/home/yichen/Desktop/Gemini_Baseline_Code08/F021.c,cppcheck,True,success,True,0,14,122,style,constVariablePointer,Variable 'r_name' can be declared as pointer to const,/home/yichen/Desktop/Gemini_Baseline_Code08/F021.c|122|style|constVariablePointer|Variable 'r_name' can be declared as pointer to const,/home/yichen/Desktop/Gemini_Baseline_Results08/logs/F021_cppcheck.log
/home/yichen/Desktop/Gemini_Baseline_Code08/F021.c,cppcheck,True,success,True,0,14,123,style,constVariablePointer,Variable 'ing_name' can be declared as pointer to const,/home/yichen/Desktop/Gemini_Baseline_Code08/F021.c|123|style|constVariablePointer|Variable 'ing_name' can be declared as pointer to const,/home/yichen/Desktop/Gemini_Baseline_Results08/logs/F021_cppcheck.log
/home/yichen/Desktop/Gemini_Baseline_Code08/F021.c,cppcheck,True,success,True,0,14,124,style,constVariablePointer,Variable 'note' can be declared as pointer to const,/home/yichen/Desktop/Gemini_Baseline_Code08/F021.c|124|style|constVariablePointer|Variable 'note' can be declared as pointer to const,/home/yichen/Desktop/Gemini_Baseline_Results08/logs/F021_cppcheck.log
/home/yichen/Desktop/Gemini_Baseline_Code08/F021.c,cppcheck,True,success,True,0,14,127,style,constVariablePointer,Variable 'r_name' can be declared as pointer to const,/home/yichen/Desktop/Gemini_Baseline_Code08/F021.c|127|style|constVariablePointer|Variable 'r_name' can be declared as pointer to const,/home/yichen/Desktop/Gemini_Baseline_Results08/logs/F021_cppcheck.log
/home/yichen/Desktop/Gemini_Baseline_Code08/F021.c,cppcheck,True,success,True,0,14,128,style,constVariablePointer,Variable 'ing_name' can be declared as pointer to const,/home/yichen/Desktop/Gemini_Baseline_Code08/F021.c|128|style|constVariablePointer|Variable 'ing_name' can be declared as pointer to const,/home/yichen/Desktop/Gemini_Baseline_Results08/logs/F021_cppcheck.log
/home/yichen/Desktop/Gemini_Baseline_Code08/F021.c,cppcheck,True,success,True,0,14,131,style,constVariablePointer,Variable 'name' can be declared as pointer to const,/home/yichen/Desktop/Gemini_Baseline_Code08/F021.c|131|style|constVariablePointer|Variable 'name' can be declared as pointer to const,/home/yichen/Desktop/Gemini_Baseline_Results08/logs/F021_cppcheck.log
/home/yichen/Desktop/Gemini_Baseline_Code08/F021.c,cppcheck,True,success,True,0,14,134,style,constVariablePointer,Variable 'name' can be declared as pointer to const,/home/yichen/Desktop/Gemini_Baseline_Code08/F021.c|134|style|constVariablePointer|Variable 'name' can be declared as pointer to const,/home/yichen/Desktop/Gemini_Baseline_Results08/logs/F021_cppcheck.log
nofile,cppcheck,True,success,True,0,14,0,information,checkersReport,Active checkers: 113/592 (use --checkers-report=<filename> to see details),nofile|0|information|checkersReport|Active checkers: 113/592 (use --checkers-report=<filename> to see details),/home/yichen/Desktop/Gemini_Baseline_Results08/logs/F021_cppcheck.log
/home/yichen/Desktop/Gemini_Baseline_Code08/F022.c,cppcheck,True,success,True,0,16,3,information,missingIncludeSystem,Include file: <stdio.h> not found. Please note: Cppcheck does not need standard library headers to get proper results.,/home/yichen/Desktop/Gemini_Baseline_Code08/F022.c|3|information|missingIncludeSystem|Include file: <stdio.h> not found. Please note: Cppcheck does not need standard library headers to get proper results.,/home/yichen/Desktop/Gemini_Baseline_Results08/logs/F022_cppcheck.log
/home/yichen/Desktop/Gemini_Baseline_Code08/F022.c,cppcheck,True,success,True,0,16,4,information,missingIncludeSystem,Include file: <stdlib.h> not found. Please note: Cppcheck does not need standard library headers to get proper results.,/home/yichen/Desktop/Gemini_Baseline_Code08/F022.c|4|information|missingIncludeSystem|Include file: <stdlib.h> not found. Please note: Cppcheck does not need standard library headers to get proper results.,/home/yichen/Desktop/Gemini_Baseline_Results08/logs/F022_cppcheck.log
/home/yichen/Desktop/Gemini_Baseline_Code08/F022.c,cppcheck,True,success,True,0,16,5,information,missingIncludeSystem,Include file: <string.h> not found. Please note: Cppcheck does not need standard library headers to get proper results.,/home/yichen/Desktop/Gemini_Baseline_Code08/F022.c|5|information|missingIncludeSystem|Include file: <string.h> not found. Please note: Cppcheck does not need standard library headers to get proper results.,/home/yichen/Desktop/Gemini_Baseline_Results08/logs/F022_cppcheck.log
/home/yichen/Desktop/Gemini_Baseline_Code08/F022.c,cppcheck,True,success,True,0,16,37,error,memleakOnRealloc,Common realloc mistake: 'projects' nulled but not freed upon failure,/home/yichen/Desktop/Gemini_Baseline_Code08/F022.c|37|error|memleakOnRealloc|Common realloc mistake: 'projects' nulled but not freed upon failure,/home/yichen/Desktop/Gemini_Baseline_Results08/logs/F022_cppcheck.log
/home/yichen/Desktop/Gemini_Baseline_Code08/F022.c,cppcheck,True,success,True,0,16,133,style,constVariablePointer,Variable 'cmd' can be declared as pointer to const,/home/yichen/Desktop/Gemini_Baseline_Code08/F022.c|133|style|constVariablePointer|Variable 'cmd' can be declared as pointer to const,/home/yichen/Desktop/Gemini_Baseline_Results08/logs/F022_cppcheck.log
/home/yichen/Desktop/Gemini_Baseline_Code08/F022.c,cppcheck,True,success,True,0,16,136,style,constVariablePointer,Variable 'name' can be declared as pointer to const,/home/yichen/Desktop/Gemini_Baseline_Code08/F022.c|136|style|constVariablePointer|Variable 'name' can be declared as pointer to const,/home/yichen/Desktop/Gemini_Baseline_Results08/logs/F022_cppcheck.log
/home/yichen/Desktop/Gemini_Baseline_Code08/F022.c,cppcheck,True,success,True,0,16,139,style,constVariablePointer,Variable 'p_name' can be declared as pointer to const,/home/yichen/Desktop/Gemini_Baseline_Code08/F022.c|139|style|constVariablePointer|Variable 'p_name' can be declared as pointer to const,/home/yichen/Desktop/Gemini_Baseline_Results08/logs/F022_cppcheck.log
/home/yichen/Desktop/Gemini_Baseline_Code08/F022.c,cppcheck,True,success,True,0,16,140,style,constVariablePointer,Variable 'title' can be declared as pointer to const,/home/yichen/Desktop/Gemini_Baseline_Code08/F022.c|140|style|constVariablePointer|Variable 'title' can be declared as pointer to const,/home/yichen/Desktop/Gemini_Baseline_Results08/logs/F022_cppcheck.log
/home/yichen/Desktop/Gemini_Baseline_Code08/F022.c,cppcheck,True,success,True,0,16,141,style,constVariablePointer,Variable 'note' can be declared as pointer to const,/home/yichen/Desktop/Gemini_Baseline_Code08/F022.c|141|style|constVariablePointer|Variable 'note' can be declared as pointer to const,/home/yichen/Desktop/Gemini_Baseline_Results08/logs/F022_cppcheck.log
/home/yichen/Desktop/Gemini_Baseline_Code08/F022.c,cppcheck,True,success,True,0,16,144,style,constVariablePointer,Variable 'from_p' can be declared as pointer to const,/home/yichen/Desktop/Gemini_Baseline_Code08/F022.c|144|style|constVariablePointer|Variable 'from_p' can be declared as pointer to const,/home/yichen/Desktop/Gemini_Baseline_Results08/logs/F022_cppcheck.log
/home/yichen/Desktop/Gemini_Baseline_Code08/F022.c,cppcheck,True,success,True,0,16,145,style,constVariablePointer,Variable 'to_p' can be declared as pointer to const,/home/yichen/Desktop/Gemini_Baseline_Code08/F022.c|145|style|constVariablePointer|Variable 'to_p' can be declared as pointer to const,/home/yichen/Desktop/Gemini_Baseline_Results08/logs/F022_cppcheck.log
/home/yichen/Desktop/Gemini_Baseline_Code08/F022.c,cppcheck,True,success,True,0,16,146,style,constVariablePointer,Variable 'title' can be declared as pointer to const,/home/yichen/Desktop/Gemini_Baseline_Code08/F022.c|146|style|constVariablePointer|Variable 'title' can be declared as pointer to const,/home/yichen/Desktop/Gemini_Baseline_Results08/logs/F022_cppcheck.log
/home/yichen/Desktop/Gemini_Baseline_Code08/F022.c,cppcheck,True,success,True,0,16,149,style,constVariablePointer,Variable 'p_name' can be declared as pointer to const,/home/yichen/Desktop/Gemini_Baseline_Code08/F022.c|149|style|constVariablePointer|Variable 'p_name' can be declared as pointer to const,/home/yichen/Desktop/Gemini_Baseline_Results08/logs/F022_cppcheck.log
/home/yichen/Desktop/Gemini_Baseline_Code08/F022.c,cppcheck,True,success,True,0,16,150,style,constVariablePointer,Variable 'title' can be declared as pointer to const,/home/yichen/Desktop/Gemini_Baseline_Code08/F022.c|150|style|constVariablePointer|Variable 'title' can be declared as pointer to const,/home/yichen/Desktop/Gemini_Baseline_Results08/logs/F022_cppcheck.log
/home/yichen/Desktop/Gemini_Baseline_Code08/F022.c,cppcheck,True,success,True,0,16,153,style,constVariablePointer,Variable 'name' can be declared as pointer to const,/home/yichen/Desktop/Gemini_Baseline_Code08/F022.c|153|style|constVariablePointer|Variable 'name' can be declared as pointer to const,/home/yichen/Desktop/Gemini_Baseline_Results08/logs/F022_cppcheck.log
nofile,cppcheck,True,success,True,0,16,0,information,checkersReport,Active checkers: 113/592 (use --checkers-report=<filename> to see details),nofile|0|information|checkersReport|Active checkers: 113/592 (use --checkers-report=<filename> to see details),/home/yichen/Desktop/Gemini_Baseline_Results08/logs/F022_cppcheck.log
/home/yichen/Desktop/Gemini_Baseline_Code08/F023.c,cppcheck,True,success,True,0,15,3,information,missingIncludeSystem,Include file: <stdio.h> not found. Please note: Cppcheck does not need standard library headers to get proper results.,/home/yichen/Desktop/Gemini_Baseline_Code08/F023.c|3|information|missingIncludeSystem|Include file: <stdio.h> not found. Please note: Cppcheck does not need standard library headers to get proper results.,/home/yichen/Desktop/Gemini_Baseline_Results08/logs/F023_cppcheck.log
/home/yichen/Desktop/Gemini_Baseline_Code08/F023.c,cppcheck,True,success,True,0,15,4,information,missingIncludeSystem,Include file: <stdlib.h> not found. Please note: Cppcheck does not need standard library headers to get proper results.,/home/yichen/Desktop/Gemini_Baseline_Code08/F023.c|4|information|missingIncludeSystem|Include file: <stdlib.h> not found. Please note: Cppcheck does not need standard library headers to get proper results.,/home/yichen/Desktop/Gemini_Baseline_Results08/logs/F023_cppcheck.log
/home/yichen/Desktop/Gemini_Baseline_Code08/F023.c,cppcheck,True,success,True,0,15,5,information,missingIncludeSystem,Include file: <string.h> not found. Please note: Cppcheck does not need standard library headers to get proper results.,/home/yichen/Desktop/Gemini_Baseline_Code08/F023.c|5|information|missingIncludeSystem|Include file: <string.h> not found. Please note: Cppcheck does not need standard library headers to get proper results.,/home/yichen/Desktop/Gemini_Baseline_Results08/logs/F023_cppcheck.log
/home/yichen/Desktop/Gemini_Baseline_Code08/F023.c,cppcheck,True,success,True,0,15,23,error,memleakOnRealloc,Common realloc mistake: 'messages' nulled but not freed upon failure,/home/yichen/Desktop/Gemini_Baseline_Code08/F023.c|23|error|memleakOnRealloc|Common realloc mistake: 'messages' nulled but not freed upon failure,/home/yichen/Desktop/Gemini_Baseline_Results08/logs/F023_cppcheck.log
/home/yichen/Desktop/Gemini_Baseline_Code08/F023.c,cppcheck,True,success,True,0,15,123,style,constVariablePointer,Variable 'cmd' can be declared as pointer to const,/home/yichen/Desktop/Gemini_Baseline_Code08/F023.c|123|style|constVariablePointer|Variable 'cmd' can be declared as pointer to const,/home/yichen/Desktop/Gemini_Baseline_Results08/logs/F023_cppcheck.log
/home/yichen/Desktop/Gemini_Baseline_Code08/F023.c,cppcheck,True,success,True,0,15,126,style,constVariablePointer,Variable 'sender' can be declared as pointer to const,/home/yichen/Desktop/Gemini_Baseline_Code08/F023.c|126|style|constVariablePointer|Variable 'sender' can be declared as pointer to const,/home/yichen/Desktop/Gemini_Baseline_Results08/logs/F023_cppcheck.log
/home/yichen/Desktop/Gemini_Baseline_Code08/F023.c,cppcheck,True,success,True,0,15,127,style,constVariablePointer,Variable 'subject' can be declared as pointer to const,/home/yichen/Desktop/Gemini_Baseline_Code08/F023.c|127|style|constVariablePointer|Variable 'subject' can be declared as pointer to const,/home/yichen/Desktop/Gemini_Baseline_Results08/logs/F023_cppcheck.log
/home/yichen/Desktop/Gemini_Baseline_Code08/F023.c,cppcheck,True,success,True,0,15,128,style,constVariablePointer,Variable 'body' can be declared as pointer to const,/home/yichen/Desktop/Gemini_Baseline_Code08/F023.c|128|style|constVariablePointer|Variable 'body' can be declared as pointer to const,/home/yichen/Desktop/Gemini_Baseline_Results08/logs/F023_cppcheck.log
/home/yichen/Desktop/Gemini_Baseline_Code08/F023.c,cppcheck,True,success,True,0,15,131,style,constVariablePointer,Variable 'subj' can be declared as pointer to const,/home/yichen/Desktop/Gemini_Baseline_Code08/F023.c|131|style|constVariablePointer|Variable 'subj' can be declared as pointer to const,/home/yichen/Desktop/Gemini_Baseline_Results08/logs/F023_cppcheck.log
/home/yichen/Desktop/Gemini_Baseline_Code08/F023.c,cppcheck,True,success,True,0,15,132,style,constVariablePointer,Variable 'tag' can be declared as pointer to const,/home/yichen/Desktop/Gemini_Baseline_Code08/F023.c|132|style|constVariablePointer|Variable 'tag' can be declared as pointer to const,/home/yichen/Desktop/Gemini_Baseline_Results08/logs/F023_cppcheck.log
/home/yichen/Desktop/Gemini_Baseline_Code08/F023.c,cppcheck,True,success,True,0,15,135,style,constVariablePointer,Variable 'subj' can be declared as pointer to const,/home/yichen/Desktop/Gemini_Baseline_Code08/F023.c|135|style|constVariablePointer|Variable 'subj' can be declared as pointer to const,/home/yichen/Desktop/Gemini_Baseline_Results08/logs/F023_cppcheck.log
/home/yichen/Desktop/Gemini_Baseline_Code08/F023.c,cppcheck,True,success,True,0,15,136,style,constVariablePointer,Variable 'tag' can be declared as pointer to const,/home/yichen/Desktop/Gemini_Baseline_Code08/F023.c|136|style|constVariablePointer|Variable 'tag' can be declared as pointer to const,/home/yichen/Desktop/Gemini_Baseline_Results08/logs/F023_cppcheck.log
/home/yichen/Desktop/Gemini_Baseline_Code08/F023.c,cppcheck,True,success,True,0,15,139,style,constVariablePointer,Variable 'subj' can be declared as pointer to const,/home/yichen/Desktop/Gemini_Baseline_Code08/F023.c|139|style|constVariablePointer|Variable 'subj' can be declared as pointer to const,/home/yichen/Desktop/Gemini_Baseline_Results08/logs/F023_cppcheck.log
/home/yichen/Desktop/Gemini_Baseline_Code08/F023.c,cppcheck,True,success,True,0,15,142,style,constVariablePointer,Variable 'tag' can be declared as pointer to const,/home/yichen/Desktop/Gemini_Baseline_Code08/F023.c|142|style|constVariablePointer|Variable 'tag' can be declared as pointer to const,/home/yichen/Desktop/Gemini_Baseline_Results08/logs/F023_cppcheck.log
nofile,cppcheck,True,success,True,0,15,0,information,checkersReport,Active checkers: 113/592 (use --checkers-report=<filename> to see details),nofile|0|information|checkersReport|Active checkers: 113/592 (use --checkers-report=<filename> to see details),/home/yichen/Desktop/Gemini_Baseline_Results08/logs/F023_cppcheck.log
/home/yichen/Desktop/Gemini_Baseline_Code08/F024.c,cppcheck,True,success,True,0,14,3,information,missingIncludeSystem,Include file: <stdio.h> not found. Please note: Cppcheck does not need standard library headers to get proper results.,/home/yichen/Desktop/Gemini_Baseline_Code08/F024.c|3|information|missingIncludeSystem|Include file: <stdio.h> not found. Please note: Cppcheck does not need standard library headers to get proper results.,/home/yichen/Desktop/Gemini_Baseline_Results08/logs/F024_cppcheck.log
/home/yichen/Desktop/Gemini_Baseline_Code08/F024.c,cppcheck,True,success,True,0,14,4,information,missingIncludeSystem,Include file: <stdlib.h> not found. Please note: Cppcheck does not need standard library headers to get proper results.,/home/yichen/Desktop/Gemini_Baseline_Code08/F024.c|4|information|missingIncludeSystem|Include file: <stdlib.h> not found. Please note: Cppcheck does not need standard library headers to get proper results.,/home/yichen/Desktop/Gemini_Baseline_Results08/logs/F024_cppcheck.log
/home/yichen/Desktop/Gemini_Baseline_Code08/F024.c,cppcheck,True,success,True,0,14,5,information,missingIncludeSystem,Include file: <string.h> not found. Please note: Cppcheck does not need standard library headers to get proper results.,/home/yichen/Desktop/Gemini_Baseline_Code08/F024.c|5|information|missingIncludeSystem|Include file: <string.h> not found. Please note: Cppcheck does not need standard library headers to get proper results.,/home/yichen/Desktop/Gemini_Baseline_Results08/logs/F024_cppcheck.log
/home/yichen/Desktop/Gemini_Baseline_Code08/F024.c,cppcheck,True,success,True,0,14,32,error,memleakOnRealloc,Common realloc mistake: 'books' nulled but not freed upon failure,/home/yichen/Desktop/Gemini_Baseline_Code08/F024.c|32|error|memleakOnRealloc|Common realloc mistake: 'books' nulled but not freed upon failure,/home/yichen/Desktop/Gemini_Baseline_Results08/logs/F024_cppcheck.log
/home/yichen/Desktop/Gemini_Baseline_Code08/F024.c,cppcheck,True,success,True,0,14,115,style,constVariablePointer,Variable 'cmd' can be declared as pointer to const,/home/yichen/Desktop/Gemini_Baseline_Code08/F024.c|115|style|constVariablePointer|Variable 'cmd' can be declared as pointer to const,/home/yichen/Desktop/Gemini_Baseline_Results08/logs/F024_cppcheck.log
/home/yichen/Desktop/Gemini_Baseline_Code08/F024.c,cppcheck,True,success,True,0,14,118,style,constVariablePointer,Variable 'title' can be declared as pointer to const,/home/yichen/Desktop/Gemini_Baseline_Code08/F024.c|118|style|constVariablePointer|Variable 'title' can be declared as pointer to const,/home/yichen/Desktop/Gemini_Baseline_Results08/logs/F024_cppcheck.log
/home/yichen/Desktop/Gemini_Baseline_Code08/F024.c,cppcheck,True,success,True,0,14,119,style,constVariablePointer,Variable 'year' can be declared as pointer to const,/home/yichen/Desktop/Gemini_Baseline_Code08/F024.c|119|style|constVariablePointer|Variable 'year' can be declared as pointer to const,/home/yichen/Desktop/Gemini_Baseline_Results08/logs/F024_cppcheck.log
/home/yichen/Desktop/Gemini_Baseline_Code08/F024.c,cppcheck,True,success,True,0,14,122,style,constVariablePointer,Variable 'title' can be declared as pointer to const,/home/yichen/Desktop/Gemini_Baseline_Code08/F024.c|122|style|constVariablePointer|Variable 'title' can be declared as pointer to const,/home/yichen/Desktop/Gemini_Baseline_Results08/logs/F024_cppcheck.log
/home/yichen/Desktop/Gemini_Baseline_Code08/F024.c,cppcheck,True,success,True,0,14,123,style,constVariablePointer,Variable 'name' can be declared as pointer to const,/home/yichen/Desktop/Gemini_Baseline_Code08/F024.c|123|style|constVariablePointer|Variable 'name' can be declared as pointer to const,/home/yichen/Desktop/Gemini_Baseline_Results08/logs/F024_cppcheck.log
/home/yichen/Desktop/Gemini_Baseline_Code08/F024.c,cppcheck,True,success,True,0,14,126,style,constVariablePointer,Variable 'title' can be declared as pointer to const,/home/yichen/Desktop/Gemini_Baseline_Code08/F024.c|126|style|constVariablePointer|Variable 'title' can be declared as pointer to const,/home/yichen/Desktop/Gemini_Baseline_Results08/logs/F024_cppcheck.log
/home/yichen/Desktop/Gemini_Baseline_Code08/F024.c,cppcheck,True,success,True,0,14,127,style,constVariablePointer,Variable 'name' can be declared as pointer to const,/home/yichen/Desktop/Gemini_Baseline_Code08/F024.c|127|style|constVariablePointer|Variable 'name' can be declared as pointer to const,/home/yichen/Desktop/Gemini_Baseline_Results08/logs/F024_cppcheck.log
/home/yichen/Desktop/Gemini_Baseline_Code08/F024.c,cppcheck,True,success,True,0,14,130,style,constVariablePointer,Variable 'title' can be declared as pointer to const,/home/yichen/Desktop/Gemini_Baseline_Code08/F024.c|130|style|constVariablePointer|Variable 'title' can be declared as pointer to const,/home/yichen/Desktop/Gemini_Baseline_Results08/logs/F024_cppcheck.log
/home/yichen/Desktop/Gemini_Baseline_Code08/F024.c,cppcheck,True,success,True,0,14,133,style,constVariablePointer,Variable 'title' can be declared as pointer to const,/home/yichen/Desktop/Gemini_Baseline_Code08/F024.c|133|style|constVariablePointer|Variable 'title' can be declared as pointer to const,/home/yichen/Desktop/Gemini_Baseline_Results08/logs/F024_cppcheck.log
nofile,cppcheck,True,success,True,0,14,0,information,checkersReport,Active checkers: 113/592 (use --checkers-report=<filename> to see details),nofile|0|information|checkersReport|Active checkers: 113/592 (use --checkers-report=<filename> to see details),/home/yichen/Desktop/Gemini_Baseline_Results08/logs/F024_cppcheck.log
/home/yichen/Desktop/Gemini_Baseline_Code08/F025.c,cppcheck,True,success,True,0,16,3,information,missingIncludeSystem,Include file: <stdio.h> not found. Please note: Cppcheck does not need standard library headers to get proper results.,/home/yichen/Desktop/Gemini_Baseline_Code08/F025.c|3|information|missingIncludeSystem|Include file: <stdio.h> not found. Please note: Cppcheck does not need standard library headers to get proper results.,/home/yichen/Desktop/Gemini_Baseline_Results08/logs/F025_cppcheck.log
/home/yichen/Desktop/Gemini_Baseline_Code08/F025.c,cppcheck,True,success,True,0,16,4,information,missingIncludeSystem,Include file: <stdlib.h> not found. Please note: Cppcheck does not need standard library headers to get proper results.,/home/yichen/Desktop/Gemini_Baseline_Code08/F025.c|4|information|missingIncludeSystem|Include file: <stdlib.h> not found. Please note: Cppcheck does not need standard library headers to get proper results.,/home/yichen/Desktop/Gemini_Baseline_Results08/logs/F025_cppcheck.log
/home/yichen/Desktop/Gemini_Baseline_Code08/F025.c,cppcheck,True,success,True,0,16,5,information,missingIncludeSystem,Include file: <string.h> not found. Please note: Cppcheck does not need standard library headers to get proper results.,/home/yichen/Desktop/Gemini_Baseline_Code08/F025.c|5|information|missingIncludeSystem|Include file: <string.h> not found. Please note: Cppcheck does not need standard library headers to get proper results.,/home/yichen/Desktop/Gemini_Baseline_Results08/logs/F025_cppcheck.log
/home/yichen/Desktop/Gemini_Baseline_Code08/F025.c,cppcheck,True,success,True,0,16,36,error,memleakOnRealloc,Common realloc mistake: 'classes' nulled but not freed upon failure,/home/yichen/Desktop/Gemini_Baseline_Code08/F025.c|36|error|memleakOnRealloc|Common realloc mistake: 'classes' nulled but not freed upon failure,/home/yichen/Desktop/Gemini_Baseline_Results08/logs/F025_cppcheck.log
/home/yichen/Desktop/Gemini_Baseline_Code08/F025.c,cppcheck,True,success,True,0,16,136,style,constVariablePointer,Variable 'cmd' can be declared as pointer to const,/home/yichen/Desktop/Gemini_Baseline_Code08/F025.c|136|style|constVariablePointer|Variable 'cmd' can be declared as pointer to const,/home/yichen/Desktop/Gemini_Baseline_Results08/logs/F025_cppcheck.log
/home/yichen/Desktop/Gemini_Baseline_Code08/F025.c,cppcheck,True,success,True,0,16,139,style,constVariablePointer,Variable 'name' can be declared as pointer to const,/home/yichen/Desktop/Gemini_Baseline_Code08/F025.c|139|style|constVariablePointer|Variable 'name' can be declared as pointer to const,/home/yichen/Desktop/Gemini_Baseline_Results08/logs/F025_cppcheck.log
/home/yichen/Desktop/Gemini_Baseline_Code08/F025.c,cppcheck,True,success,True,0,16,142,style,constVariablePointer,Variable 'c_name' can be declared as pointer to const,/home/yichen/Desktop/Gemini_Baseline_Code08/F025.c|142|style|constVariablePointer|Variable 'c_name' can be declared as pointer to const,/home/yichen/Desktop/Gemini_Baseline_Results08/logs/F025_cppcheck.log
/home/yichen/Desktop/Gemini_Baseline_Code08/F025.c,cppcheck,True,success,True,0,16,143,style,constVariablePointer,Variable 'std_name' can be declared as pointer to const,/home/yichen/Desktop/Gemini_Baseline_Code08/F025.c|143|style|constVariablePointer|Variable 'std_name' can be declared as pointer to const,/home/yichen/Desktop/Gemini_Baseline_Results08/logs/F025_cppcheck.log
/home/yichen/Desktop/Gemini_Baseline_Code08/F025.c,cppcheck,True,success,True,0,16,144,style,constVariablePointer,Variable 'note' can be declared as pointer to const,/home/yichen/Desktop/Gemini_Baseline_Code08/F025.c|144|style|constVariablePointer|Variable 'note' can be declared as pointer to const,/home/yichen/Desktop/Gemini_Baseline_Results08/logs/F025_cppcheck.log
/home/yichen/Desktop/Gemini_Baseline_Code08/F025.c,cppcheck,True,success,True,0,16,147,style,constVariablePointer,Variable 'from_c' can be declared as pointer to const,/home/yichen/Desktop/Gemini_Baseline_Code08/F025.c|147|style|constVariablePointer|Variable 'from_c' can be declared as pointer to const,/home/yichen/Desktop/Gemini_Baseline_Results08/logs/F025_cppcheck.log
/home/yichen/Desktop/Gemini_Baseline_Code08/F025.c,cppcheck,True,success,True,0,16,148,style,constVariablePointer,Variable 'to_c' can be declared as pointer to const,/home/yichen/Desktop/Gemini_Baseline_Code08/F025.c|148|style|constVariablePointer|Variable 'to_c' can be declared as pointer to const,/home/yichen/Desktop/Gemini_Baseline_Results08/logs/F025_cppcheck.log
/home/yichen/Desktop/Gemini_Baseline_Code08/F025.c,cppcheck,True,success,True,0,16,149,style,constVariablePointer,Variable 'std_name' can be declared as pointer to const,/home/yichen/Desktop/Gemini_Baseline_Code08/F025.c|149|style|constVariablePointer|Variable 'std_name' can be declared as pointer to const,/home/yichen/Desktop/Gemini_Baseline_Results08/logs/F025_cppcheck.log
/home/yichen/Desktop/Gemini_Baseline_Code08/F025.c,cppcheck,True,success,True,0,16,152,style,constVariablePointer,Variable 'c_name' can be declared as pointer to const,/home/yichen/Desktop/Gemini_Baseline_Code08/F025.c|152|style|constVariablePointer|Variable 'c_name' can be declared as pointer to const,/home/yichen/Desktop/Gemini_Baseline_Results08/logs/F025_cppcheck.log
/home/yichen/Desktop/Gemini_Baseline_Code08/F025.c,cppcheck,True,success,True,0,16,153,style,constVariablePointer,Variable 'std_name' can be declared as pointer to const,/home/yichen/Desktop/Gemini_Baseline_Code08/F025.c|153|style|constVariablePointer|Variable 'std_name' can be declared as pointer to const,/home/yichen/Desktop/Gemini_Baseline_Results08/logs/F025_cppcheck.log
/home/yichen/Desktop/Gemini_Baseline_Code08/F025.c,cppcheck,True,success,True,0,16,156,style,constVariablePointer,Variable 'name' can be declared as pointer to const,/home/yichen/Desktop/Gemini_Baseline_Code08/F025.c|156|style|constVariablePointer|Variable 'name' can be declared as pointer to const,/home/yichen/Desktop/Gemini_Baseline_Results08/logs/F025_cppcheck.log
nofile,cppcheck,True,success,True,0,16,0,information,checkersReport,Active checkers: 113/592 (use --checkers-report=<filename> to see details),nofile|0|information|checkersReport|Active checkers: 113/592 (use --checkers-report=<filename> to see details),/home/yichen/Desktop/Gemini_Baseline_Results08/logs/F025_cppcheck.log
/home/yichen/Desktop/Gemini_Baseline_Code08/F026.c,cppcheck,True,success,True,0,11,3,information,missingIncludeSystem,Include file: <stdio.h> not found. Please note: Cppcheck does not need standard library headers to get proper results.,/home/yichen/Desktop/Gemini_Baseline_Code08/F026.c|3|information|missingIncludeSystem|Include file: <stdio.h> not found. Please note: Cppcheck does not need standard library headers to get proper results.,/home/yichen/Desktop/Gemini_Baseline_Results08/logs/F026_cppcheck.log
/home/yichen/Desktop/Gemini_Baseline_Code08/F026.c,cppcheck,True,success,True,0,11,4,information,missingIncludeSystem,Include file: <stdlib.h> not found. Please note: Cppcheck does not need standard library headers to get proper results.,/home/yichen/Desktop/Gemini_Baseline_Code08/F026.c|4|information|missingIncludeSystem|Include file: <stdlib.h> not found. Please note: Cppcheck does not need standard library headers to get proper results.,/home/yichen/Desktop/Gemini_Baseline_Results08/logs/F026_cppcheck.log
/home/yichen/Desktop/Gemini_Baseline_Code08/F026.c,cppcheck,True,success,True,0,11,5,information,missingIncludeSystem,Include file: <string.h> not found. Please note: Cppcheck does not need standard library headers to get proper results.,/home/yichen/Desktop/Gemini_Baseline_Code08/F026.c|5|information|missingIncludeSystem|Include file: <string.h> not found. Please note: Cppcheck does not need standard library headers to get proper results.,/home/yichen/Desktop/Gemini_Baseline_Results08/logs/F026_cppcheck.log
/home/yichen/Desktop/Gemini_Baseline_Code08/F026.c,cppcheck,True,success,True,0,11,19,error,memleakOnRealloc,Common realloc mistake: 'notes' nulled but not freed upon failure,/home/yichen/Desktop/Gemini_Baseline_Code08/F026.c|19|error|memleakOnRealloc|Common realloc mistake: 'notes' nulled but not freed upon failure,/home/yichen/Desktop/Gemini_Baseline_Results08/logs/F026_cppcheck.log
/home/yichen/Desktop/Gemini_Baseline_Code08/F026.c,cppcheck,True,success,True,0,11,83,style,constVariablePointer,Variable 'cmd' can be declared as pointer to const,/home/yichen/Desktop/Gemini_Baseline_Code08/F026.c|83|style|constVariablePointer|Variable 'cmd' can be declared as pointer to const,/home/yichen/Desktop/Gemini_Baseline_Results08/logs/F026_cppcheck.log
/home/yichen/Desktop/Gemini_Baseline_Code08/F026.c,cppcheck,True,success,True,0,11,86,style,constVariablePointer,Variable 'cat' can be declared as pointer to const,/home/yichen/Desktop/Gemini_Baseline_Code08/F026.c|86|style|constVariablePointer|Variable 'cat' can be declared as pointer to const,/home/yichen/Desktop/Gemini_Baseline_Results08/logs/F026_cppcheck.log
/home/yichen/Desktop/Gemini_Baseline_Code08/F026.c,cppcheck,True,success,True,0,11,87,style,constVariablePointer,Variable 'text' can be declared as pointer to const,/home/yichen/Desktop/Gemini_Baseline_Code08/F026.c|87|style|constVariablePointer|Variable 'text' can be declared as pointer to const,/home/yichen/Desktop/Gemini_Baseline_Results08/logs/F026_cppcheck.log
/home/yichen/Desktop/Gemini_Baseline_Code08/F026.c,cppcheck,True,success,True,0,11,90,style,constVariablePointer,Variable 'cat' can be declared as pointer to const,/home/yichen/Desktop/Gemini_Baseline_Code08/F026.c|90|style|constVariablePointer|Variable 'cat' can be declared as pointer to const,/home/yichen/Desktop/Gemini_Baseline_Results08/logs/F026_cppcheck.log
/home/yichen/Desktop/Gemini_Baseline_Code08/F026.c,cppcheck,True,success,True,0,11,93,style,constVariablePointer,Variable 'cat' can be declared as pointer to const,/home/yichen/Desktop/Gemini_Baseline_Code08/F026.c|93|style|constVariablePointer|Variable 'cat' can be declared as pointer to const,/home/yichen/Desktop/Gemini_Baseline_Results08/logs/F026_cppcheck.log
/home/yichen/Desktop/Gemini_Baseline_Code08/F026.c,cppcheck,True,success,True,0,11,96,style,constVariablePointer,Variable 'word' can be declared as pointer to const,/home/yichen/Desktop/Gemini_Baseline_Code08/F026.c|96|style|constVariablePointer|Variable 'word' can be declared as pointer to const,/home/yichen/Desktop/Gemini_Baseline_Results08/logs/F026_cppcheck.log
nofile,cppcheck,True,success,True,0,11,0,information,checkersReport,Active checkers: 113/592 (use --checkers-report=<filename> to see details),nofile|0|information|checkersReport|Active checkers: 113/592 (use --checkers-report=<filename> to see details),/home/yichen/Desktop/Gemini_Baseline_Results08/logs/F026_cppcheck.log
/home/yichen/Desktop/Gemini_Baseline_Code08/F027.c,cppcheck,True,success,True,0,13,3,information,missingIncludeSystem,Include file: <stdio.h> not found. Please note: Cppcheck does not need standard library headers to get proper results.,/home/yichen/Desktop/Gemini_Baseline_Code08/F027.c|3|information|missingIncludeSystem|Include file: <stdio.h> not found. Please note: Cppcheck does not need standard library headers to get proper results.,/home/yichen/Desktop/Gemini_Baseline_Results08/logs/F027_cppcheck.log
/home/yichen/Desktop/Gemini_Baseline_Code08/F027.c,cppcheck,True,success,True,0,13,4,information,missingIncludeSystem,Include file: <stdlib.h> not found. Please note: Cppcheck does not need standard library headers to get proper results.,/home/yichen/Desktop/Gemini_Baseline_Code08/F027.c|4|information|missingIncludeSystem|Include file: <stdlib.h> not found. Please note: Cppcheck does not need standard library headers to get proper results.,/home/yichen/Desktop/Gemini_Baseline_Results08/logs/F027_cppcheck.log
/home/yichen/Desktop/Gemini_Baseline_Code08/F027.c,cppcheck,True,success,True,0,13,5,information,missingIncludeSystem,Include file: <string.h> not found. Please note: Cppcheck does not need standard library headers to get proper results.,/home/yichen/Desktop/Gemini_Baseline_Code08/F027.c|5|information|missingIncludeSystem|Include file: <string.h> not found. Please note: Cppcheck does not need standard library headers to get proper results.,/home/yichen/Desktop/Gemini_Baseline_Results08/logs/F027_cppcheck.log
/home/yichen/Desktop/Gemini_Baseline_Code08/F027.c,cppcheck,True,success,True,0,13,22,error,memleakOnRealloc,Common realloc mistake: 'reminders' nulled but not freed upon failure,/home/yichen/Desktop/Gemini_Baseline_Code08/F027.c|22|error|memleakOnRealloc|Common realloc mistake: 'reminders' nulled but not freed upon failure,/home/yichen/Desktop/Gemini_Baseline_Results08/logs/F027_cppcheck.log
/home/yichen/Desktop/Gemini_Baseline_Code08/F027.c,cppcheck,True,success,True,0,13,92,style,constVariablePointer,Variable 'cmd' can be declared as pointer to const,/home/yichen/Desktop/Gemini_Baseline_Code08/F027.c|92|style|constVariablePointer|Variable 'cmd' can be declared as pointer to const,/home/yichen/Desktop/Gemini_Baseline_Results08/logs/F027_cppcheck.log
/home/yichen/Desktop/Gemini_Baseline_Code08/F027.c,cppcheck,True,success,True,0,13,95,style,constVariablePointer,Variable 'p_s' can be declared as pointer to const,/home/yichen/Desktop/Gemini_Baseline_Code08/F027.c|95|style|constVariablePointer|Variable 'p_s' can be declared as pointer to const,/home/yichen/Desktop/Gemini_Baseline_Results08/logs/F027_cppcheck.log
/home/yichen/Desktop/Gemini_Baseline_Code08/F027.c,cppcheck,True,success,True,0,13,96,style,constVariablePointer,Variable 'title' can be declared as pointer to const,/home/yichen/Desktop/Gemini_Baseline_Code08/F027.c|96|style|constVariablePointer|Variable 'title' can be declared as pointer to const,/home/yichen/Desktop/Gemini_Baseline_Results08/logs/F027_cppcheck.log
/home/yichen/Desktop/Gemini_Baseline_Code08/F027.c,cppcheck,True,success,True,0,13,97,style,constVariablePointer,Variable 'note' can be declared as pointer to const,/home/yichen/Desktop/Gemini_Baseline_Code08/F027.c|97|style|constVariablePointer|Variable 'note' can be declared as pointer to const,/home/yichen/Desktop/Gemini_Baseline_Results08/logs/F027_cppcheck.log
/home/yichen/Desktop/Gemini_Baseline_Code08/F027.c,cppcheck,True,success,True,0,13,102,style,constVariablePointer,Variable 'title' can be declared as pointer to const,/home/yichen/Desktop/Gemini_Baseline_Code08/F027.c|102|style|constVariablePointer|Variable 'title' can be declared as pointer to const,/home/yichen/Desktop/Gemini_Baseline_Results08/logs/F027_cppcheck.log
/home/yichen/Desktop/Gemini_Baseline_Code08/F027.c,cppcheck,True,success,True,0,13,103,style,constVariablePointer,Variable 'd_s' can be declared as pointer to const,/home/yichen/Desktop/Gemini_Baseline_Code08/F027.c|103|style|constVariablePointer|Variable 'd_s' can be declared as pointer to const,/home/yichen/Desktop/Gemini_Baseline_Results08/logs/F027_cppcheck.log
/home/yichen/Desktop/Gemini_Baseline_Code08/F027.c,cppcheck,True,success,True,0,13,108,style,constVariablePointer,Variable 'title' can be declared as pointer to const,/home/yichen/Desktop/Gemini_Baseline_Code08/F027.c|108|style|constVariablePointer|Variable 'title' can be declared as pointer to const,/home/yichen/Desktop/Gemini_Baseline_Results08/logs/F027_cppcheck.log
/home/yichen/Desktop/Gemini_Baseline_Code08/F027.c,cppcheck,True,success,True,0,13,111,style,constVariablePointer,Variable 'n_s' can be declared as pointer to const,/home/yichen/Desktop/Gemini_Baseline_Code08/F027.c|111|style|constVariablePointer|Variable 'n_s' can be declared as pointer to const,/home/yichen/Desktop/Gemini_Baseline_Results08/logs/F027_cppcheck.log
nofile,cppcheck,True,success,True,0,13,0,information,checkersReport,Active checkers: 113/592 (use --checkers-report=<filename> to see details),nofile|0|information|checkersReport|Active checkers: 113/592 (use --checkers-report=<filename> to see details),/home/yichen/Desktop/Gemini_Baseline_Results08/logs/F027_cppcheck.log
/home/yichen/Desktop/Gemini_Baseline_Code08/F028.c,cppcheck,True,success,True,0,16,3,information,missingIncludeSystem,Include file: <stdio.h> not found. Please note: Cppcheck does not need standard library headers to get proper results.,/home/yichen/Desktop/Gemini_Baseline_Code08/F028.c|3|information|missingIncludeSystem|Include file: <stdio.h> not found. Please note: Cppcheck does not need standard library headers to get proper results.,/home/yichen/Desktop/Gemini_Baseline_Results08/logs/F028_cppcheck.log
/home/yichen/Desktop/Gemini_Baseline_Code08/F028.c,cppcheck,True,success,True,0,16,4,information,missingIncludeSystem,Include file: <stdlib.h> not found. Please note: Cppcheck does not need standard library headers to get proper results.,/home/yichen/Desktop/Gemini_Baseline_Code08/F028.c|4|information|missingIncludeSystem|Include file: <stdlib.h> not found. Please note: Cppcheck does not need standard library headers to get proper results.,/home/yichen/Desktop/Gemini_Baseline_Results08/logs/F028_cppcheck.log
/home/yichen/Desktop/Gemini_Baseline_Code08/F028.c,cppcheck,True,success,True,0,16,5,information,missingIncludeSystem,Include file: <string.h> not found. Please note: Cppcheck does not need standard library headers to get proper results.,/home/yichen/Desktop/Gemini_Baseline_Code08/F028.c|5|information|missingIncludeSystem|Include file: <string.h> not found. Please note: Cppcheck does not need standard library headers to get proper results.,/home/yichen/Desktop/Gemini_Baseline_Results08/logs/F028_cppcheck.log
/home/yichen/Desktop/Gemini_Baseline_Code08/F028.c,cppcheck,True,success,True,0,16,19,error,memleakOnRealloc,Common realloc mistake: 'route' nulled but not freed upon failure,/home/yichen/Desktop/Gemini_Baseline_Code08/F028.c|19|error|memleakOnRealloc|Common realloc mistake: 'route' nulled but not freed upon failure,/home/yichen/Desktop/Gemini_Baseline_Results08/logs/F028_cppcheck.log
/home/yichen/Desktop/Gemini_Baseline_Code08/F028.c,cppcheck,True,success,True,0,16,30,error,memleakOnRealloc,Common realloc mistake: 'route' nulled but not freed upon failure,/home/yichen/Desktop/Gemini_Baseline_Code08/F028.c|30|error|memleakOnRealloc|Common realloc mistake: 'route' nulled but not freed upon failure,/home/yichen/Desktop/Gemini_Baseline_Results08/logs/F028_cppcheck.log
/home/yichen/Desktop/Gemini_Baseline_Code08/F028.c,cppcheck,True,success,True,0,16,92,style,constVariablePointer,Variable 'cmd' can be declared as pointer to const,/home/yichen/Desktop/Gemini_Baseline_Code08/F028.c|92|style|constVariablePointer|Variable 'cmd' can be declared as pointer to const,/home/yichen/Desktop/Gemini_Baseline_Results08/logs/F028_cppcheck.log
/home/yichen/Desktop/Gemini_Baseline_Code08/F028.c,cppcheck,True,success,True,0,16,95,style,constVariablePointer,Variable 'stop' can be declared as pointer to const,/home/yichen/Desktop/Gemini_Baseline_Code08/F028.c|95|style|constVariablePointer|Variable 'stop' can be declared as pointer to const,/home/yichen/Desktop/Gemini_Baseline_Results08/logs/F028_cppcheck.log
/home/yichen/Desktop/Gemini_Baseline_Code08/F028.c,cppcheck,True,success,True,0,16,96,style,constVariablePointer,Variable 'note' can be declared as pointer to const,/home/yichen/Desktop/Gemini_Baseline_Code08/F028.c|96|style|constVariablePointer|Variable 'note' can be declared as pointer to const,/home/yichen/Desktop/Gemini_Baseline_Results08/logs/F028_cppcheck.log
/home/yichen/Desktop/Gemini_Baseline_Code08/F028.c,cppcheck,True,success,True,0,16,99,style,constVariablePointer,Variable 'idx_s' can be declared as pointer to const,/home/yichen/Desktop/Gemini_Baseline_Code08/F028.c|99|style|constVariablePointer|Variable 'idx_s' can be declared as pointer to const,/home/yichen/Desktop/Gemini_Baseline_Results08/logs/F028_cppcheck.log
/home/yichen/Desktop/Gemini_Baseline_Code08/F028.c,cppcheck,True,success,True,0,16,100,style,constVariablePointer,Variable 'stop' can be declared as pointer to const,/home/yichen/Desktop/Gemini_Baseline_Code08/F028.c|100|style|constVariablePointer|Variable 'stop' can be declared as pointer to const,/home/yichen/Desktop/Gemini_Baseline_Results08/logs/F028_cppcheck.log
/home/yichen/Desktop/Gemini_Baseline_Code08/F028.c,cppcheck,True,success,True,0,16,101,style,constVariablePointer,Variable 'note' can be declared as pointer to const,/home/yichen/Desktop/Gemini_Baseline_Code08/F028.c|101|style|constVariablePointer|Variable 'note' can be declared as pointer to const,/home/yichen/Desktop/Gemini_Baseline_Results08/logs/F028_cppcheck.log
/home/yichen/Desktop/Gemini_Baseline_Code08/F028.c,cppcheck,True,success,True,0,16,106,style,constVariablePointer,Variable 'from_s' can be declared as pointer to const,/home/yichen/Desktop/Gemini_Baseline_Code08/F028.c|106|style|constVariablePointer|Variable 'from_s' can be declared as pointer to const,/home/yichen/Desktop/Gemini_Baseline_Results08/logs/F028_cppcheck.log
/home/yichen/Desktop/Gemini_Baseline_Code08/F028.c,cppcheck,True,success,True,0,16,107,style,constVariablePointer,Variable 'to_s' can be declared as pointer to const,/home/yichen/Desktop/Gemini_Baseline_Code08/F028.c|107|style|constVariablePointer|Variable 'to_s' can be declared as pointer to const,/home/yichen/Desktop/Gemini_Baseline_Results08/logs/F028_cppcheck.log
/home/yichen/Desktop/Gemini_Baseline_Code08/F028.c,cppcheck,True,success,True,0,16,112,style,constVariablePointer,Variable 'idx_s' can be declared as pointer to const,/home/yichen/Desktop/Gemini_Baseline_Code08/F028.c|112|style|constVariablePointer|Variable 'idx_s' can be declared as pointer to const,/home/yichen/Desktop/Gemini_Baseline_Results08/logs/F028_cppcheck.log
/home/yichen/Desktop/Gemini_Baseline_Code08/F028.c,cppcheck,True,success,True,0,16,115,style,constVariablePointer,Variable 'stop' can be declared as pointer to const,/home/yichen/Desktop/Gemini_Baseline_Code08/F028.c|115|style|constVariablePointer|Variable 'stop' can be declared as pointer to const,/home/yichen/Desktop/Gemini_Baseline_Results08/logs/F028_cppcheck.log
nofile,cppcheck,True,success,True,0,16,0,information,checkersReport,Active checkers: 113/592 (use --checkers-report=<filename> to see details),nofile|0|information|checkersReport|Active checkers: 113/592 (use --checkers-report=<filename> to see details),/home/yichen/Desktop/Gemini_Baseline_Results08/logs/F028_cppcheck.log
/home/yichen/Desktop/Gemini_Baseline_Code08/F029.c,cppcheck,True,success,True,0,10,3,information,missingIncludeSystem,Include file: <stdio.h> not found. Please note: Cppcheck does not need standard library headers to get proper results.,/home/yichen/Desktop/Gemini_Baseline_Code08/F029.c|3|information|missingIncludeSystem|Include file: <stdio.h> not found. Please note: Cppcheck does not need standard library headers to get proper results.,/home/yichen/Desktop/Gemini_Baseline_Results08/logs/F029_cppcheck.log
/home/yichen/Desktop/Gemini_Baseline_Code08/F029.c,cppcheck,True,success,True,0,10,4,information,missingIncludeSystem,Include file: <stdlib.h> not found. Please note: Cppcheck does not need standard library headers to get proper results.,/home/yichen/Desktop/Gemini_Baseline_Code08/F029.c|4|information|missingIncludeSystem|Include file: <stdlib.h> not found. Please note: Cppcheck does not need standard library headers to get proper results.,/home/yichen/Desktop/Gemini_Baseline_Results08/logs/F029_cppcheck.log
/home/yichen/Desktop/Gemini_Baseline_Code08/F029.c,cppcheck,True,success,True,0,10,5,information,missingIncludeSystem,Include file: <string.h> not found. Please note: Cppcheck does not need standard library headers to get proper results.,/home/yichen/Desktop/Gemini_Baseline_Code08/F029.c|5|information|missingIncludeSystem|Include file: <string.h> not found. Please note: Cppcheck does not need standard library headers to get proper results.,/home/yichen/Desktop/Gemini_Baseline_Results08/logs/F029_cppcheck.log
/home/yichen/Desktop/Gemini_Baseline_Code08/F029.c,cppcheck,True,success,True,0,10,19,error,memleakOnRealloc,Common realloc mistake: 'records' nulled but not freed upon failure,/home/yichen/Desktop/Gemini_Baseline_Code08/F029.c|19|error|memleakOnRealloc|Common realloc mistake: 'records' nulled but not freed upon failure,/home/yichen/Desktop/Gemini_Baseline_Results08/logs/F029_cppcheck.log
/home/yichen/Desktop/Gemini_Baseline_Code08/F029.c,cppcheck,True,success,True,0,10,90,style,constVariablePointer,Variable 'cmd' can be declared as pointer to const,/home/yichen/Desktop/Gemini_Baseline_Code08/F029.c|90|style|constVariablePointer|Variable 'cmd' can be declared as pointer to const,/home/yichen/Desktop/Gemini_Baseline_Results08/logs/F029_cppcheck.log
/home/yichen/Desktop/Gemini_Baseline_Code08/F029.c,cppcheck,True,success,True,0,10,93,style,constVariablePointer,Variable 'key' can be declared as pointer to const,/home/yichen/Desktop/Gemini_Baseline_Code08/F029.c|93|style|constVariablePointer|Variable 'key' can be declared as pointer to const,/home/yichen/Desktop/Gemini_Baseline_Results08/logs/F029_cppcheck.log
/home/yichen/Desktop/Gemini_Baseline_Code08/F029.c,cppcheck,True,success,True,0,10,94,style,constVariablePointer,Variable 'val' can be declared as pointer to const,/home/yichen/Desktop/Gemini_Baseline_Code08/F029.c|94|style|constVariablePointer|Variable 'val' can be declared as pointer to const,/home/yichen/Desktop/Gemini_Baseline_Results08/logs/F029_cppcheck.log
/home/yichen/Desktop/Gemini_Baseline_Code08/F029.c,cppcheck,True,success,True,0,10,99,style,constVariablePointer,Variable 'key' can be declared as pointer to const,/home/yichen/Desktop/Gemini_Baseline_Code08/F029.c|99|style|constVariablePointer|Variable 'key' can be declared as pointer to const,/home/yichen/Desktop/Gemini_Baseline_Results08/logs/F029_cppcheck.log
/home/yichen/Desktop/Gemini_Baseline_Code08/F029.c,cppcheck,True,success,True,0,10,102,style,constVariablePointer,Variable 'key' can be declared as pointer to const,/home/yichen/Desktop/Gemini_Baseline_Code08/F029.c|102|style|constVariablePointer|Variable 'key' can be declared as pointer to const,/home/yichen/Desktop/Gemini_Baseline_Results08/logs/F029_cppcheck.log
nofile,cppcheck,True,success,True,0,10,0,information,checkersReport,Active checkers: 113/592 (use --checkers-report=<filename> to see details),nofile|0|information|checkersReport|Active checkers: 113/592 (use --checkers-report=<filename> to see details),/home/yichen/Desktop/Gemini_Baseline_Results08/logs/F029_cppcheck.log
/home/yichen/Desktop/Gemini_Baseline_Code08/F030.c,cppcheck,True,success,True,0,13,3,information,missingIncludeSystem,Include file: <stdio.h> not found. Please note: Cppcheck does not need standard library headers to get proper results.,/home/yichen/Desktop/Gemini_Baseline_Code08/F030.c|3|information|missingIncludeSystem|Include file: <stdio.h> not found. Please note: Cppcheck does not need standard library headers to get proper results.,/home/yichen/Desktop/Gemini_Baseline_Results08/logs/F030_cppcheck.log
/home/yichen/Desktop/Gemini_Baseline_Code08/F030.c,cppcheck,True,success,True,0,13,4,information,missingIncludeSystem,Include file: <stdlib.h> not found. Please note: Cppcheck does not need standard library headers to get proper results.,/home/yichen/Desktop/Gemini_Baseline_Code08/F030.c|4|information|missingIncludeSystem|Include file: <stdlib.h> not found. Please note: Cppcheck does not need standard library headers to get proper results.,/home/yichen/Desktop/Gemini_Baseline_Results08/logs/F030_cppcheck.log
/home/yichen/Desktop/Gemini_Baseline_Code08/F030.c,cppcheck,True,success,True,0,13,5,information,missingIncludeSystem,Include file: <string.h> not found. Please note: Cppcheck does not need standard library headers to get proper results.,/home/yichen/Desktop/Gemini_Baseline_Code08/F030.c|5|information|missingIncludeSystem|Include file: <string.h> not found. Please note: Cppcheck does not need standard library headers to get proper results.,/home/yichen/Desktop/Gemini_Baseline_Results08/logs/F030_cppcheck.log
/home/yichen/Desktop/Gemini_Baseline_Code08/F030.c,cppcheck,True,success,True,0,13,19,error,memleakOnRealloc,Common realloc mistake: 'rules' nulled but not freed upon failure,/home/yichen/Desktop/Gemini_Baseline_Code08/F030.c|19|error|memleakOnRealloc|Common realloc mistake: 'rules' nulled but not freed upon failure,/home/yichen/Desktop/Gemini_Baseline_Results08/logs/F030_cppcheck.log
/home/yichen/Desktop/Gemini_Baseline_Code08/F030.c,cppcheck,True,success,True,0,13,28,style,constVariablePointer,Variable 'pos' can be declared as pointer to const,/home/yichen/Desktop/Gemini_Baseline_Code08/F030.c|28|style|constVariablePointer|Variable 'pos' can be declared as pointer to const,/home/yichen/Desktop/Gemini_Baseline_Results08/logs/F030_cppcheck.log
/home/yichen/Desktop/Gemini_Baseline_Code08/F030.c,cppcheck,True,success,True,0,13,91,style,constVariablePointer,Variable 'cmd' can be declared as pointer to const,/home/yichen/Desktop/Gemini_Baseline_Code08/F030.c|91|style|constVariablePointer|Variable 'cmd' can be declared as pointer to const,/home/yichen/Desktop/Gemini_Baseline_Results08/logs/F030_cppcheck.log
/home/yichen/Desktop/Gemini_Baseline_Code08/F030.c,cppcheck,True,success,True,0,13,94,style,constVariablePointer,Variable 'old_str' can be declared as pointer to const,/home/yichen/Desktop/Gemini_Baseline_Code08/F030.c|94|style|constVariablePointer|Variable 'old_str' can be declared as pointer to const,/home/yichen/Desktop/Gemini_Baseline_Results08/logs/F030_cppcheck.log
/home/yichen/Desktop/Gemini_Baseline_Code08/F030.c,cppcheck,True,success,True,0,13,95,style,constVariablePointer,Variable 'new_str' can be declared as pointer to const,/home/yichen/Desktop/Gemini_Baseline_Code08/F030.c|95|style|constVariablePointer|Variable 'new_str' can be declared as pointer to const,/home/yichen/Desktop/Gemini_Baseline_Results08/logs/F030_cppcheck.log
/home/yichen/Desktop/Gemini_Baseline_Code08/F030.c,cppcheck,True,success,True,0,13,98,style,constVariablePointer,Variable 'text' can be declared as pointer to const,/home/yichen/Desktop/Gemini_Baseline_Code08/F030.c|98|style|constVariablePointer|Variable 'text' can be declared as pointer to const,/home/yichen/Desktop/Gemini_Baseline_Results08/logs/F030_cppcheck.log
/home/yichen/Desktop/Gemini_Baseline_Code08/F030.c,cppcheck,True,success,True,0,13,101,style,constVariablePointer,Variable 'old_str' can be declared as pointer to const,/home/yichen/Desktop/Gemini_Baseline_Code08/F030.c|101|style|constVariablePointer|Variable 'old_str' can be declared as pointer to const,/home/yichen/Desktop/Gemini_Baseline_Results08/logs/F030_cppcheck.log
/home/yichen/Desktop/Gemini_Baseline_Code08/F030.c,cppcheck,True,success,True,0,13,104,style,constVariablePointer,Variable 'i_s' can be declared as pointer to const,/home/yichen/Desktop/Gemini_Baseline_Code08/F030.c|104|style|constVariablePointer|Variable 'i_s' can be declared as pointer to const,/home/yichen/Desktop/Gemini_Baseline_Results08/logs/F030_cppcheck.log
/home/yichen/Desktop/Gemini_Baseline_Code08/F030.c,cppcheck,True,success,True,0,13,105,style,constVariablePointer,Variable 'j_s' can be declared as pointer to const,/home/yichen/Desktop/Gemini_Baseline_Code08/F030.c|105|style|constVariablePointer|Variable 'j_s' can be declared as pointer to const,/home/yichen/Desktop/Gemini_Baseline_Results08/logs/F030_cppcheck.log
nofile,cppcheck,True,success,True,0,13,0,information,checkersReport,Active checkers: 113/592 (use --checkers-report=<filename> to see details),nofile|0|information|checkersReport|Active checkers: 113/592 (use --checkers-report=<filename> to see details),/home/yichen/Desktop/Gemini_Baseline_Results08/logs/F030_cppcheck.log
/home/yichen/Desktop/Gemini_Baseline_Code08/F031.c,cppcheck,True,success,True,0,10,3,information,missingIncludeSystem,Include file: <stdio.h> not found. Please note: Cppcheck does not need standard library headers to get proper results.,/home/yichen/Desktop/Gemini_Baseline_Code08/F031.c|3|information|missingIncludeSystem|Include file: <stdio.h> not found. Please note: Cppcheck does not need standard library headers to get proper results.,/home/yichen/Desktop/Gemini_Baseline_Results08/logs/F031_cppcheck.log
/home/yichen/Desktop/Gemini_Baseline_Code08/F031.c,cppcheck,True,success,True,0,10,4,information,missingIncludeSystem,Include file: <stdlib.h> not found. Please note: Cppcheck does not need standard library headers to get proper results.,/home/yichen/Desktop/Gemini_Baseline_Code08/F031.c|4|information|missingIncludeSystem|Include file: <stdlib.h> not found. Please note: Cppcheck does not need standard library headers to get proper results.,/home/yichen/Desktop/Gemini_Baseline_Results08/logs/F031_cppcheck.log
/home/yichen/Desktop/Gemini_Baseline_Code08/F031.c,cppcheck,True,success,True,0,10,5,information,missingIncludeSystem,Include file: <string.h> not found. Please note: Cppcheck does not need standard library headers to get proper results.,/home/yichen/Desktop/Gemini_Baseline_Code08/F031.c|5|information|missingIncludeSystem|Include file: <string.h> not found. Please note: Cppcheck does not need standard library headers to get proper results.,/home/yichen/Desktop/Gemini_Baseline_Results08/logs/F031_cppcheck.log
/home/yichen/Desktop/Gemini_Baseline_Code08/F031.c,cppcheck,True,success,True,0,10,19,error,memleakOnRealloc,Common realloc mistake: 'registry' nulled but not freed upon failure,/home/yichen/Desktop/Gemini_Baseline_Code08/F031.c|19|error|memleakOnRealloc|Common realloc mistake: 'registry' nulled but not freed upon failure,/home/yichen/Desktop/Gemini_Baseline_Results08/logs/F031_cppcheck.log
/home/yichen/Desktop/Gemini_Baseline_Code08/F031.c,cppcheck,True,success,True,0,10,67,style,constVariablePointer,Variable 'cmd' can be declared as pointer to const,/home/yichen/Desktop/Gemini_Baseline_Code08/F031.c|67|style|constVariablePointer|Variable 'cmd' can be declared as pointer to const,/home/yichen/Desktop/Gemini_Baseline_Results08/logs/F031_cppcheck.log
/home/yichen/Desktop/Gemini_Baseline_Code08/F031.c,cppcheck,True,success,True,0,10,73,style,constVariablePointer,Variable 'n_s' can be declared as pointer to const,/home/yichen/Desktop/Gemini_Baseline_Code08/F031.c|73|style|constVariablePointer|Variable 'n_s' can be declared as pointer to const,/home/yichen/Desktop/Gemini_Baseline_Results08/logs/F031_cppcheck.log
/home/yichen/Desktop/Gemini_Baseline_Code08/F031.c,cppcheck,True,success,True,0,10,86,style,constVariablePointer,Variable 'space' can be declared as pointer to const,/home/yichen/Desktop/Gemini_Baseline_Code08/F031.c|86|style|constVariablePointer|Variable 'space' can be declared as pointer to const,/home/yichen/Desktop/Gemini_Baseline_Results08/logs/F031_cppcheck.log
/home/yichen/Desktop/Gemini_Baseline_Code08/F031.c,cppcheck,True,success,True,0,10,104,style,constVariablePointer,Variable 'name' can be declared as pointer to const,/home/yichen/Desktop/Gemini_Baseline_Code08/F031.c|104|style|constVariablePointer|Variable 'name' can be declared as pointer to const,/home/yichen/Desktop/Gemini_Baseline_Results08/logs/F031_cppcheck.log
/home/yichen/Desktop/Gemini_Baseline_Code08/F031.c,cppcheck,True,success,True,0,10,107,style,constVariablePointer,Variable 'name' can be declared as pointer to const,/home/yichen/Desktop/Gemini_Baseline_Code08/F031.c|107|style|constVariablePointer|Variable 'name' can be declared as pointer to const,/home/yichen/Desktop/Gemini_Baseline_Results08/logs/F031_cppcheck.log
nofile,cppcheck,True,success,True,0,10,0,information,checkersReport,Active checkers: 113/592 (use --checkers-report=<filename> to see details),nofile|0|information|checkersReport|Active checkers: 113/592 (use --checkers-report=<filename> to see details),/home/yichen/Desktop/Gemini_Baseline_Results08/logs/F031_cppcheck.log
/home/yichen/Desktop/Gemini_Baseline_Code08/F032.c,cppcheck,True,success,True,0,13,3,information,missingIncludeSystem,Include file: <stdio.h> not found. Please note: Cppcheck does not need standard library headers to get proper results.,/home/yichen/Desktop/Gemini_Baseline_Code08/F032.c|3|information|missingIncludeSystem|Include file: <stdio.h> not found. Please note: Cppcheck does not need standard library headers to get proper results.,/home/yichen/Desktop/Gemini_Baseline_Results08/logs/F032_cppcheck.log
/home/yichen/Desktop/Gemini_Baseline_Code08/F032.c,cppcheck,True,success,True,0,13,4,information,missingIncludeSystem,Include file: <stdlib.h> not found. Please note: Cppcheck does not need standard library headers to get proper results.,/home/yichen/Desktop/Gemini_Baseline_Code08/F032.c|4|information|missingIncludeSystem|Include file: <stdlib.h> not found. Please note: Cppcheck does not need standard library headers to get proper results.,/home/yichen/Desktop/Gemini_Baseline_Results08/logs/F032_cppcheck.log
/home/yichen/Desktop/Gemini_Baseline_Code08/F032.c,cppcheck,True,success,True,0,13,5,information,missingIncludeSystem,Include file: <string.h> not found. Please note: Cppcheck does not need standard library headers to get proper results.,/home/yichen/Desktop/Gemini_Baseline_Code08/F032.c|5|information|missingIncludeSystem|Include file: <string.h> not found. Please note: Cppcheck does not need standard library headers to get proper results.,/home/yichen/Desktop/Gemini_Baseline_Results08/logs/F032_cppcheck.log
/home/yichen/Desktop/Gemini_Baseline_Code08/F032.c,cppcheck,True,success,True,0,13,40,error,memleakOnRealloc,Common realloc mistake: 'committed' nulled but not freed upon failure,/home/yichen/Desktop/Gemini_Baseline_Code08/F032.c|40|error|memleakOnRealloc|Common realloc mistake: 'committed' nulled but not freed upon failure,/home/yichen/Desktop/Gemini_Baseline_Results08/logs/F032_cppcheck.log
/home/yichen/Desktop/Gemini_Baseline_Code08/F032.c,cppcheck,True,success,True,0,13,56,error,memleakOnRealloc,Common realloc mistake: 'staged' nulled but not freed upon failure,/home/yichen/Desktop/Gemini_Baseline_Code08/F032.c|56|error|memleakOnRealloc|Common realloc mistake: 'staged' nulled but not freed upon failure,/home/yichen/Desktop/Gemini_Baseline_Results08/logs/F032_cppcheck.log
/home/yichen/Desktop/Gemini_Baseline_Code08/F032.c,cppcheck,True,success,True,0,13,22,style,constParameterPointer,Parameter 'arr' can be declared as pointer to const,/home/yichen/Desktop/Gemini_Baseline_Code08/F032.c|22|style|constParameterPointer|Parameter 'arr' can be declared as pointer to const,/home/yichen/Desktop/Gemini_Baseline_Results08/logs/F032_cppcheck.log
/home/yichen/Desktop/Gemini_Baseline_Code08/F032.c,cppcheck,True,success,True,0,13,115,style,constVariablePointer,Variable 'cmd' can be declared as pointer to const,/home/yichen/Desktop/Gemini_Baseline_Code08/F032.c|115|style|constVariablePointer|Variable 'cmd' can be declared as pointer to const,/home/yichen/Desktop/Gemini_Baseline_Results08/logs/F032_cppcheck.log
/home/yichen/Desktop/Gemini_Baseline_Code08/F032.c,cppcheck,True,success,True,0,13,118,style,constVariablePointer,Variable 'key' can be declared as pointer to const,/home/yichen/Desktop/Gemini_Baseline_Code08/F032.c|118|style|constVariablePointer|Variable 'key' can be declared as pointer to const,/home/yichen/Desktop/Gemini_Baseline_Results08/logs/F032_cppcheck.log
/home/yichen/Desktop/Gemini_Baseline_Code08/F032.c,cppcheck,True,success,True,0,13,119,style,constVariablePointer,Variable 'value' can be declared as pointer to const,/home/yichen/Desktop/Gemini_Baseline_Code08/F032.c|119|style|constVariablePointer|Variable 'value' can be declared as pointer to const,/home/yichen/Desktop/Gemini_Baseline_Results08/logs/F032_cppcheck.log
/home/yichen/Desktop/Gemini_Baseline_Code08/F032.c,cppcheck,True,success,True,0,13,124,style,constVariablePointer,Variable 'key' can be declared as pointer to const,/home/yichen/Desktop/Gemini_Baseline_Code08/F032.c|124|style|constVariablePointer|Variable 'key' can be declared as pointer to const,/home/yichen/Desktop/Gemini_Baseline_Results08/logs/F032_cppcheck.log
/home/yichen/Desktop/Gemini_Baseline_Code08/F032.c,cppcheck,True,success,True,0,13,125,style,constVariablePointer,Variable 'value' can be declared as pointer to const,/home/yichen/Desktop/Gemini_Baseline_Code08/F032.c|125|style|constVariablePointer|Variable 'value' can be declared as pointer to const,/home/yichen/Desktop/Gemini_Baseline_Results08/logs/F032_cppcheck.log
/home/yichen/Desktop/Gemini_Baseline_Code08/F032.c,cppcheck,True,success,True,0,13,132,style,constVariablePointer,Variable 'key' can be declared as pointer to const,/home/yichen/Desktop/Gemini_Baseline_Code08/F032.c|132|style|constVariablePointer|Variable 'key' can be declared as pointer to const,/home/yichen/Desktop/Gemini_Baseline_Results08/logs/F032_cppcheck.log
nofile,cppcheck,True,success,True,0,13,0,information,checkersReport,Active checkers: 113/592 (use --checkers-report=<filename> to see details),nofile|0|information|checkersReport|Active checkers: 113/592 (use --checkers-report=<filename> to see details),/home/yichen/Desktop/Gemini_Baseline_Results08/logs/F032_cppcheck.log
/home/yichen/Desktop/Gemini_Baseline_Code08/F033.c,cppcheck,True,success,True,0,16,3,information,missingIncludeSystem,Include file: <stdio.h> not found. Please note: Cppcheck does not need standard library headers to get proper results.,/home/yichen/Desktop/Gemini_Baseline_Code08/F033.c|3|information|missingIncludeSystem|Include file: <stdio.h> not found. Please note: Cppcheck does not need standard library headers to get proper results.,/home/yichen/Desktop/Gemini_Baseline_Results08/logs/F033_cppcheck.log
/home/yichen/Desktop/Gemini_Baseline_Code08/F033.c,cppcheck,True,success,True,0,16,4,information,missingIncludeSystem,Include file: <stdlib.h> not found. Please note: Cppcheck does not need standard library headers to get proper results.,/home/yichen/Desktop/Gemini_Baseline_Code08/F033.c|4|information|missingIncludeSystem|Include file: <stdlib.h> not found. Please note: Cppcheck does not need standard library headers to get proper results.,/home/yichen/Desktop/Gemini_Baseline_Results08/logs/F033_cppcheck.log
/home/yichen/Desktop/Gemini_Baseline_Code08/F033.c,cppcheck,True,success,True,0,16,5,information,missingIncludeSystem,Include file: <string.h> not found. Please note: Cppcheck does not need standard library headers to get proper results.,/home/yichen/Desktop/Gemini_Baseline_Code08/F033.c|5|information|missingIncludeSystem|Include file: <string.h> not found. Please note: Cppcheck does not need standard library headers to get proper results.,/home/yichen/Desktop/Gemini_Baseline_Results08/logs/F033_cppcheck.log
/home/yichen/Desktop/Gemini_Baseline_Code08/F033.c,cppcheck,True,success,True,0,16,31,error,memleakOnRealloc,Common realloc mistake: 'registry' nulled but not freed upon failure,/home/yichen/Desktop/Gemini_Baseline_Code08/F033.c|31|error|memleakOnRealloc|Common realloc mistake: 'registry' nulled but not freed upon failure,/home/yichen/Desktop/Gemini_Baseline_Results08/logs/F033_cppcheck.log
/home/yichen/Desktop/Gemini_Baseline_Code08/F033.c,cppcheck,True,success,True,0,16,90,style,constVariablePointer,Variable 'cmd' can be declared as pointer to const,/home/yichen/Desktop/Gemini_Baseline_Code08/F033.c|90|style|constVariablePointer|Variable 'cmd' can be declared as pointer to const,/home/yichen/Desktop/Gemini_Baseline_Results08/logs/F033_cppcheck.log
/home/yichen/Desktop/Gemini_Baseline_Code08/F033.c,cppcheck,True,success,True,0,16,93,style,constVariablePointer,Variable 'id' can be declared as pointer to const,/home/yichen/Desktop/Gemini_Baseline_Code08/F033.c|93|style|constVariablePointer|Variable 'id' can be declared as pointer to const,/home/yichen/Desktop/Gemini_Baseline_Results08/logs/F033_cppcheck.log
/home/yichen/Desktop/Gemini_Baseline_Code08/F033.c,cppcheck,True,success,True,0,16,94,style,constVariablePointer,Variable 'name' can be declared as pointer to const,/home/yichen/Desktop/Gemini_Baseline_Code08/F033.c|94|style|constVariablePointer|Variable 'name' can be declared as pointer to const,/home/yichen/Desktop/Gemini_Baseline_Results08/logs/F033_cppcheck.log
/home/yichen/Desktop/Gemini_Baseline_Code08/F033.c,cppcheck,True,success,True,0,16,95,style,constVariablePointer,Variable 'dept' can be declared as pointer to const,/home/yichen/Desktop/Gemini_Baseline_Code08/F033.c|95|style|constVariablePointer|Variable 'dept' can be declared as pointer to const,/home/yichen/Desktop/Gemini_Baseline_Results08/logs/F033_cppcheck.log
/home/yichen/Desktop/Gemini_Baseline_Code08/F033.c,cppcheck,True,success,True,0,16,96,style,constVariablePointer,Variable 'title' can be declared as pointer to const,/home/yichen/Desktop/Gemini_Baseline_Code08/F033.c|96|style|constVariablePointer|Variable 'title' can be declared as pointer to const,/home/yichen/Desktop/Gemini_Baseline_Results08/logs/F033_cppcheck.log
/home/yichen/Desktop/Gemini_Baseline_Code08/F033.c,cppcheck,True,success,True,0,16,99,style,constVariablePointer,Variable 'id' can be declared as pointer to const,/home/yichen/Desktop/Gemini_Baseline_Code08/F033.c|99|style|constVariablePointer|Variable 'id' can be declared as pointer to const,/home/yichen/Desktop/Gemini_Baseline_Results08/logs/F033_cppcheck.log
/home/yichen/Desktop/Gemini_Baseline_Code08/F033.c,cppcheck,True,success,True,0,16,100,style,constVariablePointer,Variable 'name' can be declared as pointer to const,/home/yichen/Desktop/Gemini_Baseline_Code08/F033.c|100|style|constVariablePointer|Variable 'name' can be declared as pointer to const,/home/yichen/Desktop/Gemini_Baseline_Results08/logs/F033_cppcheck.log
/home/yichen/Desktop/Gemini_Baseline_Code08/F033.c,cppcheck,True,success,True,0,16,101,style,constVariablePointer,Variable 'dept' can be declared as pointer to const,/home/yichen/Desktop/Gemini_Baseline_Code08/F033.c|101|style|constVariablePointer|Variable 'dept' can be declared as pointer to const,/home/yichen/Desktop/Gemini_Baseline_Results08/logs/F033_cppcheck.log
/home/yichen/Desktop/Gemini_Baseline_Code08/F033.c,cppcheck,True,success,True,0,16,102,style,constVariablePointer,Variable 'title' can be declared as pointer to const,/home/yichen/Desktop/Gemini_Baseline_Code08/F033.c|102|style|constVariablePointer|Variable 'title' can be declared as pointer to const,/home/yichen/Desktop/Gemini_Baseline_Results08/logs/F033_cppcheck.log
/home/yichen/Desktop/Gemini_Baseline_Code08/F033.c,cppcheck,True,success,True,0,16,105,style,constVariablePointer,Variable 'id' can be declared as pointer to const,/home/yichen/Desktop/Gemini_Baseline_Code08/F033.c|105|style|constVariablePointer|Variable 'id' can be declared as pointer to const,/home/yichen/Desktop/Gemini_Baseline_Results08/logs/F033_cppcheck.log
/home/yichen/Desktop/Gemini_Baseline_Code08/F033.c,cppcheck,True,success,True,0,16,108,style,constVariablePointer,Variable 'id' can be declared as pointer to const,/home/yichen/Desktop/Gemini_Baseline_Code08/F033.c|108|style|constVariablePointer|Variable 'id' can be declared as pointer to const,/home/yichen/Desktop/Gemini_Baseline_Results08/logs/F033_cppcheck.log
nofile,cppcheck,True,success,True,0,16,0,information,checkersReport,Active checkers: 113/592 (use --checkers-report=<filename> to see details),nofile|0|information|checkersReport|Active checkers: 113/592 (use --checkers-report=<filename> to see details),/home/yichen/Desktop/Gemini_Baseline_Results08/logs/F033_cppcheck.log
/home/yichen/Desktop/Gemini_Baseline_Code08/F034.c,cppcheck,True,success,True,0,11,3,information,missingIncludeSystem,Include file: <stdio.h> not found. Please note: Cppcheck does not need standard library headers to get proper results.,/home/yichen/Desktop/Gemini_Baseline_Code08/F034.c|3|information|missingIncludeSystem|Include file: <stdio.h> not found. Please note: Cppcheck does not need standard library headers to get proper results.,/home/yichen/Desktop/Gemini_Baseline_Results08/logs/F034_cppcheck.log
/home/yichen/Desktop/Gemini_Baseline_Code08/F034.c,cppcheck,True,success,True,0,11,4,information,missingIncludeSystem,Include file: <stdlib.h> not found. Please note: Cppcheck does not need standard library headers to get proper results.,/home/yichen/Desktop/Gemini_Baseline_Code08/F034.c|4|information|missingIncludeSystem|Include file: <stdlib.h> not found. Please note: Cppcheck does not need standard library headers to get proper results.,/home/yichen/Desktop/Gemini_Baseline_Results08/logs/F034_cppcheck.log
/home/yichen/Desktop/Gemini_Baseline_Code08/F034.c,cppcheck,True,success,True,0,11,5,information,missingIncludeSystem,Include file: <string.h> not found. Please note: Cppcheck does not need standard library headers to get proper results.,/home/yichen/Desktop/Gemini_Baseline_Code08/F034.c|5|information|missingIncludeSystem|Include file: <string.h> not found. Please note: Cppcheck does not need standard library headers to get proper results.,/home/yichen/Desktop/Gemini_Baseline_Results08/logs/F034_cppcheck.log
/home/yichen/Desktop/Gemini_Baseline_Code08/F034.c,cppcheck,True,success,True,0,11,19,error,memleakOnRealloc,Common realloc mistake: 'store' nulled but not freed upon failure,/home/yichen/Desktop/Gemini_Baseline_Code08/F034.c|19|error|memleakOnRealloc|Common realloc mistake: 'store' nulled but not freed upon failure,/home/yichen/Desktop/Gemini_Baseline_Results08/logs/F034_cppcheck.log
/home/yichen/Desktop/Gemini_Baseline_Code08/F034.c,cppcheck,True,success,True,0,11,67,error,memleakOnRealloc,Common realloc mistake: 'new_store' nulled but not freed upon failure,/home/yichen/Desktop/Gemini_Baseline_Code08/F034.c|67|error|memleakOnRealloc|Common realloc mistake: 'new_store' nulled but not freed upon failure,/home/yichen/Desktop/Gemini_Baseline_Results08/logs/F034_cppcheck.log
/home/yichen/Desktop/Gemini_Baseline_Code08/F034.c,cppcheck,True,success,True,0,11,95,style,constVariablePointer,Variable 'filepath' can be declared as pointer to const,/home/yichen/Desktop/Gemini_Baseline_Code08/F034.c|95|style|constVariablePointer|Variable 'filepath' can be declared as pointer to const,/home/yichen/Desktop/Gemini_Baseline_Results08/logs/F034_cppcheck.log
/home/yichen/Desktop/Gemini_Baseline_Code08/F034.c,cppcheck,True,success,True,0,11,106,style,constVariablePointer,Variable 'cmd' can be declared as pointer to const,/home/yichen/Desktop/Gemini_Baseline_Code08/F034.c|106|style|constVariablePointer|Variable 'cmd' can be declared as pointer to const,/home/yichen/Desktop/Gemini_Baseline_Results08/logs/F034_cppcheck.log
/home/yichen/Desktop/Gemini_Baseline_Code08/F034.c,cppcheck,True,success,True,0,11,111,style,constVariablePointer,Variable 'name' can be declared as pointer to const,/home/yichen/Desktop/Gemini_Baseline_Code08/F034.c|111|style|constVariablePointer|Variable 'name' can be declared as pointer to const,/home/yichen/Desktop/Gemini_Baseline_Results08/logs/F034_cppcheck.log
/home/yichen/Desktop/Gemini_Baseline_Code08/F034.c,cppcheck,True,success,True,0,11,112,style,constVariablePointer,Variable 'note' can be declared as pointer to const,/home/yichen/Desktop/Gemini_Baseline_Code08/F034.c|112|style|constVariablePointer|Variable 'note' can be declared as pointer to const,/home/yichen/Desktop/Gemini_Baseline_Results08/logs/F034_cppcheck.log
/home/yichen/Desktop/Gemini_Baseline_Code08/F034.c,cppcheck,True,success,True,0,11,115,style,constVariablePointer,Variable 'name' can be declared as pointer to const,/home/yichen/Desktop/Gemini_Baseline_Code08/F034.c|115|style|constVariablePointer|Variable 'name' can be declared as pointer to const,/home/yichen/Desktop/Gemini_Baseline_Results08/logs/F034_cppcheck.log
nofile,cppcheck,True,success,True,0,11,0,information,checkersReport,Active checkers: 113/592 (use --checkers-report=<filename> to see details),nofile|0|information|checkersReport|Active checkers: 113/592 (use --checkers-report=<filename> to see details),/home/yichen/Desktop/Gemini_Baseline_Results08/logs/F034_cppcheck.log
/home/yichen/Desktop/Gemini_Baseline_Code08/F035.c,cppcheck,True,success,True,0,12,3,information,missingIncludeSystem,Include file: <stdio.h> not found. Please note: Cppcheck does not need standard library headers to get proper results.,/home/yichen/Desktop/Gemini_Baseline_Code08/F035.c|3|information|missingIncludeSystem|Include file: <stdio.h> not found. Please note: Cppcheck does not need standard library headers to get proper results.,/home/yichen/Desktop/Gemini_Baseline_Results08/logs/F035_cppcheck.log
/home/yichen/Desktop/Gemini_Baseline_Code08/F035.c,cppcheck,True,success,True,0,12,4,information,missingIncludeSystem,Include file: <stdlib.h> not found. Please note: Cppcheck does not need standard library headers to get proper results.,/home/yichen/Desktop/Gemini_Baseline_Code08/F035.c|4|information|missingIncludeSystem|Include file: <stdlib.h> not found. Please note: Cppcheck does not need standard library headers to get proper results.,/home/yichen/Desktop/Gemini_Baseline_Results08/logs/F035_cppcheck.log
/home/yichen/Desktop/Gemini_Baseline_Code08/F035.c,cppcheck,True,success,True,0,12,5,information,missingIncludeSystem,Include file: <string.h> not found. Please note: Cppcheck does not need standard library headers to get proper results.,/home/yichen/Desktop/Gemini_Baseline_Code08/F035.c|5|information|missingIncludeSystem|Include file: <string.h> not found. Please note: Cppcheck does not need standard library headers to get proper results.,/home/yichen/Desktop/Gemini_Baseline_Results08/logs/F035_cppcheck.log
/home/yichen/Desktop/Gemini_Baseline_Code08/F035.c,cppcheck,True,success,True,0,12,28,error,memleakOnRealloc,Common realloc mistake: 'queue' nulled but not freed upon failure,/home/yichen/Desktop/Gemini_Baseline_Code08/F035.c|28|error|memleakOnRealloc|Common realloc mistake: 'queue' nulled but not freed upon failure,/home/yichen/Desktop/Gemini_Baseline_Results08/logs/F035_cppcheck.log
/home/yichen/Desktop/Gemini_Baseline_Code08/F035.c,cppcheck,True,success,True,0,12,88,style,constVariablePointer,Variable 'cmd' can be declared as pointer to const,/home/yichen/Desktop/Gemini_Baseline_Code08/F035.c|88|style|constVariablePointer|Variable 'cmd' can be declared as pointer to const,/home/yichen/Desktop/Gemini_Baseline_Results08/logs/F035_cppcheck.log
/home/yichen/Desktop/Gemini_Baseline_Code08/F035.c,cppcheck,True,success,True,0,12,91,style,constVariablePointer,Variable 'name' can be declared as pointer to const,/home/yichen/Desktop/Gemini_Baseline_Code08/F035.c|91|style|constVariablePointer|Variable 'name' can be declared as pointer to const,/home/yichen/Desktop/Gemini_Baseline_Results08/logs/F035_cppcheck.log
/home/yichen/Desktop/Gemini_Baseline_Code08/F035.c,cppcheck,True,success,True,0,12,92,style,constVariablePointer,Variable 'payload' can be declared as pointer to const,/home/yichen/Desktop/Gemini_Baseline_Code08/F035.c|92|style|constVariablePointer|Variable 'payload' can be declared as pointer to const,/home/yichen/Desktop/Gemini_Baseline_Results08/logs/F035_cppcheck.log
/home/yichen/Desktop/Gemini_Baseline_Code08/F035.c,cppcheck,True,success,True,0,12,95,style,constVariablePointer,Variable 'oldName' can be declared as pointer to const,/home/yichen/Desktop/Gemini_Baseline_Code08/F035.c|95|style|constVariablePointer|Variable 'oldName' can be declared as pointer to const,/home/yichen/Desktop/Gemini_Baseline_Results08/logs/F035_cppcheck.log
/home/yichen/Desktop/Gemini_Baseline_Code08/F035.c,cppcheck,True,success,True,0,12,96,style,constVariablePointer,Variable 'newName' can be declared as pointer to const,/home/yichen/Desktop/Gemini_Baseline_Code08/F035.c|96|style|constVariablePointer|Variable 'newName' can be declared as pointer to const,/home/yichen/Desktop/Gemini_Baseline_Results08/logs/F035_cppcheck.log
/home/yichen/Desktop/Gemini_Baseline_Code08/F035.c,cppcheck,True,success,True,0,12,99,style,constVariablePointer,Variable 'name' can be declared as pointer to const,/home/yichen/Desktop/Gemini_Baseline_Code08/F035.c|99|style|constVariablePointer|Variable 'name' can be declared as pointer to const,/home/yichen/Desktop/Gemini_Baseline_Results08/logs/F035_cppcheck.log
/home/yichen/Desktop/Gemini_Baseline_Code08/F035.c,cppcheck,True,success,True,0,12,102,style,constVariablePointer,Variable 'name' can be declared as pointer to const,/home/yichen/Desktop/Gemini_Baseline_Code08/F035.c|102|style|constVariablePointer|Variable 'name' can be declared as pointer to const,/home/yichen/Desktop/Gemini_Baseline_Results08/logs/F035_cppcheck.log
nofile,cppcheck,True,success,True,0,12,0,information,checkersReport,Active checkers: 113/592 (use --checkers-report=<filename> to see details),nofile|0|information|checkersReport|Active checkers: 113/592 (use --checkers-report=<filename> to see details),/home/yichen/Desktop/Gemini_Baseline_Results08/logs/F035_cppcheck.log
/home/yichen/Desktop/Gemini_Baseline_Code08/F036.c,cppcheck,True,success,True,0,11,3,information,missingIncludeSystem,Include file: <stdio.h> not found. Please note: Cppcheck does not need standard library headers to get proper results.,/home/yichen/Desktop/Gemini_Baseline_Code08/F036.c|3|information|missingIncludeSystem|Include file: <stdio.h> not found. Please note: Cppcheck does not need standard library headers to get proper results.,/home/yichen/Desktop/Gemini_Baseline_Results08/logs/F036_cppcheck.log
/home/yichen/Desktop/Gemini_Baseline_Code08/F036.c,cppcheck,True,success,True,0,11,4,information,missingIncludeSystem,Include file: <stdlib.h> not found. Please note: Cppcheck does not need standard library headers to get proper results.,/home/yichen/Desktop/Gemini_Baseline_Code08/F036.c|4|information|missingIncludeSystem|Include file: <stdlib.h> not found. Please note: Cppcheck does not need standard library headers to get proper results.,/home/yichen/Desktop/Gemini_Baseline_Results08/logs/F036_cppcheck.log
/home/yichen/Desktop/Gemini_Baseline_Code08/F036.c,cppcheck,True,success,True,0,11,5,information,missingIncludeSystem,Include file: <string.h> not found. Please note: Cppcheck does not need standard library headers to get proper results.,/home/yichen/Desktop/Gemini_Baseline_Code08/F036.c|5|information|missingIncludeSystem|Include file: <string.h> not found. Please note: Cppcheck does not need standard library headers to get proper results.,/home/yichen/Desktop/Gemini_Baseline_Results08/logs/F036_cppcheck.log
/home/yichen/Desktop/Gemini_Baseline_Code08/F036.c,cppcheck,True,success,True,0,11,33,error,memleakOnRealloc,Common realloc mistake: 'records' nulled but not freed upon failure,/home/yichen/Desktop/Gemini_Baseline_Code08/F036.c|33|error|memleakOnRealloc|Common realloc mistake: 'records' nulled but not freed upon failure,/home/yichen/Desktop/Gemini_Baseline_Results08/logs/F036_cppcheck.log
/home/yichen/Desktop/Gemini_Baseline_Code08/F036.c,cppcheck,True,success,True,0,11,57,style,constVariablePointer,Variable 'd' can be declared as pointer to const,/home/yichen/Desktop/Gemini_Baseline_Code08/F036.c|57|style|constVariablePointer|Variable 'd' can be declared as pointer to const,/home/yichen/Desktop/Gemini_Baseline_Results08/logs/F036_cppcheck.log
/home/yichen/Desktop/Gemini_Baseline_Code08/F036.c,cppcheck,True,success,True,0,11,86,style,constVariablePointer,Variable 'cmd' can be declared as pointer to const,/home/yichen/Desktop/Gemini_Baseline_Code08/F036.c|86|style|constVariablePointer|Variable 'cmd' can be declared as pointer to const,/home/yichen/Desktop/Gemini_Baseline_Results08/logs/F036_cppcheck.log
/home/yichen/Desktop/Gemini_Baseline_Code08/F036.c,cppcheck,True,success,True,0,11,89,style,constVariablePointer,Variable 'name' can be declared as pointer to const,/home/yichen/Desktop/Gemini_Baseline_Code08/F036.c|89|style|constVariablePointer|Variable 'name' can be declared as pointer to const,/home/yichen/Desktop/Gemini_Baseline_Results08/logs/F036_cppcheck.log
/home/yichen/Desktop/Gemini_Baseline_Code08/F036.c,cppcheck,True,success,True,0,11,90,style,constVariablePointer,Variable 'len_data' can be declared as pointer to const,/home/yichen/Desktop/Gemini_Baseline_Code08/F036.c|90|style|constVariablePointer|Variable 'len_data' can be declared as pointer to const,/home/yichen/Desktop/Gemini_Baseline_Results08/logs/F036_cppcheck.log
/home/yichen/Desktop/Gemini_Baseline_Code08/F036.c,cppcheck,True,success,True,0,11,93,style,constVariablePointer,Variable 'name' can be declared as pointer to const,/home/yichen/Desktop/Gemini_Baseline_Code08/F036.c|93|style|constVariablePointer|Variable 'name' can be declared as pointer to const,/home/yichen/Desktop/Gemini_Baseline_Results08/logs/F036_cppcheck.log
/home/yichen/Desktop/Gemini_Baseline_Code08/F036.c,cppcheck,True,success,True,0,11,96,style,constVariablePointer,Variable 'name' can be declared as pointer to const,/home/yichen/Desktop/Gemini_Baseline_Code08/F036.c|96|style|constVariablePointer|Variable 'name' can be declared as pointer to const,/home/yichen/Desktop/Gemini_Baseline_Results08/logs/F036_cppcheck.log
nofile,cppcheck,True,success,True,0,11,0,information,checkersReport,Active checkers: 113/592 (use --checkers-report=<filename> to see details),nofile|0|information|checkersReport|Active checkers: 113/592 (use --checkers-report=<filename> to see details),/home/yichen/Desktop/Gemini_Baseline_Results08/logs/F036_cppcheck.log
/home/yichen/Desktop/Gemini_Baseline_Code08/F037.c,cppcheck,True,success,True,0,15,3,information,missingIncludeSystem,Include file: <stdio.h> not found. Please note: Cppcheck does not need standard library headers to get proper results.,/home/yichen/Desktop/Gemini_Baseline_Code08/F037.c|3|information|missingIncludeSystem|Include file: <stdio.h> not found. Please note: Cppcheck does not need standard library headers to get proper results.,/home/yichen/Desktop/Gemini_Baseline_Results08/logs/F037_cppcheck.log
/home/yichen/Desktop/Gemini_Baseline_Code08/F037.c,cppcheck,True,success,True,0,15,4,information,missingIncludeSystem,Include file: <stdlib.h> not found. Please note: Cppcheck does not need standard library headers to get proper results.,/home/yichen/Desktop/Gemini_Baseline_Code08/F037.c|4|information|missingIncludeSystem|Include file: <stdlib.h> not found. Please note: Cppcheck does not need standard library headers to get proper results.,/home/yichen/Desktop/Gemini_Baseline_Results08/logs/F037_cppcheck.log
/home/yichen/Desktop/Gemini_Baseline_Code08/F037.c,cppcheck,True,success,True,0,15,5,information,missingIncludeSystem,Include file: <string.h> not found. Please note: Cppcheck does not need standard library headers to get proper results.,/home/yichen/Desktop/Gemini_Baseline_Code08/F037.c|5|information|missingIncludeSystem|Include file: <string.h> not found. Please note: Cppcheck does not need standard library headers to get proper results.,/home/yichen/Desktop/Gemini_Baseline_Results08/logs/F037_cppcheck.log
/home/yichen/Desktop/Gemini_Baseline_Code08/F037.c,cppcheck,True,success,True,0,15,31,error,memleakOnRealloc,Common realloc mistake: 'buffers' nulled but not freed upon failure,/home/yichen/Desktop/Gemini_Baseline_Code08/F037.c|31|error|memleakOnRealloc|Common realloc mistake: 'buffers' nulled but not freed upon failure,/home/yichen/Desktop/Gemini_Baseline_Results08/logs/F037_cppcheck.log
/home/yichen/Desktop/Gemini_Baseline_Code08/F037.c,cppcheck,True,success,True,0,15,68,style,constVariablePointer,Variable 'b' can be declared as pointer to const,/home/yichen/Desktop/Gemini_Baseline_Code08/F037.c|68|style|constVariablePointer|Variable 'b' can be declared as pointer to const,/home/yichen/Desktop/Gemini_Baseline_Results08/logs/F037_cppcheck.log
/home/yichen/Desktop/Gemini_Baseline_Code08/F037.c,cppcheck,True,success,True,0,15,107,style,constVariablePointer,Variable 'cmd' can be declared as pointer to const,/home/yichen/Desktop/Gemini_Baseline_Code08/F037.c|107|style|constVariablePointer|Variable 'cmd' can be declared as pointer to const,/home/yichen/Desktop/Gemini_Baseline_Results08/logs/F037_cppcheck.log
/home/yichen/Desktop/Gemini_Baseline_Code08/F037.c,cppcheck,True,success,True,0,15,110,style,constVariablePointer,Variable 'name' can be declared as pointer to const,/home/yichen/Desktop/Gemini_Baseline_Code08/F037.c|110|style|constVariablePointer|Variable 'name' can be declared as pointer to const,/home/yichen/Desktop/Gemini_Baseline_Results08/logs/F037_cppcheck.log
/home/yichen/Desktop/Gemini_Baseline_Code08/F037.c,cppcheck,True,success,True,0,15,111,style,constVariablePointer,Variable 'hex' can be declared as pointer to const,/home/yichen/Desktop/Gemini_Baseline_Code08/F037.c|111|style|constVariablePointer|Variable 'hex' can be declared as pointer to const,/home/yichen/Desktop/Gemini_Baseline_Results08/logs/F037_cppcheck.log
/home/yichen/Desktop/Gemini_Baseline_Code08/F037.c,cppcheck,True,success,True,0,15,114,style,constVariablePointer,Variable 'name' can be declared as pointer to const,/home/yichen/Desktop/Gemini_Baseline_Code08/F037.c|114|style|constVariablePointer|Variable 'name' can be declared as pointer to const,/home/yichen/Desktop/Gemini_Baseline_Results08/logs/F037_cppcheck.log
/home/yichen/Desktop/Gemini_Baseline_Code08/F037.c,cppcheck,True,success,True,0,15,115,style,constVariablePointer,Variable 'hex' can be declared as pointer to const,/home/yichen/Desktop/Gemini_Baseline_Code08/F037.c|115|style|constVariablePointer|Variable 'hex' can be declared as pointer to const,/home/yichen/Desktop/Gemini_Baseline_Results08/logs/F037_cppcheck.log
/home/yichen/Desktop/Gemini_Baseline_Code08/F037.c,cppcheck,True,success,True,0,15,118,style,constVariablePointer,Variable 'name' can be declared as pointer to const,/home/yichen/Desktop/Gemini_Baseline_Code08/F037.c|118|style|constVariablePointer|Variable 'name' can be declared as pointer to const,/home/yichen/Desktop/Gemini_Baseline_Results08/logs/F037_cppcheck.log
/home/yichen/Desktop/Gemini_Baseline_Code08/F037.c,cppcheck,True,success,True,0,15,119,style,constVariablePointer,Variable 'off_s' can be declared as pointer to const,/home/yichen/Desktop/Gemini_Baseline_Code08/F037.c|119|style|constVariablePointer|Variable 'off_s' can be declared as pointer to const,/home/yichen/Desktop/Gemini_Baseline_Results08/logs/F037_cppcheck.log
/home/yichen/Desktop/Gemini_Baseline_Code08/F037.c,cppcheck,True,success,True,0,15,120,style,constVariablePointer,Variable 'len_s' can be declared as pointer to const,/home/yichen/Desktop/Gemini_Baseline_Code08/F037.c|120|style|constVariablePointer|Variable 'len_s' can be declared as pointer to const,/home/yichen/Desktop/Gemini_Baseline_Results08/logs/F037_cppcheck.log
/home/yichen/Desktop/Gemini_Baseline_Code08/F037.c,cppcheck,True,success,True,0,15,125,style,constVariablePointer,Variable 'name' can be declared as pointer to const,/home/yichen/Desktop/Gemini_Baseline_Code08/F037.c|125|style|constVariablePointer|Variable 'name' can be declared as pointer to const,/home/yichen/Desktop/Gemini_Baseline_Results08/logs/F037_cppcheck.log
nofile,cppcheck,True,success,True,0,15,0,information,checkersReport,Active checkers: 113/592 (use --checkers-report=<filename> to see details),nofile|0|information|checkersReport|Active checkers: 113/592 (use --checkers-report=<filename> to see details),/home/yichen/Desktop/Gemini_Baseline_Results08/logs/F037_cppcheck.log
/home/yichen/Desktop/Gemini_Baseline_Code08/F038.c,cppcheck,True,success,True,0,11,3,information,missingIncludeSystem,Include file: <stdio.h> not found. Please note: Cppcheck does not need standard library headers to get proper results.,/home/yichen/Desktop/Gemini_Baseline_Code08/F038.c|3|information|missingIncludeSystem|Include file: <stdio.h> not found. Please note: Cppcheck does not need standard library headers to get proper results.,/home/yichen/Desktop/Gemini_Baseline_Results08/logs/F038_cppcheck.log
/home/yichen/Desktop/Gemini_Baseline_Code08/F038.c,cppcheck,True,success,True,0,11,4,information,missingIncludeSystem,Include file: <stdlib.h> not found. Please note: Cppcheck does not need standard library headers to get proper results.,/home/yichen/Desktop/Gemini_Baseline_Code08/F038.c|4|information|missingIncludeSystem|Include file: <stdlib.h> not found. Please note: Cppcheck does not need standard library headers to get proper results.,/home/yichen/Desktop/Gemini_Baseline_Results08/logs/F038_cppcheck.log
/home/yichen/Desktop/Gemini_Baseline_Code08/F038.c,cppcheck,True,success,True,0,11,5,information,missingIncludeSystem,Include file: <string.h> not found. Please note: Cppcheck does not need standard library headers to get proper results.,/home/yichen/Desktop/Gemini_Baseline_Code08/F038.c|5|information|missingIncludeSystem|Include file: <string.h> not found. Please note: Cppcheck does not need standard library headers to get proper results.,/home/yichen/Desktop/Gemini_Baseline_Results08/logs/F038_cppcheck.log
/home/yichen/Desktop/Gemini_Baseline_Code08/F038.c,cppcheck,True,success,True,0,11,6,information,missingIncludeSystem,Include file: <ctype.h> not found. Please note: Cppcheck does not need standard library headers to get proper results.,/home/yichen/Desktop/Gemini_Baseline_Code08/F038.c|6|information|missingIncludeSystem|Include file: <ctype.h> not found. Please note: Cppcheck does not need standard library headers to get proper results.,/home/yichen/Desktop/Gemini_Baseline_Results08/logs/F038_cppcheck.log
/home/yichen/Desktop/Gemini_Baseline_Code08/F038.c,cppcheck,True,success,True,0,11,30,error,memleakOnRealloc,Common realloc mistake: 'store' nulled but not freed upon failure,/home/yichen/Desktop/Gemini_Baseline_Code08/F038.c|30|error|memleakOnRealloc|Common realloc mistake: 'store' nulled but not freed upon failure,/home/yichen/Desktop/Gemini_Baseline_Results08/logs/F038_cppcheck.log
/home/yichen/Desktop/Gemini_Baseline_Code08/F038.c,cppcheck,True,success,True,0,11,119,style,constVariablePointer,Variable 'cmd' can be declared as pointer to const,/home/yichen/Desktop/Gemini_Baseline_Code08/F038.c|119|style|constVariablePointer|Variable 'cmd' can be declared as pointer to const,/home/yichen/Desktop/Gemini_Baseline_Results08/logs/F038_cppcheck.log
/home/yichen/Desktop/Gemini_Baseline_Code08/F038.c,cppcheck,True,success,True,0,11,122,style,constVariablePointer,Variable 'name' can be declared as pointer to const,/home/yichen/Desktop/Gemini_Baseline_Code08/F038.c|122|style|constVariablePointer|Variable 'name' can be declared as pointer to const,/home/yichen/Desktop/Gemini_Baseline_Results08/logs/F038_cppcheck.log
/home/yichen/Desktop/Gemini_Baseline_Code08/F038.c,cppcheck,True,success,True,0,11,123,style,constVariablePointer,Variable 'encoded' can be declared as pointer to const,/home/yichen/Desktop/Gemini_Baseline_Code08/F038.c|123|style|constVariablePointer|Variable 'encoded' can be declared as pointer to const,/home/yichen/Desktop/Gemini_Baseline_Results08/logs/F038_cppcheck.log
/home/yichen/Desktop/Gemini_Baseline_Code08/F038.c,cppcheck,True,success,True,0,11,126,style,constVariablePointer,Variable 'name' can be declared as pointer to const,/home/yichen/Desktop/Gemini_Baseline_Code08/F038.c|126|style|constVariablePointer|Variable 'name' can be declared as pointer to const,/home/yichen/Desktop/Gemini_Baseline_Results08/logs/F038_cppcheck.log
/home/yichen/Desktop/Gemini_Baseline_Code08/F038.c,cppcheck,True,success,True,0,11,129,style,constVariablePointer,Variable 'name' can be declared as pointer to const,/home/yichen/Desktop/Gemini_Baseline_Code08/F038.c|129|style|constVariablePointer|Variable 'name' can be declared as pointer to const,/home/yichen/Desktop/Gemini_Baseline_Results08/logs/F038_cppcheck.log
nofile,cppcheck,True,success,True,0,11,0,information,checkersReport,Active checkers: 113/592 (use --checkers-report=<filename> to see details),nofile|0|information|checkersReport|Active checkers: 113/592 (use --checkers-report=<filename> to see details),/home/yichen/Desktop/Gemini_Baseline_Results08/logs/F038_cppcheck.log
/home/yichen/Desktop/Gemini_Baseline_Code08/F039.c,cppcheck,True,success,True,0,18,3,information,missingIncludeSystem,Include file: <stdio.h> not found. Please note: Cppcheck does not need standard library headers to get proper results.,/home/yichen/Desktop/Gemini_Baseline_Code08/F039.c|3|information|missingIncludeSystem|Include file: <stdio.h> not found. Please note: Cppcheck does not need standard library headers to get proper results.,/home/yichen/Desktop/Gemini_Baseline_Results08/logs/F039_cppcheck.log
/home/yichen/Desktop/Gemini_Baseline_Code08/F039.c,cppcheck,True,success,True,0,18,4,information,missingIncludeSystem,Include file: <stdlib.h> not found. Please note: Cppcheck does not need standard library headers to get proper results.,/home/yichen/Desktop/Gemini_Baseline_Code08/F039.c|4|information|missingIncludeSystem|Include file: <stdlib.h> not found. Please note: Cppcheck does not need standard library headers to get proper results.,/home/yichen/Desktop/Gemini_Baseline_Results08/logs/F039_cppcheck.log
/home/yichen/Desktop/Gemini_Baseline_Code08/F039.c,cppcheck,True,success,True,0,18,5,information,missingIncludeSystem,Include file: <string.h> not found. Please note: Cppcheck does not need standard library headers to get proper results.,/home/yichen/Desktop/Gemini_Baseline_Code08/F039.c|5|information|missingIncludeSystem|Include file: <string.h> not found. Please note: Cppcheck does not need standard library headers to get proper results.,/home/yichen/Desktop/Gemini_Baseline_Results08/logs/F039_cppcheck.log
/home/yichen/Desktop/Gemini_Baseline_Code08/F039.c,cppcheck,True,success,True,0,18,32,error,memleakOnRealloc,Common realloc mistake: 'tables' nulled but not freed upon failure,/home/yichen/Desktop/Gemini_Baseline_Code08/F039.c|32|error|memleakOnRealloc|Common realloc mistake: 'tables' nulled but not freed upon failure,/home/yichen/Desktop/Gemini_Baseline_Results08/logs/F039_cppcheck.log
/home/yichen/Desktop/Gemini_Baseline_Code08/F039.c,cppcheck,True,success,True,0,18,62,style,constVariablePointer,Variable 't' can be declared as pointer to const,/home/yichen/Desktop/Gemini_Baseline_Code08/F039.c|62|style|constVariablePointer|Variable 't' can be declared as pointer to const,/home/yichen/Desktop/Gemini_Baseline_Results08/logs/F039_cppcheck.log
/home/yichen/Desktop/Gemini_Baseline_Code08/F039.c,cppcheck,True,success,True,0,18,109,style,constVariablePointer,Variable 'cmd' can be declared as pointer to const,/home/yichen/Desktop/Gemini_Baseline_Code08/F039.c|109|style|constVariablePointer|Variable 'cmd' can be declared as pointer to const,/home/yichen/Desktop/Gemini_Baseline_Results08/logs/F039_cppcheck.log
/home/yichen/Desktop/Gemini_Baseline_Code08/F039.c,cppcheck,True,success,True,0,18,112,style,constVariablePointer,Variable 'name' can be declared as pointer to const,/home/yichen/Desktop/Gemini_Baseline_Code08/F039.c|112|style|constVariablePointer|Variable 'name' can be declared as pointer to const,/home/yichen/Desktop/Gemini_Baseline_Results08/logs/F039_cppcheck.log
/home/yichen/Desktop/Gemini_Baseline_Code08/F039.c,cppcheck,True,success,True,0,18,113,style,constVariablePointer,Variable 'r_s' can be declared as pointer to const,/home/yichen/Desktop/Gemini_Baseline_Code08/F039.c|113|style|constVariablePointer|Variable 'r_s' can be declared as pointer to const,/home/yichen/Desktop/Gemini_Baseline_Results08/logs/F039_cppcheck.log
/home/yichen/Desktop/Gemini_Baseline_Code08/F039.c,cppcheck,True,success,True,0,18,114,style,constVariablePointer,Variable 'c_s' can be declared as pointer to const,/home/yichen/Desktop/Gemini_Baseline_Code08/F039.c|114|style|constVariablePointer|Variable 'c_s' can be declared as pointer to const,/home/yichen/Desktop/Gemini_Baseline_Results08/logs/F039_cppcheck.log
/home/yichen/Desktop/Gemini_Baseline_Code08/F039.c,cppcheck,True,success,True,0,18,119,style,constVariablePointer,Variable 'name' can be declared as pointer to const,/home/yichen/Desktop/Gemini_Baseline_Code08/F039.c|119|style|constVariablePointer|Variable 'name' can be declared as pointer to const,/home/yichen/Desktop/Gemini_Baseline_Results08/logs/F039_cppcheck.log
/home/yichen/Desktop/Gemini_Baseline_Code08/F039.c,cppcheck,True,success,True,0,18,120,style,constVariablePointer,Variable 'r_s' can be declared as pointer to const,/home/yichen/Desktop/Gemini_Baseline_Code08/F039.c|120|style|constVariablePointer|Variable 'r_s' can be declared as pointer to const,/home/yichen/Desktop/Gemini_Baseline_Results08/logs/F039_cppcheck.log
/home/yichen/Desktop/Gemini_Baseline_Code08/F039.c,cppcheck,True,success,True,0,18,121,style,constVariablePointer,Variable 'c_s' can be declared as pointer to const,/home/yichen/Desktop/Gemini_Baseline_Code08/F039.c|121|style|constVariablePointer|Variable 'c_s' can be declared as pointer to const,/home/yichen/Desktop/Gemini_Baseline_Results08/logs/F039_cppcheck.log
/home/yichen/Desktop/Gemini_Baseline_Code08/F039.c,cppcheck,True,success,True,0,18,122,style,constVariablePointer,Variable 'val' can be declared as pointer to const,/home/yichen/Desktop/Gemini_Baseline_Code08/F039.c|122|style|constVariablePointer|Variable 'val' can be declared as pointer to const,/home/yichen/Desktop/Gemini_Baseline_Results08/logs/F039_cppcheck.log
/home/yichen/Desktop/Gemini_Baseline_Code08/F039.c,cppcheck,True,success,True,0,18,127,style,constVariablePointer,Variable 'name' can be declared as pointer to const,/home/yichen/Desktop/Gemini_Baseline_Code08/F039.c|127|style|constVariablePointer|Variable 'name' can be declared as pointer to const,/home/yichen/Desktop/Gemini_Baseline_Results08/logs/F039_cppcheck.log
/home/yichen/Desktop/Gemini_Baseline_Code08/F039.c,cppcheck,True,success,True,0,18,128,style,constVariablePointer,Variable 'r_s' can be declared as pointer to const,/home/yichen/Desktop/Gemini_Baseline_Code08/F039.c|128|style|constVariablePointer|Variable 'r_s' can be declared as pointer to const,/home/yichen/Desktop/Gemini_Baseline_Results08/logs/F039_cppcheck.log
/home/yichen/Desktop/Gemini_Baseline_Code08/F039.c,cppcheck,True,success,True,0,18,129,style,constVariablePointer,Variable 'c_s' can be declared as pointer to const,/home/yichen/Desktop/Gemini_Baseline_Code08/F039.c|129|style|constVariablePointer|Variable 'c_s' can be declared as pointer to const,/home/yichen/Desktop/Gemini_Baseline_Results08/logs/F039_cppcheck.log
/home/yichen/Desktop/Gemini_Baseline_Code08/F039.c,cppcheck,True,success,True,0,18,134,style,constVariablePointer,Variable 'name' can be declared as pointer to const,/home/yichen/Desktop/Gemini_Baseline_Code08/F039.c|134|style|constVariablePointer|Variable 'name' can be declared as pointer to const,/home/yichen/Desktop/Gemini_Baseline_Results08/logs/F039_cppcheck.log
nofile,cppcheck,True,success,True,0,18,0,information,checkersReport,Active checkers: 113/592 (use --checkers-report=<filename> to see details),nofile|0|information|checkersReport|Active checkers: 113/592 (use --checkers-report=<filename> to see details),/home/yichen/Desktop/Gemini_Baseline_Results08/logs/F039_cppcheck.log
/home/yichen/Desktop/Gemini_Baseline_Code08/F040.c,cppcheck,True,success,True,0,14,3,information,missingIncludeSystem,Include file: <stdio.h> not found. Please note: Cppcheck does not need standard library headers to get proper results.,/home/yichen/Desktop/Gemini_Baseline_Code08/F040.c|3|information|missingIncludeSystem|Include file: <stdio.h> not found. Please note: Cppcheck does not need standard library headers to get proper results.,/home/yichen/Desktop/Gemini_Baseline_Results08/logs/F040_cppcheck.log
/home/yichen/Desktop/Gemini_Baseline_Code08/F040.c,cppcheck,True,success,True,0,14,4,information,missingIncludeSystem,Include file: <stdlib.h> not found. Please note: Cppcheck does not need standard library headers to get proper results.,/home/yichen/Desktop/Gemini_Baseline_Code08/F040.c|4|information|missingIncludeSystem|Include file: <stdlib.h> not found. Please note: Cppcheck does not need standard library headers to get proper results.,/home/yichen/Desktop/Gemini_Baseline_Results08/logs/F040_cppcheck.log
/home/yichen/Desktop/Gemini_Baseline_Code08/F040.c,cppcheck,True,success,True,0,14,5,information,missingIncludeSystem,Include file: <string.h> not found. Please note: Cppcheck does not need standard library headers to get proper results.,/home/yichen/Desktop/Gemini_Baseline_Code08/F040.c|5|information|missingIncludeSystem|Include file: <string.h> not found. Please note: Cppcheck does not need standard library headers to get proper results.,/home/yichen/Desktop/Gemini_Baseline_Results08/logs/F040_cppcheck.log
/home/yichen/Desktop/Gemini_Baseline_Code08/F040.c,cppcheck,True,success,True,0,14,32,error,memleakOnRealloc,Common realloc mistake: 'cache' nulled but not freed upon failure,/home/yichen/Desktop/Gemini_Baseline_Code08/F040.c|32|error|memleakOnRealloc|Common realloc mistake: 'cache' nulled but not freed upon failure,/home/yichen/Desktop/Gemini_Baseline_Results08/logs/F040_cppcheck.log
/home/yichen/Desktop/Gemini_Baseline_Code08/F040.c,cppcheck,True,success,True,0,14,87,style,constVariablePointer,Variable 'cmd' can be declared as pointer to const,/home/yichen/Desktop/Gemini_Baseline_Code08/F040.c|87|style|constVariablePointer|Variable 'cmd' can be declared as pointer to const,/home/yichen/Desktop/Gemini_Baseline_Results08/logs/F040_cppcheck.log
/home/yichen/Desktop/Gemini_Baseline_Code08/F040.c,cppcheck,True,success,True,0,14,90,style,constVariablePointer,Variable 'id' can be declared as pointer to const,/home/yichen/Desktop/Gemini_Baseline_Code08/F040.c|90|style|constVariablePointer|Variable 'id' can be declared as pointer to const,/home/yichen/Desktop/Gemini_Baseline_Results08/logs/F040_cppcheck.log
/home/yichen/Desktop/Gemini_Baseline_Code08/F040.c,cppcheck,True,success,True,0,14,91,style,constVariablePointer,Variable 'hl_s' can be declared as pointer to const,/home/yichen/Desktop/Gemini_Baseline_Code08/F040.c|91|style|constVariablePointer|Variable 'hl_s' can be declared as pointer to const,/home/yichen/Desktop/Gemini_Baseline_Results08/logs/F040_cppcheck.log
/home/yichen/Desktop/Gemini_Baseline_Code08/F040.c,cppcheck,True,success,True,0,14,92,style,constVariablePointer,Variable 'pl_s' can be declared as pointer to const,/home/yichen/Desktop/Gemini_Baseline_Code08/F040.c|92|style|constVariablePointer|Variable 'pl_s' can be declared as pointer to const,/home/yichen/Desktop/Gemini_Baseline_Results08/logs/F040_cppcheck.log
/home/yichen/Desktop/Gemini_Baseline_Code08/F040.c,cppcheck,True,success,True,0,14,93,style,constVariablePointer,Variable 'header' can be declared as pointer to const,/home/yichen/Desktop/Gemini_Baseline_Code08/F040.c|93|style|constVariablePointer|Variable 'header' can be declared as pointer to const,/home/yichen/Desktop/Gemini_Baseline_Results08/logs/F040_cppcheck.log
/home/yichen/Desktop/Gemini_Baseline_Code08/F040.c,cppcheck,True,success,True,0,14,94,style,constVariablePointer,Variable 'payload' can be declared as pointer to const,/home/yichen/Desktop/Gemini_Baseline_Code08/F040.c|94|style|constVariablePointer|Variable 'payload' can be declared as pointer to const,/home/yichen/Desktop/Gemini_Baseline_Results08/logs/F040_cppcheck.log
/home/yichen/Desktop/Gemini_Baseline_Code08/F040.c,cppcheck,True,success,True,0,14,99,style,constVariablePointer,Variable 'id' can be declared as pointer to const,/home/yichen/Desktop/Gemini_Baseline_Code08/F040.c|99|style|constVariablePointer|Variable 'id' can be declared as pointer to const,/home/yichen/Desktop/Gemini_Baseline_Results08/logs/F040_cppcheck.log
/home/yichen/Desktop/Gemini_Baseline_Code08/F040.c,cppcheck,True,success,True,0,14,102,style,constVariablePointer,Variable 'id' can be declared as pointer to const,/home/yichen/Desktop/Gemini_Baseline_Code08/F040.c|102|style|constVariablePointer|Variable 'id' can be declared as pointer to const,/home/yichen/Desktop/Gemini_Baseline_Results08/logs/F040_cppcheck.log
/home/yichen/Desktop/Gemini_Baseline_Code08/F040.c,cppcheck,True,success,True,0,14,105,style,constVariablePointer,Variable 'id' can be declared as pointer to const,/home/yichen/Desktop/Gemini_Baseline_Code08/F040.c|105|style|constVariablePointer|Variable 'id' can be declared as pointer to const,/home/yichen/Desktop/Gemini_Baseline_Results08/logs/F040_cppcheck.log
nofile,cppcheck,True,success,True,0,14,0,information,checkersReport,Active checkers: 113/592 (use --checkers-report=<filename> to see details),nofile|0|information|checkersReport|Active checkers: 113/592 (use --checkers-report=<filename> to see details),/home/yichen/Desktop/Gemini_Baseline_Results08/logs/F040_cppcheck.log
