file,tool,attempted,status,success,returncode,finding_count,line,severity,check_id,message,evidence,log_path
/home/yichen/Desktop/Gemini_SDF03/F001.c,cppcheck,True,success,True,0,10,3,information,missingIncludeSystem,Include file: <stdio.h> not found. Please note: Cppcheck does not need standard library headers to get proper results.,/home/yichen/Desktop/Gemini_SDF03/F001.c|3|information|missingIncludeSystem|Include file: <stdio.h> not found. Please note: Cppcheck does not need standard library headers to get proper results.,/home/yichen/Desktop/Gemini_SDF_Results03/logs/F001_cppcheck.log
/home/yichen/Desktop/Gemini_SDF03/F001.c,cppcheck,True,success,True,0,10,4,information,missingIncludeSystem,Include file: <stdlib.h> not found. Please note: Cppcheck does not need standard library headers to get proper results.,/home/yichen/Desktop/Gemini_SDF03/F001.c|4|information|missingIncludeSystem|Include file: <stdlib.h> not found. Please note: Cppcheck does not need standard library headers to get proper results.,/home/yichen/Desktop/Gemini_SDF_Results03/logs/F001_cppcheck.log
/home/yichen/Desktop/Gemini_SDF03/F001.c,cppcheck,True,success,True,0,10,5,information,missingIncludeSystem,Include file: <string.h> not found. Please note: Cppcheck does not need standard library headers to get proper results.,/home/yichen/Desktop/Gemini_SDF03/F001.c|5|information|missingIncludeSystem|Include file: <string.h> not found. Please note: Cppcheck does not need standard library headers to get proper results.,/home/yichen/Desktop/Gemini_SDF_Results03/logs/F001_cppcheck.log
/home/yichen/Desktop/Gemini_SDF03/F001.c,cppcheck,True,success,True,0,10,29,style,constVariablePointer,Variable 'id' can be declared as pointer to const,/home/yichen/Desktop/Gemini_SDF03/F001.c|29|style|constVariablePointer|Variable 'id' can be declared as pointer to const,/home/yichen/Desktop/Gemini_SDF_Results03/logs/F001_cppcheck.log
/home/yichen/Desktop/Gemini_SDF03/F001.c,cppcheck,True,success,True,0,10,31,style,constVariablePointer,Variable 'text' can be declared as pointer to const,/home/yichen/Desktop/Gemini_SDF03/F001.c|31|style|constVariablePointer|Variable 'text' can be declared as pointer to const,/home/yichen/Desktop/Gemini_SDF_Results03/logs/F001_cppcheck.log
/home/yichen/Desktop/Gemini_SDF03/F001.c,cppcheck,True,success,True,0,10,60,style,constVariablePointer,Variable 'id' can be declared as pointer to const,/home/yichen/Desktop/Gemini_SDF03/F001.c|60|style|constVariablePointer|Variable 'id' can be declared as pointer to const,/home/yichen/Desktop/Gemini_SDF_Results03/logs/F001_cppcheck.log
/home/yichen/Desktop/Gemini_SDF03/F001.c,cppcheck,True,success,True,0,10,62,style,constVariablePointer,Variable 'text' can be declared as pointer to const,/home/yichen/Desktop/Gemini_SDF03/F001.c|62|style|constVariablePointer|Variable 'text' can be declared as pointer to const,/home/yichen/Desktop/Gemini_SDF_Results03/logs/F001_cppcheck.log
/home/yichen/Desktop/Gemini_SDF03/F001.c,cppcheck,True,success,True,0,10,82,style,constVariablePointer,Variable 'id' can be declared as pointer to const,/home/yichen/Desktop/Gemini_SDF03/F001.c|82|style|constVariablePointer|Variable 'id' can be declared as pointer to const,/home/yichen/Desktop/Gemini_SDF_Results03/logs/F001_cppcheck.log
/home/yichen/Desktop/Gemini_SDF03/F001.c,cppcheck,True,success,True,0,10,84,style,constVariablePointer,Variable 'text' can be declared as pointer to const,/home/yichen/Desktop/Gemini_SDF03/F001.c|84|style|constVariablePointer|Variable 'text' can be declared as pointer to const,/home/yichen/Desktop/Gemini_SDF_Results03/logs/F001_cppcheck.log
nofile,cppcheck,True,success,True,0,10,0,information,checkersReport,Active checkers: 113/592 (use --checkers-report=<filename> to see details),nofile|0|information|checkersReport|Active checkers: 113/592 (use --checkers-report=<filename> to see details),/home/yichen/Desktop/Gemini_SDF_Results03/logs/F001_cppcheck.log
/home/yichen/Desktop/Gemini_SDF03/F002.c,cppcheck,True,success,True,0,11,3,information,missingIncludeSystem,Include file: <stdio.h> not found. Please note: Cppcheck does not need standard library headers to get proper results.,/home/yichen/Desktop/Gemini_SDF03/F002.c|3|information|missingIncludeSystem|Include file: <stdio.h> not found. Please note: Cppcheck does not need standard library headers to get proper results.,/home/yichen/Desktop/Gemini_SDF_Results03/logs/F002_cppcheck.log
/home/yichen/Desktop/Gemini_SDF03/F002.c,cppcheck,True,success,True,0,11,4,information,missingIncludeSystem,Include file: <stdlib.h> not found. Please note: Cppcheck does not need standard library headers to get proper results.,/home/yichen/Desktop/Gemini_SDF03/F002.c|4|information|missingIncludeSystem|Include file: <stdlib.h> not found. Please note: Cppcheck does not need standard library headers to get proper results.,/home/yichen/Desktop/Gemini_SDF_Results03/logs/F002_cppcheck.log
/home/yichen/Desktop/Gemini_SDF03/F002.c,cppcheck,True,success,True,0,11,5,information,missingIncludeSystem,Include file: <string.h> not found. Please note: Cppcheck does not need standard library headers to get proper results.,/home/yichen/Desktop/Gemini_SDF03/F002.c|5|information|missingIncludeSystem|Include file: <string.h> not found. Please note: Cppcheck does not need standard library headers to get proper results.,/home/yichen/Desktop/Gemini_SDF_Results03/logs/F002_cppcheck.log
/home/yichen/Desktop/Gemini_SDF03/F002.c,cppcheck,True,success,True,0,11,29,style,constVariablePointer,Variable 'tag' can be declared as pointer to const,/home/yichen/Desktop/Gemini_SDF03/F002.c|29|style|constVariablePointer|Variable 'tag' can be declared as pointer to const,/home/yichen/Desktop/Gemini_SDF_Results03/logs/F002_cppcheck.log
/home/yichen/Desktop/Gemini_SDF03/F002.c,cppcheck,True,success,True,0,11,31,style,constVariablePointer,Variable 'msg' can be declared as pointer to const,/home/yichen/Desktop/Gemini_SDF03/F002.c|31|style|constVariablePointer|Variable 'msg' can be declared as pointer to const,/home/yichen/Desktop/Gemini_SDF_Results03/logs/F002_cppcheck.log
/home/yichen/Desktop/Gemini_SDF03/F002.c,cppcheck,True,success,True,0,11,51,style,constVariablePointer,Variable 'tag1' can be declared as pointer to const,/home/yichen/Desktop/Gemini_SDF03/F002.c|51|style|constVariablePointer|Variable 'tag1' can be declared as pointer to const,/home/yichen/Desktop/Gemini_SDF_Results03/logs/F002_cppcheck.log
/home/yichen/Desktop/Gemini_SDF03/F002.c,cppcheck,True,success,True,0,11,53,style,constVariablePointer,Variable 'tag2' can be declared as pointer to const,/home/yichen/Desktop/Gemini_SDF03/F002.c|53|style|constVariablePointer|Variable 'tag2' can be declared as pointer to const,/home/yichen/Desktop/Gemini_SDF_Results03/logs/F002_cppcheck.log
/home/yichen/Desktop/Gemini_SDF03/F002.c,cppcheck,True,success,True,0,11,61,style,constVariablePointer,Variable 'newtag' can be declared as pointer to const,/home/yichen/Desktop/Gemini_SDF03/F002.c|61|style|constVariablePointer|Variable 'newtag' can be declared as pointer to const,/home/yichen/Desktop/Gemini_SDF_Results03/logs/F002_cppcheck.log
/home/yichen/Desktop/Gemini_SDF03/F002.c,cppcheck,True,success,True,0,11,68,style,constVariablePointer,Variable 'msg1' can be declared as pointer to const,/home/yichen/Desktop/Gemini_SDF03/F002.c|68|style|constVariablePointer|Variable 'msg1' can be declared as pointer to const,/home/yichen/Desktop/Gemini_SDF_Results03/logs/F002_cppcheck.log
/home/yichen/Desktop/Gemini_SDF03/F002.c,cppcheck,True,success,True,0,11,69,style,constVariablePointer,Variable 'msg2' can be declared as pointer to const,/home/yichen/Desktop/Gemini_SDF03/F002.c|69|style|constVariablePointer|Variable 'msg2' can be declared as pointer to const,/home/yichen/Desktop/Gemini_SDF_Results03/logs/F002_cppcheck.log
nofile,cppcheck,True,success,True,0,11,0,information,checkersReport,Active checkers: 113/592 (use --checkers-report=<filename> to see details),nofile|0|information|checkersReport|Active checkers: 113/592 (use --checkers-report=<filename> to see details),/home/yichen/Desktop/Gemini_SDF_Results03/logs/F002_cppcheck.log
/home/yichen/Desktop/Gemini_SDF03/F003.c,cppcheck,True,success,True,0,8,3,information,missingIncludeSystem,Include file: <stdio.h> not found. Please note: Cppcheck does not need standard library headers to get proper results.,/home/yichen/Desktop/Gemini_SDF03/F003.c|3|information|missingIncludeSystem|Include file: <stdio.h> not found. Please note: Cppcheck does not need standard library headers to get proper results.,/home/yichen/Desktop/Gemini_SDF_Results03/logs/F003_cppcheck.log
/home/yichen/Desktop/Gemini_SDF03/F003.c,cppcheck,True,success,True,0,8,4,information,missingIncludeSystem,Include file: <stdlib.h> not found. Please note: Cppcheck does not need standard library headers to get proper results.,/home/yichen/Desktop/Gemini_SDF03/F003.c|4|information|missingIncludeSystem|Include file: <stdlib.h> not found. Please note: Cppcheck does not need standard library headers to get proper results.,/home/yichen/Desktop/Gemini_SDF_Results03/logs/F003_cppcheck.log
/home/yichen/Desktop/Gemini_SDF03/F003.c,cppcheck,True,success,True,0,8,5,information,missingIncludeSystem,Include file: <string.h> not found. Please note: Cppcheck does not need standard library headers to get proper results.,/home/yichen/Desktop/Gemini_SDF03/F003.c|5|information|missingIncludeSystem|Include file: <string.h> not found. Please note: Cppcheck does not need standard library headers to get proper results.,/home/yichen/Desktop/Gemini_SDF_Results03/logs/F003_cppcheck.log
/home/yichen/Desktop/Gemini_SDF03/F003.c,cppcheck,True,success,True,0,8,29,style,constVariablePointer,Variable 'name' can be declared as pointer to const,/home/yichen/Desktop/Gemini_SDF03/F003.c|29|style|constVariablePointer|Variable 'name' can be declared as pointer to const,/home/yichen/Desktop/Gemini_SDF_Results03/logs/F003_cppcheck.log
/home/yichen/Desktop/Gemini_SDF03/F003.c,cppcheck,True,success,True,0,8,31,style,constVariablePointer,Variable 'exp' can be declared as pointer to const,/home/yichen/Desktop/Gemini_SDF03/F003.c|31|style|constVariablePointer|Variable 'exp' can be declared as pointer to const,/home/yichen/Desktop/Gemini_SDF_Results03/logs/F003_cppcheck.log
/home/yichen/Desktop/Gemini_SDF03/F003.c,cppcheck,True,success,True,0,8,78,style,constVariablePointer,Variable 'old' can be declared as pointer to const,/home/yichen/Desktop/Gemini_SDF03/F003.c|78|style|constVariablePointer|Variable 'old' can be declared as pointer to const,/home/yichen/Desktop/Gemini_SDF_Results03/logs/F003_cppcheck.log
/home/yichen/Desktop/Gemini_SDF03/F003.c,cppcheck,True,success,True,0,8,80,style,constVariablePointer,Variable 'new_name' can be declared as pointer to const,/home/yichen/Desktop/Gemini_SDF03/F003.c|80|style|constVariablePointer|Variable 'new_name' can be declared as pointer to const,/home/yichen/Desktop/Gemini_SDF_Results03/logs/F003_cppcheck.log
nofile,cppcheck,True,success,True,0,8,0,information,checkersReport,Active checkers: 113/592 (use --checkers-report=<filename> to see details),nofile|0|information|checkersReport|Active checkers: 113/592 (use --checkers-report=<filename> to see details),/home/yichen/Desktop/Gemini_SDF_Results03/logs/F003_cppcheck.log
/home/yichen/Desktop/Gemini_SDF03/F004.c,cppcheck,True,success,True,0,6,3,information,missingIncludeSystem,Include file: <stdio.h> not found. Please note: Cppcheck does not need standard library headers to get proper results.,/home/yichen/Desktop/Gemini_SDF03/F004.c|3|information|missingIncludeSystem|Include file: <stdio.h> not found. Please note: Cppcheck does not need standard library headers to get proper results.,/home/yichen/Desktop/Gemini_SDF_Results03/logs/F004_cppcheck.log
/home/yichen/Desktop/Gemini_SDF03/F004.c,cppcheck,True,success,True,0,6,4,information,missingIncludeSystem,Include file: <stdlib.h> not found. Please note: Cppcheck does not need standard library headers to get proper results.,/home/yichen/Desktop/Gemini_SDF03/F004.c|4|information|missingIncludeSystem|Include file: <stdlib.h> not found. Please note: Cppcheck does not need standard library headers to get proper results.,/home/yichen/Desktop/Gemini_SDF_Results03/logs/F004_cppcheck.log
/home/yichen/Desktop/Gemini_SDF03/F004.c,cppcheck,True,success,True,0,6,5,information,missingIncludeSystem,Include file: <string.h> not found. Please note: Cppcheck does not need standard library headers to get proper results.,/home/yichen/Desktop/Gemini_SDF03/F004.c|5|information|missingIncludeSystem|Include file: <string.h> not found. Please note: Cppcheck does not need standard library headers to get proper results.,/home/yichen/Desktop/Gemini_SDF_Results03/logs/F004_cppcheck.log
/home/yichen/Desktop/Gemini_SDF03/F004.c,cppcheck,True,success,True,0,6,29,style,constVariablePointer,Variable 'key' can be declared as pointer to const,/home/yichen/Desktop/Gemini_SDF03/F004.c|29|style|constVariablePointer|Variable 'key' can be declared as pointer to const,/home/yichen/Desktop/Gemini_SDF_Results03/logs/F004_cppcheck.log
/home/yichen/Desktop/Gemini_SDF03/F004.c,cppcheck,True,success,True,0,6,31,style,constVariablePointer,Variable 'val' can be declared as pointer to const,/home/yichen/Desktop/Gemini_SDF03/F004.c|31|style|constVariablePointer|Variable 'val' can be declared as pointer to const,/home/yichen/Desktop/Gemini_SDF_Results03/logs/F004_cppcheck.log
nofile,cppcheck,True,success,True,0,6,0,information,checkersReport,Active checkers: 113/592 (use --checkers-report=<filename> to see details),nofile|0|information|checkersReport|Active checkers: 113/592 (use --checkers-report=<filename> to see details),/home/yichen/Desktop/Gemini_SDF_Results03/logs/F004_cppcheck.log
/home/yichen/Desktop/Gemini_SDF03/F005.c,cppcheck,True,success,True,0,8,3,information,missingIncludeSystem,Include file: <stdio.h> not found. Please note: Cppcheck does not need standard library headers to get proper results.,/home/yichen/Desktop/Gemini_SDF03/F005.c|3|information|missingIncludeSystem|Include file: <stdio.h> not found. Please note: Cppcheck does not need standard library headers to get proper results.,/home/yichen/Desktop/Gemini_SDF_Results03/logs/F005_cppcheck.log
/home/yichen/Desktop/Gemini_SDF03/F005.c,cppcheck,True,success,True,0,8,4,information,missingIncludeSystem,Include file: <stdlib.h> not found. Please note: Cppcheck does not need standard library headers to get proper results.,/home/yichen/Desktop/Gemini_SDF03/F005.c|4|information|missingIncludeSystem|Include file: <stdlib.h> not found. Please note: Cppcheck does not need standard library headers to get proper results.,/home/yichen/Desktop/Gemini_SDF_Results03/logs/F005_cppcheck.log
/home/yichen/Desktop/Gemini_SDF03/F005.c,cppcheck,True,success,True,0,8,5,information,missingIncludeSystem,Include file: <string.h> not found. Please note: Cppcheck does not need standard library headers to get proper results.,/home/yichen/Desktop/Gemini_SDF03/F005.c|5|information|missingIncludeSystem|Include file: <string.h> not found. Please note: Cppcheck does not need standard library headers to get proper results.,/home/yichen/Desktop/Gemini_SDF_Results03/logs/F005_cppcheck.log
/home/yichen/Desktop/Gemini_SDF03/F005.c,cppcheck,True,success,True,0,8,24,style,constVariablePointer,Variable 'idx_str' can be declared as pointer to const,/home/yichen/Desktop/Gemini_SDF03/F005.c|24|style|constVariablePointer|Variable 'idx_str' can be declared as pointer to const,/home/yichen/Desktop/Gemini_SDF_Results03/logs/F005_cppcheck.log
/home/yichen/Desktop/Gemini_SDF03/F005.c,cppcheck,True,success,True,0,8,26,style,constVariablePointer,Variable 'text' can be declared as pointer to const,/home/yichen/Desktop/Gemini_SDF03/F005.c|26|style|constVariablePointer|Variable 'text' can be declared as pointer to const,/home/yichen/Desktop/Gemini_SDF_Results03/logs/F005_cppcheck.log
/home/yichen/Desktop/Gemini_SDF03/F005.c,cppcheck,True,success,True,0,8,74,style,constVariablePointer,Variable 'idx_str' can be declared as pointer to const,/home/yichen/Desktop/Gemini_SDF03/F005.c|74|style|constVariablePointer|Variable 'idx_str' can be declared as pointer to const,/home/yichen/Desktop/Gemini_SDF_Results03/logs/F005_cppcheck.log
/home/yichen/Desktop/Gemini_SDF03/F005.c,cppcheck,True,success,True,0,8,76,style,constVariablePointer,Variable 'text' can be declared as pointer to const,/home/yichen/Desktop/Gemini_SDF03/F005.c|76|style|constVariablePointer|Variable 'text' can be declared as pointer to const,/home/yichen/Desktop/Gemini_SDF_Results03/logs/F005_cppcheck.log
nofile,cppcheck,True,success,True,0,8,0,information,checkersReport,Active checkers: 113/592 (use --checkers-report=<filename> to see details),nofile|0|information|checkersReport|Active checkers: 113/592 (use --checkers-report=<filename> to see details),/home/yichen/Desktop/Gemini_SDF_Results03/logs/F005_cppcheck.log
/home/yichen/Desktop/Gemini_SDF03/F006.c,cppcheck,True,success,True,0,8,3,information,missingIncludeSystem,Include file: <stdio.h> not found. Please note: Cppcheck does not need standard library headers to get proper results.,/home/yichen/Desktop/Gemini_SDF03/F006.c|3|information|missingIncludeSystem|Include file: <stdio.h> not found. Please note: Cppcheck does not need standard library headers to get proper results.,/home/yichen/Desktop/Gemini_SDF_Results03/logs/F006_cppcheck.log
/home/yichen/Desktop/Gemini_SDF03/F006.c,cppcheck,True,success,True,0,8,4,information,missingIncludeSystem,Include file: <stdlib.h> not found. Please note: Cppcheck does not need standard library headers to get proper results.,/home/yichen/Desktop/Gemini_SDF03/F006.c|4|information|missingIncludeSystem|Include file: <stdlib.h> not found. Please note: Cppcheck does not need standard library headers to get proper results.,/home/yichen/Desktop/Gemini_SDF_Results03/logs/F006_cppcheck.log
/home/yichen/Desktop/Gemini_SDF03/F006.c,cppcheck,True,success,True,0,8,5,information,missingIncludeSystem,Include file: <string.h> not found. Please note: Cppcheck does not need standard library headers to get proper results.,/home/yichen/Desktop/Gemini_SDF03/F006.c|5|information|missingIncludeSystem|Include file: <string.h> not found. Please note: Cppcheck does not need standard library headers to get proper results.,/home/yichen/Desktop/Gemini_SDF_Results03/logs/F006_cppcheck.log
/home/yichen/Desktop/Gemini_SDF03/F006.c,cppcheck,True,success,True,0,8,29,style,constVariablePointer,Variable 'item' can be declared as pointer to const,/home/yichen/Desktop/Gemini_SDF03/F006.c|29|style|constVariablePointer|Variable 'item' can be declared as pointer to const,/home/yichen/Desktop/Gemini_SDF_Results03/logs/F006_cppcheck.log
/home/yichen/Desktop/Gemini_SDF03/F006.c,cppcheck,True,success,True,0,8,31,style,constVariablePointer,Variable 'cnt_str' can be declared as pointer to const,/home/yichen/Desktop/Gemini_SDF03/F006.c|31|style|constVariablePointer|Variable 'cnt_str' can be declared as pointer to const,/home/yichen/Desktop/Gemini_SDF_Results03/logs/F006_cppcheck.log
/home/yichen/Desktop/Gemini_SDF03/F006.c,cppcheck,True,success,True,0,8,62,style,constVariablePointer,Variable 'item' can be declared as pointer to const,/home/yichen/Desktop/Gemini_SDF03/F006.c|62|style|constVariablePointer|Variable 'item' can be declared as pointer to const,/home/yichen/Desktop/Gemini_SDF_Results03/logs/F006_cppcheck.log
/home/yichen/Desktop/Gemini_SDF03/F006.c,cppcheck,True,success,True,0,8,64,style,constVariablePointer,Variable 'cnt_str' can be declared as pointer to const,/home/yichen/Desktop/Gemini_SDF03/F006.c|64|style|constVariablePointer|Variable 'cnt_str' can be declared as pointer to const,/home/yichen/Desktop/Gemini_SDF_Results03/logs/F006_cppcheck.log
nofile,cppcheck,True,success,True,0,8,0,information,checkersReport,Active checkers: 113/592 (use --checkers-report=<filename> to see details),nofile|0|information|checkersReport|Active checkers: 113/592 (use --checkers-report=<filename> to see details),/home/yichen/Desktop/Gemini_SDF_Results03/logs/F006_cppcheck.log
/home/yichen/Desktop/Gemini_SDF03/F007.c,cppcheck,True,success,True,0,9,3,information,missingIncludeSystem,Include file: <stdio.h> not found. Please note: Cppcheck does not need standard library headers to get proper results.,/home/yichen/Desktop/Gemini_SDF03/F007.c|3|information|missingIncludeSystem|Include file: <stdio.h> not found. Please note: Cppcheck does not need standard library headers to get proper results.,/home/yichen/Desktop/Gemini_SDF_Results03/logs/F007_cppcheck.log
/home/yichen/Desktop/Gemini_SDF03/F007.c,cppcheck,True,success,True,0,9,4,information,missingIncludeSystem,Include file: <stdlib.h> not found. Please note: Cppcheck does not need standard library headers to get proper results.,/home/yichen/Desktop/Gemini_SDF03/F007.c|4|information|missingIncludeSystem|Include file: <stdlib.h> not found. Please note: Cppcheck does not need standard library headers to get proper results.,/home/yichen/Desktop/Gemini_SDF_Results03/logs/F007_cppcheck.log
/home/yichen/Desktop/Gemini_SDF03/F007.c,cppcheck,True,success,True,0,9,5,information,missingIncludeSystem,Include file: <string.h> not found. Please note: Cppcheck does not need standard library headers to get proper results.,/home/yichen/Desktop/Gemini_SDF03/F007.c|5|information|missingIncludeSystem|Include file: <string.h> not found. Please note: Cppcheck does not need standard library headers to get proper results.,/home/yichen/Desktop/Gemini_SDF_Results03/logs/F007_cppcheck.log
/home/yichen/Desktop/Gemini_SDF03/F007.c,cppcheck,True,success,True,0,9,39,style,constVariablePointer,Variable 't_str' can be declared as pointer to const,/home/yichen/Desktop/Gemini_SDF03/F007.c|39|style|constVariablePointer|Variable 't_str' can be declared as pointer to const,/home/yichen/Desktop/Gemini_SDF_Results03/logs/F007_cppcheck.log
/home/yichen/Desktop/Gemini_SDF03/F007.c,cppcheck,True,success,True,0,9,41,style,constVariablePointer,Variable 'lbl' can be declared as pointer to const,/home/yichen/Desktop/Gemini_SDF03/F007.c|41|style|constVariablePointer|Variable 'lbl' can be declared as pointer to const,/home/yichen/Desktop/Gemini_SDF_Results03/logs/F007_cppcheck.log
/home/yichen/Desktop/Gemini_SDF03/F007.c,cppcheck,True,success,True,0,9,49,style,constVariablePointer,Variable 'nt' can be declared as pointer to const,/home/yichen/Desktop/Gemini_SDF03/F007.c|49|style|constVariablePointer|Variable 'nt' can be declared as pointer to const,/home/yichen/Desktop/Gemini_SDF_Results03/logs/F007_cppcheck.log
/home/yichen/Desktop/Gemini_SDF03/F007.c,cppcheck,True,success,True,0,9,71,style,constVariablePointer,Variable 't_str' can be declared as pointer to const,/home/yichen/Desktop/Gemini_SDF03/F007.c|71|style|constVariablePointer|Variable 't_str' can be declared as pointer to const,/home/yichen/Desktop/Gemini_SDF_Results03/logs/F007_cppcheck.log
/home/yichen/Desktop/Gemini_SDF03/F007.c,cppcheck,True,success,True,0,9,73,style,constVariablePointer,Variable 'lbl' can be declared as pointer to const,/home/yichen/Desktop/Gemini_SDF03/F007.c|73|style|constVariablePointer|Variable 'lbl' can be declared as pointer to const,/home/yichen/Desktop/Gemini_SDF_Results03/logs/F007_cppcheck.log
nofile,cppcheck,True,success,True,0,9,0,information,checkersReport,Active checkers: 113/592 (use --checkers-report=<filename> to see details),nofile|0|information|checkersReport|Active checkers: 113/592 (use --checkers-report=<filename> to see details),/home/yichen/Desktop/Gemini_SDF_Results03/logs/F007_cppcheck.log
/home/yichen/Desktop/Gemini_SDF03/F008.c,cppcheck,True,success,True,0,11,3,information,missingIncludeSystem,Include file: <stdio.h> not found. Please note: Cppcheck does not need standard library headers to get proper results.,/home/yichen/Desktop/Gemini_SDF03/F008.c|3|information|missingIncludeSystem|Include file: <stdio.h> not found. Please note: Cppcheck does not need standard library headers to get proper results.,/home/yichen/Desktop/Gemini_SDF_Results03/logs/F008_cppcheck.log
/home/yichen/Desktop/Gemini_SDF03/F008.c,cppcheck,True,success,True,0,11,4,information,missingIncludeSystem,Include file: <stdlib.h> not found. Please note: Cppcheck does not need standard library headers to get proper results.,/home/yichen/Desktop/Gemini_SDF03/F008.c|4|information|missingIncludeSystem|Include file: <stdlib.h> not found. Please note: Cppcheck does not need standard library headers to get proper results.,/home/yichen/Desktop/Gemini_SDF_Results03/logs/F008_cppcheck.log
/home/yichen/Desktop/Gemini_SDF03/F008.c,cppcheck,True,success,True,0,11,5,information,missingIncludeSystem,Include file: <string.h> not found. Please note: Cppcheck does not need standard library headers to get proper results.,/home/yichen/Desktop/Gemini_SDF03/F008.c|5|information|missingIncludeSystem|Include file: <string.h> not found. Please note: Cppcheck does not need standard library headers to get proper results.,/home/yichen/Desktop/Gemini_SDF_Results03/logs/F008_cppcheck.log
/home/yichen/Desktop/Gemini_SDF03/F008.c,cppcheck,True,success,True,0,11,47,style,variableScope,The scope of the variable 'sc' can be reduced.,/home/yichen/Desktop/Gemini_SDF03/F008.c|47|style|variableScope|The scope of the variable 'sc' can be reduced.,/home/yichen/Desktop/Gemini_SDF_Results03/logs/F008_cppcheck.log
/home/yichen/Desktop/Gemini_SDF03/F008.c,cppcheck,True,success,True,0,11,30,style,constVariablePointer,Variable 'name' can be declared as pointer to const,/home/yichen/Desktop/Gemini_SDF03/F008.c|30|style|constVariablePointer|Variable 'name' can be declared as pointer to const,/home/yichen/Desktop/Gemini_SDF_Results03/logs/F008_cppcheck.log
/home/yichen/Desktop/Gemini_SDF03/F008.c,cppcheck,True,success,True,0,11,32,style,constVariablePointer,Variable 'score_str' can be declared as pointer to const,/home/yichen/Desktop/Gemini_SDF03/F008.c|32|style|constVariablePointer|Variable 'score_str' can be declared as pointer to const,/home/yichen/Desktop/Gemini_SDF_Results03/logs/F008_cppcheck.log
/home/yichen/Desktop/Gemini_SDF03/F008.c,cppcheck,True,success,True,0,11,40,style,constVariablePointer,Variable 'note' can be declared as pointer to const,/home/yichen/Desktop/Gemini_SDF03/F008.c|40|style|constVariablePointer|Variable 'note' can be declared as pointer to const,/home/yichen/Desktop/Gemini_SDF_Results03/logs/F008_cppcheck.log
/home/yichen/Desktop/Gemini_SDF03/F008.c,cppcheck,True,success,True,0,11,71,style,constVariablePointer,Variable 'name' can be declared as pointer to const,/home/yichen/Desktop/Gemini_SDF03/F008.c|71|style|constVariablePointer|Variable 'name' can be declared as pointer to const,/home/yichen/Desktop/Gemini_SDF_Results03/logs/F008_cppcheck.log
/home/yichen/Desktop/Gemini_SDF03/F008.c,cppcheck,True,success,True,0,11,73,style,constVariablePointer,Variable 'score_str' can be declared as pointer to const,/home/yichen/Desktop/Gemini_SDF03/F008.c|73|style|constVariablePointer|Variable 'score_str' can be declared as pointer to const,/home/yichen/Desktop/Gemini_SDF_Results03/logs/F008_cppcheck.log
/home/yichen/Desktop/Gemini_SDF03/F008.c,cppcheck,True,success,True,0,11,81,style,constVariablePointer,Variable 'note' can be declared as pointer to const,/home/yichen/Desktop/Gemini_SDF03/F008.c|81|style|constVariablePointer|Variable 'note' can be declared as pointer to const,/home/yichen/Desktop/Gemini_SDF_Results03/logs/F008_cppcheck.log
nofile,cppcheck,True,success,True,0,11,0,information,checkersReport,Active checkers: 113/592 (use --checkers-report=<filename> to see details),nofile|0|information|checkersReport|Active checkers: 113/592 (use --checkers-report=<filename> to see details),/home/yichen/Desktop/Gemini_SDF_Results03/logs/F008_cppcheck.log
/home/yichen/Desktop/Gemini_SDF03/F009.c,cppcheck,True,success,True,0,11,3,information,missingIncludeSystem,Include file: <stdio.h> not found. Please note: Cppcheck does not need standard library headers to get proper results.,/home/yichen/Desktop/Gemini_SDF03/F009.c|3|information|missingIncludeSystem|Include file: <stdio.h> not found. Please note: Cppcheck does not need standard library headers to get proper results.,/home/yichen/Desktop/Gemini_SDF_Results03/logs/F009_cppcheck.log
/home/yichen/Desktop/Gemini_SDF03/F009.c,cppcheck,True,success,True,0,11,4,information,missingIncludeSystem,Include file: <stdlib.h> not found. Please note: Cppcheck does not need standard library headers to get proper results.,/home/yichen/Desktop/Gemini_SDF03/F009.c|4|information|missingIncludeSystem|Include file: <stdlib.h> not found. Please note: Cppcheck does not need standard library headers to get proper results.,/home/yichen/Desktop/Gemini_SDF_Results03/logs/F009_cppcheck.log
/home/yichen/Desktop/Gemini_SDF03/F009.c,cppcheck,True,success,True,0,11,5,information,missingIncludeSystem,Include file: <string.h> not found. Please note: Cppcheck does not need standard library headers to get proper results.,/home/yichen/Desktop/Gemini_SDF03/F009.c|5|information|missingIncludeSystem|Include file: <string.h> not found. Please note: Cppcheck does not need standard library headers to get proper results.,/home/yichen/Desktop/Gemini_SDF_Results03/logs/F009_cppcheck.log
/home/yichen/Desktop/Gemini_SDF03/F009.c,cppcheck,True,success,True,0,11,31,style,constVariablePointer,Variable 'grp' can be declared as pointer to const,/home/yichen/Desktop/Gemini_SDF03/F009.c|31|style|constVariablePointer|Variable 'grp' can be declared as pointer to const,/home/yichen/Desktop/Gemini_SDF_Results03/logs/F009_cppcheck.log
/home/yichen/Desktop/Gemini_SDF03/F009.c,cppcheck,True,success,True,0,11,33,style,constVariablePointer,Variable 'desc' can be declared as pointer to const,/home/yichen/Desktop/Gemini_SDF03/F009.c|33|style|constVariablePointer|Variable 'desc' can be declared as pointer to const,/home/yichen/Desktop/Gemini_SDF_Results03/logs/F009_cppcheck.log
/home/yichen/Desktop/Gemini_SDF03/F009.c,cppcheck,True,success,True,0,11,75,style,constVariablePointer,Variable 'grpA' can be declared as pointer to const,/home/yichen/Desktop/Gemini_SDF03/F009.c|75|style|constVariablePointer|Variable 'grpA' can be declared as pointer to const,/home/yichen/Desktop/Gemini_SDF_Results03/logs/F009_cppcheck.log
/home/yichen/Desktop/Gemini_SDF03/F009.c,cppcheck,True,success,True,0,11,77,style,constVariablePointer,Variable 'grpB' can be declared as pointer to const,/home/yichen/Desktop/Gemini_SDF03/F009.c|77|style|constVariablePointer|Variable 'grpB' can be declared as pointer to const,/home/yichen/Desktop/Gemini_SDF_Results03/logs/F009_cppcheck.log
/home/yichen/Desktop/Gemini_SDF03/F009.c,cppcheck,True,success,True,0,11,85,style,constVariablePointer,Variable 'newGrp' can be declared as pointer to const,/home/yichen/Desktop/Gemini_SDF03/F009.c|85|style|constVariablePointer|Variable 'newGrp' can be declared as pointer to const,/home/yichen/Desktop/Gemini_SDF_Results03/logs/F009_cppcheck.log
/home/yichen/Desktop/Gemini_SDF03/F009.c,cppcheck,True,success,True,0,11,110,style,constVariablePointer,Variable 'gA' can be declared as pointer to const,/home/yichen/Desktop/Gemini_SDF03/F009.c|110|style|constVariablePointer|Variable 'gA' can be declared as pointer to const,/home/yichen/Desktop/Gemini_SDF_Results03/logs/F009_cppcheck.log
/home/yichen/Desktop/Gemini_SDF03/F009.c,cppcheck,True,success,True,0,11,124,style,constVariablePointer,Variable 'gB' can be declared as pointer to const,/home/yichen/Desktop/Gemini_SDF03/F009.c|124|style|constVariablePointer|Variable 'gB' can be declared as pointer to const,/home/yichen/Desktop/Gemini_SDF_Results03/logs/F009_cppcheck.log
nofile,cppcheck,True,success,True,0,11,0,information,checkersReport,Active checkers: 113/592 (use --checkers-report=<filename> to see details),nofile|0|information|checkersReport|Active checkers: 113/592 (use --checkers-report=<filename> to see details),/home/yichen/Desktop/Gemini_SDF_Results03/logs/F009_cppcheck.log
/home/yichen/Desktop/Gemini_SDF03/F010.c,cppcheck,True,success,True,0,8,3,information,missingIncludeSystem,Include file: <stdio.h> not found. Please note: Cppcheck does not need standard library headers to get proper results.,/home/yichen/Desktop/Gemini_SDF03/F010.c|3|information|missingIncludeSystem|Include file: <stdio.h> not found. Please note: Cppcheck does not need standard library headers to get proper results.,/home/yichen/Desktop/Gemini_SDF_Results03/logs/F010_cppcheck.log
/home/yichen/Desktop/Gemini_SDF03/F010.c,cppcheck,True,success,True,0,8,4,information,missingIncludeSystem,Include file: <stdlib.h> not found. Please note: Cppcheck does not need standard library headers to get proper results.,/home/yichen/Desktop/Gemini_SDF03/F010.c|4|information|missingIncludeSystem|Include file: <stdlib.h> not found. Please note: Cppcheck does not need standard library headers to get proper results.,/home/yichen/Desktop/Gemini_SDF_Results03/logs/F010_cppcheck.log
/home/yichen/Desktop/Gemini_SDF03/F010.c,cppcheck,True,success,True,0,8,5,information,missingIncludeSystem,Include file: <string.h> not found. Please note: Cppcheck does not need standard library headers to get proper results.,/home/yichen/Desktop/Gemini_SDF03/F010.c|5|information|missingIncludeSystem|Include file: <string.h> not found. Please note: Cppcheck does not need standard library headers to get proper results.,/home/yichen/Desktop/Gemini_SDF_Results03/logs/F010_cppcheck.log
/home/yichen/Desktop/Gemini_SDF03/F010.c,cppcheck,True,success,True,0,8,31,style,constVariablePointer,Variable 'key' can be declared as pointer to const,/home/yichen/Desktop/Gemini_SDF03/F010.c|31|style|constVariablePointer|Variable 'key' can be declared as pointer to const,/home/yichen/Desktop/Gemini_SDF_Results03/logs/F010_cppcheck.log
/home/yichen/Desktop/Gemini_SDF03/F010.c,cppcheck,True,success,True,0,8,33,style,constVariablePointer,Variable 'val' can be declared as pointer to const,/home/yichen/Desktop/Gemini_SDF03/F010.c|33|style|constVariablePointer|Variable 'val' can be declared as pointer to const,/home/yichen/Desktop/Gemini_SDF_Results03/logs/F010_cppcheck.log
/home/yichen/Desktop/Gemini_SDF03/F010.c,cppcheck,True,success,True,0,8,75,style,constVariablePointer,Variable 'key' can be declared as pointer to const,/home/yichen/Desktop/Gemini_SDF03/F010.c|75|style|constVariablePointer|Variable 'key' can be declared as pointer to const,/home/yichen/Desktop/Gemini_SDF_Results03/logs/F010_cppcheck.log
/home/yichen/Desktop/Gemini_SDF03/F010.c,cppcheck,True,success,True,0,8,77,style,constVariablePointer,Variable 'val' can be declared as pointer to const,/home/yichen/Desktop/Gemini_SDF03/F010.c|77|style|constVariablePointer|Variable 'val' can be declared as pointer to const,/home/yichen/Desktop/Gemini_SDF_Results03/logs/F010_cppcheck.log
nofile,cppcheck,True,success,True,0,8,0,information,checkersReport,Active checkers: 113/592 (use --checkers-report=<filename> to see details),nofile|0|information|checkersReport|Active checkers: 113/592 (use --checkers-report=<filename> to see details),/home/yichen/Desktop/Gemini_SDF_Results03/logs/F010_cppcheck.log
/home/yichen/Desktop/Gemini_SDF03/F011.c,cppcheck,True,success,True,0,8,3,information,missingIncludeSystem,Include file: <stdio.h> not found. Please note: Cppcheck does not need standard library headers to get proper results.,/home/yichen/Desktop/Gemini_SDF03/F011.c|3|information|missingIncludeSystem|Include file: <stdio.h> not found. Please note: Cppcheck does not need standard library headers to get proper results.,/home/yichen/Desktop/Gemini_SDF_Results03/logs/F011_cppcheck.log
/home/yichen/Desktop/Gemini_SDF03/F011.c,cppcheck,True,success,True,0,8,4,information,missingIncludeSystem,Include file: <stdlib.h> not found. Please note: Cppcheck does not need standard library headers to get proper results.,/home/yichen/Desktop/Gemini_SDF03/F011.c|4|information|missingIncludeSystem|Include file: <stdlib.h> not found. Please note: Cppcheck does not need standard library headers to get proper results.,/home/yichen/Desktop/Gemini_SDF_Results03/logs/F011_cppcheck.log
/home/yichen/Desktop/Gemini_SDF03/F011.c,cppcheck,True,success,True,0,8,5,information,missingIncludeSystem,Include file: <string.h> not found. Please note: Cppcheck does not need standard library headers to get proper results.,/home/yichen/Desktop/Gemini_SDF03/F011.c|5|information|missingIncludeSystem|Include file: <string.h> not found. Please note: Cppcheck does not need standard library headers to get proper results.,/home/yichen/Desktop/Gemini_SDF_Results03/logs/F011_cppcheck.log
/home/yichen/Desktop/Gemini_SDF03/F011.c,cppcheck,True,success,True,0,8,31,style,constVariablePointer,Variable 'title' can be declared as pointer to const,/home/yichen/Desktop/Gemini_SDF03/F011.c|31|style|constVariablePointer|Variable 'title' can be declared as pointer to const,/home/yichen/Desktop/Gemini_SDF_Results03/logs/F011_cppcheck.log
/home/yichen/Desktop/Gemini_SDF03/F011.c,cppcheck,True,success,True,0,8,33,style,constVariablePointer,Variable 'body' can be declared as pointer to const,/home/yichen/Desktop/Gemini_SDF03/F011.c|33|style|constVariablePointer|Variable 'body' can be declared as pointer to const,/home/yichen/Desktop/Gemini_SDF_Results03/logs/F011_cppcheck.log
/home/yichen/Desktop/Gemini_SDF03/F011.c,cppcheck,True,success,True,0,8,62,style,constVariablePointer,Variable 'title' can be declared as pointer to const,/home/yichen/Desktop/Gemini_SDF03/F011.c|62|style|constVariablePointer|Variable 'title' can be declared as pointer to const,/home/yichen/Desktop/Gemini_SDF_Results03/logs/F011_cppcheck.log
/home/yichen/Desktop/Gemini_SDF03/F011.c,cppcheck,True,success,True,0,8,64,style,constVariablePointer,Variable 'body' can be declared as pointer to const,/home/yichen/Desktop/Gemini_SDF03/F011.c|64|style|constVariablePointer|Variable 'body' can be declared as pointer to const,/home/yichen/Desktop/Gemini_SDF_Results03/logs/F011_cppcheck.log
nofile,cppcheck,True,success,True,0,8,0,information,checkersReport,Active checkers: 113/592 (use --checkers-report=<filename> to see details),nofile|0|information|checkersReport|Active checkers: 113/592 (use --checkers-report=<filename> to see details),/home/yichen/Desktop/Gemini_SDF_Results03/logs/F011_cppcheck.log
/home/yichen/Desktop/Gemini_SDF03/F012.c,cppcheck,True,success,True,0,6,3,information,missingIncludeSystem,Include file: <stdio.h> not found. Please note: Cppcheck does not need standard library headers to get proper results.,/home/yichen/Desktop/Gemini_SDF03/F012.c|3|information|missingIncludeSystem|Include file: <stdio.h> not found. Please note: Cppcheck does not need standard library headers to get proper results.,/home/yichen/Desktop/Gemini_SDF_Results03/logs/F012_cppcheck.log
/home/yichen/Desktop/Gemini_SDF03/F012.c,cppcheck,True,success,True,0,6,4,information,missingIncludeSystem,Include file: <stdlib.h> not found. Please note: Cppcheck does not need standard library headers to get proper results.,/home/yichen/Desktop/Gemini_SDF03/F012.c|4|information|missingIncludeSystem|Include file: <stdlib.h> not found. Please note: Cppcheck does not need standard library headers to get proper results.,/home/yichen/Desktop/Gemini_SDF_Results03/logs/F012_cppcheck.log
/home/yichen/Desktop/Gemini_SDF03/F012.c,cppcheck,True,success,True,0,6,5,information,missingIncludeSystem,Include file: <string.h> not found. Please note: Cppcheck does not need standard library headers to get proper results.,/home/yichen/Desktop/Gemini_SDF03/F012.c|5|information|missingIncludeSystem|Include file: <string.h> not found. Please note: Cppcheck does not need standard library headers to get proper results.,/home/yichen/Desktop/Gemini_SDF_Results03/logs/F012_cppcheck.log
/home/yichen/Desktop/Gemini_SDF03/F012.c,cppcheck,True,success,True,0,6,29,style,constVariablePointer,Variable 'name' can be declared as pointer to const,/home/yichen/Desktop/Gemini_SDF03/F012.c|29|style|constVariablePointer|Variable 'name' can be declared as pointer to const,/home/yichen/Desktop/Gemini_SDF_Results03/logs/F012_cppcheck.log
/home/yichen/Desktop/Gemini_SDF03/F012.c,cppcheck,True,success,True,0,6,31,style,constVariablePointer,Variable 'note' can be declared as pointer to const,/home/yichen/Desktop/Gemini_SDF03/F012.c|31|style|constVariablePointer|Variable 'note' can be declared as pointer to const,/home/yichen/Desktop/Gemini_SDF_Results03/logs/F012_cppcheck.log
nofile,cppcheck,True,success,True,0,6,0,information,checkersReport,Active checkers: 113/592 (use --checkers-report=<filename> to see details),nofile|0|information|checkersReport|Active checkers: 113/592 (use --checkers-report=<filename> to see details),/home/yichen/Desktop/Gemini_SDF_Results03/logs/F012_cppcheck.log
/home/yichen/Desktop/Gemini_SDF03/F013.c,cppcheck,True,success,True,0,6,3,information,missingIncludeSystem,Include file: <stdio.h> not found. Please note: Cppcheck does not need standard library headers to get proper results.,/home/yichen/Desktop/Gemini_SDF03/F013.c|3|information|missingIncludeSystem|Include file: <stdio.h> not found. Please note: Cppcheck does not need standard library headers to get proper results.,/home/yichen/Desktop/Gemini_SDF_Results03/logs/F013_cppcheck.log
/home/yichen/Desktop/Gemini_SDF03/F013.c,cppcheck,True,success,True,0,6,4,information,missingIncludeSystem,Include file: <stdlib.h> not found. Please note: Cppcheck does not need standard library headers to get proper results.,/home/yichen/Desktop/Gemini_SDF03/F013.c|4|information|missingIncludeSystem|Include file: <stdlib.h> not found. Please note: Cppcheck does not need standard library headers to get proper results.,/home/yichen/Desktop/Gemini_SDF_Results03/logs/F013_cppcheck.log
/home/yichen/Desktop/Gemini_SDF03/F013.c,cppcheck,True,success,True,0,6,5,information,missingIncludeSystem,Include file: <string.h> not found. Please note: Cppcheck does not need standard library headers to get proper results.,/home/yichen/Desktop/Gemini_SDF03/F013.c|5|information|missingIncludeSystem|Include file: <string.h> not found. Please note: Cppcheck does not need standard library headers to get proper results.,/home/yichen/Desktop/Gemini_SDF_Results03/logs/F013_cppcheck.log
/home/yichen/Desktop/Gemini_SDF03/F013.c,cppcheck,True,success,True,0,6,32,style,constVariablePointer,Variable 'title' can be declared as pointer to const,/home/yichen/Desktop/Gemini_SDF03/F013.c|32|style|constVariablePointer|Variable 'title' can be declared as pointer to const,/home/yichen/Desktop/Gemini_SDF_Results03/logs/F013_cppcheck.log
/home/yichen/Desktop/Gemini_SDF03/F013.c,cppcheck,True,success,True,0,6,34,style,constVariablePointer,Variable 'note' can be declared as pointer to const,/home/yichen/Desktop/Gemini_SDF03/F013.c|34|style|constVariablePointer|Variable 'note' can be declared as pointer to const,/home/yichen/Desktop/Gemini_SDF_Results03/logs/F013_cppcheck.log
nofile,cppcheck,True,success,True,0,6,0,information,checkersReport,Active checkers: 113/592 (use --checkers-report=<filename> to see details),nofile|0|information|checkersReport|Active checkers: 113/592 (use --checkers-report=<filename> to see details),/home/yichen/Desktop/Gemini_SDF_Results03/logs/F013_cppcheck.log
/home/yichen/Desktop/Gemini_SDF03/F014.c,cppcheck,True,success,True,0,10,3,information,missingIncludeSystem,Include file: <stdio.h> not found. Please note: Cppcheck does not need standard library headers to get proper results.,/home/yichen/Desktop/Gemini_SDF03/F014.c|3|information|missingIncludeSystem|Include file: <stdio.h> not found. Please note: Cppcheck does not need standard library headers to get proper results.,/home/yichen/Desktop/Gemini_SDF_Results03/logs/F014_cppcheck.log
/home/yichen/Desktop/Gemini_SDF03/F014.c,cppcheck,True,success,True,0,10,4,information,missingIncludeSystem,Include file: <stdlib.h> not found. Please note: Cppcheck does not need standard library headers to get proper results.,/home/yichen/Desktop/Gemini_SDF03/F014.c|4|information|missingIncludeSystem|Include file: <stdlib.h> not found. Please note: Cppcheck does not need standard library headers to get proper results.,/home/yichen/Desktop/Gemini_SDF_Results03/logs/F014_cppcheck.log
/home/yichen/Desktop/Gemini_SDF03/F014.c,cppcheck,True,success,True,0,10,5,information,missingIncludeSystem,Include file: <string.h> not found. Please note: Cppcheck does not need standard library headers to get proper results.,/home/yichen/Desktop/Gemini_SDF03/F014.c|5|information|missingIncludeSystem|Include file: <string.h> not found. Please note: Cppcheck does not need standard library headers to get proper results.,/home/yichen/Desktop/Gemini_SDF_Results03/logs/F014_cppcheck.log
/home/yichen/Desktop/Gemini_SDF03/F014.c,cppcheck,True,success,True,0,10,32,style,constVariablePointer,Variable 'name' can be declared as pointer to const,/home/yichen/Desktop/Gemini_SDF03/F014.c|32|style|constVariablePointer|Variable 'name' can be declared as pointer to const,/home/yichen/Desktop/Gemini_SDF_Results03/logs/F014_cppcheck.log
/home/yichen/Desktop/Gemini_SDF03/F014.c,cppcheck,True,success,True,0,10,34,style,constVariablePointer,Variable 'note' can be declared as pointer to const,/home/yichen/Desktop/Gemini_SDF03/F014.c|34|style|constVariablePointer|Variable 'note' can be declared as pointer to const,/home/yichen/Desktop/Gemini_SDF_Results03/logs/F014_cppcheck.log
/home/yichen/Desktop/Gemini_SDF03/F014.c,cppcheck,True,success,True,0,10,66,style,constVariablePointer,Variable 'name' can be declared as pointer to const,/home/yichen/Desktop/Gemini_SDF03/F014.c|66|style|constVariablePointer|Variable 'name' can be declared as pointer to const,/home/yichen/Desktop/Gemini_SDF_Results03/logs/F014_cppcheck.log
/home/yichen/Desktop/Gemini_SDF03/F014.c,cppcheck,True,success,True,0,10,68,style,constVariablePointer,Variable 'label' can be declared as pointer to const,/home/yichen/Desktop/Gemini_SDF03/F014.c|68|style|constVariablePointer|Variable 'label' can be declared as pointer to const,/home/yichen/Desktop/Gemini_SDF_Results03/logs/F014_cppcheck.log
/home/yichen/Desktop/Gemini_SDF03/F014.c,cppcheck,True,success,True,0,10,93,style,constVariablePointer,Variable 'name' can be declared as pointer to const,/home/yichen/Desktop/Gemini_SDF03/F014.c|93|style|constVariablePointer|Variable 'name' can be declared as pointer to const,/home/yichen/Desktop/Gemini_SDF_Results03/logs/F014_cppcheck.log
/home/yichen/Desktop/Gemini_SDF03/F014.c,cppcheck,True,success,True,0,10,95,style,constVariablePointer,Variable 'label' can be declared as pointer to const,/home/yichen/Desktop/Gemini_SDF03/F014.c|95|style|constVariablePointer|Variable 'label' can be declared as pointer to const,/home/yichen/Desktop/Gemini_SDF_Results03/logs/F014_cppcheck.log
nofile,cppcheck,True,success,True,0,10,0,information,checkersReport,Active checkers: 113/592 (use --checkers-report=<filename> to see details),nofile|0|information|checkersReport|Active checkers: 113/592 (use --checkers-report=<filename> to see details),/home/yichen/Desktop/Gemini_SDF_Results03/logs/F014_cppcheck.log
/home/yichen/Desktop/Gemini_SDF03/F015.c,cppcheck,True,success,True,0,11,3,information,missingIncludeSystem,Include file: <stdio.h> not found. Please note: Cppcheck does not need standard library headers to get proper results.,/home/yichen/Desktop/Gemini_SDF03/F015.c|3|information|missingIncludeSystem|Include file: <stdio.h> not found. Please note: Cppcheck does not need standard library headers to get proper results.,/home/yichen/Desktop/Gemini_SDF_Results03/logs/F015_cppcheck.log
/home/yichen/Desktop/Gemini_SDF03/F015.c,cppcheck,True,success,True,0,11,4,information,missingIncludeSystem,Include file: <stdlib.h> not found. Please note: Cppcheck does not need standard library headers to get proper results.,/home/yichen/Desktop/Gemini_SDF03/F015.c|4|information|missingIncludeSystem|Include file: <stdlib.h> not found. Please note: Cppcheck does not need standard library headers to get proper results.,/home/yichen/Desktop/Gemini_SDF_Results03/logs/F015_cppcheck.log
/home/yichen/Desktop/Gemini_SDF03/F015.c,cppcheck,True,success,True,0,11,5,information,missingIncludeSystem,Include file: <string.h> not found. Please note: Cppcheck does not need standard library headers to get proper results.,/home/yichen/Desktop/Gemini_SDF03/F015.c|5|information|missingIncludeSystem|Include file: <string.h> not found. Please note: Cppcheck does not need standard library headers to get proper results.,/home/yichen/Desktop/Gemini_SDF_Results03/logs/F015_cppcheck.log
/home/yichen/Desktop/Gemini_SDF03/F015.c,cppcheck,True,success,True,0,11,31,style,constVariablePointer,Variable 'name' can be declared as pointer to const,/home/yichen/Desktop/Gemini_SDF03/F015.c|31|style|constVariablePointer|Variable 'name' can be declared as pointer to const,/home/yichen/Desktop/Gemini_SDF_Results03/logs/F015_cppcheck.log
/home/yichen/Desktop/Gemini_SDF03/F015.c,cppcheck,True,success,True,0,11,33,style,constVariablePointer,Variable 'email' can be declared as pointer to const,/home/yichen/Desktop/Gemini_SDF03/F015.c|33|style|constVariablePointer|Variable 'email' can be declared as pointer to const,/home/yichen/Desktop/Gemini_SDF_Results03/logs/F015_cppcheck.log
/home/yichen/Desktop/Gemini_SDF03/F015.c,cppcheck,True,success,True,0,11,41,style,constVariablePointer,Variable 'phone' can be declared as pointer to const,/home/yichen/Desktop/Gemini_SDF03/F015.c|41|style|constVariablePointer|Variable 'phone' can be declared as pointer to const,/home/yichen/Desktop/Gemini_SDF_Results03/logs/F015_cppcheck.log
/home/yichen/Desktop/Gemini_SDF03/F015.c,cppcheck,True,success,True,0,11,72,style,constVariablePointer,Variable 'name' can be declared as pointer to const,/home/yichen/Desktop/Gemini_SDF03/F015.c|72|style|constVariablePointer|Variable 'name' can be declared as pointer to const,/home/yichen/Desktop/Gemini_SDF_Results03/logs/F015_cppcheck.log
/home/yichen/Desktop/Gemini_SDF03/F015.c,cppcheck,True,success,True,0,11,74,style,constVariablePointer,Variable 'note_text' can be declared as pointer to const,/home/yichen/Desktop/Gemini_SDF03/F015.c|74|style|constVariablePointer|Variable 'note_text' can be declared as pointer to const,/home/yichen/Desktop/Gemini_SDF_Results03/logs/F015_cppcheck.log
/home/yichen/Desktop/Gemini_SDF03/F015.c,cppcheck,True,success,True,0,11,92,style,constVariablePointer,Variable 'keep' can be declared as pointer to const,/home/yichen/Desktop/Gemini_SDF03/F015.c|92|style|constVariablePointer|Variable 'keep' can be declared as pointer to const,/home/yichen/Desktop/Gemini_SDF_Results03/logs/F015_cppcheck.log
/home/yichen/Desktop/Gemini_SDF03/F015.c,cppcheck,True,success,True,0,11,94,style,constVariablePointer,Variable 'remove' can be declared as pointer to const,/home/yichen/Desktop/Gemini_SDF03/F015.c|94|style|constVariablePointer|Variable 'remove' can be declared as pointer to const,/home/yichen/Desktop/Gemini_SDF_Results03/logs/F015_cppcheck.log
nofile,cppcheck,True,success,True,0,11,0,information,checkersReport,Active checkers: 113/592 (use --checkers-report=<filename> to see details),nofile|0|information|checkersReport|Active checkers: 113/592 (use --checkers-report=<filename> to see details),/home/yichen/Desktop/Gemini_SDF_Results03/logs/F015_cppcheck.log
/home/yichen/Desktop/Gemini_SDF03/F016.c,cppcheck,True,success,True,0,10,3,information,missingIncludeSystem,Include file: <stdio.h> not found. Please note: Cppcheck does not need standard library headers to get proper results.,/home/yichen/Desktop/Gemini_SDF03/F016.c|3|information|missingIncludeSystem|Include file: <stdio.h> not found. Please note: Cppcheck does not need standard library headers to get proper results.,/home/yichen/Desktop/Gemini_SDF_Results03/logs/F016_cppcheck.log
/home/yichen/Desktop/Gemini_SDF03/F016.c,cppcheck,True,success,True,0,10,4,information,missingIncludeSystem,Include file: <stdlib.h> not found. Please note: Cppcheck does not need standard library headers to get proper results.,/home/yichen/Desktop/Gemini_SDF03/F016.c|4|information|missingIncludeSystem|Include file: <stdlib.h> not found. Please note: Cppcheck does not need standard library headers to get proper results.,/home/yichen/Desktop/Gemini_SDF_Results03/logs/F016_cppcheck.log
/home/yichen/Desktop/Gemini_SDF03/F016.c,cppcheck,True,success,True,0,10,5,information,missingIncludeSystem,Include file: <string.h> not found. Please note: Cppcheck does not need standard library headers to get proper results.,/home/yichen/Desktop/Gemini_SDF03/F016.c|5|information|missingIncludeSystem|Include file: <string.h> not found. Please note: Cppcheck does not need standard library headers to get proper results.,/home/yichen/Desktop/Gemini_SDF_Results03/logs/F016_cppcheck.log
/home/yichen/Desktop/Gemini_SDF03/F016.c,cppcheck,True,success,True,0,10,33,style,constVariablePointer,Variable 'name' can be declared as pointer to const,/home/yichen/Desktop/Gemini_SDF03/F016.c|33|style|constVariablePointer|Variable 'name' can be declared as pointer to const,/home/yichen/Desktop/Gemini_SDF_Results03/logs/F016_cppcheck.log
/home/yichen/Desktop/Gemini_SDF03/F016.c,cppcheck,True,success,True,0,10,34,style,constVariablePointer,Variable 'email' can be declared as pointer to const,/home/yichen/Desktop/Gemini_SDF03/F016.c|34|style|constVariablePointer|Variable 'email' can be declared as pointer to const,/home/yichen/Desktop/Gemini_SDF_Results03/logs/F016_cppcheck.log
/home/yichen/Desktop/Gemini_SDF03/F016.c,cppcheck,True,success,True,0,10,35,style,constVariablePointer,Variable 'phone' can be declared as pointer to const,/home/yichen/Desktop/Gemini_SDF03/F016.c|35|style|constVariablePointer|Variable 'phone' can be declared as pointer to const,/home/yichen/Desktop/Gemini_SDF_Results03/logs/F016_cppcheck.log
/home/yichen/Desktop/Gemini_SDF03/F016.c,cppcheck,True,success,True,0,10,70,style,constVariablePointer,Variable 'name' can be declared as pointer to const,/home/yichen/Desktop/Gemini_SDF03/F016.c|70|style|constVariablePointer|Variable 'name' can be declared as pointer to const,/home/yichen/Desktop/Gemini_SDF_Results03/logs/F016_cppcheck.log
/home/yichen/Desktop/Gemini_SDF03/F016.c,cppcheck,True,success,True,0,10,71,style,constVariablePointer,Variable 'email' can be declared as pointer to const,/home/yichen/Desktop/Gemini_SDF03/F016.c|71|style|constVariablePointer|Variable 'email' can be declared as pointer to const,/home/yichen/Desktop/Gemini_SDF_Results03/logs/F016_cppcheck.log
/home/yichen/Desktop/Gemini_SDF03/F016.c,cppcheck,True,success,True,0,10,72,style,constVariablePointer,Variable 'phone' can be declared as pointer to const,/home/yichen/Desktop/Gemini_SDF03/F016.c|72|style|constVariablePointer|Variable 'phone' can be declared as pointer to const,/home/yichen/Desktop/Gemini_SDF_Results03/logs/F016_cppcheck.log
nofile,cppcheck,True,success,True,0,10,0,information,checkersReport,Active checkers: 113/592 (use --checkers-report=<filename> to see details),nofile|0|information|checkersReport|Active checkers: 113/592 (use --checkers-report=<filename> to see details),/home/yichen/Desktop/Gemini_SDF_Results03/logs/F016_cppcheck.log
/home/yichen/Desktop/Gemini_SDF03/F017.c,cppcheck,True,success,True,0,8,3,information,missingIncludeSystem,Include file: <stdio.h> not found. Please note: Cppcheck does not need standard library headers to get proper results.,/home/yichen/Desktop/Gemini_SDF03/F017.c|3|information|missingIncludeSystem|Include file: <stdio.h> not found. Please note: Cppcheck does not need standard library headers to get proper results.,/home/yichen/Desktop/Gemini_SDF_Results03/logs/F017_cppcheck.log
/home/yichen/Desktop/Gemini_SDF03/F017.c,cppcheck,True,success,True,0,8,4,information,missingIncludeSystem,Include file: <stdlib.h> not found. Please note: Cppcheck does not need standard library headers to get proper results.,/home/yichen/Desktop/Gemini_SDF03/F017.c|4|information|missingIncludeSystem|Include file: <stdlib.h> not found. Please note: Cppcheck does not need standard library headers to get proper results.,/home/yichen/Desktop/Gemini_SDF_Results03/logs/F017_cppcheck.log
/home/yichen/Desktop/Gemini_SDF03/F017.c,cppcheck,True,success,True,0,8,5,information,missingIncludeSystem,Include file: <string.h> not found. Please note: Cppcheck does not need standard library headers to get proper results.,/home/yichen/Desktop/Gemini_SDF03/F017.c|5|information|missingIncludeSystem|Include file: <string.h> not found. Please note: Cppcheck does not need standard library headers to get proper results.,/home/yichen/Desktop/Gemini_SDF_Results03/logs/F017_cppcheck.log
/home/yichen/Desktop/Gemini_SDF03/F017.c,cppcheck,True,success,True,0,8,29,style,constVariablePointer,Variable 'key' can be declared as pointer to const,/home/yichen/Desktop/Gemini_SDF03/F017.c|29|style|constVariablePointer|Variable 'key' can be declared as pointer to const,/home/yichen/Desktop/Gemini_SDF_Results03/logs/F017_cppcheck.log
/home/yichen/Desktop/Gemini_SDF03/F017.c,cppcheck,True,success,True,0,8,30,style,constVariablePointer,Variable 'val' can be declared as pointer to const,/home/yichen/Desktop/Gemini_SDF03/F017.c|30|style|constVariablePointer|Variable 'val' can be declared as pointer to const,/home/yichen/Desktop/Gemini_SDF_Results03/logs/F017_cppcheck.log
/home/yichen/Desktop/Gemini_SDF03/F017.c,cppcheck,True,success,True,0,8,58,style,constVariablePointer,Variable 'key' can be declared as pointer to const,/home/yichen/Desktop/Gemini_SDF03/F017.c|58|style|constVariablePointer|Variable 'key' can be declared as pointer to const,/home/yichen/Desktop/Gemini_SDF_Results03/logs/F017_cppcheck.log
/home/yichen/Desktop/Gemini_SDF03/F017.c,cppcheck,True,success,True,0,8,60,style,constVariablePointer,Variable 'val' can be declared as pointer to const,/home/yichen/Desktop/Gemini_SDF03/F017.c|60|style|constVariablePointer|Variable 'val' can be declared as pointer to const,/home/yichen/Desktop/Gemini_SDF_Results03/logs/F017_cppcheck.log
nofile,cppcheck,True,success,True,0,8,0,information,checkersReport,Active checkers: 113/592 (use --checkers-report=<filename> to see details),nofile|0|information|checkersReport|Active checkers: 113/592 (use --checkers-report=<filename> to see details),/home/yichen/Desktop/Gemini_SDF_Results03/logs/F017_cppcheck.log
/home/yichen/Desktop/Gemini_SDF03/F018.c,cppcheck,True,success,True,0,4,3,information,missingIncludeSystem,Include file: <stdio.h> not found. Please note: Cppcheck does not need standard library headers to get proper results.,/home/yichen/Desktop/Gemini_SDF03/F018.c|3|information|missingIncludeSystem|Include file: <stdio.h> not found. Please note: Cppcheck does not need standard library headers to get proper results.,/home/yichen/Desktop/Gemini_SDF_Results03/logs/F018_cppcheck.log
/home/yichen/Desktop/Gemini_SDF03/F018.c,cppcheck,True,success,True,0,4,4,information,missingIncludeSystem,Include file: <stdlib.h> not found. Please note: Cppcheck does not need standard library headers to get proper results.,/home/yichen/Desktop/Gemini_SDF03/F018.c|4|information|missingIncludeSystem|Include file: <stdlib.h> not found. Please note: Cppcheck does not need standard library headers to get proper results.,/home/yichen/Desktop/Gemini_SDF_Results03/logs/F018_cppcheck.log
/home/yichen/Desktop/Gemini_SDF03/F018.c,cppcheck,True,success,True,0,4,5,information,missingIncludeSystem,Include file: <string.h> not found. Please note: Cppcheck does not need standard library headers to get proper results.,/home/yichen/Desktop/Gemini_SDF03/F018.c|5|information|missingIncludeSystem|Include file: <string.h> not found. Please note: Cppcheck does not need standard library headers to get proper results.,/home/yichen/Desktop/Gemini_SDF_Results03/logs/F018_cppcheck.log
nofile,cppcheck,True,success,True,0,4,0,information,checkersReport,Active checkers: 113/592 (use --checkers-report=<filename> to see details),nofile|0|information|checkersReport|Active checkers: 113/592 (use --checkers-report=<filename> to see details),/home/yichen/Desktop/Gemini_SDF_Results03/logs/F018_cppcheck.log
/home/yichen/Desktop/Gemini_SDF03/F019.c,cppcheck,True,success,True,0,9,3,information,missingIncludeSystem,Include file: <stdio.h> not found. Please note: Cppcheck does not need standard library headers to get proper results.,/home/yichen/Desktop/Gemini_SDF03/F019.c|3|information|missingIncludeSystem|Include file: <stdio.h> not found. Please note: Cppcheck does not need standard library headers to get proper results.,/home/yichen/Desktop/Gemini_SDF_Results03/logs/F019_cppcheck.log
/home/yichen/Desktop/Gemini_SDF03/F019.c,cppcheck,True,success,True,0,9,4,information,missingIncludeSystem,Include file: <stdlib.h> not found. Please note: Cppcheck does not need standard library headers to get proper results.,/home/yichen/Desktop/Gemini_SDF03/F019.c|4|information|missingIncludeSystem|Include file: <stdlib.h> not found. Please note: Cppcheck does not need standard library headers to get proper results.,/home/yichen/Desktop/Gemini_SDF_Results03/logs/F019_cppcheck.log
/home/yichen/Desktop/Gemini_SDF03/F019.c,cppcheck,True,success,True,0,9,5,information,missingIncludeSystem,Include file: <string.h> not found. Please note: Cppcheck does not need standard library headers to get proper results.,/home/yichen/Desktop/Gemini_SDF03/F019.c|5|information|missingIncludeSystem|Include file: <string.h> not found. Please note: Cppcheck does not need standard library headers to get proper results.,/home/yichen/Desktop/Gemini_SDF_Results03/logs/F019_cppcheck.log
/home/yichen/Desktop/Gemini_SDF03/F019.c,cppcheck,True,success,True,0,9,49,style,constVariablePointer,Variable 'acc' can be declared as pointer to const,/home/yichen/Desktop/Gemini_SDF03/F019.c|49|style|constVariablePointer|Variable 'acc' can be declared as pointer to const,/home/yichen/Desktop/Gemini_SDF_Results03/logs/F019_cppcheck.log
/home/yichen/Desktop/Gemini_SDF03/F019.c,cppcheck,True,success,True,0,9,51,style,constVariablePointer,Variable 'amt_str' can be declared as pointer to const,/home/yichen/Desktop/Gemini_SDF03/F019.c|51|style|constVariablePointer|Variable 'amt_str' can be declared as pointer to const,/home/yichen/Desktop/Gemini_SDF_Results03/logs/F019_cppcheck.log
/home/yichen/Desktop/Gemini_SDF03/F019.c,cppcheck,True,success,True,0,9,59,style,constVariablePointer,Variable 'memo' can be declared as pointer to const,/home/yichen/Desktop/Gemini_SDF03/F019.c|59|style|constVariablePointer|Variable 'memo' can be declared as pointer to const,/home/yichen/Desktop/Gemini_SDF_Results03/logs/F019_cppcheck.log
/home/yichen/Desktop/Gemini_SDF03/F019.c,cppcheck,True,success,True,0,9,81,style,constVariablePointer,Variable 'acc' can be declared as pointer to const,/home/yichen/Desktop/Gemini_SDF03/F019.c|81|style|constVariablePointer|Variable 'acc' can be declared as pointer to const,/home/yichen/Desktop/Gemini_SDF_Results03/logs/F019_cppcheck.log
/home/yichen/Desktop/Gemini_SDF03/F019.c,cppcheck,True,success,True,0,9,83,style,constVariablePointer,Variable 'amt_str' can be declared as pointer to const,/home/yichen/Desktop/Gemini_SDF03/F019.c|83|style|constVariablePointer|Variable 'amt_str' can be declared as pointer to const,/home/yichen/Desktop/Gemini_SDF_Results03/logs/F019_cppcheck.log
nofile,cppcheck,True,success,True,0,9,0,information,checkersReport,Active checkers: 113/592 (use --checkers-report=<filename> to see details),nofile|0|information|checkersReport|Active checkers: 113/592 (use --checkers-report=<filename> to see details),/home/yichen/Desktop/Gemini_SDF_Results03/logs/F019_cppcheck.log
/home/yichen/Desktop/Gemini_SDF03/F020.c,cppcheck,True,success,True,0,4,3,information,missingIncludeSystem,Include file: <stdio.h> not found. Please note: Cppcheck does not need standard library headers to get proper results.,/home/yichen/Desktop/Gemini_SDF03/F020.c|3|information|missingIncludeSystem|Include file: <stdio.h> not found. Please note: Cppcheck does not need standard library headers to get proper results.,/home/yichen/Desktop/Gemini_SDF_Results03/logs/F020_cppcheck.log
/home/yichen/Desktop/Gemini_SDF03/F020.c,cppcheck,True,success,True,0,4,4,information,missingIncludeSystem,Include file: <stdlib.h> not found. Please note: Cppcheck does not need standard library headers to get proper results.,/home/yichen/Desktop/Gemini_SDF03/F020.c|4|information|missingIncludeSystem|Include file: <stdlib.h> not found. Please note: Cppcheck does not need standard library headers to get proper results.,/home/yichen/Desktop/Gemini_SDF_Results03/logs/F020_cppcheck.log
/home/yichen/Desktop/Gemini_SDF03/F020.c,cppcheck,True,success,True,0,4,5,information,missingIncludeSystem,Include file: <string.h> not found. Please note: Cppcheck does not need standard library headers to get proper results.,/home/yichen/Desktop/Gemini_SDF03/F020.c|5|information|missingIncludeSystem|Include file: <string.h> not found. Please note: Cppcheck does not need standard library headers to get proper results.,/home/yichen/Desktop/Gemini_SDF_Results03/logs/F020_cppcheck.log
nofile,cppcheck,True,success,True,0,4,0,information,checkersReport,Active checkers: 113/592 (use --checkers-report=<filename> to see details),nofile|0|information|checkersReport|Active checkers: 113/592 (use --checkers-report=<filename> to see details),/home/yichen/Desktop/Gemini_SDF_Results03/logs/F020_cppcheck.log
/home/yichen/Desktop/Gemini_SDF03/F021.c,cppcheck,True,success,True,0,9,3,information,missingIncludeSystem,Include file: <stdio.h> not found. Please note: Cppcheck does not need standard library headers to get proper results.,/home/yichen/Desktop/Gemini_SDF03/F021.c|3|information|missingIncludeSystem|Include file: <stdio.h> not found. Please note: Cppcheck does not need standard library headers to get proper results.,/home/yichen/Desktop/Gemini_SDF_Results03/logs/F021_cppcheck.log
/home/yichen/Desktop/Gemini_SDF03/F021.c,cppcheck,True,success,True,0,9,4,information,missingIncludeSystem,Include file: <stdlib.h> not found. Please note: Cppcheck does not need standard library headers to get proper results.,/home/yichen/Desktop/Gemini_SDF03/F021.c|4|information|missingIncludeSystem|Include file: <stdlib.h> not found. Please note: Cppcheck does not need standard library headers to get proper results.,/home/yichen/Desktop/Gemini_SDF_Results03/logs/F021_cppcheck.log
/home/yichen/Desktop/Gemini_SDF03/F021.c,cppcheck,True,success,True,0,9,5,information,missingIncludeSystem,Include file: <string.h> not found. Please note: Cppcheck does not need standard library headers to get proper results.,/home/yichen/Desktop/Gemini_SDF03/F021.c|5|information|missingIncludeSystem|Include file: <string.h> not found. Please note: Cppcheck does not need standard library headers to get proper results.,/home/yichen/Desktop/Gemini_SDF_Results03/logs/F021_cppcheck.log
/home/yichen/Desktop/Gemini_SDF03/F021.c,cppcheck,True,success,True,0,9,60,style,constVariablePointer,Variable 'name' can be declared as pointer to const,/home/yichen/Desktop/Gemini_SDF03/F021.c|60|style|constVariablePointer|Variable 'name' can be declared as pointer to const,/home/yichen/Desktop/Gemini_SDF_Results03/logs/F021_cppcheck.log
/home/yichen/Desktop/Gemini_SDF03/F021.c,cppcheck,True,success,True,0,9,62,style,constVariablePointer,Variable 'ing' can be declared as pointer to const,/home/yichen/Desktop/Gemini_SDF03/F021.c|62|style|constVariablePointer|Variable 'ing' can be declared as pointer to const,/home/yichen/Desktop/Gemini_SDF_Results03/logs/F021_cppcheck.log
/home/yichen/Desktop/Gemini_SDF03/F021.c,cppcheck,True,success,True,0,9,70,style,constVariablePointer,Variable 'note' can be declared as pointer to const,/home/yichen/Desktop/Gemini_SDF03/F021.c|70|style|constVariablePointer|Variable 'note' can be declared as pointer to const,/home/yichen/Desktop/Gemini_SDF_Results03/logs/F021_cppcheck.log
/home/yichen/Desktop/Gemini_SDF03/F021.c,cppcheck,True,success,True,0,9,96,style,constVariablePointer,Variable 'name' can be declared as pointer to const,/home/yichen/Desktop/Gemini_SDF03/F021.c|96|style|constVariablePointer|Variable 'name' can be declared as pointer to const,/home/yichen/Desktop/Gemini_SDF_Results03/logs/F021_cppcheck.log
/home/yichen/Desktop/Gemini_SDF03/F021.c,cppcheck,True,success,True,0,9,98,style,constVariablePointer,Variable 'ing' can be declared as pointer to const,/home/yichen/Desktop/Gemini_SDF03/F021.c|98|style|constVariablePointer|Variable 'ing' can be declared as pointer to const,/home/yichen/Desktop/Gemini_SDF_Results03/logs/F021_cppcheck.log
nofile,cppcheck,True,success,True,0,9,0,information,checkersReport,Active checkers: 113/592 (use --checkers-report=<filename> to see details),nofile|0|information|checkersReport|Active checkers: 113/592 (use --checkers-report=<filename> to see details),/home/yichen/Desktop/Gemini_SDF_Results03/logs/F021_cppcheck.log
/home/yichen/Desktop/Gemini_SDF03/F022.c,cppcheck,True,success,True,0,12,3,information,missingIncludeSystem,Include file: <stdio.h> not found. Please note: Cppcheck does not need standard library headers to get proper results.,/home/yichen/Desktop/Gemini_SDF03/F022.c|3|information|missingIncludeSystem|Include file: <stdio.h> not found. Please note: Cppcheck does not need standard library headers to get proper results.,/home/yichen/Desktop/Gemini_SDF_Results03/logs/F022_cppcheck.log
/home/yichen/Desktop/Gemini_SDF03/F022.c,cppcheck,True,success,True,0,12,4,information,missingIncludeSystem,Include file: <stdlib.h> not found. Please note: Cppcheck does not need standard library headers to get proper results.,/home/yichen/Desktop/Gemini_SDF03/F022.c|4|information|missingIncludeSystem|Include file: <stdlib.h> not found. Please note: Cppcheck does not need standard library headers to get proper results.,/home/yichen/Desktop/Gemini_SDF_Results03/logs/F022_cppcheck.log
/home/yichen/Desktop/Gemini_SDF03/F022.c,cppcheck,True,success,True,0,12,5,information,missingIncludeSystem,Include file: <string.h> not found. Please note: Cppcheck does not need standard library headers to get proper results.,/home/yichen/Desktop/Gemini_SDF03/F022.c|5|information|missingIncludeSystem|Include file: <string.h> not found. Please note: Cppcheck does not need standard library headers to get proper results.,/home/yichen/Desktop/Gemini_SDF_Results03/logs/F022_cppcheck.log
/home/yichen/Desktop/Gemini_SDF03/F022.c,cppcheck,True,success,True,0,12,61,style,constVariablePointer,Variable 'proj' can be declared as pointer to const,/home/yichen/Desktop/Gemini_SDF03/F022.c|61|style|constVariablePointer|Variable 'proj' can be declared as pointer to const,/home/yichen/Desktop/Gemini_SDF_Results03/logs/F022_cppcheck.log
/home/yichen/Desktop/Gemini_SDF03/F022.c,cppcheck,True,success,True,0,12,63,style,constVariablePointer,Variable 'title' can be declared as pointer to const,/home/yichen/Desktop/Gemini_SDF03/F022.c|63|style|constVariablePointer|Variable 'title' can be declared as pointer to const,/home/yichen/Desktop/Gemini_SDF_Results03/logs/F022_cppcheck.log
/home/yichen/Desktop/Gemini_SDF03/F022.c,cppcheck,True,success,True,0,12,71,style,constVariablePointer,Variable 'note' can be declared as pointer to const,/home/yichen/Desktop/Gemini_SDF03/F022.c|71|style|constVariablePointer|Variable 'note' can be declared as pointer to const,/home/yichen/Desktop/Gemini_SDF_Results03/logs/F022_cppcheck.log
/home/yichen/Desktop/Gemini_SDF03/F022.c,cppcheck,True,success,True,0,12,98,style,constVariablePointer,Variable 'fromProj' can be declared as pointer to const,/home/yichen/Desktop/Gemini_SDF03/F022.c|98|style|constVariablePointer|Variable 'fromProj' can be declared as pointer to const,/home/yichen/Desktop/Gemini_SDF_Results03/logs/F022_cppcheck.log
/home/yichen/Desktop/Gemini_SDF03/F022.c,cppcheck,True,success,True,0,12,100,style,constVariablePointer,Variable 'toProj' can be declared as pointer to const,/home/yichen/Desktop/Gemini_SDF03/F022.c|100|style|constVariablePointer|Variable 'toProj' can be declared as pointer to const,/home/yichen/Desktop/Gemini_SDF_Results03/logs/F022_cppcheck.log
/home/yichen/Desktop/Gemini_SDF03/F022.c,cppcheck,True,success,True,0,12,108,style,constVariablePointer,Variable 'title' can be declared as pointer to const,/home/yichen/Desktop/Gemini_SDF03/F022.c|108|style|constVariablePointer|Variable 'title' can be declared as pointer to const,/home/yichen/Desktop/Gemini_SDF_Results03/logs/F022_cppcheck.log
/home/yichen/Desktop/Gemini_SDF03/F022.c,cppcheck,True,success,True,0,12,144,style,constVariablePointer,Variable 'proj' can be declared as pointer to const,/home/yichen/Desktop/Gemini_SDF03/F022.c|144|style|constVariablePointer|Variable 'proj' can be declared as pointer to const,/home/yichen/Desktop/Gemini_SDF_Results03/logs/F022_cppcheck.log
/home/yichen/Desktop/Gemini_SDF03/F022.c,cppcheck,True,success,True,0,12,146,style,constVariablePointer,Variable 'title' can be declared as pointer to const,/home/yichen/Desktop/Gemini_SDF03/F022.c|146|style|constVariablePointer|Variable 'title' can be declared as pointer to const,/home/yichen/Desktop/Gemini_SDF_Results03/logs/F022_cppcheck.log
nofile,cppcheck,True,success,True,0,12,0,information,checkersReport,Active checkers: 113/592 (use --checkers-report=<filename> to see details),nofile|0|information|checkersReport|Active checkers: 113/592 (use --checkers-report=<filename> to see details),/home/yichen/Desktop/Gemini_SDF_Results03/logs/F022_cppcheck.log
/home/yichen/Desktop/Gemini_SDF03/F023.c,cppcheck,True,success,True,0,11,3,information,missingIncludeSystem,Include file: <stdio.h> not found. Please note: Cppcheck does not need standard library headers to get proper results.,/home/yichen/Desktop/Gemini_SDF03/F023.c|3|information|missingIncludeSystem|Include file: <stdio.h> not found. Please note: Cppcheck does not need standard library headers to get proper results.,/home/yichen/Desktop/Gemini_SDF_Results03/logs/F023_cppcheck.log
/home/yichen/Desktop/Gemini_SDF03/F023.c,cppcheck,True,success,True,0,11,4,information,missingIncludeSystem,Include file: <stdlib.h> not found. Please note: Cppcheck does not need standard library headers to get proper results.,/home/yichen/Desktop/Gemini_SDF03/F023.c|4|information|missingIncludeSystem|Include file: <stdlib.h> not found. Please note: Cppcheck does not need standard library headers to get proper results.,/home/yichen/Desktop/Gemini_SDF_Results03/logs/F023_cppcheck.log
/home/yichen/Desktop/Gemini_SDF03/F023.c,cppcheck,True,success,True,0,11,5,information,missingIncludeSystem,Include file: <string.h> not found. Please note: Cppcheck does not need standard library headers to get proper results.,/home/yichen/Desktop/Gemini_SDF03/F023.c|5|information|missingIncludeSystem|Include file: <string.h> not found. Please note: Cppcheck does not need standard library headers to get proper results.,/home/yichen/Desktop/Gemini_SDF_Results03/logs/F023_cppcheck.log
/home/yichen/Desktop/Gemini_SDF03/F023.c,cppcheck,True,success,True,0,11,33,style,constVariablePointer,Variable 'sender' can be declared as pointer to const,/home/yichen/Desktop/Gemini_SDF03/F023.c|33|style|constVariablePointer|Variable 'sender' can be declared as pointer to const,/home/yichen/Desktop/Gemini_SDF_Results03/logs/F023_cppcheck.log
/home/yichen/Desktop/Gemini_SDF03/F023.c,cppcheck,True,success,True,0,11,35,style,constVariablePointer,Variable 'subject' can be declared as pointer to const,/home/yichen/Desktop/Gemini_SDF03/F023.c|35|style|constVariablePointer|Variable 'subject' can be declared as pointer to const,/home/yichen/Desktop/Gemini_SDF_Results03/logs/F023_cppcheck.log
/home/yichen/Desktop/Gemini_SDF03/F023.c,cppcheck,True,success,True,0,11,43,style,constVariablePointer,Variable 'body' can be declared as pointer to const,/home/yichen/Desktop/Gemini_SDF03/F023.c|43|style|constVariablePointer|Variable 'body' can be declared as pointer to const,/home/yichen/Desktop/Gemini_SDF_Results03/logs/F023_cppcheck.log
/home/yichen/Desktop/Gemini_SDF03/F023.c,cppcheck,True,success,True,0,11,67,style,constVariablePointer,Variable 'subject' can be declared as pointer to const,/home/yichen/Desktop/Gemini_SDF03/F023.c|67|style|constVariablePointer|Variable 'subject' can be declared as pointer to const,/home/yichen/Desktop/Gemini_SDF_Results03/logs/F023_cppcheck.log
/home/yichen/Desktop/Gemini_SDF03/F023.c,cppcheck,True,success,True,0,11,69,style,constVariablePointer,Variable 'tag' can be declared as pointer to const,/home/yichen/Desktop/Gemini_SDF03/F023.c|69|style|constVariablePointer|Variable 'tag' can be declared as pointer to const,/home/yichen/Desktop/Gemini_SDF_Results03/logs/F023_cppcheck.log
/home/yichen/Desktop/Gemini_SDF03/F023.c,cppcheck,True,success,True,0,11,94,style,constVariablePointer,Variable 'subject' can be declared as pointer to const,/home/yichen/Desktop/Gemini_SDF03/F023.c|94|style|constVariablePointer|Variable 'subject' can be declared as pointer to const,/home/yichen/Desktop/Gemini_SDF_Results03/logs/F023_cppcheck.log
/home/yichen/Desktop/Gemini_SDF03/F023.c,cppcheck,True,success,True,0,11,96,style,constVariablePointer,Variable 'tag' can be declared as pointer to const,/home/yichen/Desktop/Gemini_SDF03/F023.c|96|style|constVariablePointer|Variable 'tag' can be declared as pointer to const,/home/yichen/Desktop/Gemini_SDF_Results03/logs/F023_cppcheck.log
nofile,cppcheck,True,success,True,0,11,0,information,checkersReport,Active checkers: 113/592 (use --checkers-report=<filename> to see details),nofile|0|information|checkersReport|Active checkers: 113/592 (use --checkers-report=<filename> to see details),/home/yichen/Desktop/Gemini_SDF_Results03/logs/F023_cppcheck.log
/home/yichen/Desktop/Gemini_SDF03/F024.c,cppcheck,True,success,True,0,10,3,information,missingIncludeSystem,Include file: <stdio.h> not found. Please note: Cppcheck does not need standard library headers to get proper results.,/home/yichen/Desktop/Gemini_SDF03/F024.c|3|information|missingIncludeSystem|Include file: <stdio.h> not found. Please note: Cppcheck does not need standard library headers to get proper results.,/home/yichen/Desktop/Gemini_SDF_Results03/logs/F024_cppcheck.log
/home/yichen/Desktop/Gemini_SDF03/F024.c,cppcheck,True,success,True,0,10,4,information,missingIncludeSystem,Include file: <stdlib.h> not found. Please note: Cppcheck does not need standard library headers to get proper results.,/home/yichen/Desktop/Gemini_SDF03/F024.c|4|information|missingIncludeSystem|Include file: <stdlib.h> not found. Please note: Cppcheck does not need standard library headers to get proper results.,/home/yichen/Desktop/Gemini_SDF_Results03/logs/F024_cppcheck.log
/home/yichen/Desktop/Gemini_SDF03/F024.c,cppcheck,True,success,True,0,10,5,information,missingIncludeSystem,Include file: <string.h> not found. Please note: Cppcheck does not need standard library headers to get proper results.,/home/yichen/Desktop/Gemini_SDF03/F024.c|5|information|missingIncludeSystem|Include file: <string.h> not found. Please note: Cppcheck does not need standard library headers to get proper results.,/home/yichen/Desktop/Gemini_SDF_Results03/logs/F024_cppcheck.log
/home/yichen/Desktop/Gemini_SDF03/F024.c,cppcheck,True,success,True,0,10,32,style,constVariablePointer,Variable 'title' can be declared as pointer to const,/home/yichen/Desktop/Gemini_SDF03/F024.c|32|style|constVariablePointer|Variable 'title' can be declared as pointer to const,/home/yichen/Desktop/Gemini_SDF_Results03/logs/F024_cppcheck.log
/home/yichen/Desktop/Gemini_SDF03/F024.c,cppcheck,True,success,True,0,10,34,style,constVariablePointer,Variable 'year' can be declared as pointer to const,/home/yichen/Desktop/Gemini_SDF03/F024.c|34|style|constVariablePointer|Variable 'year' can be declared as pointer to const,/home/yichen/Desktop/Gemini_SDF_Results03/logs/F024_cppcheck.log
/home/yichen/Desktop/Gemini_SDF03/F024.c,cppcheck,True,success,True,0,10,66,style,constVariablePointer,Variable 'title' can be declared as pointer to const,/home/yichen/Desktop/Gemini_SDF03/F024.c|66|style|constVariablePointer|Variable 'title' can be declared as pointer to const,/home/yichen/Desktop/Gemini_SDF_Results03/logs/F024_cppcheck.log
/home/yichen/Desktop/Gemini_SDF03/F024.c,cppcheck,True,success,True,0,10,68,style,constVariablePointer,Variable 'name' can be declared as pointer to const,/home/yichen/Desktop/Gemini_SDF03/F024.c|68|style|constVariablePointer|Variable 'name' can be declared as pointer to const,/home/yichen/Desktop/Gemini_SDF_Results03/logs/F024_cppcheck.log
/home/yichen/Desktop/Gemini_SDF03/F024.c,cppcheck,True,success,True,0,10,93,style,constVariablePointer,Variable 'title' can be declared as pointer to const,/home/yichen/Desktop/Gemini_SDF03/F024.c|93|style|constVariablePointer|Variable 'title' can be declared as pointer to const,/home/yichen/Desktop/Gemini_SDF_Results03/logs/F024_cppcheck.log
/home/yichen/Desktop/Gemini_SDF03/F024.c,cppcheck,True,success,True,0,10,95,style,constVariablePointer,Variable 'name' can be declared as pointer to const,/home/yichen/Desktop/Gemini_SDF03/F024.c|95|style|constVariablePointer|Variable 'name' can be declared as pointer to const,/home/yichen/Desktop/Gemini_SDF_Results03/logs/F024_cppcheck.log
nofile,cppcheck,True,success,True,0,10,0,information,checkersReport,Active checkers: 113/592 (use --checkers-report=<filename> to see details),nofile|0|information|checkersReport|Active checkers: 113/592 (use --checkers-report=<filename> to see details),/home/yichen/Desktop/Gemini_SDF_Results03/logs/F024_cppcheck.log
/home/yichen/Desktop/Gemini_SDF03/F025.c,cppcheck,True,success,True,0,13,3,information,missingIncludeSystem,Include file: <stdio.h> not found. Please note: Cppcheck does not need standard library headers to get proper results.,/home/yichen/Desktop/Gemini_SDF03/F025.c|3|information|missingIncludeSystem|Include file: <stdio.h> not found. Please note: Cppcheck does not need standard library headers to get proper results.,/home/yichen/Desktop/Gemini_SDF_Results03/logs/F025_cppcheck.log
/home/yichen/Desktop/Gemini_SDF03/F025.c,cppcheck,True,success,True,0,13,4,information,missingIncludeSystem,Include file: <stdlib.h> not found. Please note: Cppcheck does not need standard library headers to get proper results.,/home/yichen/Desktop/Gemini_SDF03/F025.c|4|information|missingIncludeSystem|Include file: <stdlib.h> not found. Please note: Cppcheck does not need standard library headers to get proper results.,/home/yichen/Desktop/Gemini_SDF_Results03/logs/F025_cppcheck.log
/home/yichen/Desktop/Gemini_SDF03/F025.c,cppcheck,True,success,True,0,13,5,information,missingIncludeSystem,Include file: <string.h> not found. Please note: Cppcheck does not need standard library headers to get proper results.,/home/yichen/Desktop/Gemini_SDF03/F025.c|5|information|missingIncludeSystem|Include file: <string.h> not found. Please note: Cppcheck does not need standard library headers to get proper results.,/home/yichen/Desktop/Gemini_SDF_Results03/logs/F025_cppcheck.log
/home/yichen/Desktop/Gemini_SDF03/F025.c,cppcheck,True,success,True,0,13,131,style,redundantAssignment,Variable 't->students[t->student_count]' is reassigned a value before the old one has been used.,/home/yichen/Desktop/Gemini_SDF03/F025.c|131|style|redundantAssignment|Variable 't->students[t->student_count]' is reassigned a value before the old one has been used.,/home/yichen/Desktop/Gemini_SDF_Results03/logs/F025_cppcheck.log
/home/yichen/Desktop/Gemini_SDF03/F025.c,cppcheck,True,success,True,0,13,60,style,constVariablePointer,Variable 'cname' can be declared as pointer to const,/home/yichen/Desktop/Gemini_SDF03/F025.c|60|style|constVariablePointer|Variable 'cname' can be declared as pointer to const,/home/yichen/Desktop/Gemini_SDF_Results03/logs/F025_cppcheck.log
/home/yichen/Desktop/Gemini_SDF03/F025.c,cppcheck,True,success,True,0,13,62,style,constVariablePointer,Variable 'sname' can be declared as pointer to const,/home/yichen/Desktop/Gemini_SDF03/F025.c|62|style|constVariablePointer|Variable 'sname' can be declared as pointer to const,/home/yichen/Desktop/Gemini_SDF_Results03/logs/F025_cppcheck.log
/home/yichen/Desktop/Gemini_SDF03/F025.c,cppcheck,True,success,True,0,13,70,style,constVariablePointer,Variable 'note' can be declared as pointer to const,/home/yichen/Desktop/Gemini_SDF03/F025.c|70|style|constVariablePointer|Variable 'note' can be declared as pointer to const,/home/yichen/Desktop/Gemini_SDF_Results03/logs/F025_cppcheck.log
/home/yichen/Desktop/Gemini_SDF03/F025.c,cppcheck,True,success,True,0,13,96,style,constVariablePointer,Variable 'fromClass' can be declared as pointer to const,/home/yichen/Desktop/Gemini_SDF03/F025.c|96|style|constVariablePointer|Variable 'fromClass' can be declared as pointer to const,/home/yichen/Desktop/Gemini_SDF_Results03/logs/F025_cppcheck.log
/home/yichen/Desktop/Gemini_SDF03/F025.c,cppcheck,True,success,True,0,13,98,style,constVariablePointer,Variable 'toClass' can be declared as pointer to const,/home/yichen/Desktop/Gemini_SDF03/F025.c|98|style|constVariablePointer|Variable 'toClass' can be declared as pointer to const,/home/yichen/Desktop/Gemini_SDF_Results03/logs/F025_cppcheck.log
/home/yichen/Desktop/Gemini_SDF03/F025.c,cppcheck,True,success,True,0,13,106,style,constVariablePointer,Variable 'sname' can be declared as pointer to const,/home/yichen/Desktop/Gemini_SDF03/F025.c|106|style|constVariablePointer|Variable 'sname' can be declared as pointer to const,/home/yichen/Desktop/Gemini_SDF_Results03/logs/F025_cppcheck.log
/home/yichen/Desktop/Gemini_SDF03/F025.c,cppcheck,True,success,True,0,13,144,style,constVariablePointer,Variable 'cname' can be declared as pointer to const,/home/yichen/Desktop/Gemini_SDF03/F025.c|144|style|constVariablePointer|Variable 'cname' can be declared as pointer to const,/home/yichen/Desktop/Gemini_SDF_Results03/logs/F025_cppcheck.log
/home/yichen/Desktop/Gemini_SDF03/F025.c,cppcheck,True,success,True,0,13,146,style,constVariablePointer,Variable 'sname' can be declared as pointer to const,/home/yichen/Desktop/Gemini_SDF03/F025.c|146|style|constVariablePointer|Variable 'sname' can be declared as pointer to const,/home/yichen/Desktop/Gemini_SDF_Results03/logs/F025_cppcheck.log
nofile,cppcheck,True,success,True,0,13,0,information,checkersReport,Active checkers: 113/592 (use --checkers-report=<filename> to see details),nofile|0|information|checkersReport|Active checkers: 113/592 (use --checkers-report=<filename> to see details),/home/yichen/Desktop/Gemini_SDF_Results03/logs/F025_cppcheck.log
/home/yichen/Desktop/Gemini_SDF03/F026.c,cppcheck,True,success,True,0,6,3,information,missingIncludeSystem,Include file: <stdio.h> not found. Please note: Cppcheck does not need standard library headers to get proper results.,/home/yichen/Desktop/Gemini_SDF03/F026.c|3|information|missingIncludeSystem|Include file: <stdio.h> not found. Please note: Cppcheck does not need standard library headers to get proper results.,/home/yichen/Desktop/Gemini_SDF_Results03/logs/F026_cppcheck.log
/home/yichen/Desktop/Gemini_SDF03/F026.c,cppcheck,True,success,True,0,6,4,information,missingIncludeSystem,Include file: <stdlib.h> not found. Please note: Cppcheck does not need standard library headers to get proper results.,/home/yichen/Desktop/Gemini_SDF03/F026.c|4|information|missingIncludeSystem|Include file: <stdlib.h> not found. Please note: Cppcheck does not need standard library headers to get proper results.,/home/yichen/Desktop/Gemini_SDF_Results03/logs/F026_cppcheck.log
/home/yichen/Desktop/Gemini_SDF03/F026.c,cppcheck,True,success,True,0,6,5,information,missingIncludeSystem,Include file: <string.h> not found. Please note: Cppcheck does not need standard library headers to get proper results.,/home/yichen/Desktop/Gemini_SDF03/F026.c|5|information|missingIncludeSystem|Include file: <string.h> not found. Please note: Cppcheck does not need standard library headers to get proper results.,/home/yichen/Desktop/Gemini_SDF_Results03/logs/F026_cppcheck.log
/home/yichen/Desktop/Gemini_SDF03/F026.c,cppcheck,True,success,True,0,6,29,style,constVariablePointer,Variable 'cat' can be declared as pointer to const,/home/yichen/Desktop/Gemini_SDF03/F026.c|29|style|constVariablePointer|Variable 'cat' can be declared as pointer to const,/home/yichen/Desktop/Gemini_SDF_Results03/logs/F026_cppcheck.log
/home/yichen/Desktop/Gemini_SDF03/F026.c,cppcheck,True,success,True,0,6,31,style,constVariablePointer,Variable 'text' can be declared as pointer to const,/home/yichen/Desktop/Gemini_SDF03/F026.c|31|style|constVariablePointer|Variable 'text' can be declared as pointer to const,/home/yichen/Desktop/Gemini_SDF_Results03/logs/F026_cppcheck.log
nofile,cppcheck,True,success,True,0,6,0,information,checkersReport,Active checkers: 113/592 (use --checkers-report=<filename> to see details),nofile|0|information|checkersReport|Active checkers: 113/592 (use --checkers-report=<filename> to see details),/home/yichen/Desktop/Gemini_SDF_Results03/logs/F026_cppcheck.log
/home/yichen/Desktop/Gemini_SDF03/F027.c,cppcheck,True,success,True,0,9,3,information,missingIncludeSystem,Include file: <stdio.h> not found. Please note: Cppcheck does not need standard library headers to get proper results.,/home/yichen/Desktop/Gemini_SDF03/F027.c|3|information|missingIncludeSystem|Include file: <stdio.h> not found. Please note: Cppcheck does not need standard library headers to get proper results.,/home/yichen/Desktop/Gemini_SDF_Results03/logs/F027_cppcheck.log
/home/yichen/Desktop/Gemini_SDF03/F027.c,cppcheck,True,success,True,0,9,4,information,missingIncludeSystem,Include file: <stdlib.h> not found. Please note: Cppcheck does not need standard library headers to get proper results.,/home/yichen/Desktop/Gemini_SDF03/F027.c|4|information|missingIncludeSystem|Include file: <stdlib.h> not found. Please note: Cppcheck does not need standard library headers to get proper results.,/home/yichen/Desktop/Gemini_SDF_Results03/logs/F027_cppcheck.log
/home/yichen/Desktop/Gemini_SDF03/F027.c,cppcheck,True,success,True,0,9,5,information,missingIncludeSystem,Include file: <string.h> not found. Please note: Cppcheck does not need standard library headers to get proper results.,/home/yichen/Desktop/Gemini_SDF03/F027.c|5|information|missingIncludeSystem|Include file: <string.h> not found. Please note: Cppcheck does not need standard library headers to get proper results.,/home/yichen/Desktop/Gemini_SDF_Results03/logs/F027_cppcheck.log
/home/yichen/Desktop/Gemini_SDF03/F027.c,cppcheck,True,success,True,0,9,39,style,constVariablePointer,Variable 'prio_str' can be declared as pointer to const,/home/yichen/Desktop/Gemini_SDF03/F027.c|39|style|constVariablePointer|Variable 'prio_str' can be declared as pointer to const,/home/yichen/Desktop/Gemini_SDF_Results03/logs/F027_cppcheck.log
/home/yichen/Desktop/Gemini_SDF03/F027.c,cppcheck,True,success,True,0,9,41,style,constVariablePointer,Variable 'title' can be declared as pointer to const,/home/yichen/Desktop/Gemini_SDF03/F027.c|41|style|constVariablePointer|Variable 'title' can be declared as pointer to const,/home/yichen/Desktop/Gemini_SDF_Results03/logs/F027_cppcheck.log
/home/yichen/Desktop/Gemini_SDF03/F027.c,cppcheck,True,success,True,0,9,49,style,constVariablePointer,Variable 'note' can be declared as pointer to const,/home/yichen/Desktop/Gemini_SDF03/F027.c|49|style|constVariablePointer|Variable 'note' can be declared as pointer to const,/home/yichen/Desktop/Gemini_SDF_Results03/logs/F027_cppcheck.log
/home/yichen/Desktop/Gemini_SDF03/F027.c,cppcheck,True,success,True,0,9,71,style,constVariablePointer,Variable 'title' can be declared as pointer to const,/home/yichen/Desktop/Gemini_SDF03/F027.c|71|style|constVariablePointer|Variable 'title' can be declared as pointer to const,/home/yichen/Desktop/Gemini_SDF_Results03/logs/F027_cppcheck.log
/home/yichen/Desktop/Gemini_SDF03/F027.c,cppcheck,True,success,True,0,9,73,style,constVariablePointer,Variable 'delta_str' can be declared as pointer to const,/home/yichen/Desktop/Gemini_SDF03/F027.c|73|style|constVariablePointer|Variable 'delta_str' can be declared as pointer to const,/home/yichen/Desktop/Gemini_SDF_Results03/logs/F027_cppcheck.log
nofile,cppcheck,True,success,True,0,9,0,information,checkersReport,Active checkers: 113/592 (use --checkers-report=<filename> to see details),nofile|0|information|checkersReport|Active checkers: 113/592 (use --checkers-report=<filename> to see details),/home/yichen/Desktop/Gemini_SDF_Results03/logs/F027_cppcheck.log
/home/yichen/Desktop/Gemini_SDF03/F028.c,cppcheck,True,success,True,0,11,3,information,missingIncludeSystem,Include file: <stdio.h> not found. Please note: Cppcheck does not need standard library headers to get proper results.,/home/yichen/Desktop/Gemini_SDF03/F028.c|3|information|missingIncludeSystem|Include file: <stdio.h> not found. Please note: Cppcheck does not need standard library headers to get proper results.,/home/yichen/Desktop/Gemini_SDF_Results03/logs/F028_cppcheck.log
/home/yichen/Desktop/Gemini_SDF03/F028.c,cppcheck,True,success,True,0,11,4,information,missingIncludeSystem,Include file: <stdlib.h> not found. Please note: Cppcheck does not need standard library headers to get proper results.,/home/yichen/Desktop/Gemini_SDF03/F028.c|4|information|missingIncludeSystem|Include file: <stdlib.h> not found. Please note: Cppcheck does not need standard library headers to get proper results.,/home/yichen/Desktop/Gemini_SDF_Results03/logs/F028_cppcheck.log
/home/yichen/Desktop/Gemini_SDF03/F028.c,cppcheck,True,success,True,0,11,5,information,missingIncludeSystem,Include file: <string.h> not found. Please note: Cppcheck does not need standard library headers to get proper results.,/home/yichen/Desktop/Gemini_SDF03/F028.c|5|information|missingIncludeSystem|Include file: <string.h> not found. Please note: Cppcheck does not need standard library headers to get proper results.,/home/yichen/Desktop/Gemini_SDF_Results03/logs/F028_cppcheck.log
/home/yichen/Desktop/Gemini_SDF03/F028.c,cppcheck,True,success,True,0,11,29,style,constVariablePointer,Variable 'stop' can be declared as pointer to const,/home/yichen/Desktop/Gemini_SDF03/F028.c|29|style|constVariablePointer|Variable 'stop' can be declared as pointer to const,/home/yichen/Desktop/Gemini_SDF_Results03/logs/F028_cppcheck.log
/home/yichen/Desktop/Gemini_SDF03/F028.c,cppcheck,True,success,True,0,11,31,style,constVariablePointer,Variable 'note' can be declared as pointer to const,/home/yichen/Desktop/Gemini_SDF03/F028.c|31|style|constVariablePointer|Variable 'note' can be declared as pointer to const,/home/yichen/Desktop/Gemini_SDF_Results03/logs/F028_cppcheck.log
/home/yichen/Desktop/Gemini_SDF03/F028.c,cppcheck,True,success,True,0,11,51,style,constVariablePointer,Variable 'idx_str' can be declared as pointer to const,/home/yichen/Desktop/Gemini_SDF03/F028.c|51|style|constVariablePointer|Variable 'idx_str' can be declared as pointer to const,/home/yichen/Desktop/Gemini_SDF_Results03/logs/F028_cppcheck.log
/home/yichen/Desktop/Gemini_SDF03/F028.c,cppcheck,True,success,True,0,11,53,style,constVariablePointer,Variable 'stop' can be declared as pointer to const,/home/yichen/Desktop/Gemini_SDF03/F028.c|53|style|constVariablePointer|Variable 'stop' can be declared as pointer to const,/home/yichen/Desktop/Gemini_SDF_Results03/logs/F028_cppcheck.log
/home/yichen/Desktop/Gemini_SDF03/F028.c,cppcheck,True,success,True,0,11,61,style,constVariablePointer,Variable 'note' can be declared as pointer to const,/home/yichen/Desktop/Gemini_SDF03/F028.c|61|style|constVariablePointer|Variable 'note' can be declared as pointer to const,/home/yichen/Desktop/Gemini_SDF_Results03/logs/F028_cppcheck.log
/home/yichen/Desktop/Gemini_SDF03/F028.c,cppcheck,True,success,True,0,11,87,style,constVariablePointer,Variable 'from_str' can be declared as pointer to const,/home/yichen/Desktop/Gemini_SDF03/F028.c|87|style|constVariablePointer|Variable 'from_str' can be declared as pointer to const,/home/yichen/Desktop/Gemini_SDF_Results03/logs/F028_cppcheck.log
/home/yichen/Desktop/Gemini_SDF03/F028.c,cppcheck,True,success,True,0,11,89,style,constVariablePointer,Variable 'to_str' can be declared as pointer to const,/home/yichen/Desktop/Gemini_SDF03/F028.c|89|style|constVariablePointer|Variable 'to_str' can be declared as pointer to const,/home/yichen/Desktop/Gemini_SDF_Results03/logs/F028_cppcheck.log
nofile,cppcheck,True,success,True,0,11,0,information,checkersReport,Active checkers: 113/592 (use --checkers-report=<filename> to see details),nofile|0|information|checkersReport|Active checkers: 113/592 (use --checkers-report=<filename> to see details),/home/yichen/Desktop/Gemini_SDF_Results03/logs/F028_cppcheck.log
/home/yichen/Desktop/Gemini_SDF03/F029.c,cppcheck,True,success,True,0,6,3,information,missingIncludeSystem,Include file: <stdio.h> not found. Please note: Cppcheck does not need standard library headers to get proper results.,/home/yichen/Desktop/Gemini_SDF03/F029.c|3|information|missingIncludeSystem|Include file: <stdio.h> not found. Please note: Cppcheck does not need standard library headers to get proper results.,/home/yichen/Desktop/Gemini_SDF_Results03/logs/F029_cppcheck.log
/home/yichen/Desktop/Gemini_SDF03/F029.c,cppcheck,True,success,True,0,6,4,information,missingIncludeSystem,Include file: <stdlib.h> not found. Please note: Cppcheck does not need standard library headers to get proper results.,/home/yichen/Desktop/Gemini_SDF03/F029.c|4|information|missingIncludeSystem|Include file: <stdlib.h> not found. Please note: Cppcheck does not need standard library headers to get proper results.,/home/yichen/Desktop/Gemini_SDF_Results03/logs/F029_cppcheck.log
/home/yichen/Desktop/Gemini_SDF03/F029.c,cppcheck,True,success,True,0,6,5,information,missingIncludeSystem,Include file: <string.h> not found. Please note: Cppcheck does not need standard library headers to get proper results.,/home/yichen/Desktop/Gemini_SDF03/F029.c|5|information|missingIncludeSystem|Include file: <string.h> not found. Please note: Cppcheck does not need standard library headers to get proper results.,/home/yichen/Desktop/Gemini_SDF_Results03/logs/F029_cppcheck.log
/home/yichen/Desktop/Gemini_SDF03/F029.c,cppcheck,True,success,True,0,6,29,style,constVariablePointer,Variable 'key' can be declared as pointer to const,/home/yichen/Desktop/Gemini_SDF03/F029.c|29|style|constVariablePointer|Variable 'key' can be declared as pointer to const,/home/yichen/Desktop/Gemini_SDF_Results03/logs/F029_cppcheck.log
/home/yichen/Desktop/Gemini_SDF03/F029.c,cppcheck,True,success,True,0,6,31,style,constVariablePointer,Variable 'val' can be declared as pointer to const,/home/yichen/Desktop/Gemini_SDF03/F029.c|31|style|constVariablePointer|Variable 'val' can be declared as pointer to const,/home/yichen/Desktop/Gemini_SDF_Results03/logs/F029_cppcheck.log
nofile,cppcheck,True,success,True,0,6,0,information,checkersReport,Active checkers: 113/592 (use --checkers-report=<filename> to see details),nofile|0|information|checkersReport|Active checkers: 113/592 (use --checkers-report=<filename> to see details),/home/yichen/Desktop/Gemini_SDF_Results03/logs/F029_cppcheck.log
/home/yichen/Desktop/Gemini_SDF03/F030.c,cppcheck,True,success,True,0,9,3,information,missingIncludeSystem,Include file: <stdio.h> not found. Please note: Cppcheck does not need standard library headers to get proper results.,/home/yichen/Desktop/Gemini_SDF03/F030.c|3|information|missingIncludeSystem|Include file: <stdio.h> not found. Please note: Cppcheck does not need standard library headers to get proper results.,/home/yichen/Desktop/Gemini_SDF_Results03/logs/F030_cppcheck.log
/home/yichen/Desktop/Gemini_SDF03/F030.c,cppcheck,True,success,True,0,9,4,information,missingIncludeSystem,Include file: <stdlib.h> not found. Please note: Cppcheck does not need standard library headers to get proper results.,/home/yichen/Desktop/Gemini_SDF03/F030.c|4|information|missingIncludeSystem|Include file: <stdlib.h> not found. Please note: Cppcheck does not need standard library headers to get proper results.,/home/yichen/Desktop/Gemini_SDF_Results03/logs/F030_cppcheck.log
/home/yichen/Desktop/Gemini_SDF03/F030.c,cppcheck,True,success,True,0,9,5,information,missingIncludeSystem,Include file: <string.h> not found. Please note: Cppcheck does not need standard library headers to get proper results.,/home/yichen/Desktop/Gemini_SDF03/F030.c|5|information|missingIncludeSystem|Include file: <string.h> not found. Please note: Cppcheck does not need standard library headers to get proper results.,/home/yichen/Desktop/Gemini_SDF_Results03/logs/F030_cppcheck.log
/home/yichen/Desktop/Gemini_SDF03/F030.c,cppcheck,True,success,True,0,9,29,style,constVariablePointer,Variable 'old_p' can be declared as pointer to const,/home/yichen/Desktop/Gemini_SDF03/F030.c|29|style|constVariablePointer|Variable 'old_p' can be declared as pointer to const,/home/yichen/Desktop/Gemini_SDF_Results03/logs/F030_cppcheck.log
/home/yichen/Desktop/Gemini_SDF03/F030.c,cppcheck,True,success,True,0,9,31,style,constVariablePointer,Variable 'new_p' can be declared as pointer to const,/home/yichen/Desktop/Gemini_SDF03/F030.c|31|style|constVariablePointer|Variable 'new_p' can be declared as pointer to const,/home/yichen/Desktop/Gemini_SDF_Results03/logs/F030_cppcheck.log
/home/yichen/Desktop/Gemini_SDF03/F030.c,cppcheck,True,success,True,0,9,53,style,constVariablePointer,Variable 'pos' can be declared as pointer to const,/home/yichen/Desktop/Gemini_SDF03/F030.c|53|style|constVariablePointer|Variable 'pos' can be declared as pointer to const,/home/yichen/Desktop/Gemini_SDF_Results03/logs/F030_cppcheck.log
/home/yichen/Desktop/Gemini_SDF03/F030.c,cppcheck,True,success,True,0,9,83,style,constVariablePointer,Variable 'i_str' can be declared as pointer to const,/home/yichen/Desktop/Gemini_SDF03/F030.c|83|style|constVariablePointer|Variable 'i_str' can be declared as pointer to const,/home/yichen/Desktop/Gemini_SDF_Results03/logs/F030_cppcheck.log
/home/yichen/Desktop/Gemini_SDF03/F030.c,cppcheck,True,success,True,0,9,85,style,constVariablePointer,Variable 'j_str' can be declared as pointer to const,/home/yichen/Desktop/Gemini_SDF03/F030.c|85|style|constVariablePointer|Variable 'j_str' can be declared as pointer to const,/home/yichen/Desktop/Gemini_SDF_Results03/logs/F030_cppcheck.log
nofile,cppcheck,True,success,True,0,9,0,information,checkersReport,Active checkers: 113/592 (use --checkers-report=<filename> to see details),nofile|0|information|checkersReport|Active checkers: 113/592 (use --checkers-report=<filename> to see details),/home/yichen/Desktop/Gemini_SDF_Results03/logs/F030_cppcheck.log
/home/yichen/Desktop/Gemini_SDF03/F031.c,cppcheck,True,success,True,0,6,3,information,missingIncludeSystem,Include file: <stdio.h> not found. Please note: Cppcheck does not need standard library headers to get proper results.,/home/yichen/Desktop/Gemini_SDF03/F031.c|3|information|missingIncludeSystem|Include file: <stdio.h> not found. Please note: Cppcheck does not need standard library headers to get proper results.,/home/yichen/Desktop/Gemini_SDF_Results03/logs/F031_cppcheck.log
/home/yichen/Desktop/Gemini_SDF03/F031.c,cppcheck,True,success,True,0,6,4,information,missingIncludeSystem,Include file: <stdlib.h> not found. Please note: Cppcheck does not need standard library headers to get proper results.,/home/yichen/Desktop/Gemini_SDF03/F031.c|4|information|missingIncludeSystem|Include file: <stdlib.h> not found. Please note: Cppcheck does not need standard library headers to get proper results.,/home/yichen/Desktop/Gemini_SDF_Results03/logs/F031_cppcheck.log
/home/yichen/Desktop/Gemini_SDF03/F031.c,cppcheck,True,success,True,0,6,5,information,missingIncludeSystem,Include file: <string.h> not found. Please note: Cppcheck does not need standard library headers to get proper results.,/home/yichen/Desktop/Gemini_SDF03/F031.c|5|information|missingIncludeSystem|Include file: <string.h> not found. Please note: Cppcheck does not need standard library headers to get proper results.,/home/yichen/Desktop/Gemini_SDF_Results03/logs/F031_cppcheck.log
/home/yichen/Desktop/Gemini_SDF03/F031.c,cppcheck,True,success,True,0,6,47,style,constVariablePointer,Variable 'name' can be declared as pointer to const,/home/yichen/Desktop/Gemini_SDF03/F031.c|47|style|constVariablePointer|Variable 'name' can be declared as pointer to const,/home/yichen/Desktop/Gemini_SDF_Results03/logs/F031_cppcheck.log
/home/yichen/Desktop/Gemini_SDF03/F031.c,cppcheck,True,success,True,0,6,49,style,constVariablePointer,Variable 'note' can be declared as pointer to const,/home/yichen/Desktop/Gemini_SDF03/F031.c|49|style|constVariablePointer|Variable 'note' can be declared as pointer to const,/home/yichen/Desktop/Gemini_SDF_Results03/logs/F031_cppcheck.log
nofile,cppcheck,True,success,True,0,6,0,information,checkersReport,Active checkers: 113/592 (use --checkers-report=<filename> to see details),nofile|0|information|checkersReport|Active checkers: 113/592 (use --checkers-report=<filename> to see details),/home/yichen/Desktop/Gemini_SDF_Results03/logs/F031_cppcheck.log
/home/yichen/Desktop/Gemini_SDF03/F032.c,cppcheck,True,success,True,0,9,3,information,missingIncludeSystem,Include file: <stdio.h> not found. Please note: Cppcheck does not need standard library headers to get proper results.,/home/yichen/Desktop/Gemini_SDF03/F032.c|3|information|missingIncludeSystem|Include file: <stdio.h> not found. Please note: Cppcheck does not need standard library headers to get proper results.,/home/yichen/Desktop/Gemini_SDF_Results03/logs/F032_cppcheck.log
/home/yichen/Desktop/Gemini_SDF03/F032.c,cppcheck,True,success,True,0,9,4,information,missingIncludeSystem,Include file: <stdlib.h> not found. Please note: Cppcheck does not need standard library headers to get proper results.,/home/yichen/Desktop/Gemini_SDF03/F032.c|4|information|missingIncludeSystem|Include file: <stdlib.h> not found. Please note: Cppcheck does not need standard library headers to get proper results.,/home/yichen/Desktop/Gemini_SDF_Results03/logs/F032_cppcheck.log
/home/yichen/Desktop/Gemini_SDF03/F032.c,cppcheck,True,success,True,0,9,5,information,missingIncludeSystem,Include file: <string.h> not found. Please note: Cppcheck does not need standard library headers to get proper results.,/home/yichen/Desktop/Gemini_SDF03/F032.c|5|information|missingIncludeSystem|Include file: <string.h> not found. Please note: Cppcheck does not need standard library headers to get proper results.,/home/yichen/Desktop/Gemini_SDF_Results03/logs/F032_cppcheck.log
/home/yichen/Desktop/Gemini_SDF03/F032.c,cppcheck,True,success,True,0,9,33,style,constVariablePointer,Variable 'key' can be declared as pointer to const,/home/yichen/Desktop/Gemini_SDF03/F032.c|33|style|constVariablePointer|Variable 'key' can be declared as pointer to const,/home/yichen/Desktop/Gemini_SDF_Results03/logs/F032_cppcheck.log
/home/yichen/Desktop/Gemini_SDF03/F032.c,cppcheck,True,success,True,0,9,35,style,constVariablePointer,Variable 'val' can be declared as pointer to const,/home/yichen/Desktop/Gemini_SDF03/F032.c|35|style|constVariablePointer|Variable 'val' can be declared as pointer to const,/home/yichen/Desktop/Gemini_SDF_Results03/logs/F032_cppcheck.log
/home/yichen/Desktop/Gemini_SDF03/F032.c,cppcheck,True,success,True,0,9,75,style,constVariablePointer,Variable 'key' can be declared as pointer to const,/home/yichen/Desktop/Gemini_SDF03/F032.c|75|style|constVariablePointer|Variable 'key' can be declared as pointer to const,/home/yichen/Desktop/Gemini_SDF_Results03/logs/F032_cppcheck.log
/home/yichen/Desktop/Gemini_SDF03/F032.c,cppcheck,True,success,True,0,9,77,style,constVariablePointer,Variable 'val' can be declared as pointer to const,/home/yichen/Desktop/Gemini_SDF03/F032.c|77|style|constVariablePointer|Variable 'val' can be declared as pointer to const,/home/yichen/Desktop/Gemini_SDF_Results03/logs/F032_cppcheck.log
/home/yichen/Desktop/Gemini_SDF03/F032.c,cppcheck,True,success,True,0,9,166,style,unreadVariable,Variable 's_found' is assigned a value that is never used.,/home/yichen/Desktop/Gemini_SDF03/F032.c|166|style|unreadVariable|Variable 's_found' is assigned a value that is never used.,/home/yichen/Desktop/Gemini_SDF_Results03/logs/F032_cppcheck.log
nofile,cppcheck,True,success,True,0,9,0,information,checkersReport,Active checkers: 113/592 (use --checkers-report=<filename> to see details),nofile|0|information|checkersReport|Active checkers: 113/592 (use --checkers-report=<filename> to see details),/home/yichen/Desktop/Gemini_SDF_Results03/logs/F032_cppcheck.log
/home/yichen/Desktop/Gemini_SDF03/F033.c,cppcheck,True,success,True,0,12,3,information,missingIncludeSystem,Include file: <stdio.h> not found. Please note: Cppcheck does not need standard library headers to get proper results.,/home/yichen/Desktop/Gemini_SDF03/F033.c|3|information|missingIncludeSystem|Include file: <stdio.h> not found. Please note: Cppcheck does not need standard library headers to get proper results.,/home/yichen/Desktop/Gemini_SDF_Results03/logs/F033_cppcheck.log
/home/yichen/Desktop/Gemini_SDF03/F033.c,cppcheck,True,success,True,0,12,4,information,missingIncludeSystem,Include file: <stdlib.h> not found. Please note: Cppcheck does not need standard library headers to get proper results.,/home/yichen/Desktop/Gemini_SDF03/F033.c|4|information|missingIncludeSystem|Include file: <stdlib.h> not found. Please note: Cppcheck does not need standard library headers to get proper results.,/home/yichen/Desktop/Gemini_SDF_Results03/logs/F033_cppcheck.log
/home/yichen/Desktop/Gemini_SDF03/F033.c,cppcheck,True,success,True,0,12,5,information,missingIncludeSystem,Include file: <string.h> not found. Please note: Cppcheck does not need standard library headers to get proper results.,/home/yichen/Desktop/Gemini_SDF03/F033.c|5|information|missingIncludeSystem|Include file: <string.h> not found. Please note: Cppcheck does not need standard library headers to get proper results.,/home/yichen/Desktop/Gemini_SDF_Results03/logs/F033_cppcheck.log
/home/yichen/Desktop/Gemini_SDF03/F033.c,cppcheck,True,success,True,0,12,31,style,constVariablePointer,Variable 'id' can be declared as pointer to const,/home/yichen/Desktop/Gemini_SDF03/F033.c|31|style|constVariablePointer|Variable 'id' can be declared as pointer to const,/home/yichen/Desktop/Gemini_SDF_Results03/logs/F033_cppcheck.log
/home/yichen/Desktop/Gemini_SDF03/F033.c,cppcheck,True,success,True,0,12,33,style,constVariablePointer,Variable 'name' can be declared as pointer to const,/home/yichen/Desktop/Gemini_SDF03/F033.c|33|style|constVariablePointer|Variable 'name' can be declared as pointer to const,/home/yichen/Desktop/Gemini_SDF_Results03/logs/F033_cppcheck.log
/home/yichen/Desktop/Gemini_SDF03/F033.c,cppcheck,True,success,True,0,12,41,style,constVariablePointer,Variable 'dept' can be declared as pointer to const,/home/yichen/Desktop/Gemini_SDF03/F033.c|41|style|constVariablePointer|Variable 'dept' can be declared as pointer to const,/home/yichen/Desktop/Gemini_SDF_Results03/logs/F033_cppcheck.log
/home/yichen/Desktop/Gemini_SDF03/F033.c,cppcheck,True,success,True,0,12,49,style,constVariablePointer,Variable 'title' can be declared as pointer to const,/home/yichen/Desktop/Gemini_SDF03/F033.c|49|style|constVariablePointer|Variable 'title' can be declared as pointer to const,/home/yichen/Desktop/Gemini_SDF_Results03/logs/F033_cppcheck.log
/home/yichen/Desktop/Gemini_SDF03/F033.c,cppcheck,True,success,True,0,12,80,style,constVariablePointer,Variable 'id' can be declared as pointer to const,/home/yichen/Desktop/Gemini_SDF03/F033.c|80|style|constVariablePointer|Variable 'id' can be declared as pointer to const,/home/yichen/Desktop/Gemini_SDF_Results03/logs/F033_cppcheck.log
/home/yichen/Desktop/Gemini_SDF03/F033.c,cppcheck,True,success,True,0,12,82,style,constVariablePointer,Variable 'name' can be declared as pointer to const,/home/yichen/Desktop/Gemini_SDF03/F033.c|82|style|constVariablePointer|Variable 'name' can be declared as pointer to const,/home/yichen/Desktop/Gemini_SDF_Results03/logs/F033_cppcheck.log
/home/yichen/Desktop/Gemini_SDF03/F033.c,cppcheck,True,success,True,0,12,90,style,constVariablePointer,Variable 'dept' can be declared as pointer to const,/home/yichen/Desktop/Gemini_SDF03/F033.c|90|style|constVariablePointer|Variable 'dept' can be declared as pointer to const,/home/yichen/Desktop/Gemini_SDF_Results03/logs/F033_cppcheck.log
/home/yichen/Desktop/Gemini_SDF03/F033.c,cppcheck,True,success,True,0,12,98,style,constVariablePointer,Variable 'title' can be declared as pointer to const,/home/yichen/Desktop/Gemini_SDF03/F033.c|98|style|constVariablePointer|Variable 'title' can be declared as pointer to const,/home/yichen/Desktop/Gemini_SDF_Results03/logs/F033_cppcheck.log
nofile,cppcheck,True,success,True,0,12,0,information,checkersReport,Active checkers: 113/592 (use --checkers-report=<filename> to see details),nofile|0|information|checkersReport|Active checkers: 113/592 (use --checkers-report=<filename> to see details),/home/yichen/Desktop/Gemini_SDF_Results03/logs/F033_cppcheck.log
/home/yichen/Desktop/Gemini_SDF03/F034.c,cppcheck,True,success,True,0,8,3,information,missingIncludeSystem,Include file: <stdio.h> not found. Please note: Cppcheck does not need standard library headers to get proper results.,/home/yichen/Desktop/Gemini_SDF03/F034.c|3|information|missingIncludeSystem|Include file: <stdio.h> not found. Please note: Cppcheck does not need standard library headers to get proper results.,/home/yichen/Desktop/Gemini_SDF_Results03/logs/F034_cppcheck.log
/home/yichen/Desktop/Gemini_SDF03/F034.c,cppcheck,True,success,True,0,8,4,information,missingIncludeSystem,Include file: <stdlib.h> not found. Please note: Cppcheck does not need standard library headers to get proper results.,/home/yichen/Desktop/Gemini_SDF03/F034.c|4|information|missingIncludeSystem|Include file: <stdlib.h> not found. Please note: Cppcheck does not need standard library headers to get proper results.,/home/yichen/Desktop/Gemini_SDF_Results03/logs/F034_cppcheck.log
/home/yichen/Desktop/Gemini_SDF03/F034.c,cppcheck,True,success,True,0,8,5,information,missingIncludeSystem,Include file: <string.h> not found. Please note: Cppcheck does not need standard library headers to get proper results.,/home/yichen/Desktop/Gemini_SDF03/F034.c|5|information|missingIncludeSystem|Include file: <string.h> not found. Please note: Cppcheck does not need standard library headers to get proper results.,/home/yichen/Desktop/Gemini_SDF_Results03/logs/F034_cppcheck.log
/home/yichen/Desktop/Gemini_SDF03/F034.c,cppcheck,True,success,True,0,8,43,style,constVariablePointer,Variable 'name' can be declared as pointer to const,/home/yichen/Desktop/Gemini_SDF03/F034.c|43|style|constVariablePointer|Variable 'name' can be declared as pointer to const,/home/yichen/Desktop/Gemini_SDF_Results03/logs/F034_cppcheck.log
/home/yichen/Desktop/Gemini_SDF03/F034.c,cppcheck,True,success,True,0,8,45,style,constVariablePointer,Variable 'note' can be declared as pointer to const,/home/yichen/Desktop/Gemini_SDF03/F034.c|45|style|constVariablePointer|Variable 'note' can be declared as pointer to const,/home/yichen/Desktop/Gemini_SDF_Results03/logs/F034_cppcheck.log
/home/yichen/Desktop/Gemini_SDF03/F034.c,cppcheck,True,success,True,0,8,89,style,constVariablePointer,Variable 'name' can be declared as pointer to const,/home/yichen/Desktop/Gemini_SDF03/F034.c|89|style|constVariablePointer|Variable 'name' can be declared as pointer to const,/home/yichen/Desktop/Gemini_SDF_Results03/logs/F034_cppcheck.log
/home/yichen/Desktop/Gemini_SDF03/F034.c,cppcheck,True,success,True,0,8,91,style,constVariablePointer,Variable 'note' can be declared as pointer to const,/home/yichen/Desktop/Gemini_SDF03/F034.c|91|style|constVariablePointer|Variable 'note' can be declared as pointer to const,/home/yichen/Desktop/Gemini_SDF_Results03/logs/F034_cppcheck.log
nofile,cppcheck,True,success,True,0,8,0,information,checkersReport,Active checkers: 113/592 (use --checkers-report=<filename> to see details),nofile|0|information|checkersReport|Active checkers: 113/592 (use --checkers-report=<filename> to see details),/home/yichen/Desktop/Gemini_SDF_Results03/logs/F034_cppcheck.log
/home/yichen/Desktop/Gemini_SDF03/F035.c,cppcheck,True,success,True,0,8,3,information,missingIncludeSystem,Include file: <stdio.h> not found. Please note: Cppcheck does not need standard library headers to get proper results.,/home/yichen/Desktop/Gemini_SDF03/F035.c|3|information|missingIncludeSystem|Include file: <stdio.h> not found. Please note: Cppcheck does not need standard library headers to get proper results.,/home/yichen/Desktop/Gemini_SDF_Results03/logs/F035_cppcheck.log
/home/yichen/Desktop/Gemini_SDF03/F035.c,cppcheck,True,success,True,0,8,4,information,missingIncludeSystem,Include file: <stdlib.h> not found. Please note: Cppcheck does not need standard library headers to get proper results.,/home/yichen/Desktop/Gemini_SDF03/F035.c|4|information|missingIncludeSystem|Include file: <stdlib.h> not found. Please note: Cppcheck does not need standard library headers to get proper results.,/home/yichen/Desktop/Gemini_SDF_Results03/logs/F035_cppcheck.log
/home/yichen/Desktop/Gemini_SDF03/F035.c,cppcheck,True,success,True,0,8,5,information,missingIncludeSystem,Include file: <string.h> not found. Please note: Cppcheck does not need standard library headers to get proper results.,/home/yichen/Desktop/Gemini_SDF03/F035.c|5|information|missingIncludeSystem|Include file: <string.h> not found. Please note: Cppcheck does not need standard library headers to get proper results.,/home/yichen/Desktop/Gemini_SDF_Results03/logs/F035_cppcheck.log
/home/yichen/Desktop/Gemini_SDF03/F035.c,cppcheck,True,success,True,0,8,29,style,constVariablePointer,Variable 'name' can be declared as pointer to const,/home/yichen/Desktop/Gemini_SDF03/F035.c|29|style|constVariablePointer|Variable 'name' can be declared as pointer to const,/home/yichen/Desktop/Gemini_SDF_Results03/logs/F035_cppcheck.log
/home/yichen/Desktop/Gemini_SDF03/F035.c,cppcheck,True,success,True,0,8,31,style,constVariablePointer,Variable 'payload' can be declared as pointer to const,/home/yichen/Desktop/Gemini_SDF03/F035.c|31|style|constVariablePointer|Variable 'payload' can be declared as pointer to const,/home/yichen/Desktop/Gemini_SDF_Results03/logs/F035_cppcheck.log
/home/yichen/Desktop/Gemini_SDF03/F035.c,cppcheck,True,success,True,0,8,51,style,constVariablePointer,Variable 'oldName' can be declared as pointer to const,/home/yichen/Desktop/Gemini_SDF03/F035.c|51|style|constVariablePointer|Variable 'oldName' can be declared as pointer to const,/home/yichen/Desktop/Gemini_SDF_Results03/logs/F035_cppcheck.log
/home/yichen/Desktop/Gemini_SDF03/F035.c,cppcheck,True,success,True,0,8,53,style,constVariablePointer,Variable 'newName' can be declared as pointer to const,/home/yichen/Desktop/Gemini_SDF03/F035.c|53|style|constVariablePointer|Variable 'newName' can be declared as pointer to const,/home/yichen/Desktop/Gemini_SDF_Results03/logs/F035_cppcheck.log
nofile,cppcheck,True,success,True,0,8,0,information,checkersReport,Active checkers: 113/592 (use --checkers-report=<filename> to see details),nofile|0|information|checkersReport|Active checkers: 113/592 (use --checkers-report=<filename> to see details),/home/yichen/Desktop/Gemini_SDF_Results03/logs/F035_cppcheck.log
/home/yichen/Desktop/Gemini_SDF03/F036.c,cppcheck,True,success,True,0,6,3,information,missingIncludeSystem,Include file: <stdio.h> not found. Please note: Cppcheck does not need standard library headers to get proper results.,/home/yichen/Desktop/Gemini_SDF03/F036.c|3|information|missingIncludeSystem|Include file: <stdio.h> not found. Please note: Cppcheck does not need standard library headers to get proper results.,/home/yichen/Desktop/Gemini_SDF_Results03/logs/F036_cppcheck.log
/home/yichen/Desktop/Gemini_SDF03/F036.c,cppcheck,True,success,True,0,6,4,information,missingIncludeSystem,Include file: <stdlib.h> not found. Please note: Cppcheck does not need standard library headers to get proper results.,/home/yichen/Desktop/Gemini_SDF03/F036.c|4|information|missingIncludeSystem|Include file: <stdlib.h> not found. Please note: Cppcheck does not need standard library headers to get proper results.,/home/yichen/Desktop/Gemini_SDF_Results03/logs/F036_cppcheck.log
/home/yichen/Desktop/Gemini_SDF03/F036.c,cppcheck,True,success,True,0,6,5,information,missingIncludeSystem,Include file: <string.h> not found. Please note: Cppcheck does not need standard library headers to get proper results.,/home/yichen/Desktop/Gemini_SDF03/F036.c|5|information|missingIncludeSystem|Include file: <string.h> not found. Please note: Cppcheck does not need standard library headers to get proper results.,/home/yichen/Desktop/Gemini_SDF_Results03/logs/F036_cppcheck.log
/home/yichen/Desktop/Gemini_SDF03/F036.c,cppcheck,True,success,True,0,6,29,style,constVariablePointer,Variable 'name' can be declared as pointer to const,/home/yichen/Desktop/Gemini_SDF03/F036.c|29|style|constVariablePointer|Variable 'name' can be declared as pointer to const,/home/yichen/Desktop/Gemini_SDF_Results03/logs/F036_cppcheck.log
/home/yichen/Desktop/Gemini_SDF03/F036.c,cppcheck,True,success,True,0,6,40,style,constVariablePointer,Variable 'data_start' can be declared as pointer to const,/home/yichen/Desktop/Gemini_SDF03/F036.c|40|style|constVariablePointer|Variable 'data_start' can be declared as pointer to const,/home/yichen/Desktop/Gemini_SDF_Results03/logs/F036_cppcheck.log
nofile,cppcheck,True,success,True,0,6,0,information,checkersReport,Active checkers: 113/592 (use --checkers-report=<filename> to see details),nofile|0|information|checkersReport|Active checkers: 113/592 (use --checkers-report=<filename> to see details),/home/yichen/Desktop/Gemini_SDF_Results03/logs/F036_cppcheck.log
/home/yichen/Desktop/Gemini_SDF03/F037.c,cppcheck,True,success,True,0,9,3,information,missingIncludeSystem,Include file: <stdio.h> not found. Please note: Cppcheck does not need standard library headers to get proper results.,/home/yichen/Desktop/Gemini_SDF03/F037.c|3|information|missingIncludeSystem|Include file: <stdio.h> not found. Please note: Cppcheck does not need standard library headers to get proper results.,/home/yichen/Desktop/Gemini_SDF_Results03/logs/F037_cppcheck.log
/home/yichen/Desktop/Gemini_SDF03/F037.c,cppcheck,True,success,True,0,9,4,information,missingIncludeSystem,Include file: <stdlib.h> not found. Please note: Cppcheck does not need standard library headers to get proper results.,/home/yichen/Desktop/Gemini_SDF03/F037.c|4|information|missingIncludeSystem|Include file: <stdlib.h> not found. Please note: Cppcheck does not need standard library headers to get proper results.,/home/yichen/Desktop/Gemini_SDF_Results03/logs/F037_cppcheck.log
/home/yichen/Desktop/Gemini_SDF03/F037.c,cppcheck,True,success,True,0,9,5,information,missingIncludeSystem,Include file: <string.h> not found. Please note: Cppcheck does not need standard library headers to get proper results.,/home/yichen/Desktop/Gemini_SDF03/F037.c|5|information|missingIncludeSystem|Include file: <string.h> not found. Please note: Cppcheck does not need standard library headers to get proper results.,/home/yichen/Desktop/Gemini_SDF_Results03/logs/F037_cppcheck.log
/home/yichen/Desktop/Gemini_SDF03/F037.c,cppcheck,True,success,True,0,9,31,style,constVariablePointer,Variable 'name' can be declared as pointer to const,/home/yichen/Desktop/Gemini_SDF03/F037.c|31|style|constVariablePointer|Variable 'name' can be declared as pointer to const,/home/yichen/Desktop/Gemini_SDF_Results03/logs/F037_cppcheck.log
/home/yichen/Desktop/Gemini_SDF03/F037.c,cppcheck,True,success,True,0,9,33,style,constVariablePointer,Variable 'hex' can be declared as pointer to const,/home/yichen/Desktop/Gemini_SDF03/F037.c|33|style|constVariablePointer|Variable 'hex' can be declared as pointer to const,/home/yichen/Desktop/Gemini_SDF_Results03/logs/F037_cppcheck.log
/home/yichen/Desktop/Gemini_SDF03/F037.c,cppcheck,True,success,True,0,9,89,style,constVariablePointer,Variable 'name' can be declared as pointer to const,/home/yichen/Desktop/Gemini_SDF03/F037.c|89|style|constVariablePointer|Variable 'name' can be declared as pointer to const,/home/yichen/Desktop/Gemini_SDF_Results03/logs/F037_cppcheck.log
/home/yichen/Desktop/Gemini_SDF03/F037.c,cppcheck,True,success,True,0,9,91,style,constVariablePointer,Variable 'off_str' can be declared as pointer to const,/home/yichen/Desktop/Gemini_SDF03/F037.c|91|style|constVariablePointer|Variable 'off_str' can be declared as pointer to const,/home/yichen/Desktop/Gemini_SDF_Results03/logs/F037_cppcheck.log
/home/yichen/Desktop/Gemini_SDF03/F037.c,cppcheck,True,success,True,0,9,99,style,constVariablePointer,Variable 'len_str' can be declared as pointer to const,/home/yichen/Desktop/Gemini_SDF03/F037.c|99|style|constVariablePointer|Variable 'len_str' can be declared as pointer to const,/home/yichen/Desktop/Gemini_SDF_Results03/logs/F037_cppcheck.log
nofile,cppcheck,True,success,True,0,9,0,information,checkersReport,Active checkers: 113/592 (use --checkers-report=<filename> to see details),nofile|0|information|checkersReport|Active checkers: 113/592 (use --checkers-report=<filename> to see details),/home/yichen/Desktop/Gemini_SDF_Results03/logs/F037_cppcheck.log
/home/yichen/Desktop/Gemini_SDF03/F038.c,cppcheck,True,success,True,0,7,3,information,missingIncludeSystem,Include file: <stdio.h> not found. Please note: Cppcheck does not need standard library headers to get proper results.,/home/yichen/Desktop/Gemini_SDF03/F038.c|3|information|missingIncludeSystem|Include file: <stdio.h> not found. Please note: Cppcheck does not need standard library headers to get proper results.,/home/yichen/Desktop/Gemini_SDF_Results03/logs/F038_cppcheck.log
/home/yichen/Desktop/Gemini_SDF03/F038.c,cppcheck,True,success,True,0,7,4,information,missingIncludeSystem,Include file: <stdlib.h> not found. Please note: Cppcheck does not need standard library headers to get proper results.,/home/yichen/Desktop/Gemini_SDF03/F038.c|4|information|missingIncludeSystem|Include file: <stdlib.h> not found. Please note: Cppcheck does not need standard library headers to get proper results.,/home/yichen/Desktop/Gemini_SDF_Results03/logs/F038_cppcheck.log
/home/yichen/Desktop/Gemini_SDF03/F038.c,cppcheck,True,success,True,0,7,5,information,missingIncludeSystem,Include file: <string.h> not found. Please note: Cppcheck does not need standard library headers to get proper results.,/home/yichen/Desktop/Gemini_SDF03/F038.c|5|information|missingIncludeSystem|Include file: <string.h> not found. Please note: Cppcheck does not need standard library headers to get proper results.,/home/yichen/Desktop/Gemini_SDF_Results03/logs/F038_cppcheck.log
/home/yichen/Desktop/Gemini_SDF03/F038.c,cppcheck,True,success,True,0,7,6,information,missingIncludeSystem,Include file: <ctype.h> not found. Please note: Cppcheck does not need standard library headers to get proper results.,/home/yichen/Desktop/Gemini_SDF03/F038.c|6|information|missingIncludeSystem|Include file: <ctype.h> not found. Please note: Cppcheck does not need standard library headers to get proper results.,/home/yichen/Desktop/Gemini_SDF_Results03/logs/F038_cppcheck.log
/home/yichen/Desktop/Gemini_SDF03/F038.c,cppcheck,True,success,True,0,7,30,style,constVariablePointer,Variable 'name' can be declared as pointer to const,/home/yichen/Desktop/Gemini_SDF03/F038.c|30|style|constVariablePointer|Variable 'name' can be declared as pointer to const,/home/yichen/Desktop/Gemini_SDF_Results03/logs/F038_cppcheck.log
/home/yichen/Desktop/Gemini_SDF03/F038.c,cppcheck,True,success,True,0,7,32,style,constVariablePointer,Variable 'encoded' can be declared as pointer to const,/home/yichen/Desktop/Gemini_SDF03/F038.c|32|style|constVariablePointer|Variable 'encoded' can be declared as pointer to const,/home/yichen/Desktop/Gemini_SDF_Results03/logs/F038_cppcheck.log
nofile,cppcheck,True,success,True,0,7,0,information,checkersReport,Active checkers: 113/592 (use --checkers-report=<filename> to see details),nofile|0|information|checkersReport|Active checkers: 113/592 (use --checkers-report=<filename> to see details),/home/yichen/Desktop/Gemini_SDF_Results03/logs/F038_cppcheck.log
/home/yichen/Desktop/Gemini_SDF03/F039.c,cppcheck,True,success,True,0,14,3,information,missingIncludeSystem,Include file: <stdio.h> not found. Please note: Cppcheck does not need standard library headers to get proper results.,/home/yichen/Desktop/Gemini_SDF03/F039.c|3|information|missingIncludeSystem|Include file: <stdio.h> not found. Please note: Cppcheck does not need standard library headers to get proper results.,/home/yichen/Desktop/Gemini_SDF_Results03/logs/F039_cppcheck.log
/home/yichen/Desktop/Gemini_SDF03/F039.c,cppcheck,True,success,True,0,14,4,information,missingIncludeSystem,Include file: <stdlib.h> not found. Please note: Cppcheck does not need standard library headers to get proper results.,/home/yichen/Desktop/Gemini_SDF03/F039.c|4|information|missingIncludeSystem|Include file: <stdlib.h> not found. Please note: Cppcheck does not need standard library headers to get proper results.,/home/yichen/Desktop/Gemini_SDF_Results03/logs/F039_cppcheck.log
/home/yichen/Desktop/Gemini_SDF03/F039.c,cppcheck,True,success,True,0,14,5,information,missingIncludeSystem,Include file: <string.h> not found. Please note: Cppcheck does not need standard library headers to get proper results.,/home/yichen/Desktop/Gemini_SDF03/F039.c|5|information|missingIncludeSystem|Include file: <string.h> not found. Please note: Cppcheck does not need standard library headers to get proper results.,/home/yichen/Desktop/Gemini_SDF_Results03/logs/F039_cppcheck.log
/home/yichen/Desktop/Gemini_SDF03/F039.c,cppcheck,True,success,True,0,14,31,style,constVariablePointer,Variable 'name' can be declared as pointer to const,/home/yichen/Desktop/Gemini_SDF03/F039.c|31|style|constVariablePointer|Variable 'name' can be declared as pointer to const,/home/yichen/Desktop/Gemini_SDF_Results03/logs/F039_cppcheck.log
/home/yichen/Desktop/Gemini_SDF03/F039.c,cppcheck,True,success,True,0,14,33,style,constVariablePointer,Variable 'r_str' can be declared as pointer to const,/home/yichen/Desktop/Gemini_SDF03/F039.c|33|style|constVariablePointer|Variable 'r_str' can be declared as pointer to const,/home/yichen/Desktop/Gemini_SDF_Results03/logs/F039_cppcheck.log
/home/yichen/Desktop/Gemini_SDF03/F039.c,cppcheck,True,success,True,0,14,41,style,constVariablePointer,Variable 'c_str' can be declared as pointer to const,/home/yichen/Desktop/Gemini_SDF03/F039.c|41|style|constVariablePointer|Variable 'c_str' can be declared as pointer to const,/home/yichen/Desktop/Gemini_SDF_Results03/logs/F039_cppcheck.log
/home/yichen/Desktop/Gemini_SDF03/F039.c,cppcheck,True,success,True,0,14,71,style,constVariablePointer,Variable 'name' can be declared as pointer to const,/home/yichen/Desktop/Gemini_SDF03/F039.c|71|style|constVariablePointer|Variable 'name' can be declared as pointer to const,/home/yichen/Desktop/Gemini_SDF_Results03/logs/F039_cppcheck.log
/home/yichen/Desktop/Gemini_SDF03/F039.c,cppcheck,True,success,True,0,14,73,style,constVariablePointer,Variable 'r_str' can be declared as pointer to const,/home/yichen/Desktop/Gemini_SDF03/F039.c|73|style|constVariablePointer|Variable 'r_str' can be declared as pointer to const,/home/yichen/Desktop/Gemini_SDF_Results03/logs/F039_cppcheck.log
/home/yichen/Desktop/Gemini_SDF03/F039.c,cppcheck,True,success,True,0,14,81,style,constVariablePointer,Variable 'c_str' can be declared as pointer to const,/home/yichen/Desktop/Gemini_SDF03/F039.c|81|style|constVariablePointer|Variable 'c_str' can be declared as pointer to const,/home/yichen/Desktop/Gemini_SDF_Results03/logs/F039_cppcheck.log
/home/yichen/Desktop/Gemini_SDF03/F039.c,cppcheck,True,success,True,0,14,89,style,constVariablePointer,Variable 'val' can be declared as pointer to const,/home/yichen/Desktop/Gemini_SDF03/F039.c|89|style|constVariablePointer|Variable 'val' can be declared as pointer to const,/home/yichen/Desktop/Gemini_SDF_Results03/logs/F039_cppcheck.log
/home/yichen/Desktop/Gemini_SDF03/F039.c,cppcheck,True,success,True,0,14,105,style,constVariablePointer,Variable 'name' can be declared as pointer to const,/home/yichen/Desktop/Gemini_SDF03/F039.c|105|style|constVariablePointer|Variable 'name' can be declared as pointer to const,/home/yichen/Desktop/Gemini_SDF_Results03/logs/F039_cppcheck.log
/home/yichen/Desktop/Gemini_SDF03/F039.c,cppcheck,True,success,True,0,14,107,style,constVariablePointer,Variable 'r_str' can be declared as pointer to const,/home/yichen/Desktop/Gemini_SDF03/F039.c|107|style|constVariablePointer|Variable 'r_str' can be declared as pointer to const,/home/yichen/Desktop/Gemini_SDF_Results03/logs/F039_cppcheck.log
/home/yichen/Desktop/Gemini_SDF03/F039.c,cppcheck,True,success,True,0,14,115,style,constVariablePointer,Variable 'c_str' can be declared as pointer to const,/home/yichen/Desktop/Gemini_SDF03/F039.c|115|style|constVariablePointer|Variable 'c_str' can be declared as pointer to const,/home/yichen/Desktop/Gemini_SDF_Results03/logs/F039_cppcheck.log
nofile,cppcheck,True,success,True,0,14,0,information,checkersReport,Active checkers: 113/592 (use --checkers-report=<filename> to see details),nofile|0|information|checkersReport|Active checkers: 113/592 (use --checkers-report=<filename> to see details),/home/yichen/Desktop/Gemini_SDF_Results03/logs/F039_cppcheck.log
/home/yichen/Desktop/Gemini_SDF03/F040.c,cppcheck,True,success,True,0,9,3,information,missingIncludeSystem,Include file: <stdio.h> not found. Please note: Cppcheck does not need standard library headers to get proper results.,/home/yichen/Desktop/Gemini_SDF03/F040.c|3|information|missingIncludeSystem|Include file: <stdio.h> not found. Please note: Cppcheck does not need standard library headers to get proper results.,/home/yichen/Desktop/Gemini_SDF_Results03/logs/F040_cppcheck.log
/home/yichen/Desktop/Gemini_SDF03/F040.c,cppcheck,True,success,True,0,9,4,information,missingIncludeSystem,Include file: <stdlib.h> not found. Please note: Cppcheck does not need standard library headers to get proper results.,/home/yichen/Desktop/Gemini_SDF03/F040.c|4|information|missingIncludeSystem|Include file: <stdlib.h> not found. Please note: Cppcheck does not need standard library headers to get proper results.,/home/yichen/Desktop/Gemini_SDF_Results03/logs/F040_cppcheck.log
/home/yichen/Desktop/Gemini_SDF03/F040.c,cppcheck,True,success,True,0,9,5,information,missingIncludeSystem,Include file: <string.h> not found. Please note: Cppcheck does not need standard library headers to get proper results.,/home/yichen/Desktop/Gemini_SDF03/F040.c|5|information|missingIncludeSystem|Include file: <string.h> not found. Please note: Cppcheck does not need standard library headers to get proper results.,/home/yichen/Desktop/Gemini_SDF_Results03/logs/F040_cppcheck.log
/home/yichen/Desktop/Gemini_SDF03/F040.c,cppcheck,True,success,True,0,9,31,style,constVariablePointer,Variable 'id' can be declared as pointer to const,/home/yichen/Desktop/Gemini_SDF03/F040.c|31|style|constVariablePointer|Variable 'id' can be declared as pointer to const,/home/yichen/Desktop/Gemini_SDF_Results03/logs/F040_cppcheck.log
/home/yichen/Desktop/Gemini_SDF03/F040.c,cppcheck,True,success,True,0,9,33,style,constVariablePointer,Variable 'hlen_str' can be declared as pointer to const,/home/yichen/Desktop/Gemini_SDF03/F040.c|33|style|constVariablePointer|Variable 'hlen_str' can be declared as pointer to const,/home/yichen/Desktop/Gemini_SDF_Results03/logs/F040_cppcheck.log
/home/yichen/Desktop/Gemini_SDF03/F040.c,cppcheck,True,success,True,0,9,41,style,constVariablePointer,Variable 'plen_str' can be declared as pointer to const,/home/yichen/Desktop/Gemini_SDF03/F040.c|41|style|constVariablePointer|Variable 'plen_str' can be declared as pointer to const,/home/yichen/Desktop/Gemini_SDF_Results03/logs/F040_cppcheck.log
/home/yichen/Desktop/Gemini_SDF03/F040.c,cppcheck,True,success,True,0,9,49,style,constVariablePointer,Variable 'header' can be declared as pointer to const,/home/yichen/Desktop/Gemini_SDF03/F040.c|49|style|constVariablePointer|Variable 'header' can be declared as pointer to const,/home/yichen/Desktop/Gemini_SDF_Results03/logs/F040_cppcheck.log
/home/yichen/Desktop/Gemini_SDF03/F040.c,cppcheck,True,success,True,0,9,51,style,constVariablePointer,Variable 'payload' can be declared as pointer to const,/home/yichen/Desktop/Gemini_SDF03/F040.c|51|style|constVariablePointer|Variable 'payload' can be declared as pointer to const,/home/yichen/Desktop/Gemini_SDF_Results03/logs/F040_cppcheck.log
nofile,cppcheck,True,success,True,0,9,0,information,checkersReport,Active checkers: 113/592 (use --checkers-report=<filename> to see details),nofile|0|information|checkersReport|Active checkers: 113/592 (use --checkers-report=<filename> to see details),/home/yichen/Desktop/Gemini_SDF_Results03/logs/F040_cppcheck.log
