file,tool,attempted,status,success,returncode,finding_count,line,severity,check_id,message,evidence,log_path
/home/yichen/Desktop/Gemini_Baseline_Code02/F001.c,cppcheck,True,success,True,0,8,2,information,missingIncludeSystem,Include file: <stdio.h> not found. Please note: Cppcheck does not need standard library headers to get proper results.,/home/yichen/Desktop/Gemini_Baseline_Code02/F001.c|2|information|missingIncludeSystem|Include file: <stdio.h> not found. Please note: Cppcheck does not need standard library headers to get proper results.,/home/yichen/Desktop/Gemini_Baseline_Results02/logs/F001_cppcheck.log
/home/yichen/Desktop/Gemini_Baseline_Code02/F001.c,cppcheck,True,success,True,0,8,3,information,missingIncludeSystem,Include file: <stdlib.h> not found. Please note: Cppcheck does not need standard library headers to get proper results.,/home/yichen/Desktop/Gemini_Baseline_Code02/F001.c|3|information|missingIncludeSystem|Include file: <stdlib.h> not found. Please note: Cppcheck does not need standard library headers to get proper results.,/home/yichen/Desktop/Gemini_Baseline_Results02/logs/F001_cppcheck.log
/home/yichen/Desktop/Gemini_Baseline_Code02/F001.c,cppcheck,True,success,True,0,8,4,information,missingIncludeSystem,Include file: <string.h> not found. Please note: Cppcheck does not need standard library headers to get proper results.,/home/yichen/Desktop/Gemini_Baseline_Code02/F001.c|4|information|missingIncludeSystem|Include file: <string.h> not found. Please note: Cppcheck does not need standard library headers to get proper results.,/home/yichen/Desktop/Gemini_Baseline_Results02/logs/F001_cppcheck.log
/home/yichen/Desktop/Gemini_Baseline_Code02/F001.c,cppcheck,True,success,True,0,8,63,error,memleakOnRealloc,Common realloc mistake: 'items' nulled but not freed upon failure,/home/yichen/Desktop/Gemini_Baseline_Code02/F001.c|63|error|memleakOnRealloc|Common realloc mistake: 'items' nulled but not freed upon failure,/home/yichen/Desktop/Gemini_Baseline_Results02/logs/F001_cppcheck.log
/home/yichen/Desktop/Gemini_Baseline_Code02/F001.c,cppcheck,True,success,True,0,8,95,error,memleakOnRealloc,Common realloc mistake: 'items' nulled but not freed upon failure,/home/yichen/Desktop/Gemini_Baseline_Code02/F001.c|95|error|memleakOnRealloc|Common realloc mistake: 'items' nulled but not freed upon failure,/home/yichen/Desktop/Gemini_Baseline_Results02/logs/F001_cppcheck.log
/home/yichen/Desktop/Gemini_Baseline_Code02/F001.c,cppcheck,True,success,True,0,8,50,style,constVariablePointer,Variable 'id' can be declared as pointer to const,/home/yichen/Desktop/Gemini_Baseline_Code02/F001.c|50|style|constVariablePointer|Variable 'id' can be declared as pointer to const,/home/yichen/Desktop/Gemini_Baseline_Results02/logs/F001_cppcheck.log
/home/yichen/Desktop/Gemini_Baseline_Code02/F001.c,cppcheck,True,success,True,0,8,52,style,constVariablePointer,Variable 'text' can be declared as pointer to const,/home/yichen/Desktop/Gemini_Baseline_Code02/F001.c|52|style|constVariablePointer|Variable 'text' can be declared as pointer to const,/home/yichen/Desktop/Gemini_Baseline_Results02/logs/F001_cppcheck.log
nofile,cppcheck,True,success,True,0,8,0,information,checkersReport,Active checkers: 113/592 (use --checkers-report=<filename> to see details),nofile|0|information|checkersReport|Active checkers: 113/592 (use --checkers-report=<filename> to see details),/home/yichen/Desktop/Gemini_Baseline_Results02/logs/F001_cppcheck.log
/home/yichen/Desktop/Gemini_Baseline_Code02/F002.c,cppcheck,True,success,True,0,16,2,information,missingIncludeSystem,Include file: <stdio.h> not found. Please note: Cppcheck does not need standard library headers to get proper results.,/home/yichen/Desktop/Gemini_Baseline_Code02/F002.c|2|information|missingIncludeSystem|Include file: <stdio.h> not found. Please note: Cppcheck does not need standard library headers to get proper results.,/home/yichen/Desktop/Gemini_Baseline_Results02/logs/F002_cppcheck.log
/home/yichen/Desktop/Gemini_Baseline_Code02/F002.c,cppcheck,True,success,True,0,16,3,information,missingIncludeSystem,Include file: <stdlib.h> not found. Please note: Cppcheck does not need standard library headers to get proper results.,/home/yichen/Desktop/Gemini_Baseline_Code02/F002.c|3|information|missingIncludeSystem|Include file: <stdlib.h> not found. Please note: Cppcheck does not need standard library headers to get proper results.,/home/yichen/Desktop/Gemini_Baseline_Results02/logs/F002_cppcheck.log
/home/yichen/Desktop/Gemini_Baseline_Code02/F002.c,cppcheck,True,success,True,0,16,4,information,missingIncludeSystem,Include file: <string.h> not found. Please note: Cppcheck does not need standard library headers to get proper results.,/home/yichen/Desktop/Gemini_Baseline_Code02/F002.c|4|information|missingIncludeSystem|Include file: <string.h> not found. Please note: Cppcheck does not need standard library headers to get proper results.,/home/yichen/Desktop/Gemini_Baseline_Results02/logs/F002_cppcheck.log
/home/yichen/Desktop/Gemini_Baseline_Code02/F002.c,cppcheck,True,success,True,0,16,57,error,memleakOnRealloc,Common realloc mistake: 'records' nulled but not freed upon failure,/home/yichen/Desktop/Gemini_Baseline_Code02/F002.c|57|error|memleakOnRealloc|Common realloc mistake: 'records' nulled but not freed upon failure,/home/yichen/Desktop/Gemini_Baseline_Results02/logs/F002_cppcheck.log
/home/yichen/Desktop/Gemini_Baseline_Code02/F002.c,cppcheck,True,success,True,0,16,82,error,memleakOnRealloc,Common realloc mistake: 'records' nulled but not freed upon failure,/home/yichen/Desktop/Gemini_Baseline_Code02/F002.c|82|error|memleakOnRealloc|Common realloc mistake: 'records' nulled but not freed upon failure,/home/yichen/Desktop/Gemini_Baseline_Results02/logs/F002_cppcheck.log
/home/yichen/Desktop/Gemini_Baseline_Code02/F002.c,cppcheck,True,success,True,0,16,105,error,memleakOnRealloc,Common realloc mistake: 'records' nulled but not freed upon failure,/home/yichen/Desktop/Gemini_Baseline_Code02/F002.c|105|error|memleakOnRealloc|Common realloc mistake: 'records' nulled but not freed upon failure,/home/yichen/Desktop/Gemini_Baseline_Results02/logs/F002_cppcheck.log
/home/yichen/Desktop/Gemini_Baseline_Code02/F002.c,cppcheck,True,success,True,0,16,55,style,constVariablePointer,Variable 'tag' can be declared as pointer to const,/home/yichen/Desktop/Gemini_Baseline_Code02/F002.c|55|style|constVariablePointer|Variable 'tag' can be declared as pointer to const,/home/yichen/Desktop/Gemini_Baseline_Results02/logs/F002_cppcheck.log
/home/yichen/Desktop/Gemini_Baseline_Code02/F002.c,cppcheck,True,success,True,0,16,56,style,constVariablePointer,Variable 'msg' can be declared as pointer to const,/home/yichen/Desktop/Gemini_Baseline_Code02/F002.c|56|style|constVariablePointer|Variable 'msg' can be declared as pointer to const,/home/yichen/Desktop/Gemini_Baseline_Results02/logs/F002_cppcheck.log
/home/yichen/Desktop/Gemini_Baseline_Code02/F002.c,cppcheck,True,success,True,0,16,63,style,constVariablePointer,Variable 't1' can be declared as pointer to const,/home/yichen/Desktop/Gemini_Baseline_Code02/F002.c|63|style|constVariablePointer|Variable 't1' can be declared as pointer to const,/home/yichen/Desktop/Gemini_Baseline_Results02/logs/F002_cppcheck.log
/home/yichen/Desktop/Gemini_Baseline_Code02/F002.c,cppcheck,True,success,True,0,16,67,style,constVariablePointer,Variable 't2' can be declared as pointer to const,/home/yichen/Desktop/Gemini_Baseline_Code02/F002.c|67|style|constVariablePointer|Variable 't2' can be declared as pointer to const,/home/yichen/Desktop/Gemini_Baseline_Results02/logs/F002_cppcheck.log
/home/yichen/Desktop/Gemini_Baseline_Code02/F002.c,cppcheck,True,success,True,0,16,71,style,constVariablePointer,Variable 'newtag' can be declared as pointer to const,/home/yichen/Desktop/Gemini_Baseline_Code02/F002.c|71|style|constVariablePointer|Variable 'newtag' can be declared as pointer to const,/home/yichen/Desktop/Gemini_Baseline_Results02/logs/F002_cppcheck.log
/home/yichen/Desktop/Gemini_Baseline_Code02/F002.c,cppcheck,True,success,True,0,16,72,style,constVariablePointer,Variable 'm1' can be declared as pointer to const,/home/yichen/Desktop/Gemini_Baseline_Code02/F002.c|72|style|constVariablePointer|Variable 'm1' can be declared as pointer to const,/home/yichen/Desktop/Gemini_Baseline_Results02/logs/F002_cppcheck.log
/home/yichen/Desktop/Gemini_Baseline_Code02/F002.c,cppcheck,True,success,True,0,16,73,style,constVariablePointer,Variable 'm2' can be declared as pointer to const,/home/yichen/Desktop/Gemini_Baseline_Code02/F002.c|73|style|constVariablePointer|Variable 'm2' can be declared as pointer to const,/home/yichen/Desktop/Gemini_Baseline_Results02/logs/F002_cppcheck.log
/home/yichen/Desktop/Gemini_Baseline_Code02/F002.c,cppcheck,True,success,True,0,16,90,style,constVariablePointer,Variable 'tag' can be declared as pointer to const,/home/yichen/Desktop/Gemini_Baseline_Code02/F002.c|90|style|constVariablePointer|Variable 'tag' can be declared as pointer to const,/home/yichen/Desktop/Gemini_Baseline_Results02/logs/F002_cppcheck.log
/home/yichen/Desktop/Gemini_Baseline_Code02/F002.c,cppcheck,True,success,True,0,16,107,style,constVariablePointer,Variable 'tag' can be declared as pointer to const,/home/yichen/Desktop/Gemini_Baseline_Code02/F002.c|107|style|constVariablePointer|Variable 'tag' can be declared as pointer to const,/home/yichen/Desktop/Gemini_Baseline_Results02/logs/F002_cppcheck.log
nofile,cppcheck,True,success,True,0,16,0,information,checkersReport,Active checkers: 113/592 (use --checkers-report=<filename> to see details),nofile|0|information|checkersReport|Active checkers: 113/592 (use --checkers-report=<filename> to see details),/home/yichen/Desktop/Gemini_Baseline_Results02/logs/F002_cppcheck.log
/home/yichen/Desktop/Gemini_Baseline_Code02/F003.c,cppcheck,True,success,True,0,12,2,information,missingIncludeSystem,Include file: <stdio.h> not found. Please note: Cppcheck does not need standard library headers to get proper results.,/home/yichen/Desktop/Gemini_Baseline_Code02/F003.c|2|information|missingIncludeSystem|Include file: <stdio.h> not found. Please note: Cppcheck does not need standard library headers to get proper results.,/home/yichen/Desktop/Gemini_Baseline_Results02/logs/F003_cppcheck.log
/home/yichen/Desktop/Gemini_Baseline_Code02/F003.c,cppcheck,True,success,True,0,12,3,information,missingIncludeSystem,Include file: <stdlib.h> not found. Please note: Cppcheck does not need standard library headers to get proper results.,/home/yichen/Desktop/Gemini_Baseline_Code02/F003.c|3|information|missingIncludeSystem|Include file: <stdlib.h> not found. Please note: Cppcheck does not need standard library headers to get proper results.,/home/yichen/Desktop/Gemini_Baseline_Results02/logs/F003_cppcheck.log
/home/yichen/Desktop/Gemini_Baseline_Code02/F003.c,cppcheck,True,success,True,0,12,4,information,missingIncludeSystem,Include file: <string.h> not found. Please note: Cppcheck does not need standard library headers to get proper results.,/home/yichen/Desktop/Gemini_Baseline_Code02/F003.c|4|information|missingIncludeSystem|Include file: <string.h> not found. Please note: Cppcheck does not need standard library headers to get proper results.,/home/yichen/Desktop/Gemini_Baseline_Results02/logs/F003_cppcheck.log
/home/yichen/Desktop/Gemini_Baseline_Code02/F003.c,cppcheck,True,success,True,0,12,67,error,memleakOnRealloc,Common realloc mistake: 'aliases' nulled but not freed upon failure,/home/yichen/Desktop/Gemini_Baseline_Code02/F003.c|67|error|memleakOnRealloc|Common realloc mistake: 'aliases' nulled but not freed upon failure,/home/yichen/Desktop/Gemini_Baseline_Results02/logs/F003_cppcheck.log
/home/yichen/Desktop/Gemini_Baseline_Code02/F003.c,cppcheck,True,success,True,0,12,110,error,memleakOnRealloc,Common realloc mistake: 'aliases' nulled but not freed upon failure,/home/yichen/Desktop/Gemini_Baseline_Code02/F003.c|110|error|memleakOnRealloc|Common realloc mistake: 'aliases' nulled but not freed upon failure,/home/yichen/Desktop/Gemini_Baseline_Results02/logs/F003_cppcheck.log
/home/yichen/Desktop/Gemini_Baseline_Code02/F003.c,cppcheck,True,success,True,0,12,55,style,constVariablePointer,Variable 'name' can be declared as pointer to const,/home/yichen/Desktop/Gemini_Baseline_Code02/F003.c|55|style|constVariablePointer|Variable 'name' can be declared as pointer to const,/home/yichen/Desktop/Gemini_Baseline_Results02/logs/F003_cppcheck.log
/home/yichen/Desktop/Gemini_Baseline_Code02/F003.c,cppcheck,True,success,True,0,12,56,style,constVariablePointer,Variable 'exp' can be declared as pointer to const,/home/yichen/Desktop/Gemini_Baseline_Code02/F003.c|56|style|constVariablePointer|Variable 'exp' can be declared as pointer to const,/home/yichen/Desktop/Gemini_Baseline_Results02/logs/F003_cppcheck.log
/home/yichen/Desktop/Gemini_Baseline_Code02/F003.c,cppcheck,True,success,True,0,12,74,style,constVariablePointer,Variable 'name' can be declared as pointer to const,/home/yichen/Desktop/Gemini_Baseline_Code02/F003.c|74|style|constVariablePointer|Variable 'name' can be declared as pointer to const,/home/yichen/Desktop/Gemini_Baseline_Results02/logs/F003_cppcheck.log
/home/yichen/Desktop/Gemini_Baseline_Code02/F003.c,cppcheck,True,success,True,0,12,89,style,constVariablePointer,Variable 'old_name' can be declared as pointer to const,/home/yichen/Desktop/Gemini_Baseline_Code02/F003.c|89|style|constVariablePointer|Variable 'old_name' can be declared as pointer to const,/home/yichen/Desktop/Gemini_Baseline_Results02/logs/F003_cppcheck.log
/home/yichen/Desktop/Gemini_Baseline_Code02/F003.c,cppcheck,True,success,True,0,12,90,style,constVariablePointer,Variable 'new_name' can be declared as pointer to const,/home/yichen/Desktop/Gemini_Baseline_Code02/F003.c|90|style|constVariablePointer|Variable 'new_name' can be declared as pointer to const,/home/yichen/Desktop/Gemini_Baseline_Results02/logs/F003_cppcheck.log
/home/yichen/Desktop/Gemini_Baseline_Code02/F003.c,cppcheck,True,success,True,0,12,100,style,constVariablePointer,Variable 'name' can be declared as pointer to const,/home/yichen/Desktop/Gemini_Baseline_Code02/F003.c|100|style|constVariablePointer|Variable 'name' can be declared as pointer to const,/home/yichen/Desktop/Gemini_Baseline_Results02/logs/F003_cppcheck.log
nofile,cppcheck,True,success,True,0,12,0,information,checkersReport,Active checkers: 113/592 (use --checkers-report=<filename> to see details),nofile|0|information|checkersReport|Active checkers: 113/592 (use --checkers-report=<filename> to see details),/home/yichen/Desktop/Gemini_Baseline_Results02/logs/F003_cppcheck.log
/home/yichen/Desktop/Gemini_Baseline_Code02/F004.c,cppcheck,True,success,True,0,11,2,information,missingIncludeSystem,Include file: <stdio.h> not found. Please note: Cppcheck does not need standard library headers to get proper results.,/home/yichen/Desktop/Gemini_Baseline_Code02/F004.c|2|information|missingIncludeSystem|Include file: <stdio.h> not found. Please note: Cppcheck does not need standard library headers to get proper results.,/home/yichen/Desktop/Gemini_Baseline_Results02/logs/F004_cppcheck.log
/home/yichen/Desktop/Gemini_Baseline_Code02/F004.c,cppcheck,True,success,True,0,11,3,information,missingIncludeSystem,Include file: <stdlib.h> not found. Please note: Cppcheck does not need standard library headers to get proper results.,/home/yichen/Desktop/Gemini_Baseline_Code02/F004.c|3|information|missingIncludeSystem|Include file: <stdlib.h> not found. Please note: Cppcheck does not need standard library headers to get proper results.,/home/yichen/Desktop/Gemini_Baseline_Results02/logs/F004_cppcheck.log
/home/yichen/Desktop/Gemini_Baseline_Code02/F004.c,cppcheck,True,success,True,0,11,4,information,missingIncludeSystem,Include file: <string.h> not found. Please note: Cppcheck does not need standard library headers to get proper results.,/home/yichen/Desktop/Gemini_Baseline_Code02/F004.c|4|information|missingIncludeSystem|Include file: <string.h> not found. Please note: Cppcheck does not need standard library headers to get proper results.,/home/yichen/Desktop/Gemini_Baseline_Results02/logs/F004_cppcheck.log
/home/yichen/Desktop/Gemini_Baseline_Code02/F004.c,cppcheck,True,success,True,0,11,67,error,memleakOnRealloc,Common realloc mistake: 'vars' nulled but not freed upon failure,/home/yichen/Desktop/Gemini_Baseline_Code02/F004.c|67|error|memleakOnRealloc|Common realloc mistake: 'vars' nulled but not freed upon failure,/home/yichen/Desktop/Gemini_Baseline_Results02/logs/F004_cppcheck.log
/home/yichen/Desktop/Gemini_Baseline_Code02/F004.c,cppcheck,True,success,True,0,11,84,error,memleakOnRealloc,Common realloc mistake: 'vars' nulled but not freed upon failure,/home/yichen/Desktop/Gemini_Baseline_Code02/F004.c|84|error|memleakOnRealloc|Common realloc mistake: 'vars' nulled but not freed upon failure,/home/yichen/Desktop/Gemini_Baseline_Results02/logs/F004_cppcheck.log
/home/yichen/Desktop/Gemini_Baseline_Code02/F004.c,cppcheck,True,success,True,0,11,55,style,constVariablePointer,Variable 'key' can be declared as pointer to const,/home/yichen/Desktop/Gemini_Baseline_Code02/F004.c|55|style|constVariablePointer|Variable 'key' can be declared as pointer to const,/home/yichen/Desktop/Gemini_Baseline_Results02/logs/F004_cppcheck.log
/home/yichen/Desktop/Gemini_Baseline_Code02/F004.c,cppcheck,True,success,True,0,11,56,style,constVariablePointer,Variable 'val' can be declared as pointer to const,/home/yichen/Desktop/Gemini_Baseline_Code02/F004.c|56|style|constVariablePointer|Variable 'val' can be declared as pointer to const,/home/yichen/Desktop/Gemini_Baseline_Results02/logs/F004_cppcheck.log
/home/yichen/Desktop/Gemini_Baseline_Code02/F004.c,cppcheck,True,success,True,0,11,74,style,constVariablePointer,Variable 'key' can be declared as pointer to const,/home/yichen/Desktop/Gemini_Baseline_Code02/F004.c|74|style|constVariablePointer|Variable 'key' can be declared as pointer to const,/home/yichen/Desktop/Gemini_Baseline_Results02/logs/F004_cppcheck.log
/home/yichen/Desktop/Gemini_Baseline_Code02/F004.c,cppcheck,True,success,True,0,11,96,style,constVariablePointer,Variable 'k' can be declared as pointer to const,/home/yichen/Desktop/Gemini_Baseline_Code02/F004.c|96|style|constVariablePointer|Variable 'k' can be declared as pointer to const,/home/yichen/Desktop/Gemini_Baseline_Results02/logs/F004_cppcheck.log
/home/yichen/Desktop/Gemini_Baseline_Code02/F004.c,cppcheck,True,success,True,0,11,97,style,constVariablePointer,Variable 'v' can be declared as pointer to const,/home/yichen/Desktop/Gemini_Baseline_Code02/F004.c|97|style|constVariablePointer|Variable 'v' can be declared as pointer to const,/home/yichen/Desktop/Gemini_Baseline_Results02/logs/F004_cppcheck.log
nofile,cppcheck,True,success,True,0,11,0,information,checkersReport,Active checkers: 113/592 (use --checkers-report=<filename> to see details),nofile|0|information|checkersReport|Active checkers: 113/592 (use --checkers-report=<filename> to see details),/home/yichen/Desktop/Gemini_Baseline_Results02/logs/F004_cppcheck.log
/home/yichen/Desktop/Gemini_Baseline_Code02/F005.c,cppcheck,True,success,True,0,10,2,information,missingIncludeSystem,Include file: <stdio.h> not found. Please note: Cppcheck does not need standard library headers to get proper results.,/home/yichen/Desktop/Gemini_Baseline_Code02/F005.c|2|information|missingIncludeSystem|Include file: <stdio.h> not found. Please note: Cppcheck does not need standard library headers to get proper results.,/home/yichen/Desktop/Gemini_Baseline_Results02/logs/F005_cppcheck.log
/home/yichen/Desktop/Gemini_Baseline_Code02/F005.c,cppcheck,True,success,True,0,10,3,information,missingIncludeSystem,Include file: <stdlib.h> not found. Please note: Cppcheck does not need standard library headers to get proper results.,/home/yichen/Desktop/Gemini_Baseline_Code02/F005.c|3|information|missingIncludeSystem|Include file: <stdlib.h> not found. Please note: Cppcheck does not need standard library headers to get proper results.,/home/yichen/Desktop/Gemini_Baseline_Results02/logs/F005_cppcheck.log
/home/yichen/Desktop/Gemini_Baseline_Code02/F005.c,cppcheck,True,success,True,0,10,4,information,missingIncludeSystem,Include file: <string.h> not found. Please note: Cppcheck does not need standard library headers to get proper results.,/home/yichen/Desktop/Gemini_Baseline_Code02/F005.c|4|information|missingIncludeSystem|Include file: <string.h> not found. Please note: Cppcheck does not need standard library headers to get proper results.,/home/yichen/Desktop/Gemini_Baseline_Results02/logs/F005_cppcheck.log
/home/yichen/Desktop/Gemini_Baseline_Code02/F005.c,cppcheck,True,success,True,0,10,51,error,memleakOnRealloc,Common realloc mistake: 'lines' nulled but not freed upon failure,/home/yichen/Desktop/Gemini_Baseline_Code02/F005.c|51|error|memleakOnRealloc|Common realloc mistake: 'lines' nulled but not freed upon failure,/home/yichen/Desktop/Gemini_Baseline_Results02/logs/F005_cppcheck.log
/home/yichen/Desktop/Gemini_Baseline_Code02/F005.c,cppcheck,True,success,True,0,10,61,error,memleakOnRealloc,Common realloc mistake: 'lines' nulled but not freed upon failure,/home/yichen/Desktop/Gemini_Baseline_Code02/F005.c|61|error|memleakOnRealloc|Common realloc mistake: 'lines' nulled but not freed upon failure,/home/yichen/Desktop/Gemini_Baseline_Results02/logs/F005_cppcheck.log
/home/yichen/Desktop/Gemini_Baseline_Code02/F005.c,cppcheck,True,success,True,0,10,78,error,memleakOnRealloc,Common realloc mistake: 'lines' nulled but not freed upon failure,/home/yichen/Desktop/Gemini_Baseline_Code02/F005.c|78|error|memleakOnRealloc|Common realloc mistake: 'lines' nulled but not freed upon failure,/home/yichen/Desktop/Gemini_Baseline_Results02/logs/F005_cppcheck.log
/home/yichen/Desktop/Gemini_Baseline_Code02/F005.c,cppcheck,True,success,True,0,10,49,style,constVariablePointer,Variable 'args' can be declared as pointer to const,/home/yichen/Desktop/Gemini_Baseline_Code02/F005.c|49|style|constVariablePointer|Variable 'args' can be declared as pointer to const,/home/yichen/Desktop/Gemini_Baseline_Results02/logs/F005_cppcheck.log
/home/yichen/Desktop/Gemini_Baseline_Code02/F005.c,cppcheck,True,success,True,0,10,59,style,constVariablePointer,Variable 'text' can be declared as pointer to const,/home/yichen/Desktop/Gemini_Baseline_Code02/F005.c|59|style|constVariablePointer|Variable 'text' can be declared as pointer to const,/home/yichen/Desktop/Gemini_Baseline_Results02/logs/F005_cppcheck.log
/home/yichen/Desktop/Gemini_Baseline_Code02/F005.c,cppcheck,True,success,True,0,10,85,style,constVariablePointer,Variable 'text' can be declared as pointer to const,/home/yichen/Desktop/Gemini_Baseline_Code02/F005.c|85|style|constVariablePointer|Variable 'text' can be declared as pointer to const,/home/yichen/Desktop/Gemini_Baseline_Results02/logs/F005_cppcheck.log
nofile,cppcheck,True,success,True,0,10,0,information,checkersReport,Active checkers: 113/592 (use --checkers-report=<filename> to see details),nofile|0|information|checkersReport|Active checkers: 113/592 (use --checkers-report=<filename> to see details),/home/yichen/Desktop/Gemini_Baseline_Results02/logs/F005_cppcheck.log
/home/yichen/Desktop/Gemini_Baseline_Code02/F006.c,cppcheck,True,success,True,0,10,2,information,missingIncludeSystem,Include file: <stdio.h> not found. Please note: Cppcheck does not need standard library headers to get proper results.,/home/yichen/Desktop/Gemini_Baseline_Code02/F006.c|2|information|missingIncludeSystem|Include file: <stdio.h> not found. Please note: Cppcheck does not need standard library headers to get proper results.,/home/yichen/Desktop/Gemini_Baseline_Results02/logs/F006_cppcheck.log
/home/yichen/Desktop/Gemini_Baseline_Code02/F006.c,cppcheck,True,success,True,0,10,3,information,missingIncludeSystem,Include file: <stdlib.h> not found. Please note: Cppcheck does not need standard library headers to get proper results.,/home/yichen/Desktop/Gemini_Baseline_Code02/F006.c|3|information|missingIncludeSystem|Include file: <stdlib.h> not found. Please note: Cppcheck does not need standard library headers to get proper results.,/home/yichen/Desktop/Gemini_Baseline_Results02/logs/F006_cppcheck.log
/home/yichen/Desktop/Gemini_Baseline_Code02/F006.c,cppcheck,True,success,True,0,10,4,information,missingIncludeSystem,Include file: <string.h> not found. Please note: Cppcheck does not need standard library headers to get proper results.,/home/yichen/Desktop/Gemini_Baseline_Code02/F006.c|4|information|missingIncludeSystem|Include file: <string.h> not found. Please note: Cppcheck does not need standard library headers to get proper results.,/home/yichen/Desktop/Gemini_Baseline_Results02/logs/F006_cppcheck.log
/home/yichen/Desktop/Gemini_Baseline_Code02/F006.c,cppcheck,True,success,True,0,10,66,error,memleakOnRealloc,Common realloc mistake: 'inv' nulled but not freed upon failure,/home/yichen/Desktop/Gemini_Baseline_Code02/F006.c|66|error|memleakOnRealloc|Common realloc mistake: 'inv' nulled but not freed upon failure,/home/yichen/Desktop/Gemini_Baseline_Results02/logs/F006_cppcheck.log
/home/yichen/Desktop/Gemini_Baseline_Code02/F006.c,cppcheck,True,success,True,0,10,96,error,memleakOnRealloc,Common realloc mistake: 'inv' nulled but not freed upon failure,/home/yichen/Desktop/Gemini_Baseline_Code02/F006.c|96|error|memleakOnRealloc|Common realloc mistake: 'inv' nulled but not freed upon failure,/home/yichen/Desktop/Gemini_Baseline_Results02/logs/F006_cppcheck.log
/home/yichen/Desktop/Gemini_Baseline_Code02/F006.c,cppcheck,True,success,True,0,10,55,style,constVariablePointer,Variable 'item' can be declared as pointer to const,/home/yichen/Desktop/Gemini_Baseline_Code02/F006.c|55|style|constVariablePointer|Variable 'item' can be declared as pointer to const,/home/yichen/Desktop/Gemini_Baseline_Results02/logs/F006_cppcheck.log
/home/yichen/Desktop/Gemini_Baseline_Code02/F006.c,cppcheck,True,success,True,0,10,76,style,constVariablePointer,Variable 'item' can be declared as pointer to const,/home/yichen/Desktop/Gemini_Baseline_Code02/F006.c|76|style|constVariablePointer|Variable 'item' can be declared as pointer to const,/home/yichen/Desktop/Gemini_Baseline_Results02/logs/F006_cppcheck.log
/home/yichen/Desktop/Gemini_Baseline_Code02/F006.c,cppcheck,True,success,True,0,10,87,style,constVariablePointer,Variable 'item' can be declared as pointer to const,/home/yichen/Desktop/Gemini_Baseline_Code02/F006.c|87|style|constVariablePointer|Variable 'item' can be declared as pointer to const,/home/yichen/Desktop/Gemini_Baseline_Results02/logs/F006_cppcheck.log
/home/yichen/Desktop/Gemini_Baseline_Code02/F006.c,cppcheck,True,success,True,0,10,101,style,constVariablePointer,Variable 'item' can be declared as pointer to const,/home/yichen/Desktop/Gemini_Baseline_Code02/F006.c|101|style|constVariablePointer|Variable 'item' can be declared as pointer to const,/home/yichen/Desktop/Gemini_Baseline_Results02/logs/F006_cppcheck.log
nofile,cppcheck,True,success,True,0,10,0,information,checkersReport,Active checkers: 113/592 (use --checkers-report=<filename> to see details),nofile|0|information|checkersReport|Active checkers: 113/592 (use --checkers-report=<filename> to see details),/home/yichen/Desktop/Gemini_Baseline_Results02/logs/F006_cppcheck.log
/home/yichen/Desktop/Gemini_Baseline_Code02/F007.c,cppcheck,True,success,True,0,13,2,information,missingIncludeSystem,Include file: <stdio.h> not found. Please note: Cppcheck does not need standard library headers to get proper results.,/home/yichen/Desktop/Gemini_Baseline_Code02/F007.c|2|information|missingIncludeSystem|Include file: <stdio.h> not found. Please note: Cppcheck does not need standard library headers to get proper results.,/home/yichen/Desktop/Gemini_Baseline_Results02/logs/F007_cppcheck.log
/home/yichen/Desktop/Gemini_Baseline_Code02/F007.c,cppcheck,True,success,True,0,13,3,information,missingIncludeSystem,Include file: <stdlib.h> not found. Please note: Cppcheck does not need standard library headers to get proper results.,/home/yichen/Desktop/Gemini_Baseline_Code02/F007.c|3|information|missingIncludeSystem|Include file: <stdlib.h> not found. Please note: Cppcheck does not need standard library headers to get proper results.,/home/yichen/Desktop/Gemini_Baseline_Results02/logs/F007_cppcheck.log
/home/yichen/Desktop/Gemini_Baseline_Code02/F007.c,cppcheck,True,success,True,0,13,4,information,missingIncludeSystem,Include file: <string.h> not found. Please note: Cppcheck does not need standard library headers to get proper results.,/home/yichen/Desktop/Gemini_Baseline_Code02/F007.c|4|information|missingIncludeSystem|Include file: <string.h> not found. Please note: Cppcheck does not need standard library headers to get proper results.,/home/yichen/Desktop/Gemini_Baseline_Results02/logs/F007_cppcheck.log
/home/yichen/Desktop/Gemini_Baseline_Code02/F007.c,cppcheck,True,success,True,0,13,85,error,memleakOnRealloc,Common realloc mistake: 'acts' nulled but not freed upon failure,/home/yichen/Desktop/Gemini_Baseline_Code02/F007.c|85|error|memleakOnRealloc|Common realloc mistake: 'acts' nulled but not freed upon failure,/home/yichen/Desktop/Gemini_Baseline_Results02/logs/F007_cppcheck.log
/home/yichen/Desktop/Gemini_Baseline_Code02/F007.c,cppcheck,True,success,True,0,13,112,error,memleakOnRealloc,Common realloc mistake: 'acts' nulled but not freed upon failure,/home/yichen/Desktop/Gemini_Baseline_Code02/F007.c|112|error|memleakOnRealloc|Common realloc mistake: 'acts' nulled but not freed upon failure,/home/yichen/Desktop/Gemini_Baseline_Results02/logs/F007_cppcheck.log
/home/yichen/Desktop/Gemini_Baseline_Code02/F007.c,cppcheck,True,success,True,0,13,79,style,variableScope,The scope of the variable 'tm' can be reduced.,/home/yichen/Desktop/Gemini_Baseline_Code02/F007.c|79|style|variableScope|The scope of the variable 'tm' can be reduced.,/home/yichen/Desktop/Gemini_Baseline_Results02/logs/F007_cppcheck.log
/home/yichen/Desktop/Gemini_Baseline_Code02/F007.c,cppcheck,True,success,True,0,13,33,style,constVariablePointer,Variable 'actA' can be declared as pointer to const,/home/yichen/Desktop/Gemini_Baseline_Code02/F007.c|33|style|constVariablePointer|Variable 'actA' can be declared as pointer to const,/home/yichen/Desktop/Gemini_Baseline_Results02/logs/F007_cppcheck.log
/home/yichen/Desktop/Gemini_Baseline_Code02/F007.c,cppcheck,True,success,True,0,13,34,style,constVariablePointer,Variable 'actB' can be declared as pointer to const,/home/yichen/Desktop/Gemini_Baseline_Code02/F007.c|34|style|constVariablePointer|Variable 'actB' can be declared as pointer to const,/home/yichen/Desktop/Gemini_Baseline_Results02/logs/F007_cppcheck.log
/home/yichen/Desktop/Gemini_Baseline_Code02/F007.c,cppcheck,True,success,True,0,13,80,style,constVariablePointer,Variable 'label' can be declared as pointer to const,/home/yichen/Desktop/Gemini_Baseline_Code02/F007.c|80|style|constVariablePointer|Variable 'label' can be declared as pointer to const,/home/yichen/Desktop/Gemini_Baseline_Results02/logs/F007_cppcheck.log
/home/yichen/Desktop/Gemini_Baseline_Code02/F007.c,cppcheck,True,success,True,0,13,84,style,constVariablePointer,Variable 'note' can be declared as pointer to const,/home/yichen/Desktop/Gemini_Baseline_Code02/F007.c|84|style|constVariablePointer|Variable 'note' can be declared as pointer to const,/home/yichen/Desktop/Gemini_Baseline_Results02/logs/F007_cppcheck.log
/home/yichen/Desktop/Gemini_Baseline_Code02/F007.c,cppcheck,True,success,True,0,13,97,style,constVariablePointer,Variable 'label' can be declared as pointer to const,/home/yichen/Desktop/Gemini_Baseline_Code02/F007.c|97|style|constVariablePointer|Variable 'label' can be declared as pointer to const,/home/yichen/Desktop/Gemini_Baseline_Results02/logs/F007_cppcheck.log
/home/yichen/Desktop/Gemini_Baseline_Code02/F007.c,cppcheck,True,success,True,0,13,115,style,constVariablePointer,Variable 'label' can be declared as pointer to const,/home/yichen/Desktop/Gemini_Baseline_Code02/F007.c|115|style|constVariablePointer|Variable 'label' can be declared as pointer to const,/home/yichen/Desktop/Gemini_Baseline_Results02/logs/F007_cppcheck.log
nofile,cppcheck,True,success,True,0,13,0,information,checkersReport,Active checkers: 113/592 (use --checkers-report=<filename> to see details),nofile|0|information|checkersReport|Active checkers: 113/592 (use --checkers-report=<filename> to see details),/home/yichen/Desktop/Gemini_Baseline_Results02/logs/F007_cppcheck.log
/home/yichen/Desktop/Gemini_Baseline_Code02/F008.c,cppcheck,True,success,True,0,14,2,information,missingIncludeSystem,Include file: <stdio.h> not found. Please note: Cppcheck does not need standard library headers to get proper results.,/home/yichen/Desktop/Gemini_Baseline_Code02/F008.c|2|information|missingIncludeSystem|Include file: <stdio.h> not found. Please note: Cppcheck does not need standard library headers to get proper results.,/home/yichen/Desktop/Gemini_Baseline_Results02/logs/F008_cppcheck.log
/home/yichen/Desktop/Gemini_Baseline_Code02/F008.c,cppcheck,True,success,True,0,14,3,information,missingIncludeSystem,Include file: <stdlib.h> not found. Please note: Cppcheck does not need standard library headers to get proper results.,/home/yichen/Desktop/Gemini_Baseline_Code02/F008.c|3|information|missingIncludeSystem|Include file: <stdlib.h> not found. Please note: Cppcheck does not need standard library headers to get proper results.,/home/yichen/Desktop/Gemini_Baseline_Results02/logs/F008_cppcheck.log
/home/yichen/Desktop/Gemini_Baseline_Code02/F008.c,cppcheck,True,success,True,0,14,4,information,missingIncludeSystem,Include file: <string.h> not found. Please note: Cppcheck does not need standard library headers to get proper results.,/home/yichen/Desktop/Gemini_Baseline_Code02/F008.c|4|information|missingIncludeSystem|Include file: <string.h> not found. Please note: Cppcheck does not need standard library headers to get proper results.,/home/yichen/Desktop/Gemini_Baseline_Results02/logs/F008_cppcheck.log
/home/yichen/Desktop/Gemini_Baseline_Code02/F008.c,cppcheck,True,success,True,0,14,71,error,memleakOnRealloc,Common realloc mistake: 'students' nulled but not freed upon failure,/home/yichen/Desktop/Gemini_Baseline_Code02/F008.c|71|error|memleakOnRealloc|Common realloc mistake: 'students' nulled but not freed upon failure,/home/yichen/Desktop/Gemini_Baseline_Results02/logs/F008_cppcheck.log
/home/yichen/Desktop/Gemini_Baseline_Code02/F008.c,cppcheck,True,success,True,0,14,110,error,memleakOnRealloc,Common realloc mistake: 'students' nulled but not freed upon failure,/home/yichen/Desktop/Gemini_Baseline_Code02/F008.c|110|error|memleakOnRealloc|Common realloc mistake: 'students' nulled but not freed upon failure,/home/yichen/Desktop/Gemini_Baseline_Results02/logs/F008_cppcheck.log
/home/yichen/Desktop/Gemini_Baseline_Code02/F008.c,cppcheck,True,success,True,0,14,82,style,variableScope,The scope of the variable 'name' can be reduced.,/home/yichen/Desktop/Gemini_Baseline_Code02/F008.c|82|style|variableScope|The scope of the variable 'name' can be reduced.,/home/yichen/Desktop/Gemini_Baseline_Results02/logs/F008_cppcheck.log
/home/yichen/Desktop/Gemini_Baseline_Code02/F008.c,cppcheck,True,success,True,0,14,64,style,constVariablePointer,Variable 'name' can be declared as pointer to const,/home/yichen/Desktop/Gemini_Baseline_Code02/F008.c|64|style|constVariablePointer|Variable 'name' can be declared as pointer to const,/home/yichen/Desktop/Gemini_Baseline_Results02/logs/F008_cppcheck.log
/home/yichen/Desktop/Gemini_Baseline_Code02/F008.c,cppcheck,True,success,True,0,14,65,style,constVariablePointer,Variable 'score_str' can be declared as pointer to const,/home/yichen/Desktop/Gemini_Baseline_Code02/F008.c|65|style|constVariablePointer|Variable 'score_str' can be declared as pointer to const,/home/yichen/Desktop/Gemini_Baseline_Results02/logs/F008_cppcheck.log
/home/yichen/Desktop/Gemini_Baseline_Code02/F008.c,cppcheck,True,success,True,0,14,70,style,constVariablePointer,Variable 'note' can be declared as pointer to const,/home/yichen/Desktop/Gemini_Baseline_Code02/F008.c|70|style|constVariablePointer|Variable 'note' can be declared as pointer to const,/home/yichen/Desktop/Gemini_Baseline_Results02/logs/F008_cppcheck.log
/home/yichen/Desktop/Gemini_Baseline_Code02/F008.c,cppcheck,True,success,True,0,14,82,style,constVariablePointer,Variable 'name' can be declared as pointer to const,/home/yichen/Desktop/Gemini_Baseline_Code02/F008.c|82|style|constVariablePointer|Variable 'name' can be declared as pointer to const,/home/yichen/Desktop/Gemini_Baseline_Results02/logs/F008_cppcheck.log
/home/yichen/Desktop/Gemini_Baseline_Code02/F008.c,cppcheck,True,success,True,0,14,83,style,constVariablePointer,Variable 'score_str' can be declared as pointer to const,/home/yichen/Desktop/Gemini_Baseline_Code02/F008.c|83|style|constVariablePointer|Variable 'score_str' can be declared as pointer to const,/home/yichen/Desktop/Gemini_Baseline_Results02/logs/F008_cppcheck.log
/home/yichen/Desktop/Gemini_Baseline_Code02/F008.c,cppcheck,True,success,True,0,14,88,style,constVariablePointer,Variable 'note' can be declared as pointer to const,/home/yichen/Desktop/Gemini_Baseline_Code02/F008.c|88|style|constVariablePointer|Variable 'note' can be declared as pointer to const,/home/yichen/Desktop/Gemini_Baseline_Results02/logs/F008_cppcheck.log
/home/yichen/Desktop/Gemini_Baseline_Code02/F008.c,cppcheck,True,success,True,0,14,100,style,constVariablePointer,Variable 'name' can be declared as pointer to const,/home/yichen/Desktop/Gemini_Baseline_Code02/F008.c|100|style|constVariablePointer|Variable 'name' can be declared as pointer to const,/home/yichen/Desktop/Gemini_Baseline_Results02/logs/F008_cppcheck.log
nofile,cppcheck,True,success,True,0,14,0,information,checkersReport,Active checkers: 113/592 (use --checkers-report=<filename> to see details),nofile|0|information|checkersReport|Active checkers: 113/592 (use --checkers-report=<filename> to see details),/home/yichen/Desktop/Gemini_Baseline_Results02/logs/F008_cppcheck.log
/home/yichen/Desktop/Gemini_Baseline_Code02/F009.c,cppcheck,True,success,True,0,17,2,information,missingIncludeSystem,Include file: <stdio.h> not found. Please note: Cppcheck does not need standard library headers to get proper results.,/home/yichen/Desktop/Gemini_Baseline_Code02/F009.c|2|information|missingIncludeSystem|Include file: <stdio.h> not found. Please note: Cppcheck does not need standard library headers to get proper results.,/home/yichen/Desktop/Gemini_Baseline_Results02/logs/F009_cppcheck.log
/home/yichen/Desktop/Gemini_Baseline_Code02/F009.c,cppcheck,True,success,True,0,17,3,information,missingIncludeSystem,Include file: <stdlib.h> not found. Please note: Cppcheck does not need standard library headers to get proper results.,/home/yichen/Desktop/Gemini_Baseline_Code02/F009.c|3|information|missingIncludeSystem|Include file: <stdlib.h> not found. Please note: Cppcheck does not need standard library headers to get proper results.,/home/yichen/Desktop/Gemini_Baseline_Results02/logs/F009_cppcheck.log
/home/yichen/Desktop/Gemini_Baseline_Code02/F009.c,cppcheck,True,success,True,0,17,4,information,missingIncludeSystem,Include file: <string.h> not found. Please note: Cppcheck does not need standard library headers to get proper results.,/home/yichen/Desktop/Gemini_Baseline_Code02/F009.c|4|information|missingIncludeSystem|Include file: <string.h> not found. Please note: Cppcheck does not need standard library headers to get proper results.,/home/yichen/Desktop/Gemini_Baseline_Results02/logs/F009_cppcheck.log
/home/yichen/Desktop/Gemini_Baseline_Code02/F009.c,cppcheck,True,success,True,0,17,59,error,memleakOnRealloc,Common realloc mistake: 'events' nulled but not freed upon failure,/home/yichen/Desktop/Gemini_Baseline_Code02/F009.c|59|error|memleakOnRealloc|Common realloc mistake: 'events' nulled but not freed upon failure,/home/yichen/Desktop/Gemini_Baseline_Results02/logs/F009_cppcheck.log
/home/yichen/Desktop/Gemini_Baseline_Code02/F009.c,cppcheck,True,success,True,0,17,68,error,memleakOnRealloc,Common realloc mistake: 'groups' nulled but not freed upon failure,/home/yichen/Desktop/Gemini_Baseline_Code02/F009.c|68|error|memleakOnRealloc|Common realloc mistake: 'groups' nulled but not freed upon failure,/home/yichen/Desktop/Gemini_Baseline_Results02/logs/F009_cppcheck.log
/home/yichen/Desktop/Gemini_Baseline_Code02/F009.c,cppcheck,True,success,True,0,17,86,error,memleakOnRealloc,Common realloc mistake: 'events' nulled but not freed upon failure,/home/yichen/Desktop/Gemini_Baseline_Code02/F009.c|86|error|memleakOnRealloc|Common realloc mistake: 'events' nulled but not freed upon failure,/home/yichen/Desktop/Gemini_Baseline_Results02/logs/F009_cppcheck.log
/home/yichen/Desktop/Gemini_Baseline_Code02/F009.c,cppcheck,True,success,True,0,17,97,error,memleakOnRealloc,Common realloc mistake: 'groups' nulled but not freed upon failure,/home/yichen/Desktop/Gemini_Baseline_Code02/F009.c|97|error|memleakOnRealloc|Common realloc mistake: 'groups' nulled but not freed upon failure,/home/yichen/Desktop/Gemini_Baseline_Results02/logs/F009_cppcheck.log
/home/yichen/Desktop/Gemini_Baseline_Code02/F009.c,cppcheck,True,success,True,0,17,119,error,memleakOnRealloc,Common realloc mistake: 'events' nulled but not freed upon failure,/home/yichen/Desktop/Gemini_Baseline_Code02/F009.c|119|error|memleakOnRealloc|Common realloc mistake: 'events' nulled but not freed upon failure,/home/yichen/Desktop/Gemini_Baseline_Results02/logs/F009_cppcheck.log
/home/yichen/Desktop/Gemini_Baseline_Code02/F009.c,cppcheck,True,success,True,0,17,128,error,memleakOnRealloc,Common realloc mistake: 'groups' nulled but not freed upon failure,/home/yichen/Desktop/Gemini_Baseline_Code02/F009.c|128|error|memleakOnRealloc|Common realloc mistake: 'groups' nulled but not freed upon failure,/home/yichen/Desktop/Gemini_Baseline_Results02/logs/F009_cppcheck.log
/home/yichen/Desktop/Gemini_Baseline_Code02/F009.c,cppcheck,True,success,True,0,17,57,style,constVariablePointer,Variable 'grp' can be declared as pointer to const,/home/yichen/Desktop/Gemini_Baseline_Code02/F009.c|57|style|constVariablePointer|Variable 'grp' can be declared as pointer to const,/home/yichen/Desktop/Gemini_Baseline_Results02/logs/F009_cppcheck.log
/home/yichen/Desktop/Gemini_Baseline_Code02/F009.c,cppcheck,True,success,True,0,17,58,style,constVariablePointer,Variable 'desc' can be declared as pointer to const,/home/yichen/Desktop/Gemini_Baseline_Code02/F009.c|58|style|constVariablePointer|Variable 'desc' can be declared as pointer to const,/home/yichen/Desktop/Gemini_Baseline_Results02/logs/F009_cppcheck.log
/home/yichen/Desktop/Gemini_Baseline_Code02/F009.c,cppcheck,True,success,True,0,17,74,style,constVariablePointer,Variable 'gA' can be declared as pointer to const,/home/yichen/Desktop/Gemini_Baseline_Code02/F009.c|74|style|constVariablePointer|Variable 'gA' can be declared as pointer to const,/home/yichen/Desktop/Gemini_Baseline_Results02/logs/F009_cppcheck.log
/home/yichen/Desktop/Gemini_Baseline_Code02/F009.c,cppcheck,True,success,True,0,17,78,style,constVariablePointer,Variable 'gB' can be declared as pointer to const,/home/yichen/Desktop/Gemini_Baseline_Code02/F009.c|78|style|constVariablePointer|Variable 'gB' can be declared as pointer to const,/home/yichen/Desktop/Gemini_Baseline_Results02/logs/F009_cppcheck.log
/home/yichen/Desktop/Gemini_Baseline_Code02/F009.c,cppcheck,True,success,True,0,17,82,style,constVariablePointer,Variable 'newG' can be declared as pointer to const,/home/yichen/Desktop/Gemini_Baseline_Code02/F009.c|82|style|constVariablePointer|Variable 'newG' can be declared as pointer to const,/home/yichen/Desktop/Gemini_Baseline_Results02/logs/F009_cppcheck.log
/home/yichen/Desktop/Gemini_Baseline_Code02/F009.c,cppcheck,True,success,True,0,17,104,style,constVariablePointer,Variable 'grp' can be declared as pointer to const,/home/yichen/Desktop/Gemini_Baseline_Code02/F009.c|104|style|constVariablePointer|Variable 'grp' can be declared as pointer to const,/home/yichen/Desktop/Gemini_Baseline_Results02/logs/F009_cppcheck.log
/home/yichen/Desktop/Gemini_Baseline_Code02/F009.c,cppcheck,True,success,True,0,17,133,style,constVariablePointer,Variable 'grp' can be declared as pointer to const,/home/yichen/Desktop/Gemini_Baseline_Code02/F009.c|133|style|constVariablePointer|Variable 'grp' can be declared as pointer to const,/home/yichen/Desktop/Gemini_Baseline_Results02/logs/F009_cppcheck.log
nofile,cppcheck,True,success,True,0,17,0,information,checkersReport,Active checkers: 113/592 (use --checkers-report=<filename> to see details),nofile|0|information|checkersReport|Active checkers: 113/592 (use --checkers-report=<filename> to see details),/home/yichen/Desktop/Gemini_Baseline_Results02/logs/F009_cppcheck.log
/home/yichen/Desktop/Gemini_Baseline_Code02/F010.c,cppcheck,True,success,True,0,12,2,information,missingIncludeSystem,Include file: <stdio.h> not found. Please note: Cppcheck does not need standard library headers to get proper results.,/home/yichen/Desktop/Gemini_Baseline_Code02/F010.c|2|information|missingIncludeSystem|Include file: <stdio.h> not found. Please note: Cppcheck does not need standard library headers to get proper results.,/home/yichen/Desktop/Gemini_Baseline_Results02/logs/F010_cppcheck.log
/home/yichen/Desktop/Gemini_Baseline_Code02/F010.c,cppcheck,True,success,True,0,12,3,information,missingIncludeSystem,Include file: <stdlib.h> not found. Please note: Cppcheck does not need standard library headers to get proper results.,/home/yichen/Desktop/Gemini_Baseline_Code02/F010.c|3|information|missingIncludeSystem|Include file: <stdlib.h> not found. Please note: Cppcheck does not need standard library headers to get proper results.,/home/yichen/Desktop/Gemini_Baseline_Results02/logs/F010_cppcheck.log
/home/yichen/Desktop/Gemini_Baseline_Code02/F010.c,cppcheck,True,success,True,0,12,4,information,missingIncludeSystem,Include file: <string.h> not found. Please note: Cppcheck does not need standard library headers to get proper results.,/home/yichen/Desktop/Gemini_Baseline_Code02/F010.c|4|information|missingIncludeSystem|Include file: <string.h> not found. Please note: Cppcheck does not need standard library headers to get proper results.,/home/yichen/Desktop/Gemini_Baseline_Results02/logs/F010_cppcheck.log
/home/yichen/Desktop/Gemini_Baseline_Code02/F010.c,cppcheck,True,success,True,0,12,63,error,memleakOnRealloc,Common realloc mistake: 'lists' nulled but not freed upon failure,/home/yichen/Desktop/Gemini_Baseline_Code02/F010.c|63|error|memleakOnRealloc|Common realloc mistake: 'lists' nulled but not freed upon failure,/home/yichen/Desktop/Gemini_Baseline_Results02/logs/F010_cppcheck.log
/home/yichen/Desktop/Gemini_Baseline_Code02/F010.c,cppcheck,True,success,True,0,12,116,error,memleakOnRealloc,Common realloc mistake: 'lists' nulled but not freed upon failure,/home/yichen/Desktop/Gemini_Baseline_Code02/F010.c|116|error|memleakOnRealloc|Common realloc mistake: 'lists' nulled but not freed upon failure,/home/yichen/Desktop/Gemini_Baseline_Results02/logs/F010_cppcheck.log
/home/yichen/Desktop/Gemini_Baseline_Code02/F010.c,cppcheck,True,success,True,0,12,56,style,constVariablePointer,Variable 'key' can be declared as pointer to const,/home/yichen/Desktop/Gemini_Baseline_Code02/F010.c|56|style|constVariablePointer|Variable 'key' can be declared as pointer to const,/home/yichen/Desktop/Gemini_Baseline_Results02/logs/F010_cppcheck.log
/home/yichen/Desktop/Gemini_Baseline_Code02/F010.c,cppcheck,True,success,True,0,12,57,style,constVariablePointer,Variable 'val' can be declared as pointer to const,/home/yichen/Desktop/Gemini_Baseline_Code02/F010.c|57|style|constVariablePointer|Variable 'val' can be declared as pointer to const,/home/yichen/Desktop/Gemini_Baseline_Results02/logs/F010_cppcheck.log
/home/yichen/Desktop/Gemini_Baseline_Code02/F010.c,cppcheck,True,success,True,0,12,80,style,constVariablePointer,Variable 'key' can be declared as pointer to const,/home/yichen/Desktop/Gemini_Baseline_Code02/F010.c|80|style|constVariablePointer|Variable 'key' can be declared as pointer to const,/home/yichen/Desktop/Gemini_Baseline_Results02/logs/F010_cppcheck.log
/home/yichen/Desktop/Gemini_Baseline_Code02/F010.c,cppcheck,True,success,True,0,12,81,style,constVariablePointer,Variable 'val' can be declared as pointer to const,/home/yichen/Desktop/Gemini_Baseline_Code02/F010.c|81|style|constVariablePointer|Variable 'val' can be declared as pointer to const,/home/yichen/Desktop/Gemini_Baseline_Results02/logs/F010_cppcheck.log
/home/yichen/Desktop/Gemini_Baseline_Code02/F010.c,cppcheck,True,success,True,0,12,105,style,constVariablePointer,Variable 'key' can be declared as pointer to const,/home/yichen/Desktop/Gemini_Baseline_Code02/F010.c|105|style|constVariablePointer|Variable 'key' can be declared as pointer to const,/home/yichen/Desktop/Gemini_Baseline_Results02/logs/F010_cppcheck.log
/home/yichen/Desktop/Gemini_Baseline_Code02/F010.c,cppcheck,True,success,True,0,12,121,style,constVariablePointer,Variable 'key' can be declared as pointer to const,/home/yichen/Desktop/Gemini_Baseline_Code02/F010.c|121|style|constVariablePointer|Variable 'key' can be declared as pointer to const,/home/yichen/Desktop/Gemini_Baseline_Results02/logs/F010_cppcheck.log
nofile,cppcheck,True,success,True,0,12,0,information,checkersReport,Active checkers: 113/592 (use --checkers-report=<filename> to see details),nofile|0|information|checkersReport|Active checkers: 113/592 (use --checkers-report=<filename> to see details),/home/yichen/Desktop/Gemini_Baseline_Results02/logs/F010_cppcheck.log
/home/yichen/Desktop/Gemini_Baseline_Code02/F011.c,cppcheck,True,success,True,0,13,2,information,missingIncludeSystem,Include file: <stdio.h> not found. Please note: Cppcheck does not need standard library headers to get proper results.,/home/yichen/Desktop/Gemini_Baseline_Code02/F011.c|2|information|missingIncludeSystem|Include file: <stdio.h> not found. Please note: Cppcheck does not need standard library headers to get proper results.,/home/yichen/Desktop/Gemini_Baseline_Results02/logs/F011_cppcheck.log
/home/yichen/Desktop/Gemini_Baseline_Code02/F011.c,cppcheck,True,success,True,0,13,3,information,missingIncludeSystem,Include file: <stdlib.h> not found. Please note: Cppcheck does not need standard library headers to get proper results.,/home/yichen/Desktop/Gemini_Baseline_Code02/F011.c|3|information|missingIncludeSystem|Include file: <stdlib.h> not found. Please note: Cppcheck does not need standard library headers to get proper results.,/home/yichen/Desktop/Gemini_Baseline_Results02/logs/F011_cppcheck.log
/home/yichen/Desktop/Gemini_Baseline_Code02/F011.c,cppcheck,True,success,True,0,13,4,information,missingIncludeSystem,Include file: <string.h> not found. Please note: Cppcheck does not need standard library headers to get proper results.,/home/yichen/Desktop/Gemini_Baseline_Code02/F011.c|4|information|missingIncludeSystem|Include file: <string.h> not found. Please note: Cppcheck does not need standard library headers to get proper results.,/home/yichen/Desktop/Gemini_Baseline_Results02/logs/F011_cppcheck.log
/home/yichen/Desktop/Gemini_Baseline_Code02/F011.c,cppcheck,True,success,True,0,13,45,error,memleakOnRealloc,Common realloc mistake: 'drafts' nulled but not freed upon failure,/home/yichen/Desktop/Gemini_Baseline_Code02/F011.c|45|error|memleakOnRealloc|Common realloc mistake: 'drafts' nulled but not freed upon failure,/home/yichen/Desktop/Gemini_Baseline_Results02/logs/F011_cppcheck.log
/home/yichen/Desktop/Gemini_Baseline_Code02/F011.c,cppcheck,True,success,True,0,13,70,error,memleakOnRealloc,Common realloc mistake: 'drafts' nulled but not freed upon failure,/home/yichen/Desktop/Gemini_Baseline_Code02/F011.c|70|error|memleakOnRealloc|Common realloc mistake: 'drafts' nulled but not freed upon failure,/home/yichen/Desktop/Gemini_Baseline_Results02/logs/F011_cppcheck.log
/home/yichen/Desktop/Gemini_Baseline_Code02/F011.c,cppcheck,True,success,True,0,13,104,error,memleakOnRealloc,Common realloc mistake: 'drafts' nulled but not freed upon failure,/home/yichen/Desktop/Gemini_Baseline_Code02/F011.c|104|error|memleakOnRealloc|Common realloc mistake: 'drafts' nulled but not freed upon failure,/home/yichen/Desktop/Gemini_Baseline_Results02/logs/F011_cppcheck.log
/home/yichen/Desktop/Gemini_Baseline_Code02/F011.c,cppcheck,True,success,True,0,13,68,style,constVariablePointer,Variable 'title' can be declared as pointer to const,/home/yichen/Desktop/Gemini_Baseline_Code02/F011.c|68|style|constVariablePointer|Variable 'title' can be declared as pointer to const,/home/yichen/Desktop/Gemini_Baseline_Results02/logs/F011_cppcheck.log
/home/yichen/Desktop/Gemini_Baseline_Code02/F011.c,cppcheck,True,success,True,0,13,69,style,constVariablePointer,Variable 'body' can be declared as pointer to const,/home/yichen/Desktop/Gemini_Baseline_Code02/F011.c|69|style|constVariablePointer|Variable 'body' can be declared as pointer to const,/home/yichen/Desktop/Gemini_Baseline_Results02/logs/F011_cppcheck.log
/home/yichen/Desktop/Gemini_Baseline_Code02/F011.c,cppcheck,True,success,True,0,13,79,style,constVariablePointer,Variable 'title' can be declared as pointer to const,/home/yichen/Desktop/Gemini_Baseline_Code02/F011.c|79|style|constVariablePointer|Variable 'title' can be declared as pointer to const,/home/yichen/Desktop/Gemini_Baseline_Results02/logs/F011_cppcheck.log
/home/yichen/Desktop/Gemini_Baseline_Code02/F011.c,cppcheck,True,success,True,0,13,80,style,constVariablePointer,Variable 'body' can be declared as pointer to const,/home/yichen/Desktop/Gemini_Baseline_Code02/F011.c|80|style|constVariablePointer|Variable 'body' can be declared as pointer to const,/home/yichen/Desktop/Gemini_Baseline_Results02/logs/F011_cppcheck.log
/home/yichen/Desktop/Gemini_Baseline_Code02/F011.c,cppcheck,True,success,True,0,13,90,style,constVariablePointer,Variable 'title' can be declared as pointer to const,/home/yichen/Desktop/Gemini_Baseline_Code02/F011.c|90|style|constVariablePointer|Variable 'title' can be declared as pointer to const,/home/yichen/Desktop/Gemini_Baseline_Results02/logs/F011_cppcheck.log
/home/yichen/Desktop/Gemini_Baseline_Code02/F011.c,cppcheck,True,success,True,0,13,109,style,constVariablePointer,Variable 'title' can be declared as pointer to const,/home/yichen/Desktop/Gemini_Baseline_Code02/F011.c|109|style|constVariablePointer|Variable 'title' can be declared as pointer to const,/home/yichen/Desktop/Gemini_Baseline_Results02/logs/F011_cppcheck.log
nofile,cppcheck,True,success,True,0,13,0,information,checkersReport,Active checkers: 113/592 (use --checkers-report=<filename> to see details),nofile|0|information|checkersReport|Active checkers: 113/592 (use --checkers-report=<filename> to see details),/home/yichen/Desktop/Gemini_Baseline_Results02/logs/F011_cppcheck.log
/home/yichen/Desktop/Gemini_Baseline_Code02/F012.c,cppcheck,True,success,True,0,11,2,information,missingIncludeSystem,Include file: <stdio.h> not found. Please note: Cppcheck does not need standard library headers to get proper results.,/home/yichen/Desktop/Gemini_Baseline_Code02/F012.c|2|information|missingIncludeSystem|Include file: <stdio.h> not found. Please note: Cppcheck does not need standard library headers to get proper results.,/home/yichen/Desktop/Gemini_Baseline_Results02/logs/F012_cppcheck.log
/home/yichen/Desktop/Gemini_Baseline_Code02/F012.c,cppcheck,True,success,True,0,11,3,information,missingIncludeSystem,Include file: <stdlib.h> not found. Please note: Cppcheck does not need standard library headers to get proper results.,/home/yichen/Desktop/Gemini_Baseline_Code02/F012.c|3|information|missingIncludeSystem|Include file: <stdlib.h> not found. Please note: Cppcheck does not need standard library headers to get proper results.,/home/yichen/Desktop/Gemini_Baseline_Results02/logs/F012_cppcheck.log
/home/yichen/Desktop/Gemini_Baseline_Code02/F012.c,cppcheck,True,success,True,0,11,4,information,missingIncludeSystem,Include file: <string.h> not found. Please note: Cppcheck does not need standard library headers to get proper results.,/home/yichen/Desktop/Gemini_Baseline_Code02/F012.c|4|information|missingIncludeSystem|Include file: <string.h> not found. Please note: Cppcheck does not need standard library headers to get proper results.,/home/yichen/Desktop/Gemini_Baseline_Results02/logs/F012_cppcheck.log
/home/yichen/Desktop/Gemini_Baseline_Code02/F012.c,cppcheck,True,success,True,0,11,51,error,memleakOnRealloc,Common realloc mistake: 'queue' nulled but not freed upon failure,/home/yichen/Desktop/Gemini_Baseline_Code02/F012.c|51|error|memleakOnRealloc|Common realloc mistake: 'queue' nulled but not freed upon failure,/home/yichen/Desktop/Gemini_Baseline_Results02/logs/F012_cppcheck.log
/home/yichen/Desktop/Gemini_Baseline_Code02/F012.c,cppcheck,True,success,True,0,11,69,error,memleakOnRealloc,Common realloc mistake: 'queue' nulled but not freed upon failure,/home/yichen/Desktop/Gemini_Baseline_Code02/F012.c|69|error|memleakOnRealloc|Common realloc mistake: 'queue' nulled but not freed upon failure,/home/yichen/Desktop/Gemini_Baseline_Results02/logs/F012_cppcheck.log
/home/yichen/Desktop/Gemini_Baseline_Code02/F012.c,cppcheck,True,success,True,0,11,85,error,memleakOnRealloc,Common realloc mistake: 'queue' nulled but not freed upon failure,/home/yichen/Desktop/Gemini_Baseline_Code02/F012.c|85|error|memleakOnRealloc|Common realloc mistake: 'queue' nulled but not freed upon failure,/home/yichen/Desktop/Gemini_Baseline_Results02/logs/F012_cppcheck.log
/home/yichen/Desktop/Gemini_Baseline_Code02/F012.c,cppcheck,True,success,True,0,11,67,style,constVariablePointer,Variable 'name' can be declared as pointer to const,/home/yichen/Desktop/Gemini_Baseline_Code02/F012.c|67|style|constVariablePointer|Variable 'name' can be declared as pointer to const,/home/yichen/Desktop/Gemini_Baseline_Results02/logs/F012_cppcheck.log
/home/yichen/Desktop/Gemini_Baseline_Code02/F012.c,cppcheck,True,success,True,0,11,68,style,constVariablePointer,Variable 'note' can be declared as pointer to const,/home/yichen/Desktop/Gemini_Baseline_Code02/F012.c|68|style|constVariablePointer|Variable 'note' can be declared as pointer to const,/home/yichen/Desktop/Gemini_Baseline_Results02/logs/F012_cppcheck.log
/home/yichen/Desktop/Gemini_Baseline_Code02/F012.c,cppcheck,True,success,True,0,11,75,style,constVariablePointer,Variable 'name' can be declared as pointer to const,/home/yichen/Desktop/Gemini_Baseline_Code02/F012.c|75|style|constVariablePointer|Variable 'name' can be declared as pointer to const,/home/yichen/Desktop/Gemini_Baseline_Results02/logs/F012_cppcheck.log
/home/yichen/Desktop/Gemini_Baseline_Code02/F012.c,cppcheck,True,success,True,0,11,90,style,constVariablePointer,Variable 'name' can be declared as pointer to const,/home/yichen/Desktop/Gemini_Baseline_Code02/F012.c|90|style|constVariablePointer|Variable 'name' can be declared as pointer to const,/home/yichen/Desktop/Gemini_Baseline_Results02/logs/F012_cppcheck.log
nofile,cppcheck,True,success,True,0,11,0,information,checkersReport,Active checkers: 113/592 (use --checkers-report=<filename> to see details),nofile|0|information|checkersReport|Active checkers: 113/592 (use --checkers-report=<filename> to see details),/home/yichen/Desktop/Gemini_Baseline_Results02/logs/F012_cppcheck.log
/home/yichen/Desktop/Gemini_Baseline_Code02/F013.c,cppcheck,True,success,True,0,12,2,information,missingIncludeSystem,Include file: <stdio.h> not found. Please note: Cppcheck does not need standard library headers to get proper results.,/home/yichen/Desktop/Gemini_Baseline_Code02/F013.c|2|information|missingIncludeSystem|Include file: <stdio.h> not found. Please note: Cppcheck does not need standard library headers to get proper results.,/home/yichen/Desktop/Gemini_Baseline_Results02/logs/F013_cppcheck.log
/home/yichen/Desktop/Gemini_Baseline_Code02/F013.c,cppcheck,True,success,True,0,12,3,information,missingIncludeSystem,Include file: <stdlib.h> not found. Please note: Cppcheck does not need standard library headers to get proper results.,/home/yichen/Desktop/Gemini_Baseline_Code02/F013.c|3|information|missingIncludeSystem|Include file: <stdlib.h> not found. Please note: Cppcheck does not need standard library headers to get proper results.,/home/yichen/Desktop/Gemini_Baseline_Results02/logs/F013_cppcheck.log
/home/yichen/Desktop/Gemini_Baseline_Code02/F013.c,cppcheck,True,success,True,0,12,4,information,missingIncludeSystem,Include file: <string.h> not found. Please note: Cppcheck does not need standard library headers to get proper results.,/home/yichen/Desktop/Gemini_Baseline_Code02/F013.c|4|information|missingIncludeSystem|Include file: <string.h> not found. Please note: Cppcheck does not need standard library headers to get proper results.,/home/yichen/Desktop/Gemini_Baseline_Results02/logs/F013_cppcheck.log
/home/yichen/Desktop/Gemini_Baseline_Code02/F013.c,cppcheck,True,success,True,0,12,67,error,memleakOnRealloc,Common realloc mistake: 'tasks' nulled but not freed upon failure,/home/yichen/Desktop/Gemini_Baseline_Code02/F013.c|67|error|memleakOnRealloc|Common realloc mistake: 'tasks' nulled but not freed upon failure,/home/yichen/Desktop/Gemini_Baseline_Results02/logs/F013_cppcheck.log
/home/yichen/Desktop/Gemini_Baseline_Code02/F013.c,cppcheck,True,success,True,0,12,100,error,memleakOnRealloc,Common realloc mistake: 'tasks' nulled but not freed upon failure,/home/yichen/Desktop/Gemini_Baseline_Code02/F013.c|100|error|memleakOnRealloc|Common realloc mistake: 'tasks' nulled but not freed upon failure,/home/yichen/Desktop/Gemini_Baseline_Results02/logs/F013_cppcheck.log
/home/yichen/Desktop/Gemini_Baseline_Code02/F013.c,cppcheck,True,success,True,0,12,65,style,constVariablePointer,Variable 'title' can be declared as pointer to const,/home/yichen/Desktop/Gemini_Baseline_Code02/F013.c|65|style|constVariablePointer|Variable 'title' can be declared as pointer to const,/home/yichen/Desktop/Gemini_Baseline_Results02/logs/F013_cppcheck.log
/home/yichen/Desktop/Gemini_Baseline_Code02/F013.c,cppcheck,True,success,True,0,12,66,style,constVariablePointer,Variable 'note' can be declared as pointer to const,/home/yichen/Desktop/Gemini_Baseline_Code02/F013.c|66|style|constVariablePointer|Variable 'note' can be declared as pointer to const,/home/yichen/Desktop/Gemini_Baseline_Results02/logs/F013_cppcheck.log
/home/yichen/Desktop/Gemini_Baseline_Code02/F013.c,cppcheck,True,success,True,0,12,74,style,constVariablePointer,Variable 'title' can be declared as pointer to const,/home/yichen/Desktop/Gemini_Baseline_Code02/F013.c|74|style|constVariablePointer|Variable 'title' can be declared as pointer to const,/home/yichen/Desktop/Gemini_Baseline_Results02/logs/F013_cppcheck.log
/home/yichen/Desktop/Gemini_Baseline_Code02/F013.c,cppcheck,True,success,True,0,12,82,style,constVariablePointer,Variable 'title' can be declared as pointer to const,/home/yichen/Desktop/Gemini_Baseline_Code02/F013.c|82|style|constVariablePointer|Variable 'title' can be declared as pointer to const,/home/yichen/Desktop/Gemini_Baseline_Results02/logs/F013_cppcheck.log
/home/yichen/Desktop/Gemini_Baseline_Code02/F013.c,cppcheck,True,success,True,0,12,90,style,constVariablePointer,Variable 'title' can be declared as pointer to const,/home/yichen/Desktop/Gemini_Baseline_Code02/F013.c|90|style|constVariablePointer|Variable 'title' can be declared as pointer to const,/home/yichen/Desktop/Gemini_Baseline_Results02/logs/F013_cppcheck.log
/home/yichen/Desktop/Gemini_Baseline_Code02/F013.c,cppcheck,True,success,True,0,12,105,style,constVariablePointer,Variable 'title' can be declared as pointer to const,/home/yichen/Desktop/Gemini_Baseline_Code02/F013.c|105|style|constVariablePointer|Variable 'title' can be declared as pointer to const,/home/yichen/Desktop/Gemini_Baseline_Results02/logs/F013_cppcheck.log
nofile,cppcheck,True,success,True,0,12,0,information,checkersReport,Active checkers: 113/592 (use --checkers-report=<filename> to see details),nofile|0|information|checkersReport|Active checkers: 113/592 (use --checkers-report=<filename> to see details),/home/yichen/Desktop/Gemini_Baseline_Results02/logs/F013_cppcheck.log
/home/yichen/Desktop/Gemini_Baseline_Code02/F014.c,cppcheck,True,success,True,0,14,2,information,missingIncludeSystem,Include file: <stdio.h> not found. Please note: Cppcheck does not need standard library headers to get proper results.,/home/yichen/Desktop/Gemini_Baseline_Code02/F014.c|2|information|missingIncludeSystem|Include file: <stdio.h> not found. Please note: Cppcheck does not need standard library headers to get proper results.,/home/yichen/Desktop/Gemini_Baseline_Results02/logs/F014_cppcheck.log
/home/yichen/Desktop/Gemini_Baseline_Code02/F014.c,cppcheck,True,success,True,0,14,3,information,missingIncludeSystem,Include file: <stdlib.h> not found. Please note: Cppcheck does not need standard library headers to get proper results.,/home/yichen/Desktop/Gemini_Baseline_Code02/F014.c|3|information|missingIncludeSystem|Include file: <stdlib.h> not found. Please note: Cppcheck does not need standard library headers to get proper results.,/home/yichen/Desktop/Gemini_Baseline_Results02/logs/F014_cppcheck.log
/home/yichen/Desktop/Gemini_Baseline_Code02/F014.c,cppcheck,True,success,True,0,14,4,information,missingIncludeSystem,Include file: <string.h> not found. Please note: Cppcheck does not need standard library headers to get proper results.,/home/yichen/Desktop/Gemini_Baseline_Code02/F014.c|4|information|missingIncludeSystem|Include file: <string.h> not found. Please note: Cppcheck does not need standard library headers to get proper results.,/home/yichen/Desktop/Gemini_Baseline_Results02/logs/F014_cppcheck.log
/home/yichen/Desktop/Gemini_Baseline_Code02/F014.c,cppcheck,True,success,True,0,14,59,error,memleakOnRealloc,Common realloc mistake: 'items' nulled but not freed upon failure,/home/yichen/Desktop/Gemini_Baseline_Code02/F014.c|59|error|memleakOnRealloc|Common realloc mistake: 'items' nulled but not freed upon failure,/home/yichen/Desktop/Gemini_Baseline_Results02/logs/F014_cppcheck.log
/home/yichen/Desktop/Gemini_Baseline_Code02/F014.c,cppcheck,True,success,True,0,14,123,error,memleakOnRealloc,Common realloc mistake: 'items' nulled but not freed upon failure,/home/yichen/Desktop/Gemini_Baseline_Code02/F014.c|123|error|memleakOnRealloc|Common realloc mistake: 'items' nulled but not freed upon failure,/home/yichen/Desktop/Gemini_Baseline_Results02/logs/F014_cppcheck.log
/home/yichen/Desktop/Gemini_Baseline_Code02/F014.c,cppcheck,True,success,True,0,14,57,style,constVariablePointer,Variable 'name' can be declared as pointer to const,/home/yichen/Desktop/Gemini_Baseline_Code02/F014.c|57|style|constVariablePointer|Variable 'name' can be declared as pointer to const,/home/yichen/Desktop/Gemini_Baseline_Results02/logs/F014_cppcheck.log
/home/yichen/Desktop/Gemini_Baseline_Code02/F014.c,cppcheck,True,success,True,0,14,58,style,constVariablePointer,Variable 'note' can be declared as pointer to const,/home/yichen/Desktop/Gemini_Baseline_Code02/F014.c|58|style|constVariablePointer|Variable 'note' can be declared as pointer to const,/home/yichen/Desktop/Gemini_Baseline_Results02/logs/F014_cppcheck.log
/home/yichen/Desktop/Gemini_Baseline_Code02/F014.c,cppcheck,True,success,True,0,14,70,style,constVariablePointer,Variable 'name' can be declared as pointer to const,/home/yichen/Desktop/Gemini_Baseline_Code02/F014.c|70|style|constVariablePointer|Variable 'name' can be declared as pointer to const,/home/yichen/Desktop/Gemini_Baseline_Results02/logs/F014_cppcheck.log
/home/yichen/Desktop/Gemini_Baseline_Code02/F014.c,cppcheck,True,success,True,0,14,71,style,constVariablePointer,Variable 'label' can be declared as pointer to const,/home/yichen/Desktop/Gemini_Baseline_Code02/F014.c|71|style|constVariablePointer|Variable 'label' can be declared as pointer to const,/home/yichen/Desktop/Gemini_Baseline_Results02/logs/F014_cppcheck.log
/home/yichen/Desktop/Gemini_Baseline_Code02/F014.c,cppcheck,True,success,True,0,14,86,style,constVariablePointer,Variable 'name' can be declared as pointer to const,/home/yichen/Desktop/Gemini_Baseline_Code02/F014.c|86|style|constVariablePointer|Variable 'name' can be declared as pointer to const,/home/yichen/Desktop/Gemini_Baseline_Results02/logs/F014_cppcheck.log
/home/yichen/Desktop/Gemini_Baseline_Code02/F014.c,cppcheck,True,success,True,0,14,87,style,constVariablePointer,Variable 'label' can be declared as pointer to const,/home/yichen/Desktop/Gemini_Baseline_Code02/F014.c|87|style|constVariablePointer|Variable 'label' can be declared as pointer to const,/home/yichen/Desktop/Gemini_Baseline_Results02/logs/F014_cppcheck.log
/home/yichen/Desktop/Gemini_Baseline_Code02/F014.c,cppcheck,True,success,True,0,14,111,style,constVariablePointer,Variable 'name' can be declared as pointer to const,/home/yichen/Desktop/Gemini_Baseline_Code02/F014.c|111|style|constVariablePointer|Variable 'name' can be declared as pointer to const,/home/yichen/Desktop/Gemini_Baseline_Results02/logs/F014_cppcheck.log
/home/yichen/Desktop/Gemini_Baseline_Code02/F014.c,cppcheck,True,success,True,0,14,128,style,constVariablePointer,Variable 'name' can be declared as pointer to const,/home/yichen/Desktop/Gemini_Baseline_Code02/F014.c|128|style|constVariablePointer|Variable 'name' can be declared as pointer to const,/home/yichen/Desktop/Gemini_Baseline_Results02/logs/F014_cppcheck.log
nofile,cppcheck,True,success,True,0,14,0,information,checkersReport,Active checkers: 113/592 (use --checkers-report=<filename> to see details),nofile|0|information|checkersReport|Active checkers: 113/592 (use --checkers-report=<filename> to see details),/home/yichen/Desktop/Gemini_Baseline_Results02/logs/F014_cppcheck.log
/home/yichen/Desktop/Gemini_Baseline_Code02/F015.c,cppcheck,True,success,True,0,16,2,information,missingIncludeSystem,Include file: <stdio.h> not found. Please note: Cppcheck does not need standard library headers to get proper results.,/home/yichen/Desktop/Gemini_Baseline_Code02/F015.c|2|information|missingIncludeSystem|Include file: <stdio.h> not found. Please note: Cppcheck does not need standard library headers to get proper results.,/home/yichen/Desktop/Gemini_Baseline_Results02/logs/F015_cppcheck.log
/home/yichen/Desktop/Gemini_Baseline_Code02/F015.c,cppcheck,True,success,True,0,16,3,information,missingIncludeSystem,Include file: <stdlib.h> not found. Please note: Cppcheck does not need standard library headers to get proper results.,/home/yichen/Desktop/Gemini_Baseline_Code02/F015.c|3|information|missingIncludeSystem|Include file: <stdlib.h> not found. Please note: Cppcheck does not need standard library headers to get proper results.,/home/yichen/Desktop/Gemini_Baseline_Results02/logs/F015_cppcheck.log
/home/yichen/Desktop/Gemini_Baseline_Code02/F015.c,cppcheck,True,success,True,0,16,4,information,missingIncludeSystem,Include file: <string.h> not found. Please note: Cppcheck does not need standard library headers to get proper results.,/home/yichen/Desktop/Gemini_Baseline_Code02/F015.c|4|information|missingIncludeSystem|Include file: <string.h> not found. Please note: Cppcheck does not need standard library headers to get proper results.,/home/yichen/Desktop/Gemini_Baseline_Results02/logs/F015_cppcheck.log
/home/yichen/Desktop/Gemini_Baseline_Code02/F015.c,cppcheck,True,success,True,0,16,63,error,memleakOnRealloc,Common realloc mistake: 'contacts' nulled but not freed upon failure,/home/yichen/Desktop/Gemini_Baseline_Code02/F015.c|63|error|memleakOnRealloc|Common realloc mistake: 'contacts' nulled but not freed upon failure,/home/yichen/Desktop/Gemini_Baseline_Results02/logs/F015_cppcheck.log
/home/yichen/Desktop/Gemini_Baseline_Code02/F015.c,cppcheck,True,success,True,0,16,115,error,memleakOnRealloc,Common realloc mistake: 'contacts' nulled but not freed upon failure,/home/yichen/Desktop/Gemini_Baseline_Code02/F015.c|115|error|memleakOnRealloc|Common realloc mistake: 'contacts' nulled but not freed upon failure,/home/yichen/Desktop/Gemini_Baseline_Results02/logs/F015_cppcheck.log
/home/yichen/Desktop/Gemini_Baseline_Code02/F015.c,cppcheck,True,success,True,0,16,131,error,memleakOnRealloc,Common realloc mistake: 'contacts' nulled but not freed upon failure,/home/yichen/Desktop/Gemini_Baseline_Code02/F015.c|131|error|memleakOnRealloc|Common realloc mistake: 'contacts' nulled but not freed upon failure,/home/yichen/Desktop/Gemini_Baseline_Results02/logs/F015_cppcheck.log
/home/yichen/Desktop/Gemini_Baseline_Code02/F015.c,cppcheck,True,success,True,0,16,54,style,constVariablePointer,Variable 'name' can be declared as pointer to const,/home/yichen/Desktop/Gemini_Baseline_Code02/F015.c|54|style|constVariablePointer|Variable 'name' can be declared as pointer to const,/home/yichen/Desktop/Gemini_Baseline_Results02/logs/F015_cppcheck.log
/home/yichen/Desktop/Gemini_Baseline_Code02/F015.c,cppcheck,True,success,True,0,16,58,style,constVariablePointer,Variable 'email' can be declared as pointer to const,/home/yichen/Desktop/Gemini_Baseline_Code02/F015.c|58|style|constVariablePointer|Variable 'email' can be declared as pointer to const,/home/yichen/Desktop/Gemini_Baseline_Results02/logs/F015_cppcheck.log
/home/yichen/Desktop/Gemini_Baseline_Code02/F015.c,cppcheck,True,success,True,0,16,62,style,constVariablePointer,Variable 'phone' can be declared as pointer to const,/home/yichen/Desktop/Gemini_Baseline_Code02/F015.c|62|style|constVariablePointer|Variable 'phone' can be declared as pointer to const,/home/yichen/Desktop/Gemini_Baseline_Results02/logs/F015_cppcheck.log
/home/yichen/Desktop/Gemini_Baseline_Code02/F015.c,cppcheck,True,success,True,0,16,72,style,constVariablePointer,Variable 'name' can be declared as pointer to const,/home/yichen/Desktop/Gemini_Baseline_Code02/F015.c|72|style|constVariablePointer|Variable 'name' can be declared as pointer to const,/home/yichen/Desktop/Gemini_Baseline_Results02/logs/F015_cppcheck.log
/home/yichen/Desktop/Gemini_Baseline_Code02/F015.c,cppcheck,True,success,True,0,16,76,style,constVariablePointer,Variable 'text' can be declared as pointer to const,/home/yichen/Desktop/Gemini_Baseline_Code02/F015.c|76|style|constVariablePointer|Variable 'text' can be declared as pointer to const,/home/yichen/Desktop/Gemini_Baseline_Results02/logs/F015_cppcheck.log
/home/yichen/Desktop/Gemini_Baseline_Code02/F015.c,cppcheck,True,success,True,0,16,86,style,constVariablePointer,Variable 'keep' can be declared as pointer to const,/home/yichen/Desktop/Gemini_Baseline_Code02/F015.c|86|style|constVariablePointer|Variable 'keep' can be declared as pointer to const,/home/yichen/Desktop/Gemini_Baseline_Results02/logs/F015_cppcheck.log
/home/yichen/Desktop/Gemini_Baseline_Code02/F015.c,cppcheck,True,success,True,0,16,90,style,constVariablePointer,Variable 'remove' can be declared as pointer to const,/home/yichen/Desktop/Gemini_Baseline_Code02/F015.c|90|style|constVariablePointer|Variable 'remove' can be declared as pointer to const,/home/yichen/Desktop/Gemini_Baseline_Results02/logs/F015_cppcheck.log
/home/yichen/Desktop/Gemini_Baseline_Code02/F015.c,cppcheck,True,success,True,0,16,119,style,constVariablePointer,Variable 'name' can be declared as pointer to const,/home/yichen/Desktop/Gemini_Baseline_Code02/F015.c|119|style|constVariablePointer|Variable 'name' can be declared as pointer to const,/home/yichen/Desktop/Gemini_Baseline_Results02/logs/F015_cppcheck.log
/home/yichen/Desktop/Gemini_Baseline_Code02/F015.c,cppcheck,True,success,True,0,16,136,style,constVariablePointer,Variable 'name' can be declared as pointer to const,/home/yichen/Desktop/Gemini_Baseline_Code02/F015.c|136|style|constVariablePointer|Variable 'name' can be declared as pointer to const,/home/yichen/Desktop/Gemini_Baseline_Results02/logs/F015_cppcheck.log
nofile,cppcheck,True,success,True,0,16,0,information,checkersReport,Active checkers: 113/592 (use --checkers-report=<filename> to see details),nofile|0|information|checkersReport|Active checkers: 113/592 (use --checkers-report=<filename> to see details),/home/yichen/Desktop/Gemini_Baseline_Results02/logs/F015_cppcheck.log
/home/yichen/Desktop/Gemini_Baseline_Code02/F016.c,cppcheck,True,success,True,0,9,2,information,missingIncludeSystem,Include file: <stdio.h> not found. Please note: Cppcheck does not need standard library headers to get proper results.,/home/yichen/Desktop/Gemini_Baseline_Code02/F016.c|2|information|missingIncludeSystem|Include file: <stdio.h> not found. Please note: Cppcheck does not need standard library headers to get proper results.,/home/yichen/Desktop/Gemini_Baseline_Results02/logs/F016_cppcheck.log
/home/yichen/Desktop/Gemini_Baseline_Code02/F016.c,cppcheck,True,success,True,0,9,3,information,missingIncludeSystem,Include file: <stdlib.h> not found. Please note: Cppcheck does not need standard library headers to get proper results.,/home/yichen/Desktop/Gemini_Baseline_Code02/F016.c|3|information|missingIncludeSystem|Include file: <stdlib.h> not found. Please note: Cppcheck does not need standard library headers to get proper results.,/home/yichen/Desktop/Gemini_Baseline_Results02/logs/F016_cppcheck.log
/home/yichen/Desktop/Gemini_Baseline_Code02/F016.c,cppcheck,True,success,True,0,9,4,information,missingIncludeSystem,Include file: <string.h> not found. Please note: Cppcheck does not need standard library headers to get proper results.,/home/yichen/Desktop/Gemini_Baseline_Code02/F016.c|4|information|missingIncludeSystem|Include file: <string.h> not found. Please note: Cppcheck does not need standard library headers to get proper results.,/home/yichen/Desktop/Gemini_Baseline_Results02/logs/F016_cppcheck.log
/home/yichen/Desktop/Gemini_Baseline_Code02/F016.c,cppcheck,True,success,True,0,9,47,error,memleakOnRealloc,Common realloc mistake: 'contacts' nulled but not freed upon failure,/home/yichen/Desktop/Gemini_Baseline_Code02/F016.c|47|error|memleakOnRealloc|Common realloc mistake: 'contacts' nulled but not freed upon failure,/home/yichen/Desktop/Gemini_Baseline_Results02/logs/F016_cppcheck.log
/home/yichen/Desktop/Gemini_Baseline_Code02/F016.c,cppcheck,True,success,True,0,9,83,error,memleakOnRealloc,Common realloc mistake: 'contacts' nulled but not freed upon failure,/home/yichen/Desktop/Gemini_Baseline_Code02/F016.c|83|error|memleakOnRealloc|Common realloc mistake: 'contacts' nulled but not freed upon failure,/home/yichen/Desktop/Gemini_Baseline_Results02/logs/F016_cppcheck.log
/home/yichen/Desktop/Gemini_Baseline_Code02/F016.c,cppcheck,True,success,True,0,9,102,error,memleakOnRealloc,Common realloc mistake: 'contacts' nulled but not freed upon failure,/home/yichen/Desktop/Gemini_Baseline_Code02/F016.c|102|error|memleakOnRealloc|Common realloc mistake: 'contacts' nulled but not freed upon failure,/home/yichen/Desktop/Gemini_Baseline_Results02/logs/F016_cppcheck.log
/home/yichen/Desktop/Gemini_Baseline_Code02/F016.c,cppcheck,True,success,True,0,9,91,style,constVariablePointer,Variable 'name' can be declared as pointer to const,/home/yichen/Desktop/Gemini_Baseline_Code02/F016.c|91|style|constVariablePointer|Variable 'name' can be declared as pointer to const,/home/yichen/Desktop/Gemini_Baseline_Results02/logs/F016_cppcheck.log
/home/yichen/Desktop/Gemini_Baseline_Code02/F016.c,cppcheck,True,success,True,0,9,107,style,constVariablePointer,Variable 'name' can be declared as pointer to const,/home/yichen/Desktop/Gemini_Baseline_Code02/F016.c|107|style|constVariablePointer|Variable 'name' can be declared as pointer to const,/home/yichen/Desktop/Gemini_Baseline_Results02/logs/F016_cppcheck.log
nofile,cppcheck,True,success,True,0,9,0,information,checkersReport,Active checkers: 113/592 (use --checkers-report=<filename> to see details),nofile|0|information|checkersReport|Active checkers: 113/592 (use --checkers-report=<filename> to see details),/home/yichen/Desktop/Gemini_Baseline_Results02/logs/F016_cppcheck.log
/home/yichen/Desktop/Gemini_Baseline_Code02/F017.c,cppcheck,True,success,True,0,11,2,information,missingIncludeSystem,Include file: <stdio.h> not found. Please note: Cppcheck does not need standard library headers to get proper results.,/home/yichen/Desktop/Gemini_Baseline_Code02/F017.c|2|information|missingIncludeSystem|Include file: <stdio.h> not found. Please note: Cppcheck does not need standard library headers to get proper results.,/home/yichen/Desktop/Gemini_Baseline_Results02/logs/F017_cppcheck.log
/home/yichen/Desktop/Gemini_Baseline_Code02/F017.c,cppcheck,True,success,True,0,11,3,information,missingIncludeSystem,Include file: <stdlib.h> not found. Please note: Cppcheck does not need standard library headers to get proper results.,/home/yichen/Desktop/Gemini_Baseline_Code02/F017.c|3|information|missingIncludeSystem|Include file: <stdlib.h> not found. Please note: Cppcheck does not need standard library headers to get proper results.,/home/yichen/Desktop/Gemini_Baseline_Results02/logs/F017_cppcheck.log
/home/yichen/Desktop/Gemini_Baseline_Code02/F017.c,cppcheck,True,success,True,0,11,4,information,missingIncludeSystem,Include file: <string.h> not found. Please note: Cppcheck does not need standard library headers to get proper results.,/home/yichen/Desktop/Gemini_Baseline_Code02/F017.c|4|information|missingIncludeSystem|Include file: <string.h> not found. Please note: Cppcheck does not need standard library headers to get proper results.,/home/yichen/Desktop/Gemini_Baseline_Results02/logs/F017_cppcheck.log
/home/yichen/Desktop/Gemini_Baseline_Code02/F017.c,cppcheck,True,success,True,0,11,43,error,memleakOnRealloc,Common realloc mistake: 'cfgs' nulled but not freed upon failure,/home/yichen/Desktop/Gemini_Baseline_Code02/F017.c|43|error|memleakOnRealloc|Common realloc mistake: 'cfgs' nulled but not freed upon failure,/home/yichen/Desktop/Gemini_Baseline_Results02/logs/F017_cppcheck.log
/home/yichen/Desktop/Gemini_Baseline_Code02/F017.c,cppcheck,True,success,True,0,11,86,error,memleakOnRealloc,Common realloc mistake: 'cfgs' nulled but not freed upon failure,/home/yichen/Desktop/Gemini_Baseline_Code02/F017.c|86|error|memleakOnRealloc|Common realloc mistake: 'cfgs' nulled but not freed upon failure,/home/yichen/Desktop/Gemini_Baseline_Results02/logs/F017_cppcheck.log
/home/yichen/Desktop/Gemini_Baseline_Code02/F017.c,cppcheck,True,success,True,0,11,103,error,memleakOnRealloc,Common realloc mistake: 'cfgs' nulled but not freed upon failure,/home/yichen/Desktop/Gemini_Baseline_Code02/F017.c|103|error|memleakOnRealloc|Common realloc mistake: 'cfgs' nulled but not freed upon failure,/home/yichen/Desktop/Gemini_Baseline_Results02/logs/F017_cppcheck.log
/home/yichen/Desktop/Gemini_Baseline_Code02/F017.c,cppcheck,True,success,True,0,11,74,style,constVariablePointer,Variable 'key' can be declared as pointer to const,/home/yichen/Desktop/Gemini_Baseline_Code02/F017.c|74|style|constVariablePointer|Variable 'key' can be declared as pointer to const,/home/yichen/Desktop/Gemini_Baseline_Results02/logs/F017_cppcheck.log
/home/yichen/Desktop/Gemini_Baseline_Code02/F017.c,cppcheck,True,success,True,0,11,75,style,constVariablePointer,Variable 'val' can be declared as pointer to const,/home/yichen/Desktop/Gemini_Baseline_Code02/F017.c|75|style|constVariablePointer|Variable 'val' can be declared as pointer to const,/home/yichen/Desktop/Gemini_Baseline_Results02/logs/F017_cppcheck.log
/home/yichen/Desktop/Gemini_Baseline_Code02/F017.c,cppcheck,True,success,True,0,11,93,style,constVariablePointer,Variable 'key' can be declared as pointer to const,/home/yichen/Desktop/Gemini_Baseline_Code02/F017.c|93|style|constVariablePointer|Variable 'key' can be declared as pointer to const,/home/yichen/Desktop/Gemini_Baseline_Results02/logs/F017_cppcheck.log
/home/yichen/Desktop/Gemini_Baseline_Code02/F017.c,cppcheck,True,success,True,0,11,108,style,constVariablePointer,Variable 'key' can be declared as pointer to const,/home/yichen/Desktop/Gemini_Baseline_Code02/F017.c|108|style|constVariablePointer|Variable 'key' can be declared as pointer to const,/home/yichen/Desktop/Gemini_Baseline_Results02/logs/F017_cppcheck.log
nofile,cppcheck,True,success,True,0,11,0,information,checkersReport,Active checkers: 113/592 (use --checkers-report=<filename> to see details),nofile|0|information|checkersReport|Active checkers: 113/592 (use --checkers-report=<filename> to see details),/home/yichen/Desktop/Gemini_Baseline_Results02/logs/F017_cppcheck.log
/home/yichen/Desktop/Gemini_Baseline_Code02/F018.c,cppcheck,True,success,True,0,10,2,information,missingIncludeSystem,Include file: <stdio.h> not found. Please note: Cppcheck does not need standard library headers to get proper results.,/home/yichen/Desktop/Gemini_Baseline_Code02/F018.c|2|information|missingIncludeSystem|Include file: <stdio.h> not found. Please note: Cppcheck does not need standard library headers to get proper results.,/home/yichen/Desktop/Gemini_Baseline_Results02/logs/F018_cppcheck.log
/home/yichen/Desktop/Gemini_Baseline_Code02/F018.c,cppcheck,True,success,True,0,10,3,information,missingIncludeSystem,Include file: <stdlib.h> not found. Please note: Cppcheck does not need standard library headers to get proper results.,/home/yichen/Desktop/Gemini_Baseline_Code02/F018.c|3|information|missingIncludeSystem|Include file: <stdlib.h> not found. Please note: Cppcheck does not need standard library headers to get proper results.,/home/yichen/Desktop/Gemini_Baseline_Results02/logs/F018_cppcheck.log
/home/yichen/Desktop/Gemini_Baseline_Code02/F018.c,cppcheck,True,success,True,0,10,4,information,missingIncludeSystem,Include file: <string.h> not found. Please note: Cppcheck does not need standard library headers to get proper results.,/home/yichen/Desktop/Gemini_Baseline_Code02/F018.c|4|information|missingIncludeSystem|Include file: <string.h> not found. Please note: Cppcheck does not need standard library headers to get proper results.,/home/yichen/Desktop/Gemini_Baseline_Results02/logs/F018_cppcheck.log
/home/yichen/Desktop/Gemini_Baseline_Code02/F018.c,cppcheck,True,success,True,0,10,55,error,memleakOnRealloc,Common realloc mistake: 'freqs' nulled but not freed upon failure,/home/yichen/Desktop/Gemini_Baseline_Code02/F018.c|55|error|memleakOnRealloc|Common realloc mistake: 'freqs' nulled but not freed upon failure,/home/yichen/Desktop/Gemini_Baseline_Results02/logs/F018_cppcheck.log
/home/yichen/Desktop/Gemini_Baseline_Code02/F018.c,cppcheck,True,success,True,0,10,98,error,memleakOnRealloc,Common realloc mistake: 'freqs' nulled but not freed upon failure,/home/yichen/Desktop/Gemini_Baseline_Code02/F018.c|98|error|memleakOnRealloc|Common realloc mistake: 'freqs' nulled but not freed upon failure,/home/yichen/Desktop/Gemini_Baseline_Results02/logs/F018_cppcheck.log
/home/yichen/Desktop/Gemini_Baseline_Code02/F018.c,cppcheck,True,success,True,0,10,112,error,memleakOnRealloc,Common realloc mistake: 'freqs' nulled but not freed upon failure,/home/yichen/Desktop/Gemini_Baseline_Code02/F018.c|112|error|memleakOnRealloc|Common realloc mistake: 'freqs' nulled but not freed upon failure,/home/yichen/Desktop/Gemini_Baseline_Results02/logs/F018_cppcheck.log
/home/yichen/Desktop/Gemini_Baseline_Code02/F018.c,cppcheck,True,success,True,0,10,32,style,constVariablePointer,Variable 'wa' can be declared as pointer to const,/home/yichen/Desktop/Gemini_Baseline_Code02/F018.c|32|style|constVariablePointer|Variable 'wa' can be declared as pointer to const,/home/yichen/Desktop/Gemini_Baseline_Results02/logs/F018_cppcheck.log
/home/yichen/Desktop/Gemini_Baseline_Code02/F018.c,cppcheck,True,success,True,0,10,33,style,constVariablePointer,Variable 'wb' can be declared as pointer to const,/home/yichen/Desktop/Gemini_Baseline_Code02/F018.c|33|style|constVariablePointer|Variable 'wb' can be declared as pointer to const,/home/yichen/Desktop/Gemini_Baseline_Results02/logs/F018_cppcheck.log
/home/yichen/Desktop/Gemini_Baseline_Code02/F018.c,cppcheck,True,success,True,0,10,87,style,constVariablePointer,Variable 'text' can be declared as pointer to const,/home/yichen/Desktop/Gemini_Baseline_Code02/F018.c|87|style|constVariablePointer|Variable 'text' can be declared as pointer to const,/home/yichen/Desktop/Gemini_Baseline_Results02/logs/F018_cppcheck.log
nofile,cppcheck,True,success,True,0,10,0,information,checkersReport,Active checkers: 113/592 (use --checkers-report=<filename> to see details),nofile|0|information|checkersReport|Active checkers: 113/592 (use --checkers-report=<filename> to see details),/home/yichen/Desktop/Gemini_Baseline_Results02/logs/F018_cppcheck.log
/home/yichen/Desktop/Gemini_Baseline_Code02/F019.c,cppcheck,True,success,True,0,12,2,information,missingIncludeSystem,Include file: <stdio.h> not found. Please note: Cppcheck does not need standard library headers to get proper results.,/home/yichen/Desktop/Gemini_Baseline_Code02/F019.c|2|information|missingIncludeSystem|Include file: <stdio.h> not found. Please note: Cppcheck does not need standard library headers to get proper results.,/home/yichen/Desktop/Gemini_Baseline_Results02/logs/F019_cppcheck.log
/home/yichen/Desktop/Gemini_Baseline_Code02/F019.c,cppcheck,True,success,True,0,12,3,information,missingIncludeSystem,Include file: <stdlib.h> not found. Please note: Cppcheck does not need standard library headers to get proper results.,/home/yichen/Desktop/Gemini_Baseline_Code02/F019.c|3|information|missingIncludeSystem|Include file: <stdlib.h> not found. Please note: Cppcheck does not need standard library headers to get proper results.,/home/yichen/Desktop/Gemini_Baseline_Results02/logs/F019_cppcheck.log
/home/yichen/Desktop/Gemini_Baseline_Code02/F019.c,cppcheck,True,success,True,0,12,4,information,missingIncludeSystem,Include file: <string.h> not found. Please note: Cppcheck does not need standard library headers to get proper results.,/home/yichen/Desktop/Gemini_Baseline_Code02/F019.c|4|information|missingIncludeSystem|Include file: <string.h> not found. Please note: Cppcheck does not need standard library headers to get proper results.,/home/yichen/Desktop/Gemini_Baseline_Results02/logs/F019_cppcheck.log
/home/yichen/Desktop/Gemini_Baseline_Code02/F019.c,cppcheck,True,success,True,0,12,49,error,memleakOnRealloc,Common realloc mistake: 'accounts' nulled but not freed upon failure,/home/yichen/Desktop/Gemini_Baseline_Code02/F019.c|49|error|memleakOnRealloc|Common realloc mistake: 'accounts' nulled but not freed upon failure,/home/yichen/Desktop/Gemini_Baseline_Results02/logs/F019_cppcheck.log
/home/yichen/Desktop/Gemini_Baseline_Code02/F019.c,cppcheck,True,success,True,0,12,96,error,memleakOnRealloc,Common realloc mistake: 'accounts' nulled but not freed upon failure,/home/yichen/Desktop/Gemini_Baseline_Code02/F019.c|96|error|memleakOnRealloc|Common realloc mistake: 'accounts' nulled but not freed upon failure,/home/yichen/Desktop/Gemini_Baseline_Results02/logs/F019_cppcheck.log
/home/yichen/Desktop/Gemini_Baseline_Code02/F019.c,cppcheck,True,success,True,0,12,108,style,variableScope,The scope of the variable 'acc' can be reduced.,/home/yichen/Desktop/Gemini_Baseline_Code02/F019.c|108|style|variableScope|The scope of the variable 'acc' can be reduced.,/home/yichen/Desktop/Gemini_Baseline_Results02/logs/F019_cppcheck.log
/home/yichen/Desktop/Gemini_Baseline_Code02/F019.c,cppcheck,True,success,True,0,12,79,style,constVariablePointer,Variable 'acc' can be declared as pointer to const,/home/yichen/Desktop/Gemini_Baseline_Code02/F019.c|79|style|constVariablePointer|Variable 'acc' can be declared as pointer to const,/home/yichen/Desktop/Gemini_Baseline_Results02/logs/F019_cppcheck.log
/home/yichen/Desktop/Gemini_Baseline_Code02/F019.c,cppcheck,True,success,True,0,12,80,style,constVariablePointer,Variable 'amt_str' can be declared as pointer to const,/home/yichen/Desktop/Gemini_Baseline_Code02/F019.c|80|style|constVariablePointer|Variable 'amt_str' can be declared as pointer to const,/home/yichen/Desktop/Gemini_Baseline_Results02/logs/F019_cppcheck.log
/home/yichen/Desktop/Gemini_Baseline_Code02/F019.c,cppcheck,True,success,True,0,12,108,style,constVariablePointer,Variable 'acc' can be declared as pointer to const,/home/yichen/Desktop/Gemini_Baseline_Code02/F019.c|108|style|constVariablePointer|Variable 'acc' can be declared as pointer to const,/home/yichen/Desktop/Gemini_Baseline_Results02/logs/F019_cppcheck.log
/home/yichen/Desktop/Gemini_Baseline_Code02/F019.c,cppcheck,True,success,True,0,12,109,style,constVariablePointer,Variable 'amt_str' can be declared as pointer to const,/home/yichen/Desktop/Gemini_Baseline_Code02/F019.c|109|style|constVariablePointer|Variable 'amt_str' can be declared as pointer to const,/home/yichen/Desktop/Gemini_Baseline_Results02/logs/F019_cppcheck.log
/home/yichen/Desktop/Gemini_Baseline_Code02/F019.c,cppcheck,True,success,True,0,12,122,style,constVariablePointer,Variable 'acc' can be declared as pointer to const,/home/yichen/Desktop/Gemini_Baseline_Code02/F019.c|122|style|constVariablePointer|Variable 'acc' can be declared as pointer to const,/home/yichen/Desktop/Gemini_Baseline_Results02/logs/F019_cppcheck.log
nofile,cppcheck,True,success,True,0,12,0,information,checkersReport,Active checkers: 113/592 (use --checkers-report=<filename> to see details),nofile|0|information|checkersReport|Active checkers: 113/592 (use --checkers-report=<filename> to see details),/home/yichen/Desktop/Gemini_Baseline_Results02/logs/F019_cppcheck.log
/home/yichen/Desktop/Gemini_Baseline_Code02/F020.c,cppcheck,True,success,True,0,8,2,information,missingIncludeSystem,Include file: <stdio.h> not found. Please note: Cppcheck does not need standard library headers to get proper results.,/home/yichen/Desktop/Gemini_Baseline_Code02/F020.c|2|information|missingIncludeSystem|Include file: <stdio.h> not found. Please note: Cppcheck does not need standard library headers to get proper results.,/home/yichen/Desktop/Gemini_Baseline_Results02/logs/F020_cppcheck.log
/home/yichen/Desktop/Gemini_Baseline_Code02/F020.c,cppcheck,True,success,True,0,8,3,information,missingIncludeSystem,Include file: <stdlib.h> not found. Please note: Cppcheck does not need standard library headers to get proper results.,/home/yichen/Desktop/Gemini_Baseline_Code02/F020.c|3|information|missingIncludeSystem|Include file: <stdlib.h> not found. Please note: Cppcheck does not need standard library headers to get proper results.,/home/yichen/Desktop/Gemini_Baseline_Results02/logs/F020_cppcheck.log
/home/yichen/Desktop/Gemini_Baseline_Code02/F020.c,cppcheck,True,success,True,0,8,4,information,missingIncludeSystem,Include file: <string.h> not found. Please note: Cppcheck does not need standard library headers to get proper results.,/home/yichen/Desktop/Gemini_Baseline_Code02/F020.c|4|information|missingIncludeSystem|Include file: <string.h> not found. Please note: Cppcheck does not need standard library headers to get proper results.,/home/yichen/Desktop/Gemini_Baseline_Results02/logs/F020_cppcheck.log
/home/yichen/Desktop/Gemini_Baseline_Code02/F020.c,cppcheck,True,success,True,0,8,48,error,memleakOnRealloc,Common realloc mistake: 'catalog' nulled but not freed upon failure,/home/yichen/Desktop/Gemini_Baseline_Code02/F020.c|48|error|memleakOnRealloc|Common realloc mistake: 'catalog' nulled but not freed upon failure,/home/yichen/Desktop/Gemini_Baseline_Results02/logs/F020_cppcheck.log
/home/yichen/Desktop/Gemini_Baseline_Code02/F020.c,cppcheck,True,success,True,0,8,106,error,memleakOnRealloc,Common realloc mistake: 'catalog' nulled but not freed upon failure,/home/yichen/Desktop/Gemini_Baseline_Code02/F020.c|106|error|memleakOnRealloc|Common realloc mistake: 'catalog' nulled but not freed upon failure,/home/yichen/Desktop/Gemini_Baseline_Results02/logs/F020_cppcheck.log
/home/yichen/Desktop/Gemini_Baseline_Code02/F020.c,cppcheck,True,success,True,0,8,111,error,memleakOnRealloc,Common realloc mistake: 'catalog' nulled but not freed upon failure,/home/yichen/Desktop/Gemini_Baseline_Code02/F020.c|111|error|memleakOnRealloc|Common realloc mistake: 'catalog' nulled but not freed upon failure,/home/yichen/Desktop/Gemini_Baseline_Results02/logs/F020_cppcheck.log
/home/yichen/Desktop/Gemini_Baseline_Code02/F020.c,cppcheck,True,success,True,0,8,85,style,constVariablePointer,Variable 'title' can be declared as pointer to const,/home/yichen/Desktop/Gemini_Baseline_Code02/F020.c|85|style|constVariablePointer|Variable 'title' can be declared as pointer to const,/home/yichen/Desktop/Gemini_Baseline_Results02/logs/F020_cppcheck.log
nofile,cppcheck,True,success,True,0,8,0,information,checkersReport,Active checkers: 113/592 (use --checkers-report=<filename> to see details),nofile|0|information|checkersReport|Active checkers: 113/592 (use --checkers-report=<filename> to see details),/home/yichen/Desktop/Gemini_Baseline_Results02/logs/F020_cppcheck.log
/home/yichen/Desktop/Gemini_Baseline_Code02/F021.c,cppcheck,True,success,True,0,12,2,information,missingIncludeSystem,Include file: <stdio.h> not found. Please note: Cppcheck does not need standard library headers to get proper results.,/home/yichen/Desktop/Gemini_Baseline_Code02/F021.c|2|information|missingIncludeSystem|Include file: <stdio.h> not found. Please note: Cppcheck does not need standard library headers to get proper results.,/home/yichen/Desktop/Gemini_Baseline_Results02/logs/F021_cppcheck.log
/home/yichen/Desktop/Gemini_Baseline_Code02/F021.c,cppcheck,True,success,True,0,12,3,information,missingIncludeSystem,Include file: <stdlib.h> not found. Please note: Cppcheck does not need standard library headers to get proper results.,/home/yichen/Desktop/Gemini_Baseline_Code02/F021.c|3|information|missingIncludeSystem|Include file: <stdlib.h> not found. Please note: Cppcheck does not need standard library headers to get proper results.,/home/yichen/Desktop/Gemini_Baseline_Results02/logs/F021_cppcheck.log
/home/yichen/Desktop/Gemini_Baseline_Code02/F021.c,cppcheck,True,success,True,0,12,4,information,missingIncludeSystem,Include file: <string.h> not found. Please note: Cppcheck does not need standard library headers to get proper results.,/home/yichen/Desktop/Gemini_Baseline_Code02/F021.c|4|information|missingIncludeSystem|Include file: <string.h> not found. Please note: Cppcheck does not need standard library headers to get proper results.,/home/yichen/Desktop/Gemini_Baseline_Results02/logs/F021_cppcheck.log
/home/yichen/Desktop/Gemini_Baseline_Code02/F021.c,cppcheck,True,success,True,0,12,58,error,memleakOnRealloc,Common realloc mistake: 'recipes' nulled but not freed upon failure,/home/yichen/Desktop/Gemini_Baseline_Code02/F021.c|58|error|memleakOnRealloc|Common realloc mistake: 'recipes' nulled but not freed upon failure,/home/yichen/Desktop/Gemini_Baseline_Results02/logs/F021_cppcheck.log
/home/yichen/Desktop/Gemini_Baseline_Code02/F021.c,cppcheck,True,success,True,0,12,128,error,memleakOnRealloc,Common realloc mistake: 'recipes' nulled but not freed upon failure,/home/yichen/Desktop/Gemini_Baseline_Code02/F021.c|128|error|memleakOnRealloc|Common realloc mistake: 'recipes' nulled but not freed upon failure,/home/yichen/Desktop/Gemini_Baseline_Results02/logs/F021_cppcheck.log
/home/yichen/Desktop/Gemini_Baseline_Code02/F021.c,cppcheck,True,success,True,0,12,67,style,variableScope,The scope of the variable 'rname' can be reduced.,/home/yichen/Desktop/Gemini_Baseline_Code02/F021.c|67|style|variableScope|The scope of the variable 'rname' can be reduced.,/home/yichen/Desktop/Gemini_Baseline_Results02/logs/F021_cppcheck.log
/home/yichen/Desktop/Gemini_Baseline_Code02/F021.c,cppcheck,True,success,True,0,12,67,style,constVariablePointer,Variable 'rname' can be declared as pointer to const,/home/yichen/Desktop/Gemini_Baseline_Code02/F021.c|67|style|constVariablePointer|Variable 'rname' can be declared as pointer to const,/home/yichen/Desktop/Gemini_Baseline_Results02/logs/F021_cppcheck.log
/home/yichen/Desktop/Gemini_Baseline_Code02/F021.c,cppcheck,True,success,True,0,12,68,style,constVariablePointer,Variable 'ing_name' can be declared as pointer to const,/home/yichen/Desktop/Gemini_Baseline_Code02/F021.c|68|style|constVariablePointer|Variable 'ing_name' can be declared as pointer to const,/home/yichen/Desktop/Gemini_Baseline_Results02/logs/F021_cppcheck.log
/home/yichen/Desktop/Gemini_Baseline_Code02/F021.c,cppcheck,True,success,True,0,12,72,style,constVariablePointer,Variable 'note' can be declared as pointer to const,/home/yichen/Desktop/Gemini_Baseline_Code02/F021.c|72|style|constVariablePointer|Variable 'note' can be declared as pointer to const,/home/yichen/Desktop/Gemini_Baseline_Results02/logs/F021_cppcheck.log
/home/yichen/Desktop/Gemini_Baseline_Code02/F021.c,cppcheck,True,success,True,0,12,89,style,constVariablePointer,Variable 'rname' can be declared as pointer to const,/home/yichen/Desktop/Gemini_Baseline_Code02/F021.c|89|style|constVariablePointer|Variable 'rname' can be declared as pointer to const,/home/yichen/Desktop/Gemini_Baseline_Results02/logs/F021_cppcheck.log
/home/yichen/Desktop/Gemini_Baseline_Code02/F021.c,cppcheck,True,success,True,0,12,90,style,constVariablePointer,Variable 'ing_name' can be declared as pointer to const,/home/yichen/Desktop/Gemini_Baseline_Code02/F021.c|90|style|constVariablePointer|Variable 'ing_name' can be declared as pointer to const,/home/yichen/Desktop/Gemini_Baseline_Results02/logs/F021_cppcheck.log
nofile,cppcheck,True,success,True,0,12,0,information,checkersReport,Active checkers: 113/592 (use --checkers-report=<filename> to see details),nofile|0|information|checkersReport|Active checkers: 113/592 (use --checkers-report=<filename> to see details),/home/yichen/Desktop/Gemini_Baseline_Results02/logs/F021_cppcheck.log
/home/yichen/Desktop/Gemini_Baseline_Code02/F022.c,cppcheck,True,success,True,0,15,2,information,missingIncludeSystem,Include file: <stdio.h> not found. Please note: Cppcheck does not need standard library headers to get proper results.,/home/yichen/Desktop/Gemini_Baseline_Code02/F022.c|2|information|missingIncludeSystem|Include file: <stdio.h> not found. Please note: Cppcheck does not need standard library headers to get proper results.,/home/yichen/Desktop/Gemini_Baseline_Results02/logs/F022_cppcheck.log
/home/yichen/Desktop/Gemini_Baseline_Code02/F022.c,cppcheck,True,success,True,0,15,3,information,missingIncludeSystem,Include file: <stdlib.h> not found. Please note: Cppcheck does not need standard library headers to get proper results.,/home/yichen/Desktop/Gemini_Baseline_Code02/F022.c|3|information|missingIncludeSystem|Include file: <stdlib.h> not found. Please note: Cppcheck does not need standard library headers to get proper results.,/home/yichen/Desktop/Gemini_Baseline_Results02/logs/F022_cppcheck.log
/home/yichen/Desktop/Gemini_Baseline_Code02/F022.c,cppcheck,True,success,True,0,15,4,information,missingIncludeSystem,Include file: <string.h> not found. Please note: Cppcheck does not need standard library headers to get proper results.,/home/yichen/Desktop/Gemini_Baseline_Code02/F022.c|4|information|missingIncludeSystem|Include file: <string.h> not found. Please note: Cppcheck does not need standard library headers to get proper results.,/home/yichen/Desktop/Gemini_Baseline_Results02/logs/F022_cppcheck.log
/home/yichen/Desktop/Gemini_Baseline_Code02/F022.c,cppcheck,True,success,True,0,15,62,error,memleakOnRealloc,Common realloc mistake: 'projects' nulled but not freed upon failure,/home/yichen/Desktop/Gemini_Baseline_Code02/F022.c|62|error|memleakOnRealloc|Common realloc mistake: 'projects' nulled but not freed upon failure,/home/yichen/Desktop/Gemini_Baseline_Results02/logs/F022_cppcheck.log
/home/yichen/Desktop/Gemini_Baseline_Code02/F022.c,cppcheck,True,success,True,0,15,160,error,memleakOnRealloc,Common realloc mistake: 'projects' nulled but not freed upon failure,/home/yichen/Desktop/Gemini_Baseline_Code02/F022.c|160|error|memleakOnRealloc|Common realloc mistake: 'projects' nulled but not freed upon failure,/home/yichen/Desktop/Gemini_Baseline_Results02/logs/F022_cppcheck.log
/home/yichen/Desktop/Gemini_Baseline_Code02/F022.c,cppcheck,True,success,True,0,15,71,style,variableScope,The scope of the variable 'proj' can be reduced.,/home/yichen/Desktop/Gemini_Baseline_Code02/F022.c|71|style|variableScope|The scope of the variable 'proj' can be reduced.,/home/yichen/Desktop/Gemini_Baseline_Results02/logs/F022_cppcheck.log
/home/yichen/Desktop/Gemini_Baseline_Code02/F022.c,cppcheck,True,success,True,0,15,71,style,constVariablePointer,Variable 'proj' can be declared as pointer to const,/home/yichen/Desktop/Gemini_Baseline_Code02/F022.c|71|style|constVariablePointer|Variable 'proj' can be declared as pointer to const,/home/yichen/Desktop/Gemini_Baseline_Results02/logs/F022_cppcheck.log
/home/yichen/Desktop/Gemini_Baseline_Code02/F022.c,cppcheck,True,success,True,0,15,72,style,constVariablePointer,Variable 'title' can be declared as pointer to const,/home/yichen/Desktop/Gemini_Baseline_Code02/F022.c|72|style|constVariablePointer|Variable 'title' can be declared as pointer to const,/home/yichen/Desktop/Gemini_Baseline_Results02/logs/F022_cppcheck.log
/home/yichen/Desktop/Gemini_Baseline_Code02/F022.c,cppcheck,True,success,True,0,15,76,style,constVariablePointer,Variable 'note' can be declared as pointer to const,/home/yichen/Desktop/Gemini_Baseline_Code02/F022.c|76|style|constVariablePointer|Variable 'note' can be declared as pointer to const,/home/yichen/Desktop/Gemini_Baseline_Results02/logs/F022_cppcheck.log
/home/yichen/Desktop/Gemini_Baseline_Code02/F022.c,cppcheck,True,success,True,0,15,91,style,constVariablePointer,Variable 'fromProj' can be declared as pointer to const,/home/yichen/Desktop/Gemini_Baseline_Code02/F022.c|91|style|constVariablePointer|Variable 'fromProj' can be declared as pointer to const,/home/yichen/Desktop/Gemini_Baseline_Results02/logs/F022_cppcheck.log
/home/yichen/Desktop/Gemini_Baseline_Code02/F022.c,cppcheck,True,success,True,0,15,95,style,constVariablePointer,Variable 'toProj' can be declared as pointer to const,/home/yichen/Desktop/Gemini_Baseline_Code02/F022.c|95|style|constVariablePointer|Variable 'toProj' can be declared as pointer to const,/home/yichen/Desktop/Gemini_Baseline_Results02/logs/F022_cppcheck.log
/home/yichen/Desktop/Gemini_Baseline_Code02/F022.c,cppcheck,True,success,True,0,15,99,style,constVariablePointer,Variable 'title' can be declared as pointer to const,/home/yichen/Desktop/Gemini_Baseline_Code02/F022.c|99|style|constVariablePointer|Variable 'title' can be declared as pointer to const,/home/yichen/Desktop/Gemini_Baseline_Results02/logs/F022_cppcheck.log
/home/yichen/Desktop/Gemini_Baseline_Code02/F022.c,cppcheck,True,success,True,0,15,132,style,constVariablePointer,Variable 'proj' can be declared as pointer to const,/home/yichen/Desktop/Gemini_Baseline_Code02/F022.c|132|style|constVariablePointer|Variable 'proj' can be declared as pointer to const,/home/yichen/Desktop/Gemini_Baseline_Results02/logs/F022_cppcheck.log
/home/yichen/Desktop/Gemini_Baseline_Code02/F022.c,cppcheck,True,success,True,0,15,133,style,constVariablePointer,Variable 'title' can be declared as pointer to const,/home/yichen/Desktop/Gemini_Baseline_Code02/F022.c|133|style|constVariablePointer|Variable 'title' can be declared as pointer to const,/home/yichen/Desktop/Gemini_Baseline_Results02/logs/F022_cppcheck.log
nofile,cppcheck,True,success,True,0,15,0,information,checkersReport,Active checkers: 113/592 (use --checkers-report=<filename> to see details),nofile|0|information|checkersReport|Active checkers: 113/592 (use --checkers-report=<filename> to see details),/home/yichen/Desktop/Gemini_Baseline_Results02/logs/F022_cppcheck.log
/home/yichen/Desktop/Gemini_Baseline_Code02/F023.c,cppcheck,True,success,True,0,13,2,information,missingIncludeSystem,Include file: <stdio.h> not found. Please note: Cppcheck does not need standard library headers to get proper results.,/home/yichen/Desktop/Gemini_Baseline_Code02/F023.c|2|information|missingIncludeSystem|Include file: <stdio.h> not found. Please note: Cppcheck does not need standard library headers to get proper results.,/home/yichen/Desktop/Gemini_Baseline_Results02/logs/F023_cppcheck.log
/home/yichen/Desktop/Gemini_Baseline_Code02/F023.c,cppcheck,True,success,True,0,13,3,information,missingIncludeSystem,Include file: <stdlib.h> not found. Please note: Cppcheck does not need standard library headers to get proper results.,/home/yichen/Desktop/Gemini_Baseline_Code02/F023.c|3|information|missingIncludeSystem|Include file: <stdlib.h> not found. Please note: Cppcheck does not need standard library headers to get proper results.,/home/yichen/Desktop/Gemini_Baseline_Results02/logs/F023_cppcheck.log
/home/yichen/Desktop/Gemini_Baseline_Code02/F023.c,cppcheck,True,success,True,0,13,4,information,missingIncludeSystem,Include file: <string.h> not found. Please note: Cppcheck does not need standard library headers to get proper results.,/home/yichen/Desktop/Gemini_Baseline_Code02/F023.c|4|information|missingIncludeSystem|Include file: <string.h> not found. Please note: Cppcheck does not need standard library headers to get proper results.,/home/yichen/Desktop/Gemini_Baseline_Results02/logs/F023_cppcheck.log
/home/yichen/Desktop/Gemini_Baseline_Code02/F023.c,cppcheck,True,success,True,0,13,71,error,memleakOnRealloc,Common realloc mistake: 'mails' nulled but not freed upon failure,/home/yichen/Desktop/Gemini_Baseline_Code02/F023.c|71|error|memleakOnRealloc|Common realloc mistake: 'mails' nulled but not freed upon failure,/home/yichen/Desktop/Gemini_Baseline_Results02/logs/F023_cppcheck.log
/home/yichen/Desktop/Gemini_Baseline_Code02/F023.c,cppcheck,True,success,True,0,13,137,error,memleakOnRealloc,Common realloc mistake: 'mails' nulled but not freed upon failure,/home/yichen/Desktop/Gemini_Baseline_Code02/F023.c|137|error|memleakOnRealloc|Common realloc mistake: 'mails' nulled but not freed upon failure,/home/yichen/Desktop/Gemini_Baseline_Results02/logs/F023_cppcheck.log
/home/yichen/Desktop/Gemini_Baseline_Code02/F023.c,cppcheck,True,success,True,0,13,62,style,constVariablePointer,Variable 'sender' can be declared as pointer to const,/home/yichen/Desktop/Gemini_Baseline_Code02/F023.c|62|style|constVariablePointer|Variable 'sender' can be declared as pointer to const,/home/yichen/Desktop/Gemini_Baseline_Results02/logs/F023_cppcheck.log
/home/yichen/Desktop/Gemini_Baseline_Code02/F023.c,cppcheck,True,success,True,0,13,66,style,constVariablePointer,Variable 'subject' can be declared as pointer to const,/home/yichen/Desktop/Gemini_Baseline_Code02/F023.c|66|style|constVariablePointer|Variable 'subject' can be declared as pointer to const,/home/yichen/Desktop/Gemini_Baseline_Results02/logs/F023_cppcheck.log
/home/yichen/Desktop/Gemini_Baseline_Code02/F023.c,cppcheck,True,success,True,0,13,70,style,constVariablePointer,Variable 'body' can be declared as pointer to const,/home/yichen/Desktop/Gemini_Baseline_Code02/F023.c|70|style|constVariablePointer|Variable 'body' can be declared as pointer to const,/home/yichen/Desktop/Gemini_Baseline_Results02/logs/F023_cppcheck.log
/home/yichen/Desktop/Gemini_Baseline_Code02/F023.c,cppcheck,True,success,True,0,13,81,style,constVariablePointer,Variable 'subject' can be declared as pointer to const,/home/yichen/Desktop/Gemini_Baseline_Code02/F023.c|81|style|constVariablePointer|Variable 'subject' can be declared as pointer to const,/home/yichen/Desktop/Gemini_Baseline_Results02/logs/F023_cppcheck.log
/home/yichen/Desktop/Gemini_Baseline_Code02/F023.c,cppcheck,True,success,True,0,13,85,style,constVariablePointer,Variable 'tag' can be declared as pointer to const,/home/yichen/Desktop/Gemini_Baseline_Code02/F023.c|85|style|constVariablePointer|Variable 'tag' can be declared as pointer to const,/home/yichen/Desktop/Gemini_Baseline_Results02/logs/F023_cppcheck.log
/home/yichen/Desktop/Gemini_Baseline_Code02/F023.c,cppcheck,True,success,True,0,13,97,style,constVariablePointer,Variable 'subject' can be declared as pointer to const,/home/yichen/Desktop/Gemini_Baseline_Code02/F023.c|97|style|constVariablePointer|Variable 'subject' can be declared as pointer to const,/home/yichen/Desktop/Gemini_Baseline_Results02/logs/F023_cppcheck.log
/home/yichen/Desktop/Gemini_Baseline_Code02/F023.c,cppcheck,True,success,True,0,13,101,style,constVariablePointer,Variable 'tag' can be declared as pointer to const,/home/yichen/Desktop/Gemini_Baseline_Code02/F023.c|101|style|constVariablePointer|Variable 'tag' can be declared as pointer to const,/home/yichen/Desktop/Gemini_Baseline_Results02/logs/F023_cppcheck.log
nofile,cppcheck,True,success,True,0,13,0,information,checkersReport,Active checkers: 113/592 (use --checkers-report=<filename> to see details),nofile|0|information|checkersReport|Active checkers: 113/592 (use --checkers-report=<filename> to see details),/home/yichen/Desktop/Gemini_Baseline_Results02/logs/F023_cppcheck.log
/home/yichen/Desktop/Gemini_Baseline_Code02/F024.c,cppcheck,True,success,True,0,11,2,information,missingIncludeSystem,Include file: <stdio.h> not found. Please note: Cppcheck does not need standard library headers to get proper results.,/home/yichen/Desktop/Gemini_Baseline_Code02/F024.c|2|information|missingIncludeSystem|Include file: <stdio.h> not found. Please note: Cppcheck does not need standard library headers to get proper results.,/home/yichen/Desktop/Gemini_Baseline_Results02/logs/F024_cppcheck.log
/home/yichen/Desktop/Gemini_Baseline_Code02/F024.c,cppcheck,True,success,True,0,11,3,information,missingIncludeSystem,Include file: <stdlib.h> not found. Please note: Cppcheck does not need standard library headers to get proper results.,/home/yichen/Desktop/Gemini_Baseline_Code02/F024.c|3|information|missingIncludeSystem|Include file: <stdlib.h> not found. Please note: Cppcheck does not need standard library headers to get proper results.,/home/yichen/Desktop/Gemini_Baseline_Results02/logs/F024_cppcheck.log
/home/yichen/Desktop/Gemini_Baseline_Code02/F024.c,cppcheck,True,success,True,0,11,4,information,missingIncludeSystem,Include file: <string.h> not found. Please note: Cppcheck does not need standard library headers to get proper results.,/home/yichen/Desktop/Gemini_Baseline_Code02/F024.c|4|information|missingIncludeSystem|Include file: <string.h> not found. Please note: Cppcheck does not need standard library headers to get proper results.,/home/yichen/Desktop/Gemini_Baseline_Results02/logs/F024_cppcheck.log
/home/yichen/Desktop/Gemini_Baseline_Code02/F024.c,cppcheck,True,success,True,0,11,59,error,memleakOnRealloc,Common realloc mistake: 'books' nulled but not freed upon failure,/home/yichen/Desktop/Gemini_Baseline_Code02/F024.c|59|error|memleakOnRealloc|Common realloc mistake: 'books' nulled but not freed upon failure,/home/yichen/Desktop/Gemini_Baseline_Results02/logs/F024_cppcheck.log
/home/yichen/Desktop/Gemini_Baseline_Code02/F024.c,cppcheck,True,success,True,0,11,121,error,memleakOnRealloc,Common realloc mistake: 'books' nulled but not freed upon failure,/home/yichen/Desktop/Gemini_Baseline_Code02/F024.c|121|error|memleakOnRealloc|Common realloc mistake: 'books' nulled but not freed upon failure,/home/yichen/Desktop/Gemini_Baseline_Results02/logs/F024_cppcheck.log
/home/yichen/Desktop/Gemini_Baseline_Code02/F024.c,cppcheck,True,success,True,0,11,54,style,constVariablePointer,Variable 'title' can be declared as pointer to const,/home/yichen/Desktop/Gemini_Baseline_Code02/F024.c|54|style|constVariablePointer|Variable 'title' can be declared as pointer to const,/home/yichen/Desktop/Gemini_Baseline_Results02/logs/F024_cppcheck.log
/home/yichen/Desktop/Gemini_Baseline_Code02/F024.c,cppcheck,True,success,True,0,11,67,style,constVariablePointer,Variable 'title' can be declared as pointer to const,/home/yichen/Desktop/Gemini_Baseline_Code02/F024.c|67|style|constVariablePointer|Variable 'title' can be declared as pointer to const,/home/yichen/Desktop/Gemini_Baseline_Results02/logs/F024_cppcheck.log
/home/yichen/Desktop/Gemini_Baseline_Code02/F024.c,cppcheck,True,success,True,0,11,71,style,constVariablePointer,Variable 'name' can be declared as pointer to const,/home/yichen/Desktop/Gemini_Baseline_Code02/F024.c|71|style|constVariablePointer|Variable 'name' can be declared as pointer to const,/home/yichen/Desktop/Gemini_Baseline_Results02/logs/F024_cppcheck.log
/home/yichen/Desktop/Gemini_Baseline_Code02/F024.c,cppcheck,True,success,True,0,11,83,style,constVariablePointer,Variable 'title' can be declared as pointer to const,/home/yichen/Desktop/Gemini_Baseline_Code02/F024.c|83|style|constVariablePointer|Variable 'title' can be declared as pointer to const,/home/yichen/Desktop/Gemini_Baseline_Results02/logs/F024_cppcheck.log
/home/yichen/Desktop/Gemini_Baseline_Code02/F024.c,cppcheck,True,success,True,0,11,87,style,constVariablePointer,Variable 'name' can be declared as pointer to const,/home/yichen/Desktop/Gemini_Baseline_Code02/F024.c|87|style|constVariablePointer|Variable 'name' can be declared as pointer to const,/home/yichen/Desktop/Gemini_Baseline_Results02/logs/F024_cppcheck.log
nofile,cppcheck,True,success,True,0,11,0,information,checkersReport,Active checkers: 113/592 (use --checkers-report=<filename> to see details),nofile|0|information|checkersReport|Active checkers: 113/592 (use --checkers-report=<filename> to see details),/home/yichen/Desktop/Gemini_Baseline_Results02/logs/F024_cppcheck.log
/home/yichen/Desktop/Gemini_Baseline_Code02/F025.c,cppcheck,True,success,True,0,14,2,information,missingIncludeSystem,Include file: <stdio.h> not found. Please note: Cppcheck does not need standard library headers to get proper results.,/home/yichen/Desktop/Gemini_Baseline_Code02/F025.c|2|information|missingIncludeSystem|Include file: <stdio.h> not found. Please note: Cppcheck does not need standard library headers to get proper results.,/home/yichen/Desktop/Gemini_Baseline_Results02/logs/F025_cppcheck.log
/home/yichen/Desktop/Gemini_Baseline_Code02/F025.c,cppcheck,True,success,True,0,14,3,information,missingIncludeSystem,Include file: <stdlib.h> not found. Please note: Cppcheck does not need standard library headers to get proper results.,/home/yichen/Desktop/Gemini_Baseline_Code02/F025.c|3|information|missingIncludeSystem|Include file: <stdlib.h> not found. Please note: Cppcheck does not need standard library headers to get proper results.,/home/yichen/Desktop/Gemini_Baseline_Results02/logs/F025_cppcheck.log
/home/yichen/Desktop/Gemini_Baseline_Code02/F025.c,cppcheck,True,success,True,0,14,4,information,missingIncludeSystem,Include file: <string.h> not found. Please note: Cppcheck does not need standard library headers to get proper results.,/home/yichen/Desktop/Gemini_Baseline_Code02/F025.c|4|information|missingIncludeSystem|Include file: <string.h> not found. Please note: Cppcheck does not need standard library headers to get proper results.,/home/yichen/Desktop/Gemini_Baseline_Results02/logs/F025_cppcheck.log
/home/yichen/Desktop/Gemini_Baseline_Code02/F025.c,cppcheck,True,success,True,0,14,61,error,memleakOnRealloc,Common realloc mistake: 'classes' nulled but not freed upon failure,/home/yichen/Desktop/Gemini_Baseline_Code02/F025.c|61|error|memleakOnRealloc|Common realloc mistake: 'classes' nulled but not freed upon failure,/home/yichen/Desktop/Gemini_Baseline_Results02/logs/F025_cppcheck.log
/home/yichen/Desktop/Gemini_Baseline_Code02/F025.c,cppcheck,True,success,True,0,14,169,error,memleakOnRealloc,Common realloc mistake: 'classes' nulled but not freed upon failure,/home/yichen/Desktop/Gemini_Baseline_Code02/F025.c|169|error|memleakOnRealloc|Common realloc mistake: 'classes' nulled but not freed upon failure,/home/yichen/Desktop/Gemini_Baseline_Results02/logs/F025_cppcheck.log
/home/yichen/Desktop/Gemini_Baseline_Code02/F025.c,cppcheck,True,success,True,0,14,67,style,constVariablePointer,Variable 'cls' can be declared as pointer to const,/home/yichen/Desktop/Gemini_Baseline_Code02/F025.c|67|style|constVariablePointer|Variable 'cls' can be declared as pointer to const,/home/yichen/Desktop/Gemini_Baseline_Results02/logs/F025_cppcheck.log
/home/yichen/Desktop/Gemini_Baseline_Code02/F025.c,cppcheck,True,success,True,0,14,71,style,constVariablePointer,Variable 'student' can be declared as pointer to const,/home/yichen/Desktop/Gemini_Baseline_Code02/F025.c|71|style|constVariablePointer|Variable 'student' can be declared as pointer to const,/home/yichen/Desktop/Gemini_Baseline_Results02/logs/F025_cppcheck.log
/home/yichen/Desktop/Gemini_Baseline_Code02/F025.c,cppcheck,True,success,True,0,14,75,style,constVariablePointer,Variable 'note' can be declared as pointer to const,/home/yichen/Desktop/Gemini_Baseline_Code02/F025.c|75|style|constVariablePointer|Variable 'note' can be declared as pointer to const,/home/yichen/Desktop/Gemini_Baseline_Results02/logs/F025_cppcheck.log
/home/yichen/Desktop/Gemini_Baseline_Code02/F025.c,cppcheck,True,success,True,0,14,89,style,constVariablePointer,Variable 'fromClass' can be declared as pointer to const,/home/yichen/Desktop/Gemini_Baseline_Code02/F025.c|89|style|constVariablePointer|Variable 'fromClass' can be declared as pointer to const,/home/yichen/Desktop/Gemini_Baseline_Results02/logs/F025_cppcheck.log
/home/yichen/Desktop/Gemini_Baseline_Code02/F025.c,cppcheck,True,success,True,0,14,93,style,constVariablePointer,Variable 'toClass' can be declared as pointer to const,/home/yichen/Desktop/Gemini_Baseline_Code02/F025.c|93|style|constVariablePointer|Variable 'toClass' can be declared as pointer to const,/home/yichen/Desktop/Gemini_Baseline_Results02/logs/F025_cppcheck.log
/home/yichen/Desktop/Gemini_Baseline_Code02/F025.c,cppcheck,True,success,True,0,14,97,style,constVariablePointer,Variable 'student' can be declared as pointer to const,/home/yichen/Desktop/Gemini_Baseline_Code02/F025.c|97|style|constVariablePointer|Variable 'student' can be declared as pointer to const,/home/yichen/Desktop/Gemini_Baseline_Results02/logs/F025_cppcheck.log
/home/yichen/Desktop/Gemini_Baseline_Code02/F025.c,cppcheck,True,success,True,0,14,127,style,constVariablePointer,Variable 'cls' can be declared as pointer to const,/home/yichen/Desktop/Gemini_Baseline_Code02/F025.c|127|style|constVariablePointer|Variable 'cls' can be declared as pointer to const,/home/yichen/Desktop/Gemini_Baseline_Results02/logs/F025_cppcheck.log
/home/yichen/Desktop/Gemini_Baseline_Code02/F025.c,cppcheck,True,success,True,0,14,131,style,constVariablePointer,Variable 'student' can be declared as pointer to const,/home/yichen/Desktop/Gemini_Baseline_Code02/F025.c|131|style|constVariablePointer|Variable 'student' can be declared as pointer to const,/home/yichen/Desktop/Gemini_Baseline_Results02/logs/F025_cppcheck.log
nofile,cppcheck,True,success,True,0,14,0,information,checkersReport,Active checkers: 113/592 (use --checkers-report=<filename> to see details),nofile|0|information|checkersReport|Active checkers: 113/592 (use --checkers-report=<filename> to see details),/home/yichen/Desktop/Gemini_Baseline_Results02/logs/F025_cppcheck.log
/home/yichen/Desktop/Gemini_Baseline_Code02/F026.c,cppcheck,True,success,True,0,8,2,information,missingIncludeSystem,Include file: <stdio.h> not found. Please note: Cppcheck does not need standard library headers to get proper results.,/home/yichen/Desktop/Gemini_Baseline_Code02/F026.c|2|information|missingIncludeSystem|Include file: <stdio.h> not found. Please note: Cppcheck does not need standard library headers to get proper results.,/home/yichen/Desktop/Gemini_Baseline_Results02/logs/F026_cppcheck.log
/home/yichen/Desktop/Gemini_Baseline_Code02/F026.c,cppcheck,True,success,True,0,8,3,information,missingIncludeSystem,Include file: <stdlib.h> not found. Please note: Cppcheck does not need standard library headers to get proper results.,/home/yichen/Desktop/Gemini_Baseline_Code02/F026.c|3|information|missingIncludeSystem|Include file: <stdlib.h> not found. Please note: Cppcheck does not need standard library headers to get proper results.,/home/yichen/Desktop/Gemini_Baseline_Results02/logs/F026_cppcheck.log
/home/yichen/Desktop/Gemini_Baseline_Code02/F026.c,cppcheck,True,success,True,0,8,4,information,missingIncludeSystem,Include file: <string.h> not found. Please note: Cppcheck does not need standard library headers to get proper results.,/home/yichen/Desktop/Gemini_Baseline_Code02/F026.c|4|information|missingIncludeSystem|Include file: <string.h> not found. Please note: Cppcheck does not need standard library headers to get proper results.,/home/yichen/Desktop/Gemini_Baseline_Results02/logs/F026_cppcheck.log
/home/yichen/Desktop/Gemini_Baseline_Code02/F026.c,cppcheck,True,success,True,0,8,55,error,memleakOnRealloc,Common realloc mistake: 'notes' nulled but not freed upon failure,/home/yichen/Desktop/Gemini_Baseline_Code02/F026.c|55|error|memleakOnRealloc|Common realloc mistake: 'notes' nulled but not freed upon failure,/home/yichen/Desktop/Gemini_Baseline_Results02/logs/F026_cppcheck.log
/home/yichen/Desktop/Gemini_Baseline_Code02/F026.c,cppcheck,True,success,True,0,8,75,error,memleakOnRealloc,Common realloc mistake: 'notes' nulled but not freed upon failure,/home/yichen/Desktop/Gemini_Baseline_Code02/F026.c|75|error|memleakOnRealloc|Common realloc mistake: 'notes' nulled but not freed upon failure,/home/yichen/Desktop/Gemini_Baseline_Results02/logs/F026_cppcheck.log
/home/yichen/Desktop/Gemini_Baseline_Code02/F026.c,cppcheck,True,success,True,0,8,91,error,memleakOnRealloc,Common realloc mistake: 'notes' nulled but not freed upon failure,/home/yichen/Desktop/Gemini_Baseline_Code02/F026.c|91|error|memleakOnRealloc|Common realloc mistake: 'notes' nulled but not freed upon failure,/home/yichen/Desktop/Gemini_Baseline_Results02/logs/F026_cppcheck.log
/home/yichen/Desktop/Gemini_Baseline_Code02/F026.c,cppcheck,True,success,True,0,8,50,style,constVariablePointer,Variable 'args' can be declared as pointer to const,/home/yichen/Desktop/Gemini_Baseline_Code02/F026.c|50|style|constVariablePointer|Variable 'args' can be declared as pointer to const,/home/yichen/Desktop/Gemini_Baseline_Results02/logs/F026_cppcheck.log
nofile,cppcheck,True,success,True,0,8,0,information,checkersReport,Active checkers: 113/592 (use --checkers-report=<filename> to see details),nofile|0|information|checkersReport|Active checkers: 113/592 (use --checkers-report=<filename> to see details),/home/yichen/Desktop/Gemini_Baseline_Results02/logs/F026_cppcheck.log
/home/yichen/Desktop/Gemini_Baseline_Code02/F027.c,cppcheck,True,success,True,0,12,2,information,missingIncludeSystem,Include file: <stdio.h> not found. Please note: Cppcheck does not need standard library headers to get proper results.,/home/yichen/Desktop/Gemini_Baseline_Code02/F027.c|2|information|missingIncludeSystem|Include file: <stdio.h> not found. Please note: Cppcheck does not need standard library headers to get proper results.,/home/yichen/Desktop/Gemini_Baseline_Results02/logs/F027_cppcheck.log
/home/yichen/Desktop/Gemini_Baseline_Code02/F027.c,cppcheck,True,success,True,0,12,3,information,missingIncludeSystem,Include file: <stdlib.h> not found. Please note: Cppcheck does not need standard library headers to get proper results.,/home/yichen/Desktop/Gemini_Baseline_Code02/F027.c|3|information|missingIncludeSystem|Include file: <stdlib.h> not found. Please note: Cppcheck does not need standard library headers to get proper results.,/home/yichen/Desktop/Gemini_Baseline_Results02/logs/F027_cppcheck.log
/home/yichen/Desktop/Gemini_Baseline_Code02/F027.c,cppcheck,True,success,True,0,12,4,information,missingIncludeSystem,Include file: <string.h> not found. Please note: Cppcheck does not need standard library headers to get proper results.,/home/yichen/Desktop/Gemini_Baseline_Code02/F027.c|4|information|missingIncludeSystem|Include file: <string.h> not found. Please note: Cppcheck does not need standard library headers to get proper results.,/home/yichen/Desktop/Gemini_Baseline_Results02/logs/F027_cppcheck.log
/home/yichen/Desktop/Gemini_Baseline_Code02/F027.c,cppcheck,True,success,True,0,12,72,error,memleakOnRealloc,Common realloc mistake: 'rems' nulled but not freed upon failure,/home/yichen/Desktop/Gemini_Baseline_Code02/F027.c|72|error|memleakOnRealloc|Common realloc mistake: 'rems' nulled but not freed upon failure,/home/yichen/Desktop/Gemini_Baseline_Results02/logs/F027_cppcheck.log
/home/yichen/Desktop/Gemini_Baseline_Code02/F027.c,cppcheck,True,success,True,0,12,102,error,memleakOnRealloc,Common realloc mistake: 'rems' nulled but not freed upon failure,/home/yichen/Desktop/Gemini_Baseline_Code02/F027.c|102|error|memleakOnRealloc|Common realloc mistake: 'rems' nulled but not freed upon failure,/home/yichen/Desktop/Gemini_Baseline_Results02/logs/F027_cppcheck.log
/home/yichen/Desktop/Gemini_Baseline_Code02/F027.c,cppcheck,True,success,True,0,12,67,style,variableScope,The scope of the variable 'prio' can be reduced.,/home/yichen/Desktop/Gemini_Baseline_Code02/F027.c|67|style|variableScope|The scope of the variable 'prio' can be reduced.,/home/yichen/Desktop/Gemini_Baseline_Results02/logs/F027_cppcheck.log
/home/yichen/Desktop/Gemini_Baseline_Code02/F027.c,cppcheck,True,success,True,0,12,107,style,variableScope,The scope of the variable 'n' can be reduced.,/home/yichen/Desktop/Gemini_Baseline_Code02/F027.c|107|style|variableScope|The scope of the variable 'n' can be reduced.,/home/yichen/Desktop/Gemini_Baseline_Results02/logs/F027_cppcheck.log
/home/yichen/Desktop/Gemini_Baseline_Code02/F027.c,cppcheck,True,success,True,0,12,34,style,constVariablePointer,Variable 'ra' can be declared as pointer to const,/home/yichen/Desktop/Gemini_Baseline_Code02/F027.c|34|style|constVariablePointer|Variable 'ra' can be declared as pointer to const,/home/yichen/Desktop/Gemini_Baseline_Results02/logs/F027_cppcheck.log
/home/yichen/Desktop/Gemini_Baseline_Code02/F027.c,cppcheck,True,success,True,0,12,35,style,constVariablePointer,Variable 'rb' can be declared as pointer to const,/home/yichen/Desktop/Gemini_Baseline_Code02/F027.c|35|style|constVariablePointer|Variable 'rb' can be declared as pointer to const,/home/yichen/Desktop/Gemini_Baseline_Results02/logs/F027_cppcheck.log
/home/yichen/Desktop/Gemini_Baseline_Code02/F027.c,cppcheck,True,success,True,0,12,62,style,constVariablePointer,Variable 'args' can be declared as pointer to const,/home/yichen/Desktop/Gemini_Baseline_Code02/F027.c|62|style|constVariablePointer|Variable 'args' can be declared as pointer to const,/home/yichen/Desktop/Gemini_Baseline_Results02/logs/F027_cppcheck.log
/home/yichen/Desktop/Gemini_Baseline_Code02/F027.c,cppcheck,True,success,True,0,12,68,style,constVariablePointer,Variable 'title' can be declared as pointer to const,/home/yichen/Desktop/Gemini_Baseline_Code02/F027.c|68|style|constVariablePointer|Variable 'title' can be declared as pointer to const,/home/yichen/Desktop/Gemini_Baseline_Results02/logs/F027_cppcheck.log
nofile,cppcheck,True,success,True,0,12,0,information,checkersReport,Active checkers: 113/592 (use --checkers-report=<filename> to see details),nofile|0|information|checkersReport|Active checkers: 113/592 (use --checkers-report=<filename> to see details),/home/yichen/Desktop/Gemini_Baseline_Results02/logs/F027_cppcheck.log
/home/yichen/Desktop/Gemini_Baseline_Code02/F028.c,cppcheck,True,success,True,0,9,2,information,missingIncludeSystem,Include file: <stdio.h> not found. Please note: Cppcheck does not need standard library headers to get proper results.,/home/yichen/Desktop/Gemini_Baseline_Code02/F028.c|2|information|missingIncludeSystem|Include file: <stdio.h> not found. Please note: Cppcheck does not need standard library headers to get proper results.,/home/yichen/Desktop/Gemini_Baseline_Results02/logs/F028_cppcheck.log
/home/yichen/Desktop/Gemini_Baseline_Code02/F028.c,cppcheck,True,success,True,0,9,3,information,missingIncludeSystem,Include file: <stdlib.h> not found. Please note: Cppcheck does not need standard library headers to get proper results.,/home/yichen/Desktop/Gemini_Baseline_Code02/F028.c|3|information|missingIncludeSystem|Include file: <stdlib.h> not found. Please note: Cppcheck does not need standard library headers to get proper results.,/home/yichen/Desktop/Gemini_Baseline_Results02/logs/F028_cppcheck.log
/home/yichen/Desktop/Gemini_Baseline_Code02/F028.c,cppcheck,True,success,True,0,9,4,information,missingIncludeSystem,Include file: <string.h> not found. Please note: Cppcheck does not need standard library headers to get proper results.,/home/yichen/Desktop/Gemini_Baseline_Code02/F028.c|4|information|missingIncludeSystem|Include file: <string.h> not found. Please note: Cppcheck does not need standard library headers to get proper results.,/home/yichen/Desktop/Gemini_Baseline_Results02/logs/F028_cppcheck.log
/home/yichen/Desktop/Gemini_Baseline_Code02/F028.c,cppcheck,True,success,True,0,9,55,error,memleakOnRealloc,Common realloc mistake: 'stops' nulled but not freed upon failure,/home/yichen/Desktop/Gemini_Baseline_Code02/F028.c|55|error|memleakOnRealloc|Common realloc mistake: 'stops' nulled but not freed upon failure,/home/yichen/Desktop/Gemini_Baseline_Results02/logs/F028_cppcheck.log
/home/yichen/Desktop/Gemini_Baseline_Code02/F028.c,cppcheck,True,success,True,0,9,69,error,memleakOnRealloc,Common realloc mistake: 'stops' nulled but not freed upon failure,/home/yichen/Desktop/Gemini_Baseline_Code02/F028.c|69|error|memleakOnRealloc|Common realloc mistake: 'stops' nulled but not freed upon failure,/home/yichen/Desktop/Gemini_Baseline_Results02/logs/F028_cppcheck.log
/home/yichen/Desktop/Gemini_Baseline_Code02/F028.c,cppcheck,True,success,True,0,9,109,error,memleakOnRealloc,Common realloc mistake: 'stops' nulled but not freed upon failure,/home/yichen/Desktop/Gemini_Baseline_Code02/F028.c|109|error|memleakOnRealloc|Common realloc mistake: 'stops' nulled but not freed upon failure,/home/yichen/Desktop/Gemini_Baseline_Results02/logs/F028_cppcheck.log
/home/yichen/Desktop/Gemini_Baseline_Code02/F028.c,cppcheck,True,success,True,0,9,50,style,constVariablePointer,Variable 'args' can be declared as pointer to const,/home/yichen/Desktop/Gemini_Baseline_Code02/F028.c|50|style|constVariablePointer|Variable 'args' can be declared as pointer to const,/home/yichen/Desktop/Gemini_Baseline_Results02/logs/F028_cppcheck.log
/home/yichen/Desktop/Gemini_Baseline_Code02/F028.c,cppcheck,True,success,True,0,9,65,style,constVariablePointer,Variable 'stop' can be declared as pointer to const,/home/yichen/Desktop/Gemini_Baseline_Code02/F028.c|65|style|constVariablePointer|Variable 'stop' can be declared as pointer to const,/home/yichen/Desktop/Gemini_Baseline_Results02/logs/F028_cppcheck.log
nofile,cppcheck,True,success,True,0,9,0,information,checkersReport,Active checkers: 113/592 (use --checkers-report=<filename> to see details),nofile|0|information|checkersReport|Active checkers: 113/592 (use --checkers-report=<filename> to see details),/home/yichen/Desktop/Gemini_Baseline_Results02/logs/F028_cppcheck.log
/home/yichen/Desktop/Gemini_Baseline_Code02/F029.c,cppcheck,True,success,True,0,8,2,information,missingIncludeSystem,Include file: <stdio.h> not found. Please note: Cppcheck does not need standard library headers to get proper results.,/home/yichen/Desktop/Gemini_Baseline_Code02/F029.c|2|information|missingIncludeSystem|Include file: <stdio.h> not found. Please note: Cppcheck does not need standard library headers to get proper results.,/home/yichen/Desktop/Gemini_Baseline_Results02/logs/F029_cppcheck.log
/home/yichen/Desktop/Gemini_Baseline_Code02/F029.c,cppcheck,True,success,True,0,8,3,information,missingIncludeSystem,Include file: <stdlib.h> not found. Please note: Cppcheck does not need standard library headers to get proper results.,/home/yichen/Desktop/Gemini_Baseline_Code02/F029.c|3|information|missingIncludeSystem|Include file: <stdlib.h> not found. Please note: Cppcheck does not need standard library headers to get proper results.,/home/yichen/Desktop/Gemini_Baseline_Results02/logs/F029_cppcheck.log
/home/yichen/Desktop/Gemini_Baseline_Code02/F029.c,cppcheck,True,success,True,0,8,4,information,missingIncludeSystem,Include file: <string.h> not found. Please note: Cppcheck does not need standard library headers to get proper results.,/home/yichen/Desktop/Gemini_Baseline_Code02/F029.c|4|information|missingIncludeSystem|Include file: <string.h> not found. Please note: Cppcheck does not need standard library headers to get proper results.,/home/yichen/Desktop/Gemini_Baseline_Results02/logs/F029_cppcheck.log
/home/yichen/Desktop/Gemini_Baseline_Code02/F029.c,cppcheck,True,success,True,0,8,63,error,memleakOnRealloc,Common realloc mistake: 'recs' nulled but not freed upon failure,/home/yichen/Desktop/Gemini_Baseline_Code02/F029.c|63|error|memleakOnRealloc|Common realloc mistake: 'recs' nulled but not freed upon failure,/home/yichen/Desktop/Gemini_Baseline_Results02/logs/F029_cppcheck.log
/home/yichen/Desktop/Gemini_Baseline_Code02/F029.c,cppcheck,True,success,True,0,8,78,error,memleakOnRealloc,Common realloc mistake: 'recs' nulled but not freed upon failure,/home/yichen/Desktop/Gemini_Baseline_Code02/F029.c|78|error|memleakOnRealloc|Common realloc mistake: 'recs' nulled but not freed upon failure,/home/yichen/Desktop/Gemini_Baseline_Results02/logs/F029_cppcheck.log
/home/yichen/Desktop/Gemini_Baseline_Code02/F029.c,cppcheck,True,success,True,0,8,98,error,memleakOnRealloc,Common realloc mistake: 'recs' nulled but not freed upon failure,/home/yichen/Desktop/Gemini_Baseline_Code02/F029.c|98|error|memleakOnRealloc|Common realloc mistake: 'recs' nulled but not freed upon failure,/home/yichen/Desktop/Gemini_Baseline_Results02/logs/F029_cppcheck.log
/home/yichen/Desktop/Gemini_Baseline_Code02/F029.c,cppcheck,True,success,True,0,8,73,style,constVariablePointer,Variable 'args' can be declared as pointer to const,/home/yichen/Desktop/Gemini_Baseline_Code02/F029.c|73|style|constVariablePointer|Variable 'args' can be declared as pointer to const,/home/yichen/Desktop/Gemini_Baseline_Results02/logs/F029_cppcheck.log
nofile,cppcheck,True,success,True,0,8,0,information,checkersReport,Active checkers: 113/592 (use --checkers-report=<filename> to see details),nofile|0|information|checkersReport|Active checkers: 113/592 (use --checkers-report=<filename> to see details),/home/yichen/Desktop/Gemini_Baseline_Results02/logs/F029_cppcheck.log
/home/yichen/Desktop/Gemini_Baseline_Code02/F030.c,cppcheck,True,success,True,0,7,2,information,missingIncludeSystem,Include file: <stdio.h> not found. Please note: Cppcheck does not need standard library headers to get proper results.,/home/yichen/Desktop/Gemini_Baseline_Code02/F030.c|2|information|missingIncludeSystem|Include file: <stdio.h> not found. Please note: Cppcheck does not need standard library headers to get proper results.,/home/yichen/Desktop/Gemini_Baseline_Results02/logs/F030_cppcheck.log
/home/yichen/Desktop/Gemini_Baseline_Code02/F030.c,cppcheck,True,success,True,0,7,3,information,missingIncludeSystem,Include file: <stdlib.h> not found. Please note: Cppcheck does not need standard library headers to get proper results.,/home/yichen/Desktop/Gemini_Baseline_Code02/F030.c|3|information|missingIncludeSystem|Include file: <stdlib.h> not found. Please note: Cppcheck does not need standard library headers to get proper results.,/home/yichen/Desktop/Gemini_Baseline_Results02/logs/F030_cppcheck.log
/home/yichen/Desktop/Gemini_Baseline_Code02/F030.c,cppcheck,True,success,True,0,7,4,information,missingIncludeSystem,Include file: <string.h> not found. Please note: Cppcheck does not need standard library headers to get proper results.,/home/yichen/Desktop/Gemini_Baseline_Code02/F030.c|4|information|missingIncludeSystem|Include file: <string.h> not found. Please note: Cppcheck does not need standard library headers to get proper results.,/home/yichen/Desktop/Gemini_Baseline_Results02/logs/F030_cppcheck.log
/home/yichen/Desktop/Gemini_Baseline_Code02/F030.c,cppcheck,True,success,True,0,7,55,error,memleakOnRealloc,Common realloc mistake: 'rules' nulled but not freed upon failure,/home/yichen/Desktop/Gemini_Baseline_Code02/F030.c|55|error|memleakOnRealloc|Common realloc mistake: 'rules' nulled but not freed upon failure,/home/yichen/Desktop/Gemini_Baseline_Results02/logs/F030_cppcheck.log
/home/yichen/Desktop/Gemini_Baseline_Code02/F030.c,cppcheck,True,success,True,0,7,83,error,memleakOnRealloc,Common realloc mistake: 'rules' nulled but not freed upon failure,/home/yichen/Desktop/Gemini_Baseline_Code02/F030.c|83|error|memleakOnRealloc|Common realloc mistake: 'rules' nulled but not freed upon failure,/home/yichen/Desktop/Gemini_Baseline_Results02/logs/F030_cppcheck.log
/home/yichen/Desktop/Gemini_Baseline_Code02/F030.c,cppcheck,True,success,True,0,7,50,style,constVariablePointer,Variable 'args' can be declared as pointer to const,/home/yichen/Desktop/Gemini_Baseline_Code02/F030.c|50|style|constVariablePointer|Variable 'args' can be declared as pointer to const,/home/yichen/Desktop/Gemini_Baseline_Results02/logs/F030_cppcheck.log
nofile,cppcheck,True,success,True,0,7,0,information,checkersReport,Active checkers: 113/592 (use --checkers-report=<filename> to see details),nofile|0|information|checkersReport|Active checkers: 113/592 (use --checkers-report=<filename> to see details),/home/yichen/Desktop/Gemini_Baseline_Results02/logs/F030_cppcheck.log
/home/yichen/Desktop/Gemini_Baseline_Code02/F031.c,cppcheck,True,success,True,0,8,2,information,missingIncludeSystem,Include file: <stdio.h> not found. Please note: Cppcheck does not need standard library headers to get proper results.,/home/yichen/Desktop/Gemini_Baseline_Code02/F031.c|2|information|missingIncludeSystem|Include file: <stdio.h> not found. Please note: Cppcheck does not need standard library headers to get proper results.,/home/yichen/Desktop/Gemini_Baseline_Results02/logs/F031_cppcheck.log
/home/yichen/Desktop/Gemini_Baseline_Code02/F031.c,cppcheck,True,success,True,0,8,3,information,missingIncludeSystem,Include file: <stdlib.h> not found. Please note: Cppcheck does not need standard library headers to get proper results.,/home/yichen/Desktop/Gemini_Baseline_Code02/F031.c|3|information|missingIncludeSystem|Include file: <stdlib.h> not found. Please note: Cppcheck does not need standard library headers to get proper results.,/home/yichen/Desktop/Gemini_Baseline_Results02/logs/F031_cppcheck.log
/home/yichen/Desktop/Gemini_Baseline_Code02/F031.c,cppcheck,True,success,True,0,8,4,information,missingIncludeSystem,Include file: <string.h> not found. Please note: Cppcheck does not need standard library headers to get proper results.,/home/yichen/Desktop/Gemini_Baseline_Code02/F031.c|4|information|missingIncludeSystem|Include file: <string.h> not found. Please note: Cppcheck does not need standard library headers to get proper results.,/home/yichen/Desktop/Gemini_Baseline_Results02/logs/F031_cppcheck.log
/home/yichen/Desktop/Gemini_Baseline_Code02/F031.c,cppcheck,True,success,True,0,8,68,error,memleakOnRealloc,Common realloc mistake: 'recs' nulled but not freed upon failure,/home/yichen/Desktop/Gemini_Baseline_Code02/F031.c|68|error|memleakOnRealloc|Common realloc mistake: 'recs' nulled but not freed upon failure,/home/yichen/Desktop/Gemini_Baseline_Results02/logs/F031_cppcheck.log
/home/yichen/Desktop/Gemini_Baseline_Code02/F031.c,cppcheck,True,success,True,0,8,88,error,memleakOnRealloc,Common realloc mistake: 'recs' nulled but not freed upon failure,/home/yichen/Desktop/Gemini_Baseline_Code02/F031.c|88|error|memleakOnRealloc|Common realloc mistake: 'recs' nulled but not freed upon failure,/home/yichen/Desktop/Gemini_Baseline_Results02/logs/F031_cppcheck.log
/home/yichen/Desktop/Gemini_Baseline_Code02/F031.c,cppcheck,True,success,True,0,8,50,style,constVariablePointer,Variable 'args' can be declared as pointer to const,/home/yichen/Desktop/Gemini_Baseline_Code02/F031.c|50|style|constVariablePointer|Variable 'args' can be declared as pointer to const,/home/yichen/Desktop/Gemini_Baseline_Results02/logs/F031_cppcheck.log
/home/yichen/Desktop/Gemini_Baseline_Code02/F031.c,cppcheck,True,success,True,0,8,60,style,constVariablePointer,Variable 'sp' can be declared as pointer to const,/home/yichen/Desktop/Gemini_Baseline_Code02/F031.c|60|style|constVariablePointer|Variable 'sp' can be declared as pointer to const,/home/yichen/Desktop/Gemini_Baseline_Results02/logs/F031_cppcheck.log
nofile,cppcheck,True,success,True,0,8,0,information,checkersReport,Active checkers: 113/592 (use --checkers-report=<filename> to see details),nofile|0|information|checkersReport|Active checkers: 113/592 (use --checkers-report=<filename> to see details),/home/yichen/Desktop/Gemini_Baseline_Results02/logs/F031_cppcheck.log
/home/yichen/Desktop/Gemini_Baseline_Code02/F032.c,cppcheck,True,success,True,0,9,2,information,missingIncludeSystem,Include file: <stdio.h> not found. Please note: Cppcheck does not need standard library headers to get proper results.,/home/yichen/Desktop/Gemini_Baseline_Code02/F032.c|2|information|missingIncludeSystem|Include file: <stdio.h> not found. Please note: Cppcheck does not need standard library headers to get proper results.,/home/yichen/Desktop/Gemini_Baseline_Results02/logs/F032_cppcheck.log
/home/yichen/Desktop/Gemini_Baseline_Code02/F032.c,cppcheck,True,success,True,0,9,3,information,missingIncludeSystem,Include file: <stdlib.h> not found. Please note: Cppcheck does not need standard library headers to get proper results.,/home/yichen/Desktop/Gemini_Baseline_Code02/F032.c|3|information|missingIncludeSystem|Include file: <stdlib.h> not found. Please note: Cppcheck does not need standard library headers to get proper results.,/home/yichen/Desktop/Gemini_Baseline_Results02/logs/F032_cppcheck.log
/home/yichen/Desktop/Gemini_Baseline_Code02/F032.c,cppcheck,True,success,True,0,9,4,information,missingIncludeSystem,Include file: <string.h> not found. Please note: Cppcheck does not need standard library headers to get proper results.,/home/yichen/Desktop/Gemini_Baseline_Code02/F032.c|4|information|missingIncludeSystem|Include file: <string.h> not found. Please note: Cppcheck does not need standard library headers to get proper results.,/home/yichen/Desktop/Gemini_Baseline_Results02/logs/F032_cppcheck.log
/home/yichen/Desktop/Gemini_Baseline_Code02/F032.c,cppcheck,True,success,True,0,9,62,error,memleakOnRealloc,Common realloc mistake: 'committed' nulled but not freed upon failure,/home/yichen/Desktop/Gemini_Baseline_Code02/F032.c|62|error|memleakOnRealloc|Common realloc mistake: 'committed' nulled but not freed upon failure,/home/yichen/Desktop/Gemini_Baseline_Results02/logs/F032_cppcheck.log
/home/yichen/Desktop/Gemini_Baseline_Code02/F032.c,cppcheck,True,success,True,0,9,105,error,memleakOnRealloc,Common realloc mistake: 'committed' nulled but not freed upon failure,/home/yichen/Desktop/Gemini_Baseline_Code02/F032.c|105|error|memleakOnRealloc|Common realloc mistake: 'committed' nulled but not freed upon failure,/home/yichen/Desktop/Gemini_Baseline_Results02/logs/F032_cppcheck.log
/home/yichen/Desktop/Gemini_Baseline_Code02/F032.c,cppcheck,True,success,True,0,9,125,error,memleakOnRealloc,Common realloc mistake: 'staged' nulled but not freed upon failure,/home/yichen/Desktop/Gemini_Baseline_Code02/F032.c|125|error|memleakOnRealloc|Common realloc mistake: 'staged' nulled but not freed upon failure,/home/yichen/Desktop/Gemini_Baseline_Results02/logs/F032_cppcheck.log
/home/yichen/Desktop/Gemini_Baseline_Code02/F032.c,cppcheck,True,success,True,0,9,91,style,constVariablePointer,Variable 'args' can be declared as pointer to const,/home/yichen/Desktop/Gemini_Baseline_Code02/F032.c|91|style|constVariablePointer|Variable 'args' can be declared as pointer to const,/home/yichen/Desktop/Gemini_Baseline_Results02/logs/F032_cppcheck.log
/home/yichen/Desktop/Gemini_Baseline_Code02/F032.c,cppcheck,True,success,True,0,9,146,style,unreadVariable,Variable 'found' is assigned a value that is never used.,/home/yichen/Desktop/Gemini_Baseline_Code02/F032.c|146|style|unreadVariable|Variable 'found' is assigned a value that is never used.,/home/yichen/Desktop/Gemini_Baseline_Results02/logs/F032_cppcheck.log
nofile,cppcheck,True,success,True,0,9,0,information,checkersReport,Active checkers: 113/592 (use --checkers-report=<filename> to see details),nofile|0|information|checkersReport|Active checkers: 113/592 (use --checkers-report=<filename> to see details),/home/yichen/Desktop/Gemini_Baseline_Results02/logs/F032_cppcheck.log
/home/yichen/Desktop/Gemini_Baseline_Code02/F033.c,cppcheck,True,success,True,0,14,2,information,missingIncludeSystem,Include file: <stdio.h> not found. Please note: Cppcheck does not need standard library headers to get proper results.,/home/yichen/Desktop/Gemini_Baseline_Code02/F033.c|2|information|missingIncludeSystem|Include file: <stdio.h> not found. Please note: Cppcheck does not need standard library headers to get proper results.,/home/yichen/Desktop/Gemini_Baseline_Results02/logs/F033_cppcheck.log
/home/yichen/Desktop/Gemini_Baseline_Code02/F033.c,cppcheck,True,success,True,0,14,3,information,missingIncludeSystem,Include file: <stdlib.h> not found. Please note: Cppcheck does not need standard library headers to get proper results.,/home/yichen/Desktop/Gemini_Baseline_Code02/F033.c|3|information|missingIncludeSystem|Include file: <stdlib.h> not found. Please note: Cppcheck does not need standard library headers to get proper results.,/home/yichen/Desktop/Gemini_Baseline_Results02/logs/F033_cppcheck.log
/home/yichen/Desktop/Gemini_Baseline_Code02/F033.c,cppcheck,True,success,True,0,14,4,information,missingIncludeSystem,Include file: <string.h> not found. Please note: Cppcheck does not need standard library headers to get proper results.,/home/yichen/Desktop/Gemini_Baseline_Code02/F033.c|4|information|missingIncludeSystem|Include file: <string.h> not found. Please note: Cppcheck does not need standard library headers to get proper results.,/home/yichen/Desktop/Gemini_Baseline_Results02/logs/F033_cppcheck.log
/home/yichen/Desktop/Gemini_Baseline_Code02/F033.c,cppcheck,True,success,True,0,14,67,error,memleakOnRealloc,Common realloc mistake: 'emps' nulled but not freed upon failure,/home/yichen/Desktop/Gemini_Baseline_Code02/F033.c|67|error|memleakOnRealloc|Common realloc mistake: 'emps' nulled but not freed upon failure,/home/yichen/Desktop/Gemini_Baseline_Results02/logs/F033_cppcheck.log
/home/yichen/Desktop/Gemini_Baseline_Code02/F033.c,cppcheck,True,success,True,0,14,110,error,memleakOnRealloc,Common realloc mistake: 'emps' nulled but not freed upon failure,/home/yichen/Desktop/Gemini_Baseline_Code02/F033.c|110|error|memleakOnRealloc|Common realloc mistake: 'emps' nulled but not freed upon failure,/home/yichen/Desktop/Gemini_Baseline_Results02/logs/F033_cppcheck.log
/home/yichen/Desktop/Gemini_Baseline_Code02/F033.c,cppcheck,True,success,True,0,14,54,style,constVariablePointer,Variable 'id' can be declared as pointer to const,/home/yichen/Desktop/Gemini_Baseline_Code02/F033.c|54|style|constVariablePointer|Variable 'id' can be declared as pointer to const,/home/yichen/Desktop/Gemini_Baseline_Results02/logs/F033_cppcheck.log
/home/yichen/Desktop/Gemini_Baseline_Code02/F033.c,cppcheck,True,success,True,0,14,58,style,constVariablePointer,Variable 'name' can be declared as pointer to const,/home/yichen/Desktop/Gemini_Baseline_Code02/F033.c|58|style|constVariablePointer|Variable 'name' can be declared as pointer to const,/home/yichen/Desktop/Gemini_Baseline_Results02/logs/F033_cppcheck.log
/home/yichen/Desktop/Gemini_Baseline_Code02/F033.c,cppcheck,True,success,True,0,14,62,style,constVariablePointer,Variable 'dept' can be declared as pointer to const,/home/yichen/Desktop/Gemini_Baseline_Code02/F033.c|62|style|constVariablePointer|Variable 'dept' can be declared as pointer to const,/home/yichen/Desktop/Gemini_Baseline_Results02/logs/F033_cppcheck.log
/home/yichen/Desktop/Gemini_Baseline_Code02/F033.c,cppcheck,True,success,True,0,14,66,style,constVariablePointer,Variable 'title' can be declared as pointer to const,/home/yichen/Desktop/Gemini_Baseline_Code02/F033.c|66|style|constVariablePointer|Variable 'title' can be declared as pointer to const,/home/yichen/Desktop/Gemini_Baseline_Results02/logs/F033_cppcheck.log
/home/yichen/Desktop/Gemini_Baseline_Code02/F033.c,cppcheck,True,success,True,0,14,77,style,constVariablePointer,Variable 'id' can be declared as pointer to const,/home/yichen/Desktop/Gemini_Baseline_Code02/F033.c|77|style|constVariablePointer|Variable 'id' can be declared as pointer to const,/home/yichen/Desktop/Gemini_Baseline_Results02/logs/F033_cppcheck.log
/home/yichen/Desktop/Gemini_Baseline_Code02/F033.c,cppcheck,True,success,True,0,14,81,style,constVariablePointer,Variable 'name' can be declared as pointer to const,/home/yichen/Desktop/Gemini_Baseline_Code02/F033.c|81|style|constVariablePointer|Variable 'name' can be declared as pointer to const,/home/yichen/Desktop/Gemini_Baseline_Results02/logs/F033_cppcheck.log
/home/yichen/Desktop/Gemini_Baseline_Code02/F033.c,cppcheck,True,success,True,0,14,85,style,constVariablePointer,Variable 'dept' can be declared as pointer to const,/home/yichen/Desktop/Gemini_Baseline_Code02/F033.c|85|style|constVariablePointer|Variable 'dept' can be declared as pointer to const,/home/yichen/Desktop/Gemini_Baseline_Results02/logs/F033_cppcheck.log
/home/yichen/Desktop/Gemini_Baseline_Code02/F033.c,cppcheck,True,success,True,0,14,89,style,constVariablePointer,Variable 'title' can be declared as pointer to const,/home/yichen/Desktop/Gemini_Baseline_Code02/F033.c|89|style|constVariablePointer|Variable 'title' can be declared as pointer to const,/home/yichen/Desktop/Gemini_Baseline_Results02/logs/F033_cppcheck.log
nofile,cppcheck,True,success,True,0,14,0,information,checkersReport,Active checkers: 113/592 (use --checkers-report=<filename> to see details),nofile|0|information|checkersReport|Active checkers: 113/592 (use --checkers-report=<filename> to see details),/home/yichen/Desktop/Gemini_Baseline_Results02/logs/F033_cppcheck.log
/home/yichen/Desktop/Gemini_Baseline_Code02/F034.c,cppcheck,True,success,True,0,7,2,information,missingIncludeSystem,Include file: <stdio.h> not found. Please note: Cppcheck does not need standard library headers to get proper results.,/home/yichen/Desktop/Gemini_Baseline_Code02/F034.c|2|information|missingIncludeSystem|Include file: <stdio.h> not found. Please note: Cppcheck does not need standard library headers to get proper results.,/home/yichen/Desktop/Gemini_Baseline_Results02/logs/F034_cppcheck.log
/home/yichen/Desktop/Gemini_Baseline_Code02/F034.c,cppcheck,True,success,True,0,7,3,information,missingIncludeSystem,Include file: <stdlib.h> not found. Please note: Cppcheck does not need standard library headers to get proper results.,/home/yichen/Desktop/Gemini_Baseline_Code02/F034.c|3|information|missingIncludeSystem|Include file: <stdlib.h> not found. Please note: Cppcheck does not need standard library headers to get proper results.,/home/yichen/Desktop/Gemini_Baseline_Results02/logs/F034_cppcheck.log
/home/yichen/Desktop/Gemini_Baseline_Code02/F034.c,cppcheck,True,success,True,0,7,4,information,missingIncludeSystem,Include file: <string.h> not found. Please note: Cppcheck does not need standard library headers to get proper results.,/home/yichen/Desktop/Gemini_Baseline_Code02/F034.c|4|information|missingIncludeSystem|Include file: <string.h> not found. Please note: Cppcheck does not need standard library headers to get proper results.,/home/yichen/Desktop/Gemini_Baseline_Results02/logs/F034_cppcheck.log
/home/yichen/Desktop/Gemini_Baseline_Code02/F034.c,cppcheck,True,success,True,0,7,58,error,memleakOnRealloc,Common realloc mistake: 'temp_notes' nulled but not freed upon failure,/home/yichen/Desktop/Gemini_Baseline_Code02/F034.c|58|error|memleakOnRealloc|Common realloc mistake: 'temp_notes' nulled but not freed upon failure,/home/yichen/Desktop/Gemini_Baseline_Results02/logs/F034_cppcheck.log
/home/yichen/Desktop/Gemini_Baseline_Code02/F034.c,cppcheck,True,success,True,0,7,34,style,constVariablePointer,Variable 'filepath' can be declared as pointer to const,/home/yichen/Desktop/Gemini_Baseline_Code02/F034.c|34|style|constVariablePointer|Variable 'filepath' can be declared as pointer to const,/home/yichen/Desktop/Gemini_Baseline_Results02/logs/F034_cppcheck.log
/home/yichen/Desktop/Gemini_Baseline_Code02/F034.c,cppcheck,True,success,True,0,7,88,style,constVariablePointer,Variable 'args' can be declared as pointer to const,/home/yichen/Desktop/Gemini_Baseline_Code02/F034.c|88|style|constVariablePointer|Variable 'args' can be declared as pointer to const,/home/yichen/Desktop/Gemini_Baseline_Results02/logs/F034_cppcheck.log
nofile,cppcheck,True,success,True,0,7,0,information,checkersReport,Active checkers: 113/592 (use --checkers-report=<filename> to see details),nofile|0|information|checkersReport|Active checkers: 113/592 (use --checkers-report=<filename> to see details),/home/yichen/Desktop/Gemini_Baseline_Results02/logs/F034_cppcheck.log
/home/yichen/Desktop/Gemini_Baseline_Code02/F035.c,cppcheck,True,success,True,0,10,2,information,missingIncludeSystem,Include file: <stdio.h> not found. Please note: Cppcheck does not need standard library headers to get proper results.,/home/yichen/Desktop/Gemini_Baseline_Code02/F035.c|2|information|missingIncludeSystem|Include file: <stdio.h> not found. Please note: Cppcheck does not need standard library headers to get proper results.,/home/yichen/Desktop/Gemini_Baseline_Results02/logs/F035_cppcheck.log
/home/yichen/Desktop/Gemini_Baseline_Code02/F035.c,cppcheck,True,success,True,0,10,3,information,missingIncludeSystem,Include file: <stdlib.h> not found. Please note: Cppcheck does not need standard library headers to get proper results.,/home/yichen/Desktop/Gemini_Baseline_Code02/F035.c|3|information|missingIncludeSystem|Include file: <stdlib.h> not found. Please note: Cppcheck does not need standard library headers to get proper results.,/home/yichen/Desktop/Gemini_Baseline_Results02/logs/F035_cppcheck.log
/home/yichen/Desktop/Gemini_Baseline_Code02/F035.c,cppcheck,True,success,True,0,10,4,information,missingIncludeSystem,Include file: <string.h> not found. Please note: Cppcheck does not need standard library headers to get proper results.,/home/yichen/Desktop/Gemini_Baseline_Code02/F035.c|4|information|missingIncludeSystem|Include file: <string.h> not found. Please note: Cppcheck does not need standard library headers to get proper results.,/home/yichen/Desktop/Gemini_Baseline_Results02/logs/F035_cppcheck.log
/home/yichen/Desktop/Gemini_Baseline_Code02/F035.c,cppcheck,True,success,True,0,10,55,error,memleakOnRealloc,Common realloc mistake: 'queue' nulled but not freed upon failure,/home/yichen/Desktop/Gemini_Baseline_Code02/F035.c|55|error|memleakOnRealloc|Common realloc mistake: 'queue' nulled but not freed upon failure,/home/yichen/Desktop/Gemini_Baseline_Results02/logs/F035_cppcheck.log
/home/yichen/Desktop/Gemini_Baseline_Code02/F035.c,cppcheck,True,success,True,0,10,68,error,memleakOnRealloc,Common realloc mistake: 'queue' nulled but not freed upon failure,/home/yichen/Desktop/Gemini_Baseline_Code02/F035.c|68|error|memleakOnRealloc|Common realloc mistake: 'queue' nulled but not freed upon failure,/home/yichen/Desktop/Gemini_Baseline_Results02/logs/F035_cppcheck.log
/home/yichen/Desktop/Gemini_Baseline_Code02/F035.c,cppcheck,True,success,True,0,10,85,error,memleakOnRealloc,Common realloc mistake: 'queue' nulled but not freed upon failure,/home/yichen/Desktop/Gemini_Baseline_Code02/F035.c|85|error|memleakOnRealloc|Common realloc mistake: 'queue' nulled but not freed upon failure,/home/yichen/Desktop/Gemini_Baseline_Results02/logs/F035_cppcheck.log
/home/yichen/Desktop/Gemini_Baseline_Code02/F035.c,cppcheck,True,success,True,0,10,99,error,memleakOnRealloc,Common realloc mistake: 'queue' nulled but not freed upon failure,/home/yichen/Desktop/Gemini_Baseline_Code02/F035.c|99|error|memleakOnRealloc|Common realloc mistake: 'queue' nulled but not freed upon failure,/home/yichen/Desktop/Gemini_Baseline_Results02/logs/F035_cppcheck.log
/home/yichen/Desktop/Gemini_Baseline_Code02/F035.c,cppcheck,True,success,True,0,10,61,style,constVariablePointer,Variable 'oldName' can be declared as pointer to const,/home/yichen/Desktop/Gemini_Baseline_Code02/F035.c|61|style|constVariablePointer|Variable 'oldName' can be declared as pointer to const,/home/yichen/Desktop/Gemini_Baseline_Results02/logs/F035_cppcheck.log
/home/yichen/Desktop/Gemini_Baseline_Code02/F035.c,cppcheck,True,success,True,0,10,65,style,constVariablePointer,Variable 'newName' can be declared as pointer to const,/home/yichen/Desktop/Gemini_Baseline_Code02/F035.c|65|style|constVariablePointer|Variable 'newName' can be declared as pointer to const,/home/yichen/Desktop/Gemini_Baseline_Results02/logs/F035_cppcheck.log
nofile,cppcheck,True,success,True,0,10,0,information,checkersReport,Active checkers: 113/592 (use --checkers-report=<filename> to see details),nofile|0|information|checkersReport|Active checkers: 113/592 (use --checkers-report=<filename> to see details),/home/yichen/Desktop/Gemini_Baseline_Results02/logs/F035_cppcheck.log
/home/yichen/Desktop/Gemini_Baseline_Code02/F036.c,cppcheck,True,success,True,0,9,2,information,missingIncludeSystem,Include file: <stdio.h> not found. Please note: Cppcheck does not need standard library headers to get proper results.,/home/yichen/Desktop/Gemini_Baseline_Code02/F036.c|2|information|missingIncludeSystem|Include file: <stdio.h> not found. Please note: Cppcheck does not need standard library headers to get proper results.,/home/yichen/Desktop/Gemini_Baseline_Results02/logs/F036_cppcheck.log
/home/yichen/Desktop/Gemini_Baseline_Code02/F036.c,cppcheck,True,success,True,0,9,3,information,missingIncludeSystem,Include file: <stdlib.h> not found. Please note: Cppcheck does not need standard library headers to get proper results.,/home/yichen/Desktop/Gemini_Baseline_Code02/F036.c|3|information|missingIncludeSystem|Include file: <stdlib.h> not found. Please note: Cppcheck does not need standard library headers to get proper results.,/home/yichen/Desktop/Gemini_Baseline_Results02/logs/F036_cppcheck.log
/home/yichen/Desktop/Gemini_Baseline_Code02/F036.c,cppcheck,True,success,True,0,9,4,information,missingIncludeSystem,Include file: <string.h> not found. Please note: Cppcheck does not need standard library headers to get proper results.,/home/yichen/Desktop/Gemini_Baseline_Code02/F036.c|4|information|missingIncludeSystem|Include file: <string.h> not found. Please note: Cppcheck does not need standard library headers to get proper results.,/home/yichen/Desktop/Gemini_Baseline_Results02/logs/F036_cppcheck.log
/home/yichen/Desktop/Gemini_Baseline_Code02/F036.c,cppcheck,True,success,True,0,9,65,error,memleakOnRealloc,Common realloc mistake: 'recs' nulled but not freed upon failure,/home/yichen/Desktop/Gemini_Baseline_Code02/F036.c|65|error|memleakOnRealloc|Common realloc mistake: 'recs' nulled but not freed upon failure,/home/yichen/Desktop/Gemini_Baseline_Results02/logs/F036_cppcheck.log
/home/yichen/Desktop/Gemini_Baseline_Code02/F036.c,cppcheck,True,success,True,0,9,83,error,memleakOnRealloc,Common realloc mistake: 'recs' nulled but not freed upon failure,/home/yichen/Desktop/Gemini_Baseline_Code02/F036.c|83|error|memleakOnRealloc|Common realloc mistake: 'recs' nulled but not freed upon failure,/home/yichen/Desktop/Gemini_Baseline_Results02/logs/F036_cppcheck.log
/home/yichen/Desktop/Gemini_Baseline_Code02/F036.c,cppcheck,True,success,True,0,9,55,style,constVariablePointer,Variable 'name' can be declared as pointer to const,/home/yichen/Desktop/Gemini_Baseline_Code02/F036.c|55|style|constVariablePointer|Variable 'name' can be declared as pointer to const,/home/yichen/Desktop/Gemini_Baseline_Results02/logs/F036_cppcheck.log
/home/yichen/Desktop/Gemini_Baseline_Code02/F036.c,cppcheck,True,success,True,0,9,56,style,constVariablePointer,Variable 'len_data' can be declared as pointer to const,/home/yichen/Desktop/Gemini_Baseline_Code02/F036.c|56|style|constVariablePointer|Variable 'len_data' can be declared as pointer to const,/home/yichen/Desktop/Gemini_Baseline_Results02/logs/F036_cppcheck.log
/home/yichen/Desktop/Gemini_Baseline_Code02/F036.c,cppcheck,True,success,True,0,9,62,style,constVariablePointer,Variable 'data_start' can be declared as pointer to const,/home/yichen/Desktop/Gemini_Baseline_Code02/F036.c|62|style|constVariablePointer|Variable 'data_start' can be declared as pointer to const,/home/yichen/Desktop/Gemini_Baseline_Results02/logs/F036_cppcheck.log
nofile,cppcheck,True,success,True,0,9,0,information,checkersReport,Active checkers: 113/592 (use --checkers-report=<filename> to see details),nofile|0|information|checkersReport|Active checkers: 113/592 (use --checkers-report=<filename> to see details),/home/yichen/Desktop/Gemini_Baseline_Results02/logs/F036_cppcheck.log
/home/yichen/Desktop/Gemini_Baseline_Code02/F037.c,cppcheck,True,success,True,0,13,2,information,missingIncludeSystem,Include file: <stdio.h> not found. Please note: Cppcheck does not need standard library headers to get proper results.,/home/yichen/Desktop/Gemini_Baseline_Code02/F037.c|2|information|missingIncludeSystem|Include file: <stdio.h> not found. Please note: Cppcheck does not need standard library headers to get proper results.,/home/yichen/Desktop/Gemini_Baseline_Results02/logs/F037_cppcheck.log
/home/yichen/Desktop/Gemini_Baseline_Code02/F037.c,cppcheck,True,success,True,0,13,3,information,missingIncludeSystem,Include file: <stdlib.h> not found. Please note: Cppcheck does not need standard library headers to get proper results.,/home/yichen/Desktop/Gemini_Baseline_Code02/F037.c|3|information|missingIncludeSystem|Include file: <stdlib.h> not found. Please note: Cppcheck does not need standard library headers to get proper results.,/home/yichen/Desktop/Gemini_Baseline_Results02/logs/F037_cppcheck.log
/home/yichen/Desktop/Gemini_Baseline_Code02/F037.c,cppcheck,True,success,True,0,13,4,information,missingIncludeSystem,Include file: <string.h> not found. Please note: Cppcheck does not need standard library headers to get proper results.,/home/yichen/Desktop/Gemini_Baseline_Code02/F037.c|4|information|missingIncludeSystem|Include file: <string.h> not found. Please note: Cppcheck does not need standard library headers to get proper results.,/home/yichen/Desktop/Gemini_Baseline_Results02/logs/F037_cppcheck.log
/home/yichen/Desktop/Gemini_Baseline_Code02/F037.c,cppcheck,True,success,True,0,13,66,error,memleakOnRealloc,Common realloc mistake: 'buffers' nulled but not freed upon failure,/home/yichen/Desktop/Gemini_Baseline_Code02/F037.c|66|error|memleakOnRealloc|Common realloc mistake: 'buffers' nulled but not freed upon failure,/home/yichen/Desktop/Gemini_Baseline_Results02/logs/F037_cppcheck.log
/home/yichen/Desktop/Gemini_Baseline_Code02/F037.c,cppcheck,True,success,True,0,13,128,error,memleakOnRealloc,Common realloc mistake: 'buffers' nulled but not freed upon failure,/home/yichen/Desktop/Gemini_Baseline_Code02/F037.c|128|error|memleakOnRealloc|Common realloc mistake: 'buffers' nulled but not freed upon failure,/home/yichen/Desktop/Gemini_Baseline_Results02/logs/F037_cppcheck.log
/home/yichen/Desktop/Gemini_Baseline_Code02/F037.c,cppcheck,True,success,True,0,13,97,style,variableScope,The scope of the variable 'name' can be reduced.,/home/yichen/Desktop/Gemini_Baseline_Code02/F037.c|97|style|variableScope|The scope of the variable 'name' can be reduced.,/home/yichen/Desktop/Gemini_Baseline_Results02/logs/F037_cppcheck.log
/home/yichen/Desktop/Gemini_Baseline_Code02/F037.c,cppcheck,True,success,True,0,13,56,style,constVariablePointer,Variable 'name' can be declared as pointer to const,/home/yichen/Desktop/Gemini_Baseline_Code02/F037.c|56|style|constVariablePointer|Variable 'name' can be declared as pointer to const,/home/yichen/Desktop/Gemini_Baseline_Results02/logs/F037_cppcheck.log
/home/yichen/Desktop/Gemini_Baseline_Code02/F037.c,cppcheck,True,success,True,0,13,57,style,constVariablePointer,Variable 'hex' can be declared as pointer to const,/home/yichen/Desktop/Gemini_Baseline_Code02/F037.c|57|style|constVariablePointer|Variable 'hex' can be declared as pointer to const,/home/yichen/Desktop/Gemini_Baseline_Results02/logs/F037_cppcheck.log
/home/yichen/Desktop/Gemini_Baseline_Code02/F037.c,cppcheck,True,success,True,0,13,76,style,constVariablePointer,Variable 'name' can be declared as pointer to const,/home/yichen/Desktop/Gemini_Baseline_Code02/F037.c|76|style|constVariablePointer|Variable 'name' can be declared as pointer to const,/home/yichen/Desktop/Gemini_Baseline_Results02/logs/F037_cppcheck.log
/home/yichen/Desktop/Gemini_Baseline_Code02/F037.c,cppcheck,True,success,True,0,13,77,style,constVariablePointer,Variable 'hex' can be declared as pointer to const,/home/yichen/Desktop/Gemini_Baseline_Code02/F037.c|77|style|constVariablePointer|Variable 'hex' can be declared as pointer to const,/home/yichen/Desktop/Gemini_Baseline_Results02/logs/F037_cppcheck.log
/home/yichen/Desktop/Gemini_Baseline_Code02/F037.c,cppcheck,True,success,True,0,13,97,style,constVariablePointer,Variable 'name' can be declared as pointer to const,/home/yichen/Desktop/Gemini_Baseline_Code02/F037.c|97|style|constVariablePointer|Variable 'name' can be declared as pointer to const,/home/yichen/Desktop/Gemini_Baseline_Results02/logs/F037_cppcheck.log
/home/yichen/Desktop/Gemini_Baseline_Code02/F037.c,cppcheck,True,success,True,0,13,98,style,constVariablePointer,Variable 'offset_str' can be declared as pointer to const,/home/yichen/Desktop/Gemini_Baseline_Code02/F037.c|98|style|constVariablePointer|Variable 'offset_str' can be declared as pointer to const,/home/yichen/Desktop/Gemini_Baseline_Results02/logs/F037_cppcheck.log
nofile,cppcheck,True,success,True,0,13,0,information,checkersReport,Active checkers: 113/592 (use --checkers-report=<filename> to see details),nofile|0|information|checkersReport|Active checkers: 113/592 (use --checkers-report=<filename> to see details),/home/yichen/Desktop/Gemini_Baseline_Results02/logs/F037_cppcheck.log
/home/yichen/Desktop/Gemini_Baseline_Code02/F038.c,cppcheck,True,success,True,0,8,2,information,missingIncludeSystem,Include file: <stdio.h> not found. Please note: Cppcheck does not need standard library headers to get proper results.,/home/yichen/Desktop/Gemini_Baseline_Code02/F038.c|2|information|missingIncludeSystem|Include file: <stdio.h> not found. Please note: Cppcheck does not need standard library headers to get proper results.,/home/yichen/Desktop/Gemini_Baseline_Results02/logs/F038_cppcheck.log
/home/yichen/Desktop/Gemini_Baseline_Code02/F038.c,cppcheck,True,success,True,0,8,3,information,missingIncludeSystem,Include file: <stdlib.h> not found. Please note: Cppcheck does not need standard library headers to get proper results.,/home/yichen/Desktop/Gemini_Baseline_Code02/F038.c|3|information|missingIncludeSystem|Include file: <stdlib.h> not found. Please note: Cppcheck does not need standard library headers to get proper results.,/home/yichen/Desktop/Gemini_Baseline_Results02/logs/F038_cppcheck.log
/home/yichen/Desktop/Gemini_Baseline_Code02/F038.c,cppcheck,True,success,True,0,8,4,information,missingIncludeSystem,Include file: <string.h> not found. Please note: Cppcheck does not need standard library headers to get proper results.,/home/yichen/Desktop/Gemini_Baseline_Code02/F038.c|4|information|missingIncludeSystem|Include file: <string.h> not found. Please note: Cppcheck does not need standard library headers to get proper results.,/home/yichen/Desktop/Gemini_Baseline_Results02/logs/F038_cppcheck.log
/home/yichen/Desktop/Gemini_Baseline_Code02/F038.c,cppcheck,True,success,True,0,8,55,error,memleakOnRealloc,Common realloc mistake: 'rles' nulled but not freed upon failure,/home/yichen/Desktop/Gemini_Baseline_Code02/F038.c|55|error|memleakOnRealloc|Common realloc mistake: 'rles' nulled but not freed upon failure,/home/yichen/Desktop/Gemini_Baseline_Results02/logs/F038_cppcheck.log
/home/yichen/Desktop/Gemini_Baseline_Code02/F038.c,cppcheck,True,success,True,0,8,105,error,memleakOnRealloc,Common realloc mistake: 'rles' nulled but not freed upon failure,/home/yichen/Desktop/Gemini_Baseline_Code02/F038.c|105|error|memleakOnRealloc|Common realloc mistake: 'rles' nulled but not freed upon failure,/home/yichen/Desktop/Gemini_Baseline_Results02/logs/F038_cppcheck.log
/home/yichen/Desktop/Gemini_Baseline_Code02/F038.c,cppcheck,True,success,True,0,8,50,style,constVariablePointer,Variable 'args' can be declared as pointer to const,/home/yichen/Desktop/Gemini_Baseline_Code02/F038.c|50|style|constVariablePointer|Variable 'args' can be declared as pointer to const,/home/yichen/Desktop/Gemini_Baseline_Results02/logs/F038_cppcheck.log
/home/yichen/Desktop/Gemini_Baseline_Code02/F038.c,cppcheck,True,success,True,0,8,63,style,constVariablePointer,Variable 'enc' can be declared as pointer to const,/home/yichen/Desktop/Gemini_Baseline_Code02/F038.c|63|style|constVariablePointer|Variable 'enc' can be declared as pointer to const,/home/yichen/Desktop/Gemini_Baseline_Results02/logs/F038_cppcheck.log
nofile,cppcheck,True,success,True,0,8,0,information,checkersReport,Active checkers: 113/592 (use --checkers-report=<filename> to see details),nofile|0|information|checkersReport|Active checkers: 113/592 (use --checkers-report=<filename> to see details),/home/yichen/Desktop/Gemini_Baseline_Results02/logs/F038_cppcheck.log
/home/yichen/Desktop/Gemini_Baseline_Code02/F039.c,cppcheck,True,success,True,0,17,2,information,missingIncludeSystem,Include file: <stdio.h> not found. Please note: Cppcheck does not need standard library headers to get proper results.,/home/yichen/Desktop/Gemini_Baseline_Code02/F039.c|2|information|missingIncludeSystem|Include file: <stdio.h> not found. Please note: Cppcheck does not need standard library headers to get proper results.,/home/yichen/Desktop/Gemini_Baseline_Results02/logs/F039_cppcheck.log
/home/yichen/Desktop/Gemini_Baseline_Code02/F039.c,cppcheck,True,success,True,0,17,3,information,missingIncludeSystem,Include file: <stdlib.h> not found. Please note: Cppcheck does not need standard library headers to get proper results.,/home/yichen/Desktop/Gemini_Baseline_Code02/F039.c|3|information|missingIncludeSystem|Include file: <stdlib.h> not found. Please note: Cppcheck does not need standard library headers to get proper results.,/home/yichen/Desktop/Gemini_Baseline_Results02/logs/F039_cppcheck.log
/home/yichen/Desktop/Gemini_Baseline_Code02/F039.c,cppcheck,True,success,True,0,17,4,information,missingIncludeSystem,Include file: <string.h> not found. Please note: Cppcheck does not need standard library headers to get proper results.,/home/yichen/Desktop/Gemini_Baseline_Code02/F039.c|4|information|missingIncludeSystem|Include file: <string.h> not found. Please note: Cppcheck does not need standard library headers to get proper results.,/home/yichen/Desktop/Gemini_Baseline_Results02/logs/F039_cppcheck.log
/home/yichen/Desktop/Gemini_Baseline_Code02/F039.c,cppcheck,True,success,True,0,17,65,error,memleakOnRealloc,Common realloc mistake: 'tables' nulled but not freed upon failure,/home/yichen/Desktop/Gemini_Baseline_Code02/F039.c|65|error|memleakOnRealloc|Common realloc mistake: 'tables' nulled but not freed upon failure,/home/yichen/Desktop/Gemini_Baseline_Results02/logs/F039_cppcheck.log
/home/yichen/Desktop/Gemini_Baseline_Code02/F039.c,cppcheck,True,success,True,0,17,144,error,memleakOnRealloc,Common realloc mistake: 'tables' nulled but not freed upon failure,/home/yichen/Desktop/Gemini_Baseline_Code02/F039.c|144|error|memleakOnRealloc|Common realloc mistake: 'tables' nulled but not freed upon failure,/home/yichen/Desktop/Gemini_Baseline_Results02/logs/F039_cppcheck.log
/home/yichen/Desktop/Gemini_Baseline_Code02/F039.c,cppcheck,True,success,True,0,17,81,style,variableScope,The scope of the variable 'name' can be reduced.,/home/yichen/Desktop/Gemini_Baseline_Code02/F039.c|81|style|variableScope|The scope of the variable 'name' can be reduced.,/home/yichen/Desktop/Gemini_Baseline_Results02/logs/F039_cppcheck.log
/home/yichen/Desktop/Gemini_Baseline_Code02/F039.c,cppcheck,True,success,True,0,17,86,style,variableScope,The scope of the variable 'r' can be reduced.,/home/yichen/Desktop/Gemini_Baseline_Code02/F039.c|86|style|variableScope|The scope of the variable 'r' can be reduced.,/home/yichen/Desktop/Gemini_Baseline_Results02/logs/F039_cppcheck.log
/home/yichen/Desktop/Gemini_Baseline_Code02/F039.c,cppcheck,True,success,True,0,17,109,style,variableScope,The scope of the variable 'name' can be reduced.,/home/yichen/Desktop/Gemini_Baseline_Code02/F039.c|109|style|variableScope|The scope of the variable 'name' can be reduced.,/home/yichen/Desktop/Gemini_Baseline_Results02/logs/F039_cppcheck.log
/home/yichen/Desktop/Gemini_Baseline_Code02/F039.c,cppcheck,True,success,True,0,17,57,style,constVariablePointer,Variable 'name' can be declared as pointer to const,/home/yichen/Desktop/Gemini_Baseline_Code02/F039.c|57|style|constVariablePointer|Variable 'name' can be declared as pointer to const,/home/yichen/Desktop/Gemini_Baseline_Results02/logs/F039_cppcheck.log
/home/yichen/Desktop/Gemini_Baseline_Code02/F039.c,cppcheck,True,success,True,0,17,58,style,constVariablePointer,Variable 'rows_str' can be declared as pointer to const,/home/yichen/Desktop/Gemini_Baseline_Code02/F039.c|58|style|constVariablePointer|Variable 'rows_str' can be declared as pointer to const,/home/yichen/Desktop/Gemini_Baseline_Results02/logs/F039_cppcheck.log
/home/yichen/Desktop/Gemini_Baseline_Code02/F039.c,cppcheck,True,success,True,0,17,81,style,constVariablePointer,Variable 'name' can be declared as pointer to const,/home/yichen/Desktop/Gemini_Baseline_Code02/F039.c|81|style|constVariablePointer|Variable 'name' can be declared as pointer to const,/home/yichen/Desktop/Gemini_Baseline_Results02/logs/F039_cppcheck.log
/home/yichen/Desktop/Gemini_Baseline_Code02/F039.c,cppcheck,True,success,True,0,17,82,style,constVariablePointer,Variable 'row_str' can be declared as pointer to const,/home/yichen/Desktop/Gemini_Baseline_Code02/F039.c|82|style|constVariablePointer|Variable 'row_str' can be declared as pointer to const,/home/yichen/Desktop/Gemini_Baseline_Results02/logs/F039_cppcheck.log
/home/yichen/Desktop/Gemini_Baseline_Code02/F039.c,cppcheck,True,success,True,0,17,87,style,constVariablePointer,Variable 'col_str' can be declared as pointer to const,/home/yichen/Desktop/Gemini_Baseline_Code02/F039.c|87|style|constVariablePointer|Variable 'col_str' can be declared as pointer to const,/home/yichen/Desktop/Gemini_Baseline_Results02/logs/F039_cppcheck.log
/home/yichen/Desktop/Gemini_Baseline_Code02/F039.c,cppcheck,True,success,True,0,17,92,style,constVariablePointer,Variable 'val' can be declared as pointer to const,/home/yichen/Desktop/Gemini_Baseline_Code02/F039.c|92|style|constVariablePointer|Variable 'val' can be declared as pointer to const,/home/yichen/Desktop/Gemini_Baseline_Results02/logs/F039_cppcheck.log
/home/yichen/Desktop/Gemini_Baseline_Code02/F039.c,cppcheck,True,success,True,0,17,109,style,constVariablePointer,Variable 'name' can be declared as pointer to const,/home/yichen/Desktop/Gemini_Baseline_Code02/F039.c|109|style|constVariablePointer|Variable 'name' can be declared as pointer to const,/home/yichen/Desktop/Gemini_Baseline_Results02/logs/F039_cppcheck.log
/home/yichen/Desktop/Gemini_Baseline_Code02/F039.c,cppcheck,True,success,True,0,17,110,style,constVariablePointer,Variable 'row_str' can be declared as pointer to const,/home/yichen/Desktop/Gemini_Baseline_Code02/F039.c|110|style|constVariablePointer|Variable 'row_str' can be declared as pointer to const,/home/yichen/Desktop/Gemini_Baseline_Results02/logs/F039_cppcheck.log
nofile,cppcheck,True,success,True,0,17,0,information,checkersReport,Active checkers: 113/592 (use --checkers-report=<filename> to see details),nofile|0|information|checkersReport|Active checkers: 113/592 (use --checkers-report=<filename> to see details),/home/yichen/Desktop/Gemini_Baseline_Results02/logs/F039_cppcheck.log
/home/yichen/Desktop/Gemini_Baseline_Code02/F040.c,cppcheck,True,success,True,0,11,2,information,missingIncludeSystem,Include file: <stdio.h> not found. Please note: Cppcheck does not need standard library headers to get proper results.,/home/yichen/Desktop/Gemini_Baseline_Code02/F040.c|2|information|missingIncludeSystem|Include file: <stdio.h> not found. Please note: Cppcheck does not need standard library headers to get proper results.,/home/yichen/Desktop/Gemini_Baseline_Results02/logs/F040_cppcheck.log
/home/yichen/Desktop/Gemini_Baseline_Code02/F040.c,cppcheck,True,success,True,0,11,3,information,missingIncludeSystem,Include file: <stdlib.h> not found. Please note: Cppcheck does not need standard library headers to get proper results.,/home/yichen/Desktop/Gemini_Baseline_Code02/F040.c|3|information|missingIncludeSystem|Include file: <stdlib.h> not found. Please note: Cppcheck does not need standard library headers to get proper results.,/home/yichen/Desktop/Gemini_Baseline_Results02/logs/F040_cppcheck.log
/home/yichen/Desktop/Gemini_Baseline_Code02/F040.c,cppcheck,True,success,True,0,11,4,information,missingIncludeSystem,Include file: <string.h> not found. Please note: Cppcheck does not need standard library headers to get proper results.,/home/yichen/Desktop/Gemini_Baseline_Code02/F040.c|4|information|missingIncludeSystem|Include file: <string.h> not found. Please note: Cppcheck does not need standard library headers to get proper results.,/home/yichen/Desktop/Gemini_Baseline_Results02/logs/F040_cppcheck.log
/home/yichen/Desktop/Gemini_Baseline_Code02/F040.c,cppcheck,True,success,True,0,11,72,error,memleakOnRealloc,Common realloc mistake: 'cache' nulled but not freed upon failure,/home/yichen/Desktop/Gemini_Baseline_Code02/F040.c|72|error|memleakOnRealloc|Common realloc mistake: 'cache' nulled but not freed upon failure,/home/yichen/Desktop/Gemini_Baseline_Results02/logs/F040_cppcheck.log
/home/yichen/Desktop/Gemini_Baseline_Code02/F040.c,cppcheck,True,success,True,0,11,92,error,memleakOnRealloc,Common realloc mistake: 'cache' nulled but not freed upon failure,/home/yichen/Desktop/Gemini_Baseline_Code02/F040.c|92|error|memleakOnRealloc|Common realloc mistake: 'cache' nulled but not freed upon failure,/home/yichen/Desktop/Gemini_Baseline_Results02/logs/F040_cppcheck.log
/home/yichen/Desktop/Gemini_Baseline_Code02/F040.c,cppcheck,True,success,True,0,11,55,style,constVariablePointer,Variable 'id' can be declared as pointer to const,/home/yichen/Desktop/Gemini_Baseline_Code02/F040.c|55|style|constVariablePointer|Variable 'id' can be declared as pointer to const,/home/yichen/Desktop/Gemini_Baseline_Results02/logs/F040_cppcheck.log
/home/yichen/Desktop/Gemini_Baseline_Code02/F040.c,cppcheck,True,success,True,0,11,59,style,constVariablePointer,Variable 'hlen_str' can be declared as pointer to const,/home/yichen/Desktop/Gemini_Baseline_Code02/F040.c|59|style|constVariablePointer|Variable 'hlen_str' can be declared as pointer to const,/home/yichen/Desktop/Gemini_Baseline_Results02/logs/F040_cppcheck.log
/home/yichen/Desktop/Gemini_Baseline_Code02/F040.c,cppcheck,True,success,True,0,11,63,style,constVariablePointer,Variable 'plen_str' can be declared as pointer to const,/home/yichen/Desktop/Gemini_Baseline_Code02/F040.c|63|style|constVariablePointer|Variable 'plen_str' can be declared as pointer to const,/home/yichen/Desktop/Gemini_Baseline_Results02/logs/F040_cppcheck.log
/home/yichen/Desktop/Gemini_Baseline_Code02/F040.c,cppcheck,True,success,True,0,11,67,style,constVariablePointer,Variable 'header' can be declared as pointer to const,/home/yichen/Desktop/Gemini_Baseline_Code02/F040.c|67|style|constVariablePointer|Variable 'header' can be declared as pointer to const,/home/yichen/Desktop/Gemini_Baseline_Results02/logs/F040_cppcheck.log
/home/yichen/Desktop/Gemini_Baseline_Code02/F040.c,cppcheck,True,success,True,0,11,71,style,constVariablePointer,Variable 'payload' can be declared as pointer to const,/home/yichen/Desktop/Gemini_Baseline_Code02/F040.c|71|style|constVariablePointer|Variable 'payload' can be declared as pointer to const,/home/yichen/Desktop/Gemini_Baseline_Results02/logs/F040_cppcheck.log
nofile,cppcheck,True,success,True,0,11,0,information,checkersReport,Active checkers: 113/592 (use --checkers-report=<filename> to see details),nofile|0|information|checkersReport|Active checkers: 113/592 (use --checkers-report=<filename> to see details),/home/yichen/Desktop/Gemini_Baseline_Results02/logs/F040_cppcheck.log
