file,tool,attempted,status,success,returncode,finding_count,line,severity,check_id,message,evidence,log_path
/home/yichen/Desktop/Qwen_Baseline02/F001.c,cppcheck,True,success,True,0,9,2,information,missingIncludeSystem,Include file: <stdio.h> not found. Please note: Cppcheck does not need standard library headers to get proper results.,/home/yichen/Desktop/Qwen_Baseline02/F001.c|2|information|missingIncludeSystem|Include file: <stdio.h> not found. Please note: Cppcheck does not need standard library headers to get proper results.,/home/yichen/Desktop/Qwen_Baseline_Results02/logs/F001_cppcheck.log
/home/yichen/Desktop/Qwen_Baseline02/F001.c,cppcheck,True,success,True,0,9,3,information,missingIncludeSystem,Include file: <stdlib.h> not found. Please note: Cppcheck does not need standard library headers to get proper results.,/home/yichen/Desktop/Qwen_Baseline02/F001.c|3|information|missingIncludeSystem|Include file: <stdlib.h> not found. Please note: Cppcheck does not need standard library headers to get proper results.,/home/yichen/Desktop/Qwen_Baseline_Results02/logs/F001_cppcheck.log
/home/yichen/Desktop/Qwen_Baseline02/F001.c,cppcheck,True,success,True,0,9,4,information,missingIncludeSystem,Include file: <string.h> not found. Please note: Cppcheck does not need standard library headers to get proper results.,/home/yichen/Desktop/Qwen_Baseline02/F001.c|4|information|missingIncludeSystem|Include file: <string.h> not found. Please note: Cppcheck does not need standard library headers to get proper results.,/home/yichen/Desktop/Qwen_Baseline_Results02/logs/F001_cppcheck.log
/home/yichen/Desktop/Qwen_Baseline02/F001.c,cppcheck,True,success,True,0,9,16,warning,invalidscanf,scanf() without field width limits can crash with huge input data.,/home/yichen/Desktop/Qwen_Baseline02/F001.c|16|warning|invalidscanf|scanf() without field width limits can crash with huge input data.,/home/yichen/Desktop/Qwen_Baseline_Results02/logs/F001_cppcheck.log
/home/yichen/Desktop/Qwen_Baseline02/F001.c,cppcheck,True,success,True,0,9,18,warning,invalidscanf,scanf() without field width limits can crash with huge input data.,/home/yichen/Desktop/Qwen_Baseline02/F001.c|18|warning|invalidscanf|scanf() without field width limits can crash with huge input data.,/home/yichen/Desktop/Qwen_Baseline_Results02/logs/F001_cppcheck.log
/home/yichen/Desktop/Qwen_Baseline02/F001.c,cppcheck,True,success,True,0,9,34,warning,invalidscanf,scanf() without field width limits can crash with huge input data.,/home/yichen/Desktop/Qwen_Baseline02/F001.c|34|warning|invalidscanf|scanf() without field width limits can crash with huge input data.,/home/yichen/Desktop/Qwen_Baseline_Results02/logs/F001_cppcheck.log
/home/yichen/Desktop/Qwen_Baseline02/F001.c,cppcheck,True,success,True,0,9,41,warning,invalidscanf,scanf() without field width limits can crash with huge input data.,/home/yichen/Desktop/Qwen_Baseline02/F001.c|41|warning|invalidscanf|scanf() without field width limits can crash with huge input data.,/home/yichen/Desktop/Qwen_Baseline_Results02/logs/F001_cppcheck.log
/home/yichen/Desktop/Qwen_Baseline02/F001.c,cppcheck,True,success,True,0,9,9,style,constParameterPointer,Parameter 'id' can be declared as pointer to const,/home/yichen/Desktop/Qwen_Baseline02/F001.c|9|style|constParameterPointer|Parameter 'id' can be declared as pointer to const,/home/yichen/Desktop/Qwen_Baseline_Results02/logs/F001_cppcheck.log
nofile,cppcheck,True,success,True,0,9,0,information,checkersReport,Active checkers: 113/592 (use --checkers-report=<filename> to see details),nofile|0|information|checkersReport|Active checkers: 113/592 (use --checkers-report=<filename> to see details),/home/yichen/Desktop/Qwen_Baseline_Results02/logs/F001_cppcheck.log
/home/yichen/Desktop/Qwen_Baseline02/F002.c,cppcheck,True,success,True,0,11,2,information,missingIncludeSystem,Include file: <stdio.h> not found. Please note: Cppcheck does not need standard library headers to get proper results.,/home/yichen/Desktop/Qwen_Baseline02/F002.c|2|information|missingIncludeSystem|Include file: <stdio.h> not found. Please note: Cppcheck does not need standard library headers to get proper results.,/home/yichen/Desktop/Qwen_Baseline_Results02/logs/F002_cppcheck.log
/home/yichen/Desktop/Qwen_Baseline02/F002.c,cppcheck,True,success,True,0,11,3,information,missingIncludeSystem,Include file: <stdlib.h> not found. Please note: Cppcheck does not need standard library headers to get proper results.,/home/yichen/Desktop/Qwen_Baseline02/F002.c|3|information|missingIncludeSystem|Include file: <stdlib.h> not found. Please note: Cppcheck does not need standard library headers to get proper results.,/home/yichen/Desktop/Qwen_Baseline_Results02/logs/F002_cppcheck.log
/home/yichen/Desktop/Qwen_Baseline02/F002.c,cppcheck,True,success,True,0,11,4,information,missingIncludeSystem,Include file: <string.h> not found. Please note: Cppcheck does not need standard library headers to get proper results.,/home/yichen/Desktop/Qwen_Baseline02/F002.c|4|information|missingIncludeSystem|Include file: <string.h> not found. Please note: Cppcheck does not need standard library headers to get proper results.,/home/yichen/Desktop/Qwen_Baseline_Results02/logs/F002_cppcheck.log
/home/yichen/Desktop/Qwen_Baseline02/F002.c,cppcheck,True,success,True,0,11,11,warning,invalidscanf,scanf() without field width limits can crash with huge input data.,/home/yichen/Desktop/Qwen_Baseline02/F002.c|11|warning|invalidscanf|scanf() without field width limits can crash with huge input data.,/home/yichen/Desktop/Qwen_Baseline_Results02/logs/F002_cppcheck.log
/home/yichen/Desktop/Qwen_Baseline02/F002.c,cppcheck,True,success,True,0,11,13,warning,invalidscanf,scanf() without field width limits can crash with huge input data.,/home/yichen/Desktop/Qwen_Baseline02/F002.c|13|warning|invalidscanf|scanf() without field width limits can crash with huge input data.,/home/yichen/Desktop/Qwen_Baseline_Results02/logs/F002_cppcheck.log
/home/yichen/Desktop/Qwen_Baseline02/F002.c,cppcheck,True,success,True,0,11,18,warning,invalidscanf,scanf() without field width limits can crash with huge input data.,/home/yichen/Desktop/Qwen_Baseline02/F002.c|18|warning|invalidscanf|scanf() without field width limits can crash with huge input data.,/home/yichen/Desktop/Qwen_Baseline_Results02/logs/F002_cppcheck.log
/home/yichen/Desktop/Qwen_Baseline02/F002.c,cppcheck,True,success,True,0,11,30,warning,invalidscanf,scanf() without field width limits can crash with huge input data.,/home/yichen/Desktop/Qwen_Baseline02/F002.c|30|warning|invalidscanf|scanf() without field width limits can crash with huge input data.,/home/yichen/Desktop/Qwen_Baseline_Results02/logs/F002_cppcheck.log
/home/yichen/Desktop/Qwen_Baseline02/F002.c,cppcheck,True,success,True,0,11,39,warning,invalidscanf,scanf() without field width limits can crash with huge input data.,/home/yichen/Desktop/Qwen_Baseline02/F002.c|39|warning|invalidscanf|scanf() without field width limits can crash with huge input data.,/home/yichen/Desktop/Qwen_Baseline_Results02/logs/F002_cppcheck.log
/home/yichen/Desktop/Qwen_Baseline02/F002.c,cppcheck,True,success,True,0,11,19,style,constVariablePointer,Variable 'm1' can be declared as pointer to const,/home/yichen/Desktop/Qwen_Baseline02/F002.c|19|style|constVariablePointer|Variable 'm1' can be declared as pointer to const,/home/yichen/Desktop/Qwen_Baseline_Results02/logs/F002_cppcheck.log
/home/yichen/Desktop/Qwen_Baseline02/F002.c,cppcheck,True,success,True,0,11,19,style,constVariablePointer,Variable 'm2' can be declared as pointer to const,/home/yichen/Desktop/Qwen_Baseline02/F002.c|19|style|constVariablePointer|Variable 'm2' can be declared as pointer to const,/home/yichen/Desktop/Qwen_Baseline_Results02/logs/F002_cppcheck.log
nofile,cppcheck,True,success,True,0,11,0,information,checkersReport,Active checkers: 113/592 (use --checkers-report=<filename> to see details),nofile|0|information|checkersReport|Active checkers: 113/592 (use --checkers-report=<filename> to see details),/home/yichen/Desktop/Qwen_Baseline_Results02/logs/F002_cppcheck.log
/home/yichen/Desktop/Qwen_Baseline02/F003.c,cppcheck,True,success,True,0,10,2,information,missingIncludeSystem,Include file: <stdio.h> not found. Please note: Cppcheck does not need standard library headers to get proper results.,/home/yichen/Desktop/Qwen_Baseline02/F003.c|2|information|missingIncludeSystem|Include file: <stdio.h> not found. Please note: Cppcheck does not need standard library headers to get proper results.,/home/yichen/Desktop/Qwen_Baseline_Results02/logs/F003_cppcheck.log
/home/yichen/Desktop/Qwen_Baseline02/F003.c,cppcheck,True,success,True,0,10,3,information,missingIncludeSystem,Include file: <stdlib.h> not found. Please note: Cppcheck does not need standard library headers to get proper results.,/home/yichen/Desktop/Qwen_Baseline02/F003.c|3|information|missingIncludeSystem|Include file: <stdlib.h> not found. Please note: Cppcheck does not need standard library headers to get proper results.,/home/yichen/Desktop/Qwen_Baseline_Results02/logs/F003_cppcheck.log
/home/yichen/Desktop/Qwen_Baseline02/F003.c,cppcheck,True,success,True,0,10,4,information,missingIncludeSystem,Include file: <string.h> not found. Please note: Cppcheck does not need standard library headers to get proper results.,/home/yichen/Desktop/Qwen_Baseline02/F003.c|4|information|missingIncludeSystem|Include file: <string.h> not found. Please note: Cppcheck does not need standard library headers to get proper results.,/home/yichen/Desktop/Qwen_Baseline_Results02/logs/F003_cppcheck.log
/home/yichen/Desktop/Qwen_Baseline02/F003.c,cppcheck,True,success,True,0,10,16,warning,invalidscanf,scanf() without field width limits can crash with huge input data.,/home/yichen/Desktop/Qwen_Baseline02/F003.c|16|warning|invalidscanf|scanf() without field width limits can crash with huge input data.,/home/yichen/Desktop/Qwen_Baseline_Results02/logs/F003_cppcheck.log
/home/yichen/Desktop/Qwen_Baseline02/F003.c,cppcheck,True,success,True,0,10,18,warning,invalidscanf,scanf() without field width limits can crash with huge input data.,/home/yichen/Desktop/Qwen_Baseline02/F003.c|18|warning|invalidscanf|scanf() without field width limits can crash with huge input data.,/home/yichen/Desktop/Qwen_Baseline_Results02/logs/F003_cppcheck.log
/home/yichen/Desktop/Qwen_Baseline02/F003.c,cppcheck,True,success,True,0,10,25,warning,invalidscanf,scanf() without field width limits can crash with huge input data.,/home/yichen/Desktop/Qwen_Baseline02/F003.c|25|warning|invalidscanf|scanf() without field width limits can crash with huge input data.,/home/yichen/Desktop/Qwen_Baseline_Results02/logs/F003_cppcheck.log
/home/yichen/Desktop/Qwen_Baseline02/F003.c,cppcheck,True,success,True,0,10,31,warning,invalidscanf,scanf() without field width limits can crash with huge input data.,/home/yichen/Desktop/Qwen_Baseline02/F003.c|31|warning|invalidscanf|scanf() without field width limits can crash with huge input data.,/home/yichen/Desktop/Qwen_Baseline_Results02/logs/F003_cppcheck.log
/home/yichen/Desktop/Qwen_Baseline02/F003.c,cppcheck,True,success,True,0,10,34,warning,invalidscanf,scanf() without field width limits can crash with huge input data.,/home/yichen/Desktop/Qwen_Baseline02/F003.c|34|warning|invalidscanf|scanf() without field width limits can crash with huge input data.,/home/yichen/Desktop/Qwen_Baseline_Results02/logs/F003_cppcheck.log
/home/yichen/Desktop/Qwen_Baseline02/F003.c,cppcheck,True,success,True,0,10,9,style,constParameterPointer,Parameter 'name' can be declared as pointer to const,/home/yichen/Desktop/Qwen_Baseline02/F003.c|9|style|constParameterPointer|Parameter 'name' can be declared as pointer to const,/home/yichen/Desktop/Qwen_Baseline_Results02/logs/F003_cppcheck.log
nofile,cppcheck,True,success,True,0,10,0,information,checkersReport,Active checkers: 113/592 (use --checkers-report=<filename> to see details),nofile|0|information|checkersReport|Active checkers: 113/592 (use --checkers-report=<filename> to see details),/home/yichen/Desktop/Qwen_Baseline_Results02/logs/F003_cppcheck.log
/home/yichen/Desktop/Qwen_Baseline02/F004.c,cppcheck,True,success,True,0,8,2,information,missingIncludeSystem,Include file: <stdio.h> not found. Please note: Cppcheck does not need standard library headers to get proper results.,/home/yichen/Desktop/Qwen_Baseline02/F004.c|2|information|missingIncludeSystem|Include file: <stdio.h> not found. Please note: Cppcheck does not need standard library headers to get proper results.,/home/yichen/Desktop/Qwen_Baseline_Results02/logs/F004_cppcheck.log
/home/yichen/Desktop/Qwen_Baseline02/F004.c,cppcheck,True,success,True,0,8,3,information,missingIncludeSystem,Include file: <stdlib.h> not found. Please note: Cppcheck does not need standard library headers to get proper results.,/home/yichen/Desktop/Qwen_Baseline02/F004.c|3|information|missingIncludeSystem|Include file: <stdlib.h> not found. Please note: Cppcheck does not need standard library headers to get proper results.,/home/yichen/Desktop/Qwen_Baseline_Results02/logs/F004_cppcheck.log
/home/yichen/Desktop/Qwen_Baseline02/F004.c,cppcheck,True,success,True,0,8,4,information,missingIncludeSystem,Include file: <string.h> not found. Please note: Cppcheck does not need standard library headers to get proper results.,/home/yichen/Desktop/Qwen_Baseline02/F004.c|4|information|missingIncludeSystem|Include file: <string.h> not found. Please note: Cppcheck does not need standard library headers to get proper results.,/home/yichen/Desktop/Qwen_Baseline_Results02/logs/F004_cppcheck.log
/home/yichen/Desktop/Qwen_Baseline02/F004.c,cppcheck,True,success,True,0,8,16,warning,invalidscanf,scanf() without field width limits can crash with huge input data.,/home/yichen/Desktop/Qwen_Baseline02/F004.c|16|warning|invalidscanf|scanf() without field width limits can crash with huge input data.,/home/yichen/Desktop/Qwen_Baseline_Results02/logs/F004_cppcheck.log
/home/yichen/Desktop/Qwen_Baseline02/F004.c,cppcheck,True,success,True,0,8,18,warning,invalidscanf,scanf() without field width limits can crash with huge input data.,/home/yichen/Desktop/Qwen_Baseline02/F004.c|18|warning|invalidscanf|scanf() without field width limits can crash with huge input data.,/home/yichen/Desktop/Qwen_Baseline_Results02/logs/F004_cppcheck.log
/home/yichen/Desktop/Qwen_Baseline02/F004.c,cppcheck,True,success,True,0,8,25,warning,invalidscanf,scanf() without field width limits can crash with huge input data.,/home/yichen/Desktop/Qwen_Baseline02/F004.c|25|warning|invalidscanf|scanf() without field width limits can crash with huge input data.,/home/yichen/Desktop/Qwen_Baseline_Results02/logs/F004_cppcheck.log
/home/yichen/Desktop/Qwen_Baseline02/F004.c,cppcheck,True,success,True,0,8,9,style,constParameterPointer,Parameter 'key' can be declared as pointer to const,/home/yichen/Desktop/Qwen_Baseline02/F004.c|9|style|constParameterPointer|Parameter 'key' can be declared as pointer to const,/home/yichen/Desktop/Qwen_Baseline_Results02/logs/F004_cppcheck.log
nofile,cppcheck,True,success,True,0,8,0,information,checkersReport,Active checkers: 113/592 (use --checkers-report=<filename> to see details),nofile|0|information|checkersReport|Active checkers: 113/592 (use --checkers-report=<filename> to see details),/home/yichen/Desktop/Qwen_Baseline_Results02/logs/F004_cppcheck.log
/home/yichen/Desktop/Qwen_Baseline02/F005.c,cppcheck,True,success,True,0,5,2,information,missingIncludeSystem,Include file: <stdio.h> not found. Please note: Cppcheck does not need standard library headers to get proper results.,/home/yichen/Desktop/Qwen_Baseline02/F005.c|2|information|missingIncludeSystem|Include file: <stdio.h> not found. Please note: Cppcheck does not need standard library headers to get proper results.,/home/yichen/Desktop/Qwen_Baseline_Results02/logs/F005_cppcheck.log
/home/yichen/Desktop/Qwen_Baseline02/F005.c,cppcheck,True,success,True,0,5,3,information,missingIncludeSystem,Include file: <stdlib.h> not found. Please note: Cppcheck does not need standard library headers to get proper results.,/home/yichen/Desktop/Qwen_Baseline02/F005.c|3|information|missingIncludeSystem|Include file: <stdlib.h> not found. Please note: Cppcheck does not need standard library headers to get proper results.,/home/yichen/Desktop/Qwen_Baseline_Results02/logs/F005_cppcheck.log
/home/yichen/Desktop/Qwen_Baseline02/F005.c,cppcheck,True,success,True,0,5,4,information,missingIncludeSystem,Include file: <string.h> not found. Please note: Cppcheck does not need standard library headers to get proper results.,/home/yichen/Desktop/Qwen_Baseline02/F005.c|4|information|missingIncludeSystem|Include file: <string.h> not found. Please note: Cppcheck does not need standard library headers to get proper results.,/home/yichen/Desktop/Qwen_Baseline_Results02/logs/F005_cppcheck.log
/home/yichen/Desktop/Qwen_Baseline02/F005.c,cppcheck,True,success,True,0,5,10,warning,invalidscanf,scanf() without field width limits can crash with huge input data.,/home/yichen/Desktop/Qwen_Baseline02/F005.c|10|warning|invalidscanf|scanf() without field width limits can crash with huge input data.,/home/yichen/Desktop/Qwen_Baseline_Results02/logs/F005_cppcheck.log
nofile,cppcheck,True,success,True,0,5,0,information,checkersReport,Active checkers: 113/592 (use --checkers-report=<filename> to see details),nofile|0|information|checkersReport|Active checkers: 113/592 (use --checkers-report=<filename> to see details),/home/yichen/Desktop/Qwen_Baseline_Results02/logs/F005_cppcheck.log
/home/yichen/Desktop/Qwen_Baseline02/F006.c,cppcheck,True,success,True,0,10,2,information,missingIncludeSystem,Include file: <stdio.h> not found. Please note: Cppcheck does not need standard library headers to get proper results.,/home/yichen/Desktop/Qwen_Baseline02/F006.c|2|information|missingIncludeSystem|Include file: <stdio.h> not found. Please note: Cppcheck does not need standard library headers to get proper results.,/home/yichen/Desktop/Qwen_Baseline_Results02/logs/F006_cppcheck.log
/home/yichen/Desktop/Qwen_Baseline02/F006.c,cppcheck,True,success,True,0,10,3,information,missingIncludeSystem,Include file: <stdlib.h> not found. Please note: Cppcheck does not need standard library headers to get proper results.,/home/yichen/Desktop/Qwen_Baseline02/F006.c|3|information|missingIncludeSystem|Include file: <stdlib.h> not found. Please note: Cppcheck does not need standard library headers to get proper results.,/home/yichen/Desktop/Qwen_Baseline_Results02/logs/F006_cppcheck.log
/home/yichen/Desktop/Qwen_Baseline02/F006.c,cppcheck,True,success,True,0,10,4,information,missingIncludeSystem,Include file: <string.h> not found. Please note: Cppcheck does not need standard library headers to get proper results.,/home/yichen/Desktop/Qwen_Baseline02/F006.c|4|information|missingIncludeSystem|Include file: <string.h> not found. Please note: Cppcheck does not need standard library headers to get proper results.,/home/yichen/Desktop/Qwen_Baseline_Results02/logs/F006_cppcheck.log
/home/yichen/Desktop/Qwen_Baseline02/F006.c,cppcheck,True,success,True,0,10,16,warning,invalidscanf,scanf() without field width limits can crash with huge input data.,/home/yichen/Desktop/Qwen_Baseline02/F006.c|16|warning|invalidscanf|scanf() without field width limits can crash with huge input data.,/home/yichen/Desktop/Qwen_Baseline_Results02/logs/F006_cppcheck.log
/home/yichen/Desktop/Qwen_Baseline02/F006.c,cppcheck,True,success,True,0,10,18,warning,invalidscanf,scanf() without field width limits can crash with huge input data.,/home/yichen/Desktop/Qwen_Baseline02/F006.c|18|warning|invalidscanf|scanf() without field width limits can crash with huge input data.,/home/yichen/Desktop/Qwen_Baseline_Results02/logs/F006_cppcheck.log
/home/yichen/Desktop/Qwen_Baseline02/F006.c,cppcheck,True,success,True,0,10,23,warning,invalidscanf,scanf() without field width limits can crash with huge input data.,/home/yichen/Desktop/Qwen_Baseline02/F006.c|23|warning|invalidscanf|scanf() without field width limits can crash with huge input data.,/home/yichen/Desktop/Qwen_Baseline_Results02/logs/F006_cppcheck.log
/home/yichen/Desktop/Qwen_Baseline02/F006.c,cppcheck,True,success,True,0,10,27,warning,invalidscanf,scanf() without field width limits can crash with huge input data.,/home/yichen/Desktop/Qwen_Baseline02/F006.c|27|warning|invalidscanf|scanf() without field width limits can crash with huge input data.,/home/yichen/Desktop/Qwen_Baseline_Results02/logs/F006_cppcheck.log
/home/yichen/Desktop/Qwen_Baseline02/F006.c,cppcheck,True,success,True,0,10,34,warning,invalidscanf,scanf() without field width limits can crash with huge input data.,/home/yichen/Desktop/Qwen_Baseline02/F006.c|34|warning|invalidscanf|scanf() without field width limits can crash with huge input data.,/home/yichen/Desktop/Qwen_Baseline_Results02/logs/F006_cppcheck.log
/home/yichen/Desktop/Qwen_Baseline02/F006.c,cppcheck,True,success,True,0,10,9,style,constParameterPointer,Parameter 'item' can be declared as pointer to const,/home/yichen/Desktop/Qwen_Baseline02/F006.c|9|style|constParameterPointer|Parameter 'item' can be declared as pointer to const,/home/yichen/Desktop/Qwen_Baseline_Results02/logs/F006_cppcheck.log
nofile,cppcheck,True,success,True,0,10,0,information,checkersReport,Active checkers: 113/592 (use --checkers-report=<filename> to see details),nofile|0|information|checkersReport|Active checkers: 113/592 (use --checkers-report=<filename> to see details),/home/yichen/Desktop/Qwen_Baseline_Results02/logs/F006_cppcheck.log
/home/yichen/Desktop/Qwen_Baseline02/F007.c,cppcheck,True,success,True,0,8,2,information,missingIncludeSystem,Include file: <stdio.h> not found. Please note: Cppcheck does not need standard library headers to get proper results.,/home/yichen/Desktop/Qwen_Baseline02/F007.c|2|information|missingIncludeSystem|Include file: <stdio.h> not found. Please note: Cppcheck does not need standard library headers to get proper results.,/home/yichen/Desktop/Qwen_Baseline_Results02/logs/F007_cppcheck.log
/home/yichen/Desktop/Qwen_Baseline02/F007.c,cppcheck,True,success,True,0,8,3,information,missingIncludeSystem,Include file: <stdlib.h> not found. Please note: Cppcheck does not need standard library headers to get proper results.,/home/yichen/Desktop/Qwen_Baseline02/F007.c|3|information|missingIncludeSystem|Include file: <stdlib.h> not found. Please note: Cppcheck does not need standard library headers to get proper results.,/home/yichen/Desktop/Qwen_Baseline_Results02/logs/F007_cppcheck.log
/home/yichen/Desktop/Qwen_Baseline02/F007.c,cppcheck,True,success,True,0,8,4,information,missingIncludeSystem,Include file: <string.h> not found. Please note: Cppcheck does not need standard library headers to get proper results.,/home/yichen/Desktop/Qwen_Baseline02/F007.c|4|information|missingIncludeSystem|Include file: <string.h> not found. Please note: Cppcheck does not need standard library headers to get proper results.,/home/yichen/Desktop/Qwen_Baseline_Results02/logs/F007_cppcheck.log
/home/yichen/Desktop/Qwen_Baseline02/F007.c,cppcheck,True,success,True,0,8,11,warning,invalidscanf,scanf() without field width limits can crash with huge input data.,/home/yichen/Desktop/Qwen_Baseline02/F007.c|11|warning|invalidscanf|scanf() without field width limits can crash with huge input data.,/home/yichen/Desktop/Qwen_Baseline_Results02/logs/F007_cppcheck.log
/home/yichen/Desktop/Qwen_Baseline02/F007.c,cppcheck,True,success,True,0,8,13,warning,invalidscanf,scanf() without field width limits can crash with huge input data.,/home/yichen/Desktop/Qwen_Baseline02/F007.c|13|warning|invalidscanf|scanf() without field width limits can crash with huge input data.,/home/yichen/Desktop/Qwen_Baseline_Results02/logs/F007_cppcheck.log
/home/yichen/Desktop/Qwen_Baseline02/F007.c,cppcheck,True,success,True,0,8,18,warning,invalidscanf,scanf() without field width limits can crash with huge input data.,/home/yichen/Desktop/Qwen_Baseline02/F007.c|18|warning|invalidscanf|scanf() without field width limits can crash with huge input data.,/home/yichen/Desktop/Qwen_Baseline_Results02/logs/F007_cppcheck.log
/home/yichen/Desktop/Qwen_Baseline02/F007.c,cppcheck,True,success,True,0,8,27,warning,invalidscanf,scanf() without field width limits can crash with huge input data.,/home/yichen/Desktop/Qwen_Baseline02/F007.c|27|warning|invalidscanf|scanf() without field width limits can crash with huge input data.,/home/yichen/Desktop/Qwen_Baseline_Results02/logs/F007_cppcheck.log
nofile,cppcheck,True,success,True,0,8,0,information,checkersReport,Active checkers: 113/592 (use --checkers-report=<filename> to see details),nofile|0|information|checkersReport|Active checkers: 113/592 (use --checkers-report=<filename> to see details),/home/yichen/Desktop/Qwen_Baseline_Results02/logs/F007_cppcheck.log
/home/yichen/Desktop/Qwen_Baseline02/F008.c,cppcheck,True,success,True,0,8,2,information,missingIncludeSystem,Include file: <stdio.h> not found. Please note: Cppcheck does not need standard library headers to get proper results.,/home/yichen/Desktop/Qwen_Baseline02/F008.c|2|information|missingIncludeSystem|Include file: <stdio.h> not found. Please note: Cppcheck does not need standard library headers to get proper results.,/home/yichen/Desktop/Qwen_Baseline_Results02/logs/F008_cppcheck.log
/home/yichen/Desktop/Qwen_Baseline02/F008.c,cppcheck,True,success,True,0,8,3,information,missingIncludeSystem,Include file: <stdlib.h> not found. Please note: Cppcheck does not need standard library headers to get proper results.,/home/yichen/Desktop/Qwen_Baseline02/F008.c|3|information|missingIncludeSystem|Include file: <stdlib.h> not found. Please note: Cppcheck does not need standard library headers to get proper results.,/home/yichen/Desktop/Qwen_Baseline_Results02/logs/F008_cppcheck.log
/home/yichen/Desktop/Qwen_Baseline02/F008.c,cppcheck,True,success,True,0,8,4,information,missingIncludeSystem,Include file: <string.h> not found. Please note: Cppcheck does not need standard library headers to get proper results.,/home/yichen/Desktop/Qwen_Baseline02/F008.c|4|information|missingIncludeSystem|Include file: <string.h> not found. Please note: Cppcheck does not need standard library headers to get proper results.,/home/yichen/Desktop/Qwen_Baseline_Results02/logs/F008_cppcheck.log
/home/yichen/Desktop/Qwen_Baseline02/F008.c,cppcheck,True,success,True,0,8,16,warning,invalidscanf,scanf() without field width limits can crash with huge input data.,/home/yichen/Desktop/Qwen_Baseline02/F008.c|16|warning|invalidscanf|scanf() without field width limits can crash with huge input data.,/home/yichen/Desktop/Qwen_Baseline_Results02/logs/F008_cppcheck.log
/home/yichen/Desktop/Qwen_Baseline02/F008.c,cppcheck,True,success,True,0,8,18,warning,invalidscanf,scanf() without field width limits can crash with huge input data.,/home/yichen/Desktop/Qwen_Baseline02/F008.c|18|warning|invalidscanf|scanf() without field width limits can crash with huge input data.,/home/yichen/Desktop/Qwen_Baseline_Results02/logs/F008_cppcheck.log
/home/yichen/Desktop/Qwen_Baseline02/F008.c,cppcheck,True,success,True,0,8,28,warning,invalidscanf,scanf() without field width limits can crash with huge input data.,/home/yichen/Desktop/Qwen_Baseline02/F008.c|28|warning|invalidscanf|scanf() without field width limits can crash with huge input data.,/home/yichen/Desktop/Qwen_Baseline_Results02/logs/F008_cppcheck.log
/home/yichen/Desktop/Qwen_Baseline02/F008.c,cppcheck,True,success,True,0,8,9,style,constParameterPointer,Parameter 'name' can be declared as pointer to const,/home/yichen/Desktop/Qwen_Baseline02/F008.c|9|style|constParameterPointer|Parameter 'name' can be declared as pointer to const,/home/yichen/Desktop/Qwen_Baseline_Results02/logs/F008_cppcheck.log
nofile,cppcheck,True,success,True,0,8,0,information,checkersReport,Active checkers: 113/592 (use --checkers-report=<filename> to see details),nofile|0|information|checkersReport|Active checkers: 113/592 (use --checkers-report=<filename> to see details),/home/yichen/Desktop/Qwen_Baseline_Results02/logs/F008_cppcheck.log
/home/yichen/Desktop/Qwen_Baseline02/F009.c,cppcheck,True,success,True,0,10,2,information,missingIncludeSystem,Include file: <stdio.h> not found. Please note: Cppcheck does not need standard library headers to get proper results.,/home/yichen/Desktop/Qwen_Baseline02/F009.c|2|information|missingIncludeSystem|Include file: <stdio.h> not found. Please note: Cppcheck does not need standard library headers to get proper results.,/home/yichen/Desktop/Qwen_Baseline_Results02/logs/F009_cppcheck.log
/home/yichen/Desktop/Qwen_Baseline02/F009.c,cppcheck,True,success,True,0,10,3,information,missingIncludeSystem,Include file: <stdlib.h> not found. Please note: Cppcheck does not need standard library headers to get proper results.,/home/yichen/Desktop/Qwen_Baseline02/F009.c|3|information|missingIncludeSystem|Include file: <stdlib.h> not found. Please note: Cppcheck does not need standard library headers to get proper results.,/home/yichen/Desktop/Qwen_Baseline_Results02/logs/F009_cppcheck.log
/home/yichen/Desktop/Qwen_Baseline02/F009.c,cppcheck,True,success,True,0,10,4,information,missingIncludeSystem,Include file: <string.h> not found. Please note: Cppcheck does not need standard library headers to get proper results.,/home/yichen/Desktop/Qwen_Baseline02/F009.c|4|information|missingIncludeSystem|Include file: <string.h> not found. Please note: Cppcheck does not need standard library headers to get proper results.,/home/yichen/Desktop/Qwen_Baseline_Results02/logs/F009_cppcheck.log
/home/yichen/Desktop/Qwen_Baseline02/F009.c,cppcheck,True,success,True,0,10,17,warning,invalidscanf,scanf() without field width limits can crash with huge input data.,/home/yichen/Desktop/Qwen_Baseline02/F009.c|17|warning|invalidscanf|scanf() without field width limits can crash with huge input data.,/home/yichen/Desktop/Qwen_Baseline_Results02/logs/F009_cppcheck.log
/home/yichen/Desktop/Qwen_Baseline02/F009.c,cppcheck,True,success,True,0,10,19,warning,invalidscanf,scanf() without field width limits can crash with huge input data.,/home/yichen/Desktop/Qwen_Baseline02/F009.c|19|warning|invalidscanf|scanf() without field width limits can crash with huge input data.,/home/yichen/Desktop/Qwen_Baseline_Results02/logs/F009_cppcheck.log
/home/yichen/Desktop/Qwen_Baseline02/F009.c,cppcheck,True,success,True,0,10,31,warning,invalidscanf,scanf() without field width limits can crash with huge input data.,/home/yichen/Desktop/Qwen_Baseline02/F009.c|31|warning|invalidscanf|scanf() without field width limits can crash with huge input data.,/home/yichen/Desktop/Qwen_Baseline_Results02/logs/F009_cppcheck.log
/home/yichen/Desktop/Qwen_Baseline02/F009.c,cppcheck,True,success,True,0,10,41,warning,invalidscanf,scanf() without field width limits can crash with huge input data.,/home/yichen/Desktop/Qwen_Baseline02/F009.c|41|warning|invalidscanf|scanf() without field width limits can crash with huge input data.,/home/yichen/Desktop/Qwen_Baseline_Results02/logs/F009_cppcheck.log
/home/yichen/Desktop/Qwen_Baseline02/F009.c,cppcheck,True,success,True,0,10,50,warning,invalidscanf,scanf() without field width limits can crash with huge input data.,/home/yichen/Desktop/Qwen_Baseline02/F009.c|50|warning|invalidscanf|scanf() without field width limits can crash with huge input data.,/home/yichen/Desktop/Qwen_Baseline_Results02/logs/F009_cppcheck.log
/home/yichen/Desktop/Qwen_Baseline02/F009.c,cppcheck,True,success,True,0,10,10,style,constParameterPointer,Parameter 'name' can be declared as pointer to const,/home/yichen/Desktop/Qwen_Baseline02/F009.c|10|style|constParameterPointer|Parameter 'name' can be declared as pointer to const,/home/yichen/Desktop/Qwen_Baseline_Results02/logs/F009_cppcheck.log
nofile,cppcheck,True,success,True,0,10,0,information,checkersReport,Active checkers: 113/592 (use --checkers-report=<filename> to see details),nofile|0|information|checkersReport|Active checkers: 113/592 (use --checkers-report=<filename> to see details),/home/yichen/Desktop/Qwen_Baseline_Results02/logs/F009_cppcheck.log
/home/yichen/Desktop/Qwen_Baseline02/F010.c,cppcheck,True,success,True,0,10,2,information,missingIncludeSystem,Include file: <stdio.h> not found. Please note: Cppcheck does not need standard library headers to get proper results.,/home/yichen/Desktop/Qwen_Baseline02/F010.c|2|information|missingIncludeSystem|Include file: <stdio.h> not found. Please note: Cppcheck does not need standard library headers to get proper results.,/home/yichen/Desktop/Qwen_Baseline_Results02/logs/F010_cppcheck.log
/home/yichen/Desktop/Qwen_Baseline02/F010.c,cppcheck,True,success,True,0,10,3,information,missingIncludeSystem,Include file: <stdlib.h> not found. Please note: Cppcheck does not need standard library headers to get proper results.,/home/yichen/Desktop/Qwen_Baseline02/F010.c|3|information|missingIncludeSystem|Include file: <stdlib.h> not found. Please note: Cppcheck does not need standard library headers to get proper results.,/home/yichen/Desktop/Qwen_Baseline_Results02/logs/F010_cppcheck.log
/home/yichen/Desktop/Qwen_Baseline02/F010.c,cppcheck,True,success,True,0,10,4,information,missingIncludeSystem,Include file: <string.h> not found. Please note: Cppcheck does not need standard library headers to get proper results.,/home/yichen/Desktop/Qwen_Baseline02/F010.c|4|information|missingIncludeSystem|Include file: <string.h> not found. Please note: Cppcheck does not need standard library headers to get proper results.,/home/yichen/Desktop/Qwen_Baseline_Results02/logs/F010_cppcheck.log
/home/yichen/Desktop/Qwen_Baseline02/F010.c,cppcheck,True,success,True,0,10,16,warning,invalidscanf,scanf() without field width limits can crash with huge input data.,/home/yichen/Desktop/Qwen_Baseline02/F010.c|16|warning|invalidscanf|scanf() without field width limits can crash with huge input data.,/home/yichen/Desktop/Qwen_Baseline_Results02/logs/F010_cppcheck.log
/home/yichen/Desktop/Qwen_Baseline02/F010.c,cppcheck,True,success,True,0,10,18,warning,invalidscanf,scanf() without field width limits can crash with huge input data.,/home/yichen/Desktop/Qwen_Baseline02/F010.c|18|warning|invalidscanf|scanf() without field width limits can crash with huge input data.,/home/yichen/Desktop/Qwen_Baseline_Results02/logs/F010_cppcheck.log
/home/yichen/Desktop/Qwen_Baseline02/F010.c,cppcheck,True,success,True,0,10,28,warning,invalidscanf,scanf() without field width limits can crash with huge input data.,/home/yichen/Desktop/Qwen_Baseline02/F010.c|28|warning|invalidscanf|scanf() without field width limits can crash with huge input data.,/home/yichen/Desktop/Qwen_Baseline_Results02/logs/F010_cppcheck.log
/home/yichen/Desktop/Qwen_Baseline02/F010.c,cppcheck,True,success,True,0,10,39,warning,invalidscanf,scanf() without field width limits can crash with huge input data.,/home/yichen/Desktop/Qwen_Baseline02/F010.c|39|warning|invalidscanf|scanf() without field width limits can crash with huge input data.,/home/yichen/Desktop/Qwen_Baseline_Results02/logs/F010_cppcheck.log
/home/yichen/Desktop/Qwen_Baseline02/F010.c,cppcheck,True,success,True,0,10,48,warning,invalidscanf,scanf() without field width limits can crash with huge input data.,/home/yichen/Desktop/Qwen_Baseline02/F010.c|48|warning|invalidscanf|scanf() without field width limits can crash with huge input data.,/home/yichen/Desktop/Qwen_Baseline_Results02/logs/F010_cppcheck.log
/home/yichen/Desktop/Qwen_Baseline02/F010.c,cppcheck,True,success,True,0,10,9,style,constParameterPointer,Parameter 'key' can be declared as pointer to const,/home/yichen/Desktop/Qwen_Baseline02/F010.c|9|style|constParameterPointer|Parameter 'key' can be declared as pointer to const,/home/yichen/Desktop/Qwen_Baseline_Results02/logs/F010_cppcheck.log
nofile,cppcheck,True,success,True,0,10,0,information,checkersReport,Active checkers: 113/592 (use --checkers-report=<filename> to see details),nofile|0|information|checkersReport|Active checkers: 113/592 (use --checkers-report=<filename> to see details),/home/yichen/Desktop/Qwen_Baseline_Results02/logs/F010_cppcheck.log
/home/yichen/Desktop/Qwen_Baseline02/F011.c,cppcheck,True,success,True,0,9,2,information,missingIncludeSystem,Include file: <stdio.h> not found. Please note: Cppcheck does not need standard library headers to get proper results.,/home/yichen/Desktop/Qwen_Baseline02/F011.c|2|information|missingIncludeSystem|Include file: <stdio.h> not found. Please note: Cppcheck does not need standard library headers to get proper results.,/home/yichen/Desktop/Qwen_Baseline_Results02/logs/F011_cppcheck.log
/home/yichen/Desktop/Qwen_Baseline02/F011.c,cppcheck,True,success,True,0,9,3,information,missingIncludeSystem,Include file: <stdlib.h> not found. Please note: Cppcheck does not need standard library headers to get proper results.,/home/yichen/Desktop/Qwen_Baseline02/F011.c|3|information|missingIncludeSystem|Include file: <stdlib.h> not found. Please note: Cppcheck does not need standard library headers to get proper results.,/home/yichen/Desktop/Qwen_Baseline_Results02/logs/F011_cppcheck.log
/home/yichen/Desktop/Qwen_Baseline02/F011.c,cppcheck,True,success,True,0,9,4,information,missingIncludeSystem,Include file: <string.h> not found. Please note: Cppcheck does not need standard library headers to get proper results.,/home/yichen/Desktop/Qwen_Baseline02/F011.c|4|information|missingIncludeSystem|Include file: <string.h> not found. Please note: Cppcheck does not need standard library headers to get proper results.,/home/yichen/Desktop/Qwen_Baseline_Results02/logs/F011_cppcheck.log
/home/yichen/Desktop/Qwen_Baseline02/F011.c,cppcheck,True,success,True,0,9,17,warning,invalidscanf,scanf() without field width limits can crash with huge input data.,/home/yichen/Desktop/Qwen_Baseline02/F011.c|17|warning|invalidscanf|scanf() without field width limits can crash with huge input data.,/home/yichen/Desktop/Qwen_Baseline_Results02/logs/F011_cppcheck.log
/home/yichen/Desktop/Qwen_Baseline02/F011.c,cppcheck,True,success,True,0,9,19,warning,invalidscanf,scanf() without field width limits can crash with huge input data.,/home/yichen/Desktop/Qwen_Baseline02/F011.c|19|warning|invalidscanf|scanf() without field width limits can crash with huge input data.,/home/yichen/Desktop/Qwen_Baseline_Results02/logs/F011_cppcheck.log
/home/yichen/Desktop/Qwen_Baseline02/F011.c,cppcheck,True,success,True,0,9,29,warning,invalidscanf,scanf() without field width limits can crash with huge input data.,/home/yichen/Desktop/Qwen_Baseline02/F011.c|29|warning|invalidscanf|scanf() without field width limits can crash with huge input data.,/home/yichen/Desktop/Qwen_Baseline_Results02/logs/F011_cppcheck.log
/home/yichen/Desktop/Qwen_Baseline02/F011.c,cppcheck,True,success,True,0,9,42,warning,invalidscanf,scanf() without field width limits can crash with huge input data.,/home/yichen/Desktop/Qwen_Baseline02/F011.c|42|warning|invalidscanf|scanf() without field width limits can crash with huge input data.,/home/yichen/Desktop/Qwen_Baseline_Results02/logs/F011_cppcheck.log
/home/yichen/Desktop/Qwen_Baseline02/F011.c,cppcheck,True,success,True,0,9,10,style,constParameterPointer,Parameter 'title' can be declared as pointer to const,/home/yichen/Desktop/Qwen_Baseline02/F011.c|10|style|constParameterPointer|Parameter 'title' can be declared as pointer to const,/home/yichen/Desktop/Qwen_Baseline_Results02/logs/F011_cppcheck.log
nofile,cppcheck,True,success,True,0,9,0,information,checkersReport,Active checkers: 113/592 (use --checkers-report=<filename> to see details),nofile|0|information|checkersReport|Active checkers: 113/592 (use --checkers-report=<filename> to see details),/home/yichen/Desktop/Qwen_Baseline_Results02/logs/F011_cppcheck.log
/home/yichen/Desktop/Qwen_Baseline02/F012.c,cppcheck,True,success,True,0,9,2,information,missingIncludeSystem,Include file: <stdio.h> not found. Please note: Cppcheck does not need standard library headers to get proper results.,/home/yichen/Desktop/Qwen_Baseline02/F012.c|2|information|missingIncludeSystem|Include file: <stdio.h> not found. Please note: Cppcheck does not need standard library headers to get proper results.,/home/yichen/Desktop/Qwen_Baseline_Results02/logs/F012_cppcheck.log
/home/yichen/Desktop/Qwen_Baseline02/F012.c,cppcheck,True,success,True,0,9,3,information,missingIncludeSystem,Include file: <stdlib.h> not found. Please note: Cppcheck does not need standard library headers to get proper results.,/home/yichen/Desktop/Qwen_Baseline02/F012.c|3|information|missingIncludeSystem|Include file: <stdlib.h> not found. Please note: Cppcheck does not need standard library headers to get proper results.,/home/yichen/Desktop/Qwen_Baseline_Results02/logs/F012_cppcheck.log
/home/yichen/Desktop/Qwen_Baseline02/F012.c,cppcheck,True,success,True,0,9,4,information,missingIncludeSystem,Include file: <string.h> not found. Please note: Cppcheck does not need standard library headers to get proper results.,/home/yichen/Desktop/Qwen_Baseline02/F012.c|4|information|missingIncludeSystem|Include file: <string.h> not found. Please note: Cppcheck does not need standard library headers to get proper results.,/home/yichen/Desktop/Qwen_Baseline_Results02/logs/F012_cppcheck.log
/home/yichen/Desktop/Qwen_Baseline02/F012.c,cppcheck,True,success,True,0,9,16,warning,invalidscanf,scanf() without field width limits can crash with huge input data.,/home/yichen/Desktop/Qwen_Baseline02/F012.c|16|warning|invalidscanf|scanf() without field width limits can crash with huge input data.,/home/yichen/Desktop/Qwen_Baseline_Results02/logs/F012_cppcheck.log
/home/yichen/Desktop/Qwen_Baseline02/F012.c,cppcheck,True,success,True,0,9,18,warning,invalidscanf,scanf() without field width limits can crash with huge input data.,/home/yichen/Desktop/Qwen_Baseline02/F012.c|18|warning|invalidscanf|scanf() without field width limits can crash with huge input data.,/home/yichen/Desktop/Qwen_Baseline_Results02/logs/F012_cppcheck.log
/home/yichen/Desktop/Qwen_Baseline02/F012.c,cppcheck,True,success,True,0,9,30,warning,invalidscanf,scanf() without field width limits can crash with huge input data.,/home/yichen/Desktop/Qwen_Baseline02/F012.c|30|warning|invalidscanf|scanf() without field width limits can crash with huge input data.,/home/yichen/Desktop/Qwen_Baseline_Results02/logs/F012_cppcheck.log
/home/yichen/Desktop/Qwen_Baseline02/F012.c,cppcheck,True,success,True,0,9,37,warning,invalidscanf,scanf() without field width limits can crash with huge input data.,/home/yichen/Desktop/Qwen_Baseline02/F012.c|37|warning|invalidscanf|scanf() without field width limits can crash with huge input data.,/home/yichen/Desktop/Qwen_Baseline_Results02/logs/F012_cppcheck.log
/home/yichen/Desktop/Qwen_Baseline02/F012.c,cppcheck,True,success,True,0,9,9,style,constParameterPointer,Parameter 'name' can be declared as pointer to const,/home/yichen/Desktop/Qwen_Baseline02/F012.c|9|style|constParameterPointer|Parameter 'name' can be declared as pointer to const,/home/yichen/Desktop/Qwen_Baseline_Results02/logs/F012_cppcheck.log
nofile,cppcheck,True,success,True,0,9,0,information,checkersReport,Active checkers: 113/592 (use --checkers-report=<filename> to see details),nofile|0|information|checkersReport|Active checkers: 113/592 (use --checkers-report=<filename> to see details),/home/yichen/Desktop/Qwen_Baseline_Results02/logs/F012_cppcheck.log
/home/yichen/Desktop/Qwen_Baseline02/F013.c,cppcheck,True,success,True,0,12,2,information,missingIncludeSystem,Include file: <stdio.h> not found. Please note: Cppcheck does not need standard library headers to get proper results.,/home/yichen/Desktop/Qwen_Baseline02/F013.c|2|information|missingIncludeSystem|Include file: <stdio.h> not found. Please note: Cppcheck does not need standard library headers to get proper results.,/home/yichen/Desktop/Qwen_Baseline_Results02/logs/F013_cppcheck.log
/home/yichen/Desktop/Qwen_Baseline02/F013.c,cppcheck,True,success,True,0,12,3,information,missingIncludeSystem,Include file: <stdlib.h> not found. Please note: Cppcheck does not need standard library headers to get proper results.,/home/yichen/Desktop/Qwen_Baseline02/F013.c|3|information|missingIncludeSystem|Include file: <stdlib.h> not found. Please note: Cppcheck does not need standard library headers to get proper results.,/home/yichen/Desktop/Qwen_Baseline_Results02/logs/F013_cppcheck.log
/home/yichen/Desktop/Qwen_Baseline02/F013.c,cppcheck,True,success,True,0,12,4,information,missingIncludeSystem,Include file: <string.h> not found. Please note: Cppcheck does not need standard library headers to get proper results.,/home/yichen/Desktop/Qwen_Baseline02/F013.c|4|information|missingIncludeSystem|Include file: <string.h> not found. Please note: Cppcheck does not need standard library headers to get proper results.,/home/yichen/Desktop/Qwen_Baseline_Results02/logs/F013_cppcheck.log
/home/yichen/Desktop/Qwen_Baseline02/F013.c,cppcheck,True,success,True,0,12,17,warning,invalidscanf,scanf() without field width limits can crash with huge input data.,/home/yichen/Desktop/Qwen_Baseline02/F013.c|17|warning|invalidscanf|scanf() without field width limits can crash with huge input data.,/home/yichen/Desktop/Qwen_Baseline_Results02/logs/F013_cppcheck.log
/home/yichen/Desktop/Qwen_Baseline02/F013.c,cppcheck,True,success,True,0,12,19,warning,invalidscanf,scanf() without field width limits can crash with huge input data.,/home/yichen/Desktop/Qwen_Baseline02/F013.c|19|warning|invalidscanf|scanf() without field width limits can crash with huge input data.,/home/yichen/Desktop/Qwen_Baseline_Results02/logs/F013_cppcheck.log
/home/yichen/Desktop/Qwen_Baseline02/F013.c,cppcheck,True,success,True,0,12,24,warning,invalidscanf,scanf() without field width limits can crash with huge input data.,/home/yichen/Desktop/Qwen_Baseline02/F013.c|24|warning|invalidscanf|scanf() without field width limits can crash with huge input data.,/home/yichen/Desktop/Qwen_Baseline_Results02/logs/F013_cppcheck.log
/home/yichen/Desktop/Qwen_Baseline02/F013.c,cppcheck,True,success,True,0,12,32,warning,invalidscanf,scanf() without field width limits can crash with huge input data.,/home/yichen/Desktop/Qwen_Baseline02/F013.c|32|warning|invalidscanf|scanf() without field width limits can crash with huge input data.,/home/yichen/Desktop/Qwen_Baseline_Results02/logs/F013_cppcheck.log
/home/yichen/Desktop/Qwen_Baseline02/F013.c,cppcheck,True,success,True,0,12,40,warning,invalidscanf,scanf() without field width limits can crash with huge input data.,/home/yichen/Desktop/Qwen_Baseline02/F013.c|40|warning|invalidscanf|scanf() without field width limits can crash with huge input data.,/home/yichen/Desktop/Qwen_Baseline_Results02/logs/F013_cppcheck.log
/home/yichen/Desktop/Qwen_Baseline02/F013.c,cppcheck,True,success,True,0,12,48,warning,invalidscanf,scanf() without field width limits can crash with huge input data.,/home/yichen/Desktop/Qwen_Baseline02/F013.c|48|warning|invalidscanf|scanf() without field width limits can crash with huge input data.,/home/yichen/Desktop/Qwen_Baseline_Results02/logs/F013_cppcheck.log
/home/yichen/Desktop/Qwen_Baseline02/F013.c,cppcheck,True,success,True,0,12,10,style,constParameterPointer,Parameter 'arr' can be declared as pointer to const,/home/yichen/Desktop/Qwen_Baseline02/F013.c|10|style|constParameterPointer|Parameter 'arr' can be declared as pointer to const,/home/yichen/Desktop/Qwen_Baseline_Results02/logs/F013_cppcheck.log
/home/yichen/Desktop/Qwen_Baseline02/F013.c,cppcheck,True,success,True,0,12,10,style,constParameterPointer,Parameter 'title' can be declared as pointer to const,/home/yichen/Desktop/Qwen_Baseline02/F013.c|10|style|constParameterPointer|Parameter 'title' can be declared as pointer to const,/home/yichen/Desktop/Qwen_Baseline_Results02/logs/F013_cppcheck.log
nofile,cppcheck,True,success,True,0,12,0,information,checkersReport,Active checkers: 113/592 (use --checkers-report=<filename> to see details),nofile|0|information|checkersReport|Active checkers: 113/592 (use --checkers-report=<filename> to see details),/home/yichen/Desktop/Qwen_Baseline_Results02/logs/F013_cppcheck.log
/home/yichen/Desktop/Qwen_Baseline02/F014.c,cppcheck,True,success,True,0,11,2,information,missingIncludeSystem,Include file: <stdio.h> not found. Please note: Cppcheck does not need standard library headers to get proper results.,/home/yichen/Desktop/Qwen_Baseline02/F014.c|2|information|missingIncludeSystem|Include file: <stdio.h> not found. Please note: Cppcheck does not need standard library headers to get proper results.,/home/yichen/Desktop/Qwen_Baseline_Results02/logs/F014_cppcheck.log
/home/yichen/Desktop/Qwen_Baseline02/F014.c,cppcheck,True,success,True,0,11,3,information,missingIncludeSystem,Include file: <stdlib.h> not found. Please note: Cppcheck does not need standard library headers to get proper results.,/home/yichen/Desktop/Qwen_Baseline02/F014.c|3|information|missingIncludeSystem|Include file: <stdlib.h> not found. Please note: Cppcheck does not need standard library headers to get proper results.,/home/yichen/Desktop/Qwen_Baseline_Results02/logs/F014_cppcheck.log
/home/yichen/Desktop/Qwen_Baseline02/F014.c,cppcheck,True,success,True,0,11,4,information,missingIncludeSystem,Include file: <string.h> not found. Please note: Cppcheck does not need standard library headers to get proper results.,/home/yichen/Desktop/Qwen_Baseline02/F014.c|4|information|missingIncludeSystem|Include file: <string.h> not found. Please note: Cppcheck does not need standard library headers to get proper results.,/home/yichen/Desktop/Qwen_Baseline_Results02/logs/F014_cppcheck.log
/home/yichen/Desktop/Qwen_Baseline02/F014.c,cppcheck,True,success,True,0,11,16,warning,invalidscanf,scanf() without field width limits can crash with huge input data.,/home/yichen/Desktop/Qwen_Baseline02/F014.c|16|warning|invalidscanf|scanf() without field width limits can crash with huge input data.,/home/yichen/Desktop/Qwen_Baseline_Results02/logs/F014_cppcheck.log
/home/yichen/Desktop/Qwen_Baseline02/F014.c,cppcheck,True,success,True,0,11,18,warning,invalidscanf,scanf() without field width limits can crash with huge input data.,/home/yichen/Desktop/Qwen_Baseline02/F014.c|18|warning|invalidscanf|scanf() without field width limits can crash with huge input data.,/home/yichen/Desktop/Qwen_Baseline_Results02/logs/F014_cppcheck.log
/home/yichen/Desktop/Qwen_Baseline02/F014.c,cppcheck,True,success,True,0,11,24,warning,invalidscanf,scanf() without field width limits can crash with huge input data.,/home/yichen/Desktop/Qwen_Baseline02/F014.c|24|warning|invalidscanf|scanf() without field width limits can crash with huge input data.,/home/yichen/Desktop/Qwen_Baseline_Results02/logs/F014_cppcheck.log
/home/yichen/Desktop/Qwen_Baseline02/F014.c,cppcheck,True,success,True,0,11,30,warning,invalidscanf,scanf() without field width limits can crash with huge input data.,/home/yichen/Desktop/Qwen_Baseline02/F014.c|30|warning|invalidscanf|scanf() without field width limits can crash with huge input data.,/home/yichen/Desktop/Qwen_Baseline_Results02/logs/F014_cppcheck.log
/home/yichen/Desktop/Qwen_Baseline02/F014.c,cppcheck,True,success,True,0,11,41,warning,invalidscanf,scanf() without field width limits can crash with huge input data.,/home/yichen/Desktop/Qwen_Baseline02/F014.c|41|warning|invalidscanf|scanf() without field width limits can crash with huge input data.,/home/yichen/Desktop/Qwen_Baseline_Results02/logs/F014_cppcheck.log
/home/yichen/Desktop/Qwen_Baseline02/F014.c,cppcheck,True,success,True,0,11,50,warning,invalidscanf,scanf() without field width limits can crash with huge input data.,/home/yichen/Desktop/Qwen_Baseline02/F014.c|50|warning|invalidscanf|scanf() without field width limits can crash with huge input data.,/home/yichen/Desktop/Qwen_Baseline_Results02/logs/F014_cppcheck.log
/home/yichen/Desktop/Qwen_Baseline02/F014.c,cppcheck,True,success,True,0,11,9,style,constParameterPointer,Parameter 'name' can be declared as pointer to const,/home/yichen/Desktop/Qwen_Baseline02/F014.c|9|style|constParameterPointer|Parameter 'name' can be declared as pointer to const,/home/yichen/Desktop/Qwen_Baseline_Results02/logs/F014_cppcheck.log
nofile,cppcheck,True,success,True,0,11,0,information,checkersReport,Active checkers: 113/592 (use --checkers-report=<filename> to see details),nofile|0|information|checkersReport|Active checkers: 113/592 (use --checkers-report=<filename> to see details),/home/yichen/Desktop/Qwen_Baseline_Results02/logs/F014_cppcheck.log
/home/yichen/Desktop/Qwen_Baseline02/F015.c,cppcheck,True,success,True,0,11,2,information,missingIncludeSystem,Include file: <stdio.h> not found. Please note: Cppcheck does not need standard library headers to get proper results.,/home/yichen/Desktop/Qwen_Baseline02/F015.c|2|information|missingIncludeSystem|Include file: <stdio.h> not found. Please note: Cppcheck does not need standard library headers to get proper results.,/home/yichen/Desktop/Qwen_Baseline_Results02/logs/F015_cppcheck.log
/home/yichen/Desktop/Qwen_Baseline02/F015.c,cppcheck,True,success,True,0,11,3,information,missingIncludeSystem,Include file: <stdlib.h> not found. Please note: Cppcheck does not need standard library headers to get proper results.,/home/yichen/Desktop/Qwen_Baseline02/F015.c|3|information|missingIncludeSystem|Include file: <stdlib.h> not found. Please note: Cppcheck does not need standard library headers to get proper results.,/home/yichen/Desktop/Qwen_Baseline_Results02/logs/F015_cppcheck.log
/home/yichen/Desktop/Qwen_Baseline02/F015.c,cppcheck,True,success,True,0,11,4,information,missingIncludeSystem,Include file: <string.h> not found. Please note: Cppcheck does not need standard library headers to get proper results.,/home/yichen/Desktop/Qwen_Baseline02/F015.c|4|information|missingIncludeSystem|Include file: <string.h> not found. Please note: Cppcheck does not need standard library headers to get proper results.,/home/yichen/Desktop/Qwen_Baseline_Results02/logs/F015_cppcheck.log
/home/yichen/Desktop/Qwen_Baseline02/F015.c,cppcheck,True,success,True,0,11,16,warning,invalidscanf,scanf() without field width limits can crash with huge input data.,/home/yichen/Desktop/Qwen_Baseline02/F015.c|16|warning|invalidscanf|scanf() without field width limits can crash with huge input data.,/home/yichen/Desktop/Qwen_Baseline_Results02/logs/F015_cppcheck.log
/home/yichen/Desktop/Qwen_Baseline02/F015.c,cppcheck,True,success,True,0,11,18,warning,invalidscanf,scanf() without field width limits can crash with huge input data.,/home/yichen/Desktop/Qwen_Baseline02/F015.c|18|warning|invalidscanf|scanf() without field width limits can crash with huge input data.,/home/yichen/Desktop/Qwen_Baseline_Results02/logs/F015_cppcheck.log
/home/yichen/Desktop/Qwen_Baseline02/F015.c,cppcheck,True,success,True,0,11,22,warning,invalidscanf,scanf() without field width limits can crash with huge input data.,/home/yichen/Desktop/Qwen_Baseline02/F015.c|22|warning|invalidscanf|scanf() without field width limits can crash with huge input data.,/home/yichen/Desktop/Qwen_Baseline_Results02/logs/F015_cppcheck.log
/home/yichen/Desktop/Qwen_Baseline02/F015.c,cppcheck,True,success,True,0,11,28,warning,invalidscanf,scanf() without field width limits can crash with huge input data.,/home/yichen/Desktop/Qwen_Baseline02/F015.c|28|warning|invalidscanf|scanf() without field width limits can crash with huge input data.,/home/yichen/Desktop/Qwen_Baseline_Results02/logs/F015_cppcheck.log
/home/yichen/Desktop/Qwen_Baseline02/F015.c,cppcheck,True,success,True,0,11,39,warning,invalidscanf,scanf() without field width limits can crash with huge input data.,/home/yichen/Desktop/Qwen_Baseline02/F015.c|39|warning|invalidscanf|scanf() without field width limits can crash with huge input data.,/home/yichen/Desktop/Qwen_Baseline_Results02/logs/F015_cppcheck.log
/home/yichen/Desktop/Qwen_Baseline02/F015.c,cppcheck,True,success,True,0,11,46,warning,invalidscanf,scanf() without field width limits can crash with huge input data.,/home/yichen/Desktop/Qwen_Baseline02/F015.c|46|warning|invalidscanf|scanf() without field width limits can crash with huge input data.,/home/yichen/Desktop/Qwen_Baseline_Results02/logs/F015_cppcheck.log
/home/yichen/Desktop/Qwen_Baseline02/F015.c,cppcheck,True,success,True,0,11,9,style,constParameterPointer,Parameter 'name' can be declared as pointer to const,/home/yichen/Desktop/Qwen_Baseline02/F015.c|9|style|constParameterPointer|Parameter 'name' can be declared as pointer to const,/home/yichen/Desktop/Qwen_Baseline_Results02/logs/F015_cppcheck.log
nofile,cppcheck,True,success,True,0,11,0,information,checkersReport,Active checkers: 113/592 (use --checkers-report=<filename> to see details),nofile|0|information|checkersReport|Active checkers: 113/592 (use --checkers-report=<filename> to see details),/home/yichen/Desktop/Qwen_Baseline_Results02/logs/F015_cppcheck.log
/home/yichen/Desktop/Qwen_Baseline02/F016.c,cppcheck,True,success,True,0,17,2,information,missingIncludeSystem,Include file: <stdio.h> not found. Please note: Cppcheck does not need standard library headers to get proper results.,/home/yichen/Desktop/Qwen_Baseline02/F016.c|2|information|missingIncludeSystem|Include file: <stdio.h> not found. Please note: Cppcheck does not need standard library headers to get proper results.,/home/yichen/Desktop/Qwen_Baseline_Results02/logs/F016_cppcheck.log
/home/yichen/Desktop/Qwen_Baseline02/F016.c,cppcheck,True,success,True,0,17,3,information,missingIncludeSystem,Include file: <stdlib.h> not found. Please note: Cppcheck does not need standard library headers to get proper results.,/home/yichen/Desktop/Qwen_Baseline02/F016.c|3|information|missingIncludeSystem|Include file: <stdlib.h> not found. Please note: Cppcheck does not need standard library headers to get proper results.,/home/yichen/Desktop/Qwen_Baseline_Results02/logs/F016_cppcheck.log
/home/yichen/Desktop/Qwen_Baseline02/F016.c,cppcheck,True,success,True,0,17,4,information,missingIncludeSystem,Include file: <string.h> not found. Please note: Cppcheck does not need standard library headers to get proper results.,/home/yichen/Desktop/Qwen_Baseline02/F016.c|4|information|missingIncludeSystem|Include file: <string.h> not found. Please note: Cppcheck does not need standard library headers to get proper results.,/home/yichen/Desktop/Qwen_Baseline_Results02/logs/F016_cppcheck.log
/home/yichen/Desktop/Qwen_Baseline02/F016.c,cppcheck,True,success,True,0,17,33,warning,invalidscanf,scanf() without field width limits can crash with huge input data.,/home/yichen/Desktop/Qwen_Baseline02/F016.c|33|warning|invalidscanf|scanf() without field width limits can crash with huge input data.,/home/yichen/Desktop/Qwen_Baseline_Results02/logs/F016_cppcheck.log
/home/yichen/Desktop/Qwen_Baseline02/F016.c,cppcheck,True,success,True,0,17,45,warning,invalidscanf,scanf() without field width limits can crash with huge input data.,/home/yichen/Desktop/Qwen_Baseline02/F016.c|45|warning|invalidscanf|scanf() without field width limits can crash with huge input data.,/home/yichen/Desktop/Qwen_Baseline_Results02/logs/F016_cppcheck.log
/home/yichen/Desktop/Qwen_Baseline02/F016.c,cppcheck,True,success,True,0,17,52,warning,invalidscanf,scanf() without field width limits can crash with huge input data.,/home/yichen/Desktop/Qwen_Baseline02/F016.c|52|warning|invalidscanf|scanf() without field width limits can crash with huge input data.,/home/yichen/Desktop/Qwen_Baseline_Results02/logs/F016_cppcheck.log
/home/yichen/Desktop/Qwen_Baseline02/F016.c,cppcheck,True,success,True,0,17,9,style,constParameterPointer,Parameter 'name' can be declared as pointer to const,/home/yichen/Desktop/Qwen_Baseline02/F016.c|9|style|constParameterPointer|Parameter 'name' can be declared as pointer to const,/home/yichen/Desktop/Qwen_Baseline_Results02/logs/F016_cppcheck.log
/home/yichen/Desktop/Qwen_Baseline02/F016.c,cppcheck,True,success,True,0,17,14,style,constParameterPointer,Parameter 'path' can be declared as pointer to const,/home/yichen/Desktop/Qwen_Baseline02/F016.c|14|style|constParameterPointer|Parameter 'path' can be declared as pointer to const,/home/yichen/Desktop/Qwen_Baseline_Results02/logs/F016_cppcheck.log
/home/yichen/Desktop/Qwen_Baseline02/F016.c,cppcheck,True,success,True,0,17,20,style,constVariablePointer,Variable 'n' can be declared as pointer to const,/home/yichen/Desktop/Qwen_Baseline02/F016.c|20|style|constVariablePointer|Variable 'n' can be declared as pointer to const,/home/yichen/Desktop/Qwen_Baseline_Results02/logs/F016_cppcheck.log
/home/yichen/Desktop/Qwen_Baseline02/F016.c,cppcheck,True,success,True,0,17,21,style,constVariablePointer,Variable 'e' can be declared as pointer to const,/home/yichen/Desktop/Qwen_Baseline02/F016.c|21|style|constVariablePointer|Variable 'e' can be declared as pointer to const,/home/yichen/Desktop/Qwen_Baseline_Results02/logs/F016_cppcheck.log
/home/yichen/Desktop/Qwen_Baseline02/F016.c,cppcheck,True,success,True,0,17,22,style,constVariablePointer,Variable 'p' can be declared as pointer to const,/home/yichen/Desktop/Qwen_Baseline02/F016.c|22|style|constVariablePointer|Variable 'p' can be declared as pointer to const,/home/yichen/Desktop/Qwen_Baseline_Results02/logs/F016_cppcheck.log
/home/yichen/Desktop/Qwen_Baseline02/F016.c,cppcheck,True,success,True,0,17,38,style,constVariablePointer,Variable 'n' can be declared as pointer to const,/home/yichen/Desktop/Qwen_Baseline02/F016.c|38|style|constVariablePointer|Variable 'n' can be declared as pointer to const,/home/yichen/Desktop/Qwen_Baseline_Results02/logs/F016_cppcheck.log
/home/yichen/Desktop/Qwen_Baseline02/F016.c,cppcheck,True,success,True,0,17,39,style,constVariablePointer,Variable 'e' can be declared as pointer to const,/home/yichen/Desktop/Qwen_Baseline02/F016.c|39|style|constVariablePointer|Variable 'e' can be declared as pointer to const,/home/yichen/Desktop/Qwen_Baseline_Results02/logs/F016_cppcheck.log
/home/yichen/Desktop/Qwen_Baseline02/F016.c,cppcheck,True,success,True,0,17,40,style,constVariablePointer,Variable 'p' can be declared as pointer to const,/home/yichen/Desktop/Qwen_Baseline02/F016.c|40|style|constVariablePointer|Variable 'p' can be declared as pointer to const,/home/yichen/Desktop/Qwen_Baseline_Results02/logs/F016_cppcheck.log
/home/yichen/Desktop/Qwen_Baseline02/F016.c,cppcheck,True,success,True,0,17,32,style,unusedVariable,Unused variable: email,/home/yichen/Desktop/Qwen_Baseline02/F016.c|32|style|unusedVariable|Unused variable: email,/home/yichen/Desktop/Qwen_Baseline_Results02/logs/F016_cppcheck.log
/home/yichen/Desktop/Qwen_Baseline02/F016.c,cppcheck,True,success,True,0,17,32,style,unusedVariable,Unused variable: phone,/home/yichen/Desktop/Qwen_Baseline02/F016.c|32|style|unusedVariable|Unused variable: phone,/home/yichen/Desktop/Qwen_Baseline_Results02/logs/F016_cppcheck.log
nofile,cppcheck,True,success,True,0,17,0,information,checkersReport,Active checkers: 113/592 (use --checkers-report=<filename> to see details),nofile|0|information|checkersReport|Active checkers: 113/592 (use --checkers-report=<filename> to see details),/home/yichen/Desktop/Qwen_Baseline_Results02/logs/F016_cppcheck.log
/home/yichen/Desktop/Qwen_Baseline02/F017.c,cppcheck,True,success,True,0,10,2,information,missingIncludeSystem,Include file: <stdio.h> not found. Please note: Cppcheck does not need standard library headers to get proper results.,/home/yichen/Desktop/Qwen_Baseline02/F017.c|2|information|missingIncludeSystem|Include file: <stdio.h> not found. Please note: Cppcheck does not need standard library headers to get proper results.,/home/yichen/Desktop/Qwen_Baseline_Results02/logs/F017_cppcheck.log
/home/yichen/Desktop/Qwen_Baseline02/F017.c,cppcheck,True,success,True,0,10,3,information,missingIncludeSystem,Include file: <stdlib.h> not found. Please note: Cppcheck does not need standard library headers to get proper results.,/home/yichen/Desktop/Qwen_Baseline02/F017.c|3|information|missingIncludeSystem|Include file: <stdlib.h> not found. Please note: Cppcheck does not need standard library headers to get proper results.,/home/yichen/Desktop/Qwen_Baseline_Results02/logs/F017_cppcheck.log
/home/yichen/Desktop/Qwen_Baseline02/F017.c,cppcheck,True,success,True,0,10,4,information,missingIncludeSystem,Include file: <string.h> not found. Please note: Cppcheck does not need standard library headers to get proper results.,/home/yichen/Desktop/Qwen_Baseline02/F017.c|4|information|missingIncludeSystem|Include file: <string.h> not found. Please note: Cppcheck does not need standard library headers to get proper results.,/home/yichen/Desktop/Qwen_Baseline_Results02/logs/F017_cppcheck.log
/home/yichen/Desktop/Qwen_Baseline02/F017.c,cppcheck,True,success,True,0,10,32,warning,invalidscanf,scanf() without field width limits can crash with huge input data.,/home/yichen/Desktop/Qwen_Baseline02/F017.c|32|warning|invalidscanf|scanf() without field width limits can crash with huge input data.,/home/yichen/Desktop/Qwen_Baseline_Results02/logs/F017_cppcheck.log
/home/yichen/Desktop/Qwen_Baseline02/F017.c,cppcheck,True,success,True,0,10,34,warning,invalidscanf,scanf() without field width limits can crash with huge input data.,/home/yichen/Desktop/Qwen_Baseline02/F017.c|34|warning|invalidscanf|scanf() without field width limits can crash with huge input data.,/home/yichen/Desktop/Qwen_Baseline_Results02/logs/F017_cppcheck.log
/home/yichen/Desktop/Qwen_Baseline02/F017.c,cppcheck,True,success,True,0,10,41,warning,invalidscanf,scanf() without field width limits can crash with huge input data.,/home/yichen/Desktop/Qwen_Baseline02/F017.c|41|warning|invalidscanf|scanf() without field width limits can crash with huge input data.,/home/yichen/Desktop/Qwen_Baseline_Results02/logs/F017_cppcheck.log
/home/yichen/Desktop/Qwen_Baseline02/F017.c,cppcheck,True,success,True,0,10,48,warning,invalidscanf,scanf() without field width limits can crash with huge input data.,/home/yichen/Desktop/Qwen_Baseline02/F017.c|48|warning|invalidscanf|scanf() without field width limits can crash with huge input data.,/home/yichen/Desktop/Qwen_Baseline_Results02/logs/F017_cppcheck.log
/home/yichen/Desktop/Qwen_Baseline02/F017.c,cppcheck,True,success,True,0,10,9,style,constParameterPointer,Parameter 'key' can be declared as pointer to const,/home/yichen/Desktop/Qwen_Baseline02/F017.c|9|style|constParameterPointer|Parameter 'key' can be declared as pointer to const,/home/yichen/Desktop/Qwen_Baseline_Results02/logs/F017_cppcheck.log
/home/yichen/Desktop/Qwen_Baseline02/F017.c,cppcheck,True,success,True,0,10,14,style,constParameterPointer,Parameter 'path' can be declared as pointer to const,/home/yichen/Desktop/Qwen_Baseline02/F017.c|14|style|constParameterPointer|Parameter 'path' can be declared as pointer to const,/home/yichen/Desktop/Qwen_Baseline_Results02/logs/F017_cppcheck.log
nofile,cppcheck,True,success,True,0,10,0,information,checkersReport,Active checkers: 113/592 (use --checkers-report=<filename> to see details),nofile|0|information|checkersReport|Active checkers: 113/592 (use --checkers-report=<filename> to see details),/home/yichen/Desktop/Qwen_Baseline_Results02/logs/F017_cppcheck.log
/home/yichen/Desktop/Qwen_Baseline02/F018.c,cppcheck,True,success,True,0,7,2,information,missingIncludeSystem,Include file: <stdio.h> not found. Please note: Cppcheck does not need standard library headers to get proper results.,/home/yichen/Desktop/Qwen_Baseline02/F018.c|2|information|missingIncludeSystem|Include file: <stdio.h> not found. Please note: Cppcheck does not need standard library headers to get proper results.,/home/yichen/Desktop/Qwen_Baseline_Results02/logs/F018_cppcheck.log
/home/yichen/Desktop/Qwen_Baseline02/F018.c,cppcheck,True,success,True,0,7,3,information,missingIncludeSystem,Include file: <stdlib.h> not found. Please note: Cppcheck does not need standard library headers to get proper results.,/home/yichen/Desktop/Qwen_Baseline02/F018.c|3|information|missingIncludeSystem|Include file: <stdlib.h> not found. Please note: Cppcheck does not need standard library headers to get proper results.,/home/yichen/Desktop/Qwen_Baseline_Results02/logs/F018_cppcheck.log
/home/yichen/Desktop/Qwen_Baseline02/F018.c,cppcheck,True,success,True,0,7,4,information,missingIncludeSystem,Include file: <string.h> not found. Please note: Cppcheck does not need standard library headers to get proper results.,/home/yichen/Desktop/Qwen_Baseline02/F018.c|4|information|missingIncludeSystem|Include file: <string.h> not found. Please note: Cppcheck does not need standard library headers to get proper results.,/home/yichen/Desktop/Qwen_Baseline_Results02/logs/F018_cppcheck.log
/home/yichen/Desktop/Qwen_Baseline02/F018.c,cppcheck,True,success,True,0,7,32,warning,invalidscanf,scanf() without field width limits can crash with huge input data.,/home/yichen/Desktop/Qwen_Baseline02/F018.c|32|warning|invalidscanf|scanf() without field width limits can crash with huge input data.,/home/yichen/Desktop/Qwen_Baseline_Results02/logs/F018_cppcheck.log
/home/yichen/Desktop/Qwen_Baseline02/F018.c,cppcheck,True,success,True,0,7,9,style,constParameterPointer,Parameter 'word' can be declared as pointer to const,/home/yichen/Desktop/Qwen_Baseline02/F018.c|9|style|constParameterPointer|Parameter 'word' can be declared as pointer to const,/home/yichen/Desktop/Qwen_Baseline_Results02/logs/F018_cppcheck.log
/home/yichen/Desktop/Qwen_Baseline02/F018.c,cppcheck,True,success,True,0,7,14,style,constParameterPointer,Parameter 'path' can be declared as pointer to const,/home/yichen/Desktop/Qwen_Baseline02/F018.c|14|style|constParameterPointer|Parameter 'path' can be declared as pointer to const,/home/yichen/Desktop/Qwen_Baseline_Results02/logs/F018_cppcheck.log
nofile,cppcheck,True,success,True,0,7,0,information,checkersReport,Active checkers: 113/592 (use --checkers-report=<filename> to see details),nofile|0|information|checkersReport|Active checkers: 113/592 (use --checkers-report=<filename> to see details),/home/yichen/Desktop/Qwen_Baseline_Results02/logs/F018_cppcheck.log
/home/yichen/Desktop/Qwen_Baseline02/F019.c,cppcheck,True,success,True,0,12,2,information,missingIncludeSystem,Include file: <stdio.h> not found. Please note: Cppcheck does not need standard library headers to get proper results.,/home/yichen/Desktop/Qwen_Baseline02/F019.c|2|information|missingIncludeSystem|Include file: <stdio.h> not found. Please note: Cppcheck does not need standard library headers to get proper results.,/home/yichen/Desktop/Qwen_Baseline_Results02/logs/F019_cppcheck.log
/home/yichen/Desktop/Qwen_Baseline02/F019.c,cppcheck,True,success,True,0,12,3,information,missingIncludeSystem,Include file: <stdlib.h> not found. Please note: Cppcheck does not need standard library headers to get proper results.,/home/yichen/Desktop/Qwen_Baseline02/F019.c|3|information|missingIncludeSystem|Include file: <stdlib.h> not found. Please note: Cppcheck does not need standard library headers to get proper results.,/home/yichen/Desktop/Qwen_Baseline_Results02/logs/F019_cppcheck.log
/home/yichen/Desktop/Qwen_Baseline02/F019.c,cppcheck,True,success,True,0,12,4,information,missingIncludeSystem,Include file: <string.h> not found. Please note: Cppcheck does not need standard library headers to get proper results.,/home/yichen/Desktop/Qwen_Baseline02/F019.c|4|information|missingIncludeSystem|Include file: <string.h> not found. Please note: Cppcheck does not need standard library headers to get proper results.,/home/yichen/Desktop/Qwen_Baseline_Results02/logs/F019_cppcheck.log
/home/yichen/Desktop/Qwen_Baseline02/F019.c,cppcheck,True,success,True,0,12,37,warning,invalidscanf,scanf() without field width limits can crash with huge input data.,/home/yichen/Desktop/Qwen_Baseline02/F019.c|37|warning|invalidscanf|scanf() without field width limits can crash with huge input data.,/home/yichen/Desktop/Qwen_Baseline_Results02/logs/F019_cppcheck.log
/home/yichen/Desktop/Qwen_Baseline02/F019.c,cppcheck,True,success,True,0,12,39,warning,invalidscanf,scanf() without field width limits can crash with huge input data.,/home/yichen/Desktop/Qwen_Baseline02/F019.c|39|warning|invalidscanf|scanf() without field width limits can crash with huge input data.,/home/yichen/Desktop/Qwen_Baseline_Results02/logs/F019_cppcheck.log
/home/yichen/Desktop/Qwen_Baseline02/F019.c,cppcheck,True,success,True,0,12,44,warning,invalidscanf,scanf() without field width limits can crash with huge input data.,/home/yichen/Desktop/Qwen_Baseline02/F019.c|44|warning|invalidscanf|scanf() without field width limits can crash with huge input data.,/home/yichen/Desktop/Qwen_Baseline_Results02/logs/F019_cppcheck.log
/home/yichen/Desktop/Qwen_Baseline02/F019.c,cppcheck,True,success,True,0,12,53,warning,invalidscanf,scanf() without field width limits can crash with huge input data.,/home/yichen/Desktop/Qwen_Baseline02/F019.c|53|warning|invalidscanf|scanf() without field width limits can crash with huge input data.,/home/yichen/Desktop/Qwen_Baseline_Results02/logs/F019_cppcheck.log
/home/yichen/Desktop/Qwen_Baseline02/F019.c,cppcheck,True,success,True,0,12,9,style,constParameterPointer,Parameter 'acc' can be declared as pointer to const,/home/yichen/Desktop/Qwen_Baseline02/F019.c|9|style|constParameterPointer|Parameter 'acc' can be declared as pointer to const,/home/yichen/Desktop/Qwen_Baseline_Results02/logs/F019_cppcheck.log
/home/yichen/Desktop/Qwen_Baseline02/F019.c,cppcheck,True,success,True,0,12,14,style,constParameterPointer,Parameter 'path' can be declared as pointer to const,/home/yichen/Desktop/Qwen_Baseline02/F019.c|14|style|constParameterPointer|Parameter 'path' can be declared as pointer to const,/home/yichen/Desktop/Qwen_Baseline_Results02/logs/F019_cppcheck.log
/home/yichen/Desktop/Qwen_Baseline02/F019.c,cppcheck,True,success,True,0,12,20,style,constVariablePointer,Variable 'a' can be declared as pointer to const,/home/yichen/Desktop/Qwen_Baseline02/F019.c|20|style|constVariablePointer|Variable 'a' can be declared as pointer to const,/home/yichen/Desktop/Qwen_Baseline_Results02/logs/F019_cppcheck.log
/home/yichen/Desktop/Qwen_Baseline02/F019.c,cppcheck,True,success,True,0,12,21,style,constVariablePointer,Variable 'am' can be declared as pointer to const,/home/yichen/Desktop/Qwen_Baseline02/F019.c|21|style|constVariablePointer|Variable 'am' can be declared as pointer to const,/home/yichen/Desktop/Qwen_Baseline_Results02/logs/F019_cppcheck.log
nofile,cppcheck,True,success,True,0,12,0,information,checkersReport,Active checkers: 113/592 (use --checkers-report=<filename> to see details),nofile|0|information|checkersReport|Active checkers: 113/592 (use --checkers-report=<filename> to see details),/home/yichen/Desktop/Qwen_Baseline_Results02/logs/F019_cppcheck.log
/home/yichen/Desktop/Qwen_Baseline02/F020.c,cppcheck,True,success,True,0,7,2,information,missingIncludeSystem,Include file: <stdio.h> not found. Please note: Cppcheck does not need standard library headers to get proper results.,/home/yichen/Desktop/Qwen_Baseline02/F020.c|2|information|missingIncludeSystem|Include file: <stdio.h> not found. Please note: Cppcheck does not need standard library headers to get proper results.,/home/yichen/Desktop/Qwen_Baseline_Results02/logs/F020_cppcheck.log
/home/yichen/Desktop/Qwen_Baseline02/F020.c,cppcheck,True,success,True,0,7,3,information,missingIncludeSystem,Include file: <stdlib.h> not found. Please note: Cppcheck does not need standard library headers to get proper results.,/home/yichen/Desktop/Qwen_Baseline02/F020.c|3|information|missingIncludeSystem|Include file: <stdlib.h> not found. Please note: Cppcheck does not need standard library headers to get proper results.,/home/yichen/Desktop/Qwen_Baseline_Results02/logs/F020_cppcheck.log
/home/yichen/Desktop/Qwen_Baseline02/F020.c,cppcheck,True,success,True,0,7,4,information,missingIncludeSystem,Include file: <string.h> not found. Please note: Cppcheck does not need standard library headers to get proper results.,/home/yichen/Desktop/Qwen_Baseline02/F020.c|4|information|missingIncludeSystem|Include file: <string.h> not found. Please note: Cppcheck does not need standard library headers to get proper results.,/home/yichen/Desktop/Qwen_Baseline_Results02/logs/F020_cppcheck.log
/home/yichen/Desktop/Qwen_Baseline02/F020.c,cppcheck,True,success,True,0,7,40,warning,invalidscanf,scanf() without field width limits can crash with huge input data.,/home/yichen/Desktop/Qwen_Baseline02/F020.c|40|warning|invalidscanf|scanf() without field width limits can crash with huge input data.,/home/yichen/Desktop/Qwen_Baseline_Results02/logs/F020_cppcheck.log
/home/yichen/Desktop/Qwen_Baseline02/F020.c,cppcheck,True,success,True,0,7,9,style,constParameterPointer,Parameter 'title' can be declared as pointer to const,/home/yichen/Desktop/Qwen_Baseline02/F020.c|9|style|constParameterPointer|Parameter 'title' can be declared as pointer to const,/home/yichen/Desktop/Qwen_Baseline_Results02/logs/F020_cppcheck.log
/home/yichen/Desktop/Qwen_Baseline02/F020.c,cppcheck,True,success,True,0,7,14,style,constParameterPointer,Parameter 'path' can be declared as pointer to const,/home/yichen/Desktop/Qwen_Baseline02/F020.c|14|style|constParameterPointer|Parameter 'path' can be declared as pointer to const,/home/yichen/Desktop/Qwen_Baseline_Results02/logs/F020_cppcheck.log
nofile,cppcheck,True,success,True,0,7,0,information,checkersReport,Active checkers: 113/592 (use --checkers-report=<filename> to see details),nofile|0|information|checkersReport|Active checkers: 113/592 (use --checkers-report=<filename> to see details),/home/yichen/Desktop/Qwen_Baseline_Results02/logs/F020_cppcheck.log
/home/yichen/Desktop/Qwen_Baseline02/F021.c,cppcheck,True,success,True,0,12,2,information,missingIncludeSystem,Include file: <stdio.h> not found. Please note: Cppcheck does not need standard library headers to get proper results.,/home/yichen/Desktop/Qwen_Baseline02/F021.c|2|information|missingIncludeSystem|Include file: <stdio.h> not found. Please note: Cppcheck does not need standard library headers to get proper results.,/home/yichen/Desktop/Qwen_Baseline_Results02/logs/F021_cppcheck.log
/home/yichen/Desktop/Qwen_Baseline02/F021.c,cppcheck,True,success,True,0,12,3,information,missingIncludeSystem,Include file: <stdlib.h> not found. Please note: Cppcheck does not need standard library headers to get proper results.,/home/yichen/Desktop/Qwen_Baseline02/F021.c|3|information|missingIncludeSystem|Include file: <stdlib.h> not found. Please note: Cppcheck does not need standard library headers to get proper results.,/home/yichen/Desktop/Qwen_Baseline_Results02/logs/F021_cppcheck.log
/home/yichen/Desktop/Qwen_Baseline02/F021.c,cppcheck,True,success,True,0,12,4,information,missingIncludeSystem,Include file: <string.h> not found. Please note: Cppcheck does not need standard library headers to get proper results.,/home/yichen/Desktop/Qwen_Baseline02/F021.c|4|information|missingIncludeSystem|Include file: <string.h> not found. Please note: Cppcheck does not need standard library headers to get proper results.,/home/yichen/Desktop/Qwen_Baseline_Results02/logs/F021_cppcheck.log
/home/yichen/Desktop/Qwen_Baseline02/F021.c,cppcheck,True,success,True,0,12,17,warning,invalidscanf,scanf() without field width limits can crash with huge input data.,/home/yichen/Desktop/Qwen_Baseline02/F021.c|17|warning|invalidscanf|scanf() without field width limits can crash with huge input data.,/home/yichen/Desktop/Qwen_Baseline_Results02/logs/F021_cppcheck.log
/home/yichen/Desktop/Qwen_Baseline02/F021.c,cppcheck,True,success,True,0,12,19,warning,invalidscanf,scanf() without field width limits can crash with huge input data.,/home/yichen/Desktop/Qwen_Baseline02/F021.c|19|warning|invalidscanf|scanf() without field width limits can crash with huge input data.,/home/yichen/Desktop/Qwen_Baseline_Results02/logs/F021_cppcheck.log
/home/yichen/Desktop/Qwen_Baseline02/F021.c,cppcheck,True,success,True,0,12,24,warning,invalidscanf,scanf() without field width limits can crash with huge input data.,/home/yichen/Desktop/Qwen_Baseline02/F021.c|24|warning|invalidscanf|scanf() without field width limits can crash with huge input data.,/home/yichen/Desktop/Qwen_Baseline_Results02/logs/F021_cppcheck.log
/home/yichen/Desktop/Qwen_Baseline02/F021.c,cppcheck,True,success,True,0,12,41,warning,invalidscanf,scanf() without field width limits can crash with huge input data.,/home/yichen/Desktop/Qwen_Baseline02/F021.c|41|warning|invalidscanf|scanf() without field width limits can crash with huge input data.,/home/yichen/Desktop/Qwen_Baseline_Results02/logs/F021_cppcheck.log
/home/yichen/Desktop/Qwen_Baseline02/F021.c,cppcheck,True,success,True,0,12,55,warning,invalidscanf,scanf() without field width limits can crash with huge input data.,/home/yichen/Desktop/Qwen_Baseline02/F021.c|55|warning|invalidscanf|scanf() without field width limits can crash with huge input data.,/home/yichen/Desktop/Qwen_Baseline_Results02/logs/F021_cppcheck.log
/home/yichen/Desktop/Qwen_Baseline02/F021.c,cppcheck,True,success,True,0,12,68,warning,invalidscanf,scanf() without field width limits can crash with huge input data.,/home/yichen/Desktop/Qwen_Baseline02/F021.c|68|warning|invalidscanf|scanf() without field width limits can crash with huge input data.,/home/yichen/Desktop/Qwen_Baseline_Results02/logs/F021_cppcheck.log
/home/yichen/Desktop/Qwen_Baseline02/F021.c,cppcheck,True,success,True,0,12,10,style,constParameterPointer,Parameter 'name' can be declared as pointer to const,/home/yichen/Desktop/Qwen_Baseline02/F021.c|10|style|constParameterPointer|Parameter 'name' can be declared as pointer to const,/home/yichen/Desktop/Qwen_Baseline_Results02/logs/F021_cppcheck.log
/home/yichen/Desktop/Qwen_Baseline02/F021.c,cppcheck,True,success,True,0,12,16,style,unusedVariable,Unused variable: note,/home/yichen/Desktop/Qwen_Baseline02/F021.c|16|style|unusedVariable|Unused variable: note,/home/yichen/Desktop/Qwen_Baseline_Results02/logs/F021_cppcheck.log
nofile,cppcheck,True,success,True,0,12,0,information,checkersReport,Active checkers: 113/592 (use --checkers-report=<filename> to see details),nofile|0|information|checkersReport|Active checkers: 113/592 (use --checkers-report=<filename> to see details),/home/yichen/Desktop/Qwen_Baseline_Results02/logs/F021_cppcheck.log
/home/yichen/Desktop/Qwen_Baseline02/F022.c,cppcheck,True,success,True,0,12,2,information,missingIncludeSystem,Include file: <stdio.h> not found. Please note: Cppcheck does not need standard library headers to get proper results.,/home/yichen/Desktop/Qwen_Baseline02/F022.c|2|information|missingIncludeSystem|Include file: <stdio.h> not found. Please note: Cppcheck does not need standard library headers to get proper results.,/home/yichen/Desktop/Qwen_Baseline_Results02/logs/F022_cppcheck.log
/home/yichen/Desktop/Qwen_Baseline02/F022.c,cppcheck,True,success,True,0,12,3,information,missingIncludeSystem,Include file: <stdlib.h> not found. Please note: Cppcheck does not need standard library headers to get proper results.,/home/yichen/Desktop/Qwen_Baseline02/F022.c|3|information|missingIncludeSystem|Include file: <stdlib.h> not found. Please note: Cppcheck does not need standard library headers to get proper results.,/home/yichen/Desktop/Qwen_Baseline_Results02/logs/F022_cppcheck.log
/home/yichen/Desktop/Qwen_Baseline02/F022.c,cppcheck,True,success,True,0,12,4,information,missingIncludeSystem,Include file: <string.h> not found. Please note: Cppcheck does not need standard library headers to get proper results.,/home/yichen/Desktop/Qwen_Baseline02/F022.c|4|information|missingIncludeSystem|Include file: <string.h> not found. Please note: Cppcheck does not need standard library headers to get proper results.,/home/yichen/Desktop/Qwen_Baseline_Results02/logs/F022_cppcheck.log
/home/yichen/Desktop/Qwen_Baseline02/F022.c,cppcheck,True,success,True,0,12,17,warning,invalidscanf,scanf() without field width limits can crash with huge input data.,/home/yichen/Desktop/Qwen_Baseline02/F022.c|17|warning|invalidscanf|scanf() without field width limits can crash with huge input data.,/home/yichen/Desktop/Qwen_Baseline_Results02/logs/F022_cppcheck.log
/home/yichen/Desktop/Qwen_Baseline02/F022.c,cppcheck,True,success,True,0,12,19,warning,invalidscanf,scanf() without field width limits can crash with huge input data.,/home/yichen/Desktop/Qwen_Baseline02/F022.c|19|warning|invalidscanf|scanf() without field width limits can crash with huge input data.,/home/yichen/Desktop/Qwen_Baseline_Results02/logs/F022_cppcheck.log
/home/yichen/Desktop/Qwen_Baseline02/F022.c,cppcheck,True,success,True,0,12,24,warning,invalidscanf,scanf() without field width limits can crash with huge input data.,/home/yichen/Desktop/Qwen_Baseline02/F022.c|24|warning|invalidscanf|scanf() without field width limits can crash with huge input data.,/home/yichen/Desktop/Qwen_Baseline_Results02/logs/F022_cppcheck.log
/home/yichen/Desktop/Qwen_Baseline02/F022.c,cppcheck,True,success,True,0,12,43,warning,invalidscanf,scanf() without field width limits can crash with huge input data.,/home/yichen/Desktop/Qwen_Baseline02/F022.c|43|warning|invalidscanf|scanf() without field width limits can crash with huge input data.,/home/yichen/Desktop/Qwen_Baseline_Results02/logs/F022_cppcheck.log
/home/yichen/Desktop/Qwen_Baseline02/F022.c,cppcheck,True,success,True,0,12,60,warning,invalidscanf,scanf() without field width limits can crash with huge input data.,/home/yichen/Desktop/Qwen_Baseline02/F022.c|60|warning|invalidscanf|scanf() without field width limits can crash with huge input data.,/home/yichen/Desktop/Qwen_Baseline_Results02/logs/F022_cppcheck.log
/home/yichen/Desktop/Qwen_Baseline02/F022.c,cppcheck,True,success,True,0,12,74,warning,invalidscanf,scanf() without field width limits can crash with huge input data.,/home/yichen/Desktop/Qwen_Baseline02/F022.c|74|warning|invalidscanf|scanf() without field width limits can crash with huge input data.,/home/yichen/Desktop/Qwen_Baseline_Results02/logs/F022_cppcheck.log
/home/yichen/Desktop/Qwen_Baseline02/F022.c,cppcheck,True,success,True,0,12,10,style,constParameterPointer,Parameter 'name' can be declared as pointer to const,/home/yichen/Desktop/Qwen_Baseline02/F022.c|10|style|constParameterPointer|Parameter 'name' can be declared as pointer to const,/home/yichen/Desktop/Qwen_Baseline_Results02/logs/F022_cppcheck.log
/home/yichen/Desktop/Qwen_Baseline02/F022.c,cppcheck,True,success,True,0,12,16,style,unusedVariable,Unused variable: note,/home/yichen/Desktop/Qwen_Baseline02/F022.c|16|style|unusedVariable|Unused variable: note,/home/yichen/Desktop/Qwen_Baseline_Results02/logs/F022_cppcheck.log
nofile,cppcheck,True,success,True,0,12,0,information,checkersReport,Active checkers: 113/592 (use --checkers-report=<filename> to see details),nofile|0|information|checkersReport|Active checkers: 113/592 (use --checkers-report=<filename> to see details),/home/yichen/Desktop/Qwen_Baseline_Results02/logs/F022_cppcheck.log
/home/yichen/Desktop/Qwen_Baseline02/F023.c,cppcheck,True,success,True,0,10,2,information,missingIncludeSystem,Include file: <stdio.h> not found. Please note: Cppcheck does not need standard library headers to get proper results.,/home/yichen/Desktop/Qwen_Baseline02/F023.c|2|information|missingIncludeSystem|Include file: <stdio.h> not found. Please note: Cppcheck does not need standard library headers to get proper results.,/home/yichen/Desktop/Qwen_Baseline_Results02/logs/F023_cppcheck.log
/home/yichen/Desktop/Qwen_Baseline02/F023.c,cppcheck,True,success,True,0,10,3,information,missingIncludeSystem,Include file: <stdlib.h> not found. Please note: Cppcheck does not need standard library headers to get proper results.,/home/yichen/Desktop/Qwen_Baseline02/F023.c|3|information|missingIncludeSystem|Include file: <stdlib.h> not found. Please note: Cppcheck does not need standard library headers to get proper results.,/home/yichen/Desktop/Qwen_Baseline_Results02/logs/F023_cppcheck.log
/home/yichen/Desktop/Qwen_Baseline02/F023.c,cppcheck,True,success,True,0,10,4,information,missingIncludeSystem,Include file: <string.h> not found. Please note: Cppcheck does not need standard library headers to get proper results.,/home/yichen/Desktop/Qwen_Baseline02/F023.c|4|information|missingIncludeSystem|Include file: <string.h> not found. Please note: Cppcheck does not need standard library headers to get proper results.,/home/yichen/Desktop/Qwen_Baseline_Results02/logs/F023_cppcheck.log
/home/yichen/Desktop/Qwen_Baseline02/F023.c,cppcheck,True,success,True,0,10,11,warning,invalidscanf,scanf() without field width limits can crash with huge input data.,/home/yichen/Desktop/Qwen_Baseline02/F023.c|11|warning|invalidscanf|scanf() without field width limits can crash with huge input data.,/home/yichen/Desktop/Qwen_Baseline_Results02/logs/F023_cppcheck.log
/home/yichen/Desktop/Qwen_Baseline02/F023.c,cppcheck,True,success,True,0,10,13,warning,invalidscanf,scanf() without field width limits can crash with huge input data.,/home/yichen/Desktop/Qwen_Baseline02/F023.c|13|warning|invalidscanf|scanf() without field width limits can crash with huge input data.,/home/yichen/Desktop/Qwen_Baseline_Results02/logs/F023_cppcheck.log
/home/yichen/Desktop/Qwen_Baseline02/F023.c,cppcheck,True,success,True,0,10,29,warning,invalidscanf,scanf() without field width limits can crash with huge input data.,/home/yichen/Desktop/Qwen_Baseline02/F023.c|29|warning|invalidscanf|scanf() without field width limits can crash with huge input data.,/home/yichen/Desktop/Qwen_Baseline_Results02/logs/F023_cppcheck.log
/home/yichen/Desktop/Qwen_Baseline02/F023.c,cppcheck,True,success,True,0,10,42,warning,invalidscanf,scanf() without field width limits can crash with huge input data.,/home/yichen/Desktop/Qwen_Baseline02/F023.c|42|warning|invalidscanf|scanf() without field width limits can crash with huge input data.,/home/yichen/Desktop/Qwen_Baseline_Results02/logs/F023_cppcheck.log
/home/yichen/Desktop/Qwen_Baseline02/F023.c,cppcheck,True,success,True,0,10,73,warning,invalidscanf,scanf() without field width limits can crash with huge input data.,/home/yichen/Desktop/Qwen_Baseline02/F023.c|73|warning|invalidscanf|scanf() without field width limits can crash with huge input data.,/home/yichen/Desktop/Qwen_Baseline_Results02/logs/F023_cppcheck.log
/home/yichen/Desktop/Qwen_Baseline02/F023.c,cppcheck,True,success,True,0,10,10,style,unusedVariable,Unused variable: body,/home/yichen/Desktop/Qwen_Baseline02/F023.c|10|style|unusedVariable|Unused variable: body,/home/yichen/Desktop/Qwen_Baseline_Results02/logs/F023_cppcheck.log
nofile,cppcheck,True,success,True,0,10,0,information,checkersReport,Active checkers: 113/592 (use --checkers-report=<filename> to see details),nofile|0|information|checkersReport|Active checkers: 113/592 (use --checkers-report=<filename> to see details),/home/yichen/Desktop/Qwen_Baseline_Results02/logs/F023_cppcheck.log
/home/yichen/Desktop/Qwen_Baseline02/F024.c,cppcheck,True,success,True,0,11,2,information,missingIncludeSystem,Include file: <stdio.h> not found. Please note: Cppcheck does not need standard library headers to get proper results.,/home/yichen/Desktop/Qwen_Baseline02/F024.c|2|information|missingIncludeSystem|Include file: <stdio.h> not found. Please note: Cppcheck does not need standard library headers to get proper results.,/home/yichen/Desktop/Qwen_Baseline_Results02/logs/F024_cppcheck.log
/home/yichen/Desktop/Qwen_Baseline02/F024.c,cppcheck,True,success,True,0,11,3,information,missingIncludeSystem,Include file: <stdlib.h> not found. Please note: Cppcheck does not need standard library headers to get proper results.,/home/yichen/Desktop/Qwen_Baseline02/F024.c|3|information|missingIncludeSystem|Include file: <stdlib.h> not found. Please note: Cppcheck does not need standard library headers to get proper results.,/home/yichen/Desktop/Qwen_Baseline_Results02/logs/F024_cppcheck.log
/home/yichen/Desktop/Qwen_Baseline02/F024.c,cppcheck,True,success,True,0,11,4,information,missingIncludeSystem,Include file: <string.h> not found. Please note: Cppcheck does not need standard library headers to get proper results.,/home/yichen/Desktop/Qwen_Baseline02/F024.c|4|information|missingIncludeSystem|Include file: <string.h> not found. Please note: Cppcheck does not need standard library headers to get proper results.,/home/yichen/Desktop/Qwen_Baseline_Results02/logs/F024_cppcheck.log
/home/yichen/Desktop/Qwen_Baseline02/F024.c,cppcheck,True,success,True,0,11,16,warning,invalidscanf,scanf() without field width limits can crash with huge input data.,/home/yichen/Desktop/Qwen_Baseline02/F024.c|16|warning|invalidscanf|scanf() without field width limits can crash with huge input data.,/home/yichen/Desktop/Qwen_Baseline_Results02/logs/F024_cppcheck.log
/home/yichen/Desktop/Qwen_Baseline02/F024.c,cppcheck,True,success,True,0,11,18,warning,invalidscanf,scanf() without field width limits can crash with huge input data.,/home/yichen/Desktop/Qwen_Baseline02/F024.c|18|warning|invalidscanf|scanf() without field width limits can crash with huge input data.,/home/yichen/Desktop/Qwen_Baseline_Results02/logs/F024_cppcheck.log
/home/yichen/Desktop/Qwen_Baseline02/F024.c,cppcheck,True,success,True,0,11,24,warning,invalidscanf,scanf() without field width limits can crash with huge input data.,/home/yichen/Desktop/Qwen_Baseline02/F024.c|24|warning|invalidscanf|scanf() without field width limits can crash with huge input data.,/home/yichen/Desktop/Qwen_Baseline_Results02/logs/F024_cppcheck.log
/home/yichen/Desktop/Qwen_Baseline02/F024.c,cppcheck,True,success,True,0,11,34,warning,invalidscanf,scanf() without field width limits can crash with huge input data.,/home/yichen/Desktop/Qwen_Baseline02/F024.c|34|warning|invalidscanf|scanf() without field width limits can crash with huge input data.,/home/yichen/Desktop/Qwen_Baseline_Results02/logs/F024_cppcheck.log
/home/yichen/Desktop/Qwen_Baseline02/F024.c,cppcheck,True,success,True,0,11,50,warning,invalidscanf,scanf() without field width limits can crash with huge input data.,/home/yichen/Desktop/Qwen_Baseline02/F024.c|50|warning|invalidscanf|scanf() without field width limits can crash with huge input data.,/home/yichen/Desktop/Qwen_Baseline_Results02/logs/F024_cppcheck.log
/home/yichen/Desktop/Qwen_Baseline02/F024.c,cppcheck,True,success,True,0,11,60,warning,invalidscanf,scanf() without field width limits can crash with huge input data.,/home/yichen/Desktop/Qwen_Baseline02/F024.c|60|warning|invalidscanf|scanf() without field width limits can crash with huge input data.,/home/yichen/Desktop/Qwen_Baseline_Results02/logs/F024_cppcheck.log
/home/yichen/Desktop/Qwen_Baseline02/F024.c,cppcheck,True,success,True,0,11,9,style,constParameterPointer,Parameter 'title' can be declared as pointer to const,/home/yichen/Desktop/Qwen_Baseline02/F024.c|9|style|constParameterPointer|Parameter 'title' can be declared as pointer to const,/home/yichen/Desktop/Qwen_Baseline_Results02/logs/F024_cppcheck.log
nofile,cppcheck,True,success,True,0,11,0,information,checkersReport,Active checkers: 113/592 (use --checkers-report=<filename> to see details),nofile|0|information|checkersReport|Active checkers: 113/592 (use --checkers-report=<filename> to see details),/home/yichen/Desktop/Qwen_Baseline_Results02/logs/F024_cppcheck.log
/home/yichen/Desktop/Qwen_Baseline02/F025.c,cppcheck,True,success,True,0,12,2,information,missingIncludeSystem,Include file: <stdio.h> not found. Please note: Cppcheck does not need standard library headers to get proper results.,/home/yichen/Desktop/Qwen_Baseline02/F025.c|2|information|missingIncludeSystem|Include file: <stdio.h> not found. Please note: Cppcheck does not need standard library headers to get proper results.,/home/yichen/Desktop/Qwen_Baseline_Results02/logs/F025_cppcheck.log
/home/yichen/Desktop/Qwen_Baseline02/F025.c,cppcheck,True,success,True,0,12,3,information,missingIncludeSystem,Include file: <stdlib.h> not found. Please note: Cppcheck does not need standard library headers to get proper results.,/home/yichen/Desktop/Qwen_Baseline02/F025.c|3|information|missingIncludeSystem|Include file: <stdlib.h> not found. Please note: Cppcheck does not need standard library headers to get proper results.,/home/yichen/Desktop/Qwen_Baseline_Results02/logs/F025_cppcheck.log
/home/yichen/Desktop/Qwen_Baseline02/F025.c,cppcheck,True,success,True,0,12,4,information,missingIncludeSystem,Include file: <string.h> not found. Please note: Cppcheck does not need standard library headers to get proper results.,/home/yichen/Desktop/Qwen_Baseline02/F025.c|4|information|missingIncludeSystem|Include file: <string.h> not found. Please note: Cppcheck does not need standard library headers to get proper results.,/home/yichen/Desktop/Qwen_Baseline_Results02/logs/F025_cppcheck.log
/home/yichen/Desktop/Qwen_Baseline02/F025.c,cppcheck,True,success,True,0,12,17,warning,invalidscanf,scanf() without field width limits can crash with huge input data.,/home/yichen/Desktop/Qwen_Baseline02/F025.c|17|warning|invalidscanf|scanf() without field width limits can crash with huge input data.,/home/yichen/Desktop/Qwen_Baseline_Results02/logs/F025_cppcheck.log
/home/yichen/Desktop/Qwen_Baseline02/F025.c,cppcheck,True,success,True,0,12,19,warning,invalidscanf,scanf() without field width limits can crash with huge input data.,/home/yichen/Desktop/Qwen_Baseline02/F025.c|19|warning|invalidscanf|scanf() without field width limits can crash with huge input data.,/home/yichen/Desktop/Qwen_Baseline_Results02/logs/F025_cppcheck.log
/home/yichen/Desktop/Qwen_Baseline02/F025.c,cppcheck,True,success,True,0,12,24,warning,invalidscanf,scanf() without field width limits can crash with huge input data.,/home/yichen/Desktop/Qwen_Baseline02/F025.c|24|warning|invalidscanf|scanf() without field width limits can crash with huge input data.,/home/yichen/Desktop/Qwen_Baseline_Results02/logs/F025_cppcheck.log
/home/yichen/Desktop/Qwen_Baseline02/F025.c,cppcheck,True,success,True,0,12,42,warning,invalidscanf,scanf() without field width limits can crash with huge input data.,/home/yichen/Desktop/Qwen_Baseline02/F025.c|42|warning|invalidscanf|scanf() without field width limits can crash with huge input data.,/home/yichen/Desktop/Qwen_Baseline_Results02/logs/F025_cppcheck.log
/home/yichen/Desktop/Qwen_Baseline02/F025.c,cppcheck,True,success,True,0,12,59,warning,invalidscanf,scanf() without field width limits can crash with huge input data.,/home/yichen/Desktop/Qwen_Baseline02/F025.c|59|warning|invalidscanf|scanf() without field width limits can crash with huge input data.,/home/yichen/Desktop/Qwen_Baseline_Results02/logs/F025_cppcheck.log
/home/yichen/Desktop/Qwen_Baseline02/F025.c,cppcheck,True,success,True,0,12,76,warning,invalidscanf,scanf() without field width limits can crash with huge input data.,/home/yichen/Desktop/Qwen_Baseline02/F025.c|76|warning|invalidscanf|scanf() without field width limits can crash with huge input data.,/home/yichen/Desktop/Qwen_Baseline_Results02/logs/F025_cppcheck.log
/home/yichen/Desktop/Qwen_Baseline02/F025.c,cppcheck,True,success,True,0,12,10,style,constParameterPointer,Parameter 'name' can be declared as pointer to const,/home/yichen/Desktop/Qwen_Baseline02/F025.c|10|style|constParameterPointer|Parameter 'name' can be declared as pointer to const,/home/yichen/Desktop/Qwen_Baseline_Results02/logs/F025_cppcheck.log
/home/yichen/Desktop/Qwen_Baseline02/F025.c,cppcheck,True,success,True,0,12,16,style,unusedVariable,Unused variable: note,/home/yichen/Desktop/Qwen_Baseline02/F025.c|16|style|unusedVariable|Unused variable: note,/home/yichen/Desktop/Qwen_Baseline_Results02/logs/F025_cppcheck.log
nofile,cppcheck,True,success,True,0,12,0,information,checkersReport,Active checkers: 113/592 (use --checkers-report=<filename> to see details),nofile|0|information|checkersReport|Active checkers: 113/592 (use --checkers-report=<filename> to see details),/home/yichen/Desktop/Qwen_Baseline_Results02/logs/F025_cppcheck.log
/home/yichen/Desktop/Qwen_Baseline02/F026.c,cppcheck,True,success,True,0,9,2,information,missingIncludeSystem,Include file: <stdio.h> not found. Please note: Cppcheck does not need standard library headers to get proper results.,/home/yichen/Desktop/Qwen_Baseline02/F026.c|2|information|missingIncludeSystem|Include file: <stdio.h> not found. Please note: Cppcheck does not need standard library headers to get proper results.,/home/yichen/Desktop/Qwen_Baseline_Results02/logs/F026_cppcheck.log
/home/yichen/Desktop/Qwen_Baseline02/F026.c,cppcheck,True,success,True,0,9,3,information,missingIncludeSystem,Include file: <stdlib.h> not found. Please note: Cppcheck does not need standard library headers to get proper results.,/home/yichen/Desktop/Qwen_Baseline02/F026.c|3|information|missingIncludeSystem|Include file: <stdlib.h> not found. Please note: Cppcheck does not need standard library headers to get proper results.,/home/yichen/Desktop/Qwen_Baseline_Results02/logs/F026_cppcheck.log
/home/yichen/Desktop/Qwen_Baseline02/F026.c,cppcheck,True,success,True,0,9,4,information,missingIncludeSystem,Include file: <string.h> not found. Please note: Cppcheck does not need standard library headers to get proper results.,/home/yichen/Desktop/Qwen_Baseline02/F026.c|4|information|missingIncludeSystem|Include file: <string.h> not found. Please note: Cppcheck does not need standard library headers to get proper results.,/home/yichen/Desktop/Qwen_Baseline_Results02/logs/F026_cppcheck.log
/home/yichen/Desktop/Qwen_Baseline02/F026.c,cppcheck,True,success,True,0,9,11,warning,invalidscanf,scanf() without field width limits can crash with huge input data.,/home/yichen/Desktop/Qwen_Baseline02/F026.c|11|warning|invalidscanf|scanf() without field width limits can crash with huge input data.,/home/yichen/Desktop/Qwen_Baseline_Results02/logs/F026_cppcheck.log
/home/yichen/Desktop/Qwen_Baseline02/F026.c,cppcheck,True,success,True,0,9,13,warning,invalidscanf,scanf() without field width limits can crash with huge input data.,/home/yichen/Desktop/Qwen_Baseline02/F026.c|13|warning|invalidscanf|scanf() without field width limits can crash with huge input data.,/home/yichen/Desktop/Qwen_Baseline_Results02/logs/F026_cppcheck.log
/home/yichen/Desktop/Qwen_Baseline02/F026.c,cppcheck,True,success,True,0,9,20,warning,invalidscanf,scanf() without field width limits can crash with huge input data.,/home/yichen/Desktop/Qwen_Baseline02/F026.c|20|warning|invalidscanf|scanf() without field width limits can crash with huge input data.,/home/yichen/Desktop/Qwen_Baseline_Results02/logs/F026_cppcheck.log
/home/yichen/Desktop/Qwen_Baseline02/F026.c,cppcheck,True,success,True,0,9,32,warning,invalidscanf,scanf() without field width limits can crash with huge input data.,/home/yichen/Desktop/Qwen_Baseline02/F026.c|32|warning|invalidscanf|scanf() without field width limits can crash with huge input data.,/home/yichen/Desktop/Qwen_Baseline_Results02/logs/F026_cppcheck.log
/home/yichen/Desktop/Qwen_Baseline02/F026.c,cppcheck,True,success,True,0,9,44,warning,invalidscanf,scanf() without field width limits can crash with huge input data.,/home/yichen/Desktop/Qwen_Baseline02/F026.c|44|warning|invalidscanf|scanf() without field width limits can crash with huge input data.,/home/yichen/Desktop/Qwen_Baseline_Results02/logs/F026_cppcheck.log
nofile,cppcheck,True,success,True,0,9,0,information,checkersReport,Active checkers: 113/592 (use --checkers-report=<filename> to see details),nofile|0|information|checkersReport|Active checkers: 113/592 (use --checkers-report=<filename> to see details),/home/yichen/Desktop/Qwen_Baseline_Results02/logs/F026_cppcheck.log
/home/yichen/Desktop/Qwen_Baseline02/F027.c,cppcheck,True,success,True,0,7,2,information,missingIncludeSystem,Include file: <stdio.h> not found. Please note: Cppcheck does not need standard library headers to get proper results.,/home/yichen/Desktop/Qwen_Baseline02/F027.c|2|information|missingIncludeSystem|Include file: <stdio.h> not found. Please note: Cppcheck does not need standard library headers to get proper results.,/home/yichen/Desktop/Qwen_Baseline_Results02/logs/F027_cppcheck.log
/home/yichen/Desktop/Qwen_Baseline02/F027.c,cppcheck,True,success,True,0,7,3,information,missingIncludeSystem,Include file: <stdlib.h> not found. Please note: Cppcheck does not need standard library headers to get proper results.,/home/yichen/Desktop/Qwen_Baseline02/F027.c|3|information|missingIncludeSystem|Include file: <stdlib.h> not found. Please note: Cppcheck does not need standard library headers to get proper results.,/home/yichen/Desktop/Qwen_Baseline_Results02/logs/F027_cppcheck.log
/home/yichen/Desktop/Qwen_Baseline02/F027.c,cppcheck,True,success,True,0,7,4,information,missingIncludeSystem,Include file: <string.h> not found. Please note: Cppcheck does not need standard library headers to get proper results.,/home/yichen/Desktop/Qwen_Baseline02/F027.c|4|information|missingIncludeSystem|Include file: <string.h> not found. Please note: Cppcheck does not need standard library headers to get proper results.,/home/yichen/Desktop/Qwen_Baseline_Results02/logs/F027_cppcheck.log
/home/yichen/Desktop/Qwen_Baseline02/F027.c,cppcheck,True,success,True,0,7,16,warning,invalidscanf,scanf() without field width limits can crash with huge input data.,/home/yichen/Desktop/Qwen_Baseline02/F027.c|16|warning|invalidscanf|scanf() without field width limits can crash with huge input data.,/home/yichen/Desktop/Qwen_Baseline_Results02/logs/F027_cppcheck.log
/home/yichen/Desktop/Qwen_Baseline02/F027.c,cppcheck,True,success,True,0,7,9,style,constParameterPointer,Parameter 'title' can be declared as pointer to const,/home/yichen/Desktop/Qwen_Baseline02/F027.c|9|style|constParameterPointer|Parameter 'title' can be declared as pointer to const,/home/yichen/Desktop/Qwen_Baseline_Results02/logs/F027_cppcheck.log
/home/yichen/Desktop/Qwen_Baseline02/F027.c,cppcheck,True,success,True,0,7,15,style,unusedVariable,Unused variable: note,/home/yichen/Desktop/Qwen_Baseline02/F027.c|15|style|unusedVariable|Unused variable: note,/home/yichen/Desktop/Qwen_Baseline_Results02/logs/F027_cppcheck.log
nofile,cppcheck,True,success,True,0,7,0,information,checkersReport,Active checkers: 113/592 (use --checkers-report=<filename> to see details),nofile|0|information|checkersReport|Active checkers: 113/592 (use --checkers-report=<filename> to see details),/home/yichen/Desktop/Qwen_Baseline_Results02/logs/F027_cppcheck.log
/home/yichen/Desktop/Qwen_Baseline02/F028.c,cppcheck,True,success,True,0,7,2,information,missingIncludeSystem,Include file: <stdio.h> not found. Please note: Cppcheck does not need standard library headers to get proper results.,/home/yichen/Desktop/Qwen_Baseline02/F028.c|2|information|missingIncludeSystem|Include file: <stdio.h> not found. Please note: Cppcheck does not need standard library headers to get proper results.,/home/yichen/Desktop/Qwen_Baseline_Results02/logs/F028_cppcheck.log
/home/yichen/Desktop/Qwen_Baseline02/F028.c,cppcheck,True,success,True,0,7,3,information,missingIncludeSystem,Include file: <stdlib.h> not found. Please note: Cppcheck does not need standard library headers to get proper results.,/home/yichen/Desktop/Qwen_Baseline02/F028.c|3|information|missingIncludeSystem|Include file: <stdlib.h> not found. Please note: Cppcheck does not need standard library headers to get proper results.,/home/yichen/Desktop/Qwen_Baseline_Results02/logs/F028_cppcheck.log
/home/yichen/Desktop/Qwen_Baseline02/F028.c,cppcheck,True,success,True,0,7,4,information,missingIncludeSystem,Include file: <string.h> not found. Please note: Cppcheck does not need standard library headers to get proper results.,/home/yichen/Desktop/Qwen_Baseline02/F028.c|4|information|missingIncludeSystem|Include file: <string.h> not found. Please note: Cppcheck does not need standard library headers to get proper results.,/home/yichen/Desktop/Qwen_Baseline_Results02/logs/F028_cppcheck.log
/home/yichen/Desktop/Qwen_Baseline02/F028.c,cppcheck,True,success,True,0,7,16,warning,invalidscanf,scanf() without field width limits can crash with huge input data.,/home/yichen/Desktop/Qwen_Baseline02/F028.c|16|warning|invalidscanf|scanf() without field width limits can crash with huge input data.,/home/yichen/Desktop/Qwen_Baseline_Results02/logs/F028_cppcheck.log
/home/yichen/Desktop/Qwen_Baseline02/F028.c,cppcheck,True,success,True,0,7,9,style,constParameterPointer,Parameter 'stop' can be declared as pointer to const,/home/yichen/Desktop/Qwen_Baseline02/F028.c|9|style|constParameterPointer|Parameter 'stop' can be declared as pointer to const,/home/yichen/Desktop/Qwen_Baseline_Results02/logs/F028_cppcheck.log
/home/yichen/Desktop/Qwen_Baseline02/F028.c,cppcheck,True,success,True,0,7,15,style,unusedVariable,Unused variable: note,/home/yichen/Desktop/Qwen_Baseline02/F028.c|15|style|unusedVariable|Unused variable: note,/home/yichen/Desktop/Qwen_Baseline_Results02/logs/F028_cppcheck.log
nofile,cppcheck,True,success,True,0,7,0,information,checkersReport,Active checkers: 113/592 (use --checkers-report=<filename> to see details),nofile|0|information|checkersReport|Active checkers: 113/592 (use --checkers-report=<filename> to see details),/home/yichen/Desktop/Qwen_Baseline_Results02/logs/F028_cppcheck.log
/home/yichen/Desktop/Qwen_Baseline02/F029.c,cppcheck,True,success,True,0,8,2,information,missingIncludeSystem,Include file: <stdio.h> not found. Please note: Cppcheck does not need standard library headers to get proper results.,/home/yichen/Desktop/Qwen_Baseline02/F029.c|2|information|missingIncludeSystem|Include file: <stdio.h> not found. Please note: Cppcheck does not need standard library headers to get proper results.,/home/yichen/Desktop/Qwen_Baseline_Results02/logs/F029_cppcheck.log
/home/yichen/Desktop/Qwen_Baseline02/F029.c,cppcheck,True,success,True,0,8,3,information,missingIncludeSystem,Include file: <stdlib.h> not found. Please note: Cppcheck does not need standard library headers to get proper results.,/home/yichen/Desktop/Qwen_Baseline02/F029.c|3|information|missingIncludeSystem|Include file: <stdlib.h> not found. Please note: Cppcheck does not need standard library headers to get proper results.,/home/yichen/Desktop/Qwen_Baseline_Results02/logs/F029_cppcheck.log
/home/yichen/Desktop/Qwen_Baseline02/F029.c,cppcheck,True,success,True,0,8,4,information,missingIncludeSystem,Include file: <string.h> not found. Please note: Cppcheck does not need standard library headers to get proper results.,/home/yichen/Desktop/Qwen_Baseline02/F029.c|4|information|missingIncludeSystem|Include file: <string.h> not found. Please note: Cppcheck does not need standard library headers to get proper results.,/home/yichen/Desktop/Qwen_Baseline_Results02/logs/F029_cppcheck.log
/home/yichen/Desktop/Qwen_Baseline02/F029.c,cppcheck,True,success,True,0,8,11,warning,invalidscanf,scanf() without field width limits can crash with huge input data.,/home/yichen/Desktop/Qwen_Baseline02/F029.c|11|warning|invalidscanf|scanf() without field width limits can crash with huge input data.,/home/yichen/Desktop/Qwen_Baseline_Results02/logs/F029_cppcheck.log
/home/yichen/Desktop/Qwen_Baseline02/F029.c,cppcheck,True,success,True,0,8,13,warning,invalidscanf,scanf() without field width limits can crash with huge input data.,/home/yichen/Desktop/Qwen_Baseline02/F029.c|13|warning|invalidscanf|scanf() without field width limits can crash with huge input data.,/home/yichen/Desktop/Qwen_Baseline_Results02/logs/F029_cppcheck.log
/home/yichen/Desktop/Qwen_Baseline02/F029.c,cppcheck,True,success,True,0,8,35,warning,invalidscanf,scanf() without field width limits can crash with huge input data.,/home/yichen/Desktop/Qwen_Baseline02/F029.c|35|warning|invalidscanf|scanf() without field width limits can crash with huge input data.,/home/yichen/Desktop/Qwen_Baseline_Results02/logs/F029_cppcheck.log
/home/yichen/Desktop/Qwen_Baseline02/F029.c,cppcheck,True,success,True,0,8,47,warning,invalidscanf,scanf() without field width limits can crash with huge input data.,/home/yichen/Desktop/Qwen_Baseline02/F029.c|47|warning|invalidscanf|scanf() without field width limits can crash with huge input data.,/home/yichen/Desktop/Qwen_Baseline_Results02/logs/F029_cppcheck.log
nofile,cppcheck,True,success,True,0,8,0,information,checkersReport,Active checkers: 113/592 (use --checkers-report=<filename> to see details),nofile|0|information|checkersReport|Active checkers: 113/592 (use --checkers-report=<filename> to see details),/home/yichen/Desktop/Qwen_Baseline_Results02/logs/F029_cppcheck.log
/home/yichen/Desktop/Qwen_Baseline02/F030.c,cppcheck,True,success,True,0,8,2,information,missingIncludeSystem,Include file: <stdio.h> not found. Please note: Cppcheck does not need standard library headers to get proper results.,/home/yichen/Desktop/Qwen_Baseline02/F030.c|2|information|missingIncludeSystem|Include file: <stdio.h> not found. Please note: Cppcheck does not need standard library headers to get proper results.,/home/yichen/Desktop/Qwen_Baseline_Results02/logs/F030_cppcheck.log
/home/yichen/Desktop/Qwen_Baseline02/F030.c,cppcheck,True,success,True,0,8,3,information,missingIncludeSystem,Include file: <stdlib.h> not found. Please note: Cppcheck does not need standard library headers to get proper results.,/home/yichen/Desktop/Qwen_Baseline02/F030.c|3|information|missingIncludeSystem|Include file: <stdlib.h> not found. Please note: Cppcheck does not need standard library headers to get proper results.,/home/yichen/Desktop/Qwen_Baseline_Results02/logs/F030_cppcheck.log
/home/yichen/Desktop/Qwen_Baseline02/F030.c,cppcheck,True,success,True,0,8,4,information,missingIncludeSystem,Include file: <string.h> not found. Please note: Cppcheck does not need standard library headers to get proper results.,/home/yichen/Desktop/Qwen_Baseline02/F030.c|4|information|missingIncludeSystem|Include file: <string.h> not found. Please note: Cppcheck does not need standard library headers to get proper results.,/home/yichen/Desktop/Qwen_Baseline_Results02/logs/F030_cppcheck.log
/home/yichen/Desktop/Qwen_Baseline02/F030.c,cppcheck,True,success,True,0,8,11,warning,invalidscanf,scanf() without field width limits can crash with huge input data.,/home/yichen/Desktop/Qwen_Baseline02/F030.c|11|warning|invalidscanf|scanf() without field width limits can crash with huge input data.,/home/yichen/Desktop/Qwen_Baseline_Results02/logs/F030_cppcheck.log
/home/yichen/Desktop/Qwen_Baseline02/F030.c,cppcheck,True,success,True,0,8,13,warning,invalidscanf,scanf() without field width limits can crash with huge input data.,/home/yichen/Desktop/Qwen_Baseline02/F030.c|13|warning|invalidscanf|scanf() without field width limits can crash with huge input data.,/home/yichen/Desktop/Qwen_Baseline_Results02/logs/F030_cppcheck.log
/home/yichen/Desktop/Qwen_Baseline02/F030.c,cppcheck,True,success,True,0,8,39,warning,invalidscanf,scanf() without field width limits can crash with huge input data.,/home/yichen/Desktop/Qwen_Baseline02/F030.c|39|warning|invalidscanf|scanf() without field width limits can crash with huge input data.,/home/yichen/Desktop/Qwen_Baseline_Results02/logs/F030_cppcheck.log
/home/yichen/Desktop/Qwen_Baseline02/F030.c,cppcheck,True,success,True,0,8,25,style,constVariablePointer,Variable 'pos' can be declared as pointer to const,/home/yichen/Desktop/Qwen_Baseline02/F030.c|25|style|constVariablePointer|Variable 'pos' can be declared as pointer to const,/home/yichen/Desktop/Qwen_Baseline_Results02/logs/F030_cppcheck.log
nofile,cppcheck,True,success,True,0,8,0,information,checkersReport,Active checkers: 113/592 (use --checkers-report=<filename> to see details),nofile|0|information|checkersReport|Active checkers: 113/592 (use --checkers-report=<filename> to see details),/home/yichen/Desktop/Qwen_Baseline_Results02/logs/F030_cppcheck.log
/home/yichen/Desktop/Qwen_Baseline02/F031.c,cppcheck,True,success,True,0,7,2,information,missingIncludeSystem,Include file: <stdio.h> not found. Please note: Cppcheck does not need standard library headers to get proper results.,/home/yichen/Desktop/Qwen_Baseline02/F031.c|2|information|missingIncludeSystem|Include file: <stdio.h> not found. Please note: Cppcheck does not need standard library headers to get proper results.,/home/yichen/Desktop/Qwen_Baseline_Results02/logs/F031_cppcheck.log
/home/yichen/Desktop/Qwen_Baseline02/F031.c,cppcheck,True,success,True,0,7,3,information,missingIncludeSystem,Include file: <stdlib.h> not found. Please note: Cppcheck does not need standard library headers to get proper results.,/home/yichen/Desktop/Qwen_Baseline02/F031.c|3|information|missingIncludeSystem|Include file: <stdlib.h> not found. Please note: Cppcheck does not need standard library headers to get proper results.,/home/yichen/Desktop/Qwen_Baseline_Results02/logs/F031_cppcheck.log
/home/yichen/Desktop/Qwen_Baseline02/F031.c,cppcheck,True,success,True,0,7,4,information,missingIncludeSystem,Include file: <string.h> not found. Please note: Cppcheck does not need standard library headers to get proper results.,/home/yichen/Desktop/Qwen_Baseline02/F031.c|4|information|missingIncludeSystem|Include file: <string.h> not found. Please note: Cppcheck does not need standard library headers to get proper results.,/home/yichen/Desktop/Qwen_Baseline_Results02/logs/F031_cppcheck.log
/home/yichen/Desktop/Qwen_Baseline02/F031.c,cppcheck,True,success,True,0,7,16,warning,invalidscanf,scanf() without field width limits can crash with huge input data.,/home/yichen/Desktop/Qwen_Baseline02/F031.c|16|warning|invalidscanf|scanf() without field width limits can crash with huge input data.,/home/yichen/Desktop/Qwen_Baseline_Results02/logs/F031_cppcheck.log
/home/yichen/Desktop/Qwen_Baseline02/F031.c,cppcheck,True,success,True,0,7,9,style,constParameterPointer,Parameter 'name' can be declared as pointer to const,/home/yichen/Desktop/Qwen_Baseline02/F031.c|9|style|constParameterPointer|Parameter 'name' can be declared as pointer to const,/home/yichen/Desktop/Qwen_Baseline_Results02/logs/F031_cppcheck.log
/home/yichen/Desktop/Qwen_Baseline02/F031.c,cppcheck,True,success,True,0,7,15,style,unusedVariable,Unused variable: note,/home/yichen/Desktop/Qwen_Baseline02/F031.c|15|style|unusedVariable|Unused variable: note,/home/yichen/Desktop/Qwen_Baseline_Results02/logs/F031_cppcheck.log
nofile,cppcheck,True,success,True,0,7,0,information,checkersReport,Active checkers: 113/592 (use --checkers-report=<filename> to see details),nofile|0|information|checkersReport|Active checkers: 113/592 (use --checkers-report=<filename> to see details),/home/yichen/Desktop/Qwen_Baseline_Results02/logs/F031_cppcheck.log
/home/yichen/Desktop/Qwen_Baseline02/F032.c,cppcheck,True,success,True,0,10,2,information,missingIncludeSystem,Include file: <stdio.h> not found. Please note: Cppcheck does not need standard library headers to get proper results.,/home/yichen/Desktop/Qwen_Baseline02/F032.c|2|information|missingIncludeSystem|Include file: <stdio.h> not found. Please note: Cppcheck does not need standard library headers to get proper results.,/home/yichen/Desktop/Qwen_Baseline_Results02/logs/F032_cppcheck.log
/home/yichen/Desktop/Qwen_Baseline02/F032.c,cppcheck,True,success,True,0,10,3,information,missingIncludeSystem,Include file: <stdlib.h> not found. Please note: Cppcheck does not need standard library headers to get proper results.,/home/yichen/Desktop/Qwen_Baseline02/F032.c|3|information|missingIncludeSystem|Include file: <stdlib.h> not found. Please note: Cppcheck does not need standard library headers to get proper results.,/home/yichen/Desktop/Qwen_Baseline_Results02/logs/F032_cppcheck.log
/home/yichen/Desktop/Qwen_Baseline02/F032.c,cppcheck,True,success,True,0,10,4,information,missingIncludeSystem,Include file: <string.h> not found. Please note: Cppcheck does not need standard library headers to get proper results.,/home/yichen/Desktop/Qwen_Baseline02/F032.c|4|information|missingIncludeSystem|Include file: <string.h> not found. Please note: Cppcheck does not need standard library headers to get proper results.,/home/yichen/Desktop/Qwen_Baseline_Results02/logs/F032_cppcheck.log
/home/yichen/Desktop/Qwen_Baseline02/F032.c,cppcheck,True,success,True,0,10,18,warning,invalidscanf,scanf() without field width limits can crash with huge input data.,/home/yichen/Desktop/Qwen_Baseline02/F032.c|18|warning|invalidscanf|scanf() without field width limits can crash with huge input data.,/home/yichen/Desktop/Qwen_Baseline_Results02/logs/F032_cppcheck.log
/home/yichen/Desktop/Qwen_Baseline02/F032.c,cppcheck,True,success,True,0,10,20,warning,invalidscanf,scanf() without field width limits can crash with huge input data.,/home/yichen/Desktop/Qwen_Baseline02/F032.c|20|warning|invalidscanf|scanf() without field width limits can crash with huge input data.,/home/yichen/Desktop/Qwen_Baseline_Results02/logs/F032_cppcheck.log
/home/yichen/Desktop/Qwen_Baseline02/F032.c,cppcheck,True,success,True,0,10,31,warning,invalidscanf,scanf() without field width limits can crash with huge input data.,/home/yichen/Desktop/Qwen_Baseline02/F032.c|31|warning|invalidscanf|scanf() without field width limits can crash with huge input data.,/home/yichen/Desktop/Qwen_Baseline_Results02/logs/F032_cppcheck.log
/home/yichen/Desktop/Qwen_Baseline02/F032.c,cppcheck,True,success,True,0,10,52,warning,invalidscanf,scanf() without field width limits can crash with huge input data.,/home/yichen/Desktop/Qwen_Baseline02/F032.c|52|warning|invalidscanf|scanf() without field width limits can crash with huge input data.,/home/yichen/Desktop/Qwen_Baseline_Results02/logs/F032_cppcheck.log
/home/yichen/Desktop/Qwen_Baseline02/F032.c,cppcheck,True,success,True,0,10,11,style,constParameterPointer,Parameter 'arr' can be declared as pointer to const,/home/yichen/Desktop/Qwen_Baseline02/F032.c|11|style|constParameterPointer|Parameter 'arr' can be declared as pointer to const,/home/yichen/Desktop/Qwen_Baseline_Results02/logs/F032_cppcheck.log
/home/yichen/Desktop/Qwen_Baseline02/F032.c,cppcheck,True,success,True,0,10,11,style,constParameterPointer,Parameter 'key' can be declared as pointer to const,/home/yichen/Desktop/Qwen_Baseline02/F032.c|11|style|constParameterPointer|Parameter 'key' can be declared as pointer to const,/home/yichen/Desktop/Qwen_Baseline_Results02/logs/F032_cppcheck.log
nofile,cppcheck,True,success,True,0,10,0,information,checkersReport,Active checkers: 113/592 (use --checkers-report=<filename> to see details),nofile|0|information|checkersReport|Active checkers: 113/592 (use --checkers-report=<filename> to see details),/home/yichen/Desktop/Qwen_Baseline_Results02/logs/F032_cppcheck.log
/home/yichen/Desktop/Qwen_Baseline02/F033.c,cppcheck,True,success,True,0,10,2,information,missingIncludeSystem,Include file: <stdio.h> not found. Please note: Cppcheck does not need standard library headers to get proper results.,/home/yichen/Desktop/Qwen_Baseline02/F033.c|2|information|missingIncludeSystem|Include file: <stdio.h> not found. Please note: Cppcheck does not need standard library headers to get proper results.,/home/yichen/Desktop/Qwen_Baseline_Results02/logs/F033_cppcheck.log
/home/yichen/Desktop/Qwen_Baseline02/F033.c,cppcheck,True,success,True,0,10,3,information,missingIncludeSystem,Include file: <stdlib.h> not found. Please note: Cppcheck does not need standard library headers to get proper results.,/home/yichen/Desktop/Qwen_Baseline02/F033.c|3|information|missingIncludeSystem|Include file: <stdlib.h> not found. Please note: Cppcheck does not need standard library headers to get proper results.,/home/yichen/Desktop/Qwen_Baseline_Results02/logs/F033_cppcheck.log
/home/yichen/Desktop/Qwen_Baseline02/F033.c,cppcheck,True,success,True,0,10,4,information,missingIncludeSystem,Include file: <string.h> not found. Please note: Cppcheck does not need standard library headers to get proper results.,/home/yichen/Desktop/Qwen_Baseline02/F033.c|4|information|missingIncludeSystem|Include file: <string.h> not found. Please note: Cppcheck does not need standard library headers to get proper results.,/home/yichen/Desktop/Qwen_Baseline_Results02/logs/F033_cppcheck.log
/home/yichen/Desktop/Qwen_Baseline02/F033.c,cppcheck,True,success,True,0,10,16,warning,invalidscanf,scanf() without field width limits can crash with huge input data.,/home/yichen/Desktop/Qwen_Baseline02/F033.c|16|warning|invalidscanf|scanf() without field width limits can crash with huge input data.,/home/yichen/Desktop/Qwen_Baseline_Results02/logs/F033_cppcheck.log
/home/yichen/Desktop/Qwen_Baseline02/F033.c,cppcheck,True,success,True,0,10,18,warning,invalidscanf,scanf() without field width limits can crash with huge input data.,/home/yichen/Desktop/Qwen_Baseline02/F033.c|18|warning|invalidscanf|scanf() without field width limits can crash with huge input data.,/home/yichen/Desktop/Qwen_Baseline_Results02/logs/F033_cppcheck.log
/home/yichen/Desktop/Qwen_Baseline02/F033.c,cppcheck,True,success,True,0,10,27,warning,invalidscanf,scanf() without field width limits can crash with huge input data.,/home/yichen/Desktop/Qwen_Baseline02/F033.c|27|warning|invalidscanf|scanf() without field width limits can crash with huge input data.,/home/yichen/Desktop/Qwen_Baseline_Results02/logs/F033_cppcheck.log
/home/yichen/Desktop/Qwen_Baseline02/F033.c,cppcheck,True,success,True,0,10,39,warning,invalidscanf,scanf() without field width limits can crash with huge input data.,/home/yichen/Desktop/Qwen_Baseline02/F033.c|39|warning|invalidscanf|scanf() without field width limits can crash with huge input data.,/home/yichen/Desktop/Qwen_Baseline_Results02/logs/F033_cppcheck.log
/home/yichen/Desktop/Qwen_Baseline02/F033.c,cppcheck,True,success,True,0,10,47,warning,invalidscanf,scanf() without field width limits can crash with huge input data.,/home/yichen/Desktop/Qwen_Baseline02/F033.c|47|warning|invalidscanf|scanf() without field width limits can crash with huge input data.,/home/yichen/Desktop/Qwen_Baseline_Results02/logs/F033_cppcheck.log
/home/yichen/Desktop/Qwen_Baseline02/F033.c,cppcheck,True,success,True,0,10,9,style,constParameterPointer,Parameter 'id' can be declared as pointer to const,/home/yichen/Desktop/Qwen_Baseline02/F033.c|9|style|constParameterPointer|Parameter 'id' can be declared as pointer to const,/home/yichen/Desktop/Qwen_Baseline_Results02/logs/F033_cppcheck.log
nofile,cppcheck,True,success,True,0,10,0,information,checkersReport,Active checkers: 113/592 (use --checkers-report=<filename> to see details),nofile|0|information|checkersReport|Active checkers: 113/592 (use --checkers-report=<filename> to see details),/home/yichen/Desktop/Qwen_Baseline_Results02/logs/F033_cppcheck.log
/home/yichen/Desktop/Qwen_Baseline02/F034.c,cppcheck,True,success,True,0,9,2,information,missingIncludeSystem,Include file: <stdio.h> not found. Please note: Cppcheck does not need standard library headers to get proper results.,/home/yichen/Desktop/Qwen_Baseline02/F034.c|2|information|missingIncludeSystem|Include file: <stdio.h> not found. Please note: Cppcheck does not need standard library headers to get proper results.,/home/yichen/Desktop/Qwen_Baseline_Results02/logs/F034_cppcheck.log
/home/yichen/Desktop/Qwen_Baseline02/F034.c,cppcheck,True,success,True,0,9,3,information,missingIncludeSystem,Include file: <stdlib.h> not found. Please note: Cppcheck does not need standard library headers to get proper results.,/home/yichen/Desktop/Qwen_Baseline02/F034.c|3|information|missingIncludeSystem|Include file: <stdlib.h> not found. Please note: Cppcheck does not need standard library headers to get proper results.,/home/yichen/Desktop/Qwen_Baseline_Results02/logs/F034_cppcheck.log
/home/yichen/Desktop/Qwen_Baseline02/F034.c,cppcheck,True,success,True,0,9,4,information,missingIncludeSystem,Include file: <string.h> not found. Please note: Cppcheck does not need standard library headers to get proper results.,/home/yichen/Desktop/Qwen_Baseline02/F034.c|4|information|missingIncludeSystem|Include file: <string.h> not found. Please note: Cppcheck does not need standard library headers to get proper results.,/home/yichen/Desktop/Qwen_Baseline_Results02/logs/F034_cppcheck.log
/home/yichen/Desktop/Qwen_Baseline02/F034.c,cppcheck,True,success,True,0,9,45,warning,invalidscanf,scanf() without field width limits can crash with huge input data.,/home/yichen/Desktop/Qwen_Baseline02/F034.c|45|warning|invalidscanf|scanf() without field width limits can crash with huge input data.,/home/yichen/Desktop/Qwen_Baseline_Results02/logs/F034_cppcheck.log
/home/yichen/Desktop/Qwen_Baseline02/F034.c,cppcheck,True,success,True,0,9,49,warning,invalidscanf,scanf() without field width limits can crash with huge input data.,/home/yichen/Desktop/Qwen_Baseline02/F034.c|49|warning|invalidscanf|scanf() without field width limits can crash with huge input data.,/home/yichen/Desktop/Qwen_Baseline_Results02/logs/F034_cppcheck.log
/home/yichen/Desktop/Qwen_Baseline02/F034.c,cppcheck,True,success,True,0,9,57,warning,invalidscanf,scanf() without field width limits can crash with huge input data.,/home/yichen/Desktop/Qwen_Baseline02/F034.c|57|warning|invalidscanf|scanf() without field width limits can crash with huge input data.,/home/yichen/Desktop/Qwen_Baseline_Results02/logs/F034_cppcheck.log
/home/yichen/Desktop/Qwen_Baseline02/F034.c,cppcheck,True,success,True,0,9,9,style,constParameterPointer,Parameter 'name' can be declared as pointer to const,/home/yichen/Desktop/Qwen_Baseline02/F034.c|9|style|constParameterPointer|Parameter 'name' can be declared as pointer to const,/home/yichen/Desktop/Qwen_Baseline_Results02/logs/F034_cppcheck.log
/home/yichen/Desktop/Qwen_Baseline02/F034.c,cppcheck,True,success,True,0,9,14,style,constParameterPointer,Parameter 'path' can be declared as pointer to const,/home/yichen/Desktop/Qwen_Baseline02/F034.c|14|style|constParameterPointer|Parameter 'path' can be declared as pointer to const,/home/yichen/Desktop/Qwen_Baseline_Results02/logs/F034_cppcheck.log
nofile,cppcheck,True,success,True,0,9,0,information,checkersReport,Active checkers: 113/592 (use --checkers-report=<filename> to see details),nofile|0|information|checkersReport|Active checkers: 113/592 (use --checkers-report=<filename> to see details),/home/yichen/Desktop/Qwen_Baseline_Results02/logs/F034_cppcheck.log
/home/yichen/Desktop/Qwen_Baseline02/F035.c,cppcheck,True,success,True,0,10,2,information,missingIncludeSystem,Include file: <stdio.h> not found. Please note: Cppcheck does not need standard library headers to get proper results.,/home/yichen/Desktop/Qwen_Baseline02/F035.c|2|information|missingIncludeSystem|Include file: <stdio.h> not found. Please note: Cppcheck does not need standard library headers to get proper results.,/home/yichen/Desktop/Qwen_Baseline_Results02/logs/F035_cppcheck.log
/home/yichen/Desktop/Qwen_Baseline02/F035.c,cppcheck,True,success,True,0,10,3,information,missingIncludeSystem,Include file: <stdlib.h> not found. Please note: Cppcheck does not need standard library headers to get proper results.,/home/yichen/Desktop/Qwen_Baseline02/F035.c|3|information|missingIncludeSystem|Include file: <stdlib.h> not found. Please note: Cppcheck does not need standard library headers to get proper results.,/home/yichen/Desktop/Qwen_Baseline_Results02/logs/F035_cppcheck.log
/home/yichen/Desktop/Qwen_Baseline02/F035.c,cppcheck,True,success,True,0,10,4,information,missingIncludeSystem,Include file: <string.h> not found. Please note: Cppcheck does not need standard library headers to get proper results.,/home/yichen/Desktop/Qwen_Baseline02/F035.c|4|information|missingIncludeSystem|Include file: <string.h> not found. Please note: Cppcheck does not need standard library headers to get proper results.,/home/yichen/Desktop/Qwen_Baseline_Results02/logs/F035_cppcheck.log
/home/yichen/Desktop/Qwen_Baseline02/F035.c,cppcheck,True,success,True,0,10,16,warning,invalidscanf,scanf() without field width limits can crash with huge input data.,/home/yichen/Desktop/Qwen_Baseline02/F035.c|16|warning|invalidscanf|scanf() without field width limits can crash with huge input data.,/home/yichen/Desktop/Qwen_Baseline_Results02/logs/F035_cppcheck.log
/home/yichen/Desktop/Qwen_Baseline02/F035.c,cppcheck,True,success,True,0,10,18,warning,invalidscanf,scanf() without field width limits can crash with huge input data.,/home/yichen/Desktop/Qwen_Baseline02/F035.c|18|warning|invalidscanf|scanf() without field width limits can crash with huge input data.,/home/yichen/Desktop/Qwen_Baseline_Results02/logs/F035_cppcheck.log
/home/yichen/Desktop/Qwen_Baseline02/F035.c,cppcheck,True,success,True,0,10,25,warning,invalidscanf,scanf() without field width limits can crash with huge input data.,/home/yichen/Desktop/Qwen_Baseline02/F035.c|25|warning|invalidscanf|scanf() without field width limits can crash with huge input data.,/home/yichen/Desktop/Qwen_Baseline_Results02/logs/F035_cppcheck.log
/home/yichen/Desktop/Qwen_Baseline02/F035.c,cppcheck,True,success,True,0,10,32,warning,invalidscanf,scanf() without field width limits can crash with huge input data.,/home/yichen/Desktop/Qwen_Baseline02/F035.c|32|warning|invalidscanf|scanf() without field width limits can crash with huge input data.,/home/yichen/Desktop/Qwen_Baseline_Results02/logs/F035_cppcheck.log
/home/yichen/Desktop/Qwen_Baseline02/F035.c,cppcheck,True,success,True,0,10,40,warning,invalidscanf,scanf() without field width limits can crash with huge input data.,/home/yichen/Desktop/Qwen_Baseline02/F035.c|40|warning|invalidscanf|scanf() without field width limits can crash with huge input data.,/home/yichen/Desktop/Qwen_Baseline_Results02/logs/F035_cppcheck.log
/home/yichen/Desktop/Qwen_Baseline02/F035.c,cppcheck,True,success,True,0,10,9,style,constParameterPointer,Parameter 'name' can be declared as pointer to const,/home/yichen/Desktop/Qwen_Baseline02/F035.c|9|style|constParameterPointer|Parameter 'name' can be declared as pointer to const,/home/yichen/Desktop/Qwen_Baseline_Results02/logs/F035_cppcheck.log
nofile,cppcheck,True,success,True,0,10,0,information,checkersReport,Active checkers: 113/592 (use --checkers-report=<filename> to see details),nofile|0|information|checkersReport|Active checkers: 113/592 (use --checkers-report=<filename> to see details),/home/yichen/Desktop/Qwen_Baseline_Results02/logs/F035_cppcheck.log
/home/yichen/Desktop/Qwen_Baseline02/F036.c,cppcheck,True,success,True,0,10,2,information,missingIncludeSystem,Include file: <stdio.h> not found. Please note: Cppcheck does not need standard library headers to get proper results.,/home/yichen/Desktop/Qwen_Baseline02/F036.c|2|information|missingIncludeSystem|Include file: <stdio.h> not found. Please note: Cppcheck does not need standard library headers to get proper results.,/home/yichen/Desktop/Qwen_Baseline_Results02/logs/F036_cppcheck.log
/home/yichen/Desktop/Qwen_Baseline02/F036.c,cppcheck,True,success,True,0,10,3,information,missingIncludeSystem,Include file: <stdlib.h> not found. Please note: Cppcheck does not need standard library headers to get proper results.,/home/yichen/Desktop/Qwen_Baseline02/F036.c|3|information|missingIncludeSystem|Include file: <stdlib.h> not found. Please note: Cppcheck does not need standard library headers to get proper results.,/home/yichen/Desktop/Qwen_Baseline_Results02/logs/F036_cppcheck.log
/home/yichen/Desktop/Qwen_Baseline02/F036.c,cppcheck,True,success,True,0,10,4,information,missingIncludeSystem,Include file: <string.h> not found. Please note: Cppcheck does not need standard library headers to get proper results.,/home/yichen/Desktop/Qwen_Baseline02/F036.c|4|information|missingIncludeSystem|Include file: <string.h> not found. Please note: Cppcheck does not need standard library headers to get proper results.,/home/yichen/Desktop/Qwen_Baseline_Results02/logs/F036_cppcheck.log
/home/yichen/Desktop/Qwen_Baseline02/F036.c,cppcheck,True,success,True,0,10,16,warning,invalidscanf,scanf() without field width limits can crash with huge input data.,/home/yichen/Desktop/Qwen_Baseline02/F036.c|16|warning|invalidscanf|scanf() without field width limits can crash with huge input data.,/home/yichen/Desktop/Qwen_Baseline_Results02/logs/F036_cppcheck.log
/home/yichen/Desktop/Qwen_Baseline02/F036.c,cppcheck,True,success,True,0,10,18,warning,invalidscanf,scanf() without field width limits can crash with huge input data.,/home/yichen/Desktop/Qwen_Baseline02/F036.c|18|warning|invalidscanf|scanf() without field width limits can crash with huge input data.,/home/yichen/Desktop/Qwen_Baseline_Results02/logs/F036_cppcheck.log
/home/yichen/Desktop/Qwen_Baseline02/F036.c,cppcheck,True,success,True,0,10,33,warning,invalidscanf,scanf() without field width limits can crash with huge input data.,/home/yichen/Desktop/Qwen_Baseline02/F036.c|33|warning|invalidscanf|scanf() without field width limits can crash with huge input data.,/home/yichen/Desktop/Qwen_Baseline_Results02/logs/F036_cppcheck.log
/home/yichen/Desktop/Qwen_Baseline02/F036.c,cppcheck,True,success,True,0,10,41,warning,invalidscanf,scanf() without field width limits can crash with huge input data.,/home/yichen/Desktop/Qwen_Baseline02/F036.c|41|warning|invalidscanf|scanf() without field width limits can crash with huge input data.,/home/yichen/Desktop/Qwen_Baseline_Results02/logs/F036_cppcheck.log
/home/yichen/Desktop/Qwen_Baseline02/F036.c,cppcheck,True,success,True,0,10,9,style,constParameterPointer,Parameter 'name' can be declared as pointer to const,/home/yichen/Desktop/Qwen_Baseline02/F036.c|9|style|constParameterPointer|Parameter 'name' can be declared as pointer to const,/home/yichen/Desktop/Qwen_Baseline_Results02/logs/F036_cppcheck.log
/home/yichen/Desktop/Qwen_Baseline02/F036.c,cppcheck,True,success,True,0,10,26,style,constVariablePointer,Variable 'data' can be declared as pointer to const,/home/yichen/Desktop/Qwen_Baseline02/F036.c|26|style|constVariablePointer|Variable 'data' can be declared as pointer to const,/home/yichen/Desktop/Qwen_Baseline_Results02/logs/F036_cppcheck.log
nofile,cppcheck,True,success,True,0,10,0,information,checkersReport,Active checkers: 113/592 (use --checkers-report=<filename> to see details),nofile|0|information|checkersReport|Active checkers: 113/592 (use --checkers-report=<filename> to see details),/home/yichen/Desktop/Qwen_Baseline_Results02/logs/F036_cppcheck.log
/home/yichen/Desktop/Qwen_Baseline02/F037.c,cppcheck,True,success,True,0,11,2,information,missingIncludeSystem,Include file: <stdio.h> not found. Please note: Cppcheck does not need standard library headers to get proper results.,/home/yichen/Desktop/Qwen_Baseline02/F037.c|2|information|missingIncludeSystem|Include file: <stdio.h> not found. Please note: Cppcheck does not need standard library headers to get proper results.,/home/yichen/Desktop/Qwen_Baseline_Results02/logs/F037_cppcheck.log
/home/yichen/Desktop/Qwen_Baseline02/F037.c,cppcheck,True,success,True,0,11,3,information,missingIncludeSystem,Include file: <stdlib.h> not found. Please note: Cppcheck does not need standard library headers to get proper results.,/home/yichen/Desktop/Qwen_Baseline02/F037.c|3|information|missingIncludeSystem|Include file: <stdlib.h> not found. Please note: Cppcheck does not need standard library headers to get proper results.,/home/yichen/Desktop/Qwen_Baseline_Results02/logs/F037_cppcheck.log
/home/yichen/Desktop/Qwen_Baseline02/F037.c,cppcheck,True,success,True,0,11,4,information,missingIncludeSystem,Include file: <string.h> not found. Please note: Cppcheck does not need standard library headers to get proper results.,/home/yichen/Desktop/Qwen_Baseline02/F037.c|4|information|missingIncludeSystem|Include file: <string.h> not found. Please note: Cppcheck does not need standard library headers to get proper results.,/home/yichen/Desktop/Qwen_Baseline_Results02/logs/F037_cppcheck.log
/home/yichen/Desktop/Qwen_Baseline02/F037.c,cppcheck,True,success,True,0,11,35,warning,invalidscanf,scanf() without field width limits can crash with huge input data.,/home/yichen/Desktop/Qwen_Baseline02/F037.c|35|warning|invalidscanf|scanf() without field width limits can crash with huge input data.,/home/yichen/Desktop/Qwen_Baseline_Results02/logs/F037_cppcheck.log
/home/yichen/Desktop/Qwen_Baseline02/F037.c,cppcheck,True,success,True,0,11,37,warning,invalidscanf,scanf() without field width limits can crash with huge input data.,/home/yichen/Desktop/Qwen_Baseline02/F037.c|37|warning|invalidscanf|scanf() without field width limits can crash with huge input data.,/home/yichen/Desktop/Qwen_Baseline_Results02/logs/F037_cppcheck.log
/home/yichen/Desktop/Qwen_Baseline02/F037.c,cppcheck,True,success,True,0,11,46,warning,invalidscanf,scanf() without field width limits can crash with huge input data.,/home/yichen/Desktop/Qwen_Baseline02/F037.c|46|warning|invalidscanf|scanf() without field width limits can crash with huge input data.,/home/yichen/Desktop/Qwen_Baseline_Results02/logs/F037_cppcheck.log
/home/yichen/Desktop/Qwen_Baseline02/F037.c,cppcheck,True,success,True,0,11,59,warning,invalidscanf,scanf() without field width limits can crash with huge input data.,/home/yichen/Desktop/Qwen_Baseline02/F037.c|59|warning|invalidscanf|scanf() without field width limits can crash with huge input data.,/home/yichen/Desktop/Qwen_Baseline_Results02/logs/F037_cppcheck.log
/home/yichen/Desktop/Qwen_Baseline02/F037.c,cppcheck,True,success,True,0,11,66,warning,invalidscanf,scanf() without field width limits can crash with huge input data.,/home/yichen/Desktop/Qwen_Baseline02/F037.c|66|warning|invalidscanf|scanf() without field width limits can crash with huge input data.,/home/yichen/Desktop/Qwen_Baseline_Results02/logs/F037_cppcheck.log
/home/yichen/Desktop/Qwen_Baseline02/F037.c,cppcheck,True,success,True,0,11,9,style,constParameterPointer,Parameter 'name' can be declared as pointer to const,/home/yichen/Desktop/Qwen_Baseline02/F037.c|9|style|constParameterPointer|Parameter 'name' can be declared as pointer to const,/home/yichen/Desktop/Qwen_Baseline_Results02/logs/F037_cppcheck.log
/home/yichen/Desktop/Qwen_Baseline02/F037.c,cppcheck,True,success,True,0,11,21,style,constParameterPointer,Parameter 'hex' can be declared as pointer to const,/home/yichen/Desktop/Qwen_Baseline02/F037.c|21|style|constParameterPointer|Parameter 'hex' can be declared as pointer to const,/home/yichen/Desktop/Qwen_Baseline_Results02/logs/F037_cppcheck.log
nofile,cppcheck,True,success,True,0,11,0,information,checkersReport,Active checkers: 113/592 (use --checkers-report=<filename> to see details),nofile|0|information|checkersReport|Active checkers: 113/592 (use --checkers-report=<filename> to see details),/home/yichen/Desktop/Qwen_Baseline_Results02/logs/F037_cppcheck.log
/home/yichen/Desktop/Qwen_Baseline02/F038.c,cppcheck,True,success,True,0,10,2,information,missingIncludeSystem,Include file: <stdio.h> not found. Please note: Cppcheck does not need standard library headers to get proper results.,/home/yichen/Desktop/Qwen_Baseline02/F038.c|2|information|missingIncludeSystem|Include file: <stdio.h> not found. Please note: Cppcheck does not need standard library headers to get proper results.,/home/yichen/Desktop/Qwen_Baseline_Results02/logs/F038_cppcheck.log
/home/yichen/Desktop/Qwen_Baseline02/F038.c,cppcheck,True,success,True,0,10,3,information,missingIncludeSystem,Include file: <stdlib.h> not found. Please note: Cppcheck does not need standard library headers to get proper results.,/home/yichen/Desktop/Qwen_Baseline02/F038.c|3|information|missingIncludeSystem|Include file: <stdlib.h> not found. Please note: Cppcheck does not need standard library headers to get proper results.,/home/yichen/Desktop/Qwen_Baseline_Results02/logs/F038_cppcheck.log
/home/yichen/Desktop/Qwen_Baseline02/F038.c,cppcheck,True,success,True,0,10,4,information,missingIncludeSystem,Include file: <string.h> not found. Please note: Cppcheck does not need standard library headers to get proper results.,/home/yichen/Desktop/Qwen_Baseline02/F038.c|4|information|missingIncludeSystem|Include file: <string.h> not found. Please note: Cppcheck does not need standard library headers to get proper results.,/home/yichen/Desktop/Qwen_Baseline_Results02/logs/F038_cppcheck.log
/home/yichen/Desktop/Qwen_Baseline02/F038.c,cppcheck,True,success,True,0,10,5,information,missingIncludeSystem,Include file: <ctype.h> not found. Please note: Cppcheck does not need standard library headers to get proper results.,/home/yichen/Desktop/Qwen_Baseline02/F038.c|5|information|missingIncludeSystem|Include file: <ctype.h> not found. Please note: Cppcheck does not need standard library headers to get proper results.,/home/yichen/Desktop/Qwen_Baseline_Results02/logs/F038_cppcheck.log
/home/yichen/Desktop/Qwen_Baseline02/F038.c,cppcheck,True,success,True,0,10,17,warning,invalidscanf,scanf() without field width limits can crash with huge input data.,/home/yichen/Desktop/Qwen_Baseline02/F038.c|17|warning|invalidscanf|scanf() without field width limits can crash with huge input data.,/home/yichen/Desktop/Qwen_Baseline_Results02/logs/F038_cppcheck.log
/home/yichen/Desktop/Qwen_Baseline02/F038.c,cppcheck,True,success,True,0,10,19,warning,invalidscanf,scanf() without field width limits can crash with huge input data.,/home/yichen/Desktop/Qwen_Baseline02/F038.c|19|warning|invalidscanf|scanf() without field width limits can crash with huge input data.,/home/yichen/Desktop/Qwen_Baseline_Results02/logs/F038_cppcheck.log
/home/yichen/Desktop/Qwen_Baseline02/F038.c,cppcheck,True,success,True,0,10,26,warning,invalidscanf,scanf() without field width limits can crash with huge input data.,/home/yichen/Desktop/Qwen_Baseline02/F038.c|26|warning|invalidscanf|scanf() without field width limits can crash with huge input data.,/home/yichen/Desktop/Qwen_Baseline_Results02/logs/F038_cppcheck.log
/home/yichen/Desktop/Qwen_Baseline02/F038.c,cppcheck,True,success,True,0,10,48,warning,invalidscanf,scanf() without field width limits can crash with huge input data.,/home/yichen/Desktop/Qwen_Baseline02/F038.c|48|warning|invalidscanf|scanf() without field width limits can crash with huge input data.,/home/yichen/Desktop/Qwen_Baseline_Results02/logs/F038_cppcheck.log
/home/yichen/Desktop/Qwen_Baseline02/F038.c,cppcheck,True,success,True,0,10,10,style,constParameterPointer,Parameter 'name' can be declared as pointer to const,/home/yichen/Desktop/Qwen_Baseline02/F038.c|10|style|constParameterPointer|Parameter 'name' can be declared as pointer to const,/home/yichen/Desktop/Qwen_Baseline_Results02/logs/F038_cppcheck.log
nofile,cppcheck,True,success,True,0,10,0,information,checkersReport,Active checkers: 113/592 (use --checkers-report=<filename> to see details),nofile|0|information|checkersReport|Active checkers: 113/592 (use --checkers-report=<filename> to see details),/home/yichen/Desktop/Qwen_Baseline_Results02/logs/F038_cppcheck.log
/home/yichen/Desktop/Qwen_Baseline02/F039.c,cppcheck,True,success,True,0,10,2,information,missingIncludeSystem,Include file: <stdio.h> not found. Please note: Cppcheck does not need standard library headers to get proper results.,/home/yichen/Desktop/Qwen_Baseline02/F039.c|2|information|missingIncludeSystem|Include file: <stdio.h> not found. Please note: Cppcheck does not need standard library headers to get proper results.,/home/yichen/Desktop/Qwen_Baseline_Results02/logs/F039_cppcheck.log
/home/yichen/Desktop/Qwen_Baseline02/F039.c,cppcheck,True,success,True,0,10,3,information,missingIncludeSystem,Include file: <stdlib.h> not found. Please note: Cppcheck does not need standard library headers to get proper results.,/home/yichen/Desktop/Qwen_Baseline02/F039.c|3|information|missingIncludeSystem|Include file: <stdlib.h> not found. Please note: Cppcheck does not need standard library headers to get proper results.,/home/yichen/Desktop/Qwen_Baseline_Results02/logs/F039_cppcheck.log
/home/yichen/Desktop/Qwen_Baseline02/F039.c,cppcheck,True,success,True,0,10,4,information,missingIncludeSystem,Include file: <string.h> not found. Please note: Cppcheck does not need standard library headers to get proper results.,/home/yichen/Desktop/Qwen_Baseline02/F039.c|4|information|missingIncludeSystem|Include file: <string.h> not found. Please note: Cppcheck does not need standard library headers to get proper results.,/home/yichen/Desktop/Qwen_Baseline_Results02/logs/F039_cppcheck.log
/home/yichen/Desktop/Qwen_Baseline02/F039.c,cppcheck,True,success,True,0,10,16,warning,invalidscanf,scanf() without field width limits can crash with huge input data.,/home/yichen/Desktop/Qwen_Baseline02/F039.c|16|warning|invalidscanf|scanf() without field width limits can crash with huge input data.,/home/yichen/Desktop/Qwen_Baseline_Results02/logs/F039_cppcheck.log
/home/yichen/Desktop/Qwen_Baseline02/F039.c,cppcheck,True,success,True,0,10,18,warning,invalidscanf,scanf() without field width limits can crash with huge input data.,/home/yichen/Desktop/Qwen_Baseline02/F039.c|18|warning|invalidscanf|scanf() without field width limits can crash with huge input data.,/home/yichen/Desktop/Qwen_Baseline_Results02/logs/F039_cppcheck.log
/home/yichen/Desktop/Qwen_Baseline02/F039.c,cppcheck,True,success,True,0,10,29,warning,invalidscanf,scanf() without field width limits can crash with huge input data.,/home/yichen/Desktop/Qwen_Baseline02/F039.c|29|warning|invalidscanf|scanf() without field width limits can crash with huge input data.,/home/yichen/Desktop/Qwen_Baseline_Results02/logs/F039_cppcheck.log
/home/yichen/Desktop/Qwen_Baseline02/F039.c,cppcheck,True,success,True,0,10,39,warning,invalidscanf,scanf() without field width limits can crash with huge input data.,/home/yichen/Desktop/Qwen_Baseline02/F039.c|39|warning|invalidscanf|scanf() without field width limits can crash with huge input data.,/home/yichen/Desktop/Qwen_Baseline_Results02/logs/F039_cppcheck.log
/home/yichen/Desktop/Qwen_Baseline02/F039.c,cppcheck,True,success,True,0,10,47,warning,invalidscanf,scanf() without field width limits can crash with huge input data.,/home/yichen/Desktop/Qwen_Baseline02/F039.c|47|warning|invalidscanf|scanf() without field width limits can crash with huge input data.,/home/yichen/Desktop/Qwen_Baseline_Results02/logs/F039_cppcheck.log
/home/yichen/Desktop/Qwen_Baseline02/F039.c,cppcheck,True,success,True,0,10,9,style,constParameterPointer,Parameter 'name' can be declared as pointer to const,/home/yichen/Desktop/Qwen_Baseline02/F039.c|9|style|constParameterPointer|Parameter 'name' can be declared as pointer to const,/home/yichen/Desktop/Qwen_Baseline_Results02/logs/F039_cppcheck.log
nofile,cppcheck,True,success,True,0,10,0,information,checkersReport,Active checkers: 113/592 (use --checkers-report=<filename> to see details),nofile|0|information|checkersReport|Active checkers: 113/592 (use --checkers-report=<filename> to see details),/home/yichen/Desktop/Qwen_Baseline_Results02/logs/F039_cppcheck.log
/home/yichen/Desktop/Qwen_Baseline02/F040.c,cppcheck,True,success,True,0,10,2,information,missingIncludeSystem,Include file: <stdio.h> not found. Please note: Cppcheck does not need standard library headers to get proper results.,/home/yichen/Desktop/Qwen_Baseline02/F040.c|2|information|missingIncludeSystem|Include file: <stdio.h> not found. Please note: Cppcheck does not need standard library headers to get proper results.,/home/yichen/Desktop/Qwen_Baseline_Results02/logs/F040_cppcheck.log
/home/yichen/Desktop/Qwen_Baseline02/F040.c,cppcheck,True,success,True,0,10,3,information,missingIncludeSystem,Include file: <stdlib.h> not found. Please note: Cppcheck does not need standard library headers to get proper results.,/home/yichen/Desktop/Qwen_Baseline02/F040.c|3|information|missingIncludeSystem|Include file: <stdlib.h> not found. Please note: Cppcheck does not need standard library headers to get proper results.,/home/yichen/Desktop/Qwen_Baseline_Results02/logs/F040_cppcheck.log
/home/yichen/Desktop/Qwen_Baseline02/F040.c,cppcheck,True,success,True,0,10,4,information,missingIncludeSystem,Include file: <string.h> not found. Please note: Cppcheck does not need standard library headers to get proper results.,/home/yichen/Desktop/Qwen_Baseline02/F040.c|4|information|missingIncludeSystem|Include file: <string.h> not found. Please note: Cppcheck does not need standard library headers to get proper results.,/home/yichen/Desktop/Qwen_Baseline_Results02/logs/F040_cppcheck.log
/home/yichen/Desktop/Qwen_Baseline02/F040.c,cppcheck,True,success,True,0,10,16,warning,invalidscanf,scanf() without field width limits can crash with huge input data.,/home/yichen/Desktop/Qwen_Baseline02/F040.c|16|warning|invalidscanf|scanf() without field width limits can crash with huge input data.,/home/yichen/Desktop/Qwen_Baseline_Results02/logs/F040_cppcheck.log
/home/yichen/Desktop/Qwen_Baseline02/F040.c,cppcheck,True,success,True,0,10,18,warning,invalidscanf,scanf() without field width limits can crash with huge input data.,/home/yichen/Desktop/Qwen_Baseline02/F040.c|18|warning|invalidscanf|scanf() without field width limits can crash with huge input data.,/home/yichen/Desktop/Qwen_Baseline_Results02/logs/F040_cppcheck.log
/home/yichen/Desktop/Qwen_Baseline02/F040.c,cppcheck,True,success,True,0,10,33,warning,invalidscanf,scanf() without field width limits can crash with huge input data.,/home/yichen/Desktop/Qwen_Baseline02/F040.c|33|warning|invalidscanf|scanf() without field width limits can crash with huge input data.,/home/yichen/Desktop/Qwen_Baseline_Results02/logs/F040_cppcheck.log
/home/yichen/Desktop/Qwen_Baseline02/F040.c,cppcheck,True,success,True,0,10,41,warning,invalidscanf,scanf() without field width limits can crash with huge input data.,/home/yichen/Desktop/Qwen_Baseline02/F040.c|41|warning|invalidscanf|scanf() without field width limits can crash with huge input data.,/home/yichen/Desktop/Qwen_Baseline_Results02/logs/F040_cppcheck.log
/home/yichen/Desktop/Qwen_Baseline02/F040.c,cppcheck,True,success,True,0,10,45,warning,invalidscanf,scanf() without field width limits can crash with huge input data.,/home/yichen/Desktop/Qwen_Baseline02/F040.c|45|warning|invalidscanf|scanf() without field width limits can crash with huge input data.,/home/yichen/Desktop/Qwen_Baseline_Results02/logs/F040_cppcheck.log
/home/yichen/Desktop/Qwen_Baseline02/F040.c,cppcheck,True,success,True,0,10,9,style,constParameterPointer,Parameter 'id' can be declared as pointer to const,/home/yichen/Desktop/Qwen_Baseline02/F040.c|9|style|constParameterPointer|Parameter 'id' can be declared as pointer to const,/home/yichen/Desktop/Qwen_Baseline_Results02/logs/F040_cppcheck.log
nofile,cppcheck,True,success,True,0,10,0,information,checkersReport,Active checkers: 113/592 (use --checkers-report=<filename> to see details),nofile|0|information|checkersReport|Active checkers: 113/592 (use --checkers-report=<filename> to see details),/home/yichen/Desktop/Qwen_Baseline_Results02/logs/F040_cppcheck.log
