file,tool,attempted,status,success,returncode,finding_count,line,severity,check_id,message,evidence,log_path
/home/yichen/Desktop/Gemini_SDF04/F001.c,cppcheck,True,success,True,0,8,3,information,missingIncludeSystem,Include file: <stdio.h> not found. Please note: Cppcheck does not need standard library headers to get proper results.,/home/yichen/Desktop/Gemini_SDF04/F001.c|3|information|missingIncludeSystem|Include file: <stdio.h> not found. Please note: Cppcheck does not need standard library headers to get proper results.,/home/yichen/Desktop/Gemini_SDF_Results04/logs/F001_cppcheck.log
/home/yichen/Desktop/Gemini_SDF04/F001.c,cppcheck,True,success,True,0,8,4,information,missingIncludeSystem,Include file: <stdlib.h> not found. Please note: Cppcheck does not need standard library headers to get proper results.,/home/yichen/Desktop/Gemini_SDF04/F001.c|4|information|missingIncludeSystem|Include file: <stdlib.h> not found. Please note: Cppcheck does not need standard library headers to get proper results.,/home/yichen/Desktop/Gemini_SDF_Results04/logs/F001_cppcheck.log
/home/yichen/Desktop/Gemini_SDF04/F001.c,cppcheck,True,success,True,0,8,5,information,missingIncludeSystem,Include file: <string.h> not found. Please note: Cppcheck does not need standard library headers to get proper results.,/home/yichen/Desktop/Gemini_SDF04/F001.c|5|information|missingIncludeSystem|Include file: <string.h> not found. Please note: Cppcheck does not need standard library headers to get proper results.,/home/yichen/Desktop/Gemini_SDF_Results04/logs/F001_cppcheck.log
/home/yichen/Desktop/Gemini_SDF04/F001.c,cppcheck,True,success,True,0,8,38,style,constVariablePointer,Variable 'id' can be declared as pointer to const,/home/yichen/Desktop/Gemini_SDF04/F001.c|38|style|constVariablePointer|Variable 'id' can be declared as pointer to const,/home/yichen/Desktop/Gemini_SDF_Results04/logs/F001_cppcheck.log
/home/yichen/Desktop/Gemini_SDF04/F001.c,cppcheck,True,success,True,0,8,63,style,constVariablePointer,Variable 't' can be declared as pointer to const,/home/yichen/Desktop/Gemini_SDF04/F001.c|63|style|constVariablePointer|Variable 't' can be declared as pointer to const,/home/yichen/Desktop/Gemini_SDF_Results04/logs/F001_cppcheck.log
/home/yichen/Desktop/Gemini_SDF04/F001.c,cppcheck,True,success,True,0,8,74,style,constVariablePointer,Variable 't' can be declared as pointer to const,/home/yichen/Desktop/Gemini_SDF04/F001.c|74|style|constVariablePointer|Variable 't' can be declared as pointer to const,/home/yichen/Desktop/Gemini_SDF_Results04/logs/F001_cppcheck.log
/home/yichen/Desktop/Gemini_SDF04/F001.c,cppcheck,True,success,True,0,8,94,style,constVariablePointer,Variable 'p' can be declared as pointer to const,/home/yichen/Desktop/Gemini_SDF04/F001.c|94|style|constVariablePointer|Variable 'p' can be declared as pointer to const,/home/yichen/Desktop/Gemini_SDF_Results04/logs/F001_cppcheck.log
nofile,cppcheck,True,success,True,0,8,0,information,checkersReport,Active checkers: 113/592 (use --checkers-report=<filename> to see details),nofile|0|information|checkersReport|Active checkers: 113/592 (use --checkers-report=<filename> to see details),/home/yichen/Desktop/Gemini_SDF_Results04/logs/F001_cppcheck.log
/home/yichen/Desktop/Gemini_SDF04/F002.c,cppcheck,True,success,True,0,9,3,information,missingIncludeSystem,Include file: <stdio.h> not found. Please note: Cppcheck does not need standard library headers to get proper results.,/home/yichen/Desktop/Gemini_SDF04/F002.c|3|information|missingIncludeSystem|Include file: <stdio.h> not found. Please note: Cppcheck does not need standard library headers to get proper results.,/home/yichen/Desktop/Gemini_SDF_Results04/logs/F002_cppcheck.log
/home/yichen/Desktop/Gemini_SDF04/F002.c,cppcheck,True,success,True,0,9,4,information,missingIncludeSystem,Include file: <stdlib.h> not found. Please note: Cppcheck does not need standard library headers to get proper results.,/home/yichen/Desktop/Gemini_SDF04/F002.c|4|information|missingIncludeSystem|Include file: <stdlib.h> not found. Please note: Cppcheck does not need standard library headers to get proper results.,/home/yichen/Desktop/Gemini_SDF_Results04/logs/F002_cppcheck.log
/home/yichen/Desktop/Gemini_SDF04/F002.c,cppcheck,True,success,True,0,9,5,information,missingIncludeSystem,Include file: <string.h> not found. Please note: Cppcheck does not need standard library headers to get proper results.,/home/yichen/Desktop/Gemini_SDF04/F002.c|5|information|missingIncludeSystem|Include file: <string.h> not found. Please note: Cppcheck does not need standard library headers to get proper results.,/home/yichen/Desktop/Gemini_SDF_Results04/logs/F002_cppcheck.log
/home/yichen/Desktop/Gemini_SDF04/F002.c,cppcheck,True,success,True,0,9,29,style,constVariablePointer,Variable 'arg1' can be declared as pointer to const,/home/yichen/Desktop/Gemini_SDF04/F002.c|29|style|constVariablePointer|Variable 'arg1' can be declared as pointer to const,/home/yichen/Desktop/Gemini_SDF_Results04/logs/F002_cppcheck.log
/home/yichen/Desktop/Gemini_SDF04/F002.c,cppcheck,True,success,True,0,9,34,style,constVariablePointer,Variable 'msg' can be declared as pointer to const,/home/yichen/Desktop/Gemini_SDF04/F002.c|34|style|constVariablePointer|Variable 'msg' can be declared as pointer to const,/home/yichen/Desktop/Gemini_SDF_Results04/logs/F002_cppcheck.log
/home/yichen/Desktop/Gemini_SDF04/F002.c,cppcheck,True,success,True,0,9,54,style,constVariablePointer,Variable 'arg2' can be declared as pointer to const,/home/yichen/Desktop/Gemini_SDF04/F002.c|54|style|constVariablePointer|Variable 'arg2' can be declared as pointer to const,/home/yichen/Desktop/Gemini_SDF_Results04/logs/F002_cppcheck.log
/home/yichen/Desktop/Gemini_SDF04/F002.c,cppcheck,True,success,True,0,9,58,style,constVariablePointer,Variable 'arg3' can be declared as pointer to const,/home/yichen/Desktop/Gemini_SDF04/F002.c|58|style|constVariablePointer|Variable 'arg3' can be declared as pointer to const,/home/yichen/Desktop/Gemini_SDF_Results04/logs/F002_cppcheck.log
/home/yichen/Desktop/Gemini_SDF04/F002.c,cppcheck,True,success,True,0,9,123,style,constVariablePointer,Variable 'p' can be declared as pointer to const,/home/yichen/Desktop/Gemini_SDF04/F002.c|123|style|constVariablePointer|Variable 'p' can be declared as pointer to const,/home/yichen/Desktop/Gemini_SDF_Results04/logs/F002_cppcheck.log
nofile,cppcheck,True,success,True,0,9,0,information,checkersReport,Active checkers: 113/592 (use --checkers-report=<filename> to see details),nofile|0|information|checkersReport|Active checkers: 113/592 (use --checkers-report=<filename> to see details),/home/yichen/Desktop/Gemini_SDF_Results04/logs/F002_cppcheck.log
/home/yichen/Desktop/Gemini_SDF04/F003.c,cppcheck,True,success,True,0,8,3,information,missingIncludeSystem,Include file: <stdio.h> not found. Please note: Cppcheck does not need standard library headers to get proper results.,/home/yichen/Desktop/Gemini_SDF04/F003.c|3|information|missingIncludeSystem|Include file: <stdio.h> not found. Please note: Cppcheck does not need standard library headers to get proper results.,/home/yichen/Desktop/Gemini_SDF_Results04/logs/F003_cppcheck.log
/home/yichen/Desktop/Gemini_SDF04/F003.c,cppcheck,True,success,True,0,8,4,information,missingIncludeSystem,Include file: <stdlib.h> not found. Please note: Cppcheck does not need standard library headers to get proper results.,/home/yichen/Desktop/Gemini_SDF04/F003.c|4|information|missingIncludeSystem|Include file: <stdlib.h> not found. Please note: Cppcheck does not need standard library headers to get proper results.,/home/yichen/Desktop/Gemini_SDF_Results04/logs/F003_cppcheck.log
/home/yichen/Desktop/Gemini_SDF04/F003.c,cppcheck,True,success,True,0,8,5,information,missingIncludeSystem,Include file: <string.h> not found. Please note: Cppcheck does not need standard library headers to get proper results.,/home/yichen/Desktop/Gemini_SDF04/F003.c|5|information|missingIncludeSystem|Include file: <string.h> not found. Please note: Cppcheck does not need standard library headers to get proper results.,/home/yichen/Desktop/Gemini_SDF_Results04/logs/F003_cppcheck.log
/home/yichen/Desktop/Gemini_SDF04/F003.c,cppcheck,True,success,True,0,8,38,style,constVariablePointer,Variable 'arg1' can be declared as pointer to const,/home/yichen/Desktop/Gemini_SDF04/F003.c|38|style|constVariablePointer|Variable 'arg1' can be declared as pointer to const,/home/yichen/Desktop/Gemini_SDF_Results04/logs/F003_cppcheck.log
/home/yichen/Desktop/Gemini_SDF04/F003.c,cppcheck,True,success,True,0,8,43,style,constVariablePointer,Variable 'exp' can be declared as pointer to const,/home/yichen/Desktop/Gemini_SDF04/F003.c|43|style|constVariablePointer|Variable 'exp' can be declared as pointer to const,/home/yichen/Desktop/Gemini_SDF_Results04/logs/F003_cppcheck.log
/home/yichen/Desktop/Gemini_SDF04/F003.c,cppcheck,True,success,True,0,8,71,style,constVariablePointer,Variable 'p' can be declared as pointer to const,/home/yichen/Desktop/Gemini_SDF04/F003.c|71|style|constVariablePointer|Variable 'p' can be declared as pointer to const,/home/yichen/Desktop/Gemini_SDF_Results04/logs/F003_cppcheck.log
/home/yichen/Desktop/Gemini_SDF04/F003.c,cppcheck,True,success,True,0,8,82,style,constVariablePointer,Variable 'arg2' can be declared as pointer to const,/home/yichen/Desktop/Gemini_SDF04/F003.c|82|style|constVariablePointer|Variable 'arg2' can be declared as pointer to const,/home/yichen/Desktop/Gemini_SDF_Results04/logs/F003_cppcheck.log
nofile,cppcheck,True,success,True,0,8,0,information,checkersReport,Active checkers: 113/592 (use --checkers-report=<filename> to see details),nofile|0|information|checkersReport|Active checkers: 113/592 (use --checkers-report=<filename> to see details),/home/yichen/Desktop/Gemini_SDF_Results04/logs/F003_cppcheck.log
/home/yichen/Desktop/Gemini_SDF04/F004.c,cppcheck,True,success,True,0,5,3,information,missingIncludeSystem,Include file: <stdio.h> not found. Please note: Cppcheck does not need standard library headers to get proper results.,/home/yichen/Desktop/Gemini_SDF04/F004.c|3|information|missingIncludeSystem|Include file: <stdio.h> not found. Please note: Cppcheck does not need standard library headers to get proper results.,/home/yichen/Desktop/Gemini_SDF_Results04/logs/F004_cppcheck.log
/home/yichen/Desktop/Gemini_SDF04/F004.c,cppcheck,True,success,True,0,5,4,information,missingIncludeSystem,Include file: <stdlib.h> not found. Please note: Cppcheck does not need standard library headers to get proper results.,/home/yichen/Desktop/Gemini_SDF04/F004.c|4|information|missingIncludeSystem|Include file: <stdlib.h> not found. Please note: Cppcheck does not need standard library headers to get proper results.,/home/yichen/Desktop/Gemini_SDF_Results04/logs/F004_cppcheck.log
/home/yichen/Desktop/Gemini_SDF04/F004.c,cppcheck,True,success,True,0,5,5,information,missingIncludeSystem,Include file: <string.h> not found. Please note: Cppcheck does not need standard library headers to get proper results.,/home/yichen/Desktop/Gemini_SDF04/F004.c|5|information|missingIncludeSystem|Include file: <string.h> not found. Please note: Cppcheck does not need standard library headers to get proper results.,/home/yichen/Desktop/Gemini_SDF_Results04/logs/F004_cppcheck.log
/home/yichen/Desktop/Gemini_SDF04/F004.c,cppcheck,True,success,True,0,5,43,style,constVariablePointer,Variable 'val' can be declared as pointer to const,/home/yichen/Desktop/Gemini_SDF04/F004.c|43|style|constVariablePointer|Variable 'val' can be declared as pointer to const,/home/yichen/Desktop/Gemini_SDF_Results04/logs/F004_cppcheck.log
nofile,cppcheck,True,success,True,0,5,0,information,checkersReport,Active checkers: 113/592 (use --checkers-report=<filename> to see details),nofile|0|information|checkersReport|Active checkers: 113/592 (use --checkers-report=<filename> to see details),/home/yichen/Desktop/Gemini_SDF_Results04/logs/F004_cppcheck.log
/home/yichen/Desktop/Gemini_SDF04/F005.c,cppcheck,True,success,True,0,8,3,information,missingIncludeSystem,Include file: <stdio.h> not found. Please note: Cppcheck does not need standard library headers to get proper results.,/home/yichen/Desktop/Gemini_SDF04/F005.c|3|information|missingIncludeSystem|Include file: <stdio.h> not found. Please note: Cppcheck does not need standard library headers to get proper results.,/home/yichen/Desktop/Gemini_SDF_Results04/logs/F005_cppcheck.log
/home/yichen/Desktop/Gemini_SDF04/F005.c,cppcheck,True,success,True,0,8,4,information,missingIncludeSystem,Include file: <stdlib.h> not found. Please note: Cppcheck does not need standard library headers to get proper results.,/home/yichen/Desktop/Gemini_SDF04/F005.c|4|information|missingIncludeSystem|Include file: <stdlib.h> not found. Please note: Cppcheck does not need standard library headers to get proper results.,/home/yichen/Desktop/Gemini_SDF_Results04/logs/F005_cppcheck.log
/home/yichen/Desktop/Gemini_SDF04/F005.c,cppcheck,True,success,True,0,8,5,information,missingIncludeSystem,Include file: <string.h> not found. Please note: Cppcheck does not need standard library headers to get proper results.,/home/yichen/Desktop/Gemini_SDF04/F005.c|5|information|missingIncludeSystem|Include file: <string.h> not found. Please note: Cppcheck does not need standard library headers to get proper results.,/home/yichen/Desktop/Gemini_SDF_Results04/logs/F005_cppcheck.log
/home/yichen/Desktop/Gemini_SDF04/F005.c,cppcheck,True,success,True,0,8,24,style,constVariablePointer,Variable 'arg1' can be declared as pointer to const,/home/yichen/Desktop/Gemini_SDF04/F005.c|24|style|constVariablePointer|Variable 'arg1' can be declared as pointer to const,/home/yichen/Desktop/Gemini_SDF_Results04/logs/F005_cppcheck.log
/home/yichen/Desktop/Gemini_SDF04/F005.c,cppcheck,True,success,True,0,8,30,style,constVariablePointer,Variable 'text' can be declared as pointer to const,/home/yichen/Desktop/Gemini_SDF04/F005.c|30|style|constVariablePointer|Variable 'text' can be declared as pointer to const,/home/yichen/Desktop/Gemini_SDF_Results04/logs/F005_cppcheck.log
/home/yichen/Desktop/Gemini_SDF04/F005.c,cppcheck,True,success,True,0,8,78,style,constVariablePointer,Variable 'text' can be declared as pointer to const,/home/yichen/Desktop/Gemini_SDF04/F005.c|78|style|constVariablePointer|Variable 'text' can be declared as pointer to const,/home/yichen/Desktop/Gemini_SDF_Results04/logs/F005_cppcheck.log
/home/yichen/Desktop/Gemini_SDF04/F005.c,cppcheck,True,success,True,0,8,91,style,constVariablePointer,Variable 'p' can be declared as pointer to const,/home/yichen/Desktop/Gemini_SDF04/F005.c|91|style|constVariablePointer|Variable 'p' can be declared as pointer to const,/home/yichen/Desktop/Gemini_SDF_Results04/logs/F005_cppcheck.log
nofile,cppcheck,True,success,True,0,8,0,information,checkersReport,Active checkers: 113/592 (use --checkers-report=<filename> to see details),nofile|0|information|checkersReport|Active checkers: 113/592 (use --checkers-report=<filename> to see details),/home/yichen/Desktop/Gemini_SDF_Results04/logs/F005_cppcheck.log
/home/yichen/Desktop/Gemini_SDF04/F006.c,cppcheck,True,success,True,0,6,3,information,missingIncludeSystem,Include file: <stdio.h> not found. Please note: Cppcheck does not need standard library headers to get proper results.,/home/yichen/Desktop/Gemini_SDF04/F006.c|3|information|missingIncludeSystem|Include file: <stdio.h> not found. Please note: Cppcheck does not need standard library headers to get proper results.,/home/yichen/Desktop/Gemini_SDF_Results04/logs/F006_cppcheck.log
/home/yichen/Desktop/Gemini_SDF04/F006.c,cppcheck,True,success,True,0,6,4,information,missingIncludeSystem,Include file: <stdlib.h> not found. Please note: Cppcheck does not need standard library headers to get proper results.,/home/yichen/Desktop/Gemini_SDF04/F006.c|4|information|missingIncludeSystem|Include file: <stdlib.h> not found. Please note: Cppcheck does not need standard library headers to get proper results.,/home/yichen/Desktop/Gemini_SDF_Results04/logs/F006_cppcheck.log
/home/yichen/Desktop/Gemini_SDF04/F006.c,cppcheck,True,success,True,0,6,5,information,missingIncludeSystem,Include file: <string.h> not found. Please note: Cppcheck does not need standard library headers to get proper results.,/home/yichen/Desktop/Gemini_SDF04/F006.c|5|information|missingIncludeSystem|Include file: <string.h> not found. Please note: Cppcheck does not need standard library headers to get proper results.,/home/yichen/Desktop/Gemini_SDF_Results04/logs/F006_cppcheck.log
/home/yichen/Desktop/Gemini_SDF04/F006.c,cppcheck,True,success,True,0,6,68,style,variableScope,The scope of the variable 'c' can be reduced.,/home/yichen/Desktop/Gemini_SDF04/F006.c|68|style|variableScope|The scope of the variable 'c' can be reduced.,/home/yichen/Desktop/Gemini_SDF_Results04/logs/F006_cppcheck.log
/home/yichen/Desktop/Gemini_SDF04/F006.c,cppcheck,True,success,True,0,6,38,style,constVariablePointer,Variable 'arg1' can be declared as pointer to const,/home/yichen/Desktop/Gemini_SDF04/F006.c|38|style|constVariablePointer|Variable 'arg1' can be declared as pointer to const,/home/yichen/Desktop/Gemini_SDF_Results04/logs/F006_cppcheck.log
nofile,cppcheck,True,success,True,0,6,0,information,checkersReport,Active checkers: 113/592 (use --checkers-report=<filename> to see details),nofile|0|information|checkersReport|Active checkers: 113/592 (use --checkers-report=<filename> to see details),/home/yichen/Desktop/Gemini_SDF_Results04/logs/F006_cppcheck.log
/home/yichen/Desktop/Gemini_SDF04/F007.c,cppcheck,True,success,True,0,8,3,information,missingIncludeSystem,Include file: <stdio.h> not found. Please note: Cppcheck does not need standard library headers to get proper results.,/home/yichen/Desktop/Gemini_SDF04/F007.c|3|information|missingIncludeSystem|Include file: <stdio.h> not found. Please note: Cppcheck does not need standard library headers to get proper results.,/home/yichen/Desktop/Gemini_SDF_Results04/logs/F007_cppcheck.log
/home/yichen/Desktop/Gemini_SDF04/F007.c,cppcheck,True,success,True,0,8,4,information,missingIncludeSystem,Include file: <stdlib.h> not found. Please note: Cppcheck does not need standard library headers to get proper results.,/home/yichen/Desktop/Gemini_SDF04/F007.c|4|information|missingIncludeSystem|Include file: <stdlib.h> not found. Please note: Cppcheck does not need standard library headers to get proper results.,/home/yichen/Desktop/Gemini_SDF_Results04/logs/F007_cppcheck.log
/home/yichen/Desktop/Gemini_SDF04/F007.c,cppcheck,True,success,True,0,8,5,information,missingIncludeSystem,Include file: <string.h> not found. Please note: Cppcheck does not need standard library headers to get proper results.,/home/yichen/Desktop/Gemini_SDF04/F007.c|5|information|missingIncludeSystem|Include file: <string.h> not found. Please note: Cppcheck does not need standard library headers to get proper results.,/home/yichen/Desktop/Gemini_SDF_Results04/logs/F007_cppcheck.log
/home/yichen/Desktop/Gemini_SDF04/F007.c,cppcheck,True,success,True,0,8,30,style,constVariablePointer,Variable 'arg1' can be declared as pointer to const,/home/yichen/Desktop/Gemini_SDF04/F007.c|30|style|constVariablePointer|Variable 'arg1' can be declared as pointer to const,/home/yichen/Desktop/Gemini_SDF_Results04/logs/F007_cppcheck.log
/home/yichen/Desktop/Gemini_SDF04/F007.c,cppcheck,True,success,True,0,8,35,style,constVariablePointer,Variable 'label' can be declared as pointer to const,/home/yichen/Desktop/Gemini_SDF04/F007.c|35|style|constVariablePointer|Variable 'label' can be declared as pointer to const,/home/yichen/Desktop/Gemini_SDF_Results04/logs/F007_cppcheck.log
/home/yichen/Desktop/Gemini_SDF04/F007.c,cppcheck,True,success,True,0,8,39,style,constVariablePointer,Variable 'note' can be declared as pointer to const,/home/yichen/Desktop/Gemini_SDF04/F007.c|39|style|constVariablePointer|Variable 'note' can be declared as pointer to const,/home/yichen/Desktop/Gemini_SDF_Results04/logs/F007_cppcheck.log
/home/yichen/Desktop/Gemini_SDF04/F007.c,cppcheck,True,success,True,0,8,62,style,constVariablePointer,Variable 'label' can be declared as pointer to const,/home/yichen/Desktop/Gemini_SDF04/F007.c|62|style|constVariablePointer|Variable 'label' can be declared as pointer to const,/home/yichen/Desktop/Gemini_SDF_Results04/logs/F007_cppcheck.log
nofile,cppcheck,True,success,True,0,8,0,information,checkersReport,Active checkers: 113/592 (use --checkers-report=<filename> to see details),nofile|0|information|checkersReport|Active checkers: 113/592 (use --checkers-report=<filename> to see details),/home/yichen/Desktop/Gemini_SDF_Results04/logs/F007_cppcheck.log
/home/yichen/Desktop/Gemini_SDF04/F008.c,cppcheck,True,success,True,0,10,3,information,missingIncludeSystem,Include file: <stdio.h> not found. Please note: Cppcheck does not need standard library headers to get proper results.,/home/yichen/Desktop/Gemini_SDF04/F008.c|3|information|missingIncludeSystem|Include file: <stdio.h> not found. Please note: Cppcheck does not need standard library headers to get proper results.,/home/yichen/Desktop/Gemini_SDF_Results04/logs/F008_cppcheck.log
/home/yichen/Desktop/Gemini_SDF04/F008.c,cppcheck,True,success,True,0,10,4,information,missingIncludeSystem,Include file: <stdlib.h> not found. Please note: Cppcheck does not need standard library headers to get proper results.,/home/yichen/Desktop/Gemini_SDF04/F008.c|4|information|missingIncludeSystem|Include file: <stdlib.h> not found. Please note: Cppcheck does not need standard library headers to get proper results.,/home/yichen/Desktop/Gemini_SDF_Results04/logs/F008_cppcheck.log
/home/yichen/Desktop/Gemini_SDF04/F008.c,cppcheck,True,success,True,0,10,5,information,missingIncludeSystem,Include file: <string.h> not found. Please note: Cppcheck does not need standard library headers to get proper results.,/home/yichen/Desktop/Gemini_SDF04/F008.c|5|information|missingIncludeSystem|Include file: <string.h> not found. Please note: Cppcheck does not need standard library headers to get proper results.,/home/yichen/Desktop/Gemini_SDF_Results04/logs/F008_cppcheck.log
/home/yichen/Desktop/Gemini_SDF04/F008.c,cppcheck,True,success,True,0,10,75,style,variableScope,The scope of the variable 'score' can be reduced.,/home/yichen/Desktop/Gemini_SDF04/F008.c|75|style|variableScope|The scope of the variable 'score' can be reduced.,/home/yichen/Desktop/Gemini_SDF_Results04/logs/F008_cppcheck.log
/home/yichen/Desktop/Gemini_SDF04/F008.c,cppcheck,True,success,True,0,10,39,style,constVariablePointer,Variable 'arg1' can be declared as pointer to const,/home/yichen/Desktop/Gemini_SDF04/F008.c|39|style|constVariablePointer|Variable 'arg1' can be declared as pointer to const,/home/yichen/Desktop/Gemini_SDF_Results04/logs/F008_cppcheck.log
/home/yichen/Desktop/Gemini_SDF04/F008.c,cppcheck,True,success,True,0,10,44,style,constVariablePointer,Variable 'score_str' can be declared as pointer to const,/home/yichen/Desktop/Gemini_SDF04/F008.c|44|style|constVariablePointer|Variable 'score_str' can be declared as pointer to const,/home/yichen/Desktop/Gemini_SDF_Results04/logs/F008_cppcheck.log
/home/yichen/Desktop/Gemini_SDF04/F008.c,cppcheck,True,success,True,0,10,49,style,constVariablePointer,Variable 'note' can be declared as pointer to const,/home/yichen/Desktop/Gemini_SDF04/F008.c|49|style|constVariablePointer|Variable 'note' can be declared as pointer to const,/home/yichen/Desktop/Gemini_SDF_Results04/logs/F008_cppcheck.log
/home/yichen/Desktop/Gemini_SDF04/F008.c,cppcheck,True,success,True,0,10,71,style,constVariablePointer,Variable 'score_str' can be declared as pointer to const,/home/yichen/Desktop/Gemini_SDF04/F008.c|71|style|constVariablePointer|Variable 'score_str' can be declared as pointer to const,/home/yichen/Desktop/Gemini_SDF_Results04/logs/F008_cppcheck.log
/home/yichen/Desktop/Gemini_SDF04/F008.c,cppcheck,True,success,True,0,10,76,style,constVariablePointer,Variable 'note' can be declared as pointer to const,/home/yichen/Desktop/Gemini_SDF04/F008.c|76|style|constVariablePointer|Variable 'note' can be declared as pointer to const,/home/yichen/Desktop/Gemini_SDF_Results04/logs/F008_cppcheck.log
nofile,cppcheck,True,success,True,0,10,0,information,checkersReport,Active checkers: 113/592 (use --checkers-report=<filename> to see details),nofile|0|information|checkersReport|Active checkers: 113/592 (use --checkers-report=<filename> to see details),/home/yichen/Desktop/Gemini_SDF_Results04/logs/F008_cppcheck.log
/home/yichen/Desktop/Gemini_SDF04/F009.c,cppcheck,True,success,True,0,8,3,information,missingIncludeSystem,Include file: <stdio.h> not found. Please note: Cppcheck does not need standard library headers to get proper results.,/home/yichen/Desktop/Gemini_SDF04/F009.c|3|information|missingIncludeSystem|Include file: <stdio.h> not found. Please note: Cppcheck does not need standard library headers to get proper results.,/home/yichen/Desktop/Gemini_SDF_Results04/logs/F009_cppcheck.log
/home/yichen/Desktop/Gemini_SDF04/F009.c,cppcheck,True,success,True,0,8,4,information,missingIncludeSystem,Include file: <stdlib.h> not found. Please note: Cppcheck does not need standard library headers to get proper results.,/home/yichen/Desktop/Gemini_SDF04/F009.c|4|information|missingIncludeSystem|Include file: <stdlib.h> not found. Please note: Cppcheck does not need standard library headers to get proper results.,/home/yichen/Desktop/Gemini_SDF_Results04/logs/F009_cppcheck.log
/home/yichen/Desktop/Gemini_SDF04/F009.c,cppcheck,True,success,True,0,8,5,information,missingIncludeSystem,Include file: <string.h> not found. Please note: Cppcheck does not need standard library headers to get proper results.,/home/yichen/Desktop/Gemini_SDF04/F009.c|5|information|missingIncludeSystem|Include file: <string.h> not found. Please note: Cppcheck does not need standard library headers to get proper results.,/home/yichen/Desktop/Gemini_SDF_Results04/logs/F009_cppcheck.log
/home/yichen/Desktop/Gemini_SDF04/F009.c,cppcheck,True,success,True,0,8,29,style,constVariablePointer,Variable 'arg1' can be declared as pointer to const,/home/yichen/Desktop/Gemini_SDF04/F009.c|29|style|constVariablePointer|Variable 'arg1' can be declared as pointer to const,/home/yichen/Desktop/Gemini_SDF_Results04/logs/F009_cppcheck.log
/home/yichen/Desktop/Gemini_SDF04/F009.c,cppcheck,True,success,True,0,8,34,style,constVariablePointer,Variable 'desc' can be declared as pointer to const,/home/yichen/Desktop/Gemini_SDF04/F009.c|34|style|constVariablePointer|Variable 'desc' can be declared as pointer to const,/home/yichen/Desktop/Gemini_SDF_Results04/logs/F009_cppcheck.log
/home/yichen/Desktop/Gemini_SDF04/F009.c,cppcheck,True,success,True,0,8,54,style,constVariablePointer,Variable 'arg2' can be declared as pointer to const,/home/yichen/Desktop/Gemini_SDF04/F009.c|54|style|constVariablePointer|Variable 'arg2' can be declared as pointer to const,/home/yichen/Desktop/Gemini_SDF_Results04/logs/F009_cppcheck.log
/home/yichen/Desktop/Gemini_SDF04/F009.c,cppcheck,True,success,True,0,8,58,style,constVariablePointer,Variable 'newG' can be declared as pointer to const,/home/yichen/Desktop/Gemini_SDF04/F009.c|58|style|constVariablePointer|Variable 'newG' can be declared as pointer to const,/home/yichen/Desktop/Gemini_SDF_Results04/logs/F009_cppcheck.log
nofile,cppcheck,True,success,True,0,8,0,information,checkersReport,Active checkers: 113/592 (use --checkers-report=<filename> to see details),nofile|0|information|checkersReport|Active checkers: 113/592 (use --checkers-report=<filename> to see details),/home/yichen/Desktop/Gemini_SDF_Results04/logs/F009_cppcheck.log
/home/yichen/Desktop/Gemini_SDF04/F010.c,cppcheck,True,success,True,0,7,3,information,missingIncludeSystem,Include file: <stdio.h> not found. Please note: Cppcheck does not need standard library headers to get proper results.,/home/yichen/Desktop/Gemini_SDF04/F010.c|3|information|missingIncludeSystem|Include file: <stdio.h> not found. Please note: Cppcheck does not need standard library headers to get proper results.,/home/yichen/Desktop/Gemini_SDF_Results04/logs/F010_cppcheck.log
/home/yichen/Desktop/Gemini_SDF04/F010.c,cppcheck,True,success,True,0,7,4,information,missingIncludeSystem,Include file: <stdlib.h> not found. Please note: Cppcheck does not need standard library headers to get proper results.,/home/yichen/Desktop/Gemini_SDF04/F010.c|4|information|missingIncludeSystem|Include file: <stdlib.h> not found. Please note: Cppcheck does not need standard library headers to get proper results.,/home/yichen/Desktop/Gemini_SDF_Results04/logs/F010_cppcheck.log
/home/yichen/Desktop/Gemini_SDF04/F010.c,cppcheck,True,success,True,0,7,5,information,missingIncludeSystem,Include file: <string.h> not found. Please note: Cppcheck does not need standard library headers to get proper results.,/home/yichen/Desktop/Gemini_SDF04/F010.c|5|information|missingIncludeSystem|Include file: <string.h> not found. Please note: Cppcheck does not need standard library headers to get proper results.,/home/yichen/Desktop/Gemini_SDF_Results04/logs/F010_cppcheck.log
/home/yichen/Desktop/Gemini_SDF04/F010.c,cppcheck,True,success,True,0,7,29,style,constVariablePointer,Variable 'arg1' can be declared as pointer to const,/home/yichen/Desktop/Gemini_SDF04/F010.c|29|style|constVariablePointer|Variable 'arg1' can be declared as pointer to const,/home/yichen/Desktop/Gemini_SDF_Results04/logs/F010_cppcheck.log
/home/yichen/Desktop/Gemini_SDF04/F010.c,cppcheck,True,success,True,0,7,34,style,constVariablePointer,Variable 'val' can be declared as pointer to const,/home/yichen/Desktop/Gemini_SDF04/F010.c|34|style|constVariablePointer|Variable 'val' can be declared as pointer to const,/home/yichen/Desktop/Gemini_SDF_Results04/logs/F010_cppcheck.log
/home/yichen/Desktop/Gemini_SDF04/F010.c,cppcheck,True,success,True,0,7,54,style,constVariablePointer,Variable 'val' can be declared as pointer to const,/home/yichen/Desktop/Gemini_SDF04/F010.c|54|style|constVariablePointer|Variable 'val' can be declared as pointer to const,/home/yichen/Desktop/Gemini_SDF_Results04/logs/F010_cppcheck.log
nofile,cppcheck,True,success,True,0,7,0,information,checkersReport,Active checkers: 113/592 (use --checkers-report=<filename> to see details),nofile|0|information|checkersReport|Active checkers: 113/592 (use --checkers-report=<filename> to see details),/home/yichen/Desktop/Gemini_SDF_Results04/logs/F010_cppcheck.log
/home/yichen/Desktop/Gemini_SDF04/F011.c,cppcheck,True,success,True,0,7,3,information,missingIncludeSystem,Include file: <stdio.h> not found. Please note: Cppcheck does not need standard library headers to get proper results.,/home/yichen/Desktop/Gemini_SDF04/F011.c|3|information|missingIncludeSystem|Include file: <stdio.h> not found. Please note: Cppcheck does not need standard library headers to get proper results.,/home/yichen/Desktop/Gemini_SDF_Results04/logs/F011_cppcheck.log
/home/yichen/Desktop/Gemini_SDF04/F011.c,cppcheck,True,success,True,0,7,4,information,missingIncludeSystem,Include file: <stdlib.h> not found. Please note: Cppcheck does not need standard library headers to get proper results.,/home/yichen/Desktop/Gemini_SDF04/F011.c|4|information|missingIncludeSystem|Include file: <stdlib.h> not found. Please note: Cppcheck does not need standard library headers to get proper results.,/home/yichen/Desktop/Gemini_SDF_Results04/logs/F011_cppcheck.log
/home/yichen/Desktop/Gemini_SDF04/F011.c,cppcheck,True,success,True,0,7,5,information,missingIncludeSystem,Include file: <string.h> not found. Please note: Cppcheck does not need standard library headers to get proper results.,/home/yichen/Desktop/Gemini_SDF04/F011.c|5|information|missingIncludeSystem|Include file: <string.h> not found. Please note: Cppcheck does not need standard library headers to get proper results.,/home/yichen/Desktop/Gemini_SDF_Results04/logs/F011_cppcheck.log
/home/yichen/Desktop/Gemini_SDF04/F011.c,cppcheck,True,success,True,0,7,41,style,constVariablePointer,Variable 'arg1' can be declared as pointer to const,/home/yichen/Desktop/Gemini_SDF04/F011.c|41|style|constVariablePointer|Variable 'arg1' can be declared as pointer to const,/home/yichen/Desktop/Gemini_SDF_Results04/logs/F011_cppcheck.log
/home/yichen/Desktop/Gemini_SDF04/F011.c,cppcheck,True,success,True,0,7,46,style,constVariablePointer,Variable 'body' can be declared as pointer to const,/home/yichen/Desktop/Gemini_SDF04/F011.c|46|style|constVariablePointer|Variable 'body' can be declared as pointer to const,/home/yichen/Desktop/Gemini_SDF_Results04/logs/F011_cppcheck.log
/home/yichen/Desktop/Gemini_SDF04/F011.c,cppcheck,True,success,True,0,7,66,style,constVariablePointer,Variable 'body' can be declared as pointer to const,/home/yichen/Desktop/Gemini_SDF04/F011.c|66|style|constVariablePointer|Variable 'body' can be declared as pointer to const,/home/yichen/Desktop/Gemini_SDF_Results04/logs/F011_cppcheck.log
nofile,cppcheck,True,success,True,0,7,0,information,checkersReport,Active checkers: 113/592 (use --checkers-report=<filename> to see details),nofile|0|information|checkersReport|Active checkers: 113/592 (use --checkers-report=<filename> to see details),/home/yichen/Desktop/Gemini_SDF_Results04/logs/F011_cppcheck.log
/home/yichen/Desktop/Gemini_SDF04/F012.c,cppcheck,True,success,True,0,6,3,information,missingIncludeSystem,Include file: <stdio.h> not found. Please note: Cppcheck does not need standard library headers to get proper results.,/home/yichen/Desktop/Gemini_SDF04/F012.c|3|information|missingIncludeSystem|Include file: <stdio.h> not found. Please note: Cppcheck does not need standard library headers to get proper results.,/home/yichen/Desktop/Gemini_SDF_Results04/logs/F012_cppcheck.log
/home/yichen/Desktop/Gemini_SDF04/F012.c,cppcheck,True,success,True,0,6,4,information,missingIncludeSystem,Include file: <stdlib.h> not found. Please note: Cppcheck does not need standard library headers to get proper results.,/home/yichen/Desktop/Gemini_SDF04/F012.c|4|information|missingIncludeSystem|Include file: <stdlib.h> not found. Please note: Cppcheck does not need standard library headers to get proper results.,/home/yichen/Desktop/Gemini_SDF_Results04/logs/F012_cppcheck.log
/home/yichen/Desktop/Gemini_SDF04/F012.c,cppcheck,True,success,True,0,6,5,information,missingIncludeSystem,Include file: <string.h> not found. Please note: Cppcheck does not need standard library headers to get proper results.,/home/yichen/Desktop/Gemini_SDF04/F012.c|5|information|missingIncludeSystem|Include file: <string.h> not found. Please note: Cppcheck does not need standard library headers to get proper results.,/home/yichen/Desktop/Gemini_SDF_Results04/logs/F012_cppcheck.log
/home/yichen/Desktop/Gemini_SDF04/F012.c,cppcheck,True,success,True,0,6,29,style,constVariablePointer,Variable 'arg1' can be declared as pointer to const,/home/yichen/Desktop/Gemini_SDF04/F012.c|29|style|constVariablePointer|Variable 'arg1' can be declared as pointer to const,/home/yichen/Desktop/Gemini_SDF_Results04/logs/F012_cppcheck.log
/home/yichen/Desktop/Gemini_SDF04/F012.c,cppcheck,True,success,True,0,6,34,style,constVariablePointer,Variable 'note' can be declared as pointer to const,/home/yichen/Desktop/Gemini_SDF04/F012.c|34|style|constVariablePointer|Variable 'note' can be declared as pointer to const,/home/yichen/Desktop/Gemini_SDF_Results04/logs/F012_cppcheck.log
nofile,cppcheck,True,success,True,0,6,0,information,checkersReport,Active checkers: 113/592 (use --checkers-report=<filename> to see details),nofile|0|information|checkersReport|Active checkers: 113/592 (use --checkers-report=<filename> to see details),/home/yichen/Desktop/Gemini_SDF_Results04/logs/F012_cppcheck.log
/home/yichen/Desktop/Gemini_SDF04/F013.c,cppcheck,True,success,True,0,6,3,information,missingIncludeSystem,Include file: <stdio.h> not found. Please note: Cppcheck does not need standard library headers to get proper results.,/home/yichen/Desktop/Gemini_SDF04/F013.c|3|information|missingIncludeSystem|Include file: <stdio.h> not found. Please note: Cppcheck does not need standard library headers to get proper results.,/home/yichen/Desktop/Gemini_SDF_Results04/logs/F013_cppcheck.log
/home/yichen/Desktop/Gemini_SDF04/F013.c,cppcheck,True,success,True,0,6,4,information,missingIncludeSystem,Include file: <stdlib.h> not found. Please note: Cppcheck does not need standard library headers to get proper results.,/home/yichen/Desktop/Gemini_SDF04/F013.c|4|information|missingIncludeSystem|Include file: <stdlib.h> not found. Please note: Cppcheck does not need standard library headers to get proper results.,/home/yichen/Desktop/Gemini_SDF_Results04/logs/F013_cppcheck.log
/home/yichen/Desktop/Gemini_SDF04/F013.c,cppcheck,True,success,True,0,6,5,information,missingIncludeSystem,Include file: <string.h> not found. Please note: Cppcheck does not need standard library headers to get proper results.,/home/yichen/Desktop/Gemini_SDF04/F013.c|5|information|missingIncludeSystem|Include file: <string.h> not found. Please note: Cppcheck does not need standard library headers to get proper results.,/home/yichen/Desktop/Gemini_SDF_Results04/logs/F013_cppcheck.log
/home/yichen/Desktop/Gemini_SDF04/F013.c,cppcheck,True,success,True,0,6,39,style,constVariablePointer,Variable 'arg1' can be declared as pointer to const,/home/yichen/Desktop/Gemini_SDF04/F013.c|39|style|constVariablePointer|Variable 'arg1' can be declared as pointer to const,/home/yichen/Desktop/Gemini_SDF_Results04/logs/F013_cppcheck.log
/home/yichen/Desktop/Gemini_SDF04/F013.c,cppcheck,True,success,True,0,6,44,style,constVariablePointer,Variable 'note' can be declared as pointer to const,/home/yichen/Desktop/Gemini_SDF04/F013.c|44|style|constVariablePointer|Variable 'note' can be declared as pointer to const,/home/yichen/Desktop/Gemini_SDF_Results04/logs/F013_cppcheck.log
nofile,cppcheck,True,success,True,0,6,0,information,checkersReport,Active checkers: 113/592 (use --checkers-report=<filename> to see details),nofile|0|information|checkersReport|Active checkers: 113/592 (use --checkers-report=<filename> to see details),/home/yichen/Desktop/Gemini_SDF_Results04/logs/F013_cppcheck.log
/home/yichen/Desktop/Gemini_SDF04/F014.c,cppcheck,True,success,True,0,8,3,information,missingIncludeSystem,Include file: <stdio.h> not found. Please note: Cppcheck does not need standard library headers to get proper results.,/home/yichen/Desktop/Gemini_SDF04/F014.c|3|information|missingIncludeSystem|Include file: <stdio.h> not found. Please note: Cppcheck does not need standard library headers to get proper results.,/home/yichen/Desktop/Gemini_SDF_Results04/logs/F014_cppcheck.log
/home/yichen/Desktop/Gemini_SDF04/F014.c,cppcheck,True,success,True,0,8,4,information,missingIncludeSystem,Include file: <stdlib.h> not found. Please note: Cppcheck does not need standard library headers to get proper results.,/home/yichen/Desktop/Gemini_SDF04/F014.c|4|information|missingIncludeSystem|Include file: <stdlib.h> not found. Please note: Cppcheck does not need standard library headers to get proper results.,/home/yichen/Desktop/Gemini_SDF_Results04/logs/F014_cppcheck.log
/home/yichen/Desktop/Gemini_SDF04/F014.c,cppcheck,True,success,True,0,8,5,information,missingIncludeSystem,Include file: <string.h> not found. Please note: Cppcheck does not need standard library headers to get proper results.,/home/yichen/Desktop/Gemini_SDF04/F014.c|5|information|missingIncludeSystem|Include file: <string.h> not found. Please note: Cppcheck does not need standard library headers to get proper results.,/home/yichen/Desktop/Gemini_SDF_Results04/logs/F014_cppcheck.log
/home/yichen/Desktop/Gemini_SDF04/F014.c,cppcheck,True,success,True,0,8,47,style,constVariablePointer,Variable 'arg1' can be declared as pointer to const,/home/yichen/Desktop/Gemini_SDF04/F014.c|47|style|constVariablePointer|Variable 'arg1' can be declared as pointer to const,/home/yichen/Desktop/Gemini_SDF_Results04/logs/F014_cppcheck.log
/home/yichen/Desktop/Gemini_SDF04/F014.c,cppcheck,True,success,True,0,8,52,style,constVariablePointer,Variable 'note' can be declared as pointer to const,/home/yichen/Desktop/Gemini_SDF04/F014.c|52|style|constVariablePointer|Variable 'note' can be declared as pointer to const,/home/yichen/Desktop/Gemini_SDF_Results04/logs/F014_cppcheck.log
/home/yichen/Desktop/Gemini_SDF04/F014.c,cppcheck,True,success,True,0,8,72,style,constVariablePointer,Variable 'lbl' can be declared as pointer to const,/home/yichen/Desktop/Gemini_SDF04/F014.c|72|style|constVariablePointer|Variable 'lbl' can be declared as pointer to const,/home/yichen/Desktop/Gemini_SDF_Results04/logs/F014_cppcheck.log
/home/yichen/Desktop/Gemini_SDF04/F014.c,cppcheck,True,success,True,0,8,92,style,constVariablePointer,Variable 'lbl' can be declared as pointer to const,/home/yichen/Desktop/Gemini_SDF04/F014.c|92|style|constVariablePointer|Variable 'lbl' can be declared as pointer to const,/home/yichen/Desktop/Gemini_SDF_Results04/logs/F014_cppcheck.log
nofile,cppcheck,True,success,True,0,8,0,information,checkersReport,Active checkers: 113/592 (use --checkers-report=<filename> to see details),nofile|0|information|checkersReport|Active checkers: 113/592 (use --checkers-report=<filename> to see details),/home/yichen/Desktop/Gemini_SDF_Results04/logs/F014_cppcheck.log
/home/yichen/Desktop/Gemini_SDF04/F015.c,cppcheck,True,success,True,0,9,3,information,missingIncludeSystem,Include file: <stdio.h> not found. Please note: Cppcheck does not need standard library headers to get proper results.,/home/yichen/Desktop/Gemini_SDF04/F015.c|3|information|missingIncludeSystem|Include file: <stdio.h> not found. Please note: Cppcheck does not need standard library headers to get proper results.,/home/yichen/Desktop/Gemini_SDF_Results04/logs/F015_cppcheck.log
/home/yichen/Desktop/Gemini_SDF04/F015.c,cppcheck,True,success,True,0,9,4,information,missingIncludeSystem,Include file: <stdlib.h> not found. Please note: Cppcheck does not need standard library headers to get proper results.,/home/yichen/Desktop/Gemini_SDF04/F015.c|4|information|missingIncludeSystem|Include file: <stdlib.h> not found. Please note: Cppcheck does not need standard library headers to get proper results.,/home/yichen/Desktop/Gemini_SDF_Results04/logs/F015_cppcheck.log
/home/yichen/Desktop/Gemini_SDF04/F015.c,cppcheck,True,success,True,0,9,5,information,missingIncludeSystem,Include file: <string.h> not found. Please note: Cppcheck does not need standard library headers to get proper results.,/home/yichen/Desktop/Gemini_SDF04/F015.c|5|information|missingIncludeSystem|Include file: <string.h> not found. Please note: Cppcheck does not need standard library headers to get proper results.,/home/yichen/Desktop/Gemini_SDF_Results04/logs/F015_cppcheck.log
/home/yichen/Desktop/Gemini_SDF04/F015.c,cppcheck,True,success,True,0,9,40,style,constVariablePointer,Variable 'arg1' can be declared as pointer to const,/home/yichen/Desktop/Gemini_SDF04/F015.c|40|style|constVariablePointer|Variable 'arg1' can be declared as pointer to const,/home/yichen/Desktop/Gemini_SDF_Results04/logs/F015_cppcheck.log
/home/yichen/Desktop/Gemini_SDF04/F015.c,cppcheck,True,success,True,0,9,45,style,constVariablePointer,Variable 'email' can be declared as pointer to const,/home/yichen/Desktop/Gemini_SDF04/F015.c|45|style|constVariablePointer|Variable 'email' can be declared as pointer to const,/home/yichen/Desktop/Gemini_SDF_Results04/logs/F015_cppcheck.log
/home/yichen/Desktop/Gemini_SDF04/F015.c,cppcheck,True,success,True,0,9,49,style,constVariablePointer,Variable 'phone' can be declared as pointer to const,/home/yichen/Desktop/Gemini_SDF04/F015.c|49|style|constVariablePointer|Variable 'phone' can be declared as pointer to const,/home/yichen/Desktop/Gemini_SDF_Results04/logs/F015_cppcheck.log
/home/yichen/Desktop/Gemini_SDF04/F015.c,cppcheck,True,success,True,0,9,72,style,constVariablePointer,Variable 'text' can be declared as pointer to const,/home/yichen/Desktop/Gemini_SDF04/F015.c|72|style|constVariablePointer|Variable 'text' can be declared as pointer to const,/home/yichen/Desktop/Gemini_SDF_Results04/logs/F015_cppcheck.log
/home/yichen/Desktop/Gemini_SDF04/F015.c,cppcheck,True,success,True,0,9,86,style,constVariablePointer,Variable 'remove_name' can be declared as pointer to const,/home/yichen/Desktop/Gemini_SDF04/F015.c|86|style|constVariablePointer|Variable 'remove_name' can be declared as pointer to const,/home/yichen/Desktop/Gemini_SDF_Results04/logs/F015_cppcheck.log
nofile,cppcheck,True,success,True,0,9,0,information,checkersReport,Active checkers: 113/592 (use --checkers-report=<filename> to see details),nofile|0|information|checkersReport|Active checkers: 113/592 (use --checkers-report=<filename> to see details),/home/yichen/Desktop/Gemini_SDF_Results04/logs/F015_cppcheck.log
/home/yichen/Desktop/Gemini_SDF04/F016.c,cppcheck,True,success,True,0,10,3,information,missingIncludeSystem,Include file: <stdio.h> not found. Please note: Cppcheck does not need standard library headers to get proper results.,/home/yichen/Desktop/Gemini_SDF04/F016.c|3|information|missingIncludeSystem|Include file: <stdio.h> not found. Please note: Cppcheck does not need standard library headers to get proper results.,/home/yichen/Desktop/Gemini_SDF_Results04/logs/F016_cppcheck.log
/home/yichen/Desktop/Gemini_SDF04/F016.c,cppcheck,True,success,True,0,10,4,information,missingIncludeSystem,Include file: <stdlib.h> not found. Please note: Cppcheck does not need standard library headers to get proper results.,/home/yichen/Desktop/Gemini_SDF04/F016.c|4|information|missingIncludeSystem|Include file: <stdlib.h> not found. Please note: Cppcheck does not need standard library headers to get proper results.,/home/yichen/Desktop/Gemini_SDF_Results04/logs/F016_cppcheck.log
/home/yichen/Desktop/Gemini_SDF04/F016.c,cppcheck,True,success,True,0,10,5,information,missingIncludeSystem,Include file: <string.h> not found. Please note: Cppcheck does not need standard library headers to get proper results.,/home/yichen/Desktop/Gemini_SDF04/F016.c|5|information|missingIncludeSystem|Include file: <string.h> not found. Please note: Cppcheck does not need standard library headers to get proper results.,/home/yichen/Desktop/Gemini_SDF_Results04/logs/F016_cppcheck.log
/home/yichen/Desktop/Gemini_SDF04/F016.c,cppcheck,True,success,True,0,10,47,style,constVariablePointer,Variable 'email' can be declared as pointer to const,/home/yichen/Desktop/Gemini_SDF04/F016.c|47|style|constVariablePointer|Variable 'email' can be declared as pointer to const,/home/yichen/Desktop/Gemini_SDF_Results04/logs/F016_cppcheck.log
/home/yichen/Desktop/Gemini_SDF04/F016.c,cppcheck,True,success,True,0,10,51,style,constVariablePointer,Variable 'phone' can be declared as pointer to const,/home/yichen/Desktop/Gemini_SDF04/F016.c|51|style|constVariablePointer|Variable 'phone' can be declared as pointer to const,/home/yichen/Desktop/Gemini_SDF_Results04/logs/F016_cppcheck.log
/home/yichen/Desktop/Gemini_SDF04/F016.c,cppcheck,True,success,True,0,10,65,style,constVariablePointer,Variable 'cmd' can be declared as pointer to const,/home/yichen/Desktop/Gemini_SDF04/F016.c|65|style|constVariablePointer|Variable 'cmd' can be declared as pointer to const,/home/yichen/Desktop/Gemini_SDF_Results04/logs/F016_cppcheck.log
/home/yichen/Desktop/Gemini_SDF04/F016.c,cppcheck,True,success,True,0,10,69,style,constVariablePointer,Variable 'arg1' can be declared as pointer to const,/home/yichen/Desktop/Gemini_SDF04/F016.c|69|style|constVariablePointer|Variable 'arg1' can be declared as pointer to const,/home/yichen/Desktop/Gemini_SDF_Results04/logs/F016_cppcheck.log
/home/yichen/Desktop/Gemini_SDF04/F016.c,cppcheck,True,success,True,0,10,74,style,constVariablePointer,Variable 'email' can be declared as pointer to const,/home/yichen/Desktop/Gemini_SDF04/F016.c|74|style|constVariablePointer|Variable 'email' can be declared as pointer to const,/home/yichen/Desktop/Gemini_SDF_Results04/logs/F016_cppcheck.log
/home/yichen/Desktop/Gemini_SDF04/F016.c,cppcheck,True,success,True,0,10,78,style,constVariablePointer,Variable 'phone' can be declared as pointer to const,/home/yichen/Desktop/Gemini_SDF04/F016.c|78|style|constVariablePointer|Variable 'phone' can be declared as pointer to const,/home/yichen/Desktop/Gemini_SDF_Results04/logs/F016_cppcheck.log
nofile,cppcheck,True,success,True,0,10,0,information,checkersReport,Active checkers: 113/592 (use --checkers-report=<filename> to see details),nofile|0|information|checkersReport|Active checkers: 113/592 (use --checkers-report=<filename> to see details),/home/yichen/Desktop/Gemini_SDF_Results04/logs/F016_cppcheck.log
/home/yichen/Desktop/Gemini_SDF04/F017.c,cppcheck,True,success,True,0,6,3,information,missingIncludeSystem,Include file: <stdio.h> not found. Please note: Cppcheck does not need standard library headers to get proper results.,/home/yichen/Desktop/Gemini_SDF04/F017.c|3|information|missingIncludeSystem|Include file: <stdio.h> not found. Please note: Cppcheck does not need standard library headers to get proper results.,/home/yichen/Desktop/Gemini_SDF_Results04/logs/F017_cppcheck.log
/home/yichen/Desktop/Gemini_SDF04/F017.c,cppcheck,True,success,True,0,6,4,information,missingIncludeSystem,Include file: <stdlib.h> not found. Please note: Cppcheck does not need standard library headers to get proper results.,/home/yichen/Desktop/Gemini_SDF04/F017.c|4|information|missingIncludeSystem|Include file: <stdlib.h> not found. Please note: Cppcheck does not need standard library headers to get proper results.,/home/yichen/Desktop/Gemini_SDF_Results04/logs/F017_cppcheck.log
/home/yichen/Desktop/Gemini_SDF04/F017.c,cppcheck,True,success,True,0,6,5,information,missingIncludeSystem,Include file: <string.h> not found. Please note: Cppcheck does not need standard library headers to get proper results.,/home/yichen/Desktop/Gemini_SDF04/F017.c|5|information|missingIncludeSystem|Include file: <string.h> not found. Please note: Cppcheck does not need standard library headers to get proper results.,/home/yichen/Desktop/Gemini_SDF_Results04/logs/F017_cppcheck.log
/home/yichen/Desktop/Gemini_SDF04/F017.c,cppcheck,True,success,True,0,6,75,style,constVariablePointer,Variable 'cmd' can be declared as pointer to const,/home/yichen/Desktop/Gemini_SDF04/F017.c|75|style|constVariablePointer|Variable 'cmd' can be declared as pointer to const,/home/yichen/Desktop/Gemini_SDF_Results04/logs/F017_cppcheck.log
/home/yichen/Desktop/Gemini_SDF04/F017.c,cppcheck,True,success,True,0,6,79,style,constVariablePointer,Variable 'arg1' can be declared as pointer to const,/home/yichen/Desktop/Gemini_SDF04/F017.c|79|style|constVariablePointer|Variable 'arg1' can be declared as pointer to const,/home/yichen/Desktop/Gemini_SDF_Results04/logs/F017_cppcheck.log
nofile,cppcheck,True,success,True,0,6,0,information,checkersReport,Active checkers: 113/592 (use --checkers-report=<filename> to see details),nofile|0|information|checkersReport|Active checkers: 113/592 (use --checkers-report=<filename> to see details),/home/yichen/Desktop/Gemini_SDF_Results04/logs/F017_cppcheck.log
/home/yichen/Desktop/Gemini_SDF04/F018.c,cppcheck,True,success,True,0,6,3,information,missingIncludeSystem,Include file: <stdio.h> not found. Please note: Cppcheck does not need standard library headers to get proper results.,/home/yichen/Desktop/Gemini_SDF04/F018.c|3|information|missingIncludeSystem|Include file: <stdio.h> not found. Please note: Cppcheck does not need standard library headers to get proper results.,/home/yichen/Desktop/Gemini_SDF_Results04/logs/F018_cppcheck.log
/home/yichen/Desktop/Gemini_SDF04/F018.c,cppcheck,True,success,True,0,6,4,information,missingIncludeSystem,Include file: <stdlib.h> not found. Please note: Cppcheck does not need standard library headers to get proper results.,/home/yichen/Desktop/Gemini_SDF04/F018.c|4|information|missingIncludeSystem|Include file: <stdlib.h> not found. Please note: Cppcheck does not need standard library headers to get proper results.,/home/yichen/Desktop/Gemini_SDF_Results04/logs/F018_cppcheck.log
/home/yichen/Desktop/Gemini_SDF04/F018.c,cppcheck,True,success,True,0,6,5,information,missingIncludeSystem,Include file: <string.h> not found. Please note: Cppcheck does not need standard library headers to get proper results.,/home/yichen/Desktop/Gemini_SDF04/F018.c|5|information|missingIncludeSystem|Include file: <string.h> not found. Please note: Cppcheck does not need standard library headers to get proper results.,/home/yichen/Desktop/Gemini_SDF_Results04/logs/F018_cppcheck.log
/home/yichen/Desktop/Gemini_SDF04/F018.c,cppcheck,True,success,True,0,6,68,style,constVariablePointer,Variable 'cmd' can be declared as pointer to const,/home/yichen/Desktop/Gemini_SDF04/F018.c|68|style|constVariablePointer|Variable 'cmd' can be declared as pointer to const,/home/yichen/Desktop/Gemini_SDF_Results04/logs/F018_cppcheck.log
/home/yichen/Desktop/Gemini_SDF04/F018.c,cppcheck,True,success,True,0,6,72,style,constVariablePointer,Variable 'arg1' can be declared as pointer to const,/home/yichen/Desktop/Gemini_SDF04/F018.c|72|style|constVariablePointer|Variable 'arg1' can be declared as pointer to const,/home/yichen/Desktop/Gemini_SDF_Results04/logs/F018_cppcheck.log
nofile,cppcheck,True,success,True,0,6,0,information,checkersReport,Active checkers: 113/592 (use --checkers-report=<filename> to see details),nofile|0|information|checkersReport|Active checkers: 113/592 (use --checkers-report=<filename> to see details),/home/yichen/Desktop/Gemini_SDF_Results04/logs/F018_cppcheck.log
/home/yichen/Desktop/Gemini_SDF04/F019.c,cppcheck,True,success,True,0,12,3,information,missingIncludeSystem,Include file: <stdio.h> not found. Please note: Cppcheck does not need standard library headers to get proper results.,/home/yichen/Desktop/Gemini_SDF04/F019.c|3|information|missingIncludeSystem|Include file: <stdio.h> not found. Please note: Cppcheck does not need standard library headers to get proper results.,/home/yichen/Desktop/Gemini_SDF_Results04/logs/F019_cppcheck.log
/home/yichen/Desktop/Gemini_SDF04/F019.c,cppcheck,True,success,True,0,12,4,information,missingIncludeSystem,Include file: <stdlib.h> not found. Please note: Cppcheck does not need standard library headers to get proper results.,/home/yichen/Desktop/Gemini_SDF04/F019.c|4|information|missingIncludeSystem|Include file: <stdlib.h> not found. Please note: Cppcheck does not need standard library headers to get proper results.,/home/yichen/Desktop/Gemini_SDF_Results04/logs/F019_cppcheck.log
/home/yichen/Desktop/Gemini_SDF04/F019.c,cppcheck,True,success,True,0,12,5,information,missingIncludeSystem,Include file: <string.h> not found. Please note: Cppcheck does not need standard library headers to get proper results.,/home/yichen/Desktop/Gemini_SDF04/F019.c|5|information|missingIncludeSystem|Include file: <string.h> not found. Please note: Cppcheck does not need standard library headers to get proper results.,/home/yichen/Desktop/Gemini_SDF_Results04/logs/F019_cppcheck.log
/home/yichen/Desktop/Gemini_SDF04/F019.c,cppcheck,True,success,True,0,12,6,information,missingIncludeSystem,Include file: <ctype.h> not found. Please note: Cppcheck does not need standard library headers to get proper results.,/home/yichen/Desktop/Gemini_SDF04/F019.c|6|information|missingIncludeSystem|Include file: <ctype.h> not found. Please note: Cppcheck does not need standard library headers to get proper results.,/home/yichen/Desktop/Gemini_SDF_Results04/logs/F019_cppcheck.log
/home/yichen/Desktop/Gemini_SDF04/F019.c,cppcheck,True,success,True,0,12,61,style,constVariablePointer,Variable 'acc' can be declared as pointer to const,/home/yichen/Desktop/Gemini_SDF04/F019.c|61|style|constVariablePointer|Variable 'acc' can be declared as pointer to const,/home/yichen/Desktop/Gemini_SDF_Results04/logs/F019_cppcheck.log
/home/yichen/Desktop/Gemini_SDF04/F019.c,cppcheck,True,success,True,0,12,67,style,constVariablePointer,Variable 'amt_str' can be declared as pointer to const,/home/yichen/Desktop/Gemini_SDF04/F019.c|67|style|constVariablePointer|Variable 'amt_str' can be declared as pointer to const,/home/yichen/Desktop/Gemini_SDF_Results04/logs/F019_cppcheck.log
/home/yichen/Desktop/Gemini_SDF04/F019.c,cppcheck,True,success,True,0,12,73,style,constVariablePointer,Variable 'memo' can be declared as pointer to const,/home/yichen/Desktop/Gemini_SDF04/F019.c|73|style|constVariablePointer|Variable 'memo' can be declared as pointer to const,/home/yichen/Desktop/Gemini_SDF_Results04/logs/F019_cppcheck.log
/home/yichen/Desktop/Gemini_SDF04/F019.c,cppcheck,True,success,True,0,12,95,style,constVariablePointer,Variable 'arg1' can be declared as pointer to const,/home/yichen/Desktop/Gemini_SDF04/F019.c|95|style|constVariablePointer|Variable 'arg1' can be declared as pointer to const,/home/yichen/Desktop/Gemini_SDF_Results04/logs/F019_cppcheck.log
/home/yichen/Desktop/Gemini_SDF04/F019.c,cppcheck,True,success,True,0,12,100,style,constVariablePointer,Variable 'amt_str' can be declared as pointer to const,/home/yichen/Desktop/Gemini_SDF04/F019.c|100|style|constVariablePointer|Variable 'amt_str' can be declared as pointer to const,/home/yichen/Desktop/Gemini_SDF_Results04/logs/F019_cppcheck.log
/home/yichen/Desktop/Gemini_SDF04/F019.c,cppcheck,True,success,True,0,12,104,style,constVariablePointer,Variable 'memo' can be declared as pointer to const,/home/yichen/Desktop/Gemini_SDF04/F019.c|104|style|constVariablePointer|Variable 'memo' can be declared as pointer to const,/home/yichen/Desktop/Gemini_SDF_Results04/logs/F019_cppcheck.log
/home/yichen/Desktop/Gemini_SDF04/F019.c,cppcheck,True,success,True,0,12,112,style,constVariablePointer,Variable 'amt_str' can be declared as pointer to const,/home/yichen/Desktop/Gemini_SDF04/F019.c|112|style|constVariablePointer|Variable 'amt_str' can be declared as pointer to const,/home/yichen/Desktop/Gemini_SDF_Results04/logs/F019_cppcheck.log
nofile,cppcheck,True,success,True,0,12,0,information,checkersReport,Active checkers: 113/592 (use --checkers-report=<filename> to see details),nofile|0|information|checkersReport|Active checkers: 113/592 (use --checkers-report=<filename> to see details),/home/yichen/Desktop/Gemini_SDF_Results04/logs/F019_cppcheck.log
/home/yichen/Desktop/Gemini_SDF04/F020.c,cppcheck,True,success,True,0,6,3,information,missingIncludeSystem,Include file: <stdio.h> not found. Please note: Cppcheck does not need standard library headers to get proper results.,/home/yichen/Desktop/Gemini_SDF04/F020.c|3|information|missingIncludeSystem|Include file: <stdio.h> not found. Please note: Cppcheck does not need standard library headers to get proper results.,/home/yichen/Desktop/Gemini_SDF_Results04/logs/F020_cppcheck.log
/home/yichen/Desktop/Gemini_SDF04/F020.c,cppcheck,True,success,True,0,6,4,information,missingIncludeSystem,Include file: <stdlib.h> not found. Please note: Cppcheck does not need standard library headers to get proper results.,/home/yichen/Desktop/Gemini_SDF04/F020.c|4|information|missingIncludeSystem|Include file: <stdlib.h> not found. Please note: Cppcheck does not need standard library headers to get proper results.,/home/yichen/Desktop/Gemini_SDF_Results04/logs/F020_cppcheck.log
/home/yichen/Desktop/Gemini_SDF04/F020.c,cppcheck,True,success,True,0,6,5,information,missingIncludeSystem,Include file: <string.h> not found. Please note: Cppcheck does not need standard library headers to get proper results.,/home/yichen/Desktop/Gemini_SDF04/F020.c|5|information|missingIncludeSystem|Include file: <string.h> not found. Please note: Cppcheck does not need standard library headers to get proper results.,/home/yichen/Desktop/Gemini_SDF_Results04/logs/F020_cppcheck.log
/home/yichen/Desktop/Gemini_SDF04/F020.c,cppcheck,True,success,True,0,6,93,style,constVariablePointer,Variable 'cmd' can be declared as pointer to const,/home/yichen/Desktop/Gemini_SDF04/F020.c|93|style|constVariablePointer|Variable 'cmd' can be declared as pointer to const,/home/yichen/Desktop/Gemini_SDF_Results04/logs/F020_cppcheck.log
/home/yichen/Desktop/Gemini_SDF04/F020.c,cppcheck,True,success,True,0,6,97,style,constVariablePointer,Variable 'arg1' can be declared as pointer to const,/home/yichen/Desktop/Gemini_SDF04/F020.c|97|style|constVariablePointer|Variable 'arg1' can be declared as pointer to const,/home/yichen/Desktop/Gemini_SDF_Results04/logs/F020_cppcheck.log
nofile,cppcheck,True,success,True,0,6,0,information,checkersReport,Active checkers: 113/592 (use --checkers-report=<filename> to see details),nofile|0|information|checkersReport|Active checkers: 113/592 (use --checkers-report=<filename> to see details),/home/yichen/Desktop/Gemini_SDF_Results04/logs/F020_cppcheck.log
/home/yichen/Desktop/Gemini_SDF04/F021.c,cppcheck,True,success,True,0,8,3,information,missingIncludeSystem,Include file: <stdio.h> not found. Please note: Cppcheck does not need standard library headers to get proper results.,/home/yichen/Desktop/Gemini_SDF04/F021.c|3|information|missingIncludeSystem|Include file: <stdio.h> not found. Please note: Cppcheck does not need standard library headers to get proper results.,/home/yichen/Desktop/Gemini_SDF_Results04/logs/F021_cppcheck.log
/home/yichen/Desktop/Gemini_SDF04/F021.c,cppcheck,True,success,True,0,8,4,information,missingIncludeSystem,Include file: <stdlib.h> not found. Please note: Cppcheck does not need standard library headers to get proper results.,/home/yichen/Desktop/Gemini_SDF04/F021.c|4|information|missingIncludeSystem|Include file: <stdlib.h> not found. Please note: Cppcheck does not need standard library headers to get proper results.,/home/yichen/Desktop/Gemini_SDF_Results04/logs/F021_cppcheck.log
/home/yichen/Desktop/Gemini_SDF04/F021.c,cppcheck,True,success,True,0,8,5,information,missingIncludeSystem,Include file: <string.h> not found. Please note: Cppcheck does not need standard library headers to get proper results.,/home/yichen/Desktop/Gemini_SDF04/F021.c|5|information|missingIncludeSystem|Include file: <string.h> not found. Please note: Cppcheck does not need standard library headers to get proper results.,/home/yichen/Desktop/Gemini_SDF_Results04/logs/F021_cppcheck.log
/home/yichen/Desktop/Gemini_SDF04/F021.c,cppcheck,True,success,True,0,8,45,style,constVariablePointer,Variable 'arg1' can be declared as pointer to const,/home/yichen/Desktop/Gemini_SDF04/F021.c|45|style|constVariablePointer|Variable 'arg1' can be declared as pointer to const,/home/yichen/Desktop/Gemini_SDF_Results04/logs/F021_cppcheck.log
/home/yichen/Desktop/Gemini_SDF04/F021.c,cppcheck,True,success,True,0,8,69,style,constVariablePointer,Variable 'ing_name' can be declared as pointer to const,/home/yichen/Desktop/Gemini_SDF04/F021.c|69|style|constVariablePointer|Variable 'ing_name' can be declared as pointer to const,/home/yichen/Desktop/Gemini_SDF_Results04/logs/F021_cppcheck.log
/home/yichen/Desktop/Gemini_SDF04/F021.c,cppcheck,True,success,True,0,8,73,style,constVariablePointer,Variable 'note' can be declared as pointer to const,/home/yichen/Desktop/Gemini_SDF04/F021.c|73|style|constVariablePointer|Variable 'note' can be declared as pointer to const,/home/yichen/Desktop/Gemini_SDF_Results04/logs/F021_cppcheck.log
/home/yichen/Desktop/Gemini_SDF04/F021.c,cppcheck,True,success,True,0,8,98,style,constVariablePointer,Variable 'ing_name' can be declared as pointer to const,/home/yichen/Desktop/Gemini_SDF04/F021.c|98|style|constVariablePointer|Variable 'ing_name' can be declared as pointer to const,/home/yichen/Desktop/Gemini_SDF_Results04/logs/F021_cppcheck.log
nofile,cppcheck,True,success,True,0,8,0,information,checkersReport,Active checkers: 113/592 (use --checkers-report=<filename> to see details),nofile|0|information|checkersReport|Active checkers: 113/592 (use --checkers-report=<filename> to see details),/home/yichen/Desktop/Gemini_SDF_Results04/logs/F021_cppcheck.log
/home/yichen/Desktop/Gemini_SDF04/F022.c,cppcheck,True,success,True,0,10,3,information,missingIncludeSystem,Include file: <stdio.h> not found. Please note: Cppcheck does not need standard library headers to get proper results.,/home/yichen/Desktop/Gemini_SDF04/F022.c|3|information|missingIncludeSystem|Include file: <stdio.h> not found. Please note: Cppcheck does not need standard library headers to get proper results.,/home/yichen/Desktop/Gemini_SDF_Results04/logs/F022_cppcheck.log
/home/yichen/Desktop/Gemini_SDF04/F022.c,cppcheck,True,success,True,0,10,4,information,missingIncludeSystem,Include file: <stdlib.h> not found. Please note: Cppcheck does not need standard library headers to get proper results.,/home/yichen/Desktop/Gemini_SDF04/F022.c|4|information|missingIncludeSystem|Include file: <stdlib.h> not found. Please note: Cppcheck does not need standard library headers to get proper results.,/home/yichen/Desktop/Gemini_SDF_Results04/logs/F022_cppcheck.log
/home/yichen/Desktop/Gemini_SDF04/F022.c,cppcheck,True,success,True,0,10,5,information,missingIncludeSystem,Include file: <string.h> not found. Please note: Cppcheck does not need standard library headers to get proper results.,/home/yichen/Desktop/Gemini_SDF04/F022.c|5|information|missingIncludeSystem|Include file: <string.h> not found. Please note: Cppcheck does not need standard library headers to get proper results.,/home/yichen/Desktop/Gemini_SDF_Results04/logs/F022_cppcheck.log
/home/yichen/Desktop/Gemini_SDF04/F022.c,cppcheck,True,success,True,0,10,46,style,constVariablePointer,Variable 'arg1' can be declared as pointer to const,/home/yichen/Desktop/Gemini_SDF04/F022.c|46|style|constVariablePointer|Variable 'arg1' can be declared as pointer to const,/home/yichen/Desktop/Gemini_SDF_Results04/logs/F022_cppcheck.log
/home/yichen/Desktop/Gemini_SDF04/F022.c,cppcheck,True,success,True,0,10,70,style,constVariablePointer,Variable 'title' can be declared as pointer to const,/home/yichen/Desktop/Gemini_SDF04/F022.c|70|style|constVariablePointer|Variable 'title' can be declared as pointer to const,/home/yichen/Desktop/Gemini_SDF_Results04/logs/F022_cppcheck.log
/home/yichen/Desktop/Gemini_SDF04/F022.c,cppcheck,True,success,True,0,10,74,style,constVariablePointer,Variable 'note' can be declared as pointer to const,/home/yichen/Desktop/Gemini_SDF04/F022.c|74|style|constVariablePointer|Variable 'note' can be declared as pointer to const,/home/yichen/Desktop/Gemini_SDF_Results04/logs/F022_cppcheck.log
/home/yichen/Desktop/Gemini_SDF04/F022.c,cppcheck,True,success,True,0,10,100,style,constVariablePointer,Variable 'to_proj' can be declared as pointer to const,/home/yichen/Desktop/Gemini_SDF04/F022.c|100|style|constVariablePointer|Variable 'to_proj' can be declared as pointer to const,/home/yichen/Desktop/Gemini_SDF_Results04/logs/F022_cppcheck.log
/home/yichen/Desktop/Gemini_SDF04/F022.c,cppcheck,True,success,True,0,10,104,style,constVariablePointer,Variable 'title' can be declared as pointer to const,/home/yichen/Desktop/Gemini_SDF04/F022.c|104|style|constVariablePointer|Variable 'title' can be declared as pointer to const,/home/yichen/Desktop/Gemini_SDF_Results04/logs/F022_cppcheck.log
/home/yichen/Desktop/Gemini_SDF04/F022.c,cppcheck,True,success,True,0,10,137,style,constVariablePointer,Variable 'title' can be declared as pointer to const,/home/yichen/Desktop/Gemini_SDF04/F022.c|137|style|constVariablePointer|Variable 'title' can be declared as pointer to const,/home/yichen/Desktop/Gemini_SDF_Results04/logs/F022_cppcheck.log
nofile,cppcheck,True,success,True,0,10,0,information,checkersReport,Active checkers: 113/592 (use --checkers-report=<filename> to see details),nofile|0|information|checkersReport|Active checkers: 113/592 (use --checkers-report=<filename> to see details),/home/yichen/Desktop/Gemini_SDF_Results04/logs/F022_cppcheck.log
/home/yichen/Desktop/Gemini_SDF04/F023.c,cppcheck,True,success,True,0,9,3,information,missingIncludeSystem,Include file: <stdio.h> not found. Please note: Cppcheck does not need standard library headers to get proper results.,/home/yichen/Desktop/Gemini_SDF04/F023.c|3|information|missingIncludeSystem|Include file: <stdio.h> not found. Please note: Cppcheck does not need standard library headers to get proper results.,/home/yichen/Desktop/Gemini_SDF_Results04/logs/F023_cppcheck.log
/home/yichen/Desktop/Gemini_SDF04/F023.c,cppcheck,True,success,True,0,9,4,information,missingIncludeSystem,Include file: <stdlib.h> not found. Please note: Cppcheck does not need standard library headers to get proper results.,/home/yichen/Desktop/Gemini_SDF04/F023.c|4|information|missingIncludeSystem|Include file: <stdlib.h> not found. Please note: Cppcheck does not need standard library headers to get proper results.,/home/yichen/Desktop/Gemini_SDF_Results04/logs/F023_cppcheck.log
/home/yichen/Desktop/Gemini_SDF04/F023.c,cppcheck,True,success,True,0,9,5,information,missingIncludeSystem,Include file: <string.h> not found. Please note: Cppcheck does not need standard library headers to get proper results.,/home/yichen/Desktop/Gemini_SDF04/F023.c|5|information|missingIncludeSystem|Include file: <string.h> not found. Please note: Cppcheck does not need standard library headers to get proper results.,/home/yichen/Desktop/Gemini_SDF_Results04/logs/F023_cppcheck.log
/home/yichen/Desktop/Gemini_SDF04/F023.c,cppcheck,True,success,True,0,9,33,style,constVariablePointer,Variable 'arg1' can be declared as pointer to const,/home/yichen/Desktop/Gemini_SDF04/F023.c|33|style|constVariablePointer|Variable 'arg1' can be declared as pointer to const,/home/yichen/Desktop/Gemini_SDF_Results04/logs/F023_cppcheck.log
/home/yichen/Desktop/Gemini_SDF04/F023.c,cppcheck,True,success,True,0,9,38,style,constVariablePointer,Variable 'subj' can be declared as pointer to const,/home/yichen/Desktop/Gemini_SDF04/F023.c|38|style|constVariablePointer|Variable 'subj' can be declared as pointer to const,/home/yichen/Desktop/Gemini_SDF_Results04/logs/F023_cppcheck.log
/home/yichen/Desktop/Gemini_SDF04/F023.c,cppcheck,True,success,True,0,9,42,style,constVariablePointer,Variable 'body' can be declared as pointer to const,/home/yichen/Desktop/Gemini_SDF04/F023.c|42|style|constVariablePointer|Variable 'body' can be declared as pointer to const,/home/yichen/Desktop/Gemini_SDF_Results04/logs/F023_cppcheck.log
/home/yichen/Desktop/Gemini_SDF04/F023.c,cppcheck,True,success,True,0,9,67,style,constVariablePointer,Variable 'tag_name' can be declared as pointer to const,/home/yichen/Desktop/Gemini_SDF04/F023.c|67|style|constVariablePointer|Variable 'tag_name' can be declared as pointer to const,/home/yichen/Desktop/Gemini_SDF_Results04/logs/F023_cppcheck.log
/home/yichen/Desktop/Gemini_SDF04/F023.c,cppcheck,True,success,True,0,9,92,style,constVariablePointer,Variable 'tag_name' can be declared as pointer to const,/home/yichen/Desktop/Gemini_SDF04/F023.c|92|style|constVariablePointer|Variable 'tag_name' can be declared as pointer to const,/home/yichen/Desktop/Gemini_SDF_Results04/logs/F023_cppcheck.log
nofile,cppcheck,True,success,True,0,9,0,information,checkersReport,Active checkers: 113/592 (use --checkers-report=<filename> to see details),nofile|0|information|checkersReport|Active checkers: 113/592 (use --checkers-report=<filename> to see details),/home/yichen/Desktop/Gemini_SDF_Results04/logs/F023_cppcheck.log
/home/yichen/Desktop/Gemini_SDF04/F024.c,cppcheck,True,success,True,0,8,3,information,missingIncludeSystem,Include file: <stdio.h> not found. Please note: Cppcheck does not need standard library headers to get proper results.,/home/yichen/Desktop/Gemini_SDF04/F024.c|3|information|missingIncludeSystem|Include file: <stdio.h> not found. Please note: Cppcheck does not need standard library headers to get proper results.,/home/yichen/Desktop/Gemini_SDF_Results04/logs/F024_cppcheck.log
/home/yichen/Desktop/Gemini_SDF04/F024.c,cppcheck,True,success,True,0,8,4,information,missingIncludeSystem,Include file: <stdlib.h> not found. Please note: Cppcheck does not need standard library headers to get proper results.,/home/yichen/Desktop/Gemini_SDF04/F024.c|4|information|missingIncludeSystem|Include file: <stdlib.h> not found. Please note: Cppcheck does not need standard library headers to get proper results.,/home/yichen/Desktop/Gemini_SDF_Results04/logs/F024_cppcheck.log
/home/yichen/Desktop/Gemini_SDF04/F024.c,cppcheck,True,success,True,0,8,5,information,missingIncludeSystem,Include file: <string.h> not found. Please note: Cppcheck does not need standard library headers to get proper results.,/home/yichen/Desktop/Gemini_SDF04/F024.c|5|information|missingIncludeSystem|Include file: <string.h> not found. Please note: Cppcheck does not need standard library headers to get proper results.,/home/yichen/Desktop/Gemini_SDF_Results04/logs/F024_cppcheck.log
/home/yichen/Desktop/Gemini_SDF04/F024.c,cppcheck,True,success,True,0,8,41,style,constVariablePointer,Variable 'arg1' can be declared as pointer to const,/home/yichen/Desktop/Gemini_SDF04/F024.c|41|style|constVariablePointer|Variable 'arg1' can be declared as pointer to const,/home/yichen/Desktop/Gemini_SDF_Results04/logs/F024_cppcheck.log
/home/yichen/Desktop/Gemini_SDF04/F024.c,cppcheck,True,success,True,0,8,46,style,constVariablePointer,Variable 'year' can be declared as pointer to const,/home/yichen/Desktop/Gemini_SDF04/F024.c|46|style|constVariablePointer|Variable 'year' can be declared as pointer to const,/home/yichen/Desktop/Gemini_SDF_Results04/logs/F024_cppcheck.log
/home/yichen/Desktop/Gemini_SDF04/F024.c,cppcheck,True,success,True,0,8,71,style,constVariablePointer,Variable 'auth_name' can be declared as pointer to const,/home/yichen/Desktop/Gemini_SDF04/F024.c|71|style|constVariablePointer|Variable 'auth_name' can be declared as pointer to const,/home/yichen/Desktop/Gemini_SDF_Results04/logs/F024_cppcheck.log
/home/yichen/Desktop/Gemini_SDF04/F024.c,cppcheck,True,success,True,0,8,94,style,constVariablePointer,Variable 'auth_name' can be declared as pointer to const,/home/yichen/Desktop/Gemini_SDF04/F024.c|94|style|constVariablePointer|Variable 'auth_name' can be declared as pointer to const,/home/yichen/Desktop/Gemini_SDF_Results04/logs/F024_cppcheck.log
nofile,cppcheck,True,success,True,0,8,0,information,checkersReport,Active checkers: 113/592 (use --checkers-report=<filename> to see details),nofile|0|information|checkersReport|Active checkers: 113/592 (use --checkers-report=<filename> to see details),/home/yichen/Desktop/Gemini_SDF_Results04/logs/F024_cppcheck.log
/home/yichen/Desktop/Gemini_SDF04/F025.c,cppcheck,True,success,True,0,10,3,information,missingIncludeSystem,Include file: <stdio.h> not found. Please note: Cppcheck does not need standard library headers to get proper results.,/home/yichen/Desktop/Gemini_SDF04/F025.c|3|information|missingIncludeSystem|Include file: <stdio.h> not found. Please note: Cppcheck does not need standard library headers to get proper results.,/home/yichen/Desktop/Gemini_SDF_Results04/logs/F025_cppcheck.log
/home/yichen/Desktop/Gemini_SDF04/F025.c,cppcheck,True,success,True,0,10,4,information,missingIncludeSystem,Include file: <stdlib.h> not found. Please note: Cppcheck does not need standard library headers to get proper results.,/home/yichen/Desktop/Gemini_SDF04/F025.c|4|information|missingIncludeSystem|Include file: <stdlib.h> not found. Please note: Cppcheck does not need standard library headers to get proper results.,/home/yichen/Desktop/Gemini_SDF_Results04/logs/F025_cppcheck.log
/home/yichen/Desktop/Gemini_SDF04/F025.c,cppcheck,True,success,True,0,10,5,information,missingIncludeSystem,Include file: <string.h> not found. Please note: Cppcheck does not need standard library headers to get proper results.,/home/yichen/Desktop/Gemini_SDF04/F025.c|5|information|missingIncludeSystem|Include file: <string.h> not found. Please note: Cppcheck does not need standard library headers to get proper results.,/home/yichen/Desktop/Gemini_SDF_Results04/logs/F025_cppcheck.log
/home/yichen/Desktop/Gemini_SDF04/F025.c,cppcheck,True,success,True,0,10,45,style,constVariablePointer,Variable 'arg1' can be declared as pointer to const,/home/yichen/Desktop/Gemini_SDF04/F025.c|45|style|constVariablePointer|Variable 'arg1' can be declared as pointer to const,/home/yichen/Desktop/Gemini_SDF_Results04/logs/F025_cppcheck.log
/home/yichen/Desktop/Gemini_SDF04/F025.c,cppcheck,True,success,True,0,10,69,style,constVariablePointer,Variable 'stud_name' can be declared as pointer to const,/home/yichen/Desktop/Gemini_SDF04/F025.c|69|style|constVariablePointer|Variable 'stud_name' can be declared as pointer to const,/home/yichen/Desktop/Gemini_SDF_Results04/logs/F025_cppcheck.log
/home/yichen/Desktop/Gemini_SDF04/F025.c,cppcheck,True,success,True,0,10,73,style,constVariablePointer,Variable 'note' can be declared as pointer to const,/home/yichen/Desktop/Gemini_SDF04/F025.c|73|style|constVariablePointer|Variable 'note' can be declared as pointer to const,/home/yichen/Desktop/Gemini_SDF_Results04/logs/F025_cppcheck.log
/home/yichen/Desktop/Gemini_SDF04/F025.c,cppcheck,True,success,True,0,10,98,style,constVariablePointer,Variable 'to_class' can be declared as pointer to const,/home/yichen/Desktop/Gemini_SDF04/F025.c|98|style|constVariablePointer|Variable 'to_class' can be declared as pointer to const,/home/yichen/Desktop/Gemini_SDF_Results04/logs/F025_cppcheck.log
/home/yichen/Desktop/Gemini_SDF04/F025.c,cppcheck,True,success,True,0,10,102,style,constVariablePointer,Variable 'stud_name' can be declared as pointer to const,/home/yichen/Desktop/Gemini_SDF04/F025.c|102|style|constVariablePointer|Variable 'stud_name' can be declared as pointer to const,/home/yichen/Desktop/Gemini_SDF_Results04/logs/F025_cppcheck.log
/home/yichen/Desktop/Gemini_SDF04/F025.c,cppcheck,True,success,True,0,10,135,style,constVariablePointer,Variable 'stud_name' can be declared as pointer to const,/home/yichen/Desktop/Gemini_SDF04/F025.c|135|style|constVariablePointer|Variable 'stud_name' can be declared as pointer to const,/home/yichen/Desktop/Gemini_SDF_Results04/logs/F025_cppcheck.log
nofile,cppcheck,True,success,True,0,10,0,information,checkersReport,Active checkers: 113/592 (use --checkers-report=<filename> to see details),nofile|0|information|checkersReport|Active checkers: 113/592 (use --checkers-report=<filename> to see details),/home/yichen/Desktop/Gemini_SDF_Results04/logs/F025_cppcheck.log
/home/yichen/Desktop/Gemini_SDF04/F026.c,cppcheck,True,success,True,0,6,3,information,missingIncludeSystem,Include file: <stdio.h> not found. Please note: Cppcheck does not need standard library headers to get proper results.,/home/yichen/Desktop/Gemini_SDF04/F026.c|3|information|missingIncludeSystem|Include file: <stdio.h> not found. Please note: Cppcheck does not need standard library headers to get proper results.,/home/yichen/Desktop/Gemini_SDF_Results04/logs/F026_cppcheck.log
/home/yichen/Desktop/Gemini_SDF04/F026.c,cppcheck,True,success,True,0,6,4,information,missingIncludeSystem,Include file: <stdlib.h> not found. Please note: Cppcheck does not need standard library headers to get proper results.,/home/yichen/Desktop/Gemini_SDF04/F026.c|4|information|missingIncludeSystem|Include file: <stdlib.h> not found. Please note: Cppcheck does not need standard library headers to get proper results.,/home/yichen/Desktop/Gemini_SDF_Results04/logs/F026_cppcheck.log
/home/yichen/Desktop/Gemini_SDF04/F026.c,cppcheck,True,success,True,0,6,5,information,missingIncludeSystem,Include file: <string.h> not found. Please note: Cppcheck does not need standard library headers to get proper results.,/home/yichen/Desktop/Gemini_SDF04/F026.c|5|information|missingIncludeSystem|Include file: <string.h> not found. Please note: Cppcheck does not need standard library headers to get proper results.,/home/yichen/Desktop/Gemini_SDF_Results04/logs/F026_cppcheck.log
/home/yichen/Desktop/Gemini_SDF04/F026.c,cppcheck,True,success,True,0,6,29,style,constVariablePointer,Variable 'arg1' can be declared as pointer to const,/home/yichen/Desktop/Gemini_SDF04/F026.c|29|style|constVariablePointer|Variable 'arg1' can be declared as pointer to const,/home/yichen/Desktop/Gemini_SDF_Results04/logs/F026_cppcheck.log
/home/yichen/Desktop/Gemini_SDF04/F026.c,cppcheck,True,success,True,0,6,34,style,constVariablePointer,Variable 'text' can be declared as pointer to const,/home/yichen/Desktop/Gemini_SDF04/F026.c|34|style|constVariablePointer|Variable 'text' can be declared as pointer to const,/home/yichen/Desktop/Gemini_SDF_Results04/logs/F026_cppcheck.log
nofile,cppcheck,True,success,True,0,6,0,information,checkersReport,Active checkers: 113/592 (use --checkers-report=<filename> to see details),nofile|0|information|checkersReport|Active checkers: 113/592 (use --checkers-report=<filename> to see details),/home/yichen/Desktop/Gemini_SDF_Results04/logs/F026_cppcheck.log
/home/yichen/Desktop/Gemini_SDF04/F027.c,cppcheck,True,success,True,0,7,3,information,missingIncludeSystem,Include file: <stdio.h> not found. Please note: Cppcheck does not need standard library headers to get proper results.,/home/yichen/Desktop/Gemini_SDF04/F027.c|3|information|missingIncludeSystem|Include file: <stdio.h> not found. Please note: Cppcheck does not need standard library headers to get proper results.,/home/yichen/Desktop/Gemini_SDF_Results04/logs/F027_cppcheck.log
/home/yichen/Desktop/Gemini_SDF04/F027.c,cppcheck,True,success,True,0,7,4,information,missingIncludeSystem,Include file: <stdlib.h> not found. Please note: Cppcheck does not need standard library headers to get proper results.,/home/yichen/Desktop/Gemini_SDF04/F027.c|4|information|missingIncludeSystem|Include file: <stdlib.h> not found. Please note: Cppcheck does not need standard library headers to get proper results.,/home/yichen/Desktop/Gemini_SDF_Results04/logs/F027_cppcheck.log
/home/yichen/Desktop/Gemini_SDF04/F027.c,cppcheck,True,success,True,0,7,5,information,missingIncludeSystem,Include file: <string.h> not found. Please note: Cppcheck does not need standard library headers to get proper results.,/home/yichen/Desktop/Gemini_SDF04/F027.c|5|information|missingIncludeSystem|Include file: <string.h> not found. Please note: Cppcheck does not need standard library headers to get proper results.,/home/yichen/Desktop/Gemini_SDF_Results04/logs/F027_cppcheck.log
/home/yichen/Desktop/Gemini_SDF04/F027.c,cppcheck,True,success,True,0,7,30,style,constVariablePointer,Variable 'arg1' can be declared as pointer to const,/home/yichen/Desktop/Gemini_SDF04/F027.c|30|style|constVariablePointer|Variable 'arg1' can be declared as pointer to const,/home/yichen/Desktop/Gemini_SDF_Results04/logs/F027_cppcheck.log
/home/yichen/Desktop/Gemini_SDF04/F027.c,cppcheck,True,success,True,0,7,35,style,constVariablePointer,Variable 'title' can be declared as pointer to const,/home/yichen/Desktop/Gemini_SDF04/F027.c|35|style|constVariablePointer|Variable 'title' can be declared as pointer to const,/home/yichen/Desktop/Gemini_SDF_Results04/logs/F027_cppcheck.log
/home/yichen/Desktop/Gemini_SDF04/F027.c,cppcheck,True,success,True,0,7,39,style,constVariablePointer,Variable 'note' can be declared as pointer to const,/home/yichen/Desktop/Gemini_SDF04/F027.c|39|style|constVariablePointer|Variable 'note' can be declared as pointer to const,/home/yichen/Desktop/Gemini_SDF_Results04/logs/F027_cppcheck.log
nofile,cppcheck,True,success,True,0,7,0,information,checkersReport,Active checkers: 113/592 (use --checkers-report=<filename> to see details),nofile|0|information|checkersReport|Active checkers: 113/592 (use --checkers-report=<filename> to see details),/home/yichen/Desktop/Gemini_SDF_Results04/logs/F027_cppcheck.log
/home/yichen/Desktop/Gemini_SDF04/F028.c,cppcheck,True,success,True,0,9,3,information,missingIncludeSystem,Include file: <stdio.h> not found. Please note: Cppcheck does not need standard library headers to get proper results.,/home/yichen/Desktop/Gemini_SDF04/F028.c|3|information|missingIncludeSystem|Include file: <stdio.h> not found. Please note: Cppcheck does not need standard library headers to get proper results.,/home/yichen/Desktop/Gemini_SDF_Results04/logs/F028_cppcheck.log
/home/yichen/Desktop/Gemini_SDF04/F028.c,cppcheck,True,success,True,0,9,4,information,missingIncludeSystem,Include file: <stdlib.h> not found. Please note: Cppcheck does not need standard library headers to get proper results.,/home/yichen/Desktop/Gemini_SDF04/F028.c|4|information|missingIncludeSystem|Include file: <stdlib.h> not found. Please note: Cppcheck does not need standard library headers to get proper results.,/home/yichen/Desktop/Gemini_SDF_Results04/logs/F028_cppcheck.log
/home/yichen/Desktop/Gemini_SDF04/F028.c,cppcheck,True,success,True,0,9,5,information,missingIncludeSystem,Include file: <string.h> not found. Please note: Cppcheck does not need standard library headers to get proper results.,/home/yichen/Desktop/Gemini_SDF04/F028.c|5|information|missingIncludeSystem|Include file: <string.h> not found. Please note: Cppcheck does not need standard library headers to get proper results.,/home/yichen/Desktop/Gemini_SDF_Results04/logs/F028_cppcheck.log
/home/yichen/Desktop/Gemini_SDF04/F028.c,cppcheck,True,success,True,0,9,54,style,variableScope,The scope of the variable 'idx' can be reduced.,/home/yichen/Desktop/Gemini_SDF04/F028.c|54|style|variableScope|The scope of the variable 'idx' can be reduced.,/home/yichen/Desktop/Gemini_SDF_Results04/logs/F028_cppcheck.log
/home/yichen/Desktop/Gemini_SDF04/F028.c,cppcheck,True,success,True,0,9,29,style,constVariablePointer,Variable 'arg1' can be declared as pointer to const,/home/yichen/Desktop/Gemini_SDF04/F028.c|29|style|constVariablePointer|Variable 'arg1' can be declared as pointer to const,/home/yichen/Desktop/Gemini_SDF_Results04/logs/F028_cppcheck.log
/home/yichen/Desktop/Gemini_SDF04/F028.c,cppcheck,True,success,True,0,9,34,style,constVariablePointer,Variable 'note' can be declared as pointer to const,/home/yichen/Desktop/Gemini_SDF04/F028.c|34|style|constVariablePointer|Variable 'note' can be declared as pointer to const,/home/yichen/Desktop/Gemini_SDF_Results04/logs/F028_cppcheck.log
/home/yichen/Desktop/Gemini_SDF04/F028.c,cppcheck,True,success,True,0,9,55,style,constVariablePointer,Variable 'stop_name' can be declared as pointer to const,/home/yichen/Desktop/Gemini_SDF04/F028.c|55|style|constVariablePointer|Variable 'stop_name' can be declared as pointer to const,/home/yichen/Desktop/Gemini_SDF_Results04/logs/F028_cppcheck.log
/home/yichen/Desktop/Gemini_SDF04/F028.c,cppcheck,True,success,True,0,9,59,style,constVariablePointer,Variable 'note' can be declared as pointer to const,/home/yichen/Desktop/Gemini_SDF04/F028.c|59|style|constVariablePointer|Variable 'note' can be declared as pointer to const,/home/yichen/Desktop/Gemini_SDF_Results04/logs/F028_cppcheck.log
nofile,cppcheck,True,success,True,0,9,0,information,checkersReport,Active checkers: 113/592 (use --checkers-report=<filename> to see details),nofile|0|information|checkersReport|Active checkers: 113/592 (use --checkers-report=<filename> to see details),/home/yichen/Desktop/Gemini_SDF_Results04/logs/F028_cppcheck.log
/home/yichen/Desktop/Gemini_SDF04/F029.c,cppcheck,True,success,True,0,6,3,information,missingIncludeSystem,Include file: <stdio.h> not found. Please note: Cppcheck does not need standard library headers to get proper results.,/home/yichen/Desktop/Gemini_SDF04/F029.c|3|information|missingIncludeSystem|Include file: <stdio.h> not found. Please note: Cppcheck does not need standard library headers to get proper results.,/home/yichen/Desktop/Gemini_SDF_Results04/logs/F029_cppcheck.log
/home/yichen/Desktop/Gemini_SDF04/F029.c,cppcheck,True,success,True,0,6,4,information,missingIncludeSystem,Include file: <stdlib.h> not found. Please note: Cppcheck does not need standard library headers to get proper results.,/home/yichen/Desktop/Gemini_SDF04/F029.c|4|information|missingIncludeSystem|Include file: <stdlib.h> not found. Please note: Cppcheck does not need standard library headers to get proper results.,/home/yichen/Desktop/Gemini_SDF_Results04/logs/F029_cppcheck.log
/home/yichen/Desktop/Gemini_SDF04/F029.c,cppcheck,True,success,True,0,6,5,information,missingIncludeSystem,Include file: <string.h> not found. Please note: Cppcheck does not need standard library headers to get proper results.,/home/yichen/Desktop/Gemini_SDF04/F029.c|5|information|missingIncludeSystem|Include file: <string.h> not found. Please note: Cppcheck does not need standard library headers to get proper results.,/home/yichen/Desktop/Gemini_SDF_Results04/logs/F029_cppcheck.log
/home/yichen/Desktop/Gemini_SDF04/F029.c,cppcheck,True,success,True,0,6,29,style,constVariablePointer,Variable 'arg1' can be declared as pointer to const,/home/yichen/Desktop/Gemini_SDF04/F029.c|29|style|constVariablePointer|Variable 'arg1' can be declared as pointer to const,/home/yichen/Desktop/Gemini_SDF_Results04/logs/F029_cppcheck.log
/home/yichen/Desktop/Gemini_SDF04/F029.c,cppcheck,True,success,True,0,6,34,style,constVariablePointer,Variable 'val' can be declared as pointer to const,/home/yichen/Desktop/Gemini_SDF04/F029.c|34|style|constVariablePointer|Variable 'val' can be declared as pointer to const,/home/yichen/Desktop/Gemini_SDF_Results04/logs/F029_cppcheck.log
nofile,cppcheck,True,success,True,0,6,0,information,checkersReport,Active checkers: 113/592 (use --checkers-report=<filename> to see details),nofile|0|information|checkersReport|Active checkers: 113/592 (use --checkers-report=<filename> to see details),/home/yichen/Desktop/Gemini_SDF_Results04/logs/F029_cppcheck.log
/home/yichen/Desktop/Gemini_SDF04/F030.c,cppcheck,True,success,True,0,6,3,information,missingIncludeSystem,Include file: <stdio.h> not found. Please note: Cppcheck does not need standard library headers to get proper results.,/home/yichen/Desktop/Gemini_SDF04/F030.c|3|information|missingIncludeSystem|Include file: <stdio.h> not found. Please note: Cppcheck does not need standard library headers to get proper results.,/home/yichen/Desktop/Gemini_SDF_Results04/logs/F030_cppcheck.log
/home/yichen/Desktop/Gemini_SDF04/F030.c,cppcheck,True,success,True,0,6,4,information,missingIncludeSystem,Include file: <stdlib.h> not found. Please note: Cppcheck does not need standard library headers to get proper results.,/home/yichen/Desktop/Gemini_SDF04/F030.c|4|information|missingIncludeSystem|Include file: <stdlib.h> not found. Please note: Cppcheck does not need standard library headers to get proper results.,/home/yichen/Desktop/Gemini_SDF_Results04/logs/F030_cppcheck.log
/home/yichen/Desktop/Gemini_SDF04/F030.c,cppcheck,True,success,True,0,6,5,information,missingIncludeSystem,Include file: <string.h> not found. Please note: Cppcheck does not need standard library headers to get proper results.,/home/yichen/Desktop/Gemini_SDF04/F030.c|5|information|missingIncludeSystem|Include file: <string.h> not found. Please note: Cppcheck does not need standard library headers to get proper results.,/home/yichen/Desktop/Gemini_SDF_Results04/logs/F030_cppcheck.log
/home/yichen/Desktop/Gemini_SDF04/F030.c,cppcheck,True,success,True,0,6,34,style,constVariablePointer,Variable 'new_s' can be declared as pointer to const,/home/yichen/Desktop/Gemini_SDF04/F030.c|34|style|constVariablePointer|Variable 'new_s' can be declared as pointer to const,/home/yichen/Desktop/Gemini_SDF_Results04/logs/F030_cppcheck.log
/home/yichen/Desktop/Gemini_SDF04/F030.c,cppcheck,True,success,True,0,6,52,style,constVariablePointer,Variable 'pos' can be declared as pointer to const,/home/yichen/Desktop/Gemini_SDF04/F030.c|52|style|constVariablePointer|Variable 'pos' can be declared as pointer to const,/home/yichen/Desktop/Gemini_SDF_Results04/logs/F030_cppcheck.log
nofile,cppcheck,True,success,True,0,6,0,information,checkersReport,Active checkers: 113/592 (use --checkers-report=<filename> to see details),nofile|0|information|checkersReport|Active checkers: 113/592 (use --checkers-report=<filename> to see details),/home/yichen/Desktop/Gemini_SDF_Results04/logs/F030_cppcheck.log
/home/yichen/Desktop/Gemini_SDF04/F031.c,cppcheck,True,success,True,0,8,3,information,missingIncludeSystem,Include file: <stdio.h> not found. Please note: Cppcheck does not need standard library headers to get proper results.,/home/yichen/Desktop/Gemini_SDF04/F031.c|3|information|missingIncludeSystem|Include file: <stdio.h> not found. Please note: Cppcheck does not need standard library headers to get proper results.,/home/yichen/Desktop/Gemini_SDF_Results04/logs/F031_cppcheck.log
/home/yichen/Desktop/Gemini_SDF04/F031.c,cppcheck,True,success,True,0,8,4,information,missingIncludeSystem,Include file: <stdlib.h> not found. Please note: Cppcheck does not need standard library headers to get proper results.,/home/yichen/Desktop/Gemini_SDF04/F031.c|4|information|missingIncludeSystem|Include file: <stdlib.h> not found. Please note: Cppcheck does not need standard library headers to get proper results.,/home/yichen/Desktop/Gemini_SDF_Results04/logs/F031_cppcheck.log
/home/yichen/Desktop/Gemini_SDF04/F031.c,cppcheck,True,success,True,0,8,5,information,missingIncludeSystem,Include file: <string.h> not found. Please note: Cppcheck does not need standard library headers to get proper results.,/home/yichen/Desktop/Gemini_SDF04/F031.c|5|information|missingIncludeSystem|Include file: <string.h> not found. Please note: Cppcheck does not need standard library headers to get proper results.,/home/yichen/Desktop/Gemini_SDF_Results04/logs/F031_cppcheck.log
/home/yichen/Desktop/Gemini_SDF04/F031.c,cppcheck,True,success,True,0,8,29,style,constVariablePointer,Variable 'arg1' can be declared as pointer to const,/home/yichen/Desktop/Gemini_SDF04/F031.c|29|style|constVariablePointer|Variable 'arg1' can be declared as pointer to const,/home/yichen/Desktop/Gemini_SDF_Results04/logs/F031_cppcheck.log
/home/yichen/Desktop/Gemini_SDF04/F031.c,cppcheck,True,success,True,0,8,49,style,constVariablePointer,Variable 's' can be declared as pointer to const,/home/yichen/Desktop/Gemini_SDF04/F031.c|49|style|constVariablePointer|Variable 's' can be declared as pointer to const,/home/yichen/Desktop/Gemini_SDF_Results04/logs/F031_cppcheck.log
/home/yichen/Desktop/Gemini_SDF04/F031.c,cppcheck,True,success,True,0,8,59,style,constVariablePointer,Variable 'name' can be declared as pointer to const,/home/yichen/Desktop/Gemini_SDF04/F031.c|59|style|constVariablePointer|Variable 'name' can be declared as pointer to const,/home/yichen/Desktop/Gemini_SDF_Results04/logs/F031_cppcheck.log
/home/yichen/Desktop/Gemini_SDF04/F031.c,cppcheck,True,success,True,0,8,60,style,constVariablePointer,Variable 'note' can be declared as pointer to const,/home/yichen/Desktop/Gemini_SDF04/F031.c|60|style|constVariablePointer|Variable 'note' can be declared as pointer to const,/home/yichen/Desktop/Gemini_SDF_Results04/logs/F031_cppcheck.log
nofile,cppcheck,True,success,True,0,8,0,information,checkersReport,Active checkers: 113/592 (use --checkers-report=<filename> to see details),nofile|0|information|checkersReport|Active checkers: 113/592 (use --checkers-report=<filename> to see details),/home/yichen/Desktop/Gemini_SDF_Results04/logs/F031_cppcheck.log
/home/yichen/Desktop/Gemini_SDF04/F032.c,cppcheck,True,success,True,0,7,3,information,missingIncludeSystem,Include file: <stdio.h> not found. Please note: Cppcheck does not need standard library headers to get proper results.,/home/yichen/Desktop/Gemini_SDF04/F032.c|3|information|missingIncludeSystem|Include file: <stdio.h> not found. Please note: Cppcheck does not need standard library headers to get proper results.,/home/yichen/Desktop/Gemini_SDF_Results04/logs/F032_cppcheck.log
/home/yichen/Desktop/Gemini_SDF04/F032.c,cppcheck,True,success,True,0,7,4,information,missingIncludeSystem,Include file: <stdlib.h> not found. Please note: Cppcheck does not need standard library headers to get proper results.,/home/yichen/Desktop/Gemini_SDF04/F032.c|4|information|missingIncludeSystem|Include file: <stdlib.h> not found. Please note: Cppcheck does not need standard library headers to get proper results.,/home/yichen/Desktop/Gemini_SDF_Results04/logs/F032_cppcheck.log
/home/yichen/Desktop/Gemini_SDF04/F032.c,cppcheck,True,success,True,0,7,5,information,missingIncludeSystem,Include file: <string.h> not found. Please note: Cppcheck does not need standard library headers to get proper results.,/home/yichen/Desktop/Gemini_SDF04/F032.c|5|information|missingIncludeSystem|Include file: <string.h> not found. Please note: Cppcheck does not need standard library headers to get proper results.,/home/yichen/Desktop/Gemini_SDF_Results04/logs/F032_cppcheck.log
/home/yichen/Desktop/Gemini_SDF04/F032.c,cppcheck,True,success,True,0,7,22,style,constParameterPointer,Parameter 'arr' can be declared as pointer to const,/home/yichen/Desktop/Gemini_SDF04/F032.c|22|style|constParameterPointer|Parameter 'arr' can be declared as pointer to const,/home/yichen/Desktop/Gemini_SDF_Results04/logs/F032_cppcheck.log
/home/yichen/Desktop/Gemini_SDF04/F032.c,cppcheck,True,success,True,0,7,63,style,constVariablePointer,Variable 'cmd' can be declared as pointer to const,/home/yichen/Desktop/Gemini_SDF04/F032.c|63|style|constVariablePointer|Variable 'cmd' can be declared as pointer to const,/home/yichen/Desktop/Gemini_SDF_Results04/logs/F032_cppcheck.log
/home/yichen/Desktop/Gemini_SDF04/F032.c,cppcheck,True,success,True,0,7,67,style,constVariablePointer,Variable 'arg1' can be declared as pointer to const,/home/yichen/Desktop/Gemini_SDF04/F032.c|67|style|constVariablePointer|Variable 'arg1' can be declared as pointer to const,/home/yichen/Desktop/Gemini_SDF_Results04/logs/F032_cppcheck.log
nofile,cppcheck,True,success,True,0,7,0,information,checkersReport,Active checkers: 113/592 (use --checkers-report=<filename> to see details),nofile|0|information|checkersReport|Active checkers: 113/592 (use --checkers-report=<filename> to see details),/home/yichen/Desktop/Gemini_SDF_Results04/logs/F032_cppcheck.log
/home/yichen/Desktop/Gemini_SDF04/F033.c,cppcheck,True,success,True,0,11,3,information,missingIncludeSystem,Include file: <stdio.h> not found. Please note: Cppcheck does not need standard library headers to get proper results.,/home/yichen/Desktop/Gemini_SDF04/F033.c|3|information|missingIncludeSystem|Include file: <stdio.h> not found. Please note: Cppcheck does not need standard library headers to get proper results.,/home/yichen/Desktop/Gemini_SDF_Results04/logs/F033_cppcheck.log
/home/yichen/Desktop/Gemini_SDF04/F033.c,cppcheck,True,success,True,0,11,4,information,missingIncludeSystem,Include file: <stdlib.h> not found. Please note: Cppcheck does not need standard library headers to get proper results.,/home/yichen/Desktop/Gemini_SDF04/F033.c|4|information|missingIncludeSystem|Include file: <stdlib.h> not found. Please note: Cppcheck does not need standard library headers to get proper results.,/home/yichen/Desktop/Gemini_SDF_Results04/logs/F033_cppcheck.log
/home/yichen/Desktop/Gemini_SDF04/F033.c,cppcheck,True,success,True,0,11,5,information,missingIncludeSystem,Include file: <string.h> not found. Please note: Cppcheck does not need standard library headers to get proper results.,/home/yichen/Desktop/Gemini_SDF04/F033.c|5|information|missingIncludeSystem|Include file: <string.h> not found. Please note: Cppcheck does not need standard library headers to get proper results.,/home/yichen/Desktop/Gemini_SDF_Results04/logs/F033_cppcheck.log
/home/yichen/Desktop/Gemini_SDF04/F033.c,cppcheck,True,success,True,0,11,40,style,constVariablePointer,Variable 'arg1' can be declared as pointer to const,/home/yichen/Desktop/Gemini_SDF04/F033.c|40|style|constVariablePointer|Variable 'arg1' can be declared as pointer to const,/home/yichen/Desktop/Gemini_SDF_Results04/logs/F033_cppcheck.log
/home/yichen/Desktop/Gemini_SDF04/F033.c,cppcheck,True,success,True,0,11,45,style,constVariablePointer,Variable 'name' can be declared as pointer to const,/home/yichen/Desktop/Gemini_SDF04/F033.c|45|style|constVariablePointer|Variable 'name' can be declared as pointer to const,/home/yichen/Desktop/Gemini_SDF_Results04/logs/F033_cppcheck.log
/home/yichen/Desktop/Gemini_SDF04/F033.c,cppcheck,True,success,True,0,11,49,style,constVariablePointer,Variable 'dept' can be declared as pointer to const,/home/yichen/Desktop/Gemini_SDF04/F033.c|49|style|constVariablePointer|Variable 'dept' can be declared as pointer to const,/home/yichen/Desktop/Gemini_SDF_Results04/logs/F033_cppcheck.log
/home/yichen/Desktop/Gemini_SDF04/F033.c,cppcheck,True,success,True,0,11,53,style,constVariablePointer,Variable 'title' can be declared as pointer to const,/home/yichen/Desktop/Gemini_SDF04/F033.c|53|style|constVariablePointer|Variable 'title' can be declared as pointer to const,/home/yichen/Desktop/Gemini_SDF_Results04/logs/F033_cppcheck.log
/home/yichen/Desktop/Gemini_SDF04/F033.c,cppcheck,True,success,True,0,11,79,style,constVariablePointer,Variable 'name' can be declared as pointer to const,/home/yichen/Desktop/Gemini_SDF04/F033.c|79|style|constVariablePointer|Variable 'name' can be declared as pointer to const,/home/yichen/Desktop/Gemini_SDF_Results04/logs/F033_cppcheck.log
/home/yichen/Desktop/Gemini_SDF04/F033.c,cppcheck,True,success,True,0,11,83,style,constVariablePointer,Variable 'dept' can be declared as pointer to const,/home/yichen/Desktop/Gemini_SDF04/F033.c|83|style|constVariablePointer|Variable 'dept' can be declared as pointer to const,/home/yichen/Desktop/Gemini_SDF_Results04/logs/F033_cppcheck.log
/home/yichen/Desktop/Gemini_SDF04/F033.c,cppcheck,True,success,True,0,11,87,style,constVariablePointer,Variable 'title' can be declared as pointer to const,/home/yichen/Desktop/Gemini_SDF04/F033.c|87|style|constVariablePointer|Variable 'title' can be declared as pointer to const,/home/yichen/Desktop/Gemini_SDF_Results04/logs/F033_cppcheck.log
nofile,cppcheck,True,success,True,0,11,0,information,checkersReport,Active checkers: 113/592 (use --checkers-report=<filename> to see details),nofile|0|information|checkersReport|Active checkers: 113/592 (use --checkers-report=<filename> to see details),/home/yichen/Desktop/Gemini_SDF_Results04/logs/F033_cppcheck.log
/home/yichen/Desktop/Gemini_SDF04/F034.c,cppcheck,True,success,True,0,6,3,information,missingIncludeSystem,Include file: <stdio.h> not found. Please note: Cppcheck does not need standard library headers to get proper results.,/home/yichen/Desktop/Gemini_SDF04/F034.c|3|information|missingIncludeSystem|Include file: <stdio.h> not found. Please note: Cppcheck does not need standard library headers to get proper results.,/home/yichen/Desktop/Gemini_SDF_Results04/logs/F034_cppcheck.log
/home/yichen/Desktop/Gemini_SDF04/F034.c,cppcheck,True,success,True,0,6,4,information,missingIncludeSystem,Include file: <stdlib.h> not found. Please note: Cppcheck does not need standard library headers to get proper results.,/home/yichen/Desktop/Gemini_SDF04/F034.c|4|information|missingIncludeSystem|Include file: <stdlib.h> not found. Please note: Cppcheck does not need standard library headers to get proper results.,/home/yichen/Desktop/Gemini_SDF_Results04/logs/F034_cppcheck.log
/home/yichen/Desktop/Gemini_SDF04/F034.c,cppcheck,True,success,True,0,6,5,information,missingIncludeSystem,Include file: <string.h> not found. Please note: Cppcheck does not need standard library headers to get proper results.,/home/yichen/Desktop/Gemini_SDF04/F034.c|5|information|missingIncludeSystem|Include file: <string.h> not found. Please note: Cppcheck does not need standard library headers to get proper results.,/home/yichen/Desktop/Gemini_SDF_Results04/logs/F034_cppcheck.log
/home/yichen/Desktop/Gemini_SDF04/F034.c,cppcheck,True,success,True,0,6,32,style,constVariablePointer,Variable 'arg1' can be declared as pointer to const,/home/yichen/Desktop/Gemini_SDF04/F034.c|32|style|constVariablePointer|Variable 'arg1' can be declared as pointer to const,/home/yichen/Desktop/Gemini_SDF_Results04/logs/F034_cppcheck.log
/home/yichen/Desktop/Gemini_SDF04/F034.c,cppcheck,True,success,True,0,6,37,style,constVariablePointer,Variable 'note' can be declared as pointer to const,/home/yichen/Desktop/Gemini_SDF04/F034.c|37|style|constVariablePointer|Variable 'note' can be declared as pointer to const,/home/yichen/Desktop/Gemini_SDF_Results04/logs/F034_cppcheck.log
nofile,cppcheck,True,success,True,0,6,0,information,checkersReport,Active checkers: 113/592 (use --checkers-report=<filename> to see details),nofile|0|information|checkersReport|Active checkers: 113/592 (use --checkers-report=<filename> to see details),/home/yichen/Desktop/Gemini_SDF_Results04/logs/F034_cppcheck.log
/home/yichen/Desktop/Gemini_SDF04/F035.c,cppcheck,True,success,True,0,7,3,information,missingIncludeSystem,Include file: <stdio.h> not found. Please note: Cppcheck does not need standard library headers to get proper results.,/home/yichen/Desktop/Gemini_SDF04/F035.c|3|information|missingIncludeSystem|Include file: <stdio.h> not found. Please note: Cppcheck does not need standard library headers to get proper results.,/home/yichen/Desktop/Gemini_SDF_Results04/logs/F035_cppcheck.log
/home/yichen/Desktop/Gemini_SDF04/F035.c,cppcheck,True,success,True,0,7,4,information,missingIncludeSystem,Include file: <stdlib.h> not found. Please note: Cppcheck does not need standard library headers to get proper results.,/home/yichen/Desktop/Gemini_SDF04/F035.c|4|information|missingIncludeSystem|Include file: <stdlib.h> not found. Please note: Cppcheck does not need standard library headers to get proper results.,/home/yichen/Desktop/Gemini_SDF_Results04/logs/F035_cppcheck.log
/home/yichen/Desktop/Gemini_SDF04/F035.c,cppcheck,True,success,True,0,7,5,information,missingIncludeSystem,Include file: <string.h> not found. Please note: Cppcheck does not need standard library headers to get proper results.,/home/yichen/Desktop/Gemini_SDF04/F035.c|5|information|missingIncludeSystem|Include file: <string.h> not found. Please note: Cppcheck does not need standard library headers to get proper results.,/home/yichen/Desktop/Gemini_SDF_Results04/logs/F035_cppcheck.log
/home/yichen/Desktop/Gemini_SDF04/F035.c,cppcheck,True,success,True,0,7,38,style,constVariablePointer,Variable 'arg1' can be declared as pointer to const,/home/yichen/Desktop/Gemini_SDF04/F035.c|38|style|constVariablePointer|Variable 'arg1' can be declared as pointer to const,/home/yichen/Desktop/Gemini_SDF_Results04/logs/F035_cppcheck.log
/home/yichen/Desktop/Gemini_SDF04/F035.c,cppcheck,True,success,True,0,7,43,style,constVariablePointer,Variable 'payload' can be declared as pointer to const,/home/yichen/Desktop/Gemini_SDF04/F035.c|43|style|constVariablePointer|Variable 'payload' can be declared as pointer to const,/home/yichen/Desktop/Gemini_SDF_Results04/logs/F035_cppcheck.log
/home/yichen/Desktop/Gemini_SDF04/F035.c,cppcheck,True,success,True,0,7,63,style,constVariablePointer,Variable 'new_name' can be declared as pointer to const,/home/yichen/Desktop/Gemini_SDF04/F035.c|63|style|constVariablePointer|Variable 'new_name' can be declared as pointer to const,/home/yichen/Desktop/Gemini_SDF_Results04/logs/F035_cppcheck.log
nofile,cppcheck,True,success,True,0,7,0,information,checkersReport,Active checkers: 113/592 (use --checkers-report=<filename> to see details),nofile|0|information|checkersReport|Active checkers: 113/592 (use --checkers-report=<filename> to see details),/home/yichen/Desktop/Gemini_SDF_Results04/logs/F035_cppcheck.log
/home/yichen/Desktop/Gemini_SDF04/F036.c,cppcheck,True,success,True,0,8,3,information,missingIncludeSystem,Include file: <stdio.h> not found. Please note: Cppcheck does not need standard library headers to get proper results.,/home/yichen/Desktop/Gemini_SDF04/F036.c|3|information|missingIncludeSystem|Include file: <stdio.h> not found. Please note: Cppcheck does not need standard library headers to get proper results.,/home/yichen/Desktop/Gemini_SDF_Results04/logs/F036_cppcheck.log
/home/yichen/Desktop/Gemini_SDF04/F036.c,cppcheck,True,success,True,0,8,4,information,missingIncludeSystem,Include file: <stdlib.h> not found. Please note: Cppcheck does not need standard library headers to get proper results.,/home/yichen/Desktop/Gemini_SDF04/F036.c|4|information|missingIncludeSystem|Include file: <stdlib.h> not found. Please note: Cppcheck does not need standard library headers to get proper results.,/home/yichen/Desktop/Gemini_SDF_Results04/logs/F036_cppcheck.log
/home/yichen/Desktop/Gemini_SDF04/F036.c,cppcheck,True,success,True,0,8,5,information,missingIncludeSystem,Include file: <string.h> not found. Please note: Cppcheck does not need standard library headers to get proper results.,/home/yichen/Desktop/Gemini_SDF04/F036.c|5|information|missingIncludeSystem|Include file: <string.h> not found. Please note: Cppcheck does not need standard library headers to get proper results.,/home/yichen/Desktop/Gemini_SDF_Results04/logs/F036_cppcheck.log
/home/yichen/Desktop/Gemini_SDF04/F036.c,cppcheck,True,success,True,0,8,38,style,constVariablePointer,Variable 'arg1' can be declared as pointer to const,/home/yichen/Desktop/Gemini_SDF04/F036.c|38|style|constVariablePointer|Variable 'arg1' can be declared as pointer to const,/home/yichen/Desktop/Gemini_SDF_Results04/logs/F036_cppcheck.log
/home/yichen/Desktop/Gemini_SDF04/F036.c,cppcheck,True,success,True,0,8,43,style,constVariablePointer,Variable 'len_data' can be declared as pointer to const,/home/yichen/Desktop/Gemini_SDF04/F036.c|43|style|constVariablePointer|Variable 'len_data' can be declared as pointer to const,/home/yichen/Desktop/Gemini_SDF_Results04/logs/F036_cppcheck.log
/home/yichen/Desktop/Gemini_SDF04/F036.c,cppcheck,True,success,True,0,8,48,style,constVariablePointer,Variable 'data_ptr' can be declared as pointer to const,/home/yichen/Desktop/Gemini_SDF04/F036.c|48|style|constVariablePointer|Variable 'data_ptr' can be declared as pointer to const,/home/yichen/Desktop/Gemini_SDF_Results04/logs/F036_cppcheck.log
/home/yichen/Desktop/Gemini_SDF04/F036.c,cppcheck,True,success,True,0,8,87,style,constVariablePointer,Variable 'p' can be declared as pointer to const,/home/yichen/Desktop/Gemini_SDF04/F036.c|87|style|constVariablePointer|Variable 'p' can be declared as pointer to const,/home/yichen/Desktop/Gemini_SDF_Results04/logs/F036_cppcheck.log
nofile,cppcheck,True,success,True,0,8,0,information,checkersReport,Active checkers: 113/592 (use --checkers-report=<filename> to see details),nofile|0|information|checkersReport|Active checkers: 113/592 (use --checkers-report=<filename> to see details),/home/yichen/Desktop/Gemini_SDF_Results04/logs/F036_cppcheck.log
/home/yichen/Desktop/Gemini_SDF04/F037.c,cppcheck,True,success,True,0,10,3,information,missingIncludeSystem,Include file: <stdio.h> not found. Please note: Cppcheck does not need standard library headers to get proper results.,/home/yichen/Desktop/Gemini_SDF04/F037.c|3|information|missingIncludeSystem|Include file: <stdio.h> not found. Please note: Cppcheck does not need standard library headers to get proper results.,/home/yichen/Desktop/Gemini_SDF_Results04/logs/F037_cppcheck.log
/home/yichen/Desktop/Gemini_SDF04/F037.c,cppcheck,True,success,True,0,10,4,information,missingIncludeSystem,Include file: <stdlib.h> not found. Please note: Cppcheck does not need standard library headers to get proper results.,/home/yichen/Desktop/Gemini_SDF04/F037.c|4|information|missingIncludeSystem|Include file: <stdlib.h> not found. Please note: Cppcheck does not need standard library headers to get proper results.,/home/yichen/Desktop/Gemini_SDF_Results04/logs/F037_cppcheck.log
/home/yichen/Desktop/Gemini_SDF04/F037.c,cppcheck,True,success,True,0,10,5,information,missingIncludeSystem,Include file: <string.h> not found. Please note: Cppcheck does not need standard library headers to get proper results.,/home/yichen/Desktop/Gemini_SDF04/F037.c|5|information|missingIncludeSystem|Include file: <string.h> not found. Please note: Cppcheck does not need standard library headers to get proper results.,/home/yichen/Desktop/Gemini_SDF_Results04/logs/F037_cppcheck.log
/home/yichen/Desktop/Gemini_SDF04/F037.c,cppcheck,True,success,True,0,10,125,style,variableScope,The scope of the variable 'offset' can be reduced.,/home/yichen/Desktop/Gemini_SDF04/F037.c|125|style|variableScope|The scope of the variable 'offset' can be reduced.,/home/yichen/Desktop/Gemini_SDF_Results04/logs/F037_cppcheck.log
/home/yichen/Desktop/Gemini_SDF04/F037.c,cppcheck,True,success,True,0,10,126,style,variableScope,The scope of the variable 'length' can be reduced.,/home/yichen/Desktop/Gemini_SDF04/F037.c|126|style|variableScope|The scope of the variable 'length' can be reduced.,/home/yichen/Desktop/Gemini_SDF_Results04/logs/F037_cppcheck.log
/home/yichen/Desktop/Gemini_SDF04/F037.c,cppcheck,True,success,True,0,10,65,style,constVariablePointer,Variable 'arg1' can be declared as pointer to const,/home/yichen/Desktop/Gemini_SDF04/F037.c|65|style|constVariablePointer|Variable 'arg1' can be declared as pointer to const,/home/yichen/Desktop/Gemini_SDF_Results04/logs/F037_cppcheck.log
/home/yichen/Desktop/Gemini_SDF04/F037.c,cppcheck,True,success,True,0,10,70,style,constVariablePointer,Variable 'hex' can be declared as pointer to const,/home/yichen/Desktop/Gemini_SDF04/F037.c|70|style|constVariablePointer|Variable 'hex' can be declared as pointer to const,/home/yichen/Desktop/Gemini_SDF_Results04/logs/F037_cppcheck.log
/home/yichen/Desktop/Gemini_SDF04/F037.c,cppcheck,True,success,True,0,10,100,style,constVariablePointer,Variable 'hex' can be declared as pointer to const,/home/yichen/Desktop/Gemini_SDF04/F037.c|100|style|constVariablePointer|Variable 'hex' can be declared as pointer to const,/home/yichen/Desktop/Gemini_SDF_Results04/logs/F037_cppcheck.log
/home/yichen/Desktop/Gemini_SDF04/F037.c,cppcheck,True,success,True,0,10,121,style,constVariablePointer,Variable 'off_str' can be declared as pointer to const,/home/yichen/Desktop/Gemini_SDF04/F037.c|121|style|constVariablePointer|Variable 'off_str' can be declared as pointer to const,/home/yichen/Desktop/Gemini_SDF_Results04/logs/F037_cppcheck.log
nofile,cppcheck,True,success,True,0,10,0,information,checkersReport,Active checkers: 113/592 (use --checkers-report=<filename> to see details),nofile|0|information|checkersReport|Active checkers: 113/592 (use --checkers-report=<filename> to see details),/home/yichen/Desktop/Gemini_SDF_Results04/logs/F037_cppcheck.log
/home/yichen/Desktop/Gemini_SDF04/F038.c,cppcheck,True,success,True,0,8,3,information,missingIncludeSystem,Include file: <stdio.h> not found. Please note: Cppcheck does not need standard library headers to get proper results.,/home/yichen/Desktop/Gemini_SDF04/F038.c|3|information|missingIncludeSystem|Include file: <stdio.h> not found. Please note: Cppcheck does not need standard library headers to get proper results.,/home/yichen/Desktop/Gemini_SDF_Results04/logs/F038_cppcheck.log
/home/yichen/Desktop/Gemini_SDF04/F038.c,cppcheck,True,success,True,0,8,4,information,missingIncludeSystem,Include file: <stdlib.h> not found. Please note: Cppcheck does not need standard library headers to get proper results.,/home/yichen/Desktop/Gemini_SDF04/F038.c|4|information|missingIncludeSystem|Include file: <stdlib.h> not found. Please note: Cppcheck does not need standard library headers to get proper results.,/home/yichen/Desktop/Gemini_SDF_Results04/logs/F038_cppcheck.log
/home/yichen/Desktop/Gemini_SDF04/F038.c,cppcheck,True,success,True,0,8,5,information,missingIncludeSystem,Include file: <string.h> not found. Please note: Cppcheck does not need standard library headers to get proper results.,/home/yichen/Desktop/Gemini_SDF04/F038.c|5|information|missingIncludeSystem|Include file: <string.h> not found. Please note: Cppcheck does not need standard library headers to get proper results.,/home/yichen/Desktop/Gemini_SDF_Results04/logs/F038_cppcheck.log
/home/yichen/Desktop/Gemini_SDF04/F038.c,cppcheck,True,success,True,0,8,6,information,missingIncludeSystem,Include file: <ctype.h> not found. Please note: Cppcheck does not need standard library headers to get proper results.,/home/yichen/Desktop/Gemini_SDF04/F038.c|6|information|missingIncludeSystem|Include file: <ctype.h> not found. Please note: Cppcheck does not need standard library headers to get proper results.,/home/yichen/Desktop/Gemini_SDF_Results04/logs/F038_cppcheck.log
/home/yichen/Desktop/Gemini_SDF04/F038.c,cppcheck,True,success,True,0,8,56,style,constVariablePointer,Variable 'arg1' can be declared as pointer to const,/home/yichen/Desktop/Gemini_SDF04/F038.c|56|style|constVariablePointer|Variable 'arg1' can be declared as pointer to const,/home/yichen/Desktop/Gemini_SDF_Results04/logs/F038_cppcheck.log
/home/yichen/Desktop/Gemini_SDF04/F038.c,cppcheck,True,success,True,0,8,61,style,constVariablePointer,Variable 'enc' can be declared as pointer to const,/home/yichen/Desktop/Gemini_SDF04/F038.c|61|style|constVariablePointer|Variable 'enc' can be declared as pointer to const,/home/yichen/Desktop/Gemini_SDF_Results04/logs/F038_cppcheck.log
/home/yichen/Desktop/Gemini_SDF04/F038.c,cppcheck,True,success,True,0,8,82,style,constVariablePointer,Variable 's' can be declared as pointer to const,/home/yichen/Desktop/Gemini_SDF04/F038.c|82|style|constVariablePointer|Variable 's' can be declared as pointer to const,/home/yichen/Desktop/Gemini_SDF_Results04/logs/F038_cppcheck.log
nofile,cppcheck,True,success,True,0,8,0,information,checkersReport,Active checkers: 113/592 (use --checkers-report=<filename> to see details),nofile|0|information|checkersReport|Active checkers: 113/592 (use --checkers-report=<filename> to see details),/home/yichen/Desktop/Gemini_SDF_Results04/logs/F038_cppcheck.log
/home/yichen/Desktop/Gemini_SDF04/F039.c,cppcheck,True,success,True,0,10,3,information,missingIncludeSystem,Include file: <stdio.h> not found. Please note: Cppcheck does not need standard library headers to get proper results.,/home/yichen/Desktop/Gemini_SDF04/F039.c|3|information|missingIncludeSystem|Include file: <stdio.h> not found. Please note: Cppcheck does not need standard library headers to get proper results.,/home/yichen/Desktop/Gemini_SDF_Results04/logs/F039_cppcheck.log
/home/yichen/Desktop/Gemini_SDF04/F039.c,cppcheck,True,success,True,0,10,4,information,missingIncludeSystem,Include file: <stdlib.h> not found. Please note: Cppcheck does not need standard library headers to get proper results.,/home/yichen/Desktop/Gemini_SDF04/F039.c|4|information|missingIncludeSystem|Include file: <stdlib.h> not found. Please note: Cppcheck does not need standard library headers to get proper results.,/home/yichen/Desktop/Gemini_SDF_Results04/logs/F039_cppcheck.log
/home/yichen/Desktop/Gemini_SDF04/F039.c,cppcheck,True,success,True,0,10,5,information,missingIncludeSystem,Include file: <string.h> not found. Please note: Cppcheck does not need standard library headers to get proper results.,/home/yichen/Desktop/Gemini_SDF04/F039.c|5|information|missingIncludeSystem|Include file: <string.h> not found. Please note: Cppcheck does not need standard library headers to get proper results.,/home/yichen/Desktop/Gemini_SDF_Results04/logs/F039_cppcheck.log
/home/yichen/Desktop/Gemini_SDF04/F039.c,cppcheck,True,success,True,0,10,40,style,constVariablePointer,Variable 'name' can be declared as pointer to const,/home/yichen/Desktop/Gemini_SDF04/F039.c|40|style|constVariablePointer|Variable 'name' can be declared as pointer to const,/home/yichen/Desktop/Gemini_SDF_Results04/logs/F039_cppcheck.log
/home/yichen/Desktop/Gemini_SDF04/F039.c,cppcheck,True,success,True,0,10,45,style,constVariablePointer,Variable 'rows_str' can be declared as pointer to const,/home/yichen/Desktop/Gemini_SDF04/F039.c|45|style|constVariablePointer|Variable 'rows_str' can be declared as pointer to const,/home/yichen/Desktop/Gemini_SDF_Results04/logs/F039_cppcheck.log
/home/yichen/Desktop/Gemini_SDF04/F039.c,cppcheck,True,success,True,0,10,84,style,constVariablePointer,Variable 'row_str' can be declared as pointer to const,/home/yichen/Desktop/Gemini_SDF04/F039.c|84|style|constVariablePointer|Variable 'row_str' can be declared as pointer to const,/home/yichen/Desktop/Gemini_SDF_Results04/logs/F039_cppcheck.log
/home/yichen/Desktop/Gemini_SDF04/F039.c,cppcheck,True,success,True,0,10,88,style,constVariablePointer,Variable 'col_str' can be declared as pointer to const,/home/yichen/Desktop/Gemini_SDF04/F039.c|88|style|constVariablePointer|Variable 'col_str' can be declared as pointer to const,/home/yichen/Desktop/Gemini_SDF_Results04/logs/F039_cppcheck.log
/home/yichen/Desktop/Gemini_SDF04/F039.c,cppcheck,True,success,True,0,10,92,style,constVariablePointer,Variable 'val' can be declared as pointer to const,/home/yichen/Desktop/Gemini_SDF04/F039.c|92|style|constVariablePointer|Variable 'val' can be declared as pointer to const,/home/yichen/Desktop/Gemini_SDF_Results04/logs/F039_cppcheck.log
/home/yichen/Desktop/Gemini_SDF04/F039.c,cppcheck,True,success,True,0,10,106,style,constVariablePointer,Variable 'row_str' can be declared as pointer to const,/home/yichen/Desktop/Gemini_SDF04/F039.c|106|style|constVariablePointer|Variable 'row_str' can be declared as pointer to const,/home/yichen/Desktop/Gemini_SDF_Results04/logs/F039_cppcheck.log
nofile,cppcheck,True,success,True,0,10,0,information,checkersReport,Active checkers: 113/592 (use --checkers-report=<filename> to see details),nofile|0|information|checkersReport|Active checkers: 113/592 (use --checkers-report=<filename> to see details),/home/yichen/Desktop/Gemini_SDF_Results04/logs/F039_cppcheck.log
/home/yichen/Desktop/Gemini_SDF04/F040.c,cppcheck,True,success,True,0,9,3,information,missingIncludeSystem,Include file: <stdio.h> not found. Please note: Cppcheck does not need standard library headers to get proper results.,/home/yichen/Desktop/Gemini_SDF04/F040.c|3|information|missingIncludeSystem|Include file: <stdio.h> not found. Please note: Cppcheck does not need standard library headers to get proper results.,/home/yichen/Desktop/Gemini_SDF_Results04/logs/F040_cppcheck.log
/home/yichen/Desktop/Gemini_SDF04/F040.c,cppcheck,True,success,True,0,9,4,information,missingIncludeSystem,Include file: <stdlib.h> not found. Please note: Cppcheck does not need standard library headers to get proper results.,/home/yichen/Desktop/Gemini_SDF04/F040.c|4|information|missingIncludeSystem|Include file: <stdlib.h> not found. Please note: Cppcheck does not need standard library headers to get proper results.,/home/yichen/Desktop/Gemini_SDF_Results04/logs/F040_cppcheck.log
/home/yichen/Desktop/Gemini_SDF04/F040.c,cppcheck,True,success,True,0,9,5,information,missingIncludeSystem,Include file: <string.h> not found. Please note: Cppcheck does not need standard library headers to get proper results.,/home/yichen/Desktop/Gemini_SDF04/F040.c|5|information|missingIncludeSystem|Include file: <string.h> not found. Please note: Cppcheck does not need standard library headers to get proper results.,/home/yichen/Desktop/Gemini_SDF_Results04/logs/F040_cppcheck.log
/home/yichen/Desktop/Gemini_SDF04/F040.c,cppcheck,True,success,True,0,9,31,style,constVariablePointer,Variable 'id' can be declared as pointer to const,/home/yichen/Desktop/Gemini_SDF04/F040.c|31|style|constVariablePointer|Variable 'id' can be declared as pointer to const,/home/yichen/Desktop/Gemini_SDF_Results04/logs/F040_cppcheck.log
/home/yichen/Desktop/Gemini_SDF04/F040.c,cppcheck,True,success,True,0,9,36,style,constVariablePointer,Variable 'hl_str' can be declared as pointer to const,/home/yichen/Desktop/Gemini_SDF04/F040.c|36|style|constVariablePointer|Variable 'hl_str' can be declared as pointer to const,/home/yichen/Desktop/Gemini_SDF_Results04/logs/F040_cppcheck.log
/home/yichen/Desktop/Gemini_SDF04/F040.c,cppcheck,True,success,True,0,9,40,style,constVariablePointer,Variable 'pl_str' can be declared as pointer to const,/home/yichen/Desktop/Gemini_SDF04/F040.c|40|style|constVariablePointer|Variable 'pl_str' can be declared as pointer to const,/home/yichen/Desktop/Gemini_SDF_Results04/logs/F040_cppcheck.log
/home/yichen/Desktop/Gemini_SDF04/F040.c,cppcheck,True,success,True,0,9,44,style,constVariablePointer,Variable 'hdr' can be declared as pointer to const,/home/yichen/Desktop/Gemini_SDF04/F040.c|44|style|constVariablePointer|Variable 'hdr' can be declared as pointer to const,/home/yichen/Desktop/Gemini_SDF_Results04/logs/F040_cppcheck.log
/home/yichen/Desktop/Gemini_SDF04/F040.c,cppcheck,True,success,True,0,9,48,style,constVariablePointer,Variable 'pay' can be declared as pointer to const,/home/yichen/Desktop/Gemini_SDF04/F040.c|48|style|constVariablePointer|Variable 'pay' can be declared as pointer to const,/home/yichen/Desktop/Gemini_SDF_Results04/logs/F040_cppcheck.log
nofile,cppcheck,True,success,True,0,9,0,information,checkersReport,Active checkers: 113/592 (use --checkers-report=<filename> to see details),nofile|0|information|checkersReport|Active checkers: 113/592 (use --checkers-report=<filename> to see details),/home/yichen/Desktop/Gemini_SDF_Results04/logs/F040_cppcheck.log
